date,model_version,expert,expected_timing_alpha_60d_pct,regime_baseline_60d_pct,expected_net_return_60d_pct,raw_probability,probability_positive,forecast_percentile,alpha_demand_margin_pct,risk_cap_margin_pct,alpha_raw_target_margin_pct,alpha_reasons,risk_reasons,model_train_end,calibration_method,calibration_samples,calibration_brier,calibration_ece
2012-01-03,v2_relative_alpha_calibrated_experts_sensitivity,,,,,,,,0.0,0.0,0.0,['Forecast_Unavailable'],['Hard_Risk_Cap_Zero'],,,,,
2012-01-04,v2_relative_alpha_calibrated_experts_sensitivity,,,,,,,,0.0,0.0,0.0,['Forecast_Unavailable'],['Hard_Risk_Cap_Zero'],,,,,
2012-01-05,v2_relative_alpha_calibrated_experts_sensitivity,,,,,,,,0.0,0.0,0.0,['Forecast_Unavailable'],['Hard_Risk_Cap_Zero'],,,,,
2012-01-06,v2_relative_alpha_calibrated_experts_sensitivity,,,,,,,,0.0,0.0,0.0,['Forecast_Unavailable'],['Hard_Risk_Cap_Zero'],,,,,
2012-01-09,v2_relative_alpha_calibrated_experts_sensitivity,,,,,,,,0.0,0.0,0.0,['Forecast_Unavailable'],['Hard_Risk_Cap_Zero'],,,,,
2012-01-10,v2_relative_alpha_calibrated_experts_sensitivity,,,,,,,,0.0,0.0,0.0,['Forecast_Unavailable'],['Hard_Risk_Cap_Zero'],,,,,
2012-01-11,v2_relative_alpha_calibrated_experts_sensitivity,,,,,,,,0.0,0.0,0.0,['Forecast_Unavailable'],['Hard_Risk_Cap_Zero'],,,,,
2012-01-12,v2_relative_alpha_calibrated_experts_sensitivity,,,,,,,,0.0,0.0,0.0,['Forecast_Unavailable'],['Hard_Risk_Cap_Zero'],,,,,
2012-01-13,v2_relative_alpha_calibrated_experts_sensitivity,,,,,,,,0.0,0.0,0.0,['Forecast_Unavailable'],['Hard_Risk_Cap_Zero'],,,,,
2012-01-17,v2_relative_alpha_calibrated_experts_sensitivity,,,,,,,,0.0,0.0,0.0,['Forecast_Unavailable'],['Hard_Risk_Cap_Zero'],,,,,
2012-01-18,v2_relative_alpha_calibrated_experts_sensitivity,,,,,,,,0.0,0.0,0.0,['Forecast_Unavailable'],['Hard_Risk_Cap_Zero'],,,,,
2012-01-19,v2_relative_alpha_calibrated_experts_sensitivity,,,,,,,,0.0,0.0,0.0,['Forecast_Unavailable'],['Hard_Risk_Cap_Zero'],,,,,
2012-01-20,v2_relative_alpha_calibrated_experts_sensitivity,,,,,,,,0.0,0.0,0.0,['Forecast_Unavailable'],['Hard_Risk_Cap_Zero'],,,,,
2012-01-23,v2_relative_alpha_calibrated_experts_sensitivity,,,,,,,,0.0,0.0,0.0,['Forecast_Unavailable'],['Hard_Risk_Cap_Zero'],,,,,
2012-01-24,v2_relative_alpha_calibrated_experts_sensitivity,,,,,,,,0.0,0.0,0.0,['Forecast_Unavailable'],['Hard_Risk_Cap_Zero'],,,,,
2012-01-25,v2_relative_alpha_calibrated_experts_sensitivity,,,,,,,,0.0,0.0,0.0,['Forecast_Unavailable'],['Hard_Risk_Cap_Zero'],,,,,
2012-01-26,v2_relative_alpha_calibrated_experts_sensitivity,,,,,,,,0.0,0.0,0.0,['Forecast_Unavailable'],['Hard_Risk_Cap_Zero'],,,,,
2012-01-27,v2_relative_alpha_calibrated_experts_sensitivity,,,,,,,,0.0,0.0,0.0,['Forecast_Unavailable'],['Hard_Risk_Cap_Zero'],,,,,
2012-01-30,v2_relative_alpha_calibrated_experts_sensitivity,,,,,,,,0.0,0.0,0.0,['Forecast_Unavailable'],['Hard_Risk_Cap_Zero'],,,,,
2012-01-31,v2_relative_alpha_calibrated_experts_sensitivity,,,,,,,,0.0,0.0,0.0,['Forecast_Unavailable'],['Hard_Risk_Cap_Zero'],,,,,
2012-02-01,v2_relative_alpha_calibrated_experts_sensitivity,,,,,,,,0.0,0.0,0.0,['Forecast_Unavailable'],['Hard_Risk_Cap_Zero'],,,,,
2012-02-02,v2_relative_alpha_calibrated_experts_sensitivity,,,,,,,,0.0,0.0,0.0,['Forecast_Unavailable'],['Hard_Risk_Cap_Zero'],,,,,
2012-02-03,v2_relative_alpha_calibrated_experts_sensitivity,,,,,,,,0.0,0.0,0.0,['Forecast_Unavailable'],['Hard_Risk_Cap_Zero'],,,,,
2012-02-06,v2_relative_alpha_calibrated_experts_sensitivity,,,,,,,,0.0,0.0,0.0,['Forecast_Unavailable'],['Hard_Risk_Cap_Zero'],,,,,
2012-02-07,v2_relative_alpha_calibrated_experts_sensitivity,,,,,,,,0.0,0.0,0.0,['Forecast_Unavailable'],['Hard_Risk_Cap_Zero'],,,,,
2012-02-08,v2_relative_alpha_calibrated_experts_sensitivity,,,,,,,,0.0,0.0,0.0,['Forecast_Unavailable'],['Hard_Risk_Cap_Zero'],,,,,
2012-02-09,v2_relative_alpha_calibrated_experts_sensitivity,,,,,,,,0.0,0.0,0.0,['Forecast_Unavailable'],['Hard_Risk_Cap_Zero'],,,,,
2012-02-10,v2_relative_alpha_calibrated_experts_sensitivity,,,,,,,,0.0,0.0,0.0,['Forecast_Unavailable'],['Hard_Risk_Cap_Zero'],,,,,
2012-02-13,v2_relative_alpha_calibrated_experts_sensitivity,,,,,,,,0.0,0.0,0.0,['Forecast_Unavailable'],['Hard_Risk_Cap_Zero'],,,,,
2012-02-14,v2_relative_alpha_calibrated_experts_sensitivity,,,,,,,,0.0,0.0,0.0,['Forecast_Unavailable'],['Hard_Risk_Cap_Zero'],,,,,
2012-02-15,v2_relative_alpha_calibrated_experts_sensitivity,,,,,,,,0.0,0.0,0.0,['Forecast_Unavailable'],['Hard_Risk_Cap_Zero'],,,,,
2012-02-16,v2_relative_alpha_calibrated_experts_sensitivity,,,,,,,,0.0,0.0,0.0,['Forecast_Unavailable'],['Hard_Risk_Cap_Zero'],,,,,
2012-02-17,v2_relative_alpha_calibrated_experts_sensitivity,,,,,,,,0.0,0.0,0.0,['Forecast_Unavailable'],['Hard_Risk_Cap_Zero'],,,,,
2012-02-21,v2_relative_alpha_calibrated_experts_sensitivity,,,,,,,,0.0,0.0,0.0,['Forecast_Unavailable'],['Hard_Risk_Cap_Zero'],,,,,
2012-02-22,v2_relative_alpha_calibrated_experts_sensitivity,,,,,,,,0.0,0.0,0.0,['Forecast_Unavailable'],['Hard_Risk_Cap_Zero'],,,,,
2012-02-23,v2_relative_alpha_calibrated_experts_sensitivity,,,,,,,,0.0,0.0,0.0,['Forecast_Unavailable'],['Hard_Risk_Cap_Zero'],,,,,
2012-02-24,v2_relative_alpha_calibrated_experts_sensitivity,,,,,,,,0.0,0.0,0.0,['Forecast_Unavailable'],['Hard_Risk_Cap_Zero'],,,,,
2012-02-27,v2_relative_alpha_calibrated_experts_sensitivity,,,,,,,,0.0,0.0,0.0,['Forecast_Unavailable'],['Hard_Risk_Cap_Zero'],,,,,
2012-02-28,v2_relative_alpha_calibrated_experts_sensitivity,,,,,,,,0.0,0.0,0.0,['Forecast_Unavailable'],['Hard_Risk_Cap_Zero'],,,,,
2012-02-29,v2_relative_alpha_calibrated_experts_sensitivity,,,,,,,,0.0,0.0,0.0,['Forecast_Unavailable'],['Hard_Risk_Cap_Zero'],,,,,
2012-03-01,v2_relative_alpha_calibrated_experts_sensitivity,,,,,,,,0.0,0.0,0.0,['Forecast_Unavailable'],['Hard_Risk_Cap_Zero'],,,,,
2012-03-02,v2_relative_alpha_calibrated_experts_sensitivity,,,,,,,,0.0,0.0,0.0,['Forecast_Unavailable'],['Hard_Risk_Cap_Zero'],,,,,
2012-03-05,v2_relative_alpha_calibrated_experts_sensitivity,,,,,,,,0.0,0.0,0.0,['Forecast_Unavailable'],['Hard_Risk_Cap_Zero'],,,,,
2012-03-06,v2_relative_alpha_calibrated_experts_sensitivity,,,,,,,,0.0,0.0,0.0,['Forecast_Unavailable'],['Hard_Risk_Cap_Zero'],,,,,
2012-03-07,v2_relative_alpha_calibrated_experts_sensitivity,,,,,,,,0.0,0.0,0.0,['Forecast_Unavailable'],['Hard_Risk_Cap_Zero'],,,,,
2012-03-08,v2_relative_alpha_calibrated_experts_sensitivity,,,,,,,,0.0,0.0,0.0,['Forecast_Unavailable'],['Hard_Risk_Cap_Zero'],,,,,
2012-03-09,v2_relative_alpha_calibrated_experts_sensitivity,,,,,,,,0.0,0.0,0.0,['Forecast_Unavailable'],['Hard_Risk_Cap_Zero'],,,,,
2012-03-12,v2_relative_alpha_calibrated_experts_sensitivity,,,,,,,,0.0,0.0,0.0,['Forecast_Unavailable'],['Hard_Risk_Cap_Zero'],,,,,
2012-03-13,v2_relative_alpha_calibrated_experts_sensitivity,,,,,,,,0.0,0.0,0.0,['Forecast_Unavailable'],['Hard_Risk_Cap_Zero'],,,,,
2012-03-14,v2_relative_alpha_calibrated_experts_sensitivity,,,,,,,,0.0,0.0,0.0,['Forecast_Unavailable'],['Hard_Risk_Cap_Zero'],,,,,
2012-03-15,v2_relative_alpha_calibrated_experts_sensitivity,,,,,,,,0.0,0.0,0.0,['Forecast_Unavailable'],['Hard_Risk_Cap_Zero'],,,,,
2012-03-16,v2_relative_alpha_calibrated_experts_sensitivity,,,,,,,,0.0,0.0,0.0,['Forecast_Unavailable'],['Hard_Risk_Cap_Zero'],,,,,
2012-03-19,v2_relative_alpha_calibrated_experts_sensitivity,,,,,,,,0.0,0.0,0.0,['Forecast_Unavailable'],['Hard_Risk_Cap_Zero'],,,,,
2012-03-20,v2_relative_alpha_calibrated_experts_sensitivity,,,,,,,,0.0,0.0,0.0,['Forecast_Unavailable'],['Hard_Risk_Cap_Zero'],,,,,
2012-03-21,v2_relative_alpha_calibrated_experts_sensitivity,,,,,,,,0.0,0.0,0.0,['Forecast_Unavailable'],['Hard_Risk_Cap_Zero'],,,,,
2012-03-22,v2_relative_alpha_calibrated_experts_sensitivity,,,,,,,,0.0,0.0,0.0,['Forecast_Unavailable'],['Hard_Risk_Cap_Zero'],,,,,
2012-03-23,v2_relative_alpha_calibrated_experts_sensitivity,,,,,,,,0.0,0.0,0.0,['Forecast_Unavailable'],['Hard_Risk_Cap_Zero'],,,,,
2012-03-26,v2_relative_alpha_calibrated_experts_sensitivity,,,,,,,,0.0,0.0,0.0,['Forecast_Unavailable'],['Hard_Risk_Cap_Zero'],,,,,
2012-03-27,v2_relative_alpha_calibrated_experts_sensitivity,,,,,,,,0.0,0.0,0.0,['Forecast_Unavailable'],['Hard_Risk_Cap_Zero'],,,,,
2012-03-28,v2_relative_alpha_calibrated_experts_sensitivity,,,,,,,,0.0,0.0,0.0,['Forecast_Unavailable'],['Hard_Risk_Cap_Zero'],,,,,
2012-03-29,v2_relative_alpha_calibrated_experts_sensitivity,,,,,,,,0.0,0.0,0.0,['Forecast_Unavailable'],['Hard_Risk_Cap_Zero'],,,,,
2012-03-30,v2_relative_alpha_calibrated_experts_sensitivity,,,,,,,,0.0,0.0,0.0,['Forecast_Unavailable'],['Hard_Risk_Cap_Zero'],,,,,
2012-04-02,v2_relative_alpha_calibrated_experts_sensitivity,,,,,,,,0.0,0.0,0.0,['Forecast_Unavailable'],['Hard_Risk_Cap_Zero'],,,,,
2012-04-03,v2_relative_alpha_calibrated_experts_sensitivity,,,,,,,,0.0,0.0,0.0,['Forecast_Unavailable'],['Hard_Risk_Cap_Zero'],,,,,
2012-04-04,v2_relative_alpha_calibrated_experts_sensitivity,,,,,,,,0.0,0.0,0.0,['Forecast_Unavailable'],['Hard_Risk_Cap_Zero'],,,,,
2012-04-05,v2_relative_alpha_calibrated_experts_sensitivity,,,,,,,,0.0,0.0,0.0,['Forecast_Unavailable'],['Hard_Risk_Cap_Zero'],,,,,
2012-04-09,v2_relative_alpha_calibrated_experts_sensitivity,,,,,,,,0.0,0.0,0.0,['Forecast_Unavailable'],['Hard_Risk_Cap_Zero'],,,,,
2012-04-10,v2_relative_alpha_calibrated_experts_sensitivity,,,,,,,,0.0,0.0,0.0,['Forecast_Unavailable'],['Hard_Risk_Cap_Zero'],,,,,
2012-04-11,v2_relative_alpha_calibrated_experts_sensitivity,,,,,,,,0.0,0.0,0.0,['Forecast_Unavailable'],['Hard_Risk_Cap_Zero'],,,,,
2012-04-12,v2_relative_alpha_calibrated_experts_sensitivity,,,,,,,,0.0,0.0,0.0,['Forecast_Unavailable'],['Hard_Risk_Cap_Zero'],,,,,
2012-04-13,v2_relative_alpha_calibrated_experts_sensitivity,,,,,,,,0.0,0.0,0.0,['Forecast_Unavailable'],['Hard_Risk_Cap_Zero'],,,,,
2012-04-16,v2_relative_alpha_calibrated_experts_sensitivity,,,,,,,,0.0,0.0,0.0,['Forecast_Unavailable'],['Hard_Risk_Cap_Zero'],,,,,
2012-04-17,v2_relative_alpha_calibrated_experts_sensitivity,,,,,,,,0.0,0.0,0.0,['Forecast_Unavailable'],['Hard_Risk_Cap_Zero'],,,,,
2012-04-18,v2_relative_alpha_calibrated_experts_sensitivity,,,,,,,,0.0,0.0,0.0,['Forecast_Unavailable'],['Hard_Risk_Cap_Zero'],,,,,
2012-04-19,v2_relative_alpha_calibrated_experts_sensitivity,,,,,,,,0.0,0.0,0.0,['Forecast_Unavailable'],['Hard_Risk_Cap_Zero'],,,,,
2012-04-20,v2_relative_alpha_calibrated_experts_sensitivity,,,,,,,,0.0,0.0,0.0,['Forecast_Unavailable'],['Hard_Risk_Cap_Zero'],,,,,
2012-04-23,v2_relative_alpha_calibrated_experts_sensitivity,,,,,,,,0.0,0.0,0.0,['Forecast_Unavailable'],['Hard_Risk_Cap_Zero'],,,,,
2012-04-24,v2_relative_alpha_calibrated_experts_sensitivity,,,,,,,,0.0,0.0,0.0,['Forecast_Unavailable'],['Hard_Risk_Cap_Zero'],,,,,
2012-04-25,v2_relative_alpha_calibrated_experts_sensitivity,,,,,,,,0.0,0.0,0.0,['Forecast_Unavailable'],['Hard_Risk_Cap_Zero'],,,,,
2012-04-26,v2_relative_alpha_calibrated_experts_sensitivity,,,,,,,,0.0,0.0,0.0,['Forecast_Unavailable'],['Hard_Risk_Cap_Zero'],,,,,
2012-04-27,v2_relative_alpha_calibrated_experts_sensitivity,,,,,,,,0.0,0.0,0.0,['Forecast_Unavailable'],['Hard_Risk_Cap_Zero'],,,,,
2012-04-30,v2_relative_alpha_calibrated_experts_sensitivity,,,,,,,,0.0,0.0,0.0,['Forecast_Unavailable'],['Hard_Risk_Cap_Zero'],,,,,
2012-05-01,v2_relative_alpha_calibrated_experts_sensitivity,,,,,,,,0.0,0.0,0.0,['Forecast_Unavailable'],['Hard_Risk_Cap_Zero'],,,,,
2012-05-02,v2_relative_alpha_calibrated_experts_sensitivity,,,,,,,,0.0,0.0,0.0,['Forecast_Unavailable'],['Hard_Risk_Cap_Zero'],,,,,
2012-05-03,v2_relative_alpha_calibrated_experts_sensitivity,,,,,,,,0.0,0.0,0.0,['Forecast_Unavailable'],['Hard_Risk_Cap_Zero'],,,,,
2012-05-04,v2_relative_alpha_calibrated_experts_sensitivity,,,,,,,,0.0,0.0,0.0,['Forecast_Unavailable'],['Hard_Risk_Cap_Zero'],,,,,
2012-05-07,v2_relative_alpha_calibrated_experts_sensitivity,,,,,,,,0.0,0.0,0.0,['Forecast_Unavailable'],['Hard_Risk_Cap_Zero'],,,,,
2012-05-08,v2_relative_alpha_calibrated_experts_sensitivity,,,,,,,,0.0,0.0,0.0,['Forecast_Unavailable'],['Hard_Risk_Cap_Zero'],,,,,
2012-05-09,v2_relative_alpha_calibrated_experts_sensitivity,,,,,,,,0.0,0.0,0.0,['Forecast_Unavailable'],['Hard_Risk_Cap_Zero'],,,,,
2012-05-10,v2_relative_alpha_calibrated_experts_sensitivity,,,,,,,,0.0,0.0,0.0,['Forecast_Unavailable'],['Hard_Risk_Cap_Zero'],,,,,
2012-05-11,v2_relative_alpha_calibrated_experts_sensitivity,,,,,,,,0.0,0.0,0.0,['Forecast_Unavailable'],['Hard_Risk_Cap_Zero'],,,,,
2012-05-14,v2_relative_alpha_calibrated_experts_sensitivity,,,,,,,,0.0,0.0,0.0,['Forecast_Unavailable'],['Hard_Risk_Cap_Zero'],,,,,
2012-05-15,v2_relative_alpha_calibrated_experts_sensitivity,,,,,,,,0.0,0.0,0.0,['Forecast_Unavailable'],['Hard_Risk_Cap_Zero'],,,,,
2012-05-16,v2_relative_alpha_calibrated_experts_sensitivity,,,,,,,,0.0,0.0,0.0,['Forecast_Unavailable'],['Hard_Risk_Cap_Zero'],,,,,
2012-05-17,v2_relative_alpha_calibrated_experts_sensitivity,,,,,,,,0.0,0.0,0.0,['Forecast_Unavailable'],['Hard_Risk_Cap_Zero'],,,,,
2012-05-18,v2_relative_alpha_calibrated_experts_sensitivity,,,,,,,,0.0,0.0,0.0,['Forecast_Unavailable'],['Hard_Risk_Cap_Zero'],,,,,
2012-05-21,v2_relative_alpha_calibrated_experts_sensitivity,,,,,,,,0.0,0.0,0.0,['Forecast_Unavailable'],['Hard_Risk_Cap_Zero'],,,,,
2012-05-22,v2_relative_alpha_calibrated_experts_sensitivity,,,,,,,,0.0,0.0,0.0,['Forecast_Unavailable'],['Hard_Risk_Cap_Zero'],,,,,
2012-05-23,v2_relative_alpha_calibrated_experts_sensitivity,,,,,,,,0.0,0.0,0.0,['Forecast_Unavailable'],['Hard_Risk_Cap_Zero'],,,,,
2012-05-24,v2_relative_alpha_calibrated_experts_sensitivity,,,,,,,,0.0,0.0,0.0,['Forecast_Unavailable'],['Hard_Risk_Cap_Zero'],,,,,
2012-05-25,v2_relative_alpha_calibrated_experts_sensitivity,,,,,,,,0.0,0.0,0.0,['Forecast_Unavailable'],['Hard_Risk_Cap_Zero'],,,,,
2012-05-29,v2_relative_alpha_calibrated_experts_sensitivity,,,,,,,,0.0,0.0,0.0,['Forecast_Unavailable'],['Hard_Risk_Cap_Zero'],,,,,
2012-05-30,v2_relative_alpha_calibrated_experts_sensitivity,,,,,,,,0.0,0.0,0.0,['Forecast_Unavailable'],['Hard_Risk_Cap_Zero'],,,,,
2012-05-31,v2_relative_alpha_calibrated_experts_sensitivity,,,,,,,,0.0,0.0,0.0,['Forecast_Unavailable'],['Hard_Risk_Cap_Zero'],,,,,
2012-06-01,v2_relative_alpha_calibrated_experts_sensitivity,,,,,,,,0.0,0.0,0.0,['Forecast_Unavailable'],['Hard_Risk_Cap_Zero'],,,,,
2012-06-04,v2_relative_alpha_calibrated_experts_sensitivity,,,,,,,,0.0,0.0,0.0,['Forecast_Unavailable'],['Hard_Risk_Cap_Zero'],,,,,
2012-06-05,v2_relative_alpha_calibrated_experts_sensitivity,,,,,,,,0.0,0.0,0.0,['Forecast_Unavailable'],['Hard_Risk_Cap_Zero'],,,,,
2012-06-06,v2_relative_alpha_calibrated_experts_sensitivity,,,,,,,,0.0,0.0,0.0,['Forecast_Unavailable'],['Hard_Risk_Cap_Zero'],,,,,
2012-06-07,v2_relative_alpha_calibrated_experts_sensitivity,,,,,,,,0.0,0.0,0.0,['Forecast_Unavailable'],['Hard_Risk_Cap_Zero'],,,,,
2012-06-08,v2_relative_alpha_calibrated_experts_sensitivity,,,,,,,,0.0,0.0,0.0,['Forecast_Unavailable'],['Hard_Risk_Cap_Zero'],,,,,
2012-06-11,v2_relative_alpha_calibrated_experts_sensitivity,,,,,,,,0.0,0.0,0.0,['Forecast_Unavailable'],['Hard_Risk_Cap_Zero'],,,,,
2012-06-12,v2_relative_alpha_calibrated_experts_sensitivity,,,,,,,,0.0,0.0,0.0,['Forecast_Unavailable'],['Hard_Risk_Cap_Zero'],,,,,
2012-06-13,v2_relative_alpha_calibrated_experts_sensitivity,,,,,,,,0.0,0.0,0.0,['Forecast_Unavailable'],['Hard_Risk_Cap_Zero'],,,,,
2012-06-14,v2_relative_alpha_calibrated_experts_sensitivity,,,,,,,,0.0,0.0,0.0,['Forecast_Unavailable'],['Hard_Risk_Cap_Zero'],,,,,
2012-06-15,v2_relative_alpha_calibrated_experts_sensitivity,,,,,,,,0.0,0.0,0.0,['Forecast_Unavailable'],['Hard_Risk_Cap_Zero'],,,,,
2012-06-18,v2_relative_alpha_calibrated_experts_sensitivity,,,,,,,,0.0,0.0,0.0,['Forecast_Unavailable'],['Hard_Risk_Cap_Zero'],,,,,
2012-06-19,v2_relative_alpha_calibrated_experts_sensitivity,,,,,,,,0.0,0.0,0.0,['Forecast_Unavailable'],['Hard_Risk_Cap_Zero'],,,,,
2012-06-20,v2_relative_alpha_calibrated_experts_sensitivity,,,,,,,,0.0,0.0,0.0,['Forecast_Unavailable'],['Hard_Risk_Cap_Zero'],,,,,
2012-06-21,v2_relative_alpha_calibrated_experts_sensitivity,,,,,,,,0.0,0.0,0.0,['Forecast_Unavailable'],['Hard_Risk_Cap_Zero'],,,,,
2012-06-22,v2_relative_alpha_calibrated_experts_sensitivity,,,,,,,,0.0,0.0,0.0,['Forecast_Unavailable'],['Hard_Risk_Cap_Zero'],,,,,
2012-06-25,v2_relative_alpha_calibrated_experts_sensitivity,,,,,,,,0.0,0.0,0.0,['Forecast_Unavailable'],['Hard_Risk_Cap_Zero'],,,,,
2012-06-26,v2_relative_alpha_calibrated_experts_sensitivity,,,,,,,,0.0,0.0,0.0,['Forecast_Unavailable'],['Hard_Risk_Cap_Zero'],,,,,
2012-06-27,v2_relative_alpha_calibrated_experts_sensitivity,,,,,,,,0.0,0.0,0.0,['Forecast_Unavailable'],['Hard_Risk_Cap_Zero'],,,,,
2012-06-28,v2_relative_alpha_calibrated_experts_sensitivity,,,,,,,,0.0,0.0,0.0,['Forecast_Unavailable'],['Hard_Risk_Cap_Zero'],,,,,
2012-06-29,v2_relative_alpha_calibrated_experts_sensitivity,,,,,,,,0.0,0.0,0.0,['Forecast_Unavailable'],['Hard_Risk_Cap_Zero'],,,,,
2012-07-02,v2_relative_alpha_calibrated_experts_sensitivity,,,,,,,,0.0,0.0,0.0,['Forecast_Unavailable'],['Hard_Risk_Cap_Zero'],,,,,
2012-07-03,v2_relative_alpha_calibrated_experts_sensitivity,,,,,,,,0.0,0.0,0.0,['Forecast_Unavailable'],['Hard_Risk_Cap_Zero'],,,,,
2012-07-05,v2_relative_alpha_calibrated_experts_sensitivity,,,,,,,,0.0,0.0,0.0,['Forecast_Unavailable'],['Hard_Risk_Cap_Zero'],,,,,
2012-07-06,v2_relative_alpha_calibrated_experts_sensitivity,,,,,,,,0.0,0.0,0.0,['Forecast_Unavailable'],['Hard_Risk_Cap_Zero'],,,,,
2012-07-09,v2_relative_alpha_calibrated_experts_sensitivity,,,,,,,,0.0,0.0,0.0,['Forecast_Unavailable'],['Hard_Risk_Cap_Zero'],,,,,
2012-07-10,v2_relative_alpha_calibrated_experts_sensitivity,,,,,,,,0.0,0.0,0.0,['Forecast_Unavailable'],['Hard_Risk_Cap_Zero'],,,,,
2012-07-11,v2_relative_alpha_calibrated_experts_sensitivity,,,,,,,,0.0,0.0,0.0,['Forecast_Unavailable'],['Hard_Risk_Cap_Zero'],,,,,
2012-07-12,v2_relative_alpha_calibrated_experts_sensitivity,,,,,,,,0.0,0.0,0.0,['Forecast_Unavailable'],['Hard_Risk_Cap_Zero'],,,,,
2012-07-13,v2_relative_alpha_calibrated_experts_sensitivity,,,,,,,,0.0,0.0,0.0,['Forecast_Unavailable'],['Hard_Risk_Cap_Zero'],,,,,
2012-07-16,v2_relative_alpha_calibrated_experts_sensitivity,,,,,,,,0.0,0.0,0.0,['Forecast_Unavailable'],['Hard_Risk_Cap_Zero'],,,,,
2012-07-17,v2_relative_alpha_calibrated_experts_sensitivity,,,,,,,,0.0,0.0,0.0,['Forecast_Unavailable'],['Hard_Risk_Cap_Zero'],,,,,
2012-07-18,v2_relative_alpha_calibrated_experts_sensitivity,,,,,,,,0.0,0.0,0.0,['Forecast_Unavailable'],['Hard_Risk_Cap_Zero'],,,,,
2012-07-19,v2_relative_alpha_calibrated_experts_sensitivity,,,,,,,,0.0,0.0,0.0,['Forecast_Unavailable'],['Hard_Risk_Cap_Zero'],,,,,
2012-07-20,v2_relative_alpha_calibrated_experts_sensitivity,,,,,,,,0.0,0.0,0.0,['Forecast_Unavailable'],['Hard_Risk_Cap_Zero'],,,,,
2012-07-23,v2_relative_alpha_calibrated_experts_sensitivity,,,,,,,,0.0,0.0,0.0,['Forecast_Unavailable'],['Hard_Risk_Cap_Zero'],,,,,
2012-07-24,v2_relative_alpha_calibrated_experts_sensitivity,,,,,,,,0.0,0.0,0.0,['Forecast_Unavailable'],['Hard_Risk_Cap_Zero'],,,,,
2012-07-25,v2_relative_alpha_calibrated_experts_sensitivity,,,,,,,,0.0,0.0,0.0,['Forecast_Unavailable'],['Hard_Risk_Cap_Zero'],,,,,
2012-07-26,v2_relative_alpha_calibrated_experts_sensitivity,,,,,,,,0.0,0.0,0.0,['Forecast_Unavailable'],['Hard_Risk_Cap_Zero'],,,,,
2012-07-27,v2_relative_alpha_calibrated_experts_sensitivity,,,,,,,,0.0,0.0,0.0,['Forecast_Unavailable'],['Hard_Risk_Cap_Zero'],,,,,
2012-07-30,v2_relative_alpha_calibrated_experts_sensitivity,,,,,,,,0.0,0.0,0.0,['Forecast_Unavailable'],['Hard_Risk_Cap_Zero'],,,,,
2012-07-31,v2_relative_alpha_calibrated_experts_sensitivity,,,,,,,,0.0,0.0,0.0,['Forecast_Unavailable'],['Hard_Risk_Cap_Zero'],,,,,
2012-08-01,v2_relative_alpha_calibrated_experts_sensitivity,,,,,,,,0.0,0.0,0.0,['Forecast_Unavailable'],['Hard_Risk_Cap_Zero'],,,,,
2012-08-02,v2_relative_alpha_calibrated_experts_sensitivity,,,,,,,,0.0,0.0,0.0,['Forecast_Unavailable'],['Hard_Risk_Cap_Zero'],,,,,
2012-08-03,v2_relative_alpha_calibrated_experts_sensitivity,,,,,,,,0.0,0.0,0.0,['Forecast_Unavailable'],['Hard_Risk_Cap_Zero'],,,,,
2012-08-06,v2_relative_alpha_calibrated_experts_sensitivity,,,,,,,,0.0,0.0,0.0,['Forecast_Unavailable'],['Hard_Risk_Cap_Zero'],,,,,
2012-08-07,v2_relative_alpha_calibrated_experts_sensitivity,,,,,,,,0.0,0.0,0.0,['Forecast_Unavailable'],['Hard_Risk_Cap_Zero'],,,,,
2012-08-08,v2_relative_alpha_calibrated_experts_sensitivity,,,,,,,,0.0,0.0,0.0,['Forecast_Unavailable'],['Hard_Risk_Cap_Zero'],,,,,
2012-08-09,v2_relative_alpha_calibrated_experts_sensitivity,,,,,,,,0.0,0.0,0.0,['Forecast_Unavailable'],['Hard_Risk_Cap_Zero'],,,,,
2012-08-10,v2_relative_alpha_calibrated_experts_sensitivity,,,,,,,,0.0,0.0,0.0,['Forecast_Unavailable'],['Hard_Risk_Cap_Zero'],,,,,
2012-08-13,v2_relative_alpha_calibrated_experts_sensitivity,,,,,,,,0.0,0.0,0.0,['Forecast_Unavailable'],['Hard_Risk_Cap_Zero'],,,,,
2012-08-14,v2_relative_alpha_calibrated_experts_sensitivity,,,,,,,,0.0,0.0,0.0,['Forecast_Unavailable'],['Hard_Risk_Cap_Zero'],,,,,
2012-08-15,v2_relative_alpha_calibrated_experts_sensitivity,,,,,,,,0.0,0.0,0.0,['Forecast_Unavailable'],['Hard_Risk_Cap_Zero'],,,,,
2012-08-16,v2_relative_alpha_calibrated_experts_sensitivity,,,,,,,,0.0,0.0,0.0,['Forecast_Unavailable'],['Hard_Risk_Cap_Zero'],,,,,
2012-08-17,v2_relative_alpha_calibrated_experts_sensitivity,,,,,,,,0.0,0.0,0.0,['Forecast_Unavailable'],['Hard_Risk_Cap_Zero'],,,,,
2012-08-20,v2_relative_alpha_calibrated_experts_sensitivity,,,,,,,,0.0,0.0,0.0,['Forecast_Unavailable'],['Hard_Risk_Cap_Zero'],,,,,
2012-08-21,v2_relative_alpha_calibrated_experts_sensitivity,,,,,,,,0.0,0.0,0.0,['Forecast_Unavailable'],['Hard_Risk_Cap_Zero'],,,,,
2012-08-22,v2_relative_alpha_calibrated_experts_sensitivity,,,,,,,,0.0,0.0,0.0,['Forecast_Unavailable'],['Hard_Risk_Cap_Zero'],,,,,
2012-08-23,v2_relative_alpha_calibrated_experts_sensitivity,,,,,,,,0.0,0.0,0.0,['Forecast_Unavailable'],['Hard_Risk_Cap_Zero'],,,,,
2012-08-24,v2_relative_alpha_calibrated_experts_sensitivity,,,,,,,,0.0,0.0,0.0,['Forecast_Unavailable'],['Hard_Risk_Cap_Zero'],,,,,
2012-08-27,v2_relative_alpha_calibrated_experts_sensitivity,,,,,,,,0.0,0.0,0.0,['Forecast_Unavailable'],['Hard_Risk_Cap_Zero'],,,,,
2012-08-28,v2_relative_alpha_calibrated_experts_sensitivity,,,,,,,,0.0,0.0,0.0,['Forecast_Unavailable'],['Hard_Risk_Cap_Zero'],,,,,
2012-08-29,v2_relative_alpha_calibrated_experts_sensitivity,,,,,,,,0.0,0.0,0.0,['Forecast_Unavailable'],['Hard_Risk_Cap_Zero'],,,,,
2012-08-30,v2_relative_alpha_calibrated_experts_sensitivity,,,,,,,,0.0,0.0,0.0,['Forecast_Unavailable'],['Hard_Risk_Cap_Zero'],,,,,
2012-08-31,v2_relative_alpha_calibrated_experts_sensitivity,,,,,,,,0.0,0.0,0.0,['Forecast_Unavailable'],['Hard_Risk_Cap_Zero'],,,,,
2012-09-04,v2_relative_alpha_calibrated_experts_sensitivity,,,,,,,,0.0,0.0,0.0,['Forecast_Unavailable'],['Hard_Risk_Cap_Zero'],,,,,
2012-09-05,v2_relative_alpha_calibrated_experts_sensitivity,,,,,,,,0.0,0.0,0.0,['Forecast_Unavailable'],['Hard_Risk_Cap_Zero'],,,,,
2012-09-06,v2_relative_alpha_calibrated_experts_sensitivity,,,,,,,,0.0,0.0,0.0,['Forecast_Unavailable'],['Hard_Risk_Cap_Zero'],,,,,
2012-09-07,v2_relative_alpha_calibrated_experts_sensitivity,,,,,,,,0.0,0.0,0.0,['Forecast_Unavailable'],['Hard_Risk_Cap_Zero'],,,,,
2012-09-10,v2_relative_alpha_calibrated_experts_sensitivity,,,,,,,,0.0,0.0,0.0,['Forecast_Unavailable'],['Hard_Risk_Cap_Zero'],,,,,
2012-09-11,v2_relative_alpha_calibrated_experts_sensitivity,,,,,,,,0.0,0.0,0.0,['Forecast_Unavailable'],['Hard_Risk_Cap_Zero'],,,,,
2012-09-12,v2_relative_alpha_calibrated_experts_sensitivity,,,,,,,,0.0,0.0,0.0,['Forecast_Unavailable'],['Hard_Risk_Cap_Zero'],,,,,
2012-09-13,v2_relative_alpha_calibrated_experts_sensitivity,,,,,,,,0.0,0.0,0.0,['Forecast_Unavailable'],['Hard_Risk_Cap_Zero'],,,,,
2012-09-14,v2_relative_alpha_calibrated_experts_sensitivity,,,,,,,,0.0,0.0,0.0,['Forecast_Unavailable'],['Hard_Risk_Cap_Zero'],,,,,
2012-09-17,v2_relative_alpha_calibrated_experts_sensitivity,,,,,,,,0.0,0.0,0.0,['Forecast_Unavailable'],['Hard_Risk_Cap_Zero'],,,,,
2012-09-18,v2_relative_alpha_calibrated_experts_sensitivity,,,,,,,,0.0,0.0,0.0,['Forecast_Unavailable'],['Hard_Risk_Cap_Zero'],,,,,
2012-09-19,v2_relative_alpha_calibrated_experts_sensitivity,,,,,,,,0.0,0.0,0.0,['Forecast_Unavailable'],['Hard_Risk_Cap_Zero'],,,,,
2012-09-20,v2_relative_alpha_calibrated_experts_sensitivity,,,,,,,,0.0,0.0,0.0,['Forecast_Unavailable'],['Hard_Risk_Cap_Zero'],,,,,
2012-09-21,v2_relative_alpha_calibrated_experts_sensitivity,,,,,,,,0.0,0.0,0.0,['Forecast_Unavailable'],['Hard_Risk_Cap_Zero'],,,,,
2012-09-24,v2_relative_alpha_calibrated_experts_sensitivity,,,,,,,,0.0,0.0,0.0,['Forecast_Unavailable'],['Hard_Risk_Cap_Zero'],,,,,
2012-09-25,v2_relative_alpha_calibrated_experts_sensitivity,,,,,,,,0.0,0.0,0.0,['Forecast_Unavailable'],['Hard_Risk_Cap_Zero'],,,,,
2012-09-26,v2_relative_alpha_calibrated_experts_sensitivity,,,,,,,,0.0,0.0,0.0,['Forecast_Unavailable'],['Hard_Risk_Cap_Zero'],,,,,
2012-09-27,v2_relative_alpha_calibrated_experts_sensitivity,,,,,,,,0.0,0.0,0.0,['Forecast_Unavailable'],['Hard_Risk_Cap_Zero'],,,,,
2012-09-28,v2_relative_alpha_calibrated_experts_sensitivity,,,,,,,,0.0,0.0,0.0,['Forecast_Unavailable'],['Hard_Risk_Cap_Zero'],,,,,
2012-10-01,v2_relative_alpha_calibrated_experts_sensitivity,,,,,,,,0.0,0.0,0.0,['Forecast_Unavailable'],['Hard_Risk_Cap_Zero'],,,,,
2012-10-02,v2_relative_alpha_calibrated_experts_sensitivity,,,,,,,,0.0,0.0,0.0,['Forecast_Unavailable'],['Hard_Risk_Cap_Zero'],,,,,
2012-10-03,v2_relative_alpha_calibrated_experts_sensitivity,,,,,,,,0.0,0.0,0.0,['Forecast_Unavailable'],['Hard_Risk_Cap_Zero'],,,,,
2012-10-04,v2_relative_alpha_calibrated_experts_sensitivity,,,,,,,,0.0,0.0,0.0,['Forecast_Unavailable'],['Hard_Risk_Cap_Zero'],,,,,
2012-10-05,v2_relative_alpha_calibrated_experts_sensitivity,,,,,,,,0.0,0.0,0.0,['Forecast_Unavailable'],['Hard_Risk_Cap_Zero'],,,,,
2012-10-08,v2_relative_alpha_calibrated_experts_sensitivity,,,,,,,,0.0,0.0,0.0,['Forecast_Unavailable'],['Hard_Risk_Cap_Zero'],,,,,
2012-10-09,v2_relative_alpha_calibrated_experts_sensitivity,,,,,,,,0.0,0.0,0.0,['Forecast_Unavailable'],['Hard_Risk_Cap_Zero'],,,,,
2012-10-10,v2_relative_alpha_calibrated_experts_sensitivity,,,,,,,,0.0,0.0,0.0,['Forecast_Unavailable'],['Hard_Risk_Cap_Zero'],,,,,
2012-10-11,v2_relative_alpha_calibrated_experts_sensitivity,,,,,,,,0.0,0.0,0.0,['Forecast_Unavailable'],['Hard_Risk_Cap_Zero'],,,,,
2012-10-12,v2_relative_alpha_calibrated_experts_sensitivity,,,,,,,,0.0,0.0,0.0,['Forecast_Unavailable'],['Hard_Risk_Cap_Zero'],,,,,
2012-10-15,v2_relative_alpha_calibrated_experts_sensitivity,,,,,,,,0.0,0.0,0.0,['Forecast_Unavailable'],['Hard_Risk_Cap_Zero'],,,,,
2012-10-16,v2_relative_alpha_calibrated_experts_sensitivity,,,,,,,,0.0,0.0,0.0,['Forecast_Unavailable'],['Hard_Risk_Cap_Zero'],,,,,
2012-10-17,v2_relative_alpha_calibrated_experts_sensitivity,,,,,,,,0.0,0.0,0.0,['Forecast_Unavailable'],['Hard_Risk_Cap_Zero'],,,,,
2012-10-18,v2_relative_alpha_calibrated_experts_sensitivity,,,,,,,,0.0,0.0,0.0,['Forecast_Unavailable'],['Hard_Risk_Cap_Zero'],,,,,
2012-10-19,v2_relative_alpha_calibrated_experts_sensitivity,,,,,,,,0.0,0.0,0.0,['Forecast_Unavailable'],['Hard_Risk_Cap_Zero'],,,,,
2012-10-22,v2_relative_alpha_calibrated_experts_sensitivity,,,,,,,,0.0,0.0,0.0,['Forecast_Unavailable'],['Hard_Risk_Cap_Zero'],,,,,
2012-10-23,v2_relative_alpha_calibrated_experts_sensitivity,,,,,,,,0.0,0.0,0.0,['Forecast_Unavailable'],['Hard_Risk_Cap_Zero'],,,,,
2012-10-24,v2_relative_alpha_calibrated_experts_sensitivity,,,,,,,,0.0,0.0,0.0,['Forecast_Unavailable'],['Hard_Risk_Cap_Zero'],,,,,
2012-10-25,v2_relative_alpha_calibrated_experts_sensitivity,,,,,,,,0.0,0.0,0.0,['Forecast_Unavailable'],['Hard_Risk_Cap_Zero'],,,,,
2012-10-26,v2_relative_alpha_calibrated_experts_sensitivity,,,,,,,,0.0,0.0,0.0,['Forecast_Unavailable'],['Hard_Risk_Cap_Zero'],,,,,
2012-10-31,v2_relative_alpha_calibrated_experts_sensitivity,,,,,,,,0.0,0.0,0.0,['Forecast_Unavailable'],['Hard_Risk_Cap_Zero'],,,,,
2012-11-01,v2_relative_alpha_calibrated_experts_sensitivity,,,,,,,,0.0,0.0,0.0,['Forecast_Unavailable'],['Hard_Risk_Cap_Zero'],,,,,
2012-11-02,v2_relative_alpha_calibrated_experts_sensitivity,,,,,,,,0.0,0.0,0.0,['Forecast_Unavailable'],['Hard_Risk_Cap_Zero'],,,,,
2012-11-05,v2_relative_alpha_calibrated_experts_sensitivity,,,,,,,,0.0,0.0,0.0,['Forecast_Unavailable'],['Hard_Risk_Cap_Zero'],,,,,
2012-11-06,v2_relative_alpha_calibrated_experts_sensitivity,,,,,,,,0.0,0.0,0.0,['Forecast_Unavailable'],['Hard_Risk_Cap_Zero'],,,,,
2012-11-07,v2_relative_alpha_calibrated_experts_sensitivity,,,,,,,,0.0,0.0,0.0,['Forecast_Unavailable'],['Hard_Risk_Cap_Zero'],,,,,
2012-11-08,v2_relative_alpha_calibrated_experts_sensitivity,,,,,,,,0.0,0.0,0.0,['Forecast_Unavailable'],['Hard_Risk_Cap_Zero'],,,,,
2012-11-09,v2_relative_alpha_calibrated_experts_sensitivity,,,,,,,,0.0,0.0,0.0,['Forecast_Unavailable'],['Hard_Risk_Cap_Zero'],,,,,
2012-11-12,v2_relative_alpha_calibrated_experts_sensitivity,,,,,,,,0.0,0.0,0.0,['Forecast_Unavailable'],['Hard_Risk_Cap_Zero'],,,,,
2012-11-13,v2_relative_alpha_calibrated_experts_sensitivity,,,,,,,,0.0,0.0,0.0,['Forecast_Unavailable'],['Hard_Risk_Cap_Zero'],,,,,
2012-11-14,v2_relative_alpha_calibrated_experts_sensitivity,,,,,,,,0.0,0.0,0.0,['Forecast_Unavailable'],['Hard_Risk_Cap_Zero'],,,,,
2012-11-15,v2_relative_alpha_calibrated_experts_sensitivity,,,,,,,,0.0,0.0,0.0,['Forecast_Unavailable'],['Hard_Risk_Cap_Zero'],,,,,
2012-11-16,v2_relative_alpha_calibrated_experts_sensitivity,,,,,,,,0.0,0.0,0.0,['Forecast_Unavailable'],['Hard_Risk_Cap_Zero'],,,,,
2012-11-19,v2_relative_alpha_calibrated_experts_sensitivity,,,,,,,,0.0,0.0,0.0,['Forecast_Unavailable'],['Hard_Risk_Cap_Zero'],,,,,
2012-11-20,v2_relative_alpha_calibrated_experts_sensitivity,,,,,,,,0.0,0.0,0.0,['Forecast_Unavailable'],['Hard_Risk_Cap_Zero'],,,,,
2012-11-21,v2_relative_alpha_calibrated_experts_sensitivity,,,,,,,,0.0,0.0,0.0,['Forecast_Unavailable'],['Hard_Risk_Cap_Zero'],,,,,
2012-11-23,v2_relative_alpha_calibrated_experts_sensitivity,,,,,,,,0.0,0.0,0.0,['Forecast_Unavailable'],['Hard_Risk_Cap_Zero'],,,,,
2012-11-26,v2_relative_alpha_calibrated_experts_sensitivity,,,,,,,,0.0,0.0,0.0,['Forecast_Unavailable'],['Hard_Risk_Cap_Zero'],,,,,
2012-11-27,v2_relative_alpha_calibrated_experts_sensitivity,,,,,,,,0.0,0.0,0.0,['Forecast_Unavailable'],['Hard_Risk_Cap_Zero'],,,,,
2012-11-28,v2_relative_alpha_calibrated_experts_sensitivity,,,,,,,,0.0,0.0,0.0,['Forecast_Unavailable'],['Hard_Risk_Cap_Zero'],,,,,
2012-11-29,v2_relative_alpha_calibrated_experts_sensitivity,,,,,,,,0.0,0.0,0.0,['Forecast_Unavailable'],['Hard_Risk_Cap_Zero'],,,,,
2012-11-30,v2_relative_alpha_calibrated_experts_sensitivity,,,,,,,,0.0,0.0,0.0,['Forecast_Unavailable'],['Hard_Risk_Cap_Zero'],,,,,
2012-12-03,v2_relative_alpha_calibrated_experts_sensitivity,,,,,,,,0.0,0.0,0.0,['Forecast_Unavailable'],['Hard_Risk_Cap_Zero'],,,,,
2012-12-04,v2_relative_alpha_calibrated_experts_sensitivity,,,,,,,,0.0,0.0,0.0,['Forecast_Unavailable'],['Hard_Risk_Cap_Zero'],,,,,
2012-12-05,v2_relative_alpha_calibrated_experts_sensitivity,,,,,,,,0.0,0.0,0.0,['Forecast_Unavailable'],['Hard_Risk_Cap_Zero'],,,,,
2012-12-06,v2_relative_alpha_calibrated_experts_sensitivity,,,,,,,,0.0,0.0,0.0,['Forecast_Unavailable'],['Hard_Risk_Cap_Zero'],,,,,
2012-12-07,v2_relative_alpha_calibrated_experts_sensitivity,,,,,,,,0.0,0.0,0.0,['Forecast_Unavailable'],['Hard_Risk_Cap_Zero'],,,,,
2012-12-10,v2_relative_alpha_calibrated_experts_sensitivity,,,,,,,,0.0,0.0,0.0,['Forecast_Unavailable'],['Hard_Risk_Cap_Zero'],,,,,
2012-12-11,v2_relative_alpha_calibrated_experts_sensitivity,,,,,,,,0.0,0.0,0.0,['Forecast_Unavailable'],['Hard_Risk_Cap_Zero'],,,,,
2012-12-12,v2_relative_alpha_calibrated_experts_sensitivity,,,,,,,,0.0,0.0,0.0,['Forecast_Unavailable'],['Hard_Risk_Cap_Zero'],,,,,
2012-12-13,v2_relative_alpha_calibrated_experts_sensitivity,,,,,,,,0.0,0.0,0.0,['Forecast_Unavailable'],['Hard_Risk_Cap_Zero'],,,,,
2012-12-14,v2_relative_alpha_calibrated_experts_sensitivity,,,,,,,,0.0,0.0,0.0,['Forecast_Unavailable'],['Hard_Risk_Cap_Zero'],,,,,
2012-12-17,v2_relative_alpha_calibrated_experts_sensitivity,,,,,,,,0.0,0.0,0.0,['Forecast_Unavailable'],['Hard_Risk_Cap_Zero'],,,,,
2012-12-18,v2_relative_alpha_calibrated_experts_sensitivity,,,,,,,,0.0,0.0,0.0,['Forecast_Unavailable'],['Hard_Risk_Cap_Zero'],,,,,
2012-12-19,v2_relative_alpha_calibrated_experts_sensitivity,,,,,,,,0.0,0.0,0.0,['Forecast_Unavailable'],['Hard_Risk_Cap_Zero'],,,,,
2012-12-20,v2_relative_alpha_calibrated_experts_sensitivity,,,,,,,,0.0,0.0,0.0,['Forecast_Unavailable'],['Hard_Risk_Cap_Zero'],,,,,
2012-12-21,v2_relative_alpha_calibrated_experts_sensitivity,,,,,,,,0.0,0.0,0.0,['Forecast_Unavailable'],['Hard_Risk_Cap_Zero'],,,,,
2012-12-24,v2_relative_alpha_calibrated_experts_sensitivity,,,,,,,,0.0,0.0,0.0,['Forecast_Unavailable'],['Hard_Risk_Cap_Zero'],,,,,
2012-12-26,v2_relative_alpha_calibrated_experts_sensitivity,,,,,,,,0.0,0.0,0.0,['Forecast_Unavailable'],['Hard_Risk_Cap_Zero'],,,,,
2012-12-27,v2_relative_alpha_calibrated_experts_sensitivity,,,,,,,,0.0,0.0,0.0,['Forecast_Unavailable'],['Hard_Risk_Cap_Zero'],,,,,
2012-12-28,v2_relative_alpha_calibrated_experts_sensitivity,,,,,,,,0.0,0.0,0.0,['Forecast_Unavailable'],['Hard_Risk_Cap_Zero'],,,,,
2012-12-31,v2_relative_alpha_calibrated_experts_sensitivity,,,,,,,,0.0,0.0,0.0,['Forecast_Unavailable'],['Hard_Risk_Cap_Zero'],,,,,
2013-01-02,v2_relative_alpha_calibrated_experts_sensitivity,,,,,,,,0.0,0.0,0.0,['Forecast_Unavailable'],['Hard_Risk_Cap_Zero'],,,,,
2013-01-03,v2_relative_alpha_calibrated_experts_sensitivity,,,,,,,,0.0,0.0,0.0,['Forecast_Unavailable'],['Hard_Risk_Cap_Zero'],,,,,
2013-01-04,v2_relative_alpha_calibrated_experts_sensitivity,,,,,,,,0.0,0.0,0.0,['Forecast_Unavailable'],['Hard_Risk_Cap_Zero'],,,,,
2013-01-07,v2_relative_alpha_calibrated_experts_sensitivity,,,,,,,,0.0,0.0,0.0,['Forecast_Unavailable'],['Hard_Risk_Cap_Zero'],,,,,
2013-01-08,v2_relative_alpha_calibrated_experts_sensitivity,,,,,,,,0.0,0.0,0.0,['Forecast_Unavailable'],['Hard_Risk_Cap_Zero'],,,,,
2013-01-09,v2_relative_alpha_calibrated_experts_sensitivity,,,,,,,,0.0,0.0,0.0,['Forecast_Unavailable'],['Hard_Risk_Cap_Zero'],,,,,
2013-01-10,v2_relative_alpha_calibrated_experts_sensitivity,,,,,,,,0.0,0.0,0.0,['Forecast_Unavailable'],['Hard_Risk_Cap_Zero'],,,,,
2013-01-11,v2_relative_alpha_calibrated_experts_sensitivity,,,,,,,,0.0,0.0,0.0,['Forecast_Unavailable'],['Hard_Risk_Cap_Zero'],,,,,
2013-01-14,v2_relative_alpha_calibrated_experts_sensitivity,,,,,,,,0.0,0.0,0.0,['Forecast_Unavailable'],['Hard_Risk_Cap_Zero'],,,,,
2013-01-15,v2_relative_alpha_calibrated_experts_sensitivity,,,,,,,,0.0,0.0,0.0,['Forecast_Unavailable'],['Hard_Risk_Cap_Zero'],,,,,
2013-01-16,v2_relative_alpha_calibrated_experts_sensitivity,,,,,,,,0.0,0.0,0.0,['Forecast_Unavailable'],['Hard_Risk_Cap_Zero'],,,,,
2013-01-17,v2_relative_alpha_calibrated_experts_sensitivity,,,,,,,,0.0,0.0,0.0,['Forecast_Unavailable'],['Hard_Risk_Cap_Zero'],,,,,
2013-01-18,v2_relative_alpha_calibrated_experts_sensitivity,,,,,,,,0.0,0.0,0.0,['Forecast_Unavailable'],['Hard_Risk_Cap_Zero'],,,,,
2013-01-22,v2_relative_alpha_calibrated_experts_sensitivity,,,,,,,,0.0,0.0,0.0,['Forecast_Unavailable'],['Hard_Risk_Cap_Zero'],,,,,
2013-01-23,v2_relative_alpha_calibrated_experts_sensitivity,,,,,,,,0.0,0.0,0.0,['Forecast_Unavailable'],['Hard_Risk_Cap_Zero'],,,,,
2013-01-24,v2_relative_alpha_calibrated_experts_sensitivity,,,,,,,,0.0,0.0,0.0,['Forecast_Unavailable'],['Hard_Risk_Cap_Zero'],,,,,
2013-01-25,v2_relative_alpha_calibrated_experts_sensitivity,,,,,,,,0.0,0.0,0.0,['Forecast_Unavailable'],['Hard_Risk_Cap_Zero'],,,,,
2013-01-28,v2_relative_alpha_calibrated_experts_sensitivity,,,,,,,,0.0,0.0,0.0,['Forecast_Unavailable'],['Hard_Risk_Cap_Zero'],,,,,
2013-01-29,v2_relative_alpha_calibrated_experts_sensitivity,,,,,,,,0.0,0.0,0.0,['Forecast_Unavailable'],['Hard_Risk_Cap_Zero'],,,,,
2013-01-30,v2_relative_alpha_calibrated_experts_sensitivity,,,,,,,,0.0,0.0,0.0,['Forecast_Unavailable'],['Hard_Risk_Cap_Zero'],,,,,
2013-01-31,v2_relative_alpha_calibrated_experts_sensitivity,,,,,,,,0.0,0.0,0.0,['Forecast_Unavailable'],['Hard_Risk_Cap_Zero'],,,,,
2013-02-01,v2_relative_alpha_calibrated_experts_sensitivity,,,,,,,,0.0,0.0,0.0,['Forecast_Unavailable'],['Hard_Risk_Cap_Zero'],,,,,
2013-02-04,v2_relative_alpha_calibrated_experts_sensitivity,,,,,,,,0.0,0.0,0.0,['Forecast_Unavailable'],['Hard_Risk_Cap_Zero'],,,,,
2013-02-05,v2_relative_alpha_calibrated_experts_sensitivity,,,,,,,,0.0,0.0,0.0,['Forecast_Unavailable'],['Hard_Risk_Cap_Zero'],,,,,
2013-02-06,v2_relative_alpha_calibrated_experts_sensitivity,,,,,,,,0.0,0.0,0.0,['Forecast_Unavailable'],['Hard_Risk_Cap_Zero'],,,,,
2013-02-07,v2_relative_alpha_calibrated_experts_sensitivity,,,,,,,,0.0,0.0,0.0,['Forecast_Unavailable'],['Hard_Risk_Cap_Zero'],,,,,
2013-02-08,v2_relative_alpha_calibrated_experts_sensitivity,,,,,,,,0.0,0.0,0.0,['Forecast_Unavailable'],['Hard_Risk_Cap_Zero'],,,,,
2013-02-11,v2_relative_alpha_calibrated_experts_sensitivity,,,,,,,,0.0,0.0,0.0,['Forecast_Unavailable'],['Hard_Risk_Cap_Zero'],,,,,
2013-02-12,v2_relative_alpha_calibrated_experts_sensitivity,,,,,,,,0.0,0.0,0.0,['Forecast_Unavailable'],['Hard_Risk_Cap_Zero'],,,,,
2013-02-13,v2_relative_alpha_calibrated_experts_sensitivity,,,,,,,,0.0,0.0,0.0,['Forecast_Unavailable'],['Hard_Risk_Cap_Zero'],,,,,
2013-02-14,v2_relative_alpha_calibrated_experts_sensitivity,,,,,,,,0.0,0.0,0.0,['Forecast_Unavailable'],['Hard_Risk_Cap_Zero'],,,,,
2013-02-15,v2_relative_alpha_calibrated_experts_sensitivity,,,,,,,,0.0,0.0,0.0,['Forecast_Unavailable'],['Hard_Risk_Cap_Zero'],,,,,
2013-02-19,v2_relative_alpha_calibrated_experts_sensitivity,,,,,,,,0.0,0.0,0.0,['Forecast_Unavailable'],['Hard_Risk_Cap_Zero'],,,,,
2013-02-20,v2_relative_alpha_calibrated_experts_sensitivity,,,,,,,,0.0,0.0,0.0,['Forecast_Unavailable'],['Hard_Risk_Cap_Zero'],,,,,
2013-02-21,v2_relative_alpha_calibrated_experts_sensitivity,,,,,,,,0.0,0.0,0.0,['Forecast_Unavailable'],['Hard_Risk_Cap_Zero'],,,,,
2013-02-22,v2_relative_alpha_calibrated_experts_sensitivity,,,,,,,,0.0,0.0,0.0,['Forecast_Unavailable'],['Hard_Risk_Cap_Zero'],,,,,
2013-02-25,v2_relative_alpha_calibrated_experts_sensitivity,,,,,,,,0.0,0.0,0.0,['Forecast_Unavailable'],['Hard_Risk_Cap_Zero'],,,,,
2013-02-26,v2_relative_alpha_calibrated_experts_sensitivity,,,,,,,,0.0,0.0,0.0,['Forecast_Unavailable'],['Hard_Risk_Cap_Zero'],,,,,
2013-02-27,v2_relative_alpha_calibrated_experts_sensitivity,,,,,,,,0.0,0.0,0.0,['Forecast_Unavailable'],['Hard_Risk_Cap_Zero'],,,,,
2013-02-28,v2_relative_alpha_calibrated_experts_sensitivity,,,,,,,,0.0,0.0,0.0,['Forecast_Unavailable'],['Hard_Risk_Cap_Zero'],,,,,
2013-03-01,v2_relative_alpha_calibrated_experts_sensitivity,,,,,,,,0.0,0.0,0.0,['Forecast_Unavailable'],['Hard_Risk_Cap_Zero'],,,,,
2013-03-04,v2_relative_alpha_calibrated_experts_sensitivity,,,,,,,,0.0,0.0,0.0,['Forecast_Unavailable'],['Hard_Risk_Cap_Zero'],,,,,
2013-03-05,v2_relative_alpha_calibrated_experts_sensitivity,,,,,,,,0.0,0.0,0.0,['Forecast_Unavailable'],['Hard_Risk_Cap_Zero'],,,,,
2013-03-06,v2_relative_alpha_calibrated_experts_sensitivity,,,,,,,,0.0,0.0,0.0,['Forecast_Unavailable'],['Hard_Risk_Cap_Zero'],,,,,
2013-03-07,v2_relative_alpha_calibrated_experts_sensitivity,,,,,,,,0.0,0.0,0.0,['Forecast_Unavailable'],['Hard_Risk_Cap_Zero'],,,,,
2013-03-08,v2_relative_alpha_calibrated_experts_sensitivity,,,,,,,,0.0,0.0,0.0,['Forecast_Unavailable'],['Hard_Risk_Cap_Zero'],,,,,
2013-03-11,v2_relative_alpha_calibrated_experts_sensitivity,,,,,,,,0.0,0.0,0.0,['Forecast_Unavailable'],['Hard_Risk_Cap_Zero'],,,,,
2013-03-12,v2_relative_alpha_calibrated_experts_sensitivity,,,,,,,,0.0,0.0,0.0,['Forecast_Unavailable'],['Hard_Risk_Cap_Zero'],,,,,
2013-03-13,v2_relative_alpha_calibrated_experts_sensitivity,,,,,,,,0.0,0.0,0.0,['Forecast_Unavailable'],['Hard_Risk_Cap_Zero'],,,,,
2013-03-14,v2_relative_alpha_calibrated_experts_sensitivity,,,,,,,,0.0,0.0,0.0,['Forecast_Unavailable'],['Hard_Risk_Cap_Zero'],,,,,
2013-03-15,v2_relative_alpha_calibrated_experts_sensitivity,,,,,,,,0.0,0.0,0.0,['Forecast_Unavailable'],['Hard_Risk_Cap_Zero'],,,,,
2013-03-18,v2_relative_alpha_calibrated_experts_sensitivity,,,,,,,,0.0,0.0,0.0,['Forecast_Unavailable'],['Hard_Risk_Cap_Zero'],,,,,
2013-03-19,v2_relative_alpha_calibrated_experts_sensitivity,,,,,,,,0.0,0.0,0.0,['Forecast_Unavailable'],['Hard_Risk_Cap_Zero'],,,,,
2013-03-20,v2_relative_alpha_calibrated_experts_sensitivity,,,,,,,,0.0,0.0,0.0,['Forecast_Unavailable'],['Hard_Risk_Cap_Zero'],,,,,
2013-03-21,v2_relative_alpha_calibrated_experts_sensitivity,,,,,,,,0.0,0.0,0.0,['Forecast_Unavailable'],['Hard_Risk_Cap_Zero'],,,,,
2013-03-22,v2_relative_alpha_calibrated_experts_sensitivity,,,,,,,,0.0,0.0,0.0,['Forecast_Unavailable'],['Hard_Risk_Cap_Zero'],,,,,
2013-03-25,v2_relative_alpha_calibrated_experts_sensitivity,,,,,,,,0.0,0.0,0.0,['Forecast_Unavailable'],['Hard_Risk_Cap_Zero'],,,,,
2013-03-26,v2_relative_alpha_calibrated_experts_sensitivity,,,,,,,,0.0,0.0,0.0,['Forecast_Unavailable'],['Hard_Risk_Cap_Zero'],,,,,
2013-03-27,v2_relative_alpha_calibrated_experts_sensitivity,,,,,,,,0.0,0.0,0.0,['Forecast_Unavailable'],['Hard_Risk_Cap_Zero'],,,,,
2013-03-28,v2_relative_alpha_calibrated_experts_sensitivity,,,,,,,,0.0,0.0,0.0,['Forecast_Unavailable'],['Hard_Risk_Cap_Zero'],,,,,
2013-04-01,v2_relative_alpha_calibrated_experts_sensitivity,,,,,,,,0.0,0.0,0.0,['Forecast_Unavailable'],['Hard_Risk_Cap_Zero'],,,,,
2013-04-02,v2_relative_alpha_calibrated_experts_sensitivity,,,,,,,,0.0,0.0,0.0,['Forecast_Unavailable'],['Hard_Risk_Cap_Zero'],,,,,
2013-04-03,v2_relative_alpha_calibrated_experts_sensitivity,,,,,,,,0.0,0.0,0.0,['Forecast_Unavailable'],['Hard_Risk_Cap_Zero'],,,,,
2013-04-04,v2_relative_alpha_calibrated_experts_sensitivity,,,,,,,,0.0,0.0,0.0,['Forecast_Unavailable'],['Hard_Risk_Cap_Zero'],,,,,
2013-04-05,v2_relative_alpha_calibrated_experts_sensitivity,,,,,,,,0.0,0.0,0.0,['Forecast_Unavailable'],['Hard_Risk_Cap_Zero'],,,,,
2013-04-08,v2_relative_alpha_calibrated_experts_sensitivity,,,,,,,,0.0,0.0,0.0,['Forecast_Unavailable'],['Hard_Risk_Cap_Zero'],,,,,
2013-04-09,v2_relative_alpha_calibrated_experts_sensitivity,,,,,,,,0.0,0.0,0.0,['Forecast_Unavailable'],['Hard_Risk_Cap_Zero'],,,,,
2013-04-10,v2_relative_alpha_calibrated_experts_sensitivity,,,,,,,,0.0,0.0,0.0,['Forecast_Unavailable'],['Hard_Risk_Cap_Zero'],,,,,
2013-04-11,v2_relative_alpha_calibrated_experts_sensitivity,,,,,,,,0.0,0.0,0.0,['Forecast_Unavailable'],['Hard_Risk_Cap_Zero'],,,,,
2013-04-12,v2_relative_alpha_calibrated_experts_sensitivity,,,,,,,,0.0,0.0,0.0,['Forecast_Unavailable'],['Hard_Risk_Cap_Zero'],,,,,
2013-04-15,v2_relative_alpha_calibrated_experts_sensitivity,,,,,,,,0.0,0.0,0.0,['Forecast_Unavailable'],['Hard_Risk_Cap_Zero'],,,,,
2013-04-16,v2_relative_alpha_calibrated_experts_sensitivity,,,,,,,,0.0,0.0,0.0,['Forecast_Unavailable'],['Hard_Risk_Cap_Zero'],,,,,
2013-04-17,v2_relative_alpha_calibrated_experts_sensitivity,,,,,,,,0.0,0.0,0.0,['Forecast_Unavailable'],['Hard_Risk_Cap_Zero'],,,,,
2013-04-18,v2_relative_alpha_calibrated_experts_sensitivity,,,,,,,,0.0,0.0,0.0,['Forecast_Unavailable'],['Hard_Risk_Cap_Zero'],,,,,
2013-04-19,v2_relative_alpha_calibrated_experts_sensitivity,,,,,,,,0.0,0.0,0.0,['Forecast_Unavailable'],['Hard_Risk_Cap_Zero'],,,,,
2013-04-22,v2_relative_alpha_calibrated_experts_sensitivity,,,,,,,,0.0,0.0,0.0,['Forecast_Unavailable'],['Hard_Risk_Cap_Zero'],,,,,
2013-04-23,v2_relative_alpha_calibrated_experts_sensitivity,,,,,,,,0.0,0.0,0.0,['Forecast_Unavailable'],['Hard_Risk_Cap_Zero'],,,,,
2013-04-24,v2_relative_alpha_calibrated_experts_sensitivity,,,,,,,,0.0,0.0,0.0,['Forecast_Unavailable'],['Hard_Risk_Cap_Zero'],,,,,
2013-04-25,v2_relative_alpha_calibrated_experts_sensitivity,,,,,,,,0.0,0.0,0.0,['Forecast_Unavailable'],['Hard_Risk_Cap_Zero'],,,,,
2013-04-26,v2_relative_alpha_calibrated_experts_sensitivity,,,,,,,,0.0,0.0,0.0,['Forecast_Unavailable'],['Hard_Risk_Cap_Zero'],,,,,
2013-04-29,v2_relative_alpha_calibrated_experts_sensitivity,,,,,,,,0.0,0.0,0.0,['Forecast_Unavailable'],['Hard_Risk_Cap_Zero'],,,,,
2013-04-30,v2_relative_alpha_calibrated_experts_sensitivity,,,,,,,,0.0,0.0,0.0,['Forecast_Unavailable'],['Hard_Risk_Cap_Zero'],,,,,
2013-05-01,v2_relative_alpha_calibrated_experts_sensitivity,,,,,,,,0.0,0.0,0.0,['Forecast_Unavailable'],['Hard_Risk_Cap_Zero'],,,,,
2013-05-02,v2_relative_alpha_calibrated_experts_sensitivity,,,,,,,,0.0,0.0,0.0,['Forecast_Unavailable'],['Hard_Risk_Cap_Zero'],,,,,
2013-05-03,v2_relative_alpha_calibrated_experts_sensitivity,,,,,,,,0.0,0.0,0.0,['Forecast_Unavailable'],['Hard_Risk_Cap_Zero'],,,,,
2013-05-06,v2_relative_alpha_calibrated_experts_sensitivity,,,,,,,,0.0,0.0,0.0,['Forecast_Unavailable'],['Hard_Risk_Cap_Zero'],,,,,
2013-05-07,v2_relative_alpha_calibrated_experts_sensitivity,,,,,,,,0.0,0.0,0.0,['Forecast_Unavailable'],['Hard_Risk_Cap_Zero'],,,,,
2013-05-08,v2_relative_alpha_calibrated_experts_sensitivity,,,,,,,,0.0,0.0,0.0,['Forecast_Unavailable'],['Hard_Risk_Cap_Zero'],,,,,
2013-05-09,v2_relative_alpha_calibrated_experts_sensitivity,,,,,,,,0.0,0.0,0.0,['Forecast_Unavailable'],['Hard_Risk_Cap_Zero'],,,,,
2013-05-10,v2_relative_alpha_calibrated_experts_sensitivity,,,,,,,,0.0,0.0,0.0,['Forecast_Unavailable'],['Hard_Risk_Cap_Zero'],,,,,
2013-05-13,v2_relative_alpha_calibrated_experts_sensitivity,,,,,,,,0.0,0.0,0.0,['Forecast_Unavailable'],['Hard_Risk_Cap_Zero'],,,,,
2013-05-14,v2_relative_alpha_calibrated_experts_sensitivity,,,,,,,,0.0,0.0,0.0,['Forecast_Unavailable'],['Hard_Risk_Cap_Zero'],,,,,
2013-05-15,v2_relative_alpha_calibrated_experts_sensitivity,,,,,,,,0.0,0.0,0.0,['Forecast_Unavailable'],['Hard_Risk_Cap_Zero'],,,,,
2013-05-16,v2_relative_alpha_calibrated_experts_sensitivity,,,,,,,,0.0,0.0,0.0,['Forecast_Unavailable'],['Hard_Risk_Cap_Zero'],,,,,
2013-05-17,v2_relative_alpha_calibrated_experts_sensitivity,,,,,,,,0.0,0.0,0.0,['Forecast_Unavailable'],['Hard_Risk_Cap_Zero'],,,,,
2013-05-20,v2_relative_alpha_calibrated_experts_sensitivity,,,,,,,,0.0,0.0,0.0,['Forecast_Unavailable'],['Hard_Risk_Cap_Zero'],,,,,
2013-05-21,v2_relative_alpha_calibrated_experts_sensitivity,,,,,,,,0.0,0.0,0.0,['Forecast_Unavailable'],['Hard_Risk_Cap_Zero'],,,,,
2013-05-22,v2_relative_alpha_calibrated_experts_sensitivity,,,,,,,,0.0,0.0,0.0,['Forecast_Unavailable'],['Hard_Risk_Cap_Zero'],,,,,
2013-05-23,v2_relative_alpha_calibrated_experts_sensitivity,,,,,,,,0.0,0.0,0.0,['Forecast_Unavailable'],['Hard_Risk_Cap_Zero'],,,,,
2013-05-24,v2_relative_alpha_calibrated_experts_sensitivity,,,,,,,,0.0,0.0,0.0,['Forecast_Unavailable'],['Hard_Risk_Cap_Zero'],,,,,
2013-05-28,v2_relative_alpha_calibrated_experts_sensitivity,,,,,,,,0.0,0.0,0.0,['Forecast_Unavailable'],['Hard_Risk_Cap_Zero'],,,,,
2013-05-29,v2_relative_alpha_calibrated_experts_sensitivity,,,,,,,,0.0,0.0,0.0,['Forecast_Unavailable'],['Hard_Risk_Cap_Zero'],,,,,
2013-05-30,v2_relative_alpha_calibrated_experts_sensitivity,,,,,,,,0.0,0.0,0.0,['Forecast_Unavailable'],['Hard_Risk_Cap_Zero'],,,,,
2013-05-31,v2_relative_alpha_calibrated_experts_sensitivity,,,,,,,,0.0,0.0,0.0,['Forecast_Unavailable'],['Hard_Risk_Cap_Zero'],,,,,
2013-06-03,v2_relative_alpha_calibrated_experts_sensitivity,,,,,,,,0.0,0.0,0.0,['Forecast_Unavailable'],['Hard_Risk_Cap_Zero'],,,,,
2013-06-04,v2_relative_alpha_calibrated_experts_sensitivity,,,,,,,,0.0,0.0,0.0,['Forecast_Unavailable'],['Hard_Risk_Cap_Zero'],,,,,
2013-06-05,v2_relative_alpha_calibrated_experts_sensitivity,,,,,,,,0.0,0.0,0.0,['Forecast_Unavailable'],['Hard_Risk_Cap_Zero'],,,,,
2013-06-06,v2_relative_alpha_calibrated_experts_sensitivity,,,,,,,,0.0,0.0,0.0,['Forecast_Unavailable'],['Hard_Risk_Cap_Zero'],,,,,
2013-06-07,v2_relative_alpha_calibrated_experts_sensitivity,,,,,,,,0.0,0.0,0.0,['Forecast_Unavailable'],['Hard_Risk_Cap_Zero'],,,,,
2013-06-10,v2_relative_alpha_calibrated_experts_sensitivity,,,,,,,,0.0,0.0,0.0,['Forecast_Unavailable'],['Hard_Risk_Cap_Zero'],,,,,
2013-06-11,v2_relative_alpha_calibrated_experts_sensitivity,,,,,,,,0.0,0.0,0.0,['Forecast_Unavailable'],['Hard_Risk_Cap_Zero'],,,,,
2013-06-12,v2_relative_alpha_calibrated_experts_sensitivity,,,,,,,,0.0,0.0,0.0,['Forecast_Unavailable'],['Hard_Risk_Cap_Zero'],,,,,
2013-06-13,v2_relative_alpha_calibrated_experts_sensitivity,,,,,,,,0.0,0.0,0.0,['Forecast_Unavailable'],['Hard_Risk_Cap_Zero'],,,,,
2013-06-14,v2_relative_alpha_calibrated_experts_sensitivity,,,,,,,,0.0,0.0,0.0,['Forecast_Unavailable'],['Hard_Risk_Cap_Zero'],,,,,
2013-06-17,v2_relative_alpha_calibrated_experts_sensitivity,,,,,,,,0.0,0.0,0.0,['Forecast_Unavailable'],['Hard_Risk_Cap_Zero'],,,,,
2013-06-18,v2_relative_alpha_calibrated_experts_sensitivity,,,,,,,,0.0,0.0,0.0,['Forecast_Unavailable'],['Hard_Risk_Cap_Zero'],,,,,
2013-06-19,v2_relative_alpha_calibrated_experts_sensitivity,,,,,,,,0.0,0.0,0.0,['Forecast_Unavailable'],['Hard_Risk_Cap_Zero'],,,,,
2013-06-20,v2_relative_alpha_calibrated_experts_sensitivity,,,,,,,,0.0,0.0,0.0,['Forecast_Unavailable'],['Hard_Risk_Cap_Zero'],,,,,
2013-06-21,v2_relative_alpha_calibrated_experts_sensitivity,,,,,,,,0.0,0.0,0.0,['Forecast_Unavailable'],['Hard_Risk_Cap_Zero'],,,,,
2013-06-24,v2_relative_alpha_calibrated_experts_sensitivity,,,,,,,,0.0,0.0,0.0,['Forecast_Unavailable'],['Hard_Risk_Cap_Zero'],,,,,
2013-06-25,v2_relative_alpha_calibrated_experts_sensitivity,,,,,,,,0.0,0.0,0.0,['Forecast_Unavailable'],['Hard_Risk_Cap_Zero'],,,,,
2013-06-26,v2_relative_alpha_calibrated_experts_sensitivity,,,,,,,,0.0,0.0,0.0,['Forecast_Unavailable'],['Hard_Risk_Cap_Zero'],,,,,
2013-06-27,v2_relative_alpha_calibrated_experts_sensitivity,,,,,,,,0.0,0.0,0.0,['Forecast_Unavailable'],['Hard_Risk_Cap_Zero'],,,,,
2013-06-28,v2_relative_alpha_calibrated_experts_sensitivity,,,,,,,,0.0,0.0,0.0,['Forecast_Unavailable'],['Hard_Risk_Cap_Zero'],,,,,
2013-07-01,v2_relative_alpha_calibrated_experts_sensitivity,,,,,,,,0.0,0.0,0.0,['Forecast_Unavailable'],['Hard_Risk_Cap_Zero'],,,,,
2013-07-02,v2_relative_alpha_calibrated_experts_sensitivity,,,,,,,,0.0,0.0,0.0,['Forecast_Unavailable'],['Hard_Risk_Cap_Zero'],,,,,
2013-07-03,v2_relative_alpha_calibrated_experts_sensitivity,,,,,,,,0.0,0.0,0.0,['Forecast_Unavailable'],['Hard_Risk_Cap_Zero'],,,,,
2013-07-05,v2_relative_alpha_calibrated_experts_sensitivity,,,,,,,,0.0,0.0,0.0,['Forecast_Unavailable'],['Hard_Risk_Cap_Zero'],,,,,
2013-07-08,v2_relative_alpha_calibrated_experts_sensitivity,,,,,,,,0.0,0.0,0.0,['Forecast_Unavailable'],['Hard_Risk_Cap_Zero'],,,,,
2013-07-09,v2_relative_alpha_calibrated_experts_sensitivity,,,,,,,,0.0,0.0,0.0,['Forecast_Unavailable'],['Hard_Risk_Cap_Zero'],,,,,
2013-07-10,v2_relative_alpha_calibrated_experts_sensitivity,,,,,,,,0.0,0.0,0.0,['Forecast_Unavailable'],['Hard_Risk_Cap_Zero'],,,,,
2013-07-11,v2_relative_alpha_calibrated_experts_sensitivity,,,,,,,,0.0,0.0,0.0,['Forecast_Unavailable'],['Hard_Risk_Cap_Zero'],,,,,
2013-07-12,v2_relative_alpha_calibrated_experts_sensitivity,,,,,,,,0.0,0.0,0.0,['Forecast_Unavailable'],['Hard_Risk_Cap_Zero'],,,,,
2013-07-15,v2_relative_alpha_calibrated_experts_sensitivity,,,,,,,,0.0,0.0,0.0,['Forecast_Unavailable'],['Hard_Risk_Cap_Zero'],,,,,
2013-07-16,v2_relative_alpha_calibrated_experts_sensitivity,,,,,,,,0.0,0.0,0.0,['Forecast_Unavailable'],['Hard_Risk_Cap_Zero'],,,,,
2013-07-17,v2_relative_alpha_calibrated_experts_sensitivity,,,,,,,,0.0,0.0,0.0,['Forecast_Unavailable'],['Hard_Risk_Cap_Zero'],,,,,
2013-07-18,v2_relative_alpha_calibrated_experts_sensitivity,,,,,,,,0.0,0.0,0.0,['Forecast_Unavailable'],['Hard_Risk_Cap_Zero'],,,,,
2013-07-19,v2_relative_alpha_calibrated_experts_sensitivity,,,,,,,,0.0,0.0,0.0,['Forecast_Unavailable'],['Hard_Risk_Cap_Zero'],,,,,
2013-07-22,v2_relative_alpha_calibrated_experts_sensitivity,,,,,,,,0.0,0.0,0.0,['Forecast_Unavailable'],['Hard_Risk_Cap_Zero'],,,,,
2013-07-23,v2_relative_alpha_calibrated_experts_sensitivity,,,,,,,,0.0,0.0,0.0,['Forecast_Unavailable'],['Hard_Risk_Cap_Zero'],,,,,
2013-07-24,v2_relative_alpha_calibrated_experts_sensitivity,,,,,,,,0.0,0.0,0.0,['Forecast_Unavailable'],['Hard_Risk_Cap_Zero'],,,,,
2013-07-25,v2_relative_alpha_calibrated_experts_sensitivity,,,,,,,,0.0,0.0,0.0,['Forecast_Unavailable'],['Hard_Risk_Cap_Zero'],,,,,
2013-07-26,v2_relative_alpha_calibrated_experts_sensitivity,,,,,,,,0.0,0.0,0.0,['Forecast_Unavailable'],['Hard_Risk_Cap_Zero'],,,,,
2013-07-29,v2_relative_alpha_calibrated_experts_sensitivity,,,,,,,,0.0,0.0,0.0,['Forecast_Unavailable'],['Hard_Risk_Cap_Zero'],,,,,
2013-07-30,v2_relative_alpha_calibrated_experts_sensitivity,,,,,,,,0.0,0.0,0.0,['Forecast_Unavailable'],['Hard_Risk_Cap_Zero'],,,,,
2013-07-31,v2_relative_alpha_calibrated_experts_sensitivity,,,,,,,,0.0,0.0,0.0,['Forecast_Unavailable'],['Hard_Risk_Cap_Zero'],,,,,
2013-08-01,v2_relative_alpha_calibrated_experts_sensitivity,,,,,,,,0.0,0.0,0.0,['Forecast_Unavailable'],['Hard_Risk_Cap_Zero'],,,,,
2013-08-02,v2_relative_alpha_calibrated_experts_sensitivity,,,,,,,,0.0,0.0,0.0,['Forecast_Unavailable'],['Hard_Risk_Cap_Zero'],,,,,
2013-08-05,v2_relative_alpha_calibrated_experts_sensitivity,,,,,,,,0.0,0.0,0.0,['Forecast_Unavailable'],['Hard_Risk_Cap_Zero'],,,,,
2013-08-06,v2_relative_alpha_calibrated_experts_sensitivity,,,,,,,,0.0,0.0,0.0,['Forecast_Unavailable'],['Hard_Risk_Cap_Zero'],,,,,
2013-08-07,v2_relative_alpha_calibrated_experts_sensitivity,,,,,,,,0.0,0.0,0.0,['Forecast_Unavailable'],['Hard_Risk_Cap_Zero'],,,,,
2013-08-08,v2_relative_alpha_calibrated_experts_sensitivity,,,,,,,,0.0,0.0,0.0,['Forecast_Unavailable'],['Hard_Risk_Cap_Zero'],,,,,
2013-08-09,v2_relative_alpha_calibrated_experts_sensitivity,,,,,,,,0.0,0.0,0.0,['Forecast_Unavailable'],['Hard_Risk_Cap_Zero'],,,,,
2013-08-12,v2_relative_alpha_calibrated_experts_sensitivity,,,,,,,,0.0,0.0,0.0,['Forecast_Unavailable'],['Hard_Risk_Cap_Zero'],,,,,
2013-08-13,v2_relative_alpha_calibrated_experts_sensitivity,,,,,,,,0.0,0.0,0.0,['Forecast_Unavailable'],['Hard_Risk_Cap_Zero'],,,,,
2013-08-14,v2_relative_alpha_calibrated_experts_sensitivity,,,,,,,,0.0,0.0,0.0,['Forecast_Unavailable'],['Hard_Risk_Cap_Zero'],,,,,
2013-08-15,v2_relative_alpha_calibrated_experts_sensitivity,,,,,,,,0.0,0.0,0.0,['Forecast_Unavailable'],['Hard_Risk_Cap_Zero'],,,,,
2013-08-16,v2_relative_alpha_calibrated_experts_sensitivity,,,,,,,,0.0,0.0,0.0,['Forecast_Unavailable'],['Hard_Risk_Cap_Zero'],,,,,
2013-08-19,v2_relative_alpha_calibrated_experts_sensitivity,,,,,,,,0.0,0.0,0.0,['Forecast_Unavailable'],['Hard_Risk_Cap_Zero'],,,,,
2013-08-20,v2_relative_alpha_calibrated_experts_sensitivity,,,,,,,,0.0,0.0,0.0,['Forecast_Unavailable'],['Hard_Risk_Cap_Zero'],,,,,
2013-08-21,v2_relative_alpha_calibrated_experts_sensitivity,,,,,,,,0.0,0.0,0.0,['Forecast_Unavailable'],['Hard_Risk_Cap_Zero'],,,,,
2013-08-22,v2_relative_alpha_calibrated_experts_sensitivity,,,,,,,,0.0,0.0,0.0,['Forecast_Unavailable'],['Hard_Risk_Cap_Zero'],,,,,
2013-08-23,v2_relative_alpha_calibrated_experts_sensitivity,,,,,,,,0.0,0.0,0.0,['Forecast_Unavailable'],['Hard_Risk_Cap_Zero'],,,,,
2013-08-26,v2_relative_alpha_calibrated_experts_sensitivity,,,,,,,,0.0,0.0,0.0,['Forecast_Unavailable'],['Hard_Risk_Cap_Zero'],,,,,
2013-08-27,v2_relative_alpha_calibrated_experts_sensitivity,,,,,,,,0.0,0.0,0.0,['Forecast_Unavailable'],['Hard_Risk_Cap_Zero'],,,,,
2013-08-28,v2_relative_alpha_calibrated_experts_sensitivity,,,,,,,,0.0,0.0,0.0,['Forecast_Unavailable'],['Hard_Risk_Cap_Zero'],,,,,
2013-08-29,v2_relative_alpha_calibrated_experts_sensitivity,,,,,,,,0.0,0.0,0.0,['Forecast_Unavailable'],['Hard_Risk_Cap_Zero'],,,,,
2013-08-30,v2_relative_alpha_calibrated_experts_sensitivity,,,,,,,,0.0,0.0,0.0,['Forecast_Unavailable'],['Hard_Risk_Cap_Zero'],,,,,
2013-09-03,v2_relative_alpha_calibrated_experts_sensitivity,,,,,,,,0.0,0.0,0.0,['Forecast_Unavailable'],['Hard_Risk_Cap_Zero'],,,,,
2013-09-04,v2_relative_alpha_calibrated_experts_sensitivity,,,,,,,,0.0,0.0,0.0,['Forecast_Unavailable'],['Hard_Risk_Cap_Zero'],,,,,
2013-09-05,v2_relative_alpha_calibrated_experts_sensitivity,,,,,,,,0.0,0.0,0.0,['Forecast_Unavailable'],['Hard_Risk_Cap_Zero'],,,,,
2013-09-06,v2_relative_alpha_calibrated_experts_sensitivity,,,,,,,,0.0,0.0,0.0,['Forecast_Unavailable'],['Hard_Risk_Cap_Zero'],,,,,
2013-09-09,v2_relative_alpha_calibrated_experts_sensitivity,,,,,,,,0.0,0.0,0.0,['Forecast_Unavailable'],['Hard_Risk_Cap_Zero'],,,,,
2013-09-10,v2_relative_alpha_calibrated_experts_sensitivity,,,,,,,,0.0,0.0,0.0,['Forecast_Unavailable'],['Hard_Risk_Cap_Zero'],,,,,
2013-09-11,v2_relative_alpha_calibrated_experts_sensitivity,,,,,,,,0.0,0.0,0.0,['Forecast_Unavailable'],['Hard_Risk_Cap_Zero'],,,,,
2013-09-12,v2_relative_alpha_calibrated_experts_sensitivity,,,,,,,,0.0,0.0,0.0,['Forecast_Unavailable'],['Hard_Risk_Cap_Zero'],,,,,
2013-09-13,v2_relative_alpha_calibrated_experts_sensitivity,,,,,,,,0.0,0.0,0.0,['Forecast_Unavailable'],['Hard_Risk_Cap_Zero'],,,,,
2013-09-16,v2_relative_alpha_calibrated_experts_sensitivity,,,,,,,,0.0,0.0,0.0,['Forecast_Unavailable'],['Hard_Risk_Cap_Zero'],,,,,
2013-09-17,v2_relative_alpha_calibrated_experts_sensitivity,,,,,,,,0.0,0.0,0.0,['Forecast_Unavailable'],['Hard_Risk_Cap_Zero'],,,,,
2013-09-18,v2_relative_alpha_calibrated_experts_sensitivity,,,,,,,,0.0,0.0,0.0,['Forecast_Unavailable'],['Hard_Risk_Cap_Zero'],,,,,
2013-09-19,v2_relative_alpha_calibrated_experts_sensitivity,,,,,,,,0.0,0.0,0.0,['Forecast_Unavailable'],['Hard_Risk_Cap_Zero'],,,,,
2013-09-20,v2_relative_alpha_calibrated_experts_sensitivity,,,,,,,,0.0,0.0,0.0,['Forecast_Unavailable'],['Hard_Risk_Cap_Zero'],,,,,
2013-09-23,v2_relative_alpha_calibrated_experts_sensitivity,,,,,,,,0.0,0.0,0.0,['Forecast_Unavailable'],['Hard_Risk_Cap_Zero'],,,,,
2013-09-24,v2_relative_alpha_calibrated_experts_sensitivity,,,,,,,,0.0,0.0,0.0,['Forecast_Unavailable'],['Hard_Risk_Cap_Zero'],,,,,
2013-09-25,v2_relative_alpha_calibrated_experts_sensitivity,,,,,,,,0.0,0.0,0.0,['Forecast_Unavailable'],['Hard_Risk_Cap_Zero'],,,,,
2013-09-26,v2_relative_alpha_calibrated_experts_sensitivity,,,,,,,,0.0,0.0,0.0,['Forecast_Unavailable'],['Hard_Risk_Cap_Zero'],,,,,
2013-09-27,v2_relative_alpha_calibrated_experts_sensitivity,,,,,,,,0.0,0.0,0.0,['Forecast_Unavailable'],['Hard_Risk_Cap_Zero'],,,,,
2013-09-30,v2_relative_alpha_calibrated_experts_sensitivity,,,,,,,,0.0,0.0,0.0,['Forecast_Unavailable'],['Hard_Risk_Cap_Zero'],,,,,
2013-10-01,v2_relative_alpha_calibrated_experts_sensitivity,,,,,,,,0.0,0.0,0.0,['Forecast_Unavailable'],['Hard_Risk_Cap_Zero'],,,,,
2013-10-02,v2_relative_alpha_calibrated_experts_sensitivity,,,,,,,,0.0,0.0,0.0,['Forecast_Unavailable'],['Hard_Risk_Cap_Zero'],,,,,
2013-10-03,v2_relative_alpha_calibrated_experts_sensitivity,,,,,,,,0.0,0.0,0.0,['Forecast_Unavailable'],['Hard_Risk_Cap_Zero'],,,,,
2013-10-04,v2_relative_alpha_calibrated_experts_sensitivity,,,,,,,,0.0,0.0,0.0,['Forecast_Unavailable'],['Hard_Risk_Cap_Zero'],,,,,
2013-10-07,v2_relative_alpha_calibrated_experts_sensitivity,,,,,,,,0.0,0.0,0.0,['Forecast_Unavailable'],['Hard_Risk_Cap_Zero'],,,,,
2013-10-08,v2_relative_alpha_calibrated_experts_sensitivity,,,,,,,,0.0,0.0,0.0,['Forecast_Unavailable'],['Hard_Risk_Cap_Zero'],,,,,
2013-10-09,v2_relative_alpha_calibrated_experts_sensitivity,,,,,,,,0.0,0.0,0.0,['Forecast_Unavailable'],['Hard_Risk_Cap_Zero'],,,,,
2013-10-10,v2_relative_alpha_calibrated_experts_sensitivity,,,,,,,,0.0,0.0,0.0,['Forecast_Unavailable'],['Hard_Risk_Cap_Zero'],,,,,
2013-10-11,v2_relative_alpha_calibrated_experts_sensitivity,,,,,,,,0.0,0.0,0.0,['Forecast_Unavailable'],['Hard_Risk_Cap_Zero'],,,,,
2013-10-14,v2_relative_alpha_calibrated_experts_sensitivity,,,,,,,,0.0,0.0,0.0,['Forecast_Unavailable'],['Hard_Risk_Cap_Zero'],,,,,
2013-10-15,v2_relative_alpha_calibrated_experts_sensitivity,,,,,,,,0.0,0.0,0.0,['Forecast_Unavailable'],['Hard_Risk_Cap_Zero'],,,,,
2013-10-16,v2_relative_alpha_calibrated_experts_sensitivity,,,,,,,,0.0,0.0,0.0,['Forecast_Unavailable'],['Hard_Risk_Cap_Zero'],,,,,
2013-10-17,v2_relative_alpha_calibrated_experts_sensitivity,,,,,,,,0.0,0.0,0.0,['Forecast_Unavailable'],['Hard_Risk_Cap_Zero'],,,,,
2013-10-18,v2_relative_alpha_calibrated_experts_sensitivity,,,,,,,,0.0,0.0,0.0,['Forecast_Unavailable'],['Hard_Risk_Cap_Zero'],,,,,
2013-10-21,v2_relative_alpha_calibrated_experts_sensitivity,,,,,,,,0.0,0.0,0.0,['Forecast_Unavailable'],['Hard_Risk_Cap_Zero'],,,,,
2013-10-22,v2_relative_alpha_calibrated_experts_sensitivity,,,,,,,,0.0,0.0,0.0,['Forecast_Unavailable'],['Hard_Risk_Cap_Zero'],,,,,
2013-10-23,v2_relative_alpha_calibrated_experts_sensitivity,,,,,,,,0.0,0.0,0.0,['Forecast_Unavailable'],['Hard_Risk_Cap_Zero'],,,,,
2013-10-24,v2_relative_alpha_calibrated_experts_sensitivity,,,,,,,,0.0,0.0,0.0,['Forecast_Unavailable'],['Hard_Risk_Cap_Zero'],,,,,
2013-10-25,v2_relative_alpha_calibrated_experts_sensitivity,,,,,,,,0.0,0.0,0.0,['Forecast_Unavailable'],['Hard_Risk_Cap_Zero'],,,,,
2013-10-28,v2_relative_alpha_calibrated_experts_sensitivity,,,,,,,,0.0,0.0,0.0,['Forecast_Unavailable'],['Hard_Risk_Cap_Zero'],,,,,
2013-10-29,v2_relative_alpha_calibrated_experts_sensitivity,,,,,,,,0.0,0.0,0.0,['Forecast_Unavailable'],['Hard_Risk_Cap_Zero'],,,,,
2013-10-30,v2_relative_alpha_calibrated_experts_sensitivity,,,,,,,,0.0,0.0,0.0,['Forecast_Unavailable'],['Hard_Risk_Cap_Zero'],,,,,
2013-10-31,v2_relative_alpha_calibrated_experts_sensitivity,,,,,,,,0.0,0.0,0.0,['Forecast_Unavailable'],['Hard_Risk_Cap_Zero'],,,,,
2013-11-01,v2_relative_alpha_calibrated_experts_sensitivity,,,,,,,,0.0,0.0,0.0,['Forecast_Unavailable'],['Hard_Risk_Cap_Zero'],,,,,
2013-11-04,v2_relative_alpha_calibrated_experts_sensitivity,,,,,,,,0.0,0.0,0.0,['Forecast_Unavailable'],['Hard_Risk_Cap_Zero'],,,,,
2013-11-05,v2_relative_alpha_calibrated_experts_sensitivity,,,,,,,,0.0,0.0,0.0,['Forecast_Unavailable'],['Hard_Risk_Cap_Zero'],,,,,
2013-11-06,v2_relative_alpha_calibrated_experts_sensitivity,,,,,,,,0.0,0.0,0.0,['Forecast_Unavailable'],['Hard_Risk_Cap_Zero'],,,,,
2013-11-07,v2_relative_alpha_calibrated_experts_sensitivity,,,,,,,,0.0,0.0,0.0,['Forecast_Unavailable'],['Hard_Risk_Cap_Zero'],,,,,
2013-11-08,v2_relative_alpha_calibrated_experts_sensitivity,,,,,,,,0.0,0.0,0.0,['Forecast_Unavailable'],['Hard_Risk_Cap_Zero'],,,,,
2013-11-11,v2_relative_alpha_calibrated_experts_sensitivity,,,,,,,,0.0,0.0,0.0,['Forecast_Unavailable'],['Hard_Risk_Cap_Zero'],,,,,
2013-11-12,v2_relative_alpha_calibrated_experts_sensitivity,,,,,,,,0.0,0.0,0.0,['Forecast_Unavailable'],['Hard_Risk_Cap_Zero'],,,,,
2013-11-13,v2_relative_alpha_calibrated_experts_sensitivity,,,,,,,,0.0,0.0,0.0,['Forecast_Unavailable'],['Hard_Risk_Cap_Zero'],,,,,
2013-11-14,v2_relative_alpha_calibrated_experts_sensitivity,,,,,,,,0.0,0.0,0.0,['Forecast_Unavailable'],['Hard_Risk_Cap_Zero'],,,,,
2013-11-15,v2_relative_alpha_calibrated_experts_sensitivity,,,,,,,,0.0,0.0,0.0,['Forecast_Unavailable'],['Hard_Risk_Cap_Zero'],,,,,
2013-11-18,v2_relative_alpha_calibrated_experts_sensitivity,,,,,,,,0.0,0.0,0.0,['Forecast_Unavailable'],['Hard_Risk_Cap_Zero'],,,,,
2013-11-19,v2_relative_alpha_calibrated_experts_sensitivity,,,,,,,,0.0,0.0,0.0,['Forecast_Unavailable'],['Hard_Risk_Cap_Zero'],,,,,
2013-11-20,v2_relative_alpha_calibrated_experts_sensitivity,,,,,,,,0.0,0.0,0.0,['Forecast_Unavailable'],['Hard_Risk_Cap_Zero'],,,,,
2013-11-21,v2_relative_alpha_calibrated_experts_sensitivity,,,,,,,,0.0,0.0,0.0,['Forecast_Unavailable'],['Hard_Risk_Cap_Zero'],,,,,
2013-11-22,v2_relative_alpha_calibrated_experts_sensitivity,,,,,,,,0.0,0.0,0.0,['Forecast_Unavailable'],['Hard_Risk_Cap_Zero'],,,,,
2013-11-25,v2_relative_alpha_calibrated_experts_sensitivity,,,,,,,,0.0,0.0,0.0,['Forecast_Unavailable'],['Hard_Risk_Cap_Zero'],,,,,
2013-11-26,v2_relative_alpha_calibrated_experts_sensitivity,,,,,,,,0.0,0.0,0.0,['Forecast_Unavailable'],['Hard_Risk_Cap_Zero'],,,,,
2013-11-27,v2_relative_alpha_calibrated_experts_sensitivity,,,,,,,,0.0,0.0,0.0,['Forecast_Unavailable'],['Hard_Risk_Cap_Zero'],,,,,
2013-11-29,v2_relative_alpha_calibrated_experts_sensitivity,,,,,,,,0.0,0.0,0.0,['Forecast_Unavailable'],['Hard_Risk_Cap_Zero'],,,,,
2013-12-02,v2_relative_alpha_calibrated_experts_sensitivity,,,,,,,,0.0,0.0,0.0,['Forecast_Unavailable'],['Hard_Risk_Cap_Zero'],,,,,
2013-12-03,v2_relative_alpha_calibrated_experts_sensitivity,,,,,,,,0.0,0.0,0.0,['Forecast_Unavailable'],['Hard_Risk_Cap_Zero'],,,,,
2013-12-04,v2_relative_alpha_calibrated_experts_sensitivity,,,,,,,,0.0,0.0,0.0,['Forecast_Unavailable'],['Hard_Risk_Cap_Zero'],,,,,
2013-12-05,v2_relative_alpha_calibrated_experts_sensitivity,,,,,,,,0.0,0.0,0.0,['Forecast_Unavailable'],['Hard_Risk_Cap_Zero'],,,,,
2013-12-06,v2_relative_alpha_calibrated_experts_sensitivity,,,,,,,,0.0,0.0,0.0,['Forecast_Unavailable'],['Hard_Risk_Cap_Zero'],,,,,
2013-12-09,v2_relative_alpha_calibrated_experts_sensitivity,,,,,,,,0.0,0.0,0.0,['Forecast_Unavailable'],['Hard_Risk_Cap_Zero'],,,,,
2013-12-10,v2_relative_alpha_calibrated_experts_sensitivity,,,,,,,,0.0,0.0,0.0,['Forecast_Unavailable'],['Hard_Risk_Cap_Zero'],,,,,
2013-12-11,v2_relative_alpha_calibrated_experts_sensitivity,,,,,,,,0.0,0.0,0.0,['Forecast_Unavailable'],['Hard_Risk_Cap_Zero'],,,,,
2013-12-12,v2_relative_alpha_calibrated_experts_sensitivity,,,,,,,,0.0,0.0,0.0,['Forecast_Unavailable'],['Hard_Risk_Cap_Zero'],,,,,
2013-12-13,v2_relative_alpha_calibrated_experts_sensitivity,,,,,,,,0.0,0.0,0.0,['Forecast_Unavailable'],['Hard_Risk_Cap_Zero'],,,,,
2013-12-16,v2_relative_alpha_calibrated_experts_sensitivity,,,,,,,,0.0,0.0,0.0,['Forecast_Unavailable'],['Hard_Risk_Cap_Zero'],,,,,
2013-12-17,v2_relative_alpha_calibrated_experts_sensitivity,,,,,,,,0.0,0.0,0.0,['Forecast_Unavailable'],['Hard_Risk_Cap_Zero'],,,,,
2013-12-18,v2_relative_alpha_calibrated_experts_sensitivity,,,,,,,,0.0,0.0,0.0,['Forecast_Unavailable'],['Hard_Risk_Cap_Zero'],,,,,
2013-12-19,v2_relative_alpha_calibrated_experts_sensitivity,,,,,,,,0.0,0.0,0.0,['Forecast_Unavailable'],['Hard_Risk_Cap_Zero'],,,,,
2013-12-20,v2_relative_alpha_calibrated_experts_sensitivity,,,,,,,,0.0,0.0,0.0,['Forecast_Unavailable'],['Hard_Risk_Cap_Zero'],,,,,
2013-12-23,v2_relative_alpha_calibrated_experts_sensitivity,,,,,,,,0.0,0.0,0.0,['Forecast_Unavailable'],['Hard_Risk_Cap_Zero'],,,,,
2013-12-24,v2_relative_alpha_calibrated_experts_sensitivity,,,,,,,,0.0,0.0,0.0,['Forecast_Unavailable'],['Hard_Risk_Cap_Zero'],,,,,
2013-12-26,v2_relative_alpha_calibrated_experts_sensitivity,,,,,,,,0.0,0.0,0.0,['Forecast_Unavailable'],['Hard_Risk_Cap_Zero'],,,,,
2013-12-27,v2_relative_alpha_calibrated_experts_sensitivity,,,,,,,,0.0,0.0,0.0,['Forecast_Unavailable'],['Hard_Risk_Cap_Zero'],,,,,
2013-12-30,v2_relative_alpha_calibrated_experts_sensitivity,,,,,,,,0.0,0.0,0.0,['Forecast_Unavailable'],['Hard_Risk_Cap_Zero'],,,,,
2013-12-31,v2_relative_alpha_calibrated_experts_sensitivity,,,,,,,,0.0,0.0,0.0,['Forecast_Unavailable'],['Hard_Risk_Cap_Zero'],,,,,
2014-01-02,v2_relative_alpha_calibrated_experts_sensitivity,,,,,,,,0.0,0.0,0.0,['Forecast_Unavailable'],['Hard_Risk_Cap_Zero'],,,,,
2014-01-03,v2_relative_alpha_calibrated_experts_sensitivity,,,,,,,,0.0,0.0,0.0,['Forecast_Unavailable'],['Hard_Risk_Cap_Zero'],,,,,
2014-01-06,v2_relative_alpha_calibrated_experts_sensitivity,,,,,,,,0.0,0.0,0.0,['Forecast_Unavailable'],['Hard_Risk_Cap_Zero'],,,,,
2014-01-07,v2_relative_alpha_calibrated_experts_sensitivity,,,,,,,,0.0,0.0,0.0,['Forecast_Unavailable'],['Hard_Risk_Cap_Zero'],,,,,
2014-01-08,v2_relative_alpha_calibrated_experts_sensitivity,,,,,,,,0.0,0.0,0.0,['Forecast_Unavailable'],['Hard_Risk_Cap_Zero'],,,,,
2014-01-09,v2_relative_alpha_calibrated_experts_sensitivity,,,,,,,,0.0,0.0,0.0,['Forecast_Unavailable'],['Hard_Risk_Cap_Zero'],,,,,
2014-01-10,v2_relative_alpha_calibrated_experts_sensitivity,,,,,,,,0.0,0.0,0.0,['Forecast_Unavailable'],['Hard_Risk_Cap_Zero'],,,,,
2014-01-13,v2_relative_alpha_calibrated_experts_sensitivity,,,,,,,,0.0,0.0,0.0,['Forecast_Unavailable'],['Hard_Risk_Cap_Zero'],,,,,
2014-01-14,v2_relative_alpha_calibrated_experts_sensitivity,,,,,,,,0.0,0.0,0.0,['Forecast_Unavailable'],['Hard_Risk_Cap_Zero'],,,,,
2014-01-15,v2_relative_alpha_calibrated_experts_sensitivity,,,,,,,,0.0,0.0,0.0,['Forecast_Unavailable'],['Hard_Risk_Cap_Zero'],,,,,
2014-01-16,v2_relative_alpha_calibrated_experts_sensitivity,,,,,,,,0.0,0.0,0.0,['Forecast_Unavailable'],['Hard_Risk_Cap_Zero'],,,,,
2014-01-17,v2_relative_alpha_calibrated_experts_sensitivity,,,,,,,,0.0,0.0,0.0,['Forecast_Unavailable'],['Hard_Risk_Cap_Zero'],,,,,
2014-01-21,v2_relative_alpha_calibrated_experts_sensitivity,,,,,,,,0.0,0.0,0.0,['Forecast_Unavailable'],['Hard_Risk_Cap_Zero'],,,,,
2014-01-22,v2_relative_alpha_calibrated_experts_sensitivity,,,,,,,,0.0,0.0,0.0,['Forecast_Unavailable'],['Hard_Risk_Cap_Zero'],,,,,
2014-01-23,v2_relative_alpha_calibrated_experts_sensitivity,,,,,,,,0.0,0.0,0.0,['Forecast_Unavailable'],['Hard_Risk_Cap_Zero'],,,,,
2014-01-24,v2_relative_alpha_calibrated_experts_sensitivity,,,,,,,,0.0,0.0,0.0,['Forecast_Unavailable'],['Hard_Risk_Cap_Zero'],,,,,
2014-01-27,v2_relative_alpha_calibrated_experts_sensitivity,,,,,,,,0.0,0.0,0.0,['Forecast_Unavailable'],['Hard_Risk_Cap_Zero'],,,,,
2014-01-28,v2_relative_alpha_calibrated_experts_sensitivity,,,,,,,,0.0,0.0,0.0,['Forecast_Unavailable'],['Hard_Risk_Cap_Zero'],,,,,
2014-01-29,v2_relative_alpha_calibrated_experts_sensitivity,,,,,,,,0.0,0.0,0.0,['Forecast_Unavailable'],['Hard_Risk_Cap_Zero'],,,,,
2014-01-30,v2_relative_alpha_calibrated_experts_sensitivity,,,,,,,,0.0,0.0,0.0,['Forecast_Unavailable'],['Hard_Risk_Cap_Zero'],,,,,
2014-01-31,v2_relative_alpha_calibrated_experts_sensitivity,,,,,,,,0.0,0.0,0.0,['Forecast_Unavailable'],['Hard_Risk_Cap_Zero'],,,,,
2014-02-03,v2_relative_alpha_calibrated_experts_sensitivity,,,,,,,,0.0,0.0,0.0,['Forecast_Unavailable'],['Hard_Risk_Cap_Zero'],,,,,
2014-02-04,v2_relative_alpha_calibrated_experts_sensitivity,,,,,,,,0.0,0.0,0.0,['Forecast_Unavailable'],['Hard_Risk_Cap_Zero'],,,,,
2014-02-05,v2_relative_alpha_calibrated_experts_sensitivity,,,,,,,,0.0,0.0,0.0,['Forecast_Unavailable'],['Hard_Risk_Cap_Zero'],,,,,
2014-02-06,v2_relative_alpha_calibrated_experts_sensitivity,,,,,,,,0.0,0.0,0.0,['Forecast_Unavailable'],['Hard_Risk_Cap_Zero'],,,,,
2014-02-07,v2_relative_alpha_calibrated_experts_sensitivity,,,,,,,,0.0,0.0,0.0,['Forecast_Unavailable'],['Hard_Risk_Cap_Zero'],,,,,
2014-02-10,v2_relative_alpha_calibrated_experts_sensitivity,,,,,,,,0.0,0.0,0.0,['Forecast_Unavailable'],['Hard_Risk_Cap_Zero'],,,,,
2014-02-11,v2_relative_alpha_calibrated_experts_sensitivity,,,,,,,,0.0,0.0,0.0,['Forecast_Unavailable'],['Hard_Risk_Cap_Zero'],,,,,
2014-02-12,v2_relative_alpha_calibrated_experts_sensitivity,,,,,,,,0.0,0.0,0.0,['Forecast_Unavailable'],['Hard_Risk_Cap_Zero'],,,,,
2014-02-13,v2_relative_alpha_calibrated_experts_sensitivity,,,,,,,,0.0,0.0,0.0,['Forecast_Unavailable'],['Hard_Risk_Cap_Zero'],,,,,
2014-02-14,v2_relative_alpha_calibrated_experts_sensitivity,,,,,,,,0.0,0.0,0.0,['Forecast_Unavailable'],['Hard_Risk_Cap_Zero'],,,,,
2014-02-18,v2_relative_alpha_calibrated_experts_sensitivity,,,,,,,,0.0,0.0,0.0,['Forecast_Unavailable'],['Hard_Risk_Cap_Zero'],,,,,
2014-02-19,v2_relative_alpha_calibrated_experts_sensitivity,,,,,,,,0.0,0.0,0.0,['Forecast_Unavailable'],['Hard_Risk_Cap_Zero'],,,,,
2014-02-20,v2_relative_alpha_calibrated_experts_sensitivity,,,,,,,,0.0,0.0,0.0,['Forecast_Unavailable'],['Hard_Risk_Cap_Zero'],,,,,
2014-02-21,v2_relative_alpha_calibrated_experts_sensitivity,,,,,,,,0.0,0.0,0.0,['Forecast_Unavailable'],['Hard_Risk_Cap_Zero'],,,,,
2014-02-24,v2_relative_alpha_calibrated_experts_sensitivity,,,,,,,,0.0,0.0,0.0,['Forecast_Unavailable'],['Hard_Risk_Cap_Zero'],,,,,
2014-02-25,v2_relative_alpha_calibrated_experts_sensitivity,,,,,,,,0.0,0.0,0.0,['Forecast_Unavailable'],['Hard_Risk_Cap_Zero'],,,,,
2014-02-26,v2_relative_alpha_calibrated_experts_sensitivity,,,,,,,,0.0,0.0,0.0,['Forecast_Unavailable'],['Hard_Risk_Cap_Zero'],,,,,
2014-02-27,v2_relative_alpha_calibrated_experts_sensitivity,,,,,,,,0.0,0.0,0.0,['Forecast_Unavailable'],['Hard_Risk_Cap_Zero'],,,,,
2014-02-28,v2_relative_alpha_calibrated_experts_sensitivity,,,,,,,,0.0,0.0,0.0,['Forecast_Unavailable'],['Hard_Risk_Cap_Zero'],,,,,
2014-03-03,v2_relative_alpha_calibrated_experts_sensitivity,,,,,,,,0.0,0.0,0.0,['Forecast_Unavailable'],['Hard_Risk_Cap_Zero'],,,,,
2014-03-04,v2_relative_alpha_calibrated_experts_sensitivity,,,,,,,,0.0,0.0,0.0,['Forecast_Unavailable'],['Hard_Risk_Cap_Zero'],,,,,
2014-03-05,v2_relative_alpha_calibrated_experts_sensitivity,,,,,,,,0.0,0.0,0.0,['Forecast_Unavailable'],['Hard_Risk_Cap_Zero'],,,,,
2014-03-06,v2_relative_alpha_calibrated_experts_sensitivity,,,,,,,,0.0,0.0,0.0,['Forecast_Unavailable'],['Hard_Risk_Cap_Zero'],,,,,
2014-03-07,v2_relative_alpha_calibrated_experts_sensitivity,,,,,,,,0.0,0.0,0.0,['Forecast_Unavailable'],['Hard_Risk_Cap_Zero'],,,,,
2014-03-10,v2_relative_alpha_calibrated_experts_sensitivity,,,,,,,,0.0,0.0,0.0,['Forecast_Unavailable'],['Hard_Risk_Cap_Zero'],,,,,
2014-03-11,v2_relative_alpha_calibrated_experts_sensitivity,,,,,,,,0.0,0.0,0.0,['Forecast_Unavailable'],['Hard_Risk_Cap_Zero'],,,,,
2014-03-12,v2_relative_alpha_calibrated_experts_sensitivity,,,,,,,,0.0,0.0,0.0,['Forecast_Unavailable'],['Hard_Risk_Cap_Zero'],,,,,
2014-03-13,v2_relative_alpha_calibrated_experts_sensitivity,,,,,,,,0.0,0.0,0.0,['Forecast_Unavailable'],['Hard_Risk_Cap_Zero'],,,,,
2014-03-14,v2_relative_alpha_calibrated_experts_sensitivity,,,,,,,,0.0,0.0,0.0,['Forecast_Unavailable'],['Hard_Risk_Cap_Zero'],,,,,
2014-03-17,v2_relative_alpha_calibrated_experts_sensitivity,,,,,,,,0.0,0.0,0.0,['Forecast_Unavailable'],['Hard_Risk_Cap_Zero'],,,,,
2014-03-18,v2_relative_alpha_calibrated_experts_sensitivity,,,,,,,,0.0,0.0,0.0,['Forecast_Unavailable'],['Hard_Risk_Cap_Zero'],,,,,
2014-03-19,v2_relative_alpha_calibrated_experts_sensitivity,,,,,,,,0.0,0.0,0.0,['Forecast_Unavailable'],['Hard_Risk_Cap_Zero'],,,,,
2014-03-20,v2_relative_alpha_calibrated_experts_sensitivity,,,,,,,,0.0,0.0,0.0,['Forecast_Unavailable'],['Hard_Risk_Cap_Zero'],,,,,
2014-03-21,v2_relative_alpha_calibrated_experts_sensitivity,,,,,,,,0.0,0.0,0.0,['Forecast_Unavailable'],['Hard_Risk_Cap_Zero'],,,,,
2014-03-24,v2_relative_alpha_calibrated_experts_sensitivity,,,,,,,,0.0,0.0,0.0,['Forecast_Unavailable'],['Hard_Risk_Cap_Zero'],,,,,
2014-03-25,v2_relative_alpha_calibrated_experts_sensitivity,,,,,,,,0.0,0.0,0.0,['Forecast_Unavailable'],['Hard_Risk_Cap_Zero'],,,,,
2014-03-26,v2_relative_alpha_calibrated_experts_sensitivity,,,,,,,,0.0,0.0,0.0,['Forecast_Unavailable'],['Hard_Risk_Cap_Zero'],,,,,
2014-03-27,v2_relative_alpha_calibrated_experts_sensitivity,,,,,,,,0.0,0.0,0.0,['Forecast_Unavailable'],['Hard_Risk_Cap_Zero'],,,,,
2014-03-28,v2_relative_alpha_calibrated_experts_sensitivity,,,,,,,,0.0,0.0,0.0,['Forecast_Unavailable'],['Hard_Risk_Cap_Zero'],,,,,
2014-03-31,v2_relative_alpha_calibrated_experts_sensitivity,,,,,,,,0.0,0.0,0.0,['Forecast_Unavailable'],['Hard_Risk_Cap_Zero'],,,,,
2014-04-01,v2_relative_alpha_calibrated_experts_sensitivity,,,,,,,,0.0,0.0,0.0,['Forecast_Unavailable'],['Hard_Risk_Cap_Zero'],,,,,
2014-04-02,v2_relative_alpha_calibrated_experts_sensitivity,,,,,,,,0.0,0.0,0.0,['Forecast_Unavailable'],['Hard_Risk_Cap_Zero'],,,,,
2014-04-03,v2_relative_alpha_calibrated_experts_sensitivity,,,,,,,,0.0,0.0,0.0,['Forecast_Unavailable'],['Hard_Risk_Cap_Zero'],,,,,
2014-04-04,v2_relative_alpha_calibrated_experts_sensitivity,,,,,,,,0.0,0.0,0.0,['Forecast_Unavailable'],['Hard_Risk_Cap_Zero'],,,,,
2014-04-07,v2_relative_alpha_calibrated_experts_sensitivity,,,,,,,,0.0,0.0,0.0,['Forecast_Unavailable'],['Hard_Risk_Cap_Zero'],,,,,
2014-04-08,v2_relative_alpha_calibrated_experts_sensitivity,,,,,,,,0.0,0.0,0.0,['Forecast_Unavailable'],['Hard_Risk_Cap_Zero'],,,,,
2014-04-09,v2_relative_alpha_calibrated_experts_sensitivity,,,,,,,,0.0,0.0,0.0,['Forecast_Unavailable'],['Hard_Risk_Cap_Zero'],,,,,
2014-04-10,v2_relative_alpha_calibrated_experts_sensitivity,,,,,,,,0.0,0.0,0.0,['Forecast_Unavailable'],['Hard_Risk_Cap_Zero'],,,,,
2014-04-11,v2_relative_alpha_calibrated_experts_sensitivity,,,,,,,,0.0,0.0,0.0,['Forecast_Unavailable'],['Hard_Risk_Cap_Zero'],,,,,
2014-04-14,v2_relative_alpha_calibrated_experts_sensitivity,,,,,,,,0.0,0.0,0.0,['Forecast_Unavailable'],['Hard_Risk_Cap_Zero'],,,,,
2014-04-15,v2_relative_alpha_calibrated_experts_sensitivity,,,,,,,,0.0,0.0,0.0,['Forecast_Unavailable'],['Hard_Risk_Cap_Zero'],,,,,
2014-04-16,v2_relative_alpha_calibrated_experts_sensitivity,,,,,,,,0.0,0.0,0.0,['Forecast_Unavailable'],['Hard_Risk_Cap_Zero'],,,,,
2014-04-17,v2_relative_alpha_calibrated_experts_sensitivity,,,,,,,,0.0,0.0,0.0,['Forecast_Unavailable'],['Hard_Risk_Cap_Zero'],,,,,
2014-04-21,v2_relative_alpha_calibrated_experts_sensitivity,,,,,,,,0.0,0.0,0.0,['Forecast_Unavailable'],['Hard_Risk_Cap_Zero'],,,,,
2014-04-22,v2_relative_alpha_calibrated_experts_sensitivity,,,,,,,,0.0,0.0,0.0,['Forecast_Unavailable'],['Hard_Risk_Cap_Zero'],,,,,
2014-04-23,v2_relative_alpha_calibrated_experts_sensitivity,,,,,,,,0.0,0.0,0.0,['Forecast_Unavailable'],['Hard_Risk_Cap_Zero'],,,,,
2014-04-24,v2_relative_alpha_calibrated_experts_sensitivity,,,,,,,,0.0,0.0,0.0,['Forecast_Unavailable'],['Hard_Risk_Cap_Zero'],,,,,
2014-04-25,v2_relative_alpha_calibrated_experts_sensitivity,,,,,,,,0.0,0.0,0.0,['Forecast_Unavailable'],['Hard_Risk_Cap_Zero'],,,,,
2014-04-28,v2_relative_alpha_calibrated_experts_sensitivity,,,,,,,,0.0,0.0,0.0,['Forecast_Unavailable'],['Hard_Risk_Cap_Zero'],,,,,
2014-04-29,v2_relative_alpha_calibrated_experts_sensitivity,,,,,,,,0.0,0.0,0.0,['Forecast_Unavailable'],['Hard_Risk_Cap_Zero'],,,,,
2014-04-30,v2_relative_alpha_calibrated_experts_sensitivity,,,,,,,,0.0,0.0,0.0,['Forecast_Unavailable'],['Hard_Risk_Cap_Zero'],,,,,
2014-05-01,v2_relative_alpha_calibrated_experts_sensitivity,,,,,,,,0.0,0.0,0.0,['Forecast_Unavailable'],['Hard_Risk_Cap_Zero'],,,,,
2014-05-02,v2_relative_alpha_calibrated_experts_sensitivity,,,,,,,,0.0,0.0,0.0,['Forecast_Unavailable'],['Hard_Risk_Cap_Zero'],,,,,
2014-05-05,v2_relative_alpha_calibrated_experts_sensitivity,,,,,,,,0.0,0.0,0.0,['Forecast_Unavailable'],['Hard_Risk_Cap_Zero'],,,,,
2014-05-06,v2_relative_alpha_calibrated_experts_sensitivity,,,,,,,,0.0,0.0,0.0,['Forecast_Unavailable'],['Hard_Risk_Cap_Zero'],,,,,
2014-05-07,v2_relative_alpha_calibrated_experts_sensitivity,,,,,,,,0.0,0.0,0.0,['Forecast_Unavailable'],['Hard_Risk_Cap_Zero'],,,,,
2014-05-08,v2_relative_alpha_calibrated_experts_sensitivity,,,,,,,,0.0,0.0,0.0,['Forecast_Unavailable'],['Hard_Risk_Cap_Zero'],,,,,
2014-05-09,v2_relative_alpha_calibrated_experts_sensitivity,,,,,,,,0.0,0.0,0.0,['Forecast_Unavailable'],['Hard_Risk_Cap_Zero'],,,,,
2014-05-12,v2_relative_alpha_calibrated_experts_sensitivity,,,,,,,,0.0,0.0,0.0,['Forecast_Unavailable'],['Hard_Risk_Cap_Zero'],,,,,
2014-05-13,v2_relative_alpha_calibrated_experts_sensitivity,,,,,,,,0.0,0.0,0.0,['Forecast_Unavailable'],['Hard_Risk_Cap_Zero'],,,,,
2014-05-14,v2_relative_alpha_calibrated_experts_sensitivity,,,,,,,,0.0,0.0,0.0,['Forecast_Unavailable'],['Hard_Risk_Cap_Zero'],,,,,
2014-05-15,v2_relative_alpha_calibrated_experts_sensitivity,,,,,,,,0.0,0.0,0.0,['Forecast_Unavailable'],['Hard_Risk_Cap_Zero'],,,,,
2014-05-16,v2_relative_alpha_calibrated_experts_sensitivity,,,,,,,,0.0,0.0,0.0,['Forecast_Unavailable'],['Hard_Risk_Cap_Zero'],,,,,
2014-05-19,v2_relative_alpha_calibrated_experts_sensitivity,,,,,,,,0.0,0.0,0.0,['Forecast_Unavailable'],['Hard_Risk_Cap_Zero'],,,,,
2014-05-20,v2_relative_alpha_calibrated_experts_sensitivity,,,,,,,,0.0,0.0,0.0,['Forecast_Unavailable'],['Hard_Risk_Cap_Zero'],,,,,
2014-05-21,v2_relative_alpha_calibrated_experts_sensitivity,,,,,,,,0.0,0.0,0.0,['Forecast_Unavailable'],['Hard_Risk_Cap_Zero'],,,,,
2014-05-22,v2_relative_alpha_calibrated_experts_sensitivity,,,,,,,,0.0,0.0,0.0,['Forecast_Unavailable'],['Hard_Risk_Cap_Zero'],,,,,
2014-05-23,v2_relative_alpha_calibrated_experts_sensitivity,,,,,,,,0.0,0.0,0.0,['Forecast_Unavailable'],['Hard_Risk_Cap_Zero'],,,,,
2014-05-27,v2_relative_alpha_calibrated_experts_sensitivity,,,,,,,,0.0,0.0,0.0,['Forecast_Unavailable'],['Hard_Risk_Cap_Zero'],,,,,
2014-05-28,v2_relative_alpha_calibrated_experts_sensitivity,,,,,,,,0.0,0.0,0.0,['Forecast_Unavailable'],['Hard_Risk_Cap_Zero'],,,,,
2014-05-29,v2_relative_alpha_calibrated_experts_sensitivity,,,,,,,,0.0,0.0,0.0,['Forecast_Unavailable'],['Hard_Risk_Cap_Zero'],,,,,
2014-05-30,v2_relative_alpha_calibrated_experts_sensitivity,,,,,,,,0.0,0.0,0.0,['Forecast_Unavailable'],['Hard_Risk_Cap_Zero'],,,,,
2014-06-02,v2_relative_alpha_calibrated_experts_sensitivity,,,,,,,,0.0,0.0,0.0,['Forecast_Unavailable'],['Hard_Risk_Cap_Zero'],,,,,
2014-06-03,v2_relative_alpha_calibrated_experts_sensitivity,,,,,,,,0.0,0.0,0.0,['Forecast_Unavailable'],['Hard_Risk_Cap_Zero'],,,,,
2014-06-04,v2_relative_alpha_calibrated_experts_sensitivity,,,,,,,,0.0,0.0,0.0,['Forecast_Unavailable'],['Hard_Risk_Cap_Zero'],,,,,
2014-06-05,v2_relative_alpha_calibrated_experts_sensitivity,,,,,,,,0.0,0.0,0.0,['Forecast_Unavailable'],['Hard_Risk_Cap_Zero'],,,,,
2014-06-06,v2_relative_alpha_calibrated_experts_sensitivity,,,,,,,,0.0,0.0,0.0,['Forecast_Unavailable'],['Hard_Risk_Cap_Zero'],,,,,
2014-06-09,v2_relative_alpha_calibrated_experts_sensitivity,,,,,,,,0.0,0.0,0.0,['Forecast_Unavailable'],['Hard_Risk_Cap_Zero'],,,,,
2014-06-10,v2_relative_alpha_calibrated_experts_sensitivity,,,,,,,,0.0,0.0,0.0,['Forecast_Unavailable'],['Hard_Risk_Cap_Zero'],,,,,
2014-06-11,v2_relative_alpha_calibrated_experts_sensitivity,,,,,,,,0.0,0.0,0.0,['Forecast_Unavailable'],['Hard_Risk_Cap_Zero'],,,,,
2014-06-12,v2_relative_alpha_calibrated_experts_sensitivity,,,,,,,,0.0,0.0,0.0,['Forecast_Unavailable'],['Hard_Risk_Cap_Zero'],,,,,
2014-06-13,v2_relative_alpha_calibrated_experts_sensitivity,,,,,,,,0.0,0.0,0.0,['Forecast_Unavailable'],['Hard_Risk_Cap_Zero'],,,,,
2014-06-16,v2_relative_alpha_calibrated_experts_sensitivity,,,,,,,,0.0,0.0,0.0,['Forecast_Unavailable'],['Hard_Risk_Cap_Zero'],,,,,
2014-06-17,v2_relative_alpha_calibrated_experts_sensitivity,,,,,,,,0.0,0.0,0.0,['Forecast_Unavailable'],['Hard_Risk_Cap_Zero'],,,,,
2014-06-18,v2_relative_alpha_calibrated_experts_sensitivity,,,,,,,,0.0,0.0,0.0,['Forecast_Unavailable'],['Hard_Risk_Cap_Zero'],,,,,
2014-06-19,v2_relative_alpha_calibrated_experts_sensitivity,,,,,,,,0.0,0.0,0.0,['Forecast_Unavailable'],['Hard_Risk_Cap_Zero'],,,,,
2014-06-20,v2_relative_alpha_calibrated_experts_sensitivity,,,,,,,,0.0,0.0,0.0,['Forecast_Unavailable'],['Hard_Risk_Cap_Zero'],,,,,
2014-06-23,v2_relative_alpha_calibrated_experts_sensitivity,,,,,,,,0.0,0.0,0.0,['Forecast_Unavailable'],['Hard_Risk_Cap_Zero'],,,,,
2014-06-24,v2_relative_alpha_calibrated_experts_sensitivity,,,,,,,,0.0,0.0,0.0,['Forecast_Unavailable'],['Hard_Risk_Cap_Zero'],,,,,
2014-06-25,v2_relative_alpha_calibrated_experts_sensitivity,,,,,,,,0.0,0.0,0.0,['Forecast_Unavailable'],['Hard_Risk_Cap_Zero'],,,,,
2014-06-26,v2_relative_alpha_calibrated_experts_sensitivity,,,,,,,,0.0,0.0,0.0,['Forecast_Unavailable'],['Hard_Risk_Cap_Zero'],,,,,
2014-06-27,v2_relative_alpha_calibrated_experts_sensitivity,,,,,,,,0.0,0.0,0.0,['Forecast_Unavailable'],['Hard_Risk_Cap_Zero'],,,,,
2014-06-30,v2_relative_alpha_calibrated_experts_sensitivity,,,,,,,,0.0,0.0,0.0,['Forecast_Unavailable'],['Hard_Risk_Cap_Zero'],,,,,
2014-07-01,v2_relative_alpha_calibrated_experts_sensitivity,,,,,,,,0.0,0.0,0.0,['Forecast_Unavailable'],['Hard_Risk_Cap_Zero'],,,,,
2014-07-02,v2_relative_alpha_calibrated_experts_sensitivity,,,,,,,,0.0,0.0,0.0,['Forecast_Unavailable'],['Hard_Risk_Cap_Zero'],,,,,
2014-07-03,v2_relative_alpha_calibrated_experts_sensitivity,,,,,,,,0.0,0.0,0.0,['Forecast_Unavailable'],['Hard_Risk_Cap_Zero'],,,,,
2014-07-07,v2_relative_alpha_calibrated_experts_sensitivity,,,,,,,,0.0,0.0,0.0,['Forecast_Unavailable'],['Hard_Risk_Cap_Zero'],,,,,
2014-07-08,v2_relative_alpha_calibrated_experts_sensitivity,,,,,,,,0.0,0.0,0.0,['Forecast_Unavailable'],['Hard_Risk_Cap_Zero'],,,,,
2014-07-09,v2_relative_alpha_calibrated_experts_sensitivity,,,,,,,,0.0,0.0,0.0,['Forecast_Unavailable'],['Hard_Risk_Cap_Zero'],,,,,
2014-07-10,v2_relative_alpha_calibrated_experts_sensitivity,,,,,,,,0.0,0.0,0.0,['Forecast_Unavailable'],['Hard_Risk_Cap_Zero'],,,,,
2014-07-11,v2_relative_alpha_calibrated_experts_sensitivity,,,,,,,,0.0,0.0,0.0,['Forecast_Unavailable'],['Hard_Risk_Cap_Zero'],,,,,
2014-07-14,v2_relative_alpha_calibrated_experts_sensitivity,,,,,,,,0.0,0.0,0.0,['Forecast_Unavailable'],['Hard_Risk_Cap_Zero'],,,,,
2014-07-15,v2_relative_alpha_calibrated_experts_sensitivity,,,,,,,,0.0,0.0,0.0,['Forecast_Unavailable'],['Hard_Risk_Cap_Zero'],,,,,
2014-07-16,v2_relative_alpha_calibrated_experts_sensitivity,,,,,,,,0.0,0.0,0.0,['Forecast_Unavailable'],['Hard_Risk_Cap_Zero'],,,,,
2014-07-17,v2_relative_alpha_calibrated_experts_sensitivity,,,,,,,,0.0,0.0,0.0,['Forecast_Unavailable'],['Hard_Risk_Cap_Zero'],,,,,
2014-07-18,v2_relative_alpha_calibrated_experts_sensitivity,,,,,,,,0.0,0.0,0.0,['Forecast_Unavailable'],['Hard_Risk_Cap_Zero'],,,,,
2014-07-21,v2_relative_alpha_calibrated_experts_sensitivity,,,,,,,,0.0,0.0,0.0,['Forecast_Unavailable'],['Hard_Risk_Cap_Zero'],,,,,
2014-07-22,v2_relative_alpha_calibrated_experts_sensitivity,,,,,,,,0.0,0.0,0.0,['Forecast_Unavailable'],['Hard_Risk_Cap_Zero'],,,,,
2014-07-23,v2_relative_alpha_calibrated_experts_sensitivity,,,,,,,,0.0,0.0,0.0,['Forecast_Unavailable'],['Hard_Risk_Cap_Zero'],,,,,
2014-07-24,v2_relative_alpha_calibrated_experts_sensitivity,,,,,,,,0.0,0.0,0.0,['Forecast_Unavailable'],['Hard_Risk_Cap_Zero'],,,,,
2014-07-25,v2_relative_alpha_calibrated_experts_sensitivity,,,,,,,,0.0,0.0,0.0,['Forecast_Unavailable'],['Hard_Risk_Cap_Zero'],,,,,
2014-07-28,v2_relative_alpha_calibrated_experts_sensitivity,,,,,,,,0.0,0.0,0.0,['Forecast_Unavailable'],['Hard_Risk_Cap_Zero'],,,,,
2014-07-29,v2_relative_alpha_calibrated_experts_sensitivity,,,,,,,,0.0,0.0,0.0,['Forecast_Unavailable'],['Hard_Risk_Cap_Zero'],,,,,
2014-07-30,v2_relative_alpha_calibrated_experts_sensitivity,,,,,,,,0.0,0.0,0.0,['Forecast_Unavailable'],['Hard_Risk_Cap_Zero'],,,,,
2014-07-31,v2_relative_alpha_calibrated_experts_sensitivity,,,,,,,,0.0,0.0,0.0,['Forecast_Unavailable'],['Hard_Risk_Cap_Zero'],,,,,
2014-08-01,v2_relative_alpha_calibrated_experts_sensitivity,,,,,,,,0.0,0.0,0.0,['Forecast_Unavailable'],['Hard_Risk_Cap_Zero'],,,,,
2014-08-04,v2_relative_alpha_calibrated_experts_sensitivity,,,,,,,,0.0,0.0,0.0,['Forecast_Unavailable'],['Hard_Risk_Cap_Zero'],,,,,
2014-08-05,v2_relative_alpha_calibrated_experts_sensitivity,,,,,,,,0.0,0.0,0.0,['Forecast_Unavailable'],['Hard_Risk_Cap_Zero'],,,,,
2014-08-06,v2_relative_alpha_calibrated_experts_sensitivity,,,,,,,,0.0,0.0,0.0,['Forecast_Unavailable'],['Hard_Risk_Cap_Zero'],,,,,
2014-08-07,v2_relative_alpha_calibrated_experts_sensitivity,,,,,,,,0.0,0.0,0.0,['Forecast_Unavailable'],['Hard_Risk_Cap_Zero'],,,,,
2014-08-08,v2_relative_alpha_calibrated_experts_sensitivity,,,,,,,,0.0,0.0,0.0,['Forecast_Unavailable'],['Hard_Risk_Cap_Zero'],,,,,
2014-08-11,v2_relative_alpha_calibrated_experts_sensitivity,,,,,,,,0.0,0.0,0.0,['Forecast_Unavailable'],['Hard_Risk_Cap_Zero'],,,,,
2014-08-12,v2_relative_alpha_calibrated_experts_sensitivity,,,,,,,,0.0,0.0,0.0,['Forecast_Unavailable'],['Hard_Risk_Cap_Zero'],,,,,
2014-08-13,v2_relative_alpha_calibrated_experts_sensitivity,,,,,,,,0.0,0.0,0.0,['Forecast_Unavailable'],['Hard_Risk_Cap_Zero'],,,,,
2014-08-14,v2_relative_alpha_calibrated_experts_sensitivity,,,,,,,,0.0,0.0,0.0,['Forecast_Unavailable'],['Hard_Risk_Cap_Zero'],,,,,
2014-08-15,v2_relative_alpha_calibrated_experts_sensitivity,,,,,,,,0.0,0.0,0.0,['Forecast_Unavailable'],['Hard_Risk_Cap_Zero'],,,,,
2014-08-18,v2_relative_alpha_calibrated_experts_sensitivity,,,,,,,,0.0,0.0,0.0,['Forecast_Unavailable'],['Hard_Risk_Cap_Zero'],,,,,
2014-08-19,v2_relative_alpha_calibrated_experts_sensitivity,,,,,,,,0.0,0.0,0.0,['Forecast_Unavailable'],['Hard_Risk_Cap_Zero'],,,,,
2014-08-20,v2_relative_alpha_calibrated_experts_sensitivity,,,,,,,,0.0,0.0,0.0,['Forecast_Unavailable'],['Hard_Risk_Cap_Zero'],,,,,
2014-08-21,v2_relative_alpha_calibrated_experts_sensitivity,,,,,,,,0.0,0.0,0.0,['Forecast_Unavailable'],['Hard_Risk_Cap_Zero'],,,,,
2014-08-22,v2_relative_alpha_calibrated_experts_sensitivity,,,,,,,,0.0,0.0,0.0,['Forecast_Unavailable'],['Hard_Risk_Cap_Zero'],,,,,
2014-08-25,v2_relative_alpha_calibrated_experts_sensitivity,,,,,,,,0.0,0.0,0.0,['Forecast_Unavailable'],['Hard_Risk_Cap_Zero'],,,,,
2014-08-26,v2_relative_alpha_calibrated_experts_sensitivity,,,,,,,,0.0,0.0,0.0,['Forecast_Unavailable'],['Hard_Risk_Cap_Zero'],,,,,
2014-08-27,v2_relative_alpha_calibrated_experts_sensitivity,,,,,,,,0.0,0.0,0.0,['Forecast_Unavailable'],['Hard_Risk_Cap_Zero'],,,,,
2014-08-28,v2_relative_alpha_calibrated_experts_sensitivity,,,,,,,,0.0,0.0,0.0,['Forecast_Unavailable'],['Hard_Risk_Cap_Zero'],,,,,
2014-08-29,v2_relative_alpha_calibrated_experts_sensitivity,,,,,,,,0.0,0.0,0.0,['Forecast_Unavailable'],['Hard_Risk_Cap_Zero'],,,,,
2014-09-02,v2_relative_alpha_calibrated_experts_sensitivity,,,,,,,,0.0,0.0,0.0,['Forecast_Unavailable'],['Hard_Risk_Cap_Zero'],,,,,
2014-09-03,v2_relative_alpha_calibrated_experts_sensitivity,,,,,,,,0.0,0.0,0.0,['Forecast_Unavailable'],['Hard_Risk_Cap_Zero'],,,,,
2014-09-04,v2_relative_alpha_calibrated_experts_sensitivity,,,,,,,,0.0,0.0,0.0,['Forecast_Unavailable'],['Hard_Risk_Cap_Zero'],,,,,
2014-09-05,v2_relative_alpha_calibrated_experts_sensitivity,,,,,,,,0.0,0.0,0.0,['Forecast_Unavailable'],['Hard_Risk_Cap_Zero'],,,,,
2014-09-08,v2_relative_alpha_calibrated_experts_sensitivity,,,,,,,,0.0,0.0,0.0,['Forecast_Unavailable'],['Hard_Risk_Cap_Zero'],,,,,
2014-09-09,v2_relative_alpha_calibrated_experts_sensitivity,,,,,,,,0.0,0.0,0.0,['Forecast_Unavailable'],['Hard_Risk_Cap_Zero'],,,,,
2014-09-10,v2_relative_alpha_calibrated_experts_sensitivity,,,,,,,,0.0,0.0,0.0,['Forecast_Unavailable'],['Hard_Risk_Cap_Zero'],,,,,
2014-09-11,v2_relative_alpha_calibrated_experts_sensitivity,,,,,,,,0.0,0.0,0.0,['Forecast_Unavailable'],['Hard_Risk_Cap_Zero'],,,,,
2014-09-12,v2_relative_alpha_calibrated_experts_sensitivity,,,,,,,,0.0,0.0,0.0,['Forecast_Unavailable'],['Hard_Risk_Cap_Zero'],,,,,
2014-09-15,v2_relative_alpha_calibrated_experts_sensitivity,,,,,,,,0.0,0.0,0.0,['Forecast_Unavailable'],['Hard_Risk_Cap_Zero'],,,,,
2014-09-16,v2_relative_alpha_calibrated_experts_sensitivity,,,,,,,,0.0,0.0,0.0,['Forecast_Unavailable'],['Hard_Risk_Cap_Zero'],,,,,
2014-09-17,v2_relative_alpha_calibrated_experts_sensitivity,,,,,,,,0.0,0.0,0.0,['Forecast_Unavailable'],['Hard_Risk_Cap_Zero'],,,,,
2014-09-18,v2_relative_alpha_calibrated_experts_sensitivity,,,,,,,,0.0,0.0,0.0,['Forecast_Unavailable'],['Hard_Risk_Cap_Zero'],,,,,
2014-09-19,v2_relative_alpha_calibrated_experts_sensitivity,,,,,,,,0.0,0.0,0.0,['Forecast_Unavailable'],['Hard_Risk_Cap_Zero'],,,,,
2014-09-22,v2_relative_alpha_calibrated_experts_sensitivity,,,,,,,,0.0,0.0,0.0,['Forecast_Unavailable'],['Hard_Risk_Cap_Zero'],,,,,
2014-09-23,v2_relative_alpha_calibrated_experts_sensitivity,,,,,,,,0.0,0.0,0.0,['Forecast_Unavailable'],['Hard_Risk_Cap_Zero'],,,,,
2014-09-24,v2_relative_alpha_calibrated_experts_sensitivity,,,,,,,,0.0,0.0,0.0,['Forecast_Unavailable'],['Hard_Risk_Cap_Zero'],,,,,
2014-09-25,v2_relative_alpha_calibrated_experts_sensitivity,,,,,,,,0.0,0.0,0.0,['Forecast_Unavailable'],['Hard_Risk_Cap_Zero'],,,,,
2014-09-26,v2_relative_alpha_calibrated_experts_sensitivity,,,,,,,,0.0,0.0,0.0,['Forecast_Unavailable'],['Hard_Risk_Cap_Zero'],,,,,
2014-09-29,v2_relative_alpha_calibrated_experts_sensitivity,,,,,,,,0.0,0.0,0.0,['Forecast_Unavailable'],['Hard_Risk_Cap_Zero'],,,,,
2014-09-30,v2_relative_alpha_calibrated_experts_sensitivity,,,,,,,,0.0,0.0,0.0,['Forecast_Unavailable'],['Hard_Risk_Cap_Zero'],,,,,
2014-10-01,v2_relative_alpha_calibrated_experts_sensitivity,,,,,,,,0.0,0.0,0.0,['Forecast_Unavailable'],['Hard_Risk_Cap_Zero'],,,,,
2014-10-02,v2_relative_alpha_calibrated_experts_sensitivity,,,,,,,,0.0,0.0,0.0,['Forecast_Unavailable'],['Hard_Risk_Cap_Zero'],,,,,
2014-10-03,v2_relative_alpha_calibrated_experts_sensitivity,,,,,,,,0.0,0.0,0.0,['Forecast_Unavailable'],['Hard_Risk_Cap_Zero'],,,,,
2014-10-06,v2_relative_alpha_calibrated_experts_sensitivity,,,,,,,,0.0,0.0,0.0,['Forecast_Unavailable'],['Hard_Risk_Cap_Zero'],,,,,
2014-10-07,v2_relative_alpha_calibrated_experts_sensitivity,,,,,,,,0.0,0.0,0.0,['Forecast_Unavailable'],['Hard_Risk_Cap_Zero'],,,,,
2014-10-08,v2_relative_alpha_calibrated_experts_sensitivity,,,,,,,,0.0,0.0,0.0,['Forecast_Unavailable'],['Hard_Risk_Cap_Zero'],,,,,
2014-10-09,v2_relative_alpha_calibrated_experts_sensitivity,,,,,,,,0.0,0.0,0.0,['Forecast_Unavailable'],['Hard_Risk_Cap_Zero'],,,,,
2014-10-10,v2_relative_alpha_calibrated_experts_sensitivity,,,,,,,,0.0,0.0,0.0,['Forecast_Unavailable'],['Hard_Risk_Cap_Zero'],,,,,
2014-10-13,v2_relative_alpha_calibrated_experts_sensitivity,,,,,,,,0.0,0.0,0.0,['Forecast_Unavailable'],['Hard_Risk_Cap_Zero'],,,,,
2014-10-14,v2_relative_alpha_calibrated_experts_sensitivity,,,,,,,,0.0,0.0,0.0,['Forecast_Unavailable'],['Hard_Risk_Cap_Zero'],,,,,
2014-10-15,v2_relative_alpha_calibrated_experts_sensitivity,,,,,,,,0.0,0.0,0.0,['Forecast_Unavailable'],['Hard_Risk_Cap_Zero'],,,,,
2014-10-16,v2_relative_alpha_calibrated_experts_sensitivity,,,,,,,,0.0,0.0,0.0,['Forecast_Unavailable'],['Hard_Risk_Cap_Zero'],,,,,
2014-10-17,v2_relative_alpha_calibrated_experts_sensitivity,,,,,,,,0.0,0.0,0.0,['Forecast_Unavailable'],['Hard_Risk_Cap_Zero'],,,,,
2014-10-20,v2_relative_alpha_calibrated_experts_sensitivity,,,,,,,,0.0,0.0,0.0,['Forecast_Unavailable'],['Hard_Risk_Cap_Zero'],,,,,
2014-10-21,v2_relative_alpha_calibrated_experts_sensitivity,,,,,,,,0.0,0.0,0.0,['Forecast_Unavailable'],['Hard_Risk_Cap_Zero'],,,,,
2014-10-22,v2_relative_alpha_calibrated_experts_sensitivity,,,,,,,,0.0,0.0,0.0,['Forecast_Unavailable'],['Hard_Risk_Cap_Zero'],,,,,
2014-10-23,v2_relative_alpha_calibrated_experts_sensitivity,,,,,,,,0.0,0.0,0.0,['Forecast_Unavailable'],['Hard_Risk_Cap_Zero'],,,,,
2014-10-24,v2_relative_alpha_calibrated_experts_sensitivity,,,,,,,,0.0,0.0,0.0,['Forecast_Unavailable'],['Hard_Risk_Cap_Zero'],,,,,
2014-10-27,v2_relative_alpha_calibrated_experts_sensitivity,,,,,,,,0.0,0.0,0.0,['Forecast_Unavailable'],['Hard_Risk_Cap_Zero'],,,,,
2014-10-28,v2_relative_alpha_calibrated_experts_sensitivity,,,,,,,,0.0,0.0,0.0,['Forecast_Unavailable'],['Hard_Risk_Cap_Zero'],,,,,
2014-10-29,v2_relative_alpha_calibrated_experts_sensitivity,,,,,,,,0.0,0.0,0.0,['Forecast_Unavailable'],['Hard_Risk_Cap_Zero'],,,,,
2014-10-30,v2_relative_alpha_calibrated_experts_sensitivity,,,,,,,,0.0,0.0,0.0,['Forecast_Unavailable'],['Hard_Risk_Cap_Zero'],,,,,
2014-10-31,v2_relative_alpha_calibrated_experts_sensitivity,,,,,,,,0.0,0.0,0.0,['Forecast_Unavailable'],['Hard_Risk_Cap_Zero'],,,,,
2014-11-03,v2_relative_alpha_calibrated_experts_sensitivity,,,,,,,,0.0,0.0,0.0,['Forecast_Unavailable'],['Hard_Risk_Cap_Zero'],,,,,
2014-11-04,v2_relative_alpha_calibrated_experts_sensitivity,,,,,,,,0.0,0.0,0.0,['Forecast_Unavailable'],['Hard_Risk_Cap_Zero'],,,,,
2014-11-05,v2_relative_alpha_calibrated_experts_sensitivity,,,,,,,,0.0,0.0,0.0,['Forecast_Unavailable'],['Hard_Risk_Cap_Zero'],,,,,
2014-11-06,v2_relative_alpha_calibrated_experts_sensitivity,,,,,,,,0.0,0.0,0.0,['Forecast_Unavailable'],['Hard_Risk_Cap_Zero'],,,,,
2014-11-07,v2_relative_alpha_calibrated_experts_sensitivity,,,,,,,,0.0,0.0,0.0,['Forecast_Unavailable'],['Hard_Risk_Cap_Zero'],,,,,
2014-11-10,v2_relative_alpha_calibrated_experts_sensitivity,,,,,,,,0.0,0.0,0.0,['Forecast_Unavailable'],['Hard_Risk_Cap_Zero'],,,,,
2014-11-11,v2_relative_alpha_calibrated_experts_sensitivity,,,,,,,,0.0,0.0,0.0,['Forecast_Unavailable'],['Hard_Risk_Cap_Zero'],,,,,
2014-11-12,v2_relative_alpha_calibrated_experts_sensitivity,,,,,,,,0.0,0.0,0.0,['Forecast_Unavailable'],['Hard_Risk_Cap_Zero'],,,,,
2014-11-13,v2_relative_alpha_calibrated_experts_sensitivity,,,,,,,,0.0,0.0,0.0,['Forecast_Unavailable'],['Hard_Risk_Cap_Zero'],,,,,
2014-11-14,v2_relative_alpha_calibrated_experts_sensitivity,,,,,,,,0.0,0.0,0.0,['Forecast_Unavailable'],['Hard_Risk_Cap_Zero'],,,,,
2014-11-17,v2_relative_alpha_calibrated_experts_sensitivity,,,,,,,,0.0,0.0,0.0,['Forecast_Unavailable'],['Hard_Risk_Cap_Zero'],,,,,
2014-11-18,v2_relative_alpha_calibrated_experts_sensitivity,,,,,,,,0.0,0.0,0.0,['Forecast_Unavailable'],['Hard_Risk_Cap_Zero'],,,,,
2014-11-19,v2_relative_alpha_calibrated_experts_sensitivity,,,,,,,,0.0,0.0,0.0,['Forecast_Unavailable'],['Hard_Risk_Cap_Zero'],,,,,
2014-11-20,v2_relative_alpha_calibrated_experts_sensitivity,,,,,,,,0.0,0.0,0.0,['Forecast_Unavailable'],['Hard_Risk_Cap_Zero'],,,,,
2014-11-21,v2_relative_alpha_calibrated_experts_sensitivity,,,,,,,,0.0,0.0,0.0,['Forecast_Unavailable'],['Hard_Risk_Cap_Zero'],,,,,
2014-11-24,v2_relative_alpha_calibrated_experts_sensitivity,,,,,,,,0.0,0.0,0.0,['Forecast_Unavailable'],['Hard_Risk_Cap_Zero'],,,,,
2014-11-25,v2_relative_alpha_calibrated_experts_sensitivity,,,,,,,,0.0,0.0,0.0,['Forecast_Unavailable'],['Hard_Risk_Cap_Zero'],,,,,
2014-11-26,v2_relative_alpha_calibrated_experts_sensitivity,,,,,,,,0.0,0.0,0.0,['Forecast_Unavailable'],['Hard_Risk_Cap_Zero'],,,,,
2014-11-28,v2_relative_alpha_calibrated_experts_sensitivity,,,,,,,,0.0,0.0,0.0,['Forecast_Unavailable'],['Hard_Risk_Cap_Zero'],,,,,
2014-12-01,v2_relative_alpha_calibrated_experts_sensitivity,,,,,,,,0.0,0.0,0.0,['Forecast_Unavailable'],['Hard_Risk_Cap_Zero'],,,,,
2014-12-02,v2_relative_alpha_calibrated_experts_sensitivity,,,,,,,,0.0,0.0,0.0,['Forecast_Unavailable'],['Hard_Risk_Cap_Zero'],,,,,
2014-12-03,v2_relative_alpha_calibrated_experts_sensitivity,,,,,,,,0.0,0.0,0.0,['Forecast_Unavailable'],['Hard_Risk_Cap_Zero'],,,,,
2014-12-04,v2_relative_alpha_calibrated_experts_sensitivity,,,,,,,,0.0,0.0,0.0,['Forecast_Unavailable'],['Hard_Risk_Cap_Zero'],,,,,
2014-12-05,v2_relative_alpha_calibrated_experts_sensitivity,,,,,,,,0.0,0.0,0.0,['Forecast_Unavailable'],['Hard_Risk_Cap_Zero'],,,,,
2014-12-08,v2_relative_alpha_calibrated_experts_sensitivity,,,,,,,,0.0,0.0,0.0,['Forecast_Unavailable'],['Hard_Risk_Cap_Zero'],,,,,
2014-12-09,v2_relative_alpha_calibrated_experts_sensitivity,,,,,,,,0.0,0.0,0.0,['Forecast_Unavailable'],['Hard_Risk_Cap_Zero'],,,,,
2014-12-10,v2_relative_alpha_calibrated_experts_sensitivity,,,,,,,,0.0,0.0,0.0,['Forecast_Unavailable'],['Hard_Risk_Cap_Zero'],,,,,
2014-12-11,v2_relative_alpha_calibrated_experts_sensitivity,,,,,,,,0.0,0.0,0.0,['Forecast_Unavailable'],['Hard_Risk_Cap_Zero'],,,,,
2014-12-12,v2_relative_alpha_calibrated_experts_sensitivity,,,,,,,,0.0,0.0,0.0,['Forecast_Unavailable'],['Hard_Risk_Cap_Zero'],,,,,
2014-12-15,v2_relative_alpha_calibrated_experts_sensitivity,,,,,,,,0.0,0.0,0.0,['Forecast_Unavailable'],"['Risk_Above_55_Penalty', 'Liquidity_Below_45_Penalty', 'Coverage_Below_80_Cap']",,,,,
2014-12-16,v2_relative_alpha_calibrated_experts_sensitivity,,,,,,,,0.0,0.0,0.0,['Forecast_Unavailable'],"['Risk_Above_55_Penalty', 'Coverage_Below_80_Cap', 'Weak_Regime_Cap', 'VIX_Backwardation_Cap']",,,,,
2014-12-17,v2_relative_alpha_calibrated_experts_sensitivity,,,,,,,,0.0,1.0,0.0,['Forecast_Unavailable'],"['Risk_Above_55_Penalty', 'Liquidity_Below_45_Penalty', 'Coverage_Below_80_Cap', 'Weak_Regime_Cap']",,,,,
2014-12-18,v2_relative_alpha_calibrated_experts_sensitivity,,,,,,,,0.0,2.0,0.0,['Forecast_Unavailable'],"['Risk_Above_55_Penalty', 'Coverage_Below_80_Cap']",,,,,
2014-12-19,v2_relative_alpha_calibrated_experts_sensitivity,,,,,,,,0.0,1.0,0.0,['Forecast_Unavailable'],"['Risk_Above_55_Penalty', 'Liquidity_Below_45_Penalty', 'Coverage_Below_80_Cap']",,,,,
2014-12-22,v2_relative_alpha_calibrated_experts_sensitivity,,,,,,,,0.0,1.0,0.0,['Forecast_Unavailable'],"['Risk_Above_55_Penalty', 'Liquidity_Below_45_Penalty', 'Coverage_Below_80_Cap']",,,,,
2014-12-23,v2_relative_alpha_calibrated_experts_sensitivity,,,,,,,,0.0,3.0,0.0,['Forecast_Unavailable'],"['Risk_Above_55_Penalty', 'Liquidity_Below_45_Penalty', 'Coverage_Below_80_Cap']",,,,,
2014-12-24,v2_relative_alpha_calibrated_experts_sensitivity,,,,,,,,0.0,4.0,0.0,['Forecast_Unavailable'],"['Risk_Above_55_Penalty', 'Coverage_Below_80_Cap']",,,,,
2014-12-26,v2_relative_alpha_calibrated_experts_sensitivity,,,,,,,,0.0,1.0,0.0,['Forecast_Unavailable'],"['Risk_Above_55_Penalty', 'Liquidity_Below_45_Penalty', 'Coverage_Below_80_Cap']",,,,,
2014-12-29,v2_relative_alpha_calibrated_experts_sensitivity,,,,,,,,0.0,1.0,0.0,['Forecast_Unavailable'],"['Risk_Above_55_Penalty', 'Liquidity_Below_45_Penalty', 'Coverage_Below_80_Cap']",,,,,
2014-12-30,v2_relative_alpha_calibrated_experts_sensitivity,,,,,,,,0.0,3.0,0.0,['Forecast_Unavailable'],"['Risk_Above_55_Penalty', 'Liquidity_Below_45_Penalty', 'Coverage_Below_80_Cap']",,,,,
2014-12-31,v2_relative_alpha_calibrated_experts_sensitivity,,,,,,,,0.0,1.0,0.0,['Forecast_Unavailable'],"['Risk_Above_55_Penalty', 'Liquidity_Below_45_Penalty', 'Coverage_Below_80_Cap']",,,,,
2015-01-02,v2_relative_alpha_calibrated_experts_sensitivity,,,,,,,,0.0,0.0,0.0,['Forecast_Unavailable'],['Hard_Risk_Cap_Zero'],,,,,
2015-01-05,v2_relative_alpha_calibrated_experts_sensitivity,,,,,,,,0.0,2.0,0.0,['Forecast_Unavailable'],"['Risk_Above_55_Penalty', 'Coverage_Below_80_Cap', 'Weak_Regime_Cap']",,,,,
2015-01-06,v2_relative_alpha_calibrated_experts_sensitivity,,,,,,,,0.0,0.0,0.0,['Forecast_Unavailable'],['Hard_Risk_Cap_Zero'],,,,,
2015-01-07,v2_relative_alpha_calibrated_experts_sensitivity,,,,,,,,0.0,0.0,0.0,['Forecast_Unavailable'],['Hard_Risk_Cap_Zero'],,,,,
2015-01-08,v2_relative_alpha_calibrated_experts_sensitivity,,,,,,,,0.0,0.0,0.0,['Forecast_Unavailable'],['Hard_Risk_Cap_Zero'],,,,,
2015-01-09,v2_relative_alpha_calibrated_experts_sensitivity,,,,,,,,0.0,0.0,0.0,['Forecast_Unavailable'],['Hard_Risk_Cap_Zero'],,,,,
2015-01-12,v2_relative_alpha_calibrated_experts_sensitivity,,,,,,,,0.0,0.0,0.0,['Forecast_Unavailable'],['Hard_Risk_Cap_Zero'],,,,,
2015-01-13,v2_relative_alpha_calibrated_experts_sensitivity,,,,,,,,0.0,0.0,0.0,['Forecast_Unavailable'],['Hard_Risk_Cap_Zero'],,,,,
2015-01-14,v2_relative_alpha_calibrated_experts_sensitivity,,,,,,,,0.0,0.0,0.0,['Forecast_Unavailable'],['Hard_Risk_Cap_Zero'],,,,,
2015-01-15,v2_relative_alpha_calibrated_experts_sensitivity,,,,,,,,0.0,0.0,0.0,['Forecast_Unavailable'],['Hard_Risk_Cap_Zero'],,,,,
2015-01-16,v2_relative_alpha_calibrated_experts_sensitivity,,,,,,,,0.0,0.0,0.0,['Forecast_Unavailable'],['Hard_Risk_Cap_Zero'],,,,,
2015-01-20,v2_relative_alpha_calibrated_experts_sensitivity,,,,,,,,0.0,0.0,0.0,['Forecast_Unavailable'],['Hard_Risk_Cap_Zero'],,,,,
2015-01-21,v2_relative_alpha_calibrated_experts_sensitivity,,,,,,,,0.0,0.0,0.0,['Forecast_Unavailable'],['Hard_Risk_Cap_Zero'],,,,,
2015-01-22,v2_relative_alpha_calibrated_experts_sensitivity,,,,,,,,0.0,0.0,0.0,['Forecast_Unavailable'],['Hard_Risk_Cap_Zero'],,,,,
2015-01-23,v2_relative_alpha_calibrated_experts_sensitivity,,,,,,,,0.0,0.0,0.0,['Forecast_Unavailable'],['Hard_Risk_Cap_Zero'],,,,,
2015-01-26,v2_relative_alpha_calibrated_experts_sensitivity,,,,,,,,0.0,0.0,0.0,['Forecast_Unavailable'],['Hard_Risk_Cap_Zero'],,,,,
2015-01-27,v2_relative_alpha_calibrated_experts_sensitivity,,,,,,,,0.0,0.0,0.0,['Forecast_Unavailable'],['Hard_Risk_Cap_Zero'],,,,,
2015-01-28,v2_relative_alpha_calibrated_experts_sensitivity,,,,,,,,0.0,0.0,0.0,['Forecast_Unavailable'],['Hard_Risk_Cap_Zero'],,,,,
2015-01-29,v2_relative_alpha_calibrated_experts_sensitivity,,,,,,,,0.0,0.0,0.0,['Forecast_Unavailable'],['Hard_Risk_Cap_Zero'],,,,,
2015-01-30,v2_relative_alpha_calibrated_experts_sensitivity,,,,,,,,0.0,0.0,0.0,['Forecast_Unavailable'],['Hard_Risk_Cap_Zero'],,,,,
2015-02-02,v2_relative_alpha_calibrated_experts_sensitivity,,,,,,,,0.0,0.0,0.0,['Forecast_Unavailable'],['Hard_Risk_Cap_Zero'],,,,,
2015-02-03,v2_relative_alpha_calibrated_experts_sensitivity,,,,,,,,0.0,0.0,0.0,['Forecast_Unavailable'],['Hard_Risk_Cap_Zero'],,,,,
2015-02-04,v2_relative_alpha_calibrated_experts_sensitivity,,,,,,,,0.0,0.0,0.0,['Forecast_Unavailable'],['Hard_Risk_Cap_Zero'],,,,,
2015-02-05,v2_relative_alpha_calibrated_experts_sensitivity,,,,,,,,0.0,0.0,0.0,['Forecast_Unavailable'],['Hard_Risk_Cap_Zero'],,,,,
2015-02-06,v2_relative_alpha_calibrated_experts_sensitivity,,,,,,,,0.0,0.0,0.0,['Forecast_Unavailable'],"['Risk_Above_55_Penalty', 'Liquidity_Below_45_Penalty', 'Coverage_Below_80_Cap', 'Weak_Regime_Cap']",,,,,
2015-02-09,v2_relative_alpha_calibrated_experts_sensitivity,,,,,,,,0.0,0.0,0.0,['Forecast_Unavailable'],['Hard_Risk_Cap_Zero'],,,,,
2015-02-10,v2_relative_alpha_calibrated_experts_sensitivity,,,,,,,,0.0,0.0,0.0,['Forecast_Unavailable'],['Hard_Risk_Cap_Zero'],,,,,
2015-02-11,v2_relative_alpha_calibrated_experts_sensitivity,,,,,,,,0.0,0.0,0.0,['Forecast_Unavailable'],['Hard_Risk_Cap_Zero'],,,,,
2015-02-12,v2_relative_alpha_calibrated_experts_sensitivity,,,,,,,,0.0,0.0,0.0,['Forecast_Unavailable'],['Hard_Risk_Cap_Zero'],,,,,
2015-02-13,v2_relative_alpha_calibrated_experts_sensitivity,,,,,,,,0.0,0.0,0.0,['Forecast_Unavailable'],['Hard_Risk_Cap_Zero'],,,,,
2015-02-17,v2_relative_alpha_calibrated_experts_sensitivity,,,,,,,,0.0,0.0,0.0,['Forecast_Unavailable'],['Hard_Risk_Cap_Zero'],,,,,
2015-02-18,v2_relative_alpha_calibrated_experts_sensitivity,,,,,,,,0.0,0.0,0.0,['Forecast_Unavailable'],['Hard_Risk_Cap_Zero'],,,,,
2015-02-19,v2_relative_alpha_calibrated_experts_sensitivity,,,,,,,,0.0,0.0,0.0,['Forecast_Unavailable'],['Hard_Risk_Cap_Zero'],,,,,
2015-02-20,v2_relative_alpha_calibrated_experts_sensitivity,,,,,,,,0.0,0.0,0.0,['Forecast_Unavailable'],['Hard_Risk_Cap_Zero'],,,,,
2015-02-23,v2_relative_alpha_calibrated_experts_sensitivity,,,,,,,,0.0,0.0,0.0,['Forecast_Unavailable'],['Hard_Risk_Cap_Zero'],,,,,
2015-02-24,v2_relative_alpha_calibrated_experts_sensitivity,,,,,,,,0.0,0.0,0.0,['Forecast_Unavailable'],['Hard_Risk_Cap_Zero'],,,,,
2015-02-25,v2_relative_alpha_calibrated_experts_sensitivity,,,,,,,,0.0,0.0,0.0,['Forecast_Unavailable'],"['Risk_Above_55_Penalty', 'Liquidity_Below_45_Penalty', 'Coverage_Below_80_Cap']",,,,,
2015-02-26,v2_relative_alpha_calibrated_experts_sensitivity,,,,,,,,0.0,0.0,0.0,['Forecast_Unavailable'],"['Risk_Above_55_Penalty', 'Liquidity_Below_45_Penalty', 'Coverage_Below_80_Cap']",,,,,
2015-02-27,v2_relative_alpha_calibrated_experts_sensitivity,,,,,,,,0.0,1.0,0.0,['Forecast_Unavailable'],"['Risk_Above_55_Penalty', 'Liquidity_Below_45_Penalty', 'Coverage_Below_80_Cap']",,,,,
2015-03-02,v2_relative_alpha_calibrated_experts_sensitivity,,,,,,,,0.0,0.0,0.0,['Forecast_Unavailable'],"['Risk_Above_55_Penalty', 'Liquidity_Below_45_Penalty', 'Coverage_Below_80_Cap']",,,,,
2015-03-03,v2_relative_alpha_calibrated_experts_sensitivity,,,,,,,,0.0,0.0,0.0,['Forecast_Unavailable'],"['Risk_Above_55_Penalty', 'Liquidity_Below_45_Penalty', 'Coverage_Below_80_Cap']",,,,,
2015-03-04,v2_relative_alpha_calibrated_experts_sensitivity,,,,,,,,0.0,0.0,0.0,['Forecast_Unavailable'],"['Risk_Above_55_Penalty', 'Coverage_Below_80_Cap']",,,,,
2015-03-05,v2_relative_alpha_calibrated_experts_sensitivity,,,,,,,,0.0,2.0,0.0,['Forecast_Unavailable'],"['Risk_Above_55_Penalty', 'Coverage_Below_80_Cap']",,,,,
2015-03-06,v2_relative_alpha_calibrated_experts_sensitivity,,,,,,,,0.0,4.0,0.0,['Forecast_Unavailable'],"['Risk_Above_55_Penalty', 'Coverage_Below_80_Cap']",,,,,
2015-03-09,v2_relative_alpha_calibrated_experts_sensitivity,,,,,,,,0.0,4.0,0.0,['Forecast_Unavailable'],"['Risk_Above_55_Penalty', 'Coverage_Below_80_Cap']",,,,,
2015-03-10,v2_relative_alpha_calibrated_experts_sensitivity,,,,,,,,0.0,2.0,0.0,['Forecast_Unavailable'],"['Risk_Above_55_Penalty', 'Coverage_Below_80_Cap']",,,,,
2015-03-11,v2_relative_alpha_calibrated_experts_sensitivity,,,,,,,,0.0,2.0,0.0,['Forecast_Unavailable'],"['Risk_Above_55_Penalty', 'Coverage_Below_80_Cap', 'Weak_Regime_Cap']",,,,,
2015-03-12,v2_relative_alpha_calibrated_experts_sensitivity,,,,,,,,0.0,2.0,0.0,['Forecast_Unavailable'],"['Risk_Above_55_Penalty', 'Coverage_Below_80_Cap', 'Weak_Regime_Cap']",,,,,
2015-03-13,v2_relative_alpha_calibrated_experts_sensitivity,,,,,,,,0.0,2.0,0.0,['Forecast_Unavailable'],"['Risk_Above_55_Penalty', 'Coverage_Below_80_Cap', 'Weak_Regime_Cap']",,,,,
2015-03-16,v2_relative_alpha_calibrated_experts_sensitivity,,,,,,,,0.0,2.0,0.0,['Forecast_Unavailable'],"['Risk_Above_55_Penalty', 'Coverage_Below_80_Cap', 'Weak_Regime_Cap']",,,,,
2015-03-17,v2_relative_alpha_calibrated_experts_sensitivity,,,,,,,,0.0,2.0,0.0,['Forecast_Unavailable'],"['Risk_Above_55_Penalty', 'Coverage_Below_80_Cap', 'Weak_Regime_Cap']",,,,,
2015-03-18,v2_relative_alpha_calibrated_experts_sensitivity,,,,,,,,0.0,2.0,0.0,['Forecast_Unavailable'],"['Risk_Above_55_Penalty', 'Coverage_Below_80_Cap', 'Weak_Regime_Cap']",,,,,
2015-03-19,v2_relative_alpha_calibrated_experts_sensitivity,,,,,,,,0.0,0.0,0.0,['Forecast_Unavailable'],['Hard_Risk_Cap_Zero'],,,,,
2015-03-20,v2_relative_alpha_calibrated_experts_sensitivity,,,,,,,,0.0,0.0,0.0,['Forecast_Unavailable'],"['Risk_Above_55_Penalty', 'Coverage_Below_80_Cap']",,,,,
2015-03-23,v2_relative_alpha_calibrated_experts_sensitivity,,,,,,,,0.0,0.0,0.0,['Forecast_Unavailable'],['Hard_Risk_Cap_Zero'],,,,,
2015-03-24,v2_relative_alpha_calibrated_experts_sensitivity,,,,,,,,0.0,0.0,0.0,['Forecast_Unavailable'],['Hard_Risk_Cap_Zero'],,,,,
2015-03-25,v2_relative_alpha_calibrated_experts_sensitivity,,,,,,,,0.0,0.0,0.0,['Forecast_Unavailable'],['Hard_Risk_Cap_Zero'],,,,,
2015-03-26,v2_relative_alpha_calibrated_experts_sensitivity,,,,,,,,0.0,0.0,0.0,['Forecast_Unavailable'],['Hard_Risk_Cap_Zero'],,,,,
2015-03-27,v2_relative_alpha_calibrated_experts_sensitivity,,,,,,,,0.0,0.0,0.0,['Forecast_Unavailable'],['Hard_Risk_Cap_Zero'],,,,,
2015-03-30,v2_relative_alpha_calibrated_experts_sensitivity,,,,,,,,0.0,0.0,0.0,['Forecast_Unavailable'],['Hard_Risk_Cap_Zero'],,,,,
2015-03-31,v2_relative_alpha_calibrated_experts_sensitivity,,,,,,,,0.0,0.0,0.0,['Forecast_Unavailable'],"['Risk_Above_55_Penalty', 'Coverage_Below_80_Cap', 'Weak_Regime_Cap']",,,,,
2015-04-01,v2_relative_alpha_calibrated_experts_sensitivity,,,,,,,,0.0,0.0,0.0,['Forecast_Unavailable'],['Hard_Risk_Cap_Zero'],,,,,
2015-04-02,v2_relative_alpha_calibrated_experts_sensitivity,,,,,,,,0.0,0.0,0.0,['Forecast_Unavailable'],"['Risk_Above_55_Penalty', 'Coverage_Below_80_Cap', 'Weak_Regime_Cap']",,,,,
2015-04-06,v2_relative_alpha_calibrated_experts_sensitivity,,,,,,,,0.0,0.0,0.0,['Forecast_Unavailable'],"['Risk_Above_55_Penalty', 'Coverage_Below_80_Cap', 'Weak_Regime_Cap']",,,,,
2015-04-07,v2_relative_alpha_calibrated_experts_sensitivity,,,,,,,,0.0,0.0,0.0,['Forecast_Unavailable'],['Hard_Risk_Cap_Zero'],,,,,
2015-04-08,v2_relative_alpha_calibrated_experts_sensitivity,,,,,,,,0.0,0.0,0.0,['Forecast_Unavailable'],"['Risk_Above_55_Penalty', 'Coverage_Below_80_Cap', 'Weak_Regime_Cap']",,,,,
2015-04-09,v2_relative_alpha_calibrated_experts_sensitivity,,,,,,,,0.0,0.0,0.0,['Forecast_Unavailable'],"['Risk_Above_55_Penalty', 'Coverage_Below_80_Cap', 'Weak_Regime_Cap']",,,,,
2015-04-10,v2_relative_alpha_calibrated_experts_sensitivity,,,,,,,,0.0,2.0,0.0,['Forecast_Unavailable'],"['Risk_Above_55_Penalty', 'Coverage_Below_80_Cap', 'Weak_Regime_Cap']",,,,,
2015-04-13,v2_relative_alpha_calibrated_experts_sensitivity,,,,,,,,0.0,2.0,0.0,['Forecast_Unavailable'],"['Risk_Above_55_Penalty', 'Coverage_Below_80_Cap', 'Weak_Regime_Cap']",,,,,
2015-04-14,v2_relative_alpha_calibrated_experts_sensitivity,,,,,,,,0.0,2.0,0.0,['Forecast_Unavailable'],"['Risk_Above_55_Penalty', 'Coverage_Below_80_Cap', 'Weak_Regime_Cap']",,,,,
2015-04-15,v2_relative_alpha_calibrated_experts_sensitivity,,,,,,,,0.0,2.0,0.0,['Forecast_Unavailable'],"['Risk_Above_55_Penalty', 'Coverage_Below_80_Cap', 'Weak_Regime_Cap']",,,,,
2015-04-16,v2_relative_alpha_calibrated_experts_sensitivity,,,,,,,,0.0,2.0,0.0,['Forecast_Unavailable'],"['Risk_Above_55_Penalty', 'Coverage_Below_80_Cap', 'Weak_Regime_Cap']",,,,,
2015-04-17,v2_relative_alpha_calibrated_experts_sensitivity,,,,,,,,0.0,2.0,0.0,['Forecast_Unavailable'],"['Risk_Above_55_Penalty', 'Coverage_Below_80_Cap', 'Weak_Regime_Cap']",,,,,
2015-04-20,v2_relative_alpha_calibrated_experts_sensitivity,,,,,,,,0.0,0.0,0.0,['Forecast_Unavailable'],"['Risk_Above_55_Penalty', 'Coverage_Below_80_Cap', 'Weak_Regime_Cap']",,,,,
2015-04-21,v2_relative_alpha_calibrated_experts_sensitivity,,,,,,,,0.0,0.0,0.0,['Forecast_Unavailable'],"['Risk_Above_55_Penalty', 'Coverage_Below_80_Cap', 'Weak_Regime_Cap']",,,,,
2015-04-22,v2_relative_alpha_calibrated_experts_sensitivity,,,,,,,,0.0,0.0,0.0,['Forecast_Unavailable'],"['Risk_Above_55_Penalty', 'Coverage_Below_80_Cap', 'Weak_Regime_Cap']",,,,,
2015-04-23,v2_relative_alpha_calibrated_experts_sensitivity,,,,,,,,0.0,0.0,0.0,['Forecast_Unavailable'],"['Risk_Above_55_Penalty', 'Coverage_Below_80_Cap', 'Weak_Regime_Cap']",,,,,
2015-04-24,v2_relative_alpha_calibrated_experts_sensitivity,,,,,,,,0.0,0.0,0.0,['Forecast_Unavailable'],['Hard_Risk_Cap_Zero'],,,,,
2015-04-27,v2_relative_alpha_calibrated_experts_sensitivity,,,,,,,,0.0,0.0,0.0,['Forecast_Unavailable'],"['Risk_Above_55_Penalty', 'Coverage_Below_80_Cap', 'Weak_Regime_Cap']",,,,,
2015-04-28,v2_relative_alpha_calibrated_experts_sensitivity,,,,,,,,0.0,0.0,0.0,['Forecast_Unavailable'],"['Risk_Above_55_Penalty', 'Coverage_Below_80_Cap', 'Weak_Regime_Cap']",,,,,
2015-04-29,v2_relative_alpha_calibrated_experts_sensitivity,,,,,,,,0.0,0.0,0.0,['Forecast_Unavailable'],['Hard_Risk_Cap_Zero'],,,,,
2015-04-30,v2_relative_alpha_calibrated_experts_sensitivity,,,,,,,,0.0,0.0,0.0,['Forecast_Unavailable'],['Hard_Risk_Cap_Zero'],,,,,
2015-05-01,v2_relative_alpha_calibrated_experts_sensitivity,,,,,,,,0.0,0.0,0.0,['Forecast_Unavailable'],['Hard_Risk_Cap_Zero'],,,,,
2015-05-04,v2_relative_alpha_calibrated_experts_sensitivity,,,,,,,,0.0,0.0,0.0,['Forecast_Unavailable'],['Hard_Risk_Cap_Zero'],,,,,
2015-05-05,v2_relative_alpha_calibrated_experts_sensitivity,,,,,,,,0.0,0.0,0.0,['Forecast_Unavailable'],['Hard_Risk_Cap_Zero'],,,,,
2015-05-06,v2_relative_alpha_calibrated_experts_sensitivity,,,,,,,,0.0,0.0,0.0,['Forecast_Unavailable'],['Hard_Risk_Cap_Zero'],,,,,
2015-05-07,v2_relative_alpha_calibrated_experts_sensitivity,,,,,,,,0.0,0.0,0.0,['Forecast_Unavailable'],['Hard_Risk_Cap_Zero'],,,,,
2015-05-08,v2_relative_alpha_calibrated_experts_sensitivity,,,,,,,,0.0,0.0,0.0,['Forecast_Unavailable'],['Hard_Risk_Cap_Zero'],,,,,
2015-05-11,v2_relative_alpha_calibrated_experts_sensitivity,,,,,,,,0.0,0.0,0.0,['Forecast_Unavailable'],['Hard_Risk_Cap_Zero'],,,,,
2015-05-12,v2_relative_alpha_calibrated_experts_sensitivity,,,,,,,,0.0,0.0,0.0,['Forecast_Unavailable'],['Hard_Risk_Cap_Zero'],,,,,
2015-05-13,v2_relative_alpha_calibrated_experts_sensitivity,,,,,,,,0.0,0.0,0.0,['Forecast_Unavailable'],['Hard_Risk_Cap_Zero'],,,,,
2015-05-14,v2_relative_alpha_calibrated_experts_sensitivity,,,,,,,,0.0,0.0,0.0,['Forecast_Unavailable'],['Hard_Risk_Cap_Zero'],,,,,
2015-05-15,v2_relative_alpha_calibrated_experts_sensitivity,,,,,,,,0.0,0.0,0.0,['Forecast_Unavailable'],"['Risk_Above_55_Penalty', 'Liquidity_Below_45_Penalty', 'Coverage_Below_80_Cap', 'Weak_Regime_Cap']",,,,,
2015-05-18,v2_relative_alpha_calibrated_experts_sensitivity,,,,,,,,0.0,0.0,0.0,['Forecast_Unavailable'],"['Risk_Above_55_Penalty', 'Liquidity_Below_45_Penalty', 'Coverage_Below_80_Cap', 'Weak_Regime_Cap']",,,,,
2015-05-19,v2_relative_alpha_calibrated_experts_sensitivity,,,,,,,,0.0,0.0,0.0,['Forecast_Unavailable'],['Hard_Risk_Cap_Zero'],,,,,
2015-05-20,v2_relative_alpha_calibrated_experts_sensitivity,,,,,,,,0.0,0.0,0.0,['Forecast_Unavailable'],['Hard_Risk_Cap_Zero'],,,,,
2015-05-21,v2_relative_alpha_calibrated_experts_sensitivity,,,,,,,,0.0,0.0,0.0,['Forecast_Unavailable'],['Hard_Risk_Cap_Zero'],,,,,
2015-05-22,v2_relative_alpha_calibrated_experts_sensitivity,,,,,,,,0.0,0.0,0.0,['Forecast_Unavailable'],['Hard_Risk_Cap_Zero'],,,,,
2015-05-26,v2_relative_alpha_calibrated_experts_sensitivity,,,,,,,,0.0,0.0,0.0,['Forecast_Unavailable'],['Hard_Risk_Cap_Zero'],,,,,
2015-05-27,v2_relative_alpha_calibrated_experts_sensitivity,,,,,,,,0.0,0.0,0.0,['Forecast_Unavailable'],['Hard_Risk_Cap_Zero'],,,,,
2015-05-28,v2_relative_alpha_calibrated_experts_sensitivity,,,,,,,,0.0,0.0,0.0,['Forecast_Unavailable'],['Hard_Risk_Cap_Zero'],,,,,
2015-05-29,v2_relative_alpha_calibrated_experts_sensitivity,,,,,,,,0.0,0.0,0.0,['Forecast_Unavailable'],['Hard_Risk_Cap_Zero'],,,,,
2015-06-01,v2_relative_alpha_calibrated_experts_sensitivity,,,,,,,,0.0,0.0,0.0,['Forecast_Unavailable'],['Hard_Risk_Cap_Zero'],,,,,
2015-06-02,v2_relative_alpha_calibrated_experts_sensitivity,,,,,,,,0.0,0.0,0.0,['Forecast_Unavailable'],['Hard_Risk_Cap_Zero'],,,,,
2015-06-03,v2_relative_alpha_calibrated_experts_sensitivity,,,,,,,,0.0,0.0,0.0,['Forecast_Unavailable'],['Hard_Risk_Cap_Zero'],,,,,
2015-06-04,v2_relative_alpha_calibrated_experts_sensitivity,,,,,,,,0.0,0.0,0.0,['Forecast_Unavailable'],['Hard_Risk_Cap_Zero'],,,,,
2015-06-05,v2_relative_alpha_calibrated_experts_sensitivity,,,,,,,,0.0,0.0,0.0,['Forecast_Unavailable'],['Hard_Risk_Cap_Zero'],,,,,
2015-06-08,v2_relative_alpha_calibrated_experts_sensitivity,,,,,,,,0.0,0.0,0.0,['Forecast_Unavailable'],['Hard_Risk_Cap_Zero'],,,,,
2015-06-09,v2_relative_alpha_calibrated_experts_sensitivity,,,,,,,,0.0,0.0,0.0,['Forecast_Unavailable'],['Hard_Risk_Cap_Zero'],,,,,
2015-06-10,v2_relative_alpha_calibrated_experts_sensitivity,,,,,,,,0.0,0.0,0.0,['Forecast_Unavailable'],['Hard_Risk_Cap_Zero'],,,,,
2015-06-11,v2_relative_alpha_calibrated_experts_sensitivity,,,,,,,,0.0,0.0,0.0,['Forecast_Unavailable'],['Hard_Risk_Cap_Zero'],,,,,
2015-06-12,v2_relative_alpha_calibrated_experts_sensitivity,,,,,,,,0.0,0.0,0.0,['Forecast_Unavailable'],['Hard_Risk_Cap_Zero'],,,,,
2015-06-15,v2_relative_alpha_calibrated_experts_sensitivity,,,,,,,,0.0,0.0,0.0,['Forecast_Unavailable'],['Hard_Risk_Cap_Zero'],,,,,
2015-06-16,v2_relative_alpha_calibrated_experts_sensitivity,,,,,,,,0.0,0.0,0.0,['Forecast_Unavailable'],['Hard_Risk_Cap_Zero'],,,,,
2015-06-17,v2_relative_alpha_calibrated_experts_sensitivity,,,,,,,,0.0,0.0,0.0,['Forecast_Unavailable'],['Hard_Risk_Cap_Zero'],,,,,
2015-06-18,v2_relative_alpha_calibrated_experts_sensitivity,,,,,,,,0.0,0.0,0.0,['Forecast_Unavailable'],['Hard_Risk_Cap_Zero'],,,,,
2015-06-19,v2_relative_alpha_calibrated_experts_sensitivity,,,,,,,,0.0,0.0,0.0,['Forecast_Unavailable'],['Hard_Risk_Cap_Zero'],,,,,
2015-06-22,v2_relative_alpha_calibrated_experts_sensitivity,,,,,,,,0.0,0.0,0.0,['Forecast_Unavailable'],['Hard_Risk_Cap_Zero'],,,,,
2015-06-23,v2_relative_alpha_calibrated_experts_sensitivity,,,,,,,,0.0,0.0,0.0,['Forecast_Unavailable'],['Hard_Risk_Cap_Zero'],,,,,
2015-06-24,v2_relative_alpha_calibrated_experts_sensitivity,,,,,,,,0.0,0.0,0.0,['Forecast_Unavailable'],['Hard_Risk_Cap_Zero'],,,,,
2015-06-25,v2_relative_alpha_calibrated_experts_sensitivity,,,,,,,,0.0,0.0,0.0,['Forecast_Unavailable'],['Hard_Risk_Cap_Zero'],,,,,
2015-06-26,v2_relative_alpha_calibrated_experts_sensitivity,,,,,,,,0.0,0.0,0.0,['Forecast_Unavailable'],['Hard_Risk_Cap_Zero'],,,,,
2015-06-29,v2_relative_alpha_calibrated_experts_sensitivity,,,,,,,,0.0,0.0,0.0,['Forecast_Unavailable'],['Hard_Risk_Cap_Zero'],,,,,
2015-06-30,v2_relative_alpha_calibrated_experts_sensitivity,,,,,,,,0.0,0.0,0.0,['Forecast_Unavailable'],['Hard_Risk_Cap_Zero'],,,,,
2015-07-01,v2_relative_alpha_calibrated_experts_sensitivity,,,,,,,,0.0,0.0,0.0,['Forecast_Unavailable'],['Hard_Risk_Cap_Zero'],,,,,
2015-07-02,v2_relative_alpha_calibrated_experts_sensitivity,,,,,,,,0.0,0.0,0.0,['Forecast_Unavailable'],['Hard_Risk_Cap_Zero'],,,,,
2015-07-06,v2_relative_alpha_calibrated_experts_sensitivity,,,,,,,,0.0,0.0,0.0,['Forecast_Unavailable'],['Hard_Risk_Cap_Zero'],,,,,
2015-07-07,v2_relative_alpha_calibrated_experts_sensitivity,,,,,,,,0.0,0.0,0.0,['Forecast_Unavailable'],['Hard_Risk_Cap_Zero'],,,,,
2015-07-08,v2_relative_alpha_calibrated_experts_sensitivity,,,,,,,,0.0,0.0,0.0,['Forecast_Unavailable'],['Hard_Risk_Cap_Zero'],,,,,
2015-07-09,v2_relative_alpha_calibrated_experts_sensitivity,,,,,,,,0.0,0.0,0.0,['Forecast_Unavailable'],['Hard_Risk_Cap_Zero'],,,,,
2015-07-10,v2_relative_alpha_calibrated_experts_sensitivity,,,,,,,,0.0,0.0,0.0,['Forecast_Unavailable'],['Hard_Risk_Cap_Zero'],,,,,
2015-07-13,v2_relative_alpha_calibrated_experts_sensitivity,,,,,,,,0.0,0.0,0.0,['Forecast_Unavailable'],['Hard_Risk_Cap_Zero'],,,,,
2015-07-14,v2_relative_alpha_calibrated_experts_sensitivity,,,,,,,,0.0,0.0,0.0,['Forecast_Unavailable'],['Hard_Risk_Cap_Zero'],,,,,
2015-07-15,v2_relative_alpha_calibrated_experts_sensitivity,,,,,,,,0.0,0.0,0.0,['Forecast_Unavailable'],['Hard_Risk_Cap_Zero'],,,,,
2015-07-16,v2_relative_alpha_calibrated_experts_sensitivity,,,,,,,,0.0,0.0,0.0,['Forecast_Unavailable'],['Hard_Risk_Cap_Zero'],,,,,
2015-07-17,v2_relative_alpha_calibrated_experts_sensitivity,,,,,,,,0.0,0.0,0.0,['Forecast_Unavailable'],['Hard_Risk_Cap_Zero'],,,,,
2015-07-20,v2_relative_alpha_calibrated_experts_sensitivity,,,,,,,,0.0,0.0,0.0,['Forecast_Unavailable'],['Hard_Risk_Cap_Zero'],,,,,
2015-07-21,v2_relative_alpha_calibrated_experts_sensitivity,,,,,,,,0.0,0.0,0.0,['Forecast_Unavailable'],['Hard_Risk_Cap_Zero'],,,,,
2015-07-22,v2_relative_alpha_calibrated_experts_sensitivity,,,,,,,,0.0,0.0,0.0,['Forecast_Unavailable'],['Hard_Risk_Cap_Zero'],,,,,
2015-07-23,v2_relative_alpha_calibrated_experts_sensitivity,,,,,,,,0.0,0.0,0.0,['Forecast_Unavailable'],['Hard_Risk_Cap_Zero'],,,,,
2015-07-24,v2_relative_alpha_calibrated_experts_sensitivity,,,,,,,,0.0,0.0,0.0,['Forecast_Unavailable'],['Hard_Risk_Cap_Zero'],,,,,
2015-07-27,v2_relative_alpha_calibrated_experts_sensitivity,,,,,,,,0.0,0.0,0.0,['Forecast_Unavailable'],['Hard_Risk_Cap_Zero'],,,,,
2015-07-28,v2_relative_alpha_calibrated_experts_sensitivity,,,,,,,,0.0,0.0,0.0,['Forecast_Unavailable'],['Hard_Risk_Cap_Zero'],,,,,
2015-07-29,v2_relative_alpha_calibrated_experts_sensitivity,,,,,,,,0.0,0.0,0.0,['Forecast_Unavailable'],['Hard_Risk_Cap_Zero'],,,,,
2015-07-30,v2_relative_alpha_calibrated_experts_sensitivity,,,,,,,,0.0,0.0,0.0,['Forecast_Unavailable'],['Hard_Risk_Cap_Zero'],,,,,
2015-07-31,v2_relative_alpha_calibrated_experts_sensitivity,,,,,,,,0.0,0.0,0.0,['Forecast_Unavailable'],['Hard_Risk_Cap_Zero'],,,,,
2015-08-03,v2_relative_alpha_calibrated_experts_sensitivity,,,,,,,,0.0,0.0,0.0,['Forecast_Unavailable'],['Hard_Risk_Cap_Zero'],,,,,
2015-08-04,v2_relative_alpha_calibrated_experts_sensitivity,,,,,,,,0.0,0.0,0.0,['Forecast_Unavailable'],"['Risk_Above_55_Penalty', 'Coverage_Below_80_Cap', 'Weak_Regime_Cap']",,,,,
2015-08-05,v2_relative_alpha_calibrated_experts_sensitivity,,,,,,,,0.0,0.0,0.0,['Forecast_Unavailable'],['Hard_Risk_Cap_Zero'],,,,,
2015-08-06,v2_relative_alpha_calibrated_experts_sensitivity,,,,,,,,0.0,0.0,0.0,['Forecast_Unavailable'],['Hard_Risk_Cap_Zero'],,,,,
2015-08-07,v2_relative_alpha_calibrated_experts_sensitivity,,,,,,,,0.0,0.0,0.0,['Forecast_Unavailable'],['Hard_Risk_Cap_Zero'],,,,,
2015-08-10,v2_relative_alpha_calibrated_experts_sensitivity,,,,,,,,0.0,0.0,0.0,['Forecast_Unavailable'],['Hard_Risk_Cap_Zero'],,,,,
2015-08-11,v2_relative_alpha_calibrated_experts_sensitivity,,,,,,,,0.0,0.0,0.0,['Forecast_Unavailable'],['Hard_Risk_Cap_Zero'],,,,,
2015-08-12,v2_relative_alpha_calibrated_experts_sensitivity,,,,,,,,0.0,0.0,0.0,['Forecast_Unavailable'],['Hard_Risk_Cap_Zero'],,,,,
2015-08-13,v2_relative_alpha_calibrated_experts_sensitivity,,,,,,,,0.0,0.0,0.0,['Forecast_Unavailable'],['Hard_Risk_Cap_Zero'],,,,,
2015-08-14,v2_relative_alpha_calibrated_experts_sensitivity,,,,,,,,0.0,0.0,0.0,['Forecast_Unavailable'],['Hard_Risk_Cap_Zero'],,,,,
2015-08-17,v2_relative_alpha_calibrated_experts_sensitivity,,,,,,,,0.0,0.0,0.0,['Forecast_Unavailable'],['Hard_Risk_Cap_Zero'],,,,,
2015-08-18,v2_relative_alpha_calibrated_experts_sensitivity,,,,,,,,0.0,0.0,0.0,['Forecast_Unavailable'],['Hard_Risk_Cap_Zero'],,,,,
2015-08-19,v2_relative_alpha_calibrated_experts_sensitivity,,,,,,,,0.0,0.0,0.0,['Forecast_Unavailable'],['Hard_Risk_Cap_Zero'],,,,,
2015-08-20,v2_relative_alpha_calibrated_experts_sensitivity,,,,,,,,0.0,0.0,0.0,['Forecast_Unavailable'],['Hard_Risk_Cap_Zero'],,,,,
2015-08-21,v2_relative_alpha_calibrated_experts_sensitivity,,,,,,,,0.0,0.0,0.0,['Forecast_Unavailable'],['Hard_Risk_Cap_Zero'],,,,,
2015-08-24,v2_relative_alpha_calibrated_experts_sensitivity,,,,,,,,0.0,0.0,0.0,['Forecast_Unavailable'],['Hard_Risk_Cap_Zero'],,,,,
2015-08-25,v2_relative_alpha_calibrated_experts_sensitivity,,,,,,,,0.0,0.0,0.0,['Forecast_Unavailable'],['Hard_Risk_Cap_Zero'],,,,,
2015-08-26,v2_relative_alpha_calibrated_experts_sensitivity,,,,,,,,0.0,0.0,0.0,['Forecast_Unavailable'],['Hard_Risk_Cap_Zero'],,,,,
2015-08-27,v2_relative_alpha_calibrated_experts_sensitivity,,,,,,,,0.0,0.0,0.0,['Forecast_Unavailable'],['Hard_Risk_Cap_Zero'],,,,,
2015-08-28,v2_relative_alpha_calibrated_experts_sensitivity,,,,,,,,0.0,0.0,0.0,['Forecast_Unavailable'],['Hard_Risk_Cap_Zero'],,,,,
2015-08-31,v2_relative_alpha_calibrated_experts_sensitivity,,,,,,,,0.0,0.0,0.0,['Forecast_Unavailable'],['Hard_Risk_Cap_Zero'],,,,,
2015-09-01,v2_relative_alpha_calibrated_experts_sensitivity,,,,,,,,0.0,0.0,0.0,['Forecast_Unavailable'],['Hard_Risk_Cap_Zero'],,,,,
2015-09-02,v2_relative_alpha_calibrated_experts_sensitivity,,,,,,,,0.0,0.0,0.0,['Forecast_Unavailable'],['Hard_Risk_Cap_Zero'],,,,,
2015-09-03,v2_relative_alpha_calibrated_experts_sensitivity,,,,,,,,0.0,0.0,0.0,['Forecast_Unavailable'],['Hard_Risk_Cap_Zero'],,,,,
2015-09-04,v2_relative_alpha_calibrated_experts_sensitivity,,,,,,,,0.0,0.0,0.0,['Forecast_Unavailable'],['Hard_Risk_Cap_Zero'],,,,,
2015-09-08,v2_relative_alpha_calibrated_experts_sensitivity,,,,,,,,0.0,0.0,0.0,['Forecast_Unavailable'],['Hard_Risk_Cap_Zero'],,,,,
2015-09-09,v2_relative_alpha_calibrated_experts_sensitivity,,,,,,,,0.0,0.0,0.0,['Forecast_Unavailable'],['Hard_Risk_Cap_Zero'],,,,,
2015-09-10,v2_relative_alpha_calibrated_experts_sensitivity,,,,,,,,0.0,0.0,0.0,['Forecast_Unavailable'],['Hard_Risk_Cap_Zero'],,,,,
2015-09-11,v2_relative_alpha_calibrated_experts_sensitivity,,,,,,,,0.0,0.0,0.0,['Forecast_Unavailable'],['Hard_Risk_Cap_Zero'],,,,,
2015-09-14,v2_relative_alpha_calibrated_experts_sensitivity,,,,,,,,0.0,0.0,0.0,['Forecast_Unavailable'],['Hard_Risk_Cap_Zero'],,,,,
2015-09-15,v2_relative_alpha_calibrated_experts_sensitivity,,,,,,,,0.0,0.0,0.0,['Forecast_Unavailable'],['Hard_Risk_Cap_Zero'],,,,,
2015-09-16,v2_relative_alpha_calibrated_experts_sensitivity,,,,,,,,0.0,0.0,0.0,['Forecast_Unavailable'],['Hard_Risk_Cap_Zero'],,,,,
2015-09-17,v2_relative_alpha_calibrated_experts_sensitivity,,,,,,,,0.0,0.0,0.0,['Forecast_Unavailable'],['Hard_Risk_Cap_Zero'],,,,,
2015-09-18,v2_relative_alpha_calibrated_experts_sensitivity,,,,,,,,0.0,0.0,0.0,['Forecast_Unavailable'],['Hard_Risk_Cap_Zero'],,,,,
2015-09-21,v2_relative_alpha_calibrated_experts_sensitivity,,,,,,,,0.0,0.0,0.0,['Forecast_Unavailable'],['Hard_Risk_Cap_Zero'],,,,,
2015-09-22,v2_relative_alpha_calibrated_experts_sensitivity,,,,,,,,0.0,0.0,0.0,['Forecast_Unavailable'],['Hard_Risk_Cap_Zero'],,,,,
2015-09-23,v2_relative_alpha_calibrated_experts_sensitivity,,,,,,,,0.0,0.0,0.0,['Forecast_Unavailable'],['Hard_Risk_Cap_Zero'],,,,,
2015-09-24,v2_relative_alpha_calibrated_experts_sensitivity,,,,,,,,0.0,0.0,0.0,['Forecast_Unavailable'],['Hard_Risk_Cap_Zero'],,,,,
2015-09-25,v2_relative_alpha_calibrated_experts_sensitivity,,,,,,,,0.0,0.0,0.0,['Forecast_Unavailable'],['Hard_Risk_Cap_Zero'],,,,,
2015-09-28,v2_relative_alpha_calibrated_experts_sensitivity,,,,,,,,0.0,0.0,0.0,['Forecast_Unavailable'],['Hard_Risk_Cap_Zero'],,,,,
2015-09-29,v2_relative_alpha_calibrated_experts_sensitivity,,,,,,,,0.0,0.0,0.0,['Forecast_Unavailable'],['Hard_Risk_Cap_Zero'],,,,,
2015-09-30,v2_relative_alpha_calibrated_experts_sensitivity,,,,,,,,0.0,0.0,0.0,['Forecast_Unavailable'],['Hard_Risk_Cap_Zero'],,,,,
2015-10-01,v2_relative_alpha_calibrated_experts_sensitivity,,,,,,,,0.0,0.0,0.0,['Forecast_Unavailable'],['Hard_Risk_Cap_Zero'],,,,,
2015-10-02,v2_relative_alpha_calibrated_experts_sensitivity,,,,,,,,0.0,0.0,0.0,['Forecast_Unavailable'],['Hard_Risk_Cap_Zero'],,,,,
2015-10-05,v2_relative_alpha_calibrated_experts_sensitivity,,,,,,,,0.0,0.0,0.0,['Forecast_Unavailable'],['Hard_Risk_Cap_Zero'],,,,,
2015-10-06,v2_relative_alpha_calibrated_experts_sensitivity,,,,,,,,0.0,0.0,0.0,['Forecast_Unavailable'],['Hard_Risk_Cap_Zero'],,,,,
2015-10-07,v2_relative_alpha_calibrated_experts_sensitivity,,,,,,,,0.0,0.0,0.0,['Forecast_Unavailable'],['Hard_Risk_Cap_Zero'],,,,,
2015-10-08,v2_relative_alpha_calibrated_experts_sensitivity,,,,,,,,0.0,0.0,0.0,['Forecast_Unavailable'],['Hard_Risk_Cap_Zero'],,,,,
2015-10-09,v2_relative_alpha_calibrated_experts_sensitivity,,,,,,,,0.0,0.0,0.0,['Forecast_Unavailable'],['Hard_Risk_Cap_Zero'],,,,,
2015-10-12,v2_relative_alpha_calibrated_experts_sensitivity,,,,,,,,0.0,0.0,0.0,['Forecast_Unavailable'],['Hard_Risk_Cap_Zero'],,,,,
2015-10-13,v2_relative_alpha_calibrated_experts_sensitivity,,,,,,,,0.0,0.0,0.0,['Forecast_Unavailable'],['Hard_Risk_Cap_Zero'],,,,,
2015-10-14,v2_relative_alpha_calibrated_experts_sensitivity,,,,,,,,0.0,0.0,0.0,['Forecast_Unavailable'],['Hard_Risk_Cap_Zero'],,,,,
2015-10-15,v2_relative_alpha_calibrated_experts_sensitivity,,,,,,,,0.0,0.0,0.0,['Forecast_Unavailable'],['Hard_Risk_Cap_Zero'],,,,,
2015-10-16,v2_relative_alpha_calibrated_experts_sensitivity,,,,,,,,0.0,0.0,0.0,['Forecast_Unavailable'],['Hard_Risk_Cap_Zero'],,,,,
2015-10-19,v2_relative_alpha_calibrated_experts_sensitivity,,,,,,,,0.0,0.0,0.0,['Forecast_Unavailable'],['Hard_Risk_Cap_Zero'],,,,,
2015-10-20,v2_relative_alpha_calibrated_experts_sensitivity,,,,,,,,0.0,0.0,0.0,['Forecast_Unavailable'],['Hard_Risk_Cap_Zero'],,,,,
2015-10-21,v2_relative_alpha_calibrated_experts_sensitivity,,,,,,,,0.0,0.0,0.0,['Forecast_Unavailable'],['Hard_Risk_Cap_Zero'],,,,,
2015-10-22,v2_relative_alpha_calibrated_experts_sensitivity,,,,,,,,0.0,0.0,0.0,['Forecast_Unavailable'],"['Risk_Above_55_Penalty', 'Coverage_Below_80_Cap', 'Weak_Regime_Cap']",,,,,
2015-10-23,v2_relative_alpha_calibrated_experts_sensitivity,,,,,,,,0.0,0.0,0.0,['Forecast_Unavailable'],"['Risk_Above_55_Penalty', 'Coverage_Below_80_Cap', 'Weak_Regime_Cap']",,,,,
2015-10-26,v2_relative_alpha_calibrated_experts_sensitivity,,,,,,,,0.0,2.0,0.0,['Forecast_Unavailable'],"['Risk_Above_55_Penalty', 'Coverage_Below_80_Cap', 'Weak_Regime_Cap']",,,,,
2015-10-27,v2_relative_alpha_calibrated_experts_sensitivity,,,,,,,,0.0,0.0,0.0,['Forecast_Unavailable'],"['Risk_Above_55_Penalty', 'Coverage_Below_80_Cap', 'Weak_Regime_Cap']",,,,,
2015-10-28,v2_relative_alpha_calibrated_experts_sensitivity,,,,,,,,0.0,0.0,0.0,['Forecast_Unavailable'],"['Risk_Above_55_Penalty', 'Coverage_Below_80_Cap', 'Weak_Regime_Cap']",,,,,
2015-10-29,v2_relative_alpha_calibrated_experts_sensitivity,,,,,,,,0.0,0.0,0.0,['Forecast_Unavailable'],"['Risk_Above_55_Penalty', 'Coverage_Below_80_Cap', 'Weak_Regime_Cap']",,,,,
2015-10-30,v2_relative_alpha_calibrated_experts_sensitivity,,,,,,,,0.0,0.0,0.0,['Forecast_Unavailable'],"['Risk_Above_55_Penalty', 'Coverage_Below_80_Cap', 'Weak_Regime_Cap']",,,,,
2015-11-02,v2_relative_alpha_calibrated_experts_sensitivity,,,,,,,,0.0,0.0,0.0,['Forecast_Unavailable'],['Hard_Risk_Cap_Zero'],,,,,
2015-11-03,v2_relative_alpha_calibrated_experts_sensitivity,,,,,,,,0.0,2.0,0.0,['Forecast_Unavailable'],"['Risk_Above_55_Penalty', 'Coverage_Below_80_Cap', 'Weak_Regime_Cap']",,,,,
2015-11-04,v2_relative_alpha_calibrated_experts_sensitivity,,,,,,,,0.0,2.0,0.0,['Forecast_Unavailable'],"['Risk_Above_55_Penalty', 'Coverage_Below_80_Cap', 'Weak_Regime_Cap']",,,,,
2015-11-05,v2_relative_alpha_calibrated_experts_sensitivity,,,,,,,,0.0,2.0,0.0,['Forecast_Unavailable'],"['Risk_Above_55_Penalty', 'Coverage_Below_80_Cap', 'Weak_Regime_Cap']",,,,,
2015-11-06,v2_relative_alpha_calibrated_experts_sensitivity,,,,,,,,0.0,2.0,0.0,['Forecast_Unavailable'],"['Risk_Above_55_Penalty', 'Coverage_Below_80_Cap', 'Weak_Regime_Cap']",,,,,
2015-11-09,v2_relative_alpha_calibrated_experts_sensitivity,,,,,,,,0.0,2.0,0.0,['Forecast_Unavailable'],"['Risk_Above_55_Penalty', 'Coverage_Below_80_Cap', 'Weak_Regime_Cap']",,,,,
2015-11-10,v2_relative_alpha_calibrated_experts_sensitivity,,,,,,,,0.0,2.0,0.0,['Forecast_Unavailable'],"['Risk_Above_55_Penalty', 'Coverage_Below_80_Cap', 'Weak_Regime_Cap']",,,,,
2015-11-11,v2_relative_alpha_calibrated_experts_sensitivity,,,,,,,,0.0,2.0,0.0,['Forecast_Unavailable'],"['Risk_Above_55_Penalty', 'Coverage_Below_80_Cap', 'Weak_Regime_Cap']",,,,,
2015-11-12,v2_relative_alpha_calibrated_experts_sensitivity,,,,,,,,0.0,2.0,0.0,['Forecast_Unavailable'],"['Risk_Above_55_Penalty', 'Coverage_Below_80_Cap', 'Weak_Regime_Cap']",,,,,
2015-11-13,v2_relative_alpha_calibrated_experts_sensitivity,,,,,,,,0.0,0.0,0.0,['Forecast_Unavailable'],"['Risk_Above_55_Penalty', 'Coverage_Below_80_Cap', 'Weak_Regime_Cap']",,,,,
2015-11-16,v2_relative_alpha_calibrated_experts_sensitivity,,,,,,,,0.0,0.0,0.0,['Forecast_Unavailable'],"['Risk_Above_55_Penalty', 'Coverage_Below_80_Cap', 'Weak_Regime_Cap']",,,,,
2015-11-17,v2_relative_alpha_calibrated_experts_sensitivity,,,,,,,,0.0,0.0,0.0,['Forecast_Unavailable'],"['Risk_Above_55_Penalty', 'Coverage_Below_80_Cap', 'Weak_Regime_Cap']",,,,,
2015-11-18,v2_relative_alpha_calibrated_experts_sensitivity,,,,,,,,0.0,0.0,0.0,['Forecast_Unavailable'],"['Risk_Above_55_Penalty', 'Coverage_Below_80_Cap', 'Weak_Regime_Cap']",,,,,
2015-11-19,v2_relative_alpha_calibrated_experts_sensitivity,,,,,,,,0.0,0.0,0.0,['Forecast_Unavailable'],"['Risk_Above_55_Penalty', 'Coverage_Below_80_Cap', 'Weak_Regime_Cap']",,,,,
2015-11-20,v2_relative_alpha_calibrated_experts_sensitivity,,,,,,,,0.0,0.0,0.0,['Forecast_Unavailable'],['Hard_Risk_Cap_Zero'],,,,,
2015-11-23,v2_relative_alpha_calibrated_experts_sensitivity,,,,,,,,0.0,0.0,0.0,['Forecast_Unavailable'],['Hard_Risk_Cap_Zero'],,,,,
2015-11-24,v2_relative_alpha_calibrated_experts_sensitivity,,,,,,,,0.0,0.0,0.0,['Forecast_Unavailable'],['Hard_Risk_Cap_Zero'],,,,,
2015-11-25,v2_relative_alpha_calibrated_experts_sensitivity,,,,,,,,0.0,0.0,0.0,['Forecast_Unavailable'],"['Risk_Above_55_Penalty', 'Coverage_Below_80_Cap', 'Weak_Regime_Cap']",,,,,
2015-11-27,v2_relative_alpha_calibrated_experts_sensitivity,,,,,,,,0.0,0.0,0.0,['Forecast_Unavailable'],['Hard_Risk_Cap_Zero'],,,,,
2015-11-30,v2_relative_alpha_calibrated_experts_sensitivity,,,,,,,,0.0,0.0,0.0,['Forecast_Unavailable'],['Hard_Risk_Cap_Zero'],,,,,
2015-12-01,v2_relative_alpha_calibrated_experts_sensitivity,,,,,,,,0.0,0.0,0.0,['Forecast_Unavailable'],['Hard_Risk_Cap_Zero'],,,,,
2015-12-02,v2_relative_alpha_calibrated_experts_sensitivity,,,,,,,,0.0,0.0,0.0,['Forecast_Unavailable'],['Hard_Risk_Cap_Zero'],,,,,
2015-12-03,v2_relative_alpha_calibrated_experts_sensitivity,,,,,,,,0.0,0.0,0.0,['Forecast_Unavailable'],['Hard_Risk_Cap_Zero'],,,,,
2015-12-04,v2_relative_alpha_calibrated_experts_sensitivity,,,,,,,,0.0,0.0,0.0,['Forecast_Unavailable'],['Hard_Risk_Cap_Zero'],,,,,
2015-12-07,v2_relative_alpha_calibrated_experts_sensitivity,,,,,,,,0.0,0.0,0.0,['Forecast_Unavailable'],['Hard_Risk_Cap_Zero'],,,,,
2015-12-08,v2_relative_alpha_calibrated_experts_sensitivity,,,,,,,,0.0,0.0,0.0,['Forecast_Unavailable'],['Hard_Risk_Cap_Zero'],,,,,
2015-12-09,v2_relative_alpha_calibrated_experts_sensitivity,,,,,,,,0.0,0.0,0.0,['Forecast_Unavailable'],['Hard_Risk_Cap_Zero'],,,,,
2015-12-10,v2_relative_alpha_calibrated_experts_sensitivity,,,,,,,,0.0,0.0,0.0,['Forecast_Unavailable'],['Hard_Risk_Cap_Zero'],,,,,
2015-12-11,v2_relative_alpha_calibrated_experts_sensitivity,,,,,,,,0.0,0.0,0.0,['Forecast_Unavailable'],['Hard_Risk_Cap_Zero'],,,,,
2015-12-14,v2_relative_alpha_calibrated_experts_sensitivity,,,,,,,,0.0,0.0,0.0,['Forecast_Unavailable'],['Hard_Risk_Cap_Zero'],,,,,
2015-12-15,v2_relative_alpha_calibrated_experts_sensitivity,,,,,,,,0.0,0.0,0.0,['Forecast_Unavailable'],['Hard_Risk_Cap_Zero'],,,,,
2015-12-16,v2_relative_alpha_calibrated_experts_sensitivity,,,,,,,,0.0,0.0,0.0,['Forecast_Unavailable'],['Hard_Risk_Cap_Zero'],,,,,
2015-12-17,v2_relative_alpha_calibrated_experts_sensitivity,,,,,,,,0.0,0.0,0.0,['Forecast_Unavailable'],['Hard_Risk_Cap_Zero'],,,,,
2015-12-18,v2_relative_alpha_calibrated_experts_sensitivity,,,,,,,,0.0,0.0,0.0,['Forecast_Unavailable'],['Hard_Risk_Cap_Zero'],,,,,
2015-12-21,v2_relative_alpha_calibrated_experts_sensitivity,,,,,,,,0.0,0.0,0.0,['Forecast_Unavailable'],['Hard_Risk_Cap_Zero'],,,,,
2015-12-22,v2_relative_alpha_calibrated_experts_sensitivity,,,,,,,,0.0,0.0,0.0,['Forecast_Unavailable'],['Hard_Risk_Cap_Zero'],,,,,
2015-12-23,v2_relative_alpha_calibrated_experts_sensitivity,,,,,,,,0.0,0.0,0.0,['Forecast_Unavailable'],['Hard_Risk_Cap_Zero'],,,,,
2015-12-24,v2_relative_alpha_calibrated_experts_sensitivity,,,,,,,,0.0,0.0,0.0,['Forecast_Unavailable'],['Hard_Risk_Cap_Zero'],,,,,
2015-12-28,v2_relative_alpha_calibrated_experts_sensitivity,,,,,,,,0.0,0.0,0.0,['Forecast_Unavailable'],['Hard_Risk_Cap_Zero'],,,,,
2015-12-29,v2_relative_alpha_calibrated_experts_sensitivity,,,,,,,,0.0,0.0,0.0,['Forecast_Unavailable'],['Hard_Risk_Cap_Zero'],,,,,
2015-12-30,v2_relative_alpha_calibrated_experts_sensitivity,,,,,,,,0.0,0.0,0.0,['Forecast_Unavailable'],['Hard_Risk_Cap_Zero'],,,,,
2015-12-31,v2_relative_alpha_calibrated_experts_sensitivity,,,,,,,,0.0,0.0,0.0,['Forecast_Unavailable'],['Hard_Risk_Cap_Zero'],,,,,
2016-01-04,v2_relative_alpha_calibrated_experts_sensitivity,,,,,,,,0.0,0.0,0.0,['Forecast_Unavailable'],['Hard_Risk_Cap_Zero'],,,,,
2016-01-05,v2_relative_alpha_calibrated_experts_sensitivity,,,,,,,,0.0,0.0,0.0,['Forecast_Unavailable'],['Hard_Risk_Cap_Zero'],,,,,
2016-01-06,v2_relative_alpha_calibrated_experts_sensitivity,,,,,,,,0.0,0.0,0.0,['Forecast_Unavailable'],['Hard_Risk_Cap_Zero'],,,,,
2016-01-07,v2_relative_alpha_calibrated_experts_sensitivity,,,,,,,,0.0,0.0,0.0,['Forecast_Unavailable'],['Hard_Risk_Cap_Zero'],,,,,
2016-01-08,v2_relative_alpha_calibrated_experts_sensitivity,,,,,,,,0.0,0.0,0.0,['Forecast_Unavailable'],['Hard_Risk_Cap_Zero'],,,,,
2016-01-11,v2_relative_alpha_calibrated_experts_sensitivity,,,,,,,,0.0,0.0,0.0,['Forecast_Unavailable'],['Hard_Risk_Cap_Zero'],,,,,
2016-01-12,v2_relative_alpha_calibrated_experts_sensitivity,,,,,,,,0.0,0.0,0.0,['Forecast_Unavailable'],['Hard_Risk_Cap_Zero'],,,,,
2016-01-13,v2_relative_alpha_calibrated_experts_sensitivity,,,,,,,,0.0,0.0,0.0,['Forecast_Unavailable'],['Hard_Risk_Cap_Zero'],,,,,
2016-01-14,v2_relative_alpha_calibrated_experts_sensitivity,,,,,,,,0.0,0.0,0.0,['Forecast_Unavailable'],['Hard_Risk_Cap_Zero'],,,,,
2016-01-15,v2_relative_alpha_calibrated_experts_sensitivity,,,,,,,,0.0,0.0,0.0,['Forecast_Unavailable'],['Hard_Risk_Cap_Zero'],,,,,
2016-01-19,v2_relative_alpha_calibrated_experts_sensitivity,,,,,,,,0.0,0.0,0.0,['Forecast_Unavailable'],['Hard_Risk_Cap_Zero'],,,,,
2016-01-20,v2_relative_alpha_calibrated_experts_sensitivity,,,,,,,,0.0,0.0,0.0,['Forecast_Unavailable'],['Hard_Risk_Cap_Zero'],,,,,
2016-01-21,v2_relative_alpha_calibrated_experts_sensitivity,,,,,,,,0.0,0.0,0.0,['Forecast_Unavailable'],['Hard_Risk_Cap_Zero'],,,,,
2016-01-22,v2_relative_alpha_calibrated_experts_sensitivity,,,,,,,,0.0,0.0,0.0,['Forecast_Unavailable'],['Hard_Risk_Cap_Zero'],,,,,
2016-01-25,v2_relative_alpha_calibrated_experts_sensitivity,,,,,,,,0.0,0.0,0.0,['Forecast_Unavailable'],['Hard_Risk_Cap_Zero'],,,,,
2016-01-26,v2_relative_alpha_calibrated_experts_sensitivity,,,,,,,,0.0,0.0,0.0,['Forecast_Unavailable'],['Hard_Risk_Cap_Zero'],,,,,
2016-01-27,v2_relative_alpha_calibrated_experts_sensitivity,,,,,,,,0.0,0.0,0.0,['Forecast_Unavailable'],['Hard_Risk_Cap_Zero'],,,,,
2016-01-28,v2_relative_alpha_calibrated_experts_sensitivity,,,,,,,,0.0,0.0,0.0,['Forecast_Unavailable'],['Hard_Risk_Cap_Zero'],,,,,
2016-01-29,v2_relative_alpha_calibrated_experts_sensitivity,,,,,,,,0.0,0.0,0.0,['Forecast_Unavailable'],['Hard_Risk_Cap_Zero'],,,,,
2016-02-01,v2_relative_alpha_calibrated_experts_sensitivity,,,,,,,,0.0,0.0,0.0,['Forecast_Unavailable'],['Hard_Risk_Cap_Zero'],,,,,
2016-02-02,v2_relative_alpha_calibrated_experts_sensitivity,,,,,,,,0.0,0.0,0.0,['Forecast_Unavailable'],['Hard_Risk_Cap_Zero'],,,,,
2016-02-03,v2_relative_alpha_calibrated_experts_sensitivity,,,,,,,,0.0,0.0,0.0,['Forecast_Unavailable'],['Hard_Risk_Cap_Zero'],,,,,
2016-02-04,v2_relative_alpha_calibrated_experts_sensitivity,,,,,,,,0.0,0.0,0.0,['Forecast_Unavailable'],['Hard_Risk_Cap_Zero'],,,,,
2016-02-05,v2_relative_alpha_calibrated_experts_sensitivity,,,,,,,,0.0,0.0,0.0,['Forecast_Unavailable'],['Hard_Risk_Cap_Zero'],,,,,
2016-02-08,v2_relative_alpha_calibrated_experts_sensitivity,,,,,,,,0.0,0.0,0.0,['Forecast_Unavailable'],['Hard_Risk_Cap_Zero'],,,,,
2016-02-09,v2_relative_alpha_calibrated_experts_sensitivity,,,,,,,,0.0,0.0,0.0,['Forecast_Unavailable'],['Hard_Risk_Cap_Zero'],,,,,
2016-02-10,v2_relative_alpha_calibrated_experts_sensitivity,,,,,,,,0.0,0.0,0.0,['Forecast_Unavailable'],['Hard_Risk_Cap_Zero'],,,,,
2016-02-11,v2_relative_alpha_calibrated_experts_sensitivity,,,,,,,,0.0,0.0,0.0,['Forecast_Unavailable'],['Hard_Risk_Cap_Zero'],,,,,
2016-02-12,v2_relative_alpha_calibrated_experts_sensitivity,,,,,,,,0.0,0.0,0.0,['Forecast_Unavailable'],['Hard_Risk_Cap_Zero'],,,,,
2016-02-16,v2_relative_alpha_calibrated_experts_sensitivity,,,,,,,,0.0,0.0,0.0,['Forecast_Unavailable'],['Hard_Risk_Cap_Zero'],,,,,
2016-02-17,v2_relative_alpha_calibrated_experts_sensitivity,,,,,,,,0.0,0.0,0.0,['Forecast_Unavailable'],['Hard_Risk_Cap_Zero'],,,,,
2016-02-18,v2_relative_alpha_calibrated_experts_sensitivity,,,,,,,,0.0,0.0,0.0,['Forecast_Unavailable'],['Hard_Risk_Cap_Zero'],,,,,
2016-02-19,v2_relative_alpha_calibrated_experts_sensitivity,,,,,,,,0.0,0.0,0.0,['Forecast_Unavailable'],['Hard_Risk_Cap_Zero'],,,,,
2016-02-22,v2_relative_alpha_calibrated_experts_sensitivity,,,,,,,,0.0,0.0,0.0,['Forecast_Unavailable'],['Hard_Risk_Cap_Zero'],,,,,
2016-02-23,v2_relative_alpha_calibrated_experts_sensitivity,,,,,,,,0.0,0.0,0.0,['Forecast_Unavailable'],['Hard_Risk_Cap_Zero'],,,,,
2016-02-24,v2_relative_alpha_calibrated_experts_sensitivity,,,,,,,,0.0,0.0,0.0,['Forecast_Unavailable'],['Hard_Risk_Cap_Zero'],,,,,
2016-02-25,v2_relative_alpha_calibrated_experts_sensitivity,,,,,,,,0.0,0.0,0.0,['Forecast_Unavailable'],['Hard_Risk_Cap_Zero'],,,,,
2016-02-26,v2_relative_alpha_calibrated_experts_sensitivity,,,,,,,,0.0,0.0,0.0,['Forecast_Unavailable'],['Hard_Risk_Cap_Zero'],,,,,
2016-02-29,v2_relative_alpha_calibrated_experts_sensitivity,,,,,,,,0.0,0.0,0.0,['Forecast_Unavailable'],['Hard_Risk_Cap_Zero'],,,,,
2016-03-01,v2_relative_alpha_calibrated_experts_sensitivity,,,,,,,,0.0,0.0,0.0,['Forecast_Unavailable'],['Hard_Risk_Cap_Zero'],,,,,
2016-03-02,v2_relative_alpha_calibrated_experts_sensitivity,,,,,,,,0.0,0.0,0.0,['Forecast_Unavailable'],['Hard_Risk_Cap_Zero'],,,,,
2016-03-03,v2_relative_alpha_calibrated_experts_sensitivity,,,,,,,,0.0,0.0,0.0,['Forecast_Unavailable'],['Hard_Risk_Cap_Zero'],,,,,
2016-03-04,v2_relative_alpha_calibrated_experts_sensitivity,,,,,,,,0.0,0.0,0.0,['Forecast_Unavailable'],['Hard_Risk_Cap_Zero'],,,,,
2016-03-07,v2_relative_alpha_calibrated_experts_sensitivity,,,,,,,,0.0,0.0,0.0,['Forecast_Unavailable'],['Hard_Risk_Cap_Zero'],,,,,
2016-03-08,v2_relative_alpha_calibrated_experts_sensitivity,,,,,,,,0.0,0.0,0.0,['Forecast_Unavailable'],['Hard_Risk_Cap_Zero'],,,,,
2016-03-09,v2_relative_alpha_calibrated_experts_sensitivity,,,,,,,,0.0,0.0,0.0,['Forecast_Unavailable'],['Hard_Risk_Cap_Zero'],,,,,
2016-03-10,v2_relative_alpha_calibrated_experts_sensitivity,,,,,,,,0.0,0.0,0.0,['Forecast_Unavailable'],['Hard_Risk_Cap_Zero'],,,,,
2016-03-11,v2_relative_alpha_calibrated_experts_sensitivity,,,,,,,,0.0,0.0,0.0,['Forecast_Unavailable'],['Hard_Risk_Cap_Zero'],,,,,
2016-03-14,v2_relative_alpha_calibrated_experts_sensitivity,,,,,,,,0.0,0.0,0.0,['Forecast_Unavailable'],['Hard_Risk_Cap_Zero'],,,,,
2016-03-15,v2_relative_alpha_calibrated_experts_sensitivity,,,,,,,,0.0,0.0,0.0,['Forecast_Unavailable'],['Hard_Risk_Cap_Zero'],,,,,
2016-03-16,v2_relative_alpha_calibrated_experts_sensitivity,,,,,,,,0.0,0.0,0.0,['Forecast_Unavailable'],"['Risk_Above_55_Penalty', 'Coverage_Below_80_Cap', 'Weak_Regime_Cap']",,,,,
2016-03-17,v2_relative_alpha_calibrated_experts_sensitivity,,,,,,,,0.0,0.0,0.0,['Forecast_Unavailable'],['Hard_Risk_Cap_Zero'],,,,,
2016-03-18,v2_relative_alpha_calibrated_experts_sensitivity,,,,,,,,0.0,0.0,0.0,['Forecast_Unavailable'],['Hard_Risk_Cap_Zero'],,,,,
2016-03-21,v2_relative_alpha_calibrated_experts_sensitivity,,,,,,,,0.0,0.0,0.0,['Forecast_Unavailable'],['Hard_Risk_Cap_Zero'],,,,,
2016-03-22,v2_relative_alpha_calibrated_experts_sensitivity,,,,,,,,0.0,0.0,0.0,['Forecast_Unavailable'],['Hard_Risk_Cap_Zero'],,,,,
2016-03-23,v2_relative_alpha_calibrated_experts_sensitivity,,,,,,,,0.0,0.0,0.0,['Forecast_Unavailable'],['Hard_Risk_Cap_Zero'],,,,,
2016-03-24,v2_relative_alpha_calibrated_experts_sensitivity,,,,,,,,0.0,0.0,0.0,['Forecast_Unavailable'],['Hard_Risk_Cap_Zero'],,,,,
2016-03-28,v2_relative_alpha_calibrated_experts_sensitivity,,,,,,,,0.0,0.0,0.0,['Forecast_Unavailable'],['Hard_Risk_Cap_Zero'],,,,,
2016-03-29,v2_relative_alpha_calibrated_experts_sensitivity,,,,,,,,0.0,0.0,0.0,['Forecast_Unavailable'],['Hard_Risk_Cap_Zero'],,,,,
2016-03-30,v2_relative_alpha_calibrated_experts_sensitivity,,,,,,,,0.0,0.0,0.0,['Forecast_Unavailable'],['Hard_Risk_Cap_Zero'],,,,,
2016-03-31,v2_relative_alpha_calibrated_experts_sensitivity,,,,,,,,0.0,0.0,0.0,['Forecast_Unavailable'],['Hard_Risk_Cap_Zero'],,,,,
2016-04-01,v2_relative_alpha_calibrated_experts_sensitivity,,,,,,,,0.0,0.0,0.0,['Forecast_Unavailable'],['Hard_Risk_Cap_Zero'],,,,,
2016-04-04,v2_relative_alpha_calibrated_experts_sensitivity,,,,,,,,0.0,2.0,0.0,['Forecast_Unavailable'],"['Risk_Above_55_Penalty', 'Coverage_Below_80_Cap', 'Weak_Regime_Cap']",,,,,
2016-04-05,v2_relative_alpha_calibrated_experts_sensitivity,,,,,,,,0.0,2.0,0.0,['Forecast_Unavailable'],"['Coverage_Below_80_Cap', 'Weak_Regime_Cap']",,,,,
2016-04-06,v2_relative_alpha_calibrated_experts_sensitivity,,,,,,,,0.0,2.0,0.0,['Forecast_Unavailable'],"['Coverage_Below_80_Cap', 'Weak_Regime_Cap']",,,,,
2016-04-07,v2_relative_alpha_calibrated_experts_sensitivity,,,,,,,,0.0,2.0,0.0,['Forecast_Unavailable'],"['Coverage_Below_80_Cap', 'Weak_Regime_Cap']",,,,,
2016-04-08,v2_relative_alpha_calibrated_experts_sensitivity,,,,,,,,0.0,2.0,0.0,['Forecast_Unavailable'],"['Coverage_Below_80_Cap', 'Weak_Regime_Cap']",,,,,
2016-04-11,v2_relative_alpha_calibrated_experts_sensitivity,,,,,,,,0.0,2.0,0.0,['Forecast_Unavailable'],"['Coverage_Below_80_Cap', 'Weak_Regime_Cap']",,,,,
2016-04-12,v2_relative_alpha_calibrated_experts_sensitivity,,,,,,,,0.0,2.0,0.0,['Forecast_Unavailable'],"['Coverage_Below_80_Cap', 'Weak_Regime_Cap']",,,,,
2016-04-13,v2_relative_alpha_calibrated_experts_sensitivity,,,,,,,,0.0,2.0,0.0,['Forecast_Unavailable'],"['Coverage_Below_80_Cap', 'Weak_Regime_Cap']",,,,,
2016-04-14,v2_relative_alpha_calibrated_experts_sensitivity,,,,,,,,0.0,2.0,0.0,['Forecast_Unavailable'],"['Coverage_Below_80_Cap', 'Weak_Regime_Cap']",,,,,
2016-04-15,v2_relative_alpha_calibrated_experts_sensitivity,,,,,,,,0.0,2.0,0.0,['Forecast_Unavailable'],"['Coverage_Below_80_Cap', 'Weak_Regime_Cap']",,,,,
2016-04-18,v2_relative_alpha_calibrated_experts_sensitivity,,,,,,,,0.0,2.0,0.0,['Forecast_Unavailable'],"['Coverage_Below_80_Cap', 'Weak_Regime_Cap']",,,,,
2016-04-19,v2_relative_alpha_calibrated_experts_sensitivity,,,,,,,,0.0,2.0,0.0,['Forecast_Unavailable'],"['Coverage_Below_80_Cap', 'Weak_Regime_Cap']",,,,,
2016-04-20,v2_relative_alpha_calibrated_experts_sensitivity,,,,,,,,0.0,2.0,0.0,['Forecast_Unavailable'],"['Coverage_Below_80_Cap', 'Weak_Regime_Cap']",,,,,
2016-04-21,v2_relative_alpha_calibrated_experts_sensitivity,,,,,,,,0.0,2.0,0.0,['Forecast_Unavailable'],"['Coverage_Below_80_Cap', 'Weak_Regime_Cap']",,,,,
2016-04-22,v2_relative_alpha_calibrated_experts_sensitivity,,,,,,,,0.0,2.0,0.0,['Forecast_Unavailable'],"['Risk_Above_55_Penalty', 'Coverage_Below_80_Cap', 'Weak_Regime_Cap']",,,,,
2016-04-25,v2_relative_alpha_calibrated_experts_sensitivity,,,,,,,,0.0,2.0,0.0,['Forecast_Unavailable'],"['Coverage_Below_80_Cap', 'Weak_Regime_Cap']",,,,,
2016-04-26,v2_relative_alpha_calibrated_experts_sensitivity,,,,,,,,0.0,2.0,0.0,['Forecast_Unavailable'],"['Coverage_Below_80_Cap', 'Weak_Regime_Cap']",,,,,
2016-04-27,v2_relative_alpha_calibrated_experts_sensitivity,,,,,,,,0.0,2.0,0.0,['Forecast_Unavailable'],"['Risk_Above_55_Penalty', 'Coverage_Below_80_Cap', 'Weak_Regime_Cap']",,,,,
2016-04-28,v2_relative_alpha_calibrated_experts_sensitivity,,,,,,,,0.0,2.0,0.0,['Forecast_Unavailable'],"['Risk_Above_55_Penalty', 'Coverage_Below_80_Cap', 'Weak_Regime_Cap']",,,,,
2016-04-29,v2_relative_alpha_calibrated_experts_sensitivity,,,,,,,,0.0,0.0,0.0,['Forecast_Unavailable'],"['Risk_Above_55_Penalty', 'Liquidity_Below_45_Penalty', 'Coverage_Below_80_Cap', 'Weak_Regime_Cap']",,,,,
2016-05-02,v2_relative_alpha_calibrated_experts_sensitivity,,,,,,,,0.0,0.0,0.0,['Forecast_Unavailable'],"['Risk_Above_55_Penalty', 'Liquidity_Below_45_Penalty', 'Coverage_Below_80_Cap', 'Weak_Regime_Cap']",,,,,
2016-05-03,v2_relative_alpha_calibrated_experts_sensitivity,,,,,,,,0.0,0.0,0.0,['Forecast_Unavailable'],"['Risk_Above_55_Penalty', 'Coverage_Below_80_Cap', 'Weak_Regime_Cap']",,,,,
2016-05-04,v2_relative_alpha_calibrated_experts_sensitivity,,,,,,,,0.0,0.0,0.0,['Forecast_Unavailable'],"['Risk_Above_55_Penalty', 'Coverage_Below_80_Cap', 'Weak_Regime_Cap']",,,,,
2016-05-05,v2_relative_alpha_calibrated_experts_sensitivity,,,,,,,,0.0,0.0,0.0,['Forecast_Unavailable'],"['Risk_Above_55_Penalty', 'Coverage_Below_80_Cap', 'Weak_Regime_Cap']",,,,,
2016-05-06,v2_relative_alpha_calibrated_experts_sensitivity,,,,,,,,0.0,0.0,0.0,['Forecast_Unavailable'],"['Risk_Above_55_Penalty', 'Coverage_Below_80_Cap', 'Weak_Regime_Cap']",,,,,
2016-05-09,v2_relative_alpha_calibrated_experts_sensitivity,,,,,,,,0.0,0.0,0.0,['Forecast_Unavailable'],['Hard_Risk_Cap_Zero'],,,,,
2016-05-10,v2_relative_alpha_calibrated_experts_sensitivity,,,,,,,,0.0,0.0,0.0,['Forecast_Unavailable'],['Hard_Risk_Cap_Zero'],,,,,
2016-05-11,v2_relative_alpha_calibrated_experts_sensitivity,,,,,,,,0.0,0.0,0.0,['Forecast_Unavailable'],['Hard_Risk_Cap_Zero'],,,,,
2016-05-12,v2_relative_alpha_calibrated_experts_sensitivity,,,,,,,,0.0,0.0,0.0,['Forecast_Unavailable'],['Hard_Risk_Cap_Zero'],,,,,
2016-05-13,v2_relative_alpha_calibrated_experts_sensitivity,,,,,,,,0.0,0.0,0.0,['Forecast_Unavailable'],['Hard_Risk_Cap_Zero'],,,,,
2016-05-16,v2_relative_alpha_calibrated_experts_sensitivity,,,,,,,,0.0,0.0,0.0,['Forecast_Unavailable'],['Hard_Risk_Cap_Zero'],,,,,
2016-05-17,v2_relative_alpha_calibrated_experts_sensitivity,,,,,,,,0.0,0.0,0.0,['Forecast_Unavailable'],['Hard_Risk_Cap_Zero'],,,,,
2016-05-18,v2_relative_alpha_calibrated_experts_sensitivity,,,,,,,,0.0,0.0,0.0,['Forecast_Unavailable'],['Hard_Risk_Cap_Zero'],,,,,
2016-05-19,v2_relative_alpha_calibrated_experts_sensitivity,,,,,,,,0.0,0.0,0.0,['Forecast_Unavailable'],['Hard_Risk_Cap_Zero'],,,,,
2016-05-20,v2_relative_alpha_calibrated_experts_sensitivity,,,,,,,,0.0,0.0,0.0,['Forecast_Unavailable'],['Hard_Risk_Cap_Zero'],,,,,
2016-05-23,v2_relative_alpha_calibrated_experts_sensitivity,,,,,,,,0.0,0.0,0.0,['Forecast_Unavailable'],['Hard_Risk_Cap_Zero'],,,,,
2016-05-24,v2_relative_alpha_calibrated_experts_sensitivity,,,,,,,,0.0,0.0,0.0,['Forecast_Unavailable'],['Hard_Risk_Cap_Zero'],,,,,
2016-05-25,v2_relative_alpha_calibrated_experts_sensitivity,,,,,,,,0.0,0.0,0.0,['Forecast_Unavailable'],['Hard_Risk_Cap_Zero'],,,,,
2016-05-26,v2_relative_alpha_calibrated_experts_sensitivity,,,,,,,,0.0,0.0,0.0,['Forecast_Unavailable'],['Hard_Risk_Cap_Zero'],,,,,
2016-05-27,v2_relative_alpha_calibrated_experts_sensitivity,,,,,,,,0.0,0.0,0.0,['Forecast_Unavailable'],['Hard_Risk_Cap_Zero'],,,,,
2016-05-31,v2_relative_alpha_calibrated_experts_sensitivity,,,,,,,,0.0,0.0,0.0,['Forecast_Unavailable'],['Hard_Risk_Cap_Zero'],,,,,
2016-06-01,v2_relative_alpha_calibrated_experts_sensitivity,,,,,,,,0.0,0.0,0.0,['Forecast_Unavailable'],['Hard_Risk_Cap_Zero'],,,,,
2016-06-02,v2_relative_alpha_calibrated_experts_sensitivity,,,,,,,,0.0,0.0,0.0,['Forecast_Unavailable'],['Hard_Risk_Cap_Zero'],,,,,
2016-06-03,v2_relative_alpha_calibrated_experts_sensitivity,,,,,,,,0.0,0.0,0.0,['Forecast_Unavailable'],['Hard_Risk_Cap_Zero'],,,,,
2016-06-06,v2_relative_alpha_calibrated_experts_sensitivity,,,,,,,,0.0,0.0,0.0,['Forecast_Unavailable'],['Hard_Risk_Cap_Zero'],,,,,
2016-06-07,v2_relative_alpha_calibrated_experts_sensitivity,,,,,,,,0.0,0.0,0.0,['Forecast_Unavailable'],"['Risk_Above_55_Penalty', 'Liquidity_Below_45_Penalty', 'Coverage_Below_80_Cap']",,,,,
2016-06-08,v2_relative_alpha_calibrated_experts_sensitivity,,,,,,,,0.0,0.0,0.0,['Forecast_Unavailable'],"['Risk_Above_55_Penalty', 'Liquidity_Below_45_Penalty', 'Coverage_Below_80_Cap']",,,,,
2016-06-09,v2_relative_alpha_calibrated_experts_sensitivity,,,,,,,,0.0,0.0,0.0,['Forecast_Unavailable'],"['Risk_Above_55_Penalty', 'Liquidity_Below_45_Penalty', 'Coverage_Below_80_Cap']",,,,,
2016-06-10,v2_relative_alpha_calibrated_experts_sensitivity,,,,,,,,0.0,0.0,0.0,['Forecast_Unavailable'],"['Risk_Above_55_Penalty', 'Liquidity_Below_45_Penalty', 'Coverage_Below_80_Cap']",,,,,
2016-06-13,v2_relative_alpha_calibrated_experts_sensitivity,,,,,,,,0.0,0.0,0.0,['Forecast_Unavailable'],"['Risk_Above_55_Penalty', 'Liquidity_Below_45_Penalty', 'Coverage_Below_80_Cap']",,,,,
2016-06-14,v2_relative_alpha_calibrated_experts_sensitivity,,,,,,,,0.0,0.0,0.0,['Forecast_Unavailable'],"['Risk_Above_55_Penalty', 'Liquidity_Below_45_Penalty', 'Coverage_Below_80_Cap']",,,,,
2016-06-15,v2_relative_alpha_calibrated_experts_sensitivity,,,,,,,,0.0,0.0,0.0,['Forecast_Unavailable'],"['Risk_Above_55_Penalty', 'Liquidity_Below_45_Penalty', 'Coverage_Below_80_Cap']",,,,,
2016-06-16,v2_relative_alpha_calibrated_experts_sensitivity,,,,,,,,0.0,1.0,0.0,['Forecast_Unavailable'],"['Risk_Above_55_Penalty', 'Liquidity_Below_45_Penalty', 'Coverage_Below_80_Cap']",,,,,
2016-06-17,v2_relative_alpha_calibrated_experts_sensitivity,,,,,,,,0.0,1.0,0.0,['Forecast_Unavailable'],"['Risk_Above_55_Penalty', 'Liquidity_Below_45_Penalty', 'Coverage_Below_80_Cap', 'Weak_Regime_Cap']",,,,,
2016-06-20,v2_relative_alpha_calibrated_experts_sensitivity,,,,,,,,0.0,0.0,0.0,['Forecast_Unavailable'],"['Risk_Above_55_Penalty', 'Liquidity_Below_45_Penalty', 'Coverage_Below_80_Cap', 'Weak_Regime_Cap']",,,,,
2016-06-21,v2_relative_alpha_calibrated_experts_sensitivity,,,,,,,,0.0,0.0,0.0,['Forecast_Unavailable'],"['Risk_Above_55_Penalty', 'Liquidity_Below_45_Penalty', 'Coverage_Below_80_Cap', 'Weak_Regime_Cap']",,,,,
2016-06-22,v2_relative_alpha_calibrated_experts_sensitivity,,,,,,,,0.0,0.0,0.0,['Forecast_Unavailable'],"['Risk_Above_55_Penalty', 'Liquidity_Below_45_Penalty', 'Coverage_Below_80_Cap', 'Weak_Regime_Cap', 'VIX_Backwardation_Cap']",,,,,
2016-06-23,v2_relative_alpha_calibrated_experts_sensitivity,,,,,,,,0.0,1.0,0.0,['Forecast_Unavailable'],"['Risk_Above_55_Penalty', 'Liquidity_Below_45_Penalty', 'Coverage_Below_80_Cap', 'Weak_Regime_Cap']",,,,,
2016-06-24,v2_relative_alpha_calibrated_experts_sensitivity,,,,,,,,0.0,0.0,0.0,['Forecast_Unavailable'],['Hard_Risk_Cap_Zero'],,,,,
2016-06-27,v2_relative_alpha_calibrated_experts_sensitivity,,,,,,,,0.0,0.0,0.0,['Forecast_Unavailable'],['Hard_Risk_Cap_Zero'],,,,,
2016-06-28,v2_relative_alpha_calibrated_experts_sensitivity,,,,,,,,0.0,0.0,0.0,['Forecast_Unavailable'],['Hard_Risk_Cap_Zero'],,,,,
2016-06-29,v2_relative_alpha_calibrated_experts_sensitivity,,,,,,,,0.0,0.0,0.0,['Forecast_Unavailable'],['Hard_Risk_Cap_Zero'],,,,,
2016-06-30,v2_relative_alpha_calibrated_experts_sensitivity,,,,,,,,0.0,0.0,0.0,['Forecast_Unavailable'],['Hard_Risk_Cap_Zero'],,,,,
2016-07-01,v2_relative_alpha_calibrated_experts_sensitivity,,,,,,,,0.0,0.0,0.0,['Forecast_Unavailable'],['Hard_Risk_Cap_Zero'],,,,,
2016-07-05,v2_relative_alpha_calibrated_experts_sensitivity,,,,,,,,0.0,2.0,0.0,['Forecast_Unavailable'],"['Risk_Above_55_Penalty', 'Coverage_Below_80_Cap', 'Weak_Regime_Cap']",,,,,
2016-07-06,v2_relative_alpha_calibrated_experts_sensitivity,,,,,,,,0.0,0.0,0.0,['Forecast_Unavailable'],['Hard_Risk_Cap_Zero'],,,,,
2016-07-07,v2_relative_alpha_calibrated_experts_sensitivity,,,,,,,,0.0,0.0,0.0,['Forecast_Unavailable'],['Hard_Risk_Cap_Zero'],,,,,
2016-07-08,v2_relative_alpha_calibrated_experts_sensitivity,,,,,,,,0.0,0.0,0.0,['Forecast_Unavailable'],['Hard_Risk_Cap_Zero'],,,,,
2016-07-11,v2_relative_alpha_calibrated_experts_sensitivity,,,,,,,,0.0,0.0,0.0,['Forecast_Unavailable'],['Hard_Risk_Cap_Zero'],,,,,
2016-07-12,v2_relative_alpha_calibrated_experts_sensitivity,,,,,,,,0.0,0.0,0.0,['Forecast_Unavailable'],['Hard_Risk_Cap_Zero'],,,,,
2016-07-13,v2_relative_alpha_calibrated_experts_sensitivity,,,,,,,,0.0,0.0,0.0,['Forecast_Unavailable'],['Hard_Risk_Cap_Zero'],,,,,
2016-07-14,v2_relative_alpha_calibrated_experts_sensitivity,,,,,,,,0.0,0.0,0.0,['Forecast_Unavailable'],['Hard_Risk_Cap_Zero'],,,,,
2016-07-15,v2_relative_alpha_calibrated_experts_sensitivity,,,,,,,,0.0,0.0,0.0,['Forecast_Unavailable'],['Hard_Risk_Cap_Zero'],,,,,
2016-07-18,v2_relative_alpha_calibrated_experts_sensitivity,,,,,,,,0.0,0.0,0.0,['Forecast_Unavailable'],['Hard_Risk_Cap_Zero'],,,,,
2016-07-19,v2_relative_alpha_calibrated_experts_sensitivity,,,,,,,,0.0,0.0,0.0,['Forecast_Unavailable'],['Hard_Risk_Cap_Zero'],,,,,
2016-07-20,v2_relative_alpha_calibrated_experts_sensitivity,,,,,,,,0.0,0.0,0.0,['Forecast_Unavailable'],['Hard_Risk_Cap_Zero'],,,,,
2016-07-21,v2_relative_alpha_calibrated_experts_sensitivity,,,,,,,,0.0,0.0,0.0,['Forecast_Unavailable'],['Hard_Risk_Cap_Zero'],,,,,
2016-07-22,v2_relative_alpha_calibrated_experts_sensitivity,,,,,,,,0.0,0.0,0.0,['Forecast_Unavailable'],['Hard_Risk_Cap_Zero'],,,,,
2016-07-25,v2_relative_alpha_calibrated_experts_sensitivity,,,,,,,,0.0,0.0,0.0,['Forecast_Unavailable'],['Hard_Risk_Cap_Zero'],,,,,
2016-07-26,v2_relative_alpha_calibrated_experts_sensitivity,,,,,,,,0.0,0.0,0.0,['Forecast_Unavailable'],['Hard_Risk_Cap_Zero'],,,,,
2016-07-27,v2_relative_alpha_calibrated_experts_sensitivity,,,,,,,,0.0,0.0,0.0,['Forecast_Unavailable'],['Hard_Risk_Cap_Zero'],,,,,
2016-07-28,v2_relative_alpha_calibrated_experts_sensitivity,,,,,,,,0.0,0.0,0.0,['Forecast_Unavailable'],['Hard_Risk_Cap_Zero'],,,,,
2016-07-29,v2_relative_alpha_calibrated_experts_sensitivity,,,,,,,,0.0,4.0,0.0,['Forecast_Unavailable'],"['Liquidity_Below_45_Penalty', 'Coverage_Below_80_Cap']",,,,,
2016-08-01,v2_relative_alpha_calibrated_experts_sensitivity,,,,,,,,0.0,1.0,0.0,['Forecast_Unavailable'],"['Risk_Above_55_Penalty', 'Liquidity_Below_45_Penalty', 'Coverage_Below_80_Cap']",,,,,
2016-08-02,v2_relative_alpha_calibrated_experts_sensitivity,,,,,,,,0.0,4.0,0.0,['Forecast_Unavailable'],"['Liquidity_Below_45_Penalty', 'Coverage_Below_80_Cap']",,,,,
2016-08-03,v2_relative_alpha_calibrated_experts_sensitivity,,,,,,,,0.0,4.0,0.0,['Forecast_Unavailable'],"['Liquidity_Below_45_Penalty', 'Coverage_Below_80_Cap']",,,,,
2016-08-04,v2_relative_alpha_calibrated_experts_sensitivity,,,,,,,,0.0,4.0,0.0,['Forecast_Unavailable'],"['Liquidity_Below_45_Penalty', 'Coverage_Below_80_Cap']",,,,,
2016-08-05,v2_relative_alpha_calibrated_experts_sensitivity,,,,,,,,0.0,4.0,0.0,['Forecast_Unavailable'],['Coverage_Below_80_Cap'],,,,,
2016-08-08,v2_relative_alpha_calibrated_experts_sensitivity,,,,,,,,0.0,4.0,0.0,['Forecast_Unavailable'],['Coverage_Below_80_Cap'],,,,,
2016-08-09,v2_relative_alpha_calibrated_experts_sensitivity,,,,,,,,0.0,4.0,0.0,['Forecast_Unavailable'],['Coverage_Below_80_Cap'],,,,,
2016-08-10,v2_relative_alpha_calibrated_experts_sensitivity,,,,,,,,0.0,4.0,0.0,['Forecast_Unavailable'],['Coverage_Below_80_Cap'],,,,,
2016-08-11,v2_relative_alpha_calibrated_experts_sensitivity,,,,,,,,0.0,4.0,0.0,['Forecast_Unavailable'],"['Liquidity_Below_45_Penalty', 'Coverage_Below_80_Cap']",,,,,
2016-08-12,v2_relative_alpha_calibrated_experts_sensitivity,,,,,,,,0.0,4.0,0.0,['Forecast_Unavailable'],['Coverage_Below_80_Cap'],,,,,
2016-08-15,v2_relative_alpha_calibrated_experts_sensitivity,,,,,,,,0.0,4.0,0.0,['Forecast_Unavailable'],['Coverage_Below_80_Cap'],,,,,
2016-08-16,v2_relative_alpha_calibrated_experts_sensitivity,,,,,,,,0.0,4.0,0.0,['Forecast_Unavailable'],['Coverage_Below_80_Cap'],,,,,
2016-08-17,v2_relative_alpha_calibrated_experts_sensitivity,,,,,,,,0.0,4.0,0.0,['Forecast_Unavailable'],['Coverage_Below_80_Cap'],,,,,
2016-08-18,v2_relative_alpha_calibrated_experts_sensitivity,,,,,,,,0.0,4.0,0.0,['Forecast_Unavailable'],['Coverage_Below_80_Cap'],,,,,
2016-08-19,v2_relative_alpha_calibrated_experts_sensitivity,,,,,,,,0.0,4.0,0.0,['Forecast_Unavailable'],"['Liquidity_Below_45_Penalty', 'Coverage_Below_80_Cap']",,,,,
2016-08-22,v2_relative_alpha_calibrated_experts_sensitivity,,,,,,,,0.0,4.0,0.0,['Forecast_Unavailable'],"['Liquidity_Below_45_Penalty', 'Coverage_Below_80_Cap']",,,,,
2016-08-23,v2_relative_alpha_calibrated_experts_sensitivity,,,,,,,,0.0,4.0,0.0,['Forecast_Unavailable'],"['Liquidity_Below_45_Penalty', 'Coverage_Below_80_Cap']",,,,,
2016-08-24,v2_relative_alpha_calibrated_experts_sensitivity,,,,,,,,0.0,4.0,0.0,['Forecast_Unavailable'],"['Liquidity_Below_45_Penalty', 'Coverage_Below_80_Cap']",,,,,
2016-08-25,v2_relative_alpha_calibrated_experts_sensitivity,,,,,,,,0.0,4.0,0.0,['Forecast_Unavailable'],['Coverage_Below_80_Cap'],,,,,
2016-08-26,v2_relative_alpha_calibrated_experts_sensitivity,,,,,,,,0.0,4.0,0.0,['Forecast_Unavailable'],['Coverage_Below_80_Cap'],,,,,
2016-08-29,v2_relative_alpha_calibrated_experts_sensitivity,,,,,,,,0.0,4.0,0.0,['Forecast_Unavailable'],['Coverage_Below_80_Cap'],,,,,
2016-08-30,v2_relative_alpha_calibrated_experts_sensitivity,,,,,,,,0.0,4.0,0.0,['Forecast_Unavailable'],['Coverage_Below_80_Cap'],,,,,
2016-08-31,v2_relative_alpha_calibrated_experts_sensitivity,,,,,,,,0.0,4.0,0.0,['Forecast_Unavailable'],"['Liquidity_Below_45_Penalty', 'Coverage_Below_80_Cap']",,,,,
2016-09-01,v2_relative_alpha_calibrated_experts_sensitivity,,,,,,,,0.0,4.0,0.0,['Forecast_Unavailable'],"['Liquidity_Below_45_Penalty', 'Coverage_Below_80_Cap']",,,,,
2016-09-02,v2_relative_alpha_calibrated_experts_sensitivity,,,,,,,,0.0,3.0,0.0,['Forecast_Unavailable'],"['Liquidity_Below_45_Penalty', 'Coverage_Below_80_Cap']",,,,,
2016-09-06,v2_relative_alpha_calibrated_experts_sensitivity,,,,,,,,0.0,1.0,0.0,['Forecast_Unavailable'],"['Risk_Above_55_Penalty', 'Liquidity_Below_45_Penalty', 'Coverage_Below_80_Cap']",,,,,
2016-09-07,v2_relative_alpha_calibrated_experts_sensitivity,,,,,,,,0.0,1.0,0.0,['Forecast_Unavailable'],"['Risk_Above_55_Penalty', 'Liquidity_Below_45_Penalty', 'Coverage_Below_80_Cap']",,,,,
2016-09-08,v2_relative_alpha_calibrated_experts_sensitivity,,,,,,,,0.0,3.0,0.0,['Forecast_Unavailable'],"['Liquidity_Below_45_Penalty', 'Coverage_Below_80_Cap']",,,,,
2016-09-09,v2_relative_alpha_calibrated_experts_sensitivity,,,,,,,,0.0,4.0,0.0,['Forecast_Unavailable'],['Coverage_Below_80_Cap'],,,,,
2016-09-12,v2_relative_alpha_calibrated_experts_sensitivity,,,,,,,,0.0,4.0,0.0,['Forecast_Unavailable'],"['Liquidity_Below_45_Penalty', 'Coverage_Below_80_Cap']",,,,,
2016-09-13,v2_relative_alpha_calibrated_experts_sensitivity,,,,,,,,0.0,3.0,0.0,['Forecast_Unavailable'],"['Risk_Above_55_Penalty', 'Liquidity_Below_45_Penalty', 'Coverage_Below_80_Cap']",,,,,
2016-09-14,v2_relative_alpha_calibrated_experts_sensitivity,,,,,,,,0.0,3.0,0.0,['Forecast_Unavailable'],"['Risk_Above_55_Penalty', 'Liquidity_Below_45_Penalty', 'Coverage_Below_80_Cap']",,,,,
2016-09-15,v2_relative_alpha_calibrated_experts_sensitivity,,,,,,,,0.0,4.0,0.0,['Forecast_Unavailable'],"['Liquidity_Below_45_Penalty', 'Coverage_Below_80_Cap']",,,,,
2016-09-16,v2_relative_alpha_calibrated_experts_sensitivity,,,,,,,,0.0,4.0,0.0,['Forecast_Unavailable'],"['Liquidity_Below_45_Penalty', 'Coverage_Below_80_Cap']",,,,,
2016-09-19,v2_relative_alpha_calibrated_experts_sensitivity,,,,,,,,0.0,0.0,0.0,['Forecast_Unavailable'],['Hard_Risk_Cap_Zero'],,,,,
2016-09-20,v2_relative_alpha_calibrated_experts_sensitivity,,,,,,,,0.0,0.0,0.0,['Forecast_Unavailable'],['Hard_Risk_Cap_Zero'],,,,,
2016-09-21,v2_relative_alpha_calibrated_experts_sensitivity,,,,,,,,0.0,0.0,0.0,['Forecast_Unavailable'],['Hard_Risk_Cap_Zero'],,,,,
2016-09-22,v2_relative_alpha_calibrated_experts_sensitivity,,,,,,,,0.0,0.0,0.0,['Forecast_Unavailable'],['Hard_Risk_Cap_Zero'],,,,,
2016-09-23,v2_relative_alpha_calibrated_experts_sensitivity,,,,,,,,0.0,0.0,0.0,['Forecast_Unavailable'],['Hard_Risk_Cap_Zero'],,,,,
2016-09-26,v2_relative_alpha_calibrated_experts_sensitivity,,,,,,,,0.0,0.0,0.0,['Forecast_Unavailable'],['Hard_Risk_Cap_Zero'],,,,,
2016-09-27,v2_relative_alpha_calibrated_experts_sensitivity,,,,,,,,0.0,0.0,0.0,['Forecast_Unavailable'],['Hard_Risk_Cap_Zero'],,,,,
2016-09-28,v2_relative_alpha_calibrated_experts_sensitivity,,,,,,,,0.0,0.0,0.0,['Forecast_Unavailable'],['Hard_Risk_Cap_Zero'],,,,,
2016-09-29,v2_relative_alpha_calibrated_experts_sensitivity,,,,,,,,0.0,0.0,0.0,['Forecast_Unavailable'],['Hard_Risk_Cap_Zero'],,,,,
2016-09-30,v2_relative_alpha_calibrated_experts_sensitivity,,,,,,,,0.0,0.0,0.0,['Forecast_Unavailable'],['Hard_Risk_Cap_Zero'],,,,,
2016-10-03,v2_relative_alpha_calibrated_experts_sensitivity,,,,,,,,0.0,0.0,0.0,['Forecast_Unavailable'],['Hard_Risk_Cap_Zero'],,,,,
2016-10-04,v2_relative_alpha_calibrated_experts_sensitivity,,,,,,,,0.0,1.0,0.0,['Forecast_Unavailable'],"['Risk_Above_55_Penalty', 'Liquidity_Below_45_Penalty', 'Coverage_Below_80_Cap']",,,,,
2016-10-05,v2_relative_alpha_calibrated_experts_sensitivity,,,,,,,,0.0,0.0,0.0,['Forecast_Unavailable'],['Hard_Risk_Cap_Zero'],,,,,
2016-10-06,v2_relative_alpha_calibrated_experts_sensitivity,,,,,,,,0.0,0.0,0.0,['Forecast_Unavailable'],['Hard_Risk_Cap_Zero'],,,,,
2016-10-07,v2_relative_alpha_calibrated_experts_sensitivity,,,,,,,,0.0,0.0,0.0,['Forecast_Unavailable'],['Hard_Risk_Cap_Zero'],,,,,
2016-10-10,v2_relative_alpha_calibrated_experts_sensitivity,,,,,,,,0.0,0.0,0.0,['Forecast_Unavailable'],['Hard_Risk_Cap_Zero'],,,,,
2016-10-11,v2_relative_alpha_calibrated_experts_sensitivity,,,,,,,,0.0,0.0,0.0,['Forecast_Unavailable'],['Hard_Risk_Cap_Zero'],,,,,
2016-10-12,v2_relative_alpha_calibrated_experts_sensitivity,,,,,,,,0.0,0.0,0.0,['Forecast_Unavailable'],['Hard_Risk_Cap_Zero'],,,,,
2016-10-13,v2_relative_alpha_calibrated_experts_sensitivity,,,,,,,,0.0,0.0,0.0,['Forecast_Unavailable'],['Hard_Risk_Cap_Zero'],,,,,
2016-10-14,v2_relative_alpha_calibrated_experts_sensitivity,,,,,,,,0.0,0.0,0.0,['Forecast_Unavailable'],['Hard_Risk_Cap_Zero'],,,,,
2016-10-17,v2_relative_alpha_calibrated_experts_sensitivity,,,,,,,,0.0,0.0,0.0,['Forecast_Unavailable'],['Hard_Risk_Cap_Zero'],,,,,
2016-10-18,v2_relative_alpha_calibrated_experts_sensitivity,,,,,,,,0.0,0.0,0.0,['Forecast_Unavailable'],['Hard_Risk_Cap_Zero'],,,,,
2016-10-19,v2_relative_alpha_calibrated_experts_sensitivity,,,,,,,,0.0,0.0,0.0,['Forecast_Unavailable'],['Hard_Risk_Cap_Zero'],,,,,
2016-10-20,v2_relative_alpha_calibrated_experts_sensitivity,,,,,,,,0.0,0.0,0.0,['Forecast_Unavailable'],['Hard_Risk_Cap_Zero'],,,,,
2016-10-21,v2_relative_alpha_calibrated_experts_sensitivity,,,,,,,,0.0,0.0,0.0,['Forecast_Unavailable'],['Hard_Risk_Cap_Zero'],,,,,
2016-10-24,v2_relative_alpha_calibrated_experts_sensitivity,,,,,,,,0.0,0.0,0.0,['Forecast_Unavailable'],['Hard_Risk_Cap_Zero'],,,,,
2016-10-25,v2_relative_alpha_calibrated_experts_sensitivity,,,,,,,,0.0,0.0,0.0,['Forecast_Unavailable'],['Hard_Risk_Cap_Zero'],,,,,
2016-10-26,v2_relative_alpha_calibrated_experts_sensitivity,,,,,,,,0.0,0.0,0.0,['Forecast_Unavailable'],['Hard_Risk_Cap_Zero'],,,,,
2016-10-27,v2_relative_alpha_calibrated_experts_sensitivity,,,,,,,,0.0,0.0,0.0,['Forecast_Unavailable'],['Hard_Risk_Cap_Zero'],,,,,
2016-10-28,v2_relative_alpha_calibrated_experts_sensitivity,,,,,,,,0.0,0.0,0.0,['Forecast_Unavailable'],['Hard_Risk_Cap_Zero'],,,,,
2016-10-31,v2_relative_alpha_calibrated_experts_sensitivity,,,,,,,,0.0,0.0,0.0,['Forecast_Unavailable'],['Hard_Risk_Cap_Zero'],,,,,
2016-11-01,v2_relative_alpha_calibrated_experts_sensitivity,,,,,,,,0.0,0.0,0.0,['Forecast_Unavailable'],['Hard_Risk_Cap_Zero'],,,,,
2016-11-02,v2_relative_alpha_calibrated_experts_sensitivity,,,,,,,,0.0,0.0,0.0,['Forecast_Unavailable'],['Hard_Risk_Cap_Zero'],,,,,
2016-11-03,v2_relative_alpha_calibrated_experts_sensitivity,,,,,,,,0.0,0.0,0.0,['Forecast_Unavailable'],['Hard_Risk_Cap_Zero'],,,,,
2016-11-04,v2_relative_alpha_calibrated_experts_sensitivity,,,,,,,,0.0,0.0,0.0,['Forecast_Unavailable'],['Hard_Risk_Cap_Zero'],,,,,
2016-11-07,v2_relative_alpha_calibrated_experts_sensitivity,,,,,,,,0.0,0.0,0.0,['Forecast_Unavailable'],['Hard_Risk_Cap_Zero'],,,,,
2016-11-08,v2_relative_alpha_calibrated_experts_sensitivity,,,,,,,,0.0,0.0,0.0,['Forecast_Unavailable'],['Hard_Risk_Cap_Zero'],,,,,
2016-11-09,v2_relative_alpha_calibrated_experts_sensitivity,,,,,,,,0.0,0.0,0.0,['Forecast_Unavailable'],['Hard_Risk_Cap_Zero'],,,,,
2016-11-10,v2_relative_alpha_calibrated_experts_sensitivity,,,,,,,,0.0,0.0,0.0,['Forecast_Unavailable'],['Hard_Risk_Cap_Zero'],,,,,
2016-11-11,v2_relative_alpha_calibrated_experts_sensitivity,,,,,,,,0.0,0.0,0.0,['Forecast_Unavailable'],['Hard_Risk_Cap_Zero'],,,,,
2016-11-14,v2_relative_alpha_calibrated_experts_sensitivity,,,,,,,,0.0,0.0,0.0,['Forecast_Unavailable'],['Hard_Risk_Cap_Zero'],,,,,
2016-11-15,v2_relative_alpha_calibrated_experts_sensitivity,,,,,,,,0.0,0.0,0.0,['Forecast_Unavailable'],['Hard_Risk_Cap_Zero'],,,,,
2016-11-16,v2_relative_alpha_calibrated_experts_sensitivity,,,,,,,,0.0,0.0,0.0,['Forecast_Unavailable'],['Hard_Risk_Cap_Zero'],,,,,
2016-11-17,v2_relative_alpha_calibrated_experts_sensitivity,,,,,,,,0.0,0.0,0.0,['Forecast_Unavailable'],['Hard_Risk_Cap_Zero'],,,,,
2016-11-18,v2_relative_alpha_calibrated_experts_sensitivity,,,,,,,,0.0,0.0,0.0,['Forecast_Unavailable'],['Hard_Risk_Cap_Zero'],,,,,
2016-11-21,v2_relative_alpha_calibrated_experts_sensitivity,,,,,,,,0.0,0.0,0.0,['Forecast_Unavailable'],['Hard_Risk_Cap_Zero'],,,,,
2016-11-22,v2_relative_alpha_calibrated_experts_sensitivity,,,,,,,,0.0,0.0,0.0,['Forecast_Unavailable'],['Hard_Risk_Cap_Zero'],,,,,
2016-11-23,v2_relative_alpha_calibrated_experts_sensitivity,,,,,,,,0.0,0.0,0.0,['Forecast_Unavailable'],['Hard_Risk_Cap_Zero'],,,,,
2016-11-25,v2_relative_alpha_calibrated_experts_sensitivity,,,,,,,,0.0,0.0,0.0,['Forecast_Unavailable'],['Hard_Risk_Cap_Zero'],,,,,
2016-11-28,v2_relative_alpha_calibrated_experts_sensitivity,,,,,,,,0.0,0.0,0.0,['Forecast_Unavailable'],['Hard_Risk_Cap_Zero'],,,,,
2016-11-29,v2_relative_alpha_calibrated_experts_sensitivity,,,,,,,,0.0,0.0,0.0,['Forecast_Unavailable'],['Hard_Risk_Cap_Zero'],,,,,
2016-11-30,v2_relative_alpha_calibrated_experts_sensitivity,,,,,,,,0.0,0.0,0.0,['Forecast_Unavailable'],['Hard_Risk_Cap_Zero'],,,,,
2016-12-01,v2_relative_alpha_calibrated_experts_sensitivity,,,,,,,,0.0,0.0,0.0,['Forecast_Unavailable'],['Hard_Risk_Cap_Zero'],,,,,
2016-12-02,v2_relative_alpha_calibrated_experts_sensitivity,,,,,,,,0.0,0.0,0.0,['Forecast_Unavailable'],['Hard_Risk_Cap_Zero'],,,,,
2016-12-05,v2_relative_alpha_calibrated_experts_sensitivity,,,,,,,,0.0,0.0,0.0,['Forecast_Unavailable'],['Hard_Risk_Cap_Zero'],,,,,
2016-12-06,v2_relative_alpha_calibrated_experts_sensitivity,,,,,,,,0.0,0.0,0.0,['Forecast_Unavailable'],['Hard_Risk_Cap_Zero'],,,,,
2016-12-07,v2_relative_alpha_calibrated_experts_sensitivity,,,,,,,,0.0,0.0,0.0,['Forecast_Unavailable'],['Hard_Risk_Cap_Zero'],,,,,
2016-12-08,v2_relative_alpha_calibrated_experts_sensitivity,,,,,,,,0.0,0.0,0.0,['Forecast_Unavailable'],['Hard_Risk_Cap_Zero'],,,,,
2016-12-09,v2_relative_alpha_calibrated_experts_sensitivity,,,,,,,,0.0,0.0,0.0,['Forecast_Unavailable'],['Hard_Risk_Cap_Zero'],,,,,
2016-12-12,v2_relative_alpha_calibrated_experts_sensitivity,,,,,,,,0.0,0.0,0.0,['Forecast_Unavailable'],['Hard_Risk_Cap_Zero'],,,,,
2016-12-13,v2_relative_alpha_calibrated_experts_sensitivity,,,,,,,,0.0,0.0,0.0,['Forecast_Unavailable'],['Hard_Risk_Cap_Zero'],,,,,
2016-12-14,v2_relative_alpha_calibrated_experts_sensitivity,,,,,,,,0.0,0.0,0.0,['Forecast_Unavailable'],['Hard_Risk_Cap_Zero'],,,,,
2016-12-15,v2_relative_alpha_calibrated_experts_sensitivity,,,,,,,,0.0,0.0,0.0,['Forecast_Unavailable'],['Hard_Risk_Cap_Zero'],,,,,
2016-12-16,v2_relative_alpha_calibrated_experts_sensitivity,,,,,,,,0.0,0.0,0.0,['Forecast_Unavailable'],['Hard_Risk_Cap_Zero'],,,,,
2016-12-19,v2_relative_alpha_calibrated_experts_sensitivity,,,,,,,,0.0,0.0,0.0,['Forecast_Unavailable'],['Hard_Risk_Cap_Zero'],,,,,
2016-12-20,v2_relative_alpha_calibrated_experts_sensitivity,,,,,,,,0.0,0.0,0.0,['Forecast_Unavailable'],['Hard_Risk_Cap_Zero'],,,,,
2016-12-21,v2_relative_alpha_calibrated_experts_sensitivity,,,,,,,,0.0,0.0,0.0,['Forecast_Unavailable'],['Hard_Risk_Cap_Zero'],,,,,
2016-12-22,v2_relative_alpha_calibrated_experts_sensitivity,,,,,,,,0.0,0.0,0.0,['Forecast_Unavailable'],['Hard_Risk_Cap_Zero'],,,,,
2016-12-23,v2_relative_alpha_calibrated_experts_sensitivity,,,,,,,,0.0,0.0,0.0,['Forecast_Unavailable'],['Hard_Risk_Cap_Zero'],,,,,
2016-12-27,v2_relative_alpha_calibrated_experts_sensitivity,,,,,,,,0.0,0.0,0.0,['Forecast_Unavailable'],['Hard_Risk_Cap_Zero'],,,,,
2016-12-28,v2_relative_alpha_calibrated_experts_sensitivity,,,,,,,,0.0,0.0,0.0,['Forecast_Unavailable'],['Hard_Risk_Cap_Zero'],,,,,
2016-12-29,v2_relative_alpha_calibrated_experts_sensitivity,,,,,,,,0.0,0.0,0.0,['Forecast_Unavailable'],['Hard_Risk_Cap_Zero'],,,,,
2016-12-30,v2_relative_alpha_calibrated_experts_sensitivity,,,,,,,,0.0,0.0,0.0,['Forecast_Unavailable'],['Hard_Risk_Cap_Zero'],,,,,
2017-01-03,v2_relative_alpha_calibrated_experts_sensitivity,,,,,,,,0.0,0.0,0.0,['Forecast_Unavailable'],['Hard_Risk_Cap_Zero'],,,,,
2017-01-04,v2_relative_alpha_calibrated_experts_sensitivity,,,,,,,,0.0,0.0,0.0,['Forecast_Unavailable'],['Hard_Risk_Cap_Zero'],,,,,
2017-01-05,v2_relative_alpha_calibrated_experts_sensitivity,,,,,,,,0.0,2.0,0.0,['Forecast_Unavailable'],"['Risk_Above_55_Penalty', 'Coverage_Below_80_Cap']",,,,,
2017-01-06,v2_relative_alpha_calibrated_experts_sensitivity,,,,,,,,0.0,1.0,0.0,['Forecast_Unavailable'],"['Risk_Above_55_Penalty', 'Liquidity_Below_45_Penalty', 'Coverage_Below_80_Cap']",,,,,
2017-01-09,v2_relative_alpha_calibrated_experts_sensitivity,,,,,,,,0.0,2.0,0.0,['Forecast_Unavailable'],"['Risk_Above_55_Penalty', 'Coverage_Below_80_Cap']",,,,,
2017-01-10,v2_relative_alpha_calibrated_experts_sensitivity,,,,,,,,0.0,4.0,0.0,['Forecast_Unavailable'],['Coverage_Below_80_Cap'],,,,,
2017-01-11,v2_relative_alpha_calibrated_experts_sensitivity,,,,,,,,0.0,1.0,0.0,['Forecast_Unavailable'],"['Risk_Above_55_Penalty', 'Liquidity_Below_45_Penalty', 'Coverage_Below_80_Cap']",,,,,
2017-01-12,v2_relative_alpha_calibrated_experts_sensitivity,,,,,,,,0.0,1.0,0.0,['Forecast_Unavailable'],"['Risk_Above_55_Penalty', 'Liquidity_Below_45_Penalty', 'Coverage_Below_80_Cap']",,,,,
2017-01-13,v2_relative_alpha_calibrated_experts_sensitivity,,,,,,,,0.0,4.0,0.0,['Forecast_Unavailable'],['Coverage_Below_80_Cap'],,,,,
2017-01-17,v2_relative_alpha_calibrated_experts_sensitivity,,,,,,,,0.0,4.0,0.0,['Forecast_Unavailable'],['Coverage_Below_80_Cap'],,,,,
2017-01-18,v2_relative_alpha_calibrated_experts_sensitivity,,,,,,,,0.0,4.0,0.0,['Forecast_Unavailable'],['Coverage_Below_80_Cap'],,,,,
2017-01-19,v2_relative_alpha_calibrated_experts_sensitivity,,,,,,,,0.0,4.0,0.0,['Forecast_Unavailable'],['Coverage_Below_80_Cap'],,,,,
2017-01-20,v2_relative_alpha_calibrated_experts_sensitivity,,,,,,,,0.0,4.0,0.0,['Forecast_Unavailable'],['Coverage_Below_80_Cap'],,,,,
2017-01-23,v2_relative_alpha_calibrated_experts_sensitivity,,,,,,,,0.0,4.0,0.0,['Forecast_Unavailable'],['Coverage_Below_80_Cap'],,,,,
2017-01-24,v2_relative_alpha_calibrated_experts_sensitivity,,,,,,,,0.0,4.0,0.0,['Forecast_Unavailable'],['Coverage_Below_80_Cap'],,,,,
2017-01-25,v2_relative_alpha_calibrated_experts_sensitivity,,,,,,,,0.0,4.0,0.0,['Forecast_Unavailable'],['Coverage_Below_80_Cap'],,,,,
2017-01-26,v2_relative_alpha_calibrated_experts_sensitivity,,,,,,,,0.0,4.0,0.0,['Forecast_Unavailable'],['Coverage_Below_80_Cap'],,,,,
2017-01-27,v2_relative_alpha_calibrated_experts_sensitivity,,,,,,,,0.0,4.0,0.0,['Forecast_Unavailable'],['Coverage_Below_80_Cap'],,,,,
2017-01-30,v2_relative_alpha_calibrated_experts_sensitivity,,,,,,,,0.0,4.0,0.0,['Forecast_Unavailable'],['Coverage_Below_80_Cap'],,,,,
2017-01-31,v2_relative_alpha_calibrated_experts_sensitivity,,,,,,,,0.0,4.0,0.0,['Forecast_Unavailable'],['Coverage_Below_80_Cap'],,,,,
2017-02-01,v2_relative_alpha_calibrated_experts_sensitivity,,,,,,,,0.0,4.0,0.0,['Forecast_Unavailable'],"['Liquidity_Below_45_Penalty', 'Coverage_Below_80_Cap']",,,,,
2017-02-02,v2_relative_alpha_calibrated_experts_sensitivity,,,,,,,,0.0,4.0,0.0,['Forecast_Unavailable'],['Coverage_Below_80_Cap'],,,,,
2017-02-03,v2_relative_alpha_calibrated_experts_sensitivity,,,,,,,,0.0,4.0,0.0,['Forecast_Unavailable'],['Coverage_Below_80_Cap'],,,,,
2017-02-06,v2_relative_alpha_calibrated_experts_sensitivity,,,,,,,,0.0,4.0,0.0,['Forecast_Unavailable'],['Coverage_Below_80_Cap'],,,,,
2017-02-07,v2_relative_alpha_calibrated_experts_sensitivity,,,,,,,,0.0,4.0,0.0,['Forecast_Unavailable'],['Coverage_Below_80_Cap'],,,,,
2017-02-08,v2_relative_alpha_calibrated_experts_sensitivity,,,,,,,,0.0,4.0,0.0,['Forecast_Unavailable'],['Coverage_Below_80_Cap'],,,,,
2017-02-09,v2_relative_alpha_calibrated_experts_sensitivity,,,,,,,,0.0,4.0,0.0,['Forecast_Unavailable'],['Coverage_Below_80_Cap'],,,,,
2017-02-10,v2_relative_alpha_calibrated_experts_sensitivity,,,,,,,,0.0,4.0,0.0,['Forecast_Unavailable'],['Coverage_Below_80_Cap'],,,,,
2017-02-13,v2_relative_alpha_calibrated_experts_sensitivity,,,,,,,,0.0,4.0,0.0,['Forecast_Unavailable'],['Coverage_Below_80_Cap'],,,,,
2017-02-14,v2_relative_alpha_calibrated_experts_sensitivity,,,,,,,,0.0,4.0,0.0,['Forecast_Unavailable'],['Coverage_Below_80_Cap'],,,,,
2017-02-15,v2_relative_alpha_calibrated_experts_sensitivity,,,,,,,,0.0,4.0,0.0,['Forecast_Unavailable'],['Coverage_Below_80_Cap'],,,,,
2017-02-16,v2_relative_alpha_calibrated_experts_sensitivity,,,,,,,,0.0,4.0,0.0,['Forecast_Unavailable'],['Coverage_Below_80_Cap'],,,,,
2017-02-17,v2_relative_alpha_calibrated_experts_sensitivity,,,,,,,,0.0,4.0,0.0,['Forecast_Unavailable'],['Coverage_Below_80_Cap'],,,,,
2017-02-21,v2_relative_alpha_calibrated_experts_sensitivity,,,,,,,,0.0,4.0,0.0,['Forecast_Unavailable'],['Coverage_Below_80_Cap'],,,,,
2017-02-22,v2_relative_alpha_calibrated_experts_sensitivity,,,,,,,,0.0,4.0,0.0,['Forecast_Unavailable'],['Coverage_Below_80_Cap'],,,,,
2017-02-23,v2_relative_alpha_calibrated_experts_sensitivity,,,,,,,,0.0,4.0,0.0,['Forecast_Unavailable'],['Coverage_Below_80_Cap'],,,,,
2017-02-24,v2_relative_alpha_calibrated_experts_sensitivity,,,,,,,,0.0,4.0,0.0,['Forecast_Unavailable'],['Coverage_Below_80_Cap'],,,,,
2017-02-27,v2_relative_alpha_calibrated_experts_sensitivity,,,,,,,,0.0,4.0,0.0,['Forecast_Unavailable'],['Coverage_Below_80_Cap'],,,,,
2017-02-28,v2_relative_alpha_calibrated_experts_sensitivity,,,,,,,,0.0,4.0,0.0,['Forecast_Unavailable'],['Coverage_Below_80_Cap'],,,,,
2017-03-01,v2_relative_alpha_calibrated_experts_sensitivity,,,,,,,,0.0,4.0,0.0,['Forecast_Unavailable'],['Coverage_Below_80_Cap'],,,,,
2017-03-02,v2_relative_alpha_calibrated_experts_sensitivity,,,,,,,,0.0,4.0,0.0,['Forecast_Unavailable'],['Coverage_Below_80_Cap'],,,,,
2017-03-03,v2_relative_alpha_calibrated_experts_sensitivity,,,,,,,,0.0,4.0,0.0,['Forecast_Unavailable'],['Coverage_Below_80_Cap'],,,,,
2017-03-06,v2_relative_alpha_calibrated_experts_sensitivity,,,,,,,,0.0,4.0,0.0,['Forecast_Unavailable'],['Coverage_Below_80_Cap'],,,,,
2017-03-07,v2_relative_alpha_calibrated_experts_sensitivity,,,,,,,,0.0,4.0,0.0,['Forecast_Unavailable'],['Coverage_Below_80_Cap'],,,,,
2017-03-08,v2_relative_alpha_calibrated_experts_sensitivity,,,,,,,,0.0,4.0,0.0,['Forecast_Unavailable'],['Coverage_Below_80_Cap'],,,,,
2017-03-09,v2_relative_alpha_calibrated_experts_sensitivity,,,,,,,,0.0,4.0,0.0,['Forecast_Unavailable'],['Coverage_Below_80_Cap'],,,,,
2017-03-10,v2_relative_alpha_calibrated_experts_sensitivity,,,,,,,,0.0,4.0,0.0,['Forecast_Unavailable'],['Coverage_Below_80_Cap'],,,,,
2017-03-13,v2_relative_alpha_calibrated_experts_sensitivity,,,,,,,,0.0,4.0,0.0,['Forecast_Unavailable'],['Coverage_Below_80_Cap'],,,,,
2017-03-14,v2_relative_alpha_calibrated_experts_sensitivity,,,,,,,,0.0,4.0,0.0,['Forecast_Unavailable'],['Coverage_Below_80_Cap'],,,,,
2017-03-15,v2_relative_alpha_calibrated_experts_sensitivity,,,,,,,,0.0,4.0,0.0,['Forecast_Unavailable'],['Coverage_Below_80_Cap'],,,,,
2017-03-16,v2_relative_alpha_calibrated_experts_sensitivity,,,,,,,,0.0,4.0,0.0,['Forecast_Unavailable'],['Coverage_Below_80_Cap'],,,,,
2017-03-17,v2_relative_alpha_calibrated_experts_sensitivity,,,,,,,,0.0,4.0,0.0,['Forecast_Unavailable'],['Coverage_Below_80_Cap'],,,,,
2017-03-20,v2_relative_alpha_calibrated_experts_sensitivity,,,,,,,,0.0,4.0,0.0,['Forecast_Unavailable'],['Coverage_Below_80_Cap'],,,,,
2017-03-21,v2_relative_alpha_calibrated_experts_sensitivity,,,,,,,,0.0,4.0,0.0,['Forecast_Unavailable'],['Coverage_Below_80_Cap'],,,,,
2017-03-22,v2_relative_alpha_calibrated_experts_sensitivity,,,,,,,,0.0,4.0,0.0,['Forecast_Unavailable'],['Coverage_Below_80_Cap'],,,,,
2017-03-23,v2_relative_alpha_calibrated_experts_sensitivity,,,,,,,,0.0,4.0,0.0,['Forecast_Unavailable'],['Coverage_Below_80_Cap'],,,,,
2017-03-24,v2_relative_alpha_calibrated_experts_sensitivity,,,,,,,,0.0,4.0,0.0,['Forecast_Unavailable'],['Coverage_Below_80_Cap'],,,,,
2017-03-27,v2_relative_alpha_calibrated_experts_sensitivity,,,,,,,,0.0,4.0,0.0,['Forecast_Unavailable'],['Coverage_Below_80_Cap'],,,,,
2017-03-28,v2_relative_alpha_calibrated_experts_sensitivity,,,,,,,,0.0,4.0,0.0,['Forecast_Unavailable'],['Coverage_Below_80_Cap'],,,,,
2017-03-29,v2_relative_alpha_calibrated_experts_sensitivity,,,,,,,,0.0,4.0,0.0,['Forecast_Unavailable'],['Coverage_Below_80_Cap'],,,,,
2017-03-30,v2_relative_alpha_calibrated_experts_sensitivity,,,,,,,,0.0,4.0,0.0,['Forecast_Unavailable'],['Coverage_Below_80_Cap'],,,,,
2017-03-31,v2_relative_alpha_calibrated_experts_sensitivity,,,,,,,,0.0,4.0,0.0,['Forecast_Unavailable'],['Coverage_Below_80_Cap'],,,,,
2017-04-03,v2_relative_alpha_calibrated_experts_sensitivity,,,,,,,,0.0,4.0,0.0,['Forecast_Unavailable'],['Coverage_Below_80_Cap'],,,,,
2017-04-04,v2_relative_alpha_calibrated_experts_sensitivity,,,,,,,,0.0,4.0,0.0,['Forecast_Unavailable'],['Coverage_Below_80_Cap'],,,,,
2017-04-05,v2_relative_alpha_calibrated_experts_sensitivity,,,,,,,,0.0,4.0,0.0,['Forecast_Unavailable'],['Coverage_Below_80_Cap'],,,,,
2017-04-06,v2_relative_alpha_calibrated_experts_sensitivity,,,,,,,,0.0,4.0,0.0,['Forecast_Unavailable'],['Coverage_Below_80_Cap'],,,,,
2017-04-07,v2_relative_alpha_calibrated_experts_sensitivity,,,,,,,,0.0,4.0,0.0,['Forecast_Unavailable'],['Coverage_Below_80_Cap'],,,,,
2017-04-10,v2_relative_alpha_calibrated_experts_sensitivity,,,,,,,,0.0,4.0,0.0,['Forecast_Unavailable'],['Coverage_Below_80_Cap'],,,,,
2017-04-11,v2_relative_alpha_calibrated_experts_sensitivity,,,,,,,,0.0,4.0,0.0,['Forecast_Unavailable'],['Coverage_Below_80_Cap'],,,,,
2017-04-12,v2_relative_alpha_calibrated_experts_sensitivity,,,,,,,,0.0,2.0,0.0,['Forecast_Unavailable'],"['Coverage_Below_80_Cap', 'VIX_Backwardation_Cap']",,,,,
2017-04-13,v2_relative_alpha_calibrated_experts_sensitivity,,,,,,,,0.0,2.0,0.0,['Forecast_Unavailable'],"['Coverage_Below_80_Cap', 'VIX_Backwardation_Cap']",,,,,
2017-04-17,v2_relative_alpha_calibrated_experts_sensitivity,,,,,,,,0.0,4.0,0.0,['Forecast_Unavailable'],['Coverage_Below_80_Cap'],,,,,
2017-04-18,v2_relative_alpha_calibrated_experts_sensitivity,,,,,,,,0.0,4.0,0.0,['Forecast_Unavailable'],['Coverage_Below_80_Cap'],,,,,
2017-04-19,v2_relative_alpha_calibrated_experts_sensitivity,,,,,,,,0.0,4.0,0.0,['Forecast_Unavailable'],['Coverage_Below_80_Cap'],,,,,
2017-04-20,v2_relative_alpha_calibrated_experts_sensitivity,,,,,,,,0.0,4.0,0.0,['Forecast_Unavailable'],['Coverage_Below_80_Cap'],,,,,
2017-04-21,v2_relative_alpha_calibrated_experts_sensitivity,,,,,,,,0.0,4.0,0.0,['Forecast_Unavailable'],['Coverage_Below_80_Cap'],,,,,
2017-04-24,v2_relative_alpha_calibrated_experts_sensitivity,,,,,,,,0.0,4.0,0.0,['Forecast_Unavailable'],['Coverage_Below_80_Cap'],,,,,
2017-04-25,v2_relative_alpha_calibrated_experts_sensitivity,,,,,,,,0.0,4.0,0.0,['Forecast_Unavailable'],['Coverage_Below_80_Cap'],,,,,
2017-04-26,v2_relative_alpha_calibrated_experts_sensitivity,,,,,,,,0.0,4.0,0.0,['Forecast_Unavailable'],['Coverage_Below_80_Cap'],,,,,
2017-04-27,v2_relative_alpha_calibrated_experts_sensitivity,,,,,,,,0.0,4.0,0.0,['Forecast_Unavailable'],['Coverage_Below_80_Cap'],,,,,
2017-04-28,v2_relative_alpha_calibrated_experts_sensitivity,,,,,,,,0.0,4.0,0.0,['Forecast_Unavailable'],['Coverage_Below_80_Cap'],,,,,
2017-05-01,v2_relative_alpha_calibrated_experts_sensitivity,,,,,,,,0.0,4.0,0.0,['Forecast_Unavailable'],['Coverage_Below_80_Cap'],,,,,
2017-05-02,v2_relative_alpha_calibrated_experts_sensitivity,,,,,,,,0.0,4.0,0.0,['Forecast_Unavailable'],['Coverage_Below_80_Cap'],,,,,
2017-05-03,v2_relative_alpha_calibrated_experts_sensitivity,,,,,,,,0.0,4.0,0.0,['Forecast_Unavailable'],['Coverage_Below_80_Cap'],,,,,
2017-05-04,v2_relative_alpha_calibrated_experts_sensitivity,,,,,,,,0.0,4.0,0.0,['Forecast_Unavailable'],['Coverage_Below_80_Cap'],,,,,
2017-05-05,v2_relative_alpha_calibrated_experts_sensitivity,,,,,,,,0.0,4.0,0.0,['Forecast_Unavailable'],['Coverage_Below_80_Cap'],,,,,
2017-05-08,v2_relative_alpha_calibrated_experts_sensitivity,,,,,,,,0.0,4.0,0.0,['Forecast_Unavailable'],['Coverage_Below_80_Cap'],,,,,
2017-05-09,v2_relative_alpha_calibrated_experts_sensitivity,,,,,,,,0.0,4.0,0.0,['Forecast_Unavailable'],['Coverage_Below_80_Cap'],,,,,
2017-05-10,v2_relative_alpha_calibrated_experts_sensitivity,,,,,,,,0.0,4.0,0.0,['Forecast_Unavailable'],['Coverage_Below_80_Cap'],,,,,
2017-05-11,v2_relative_alpha_calibrated_experts_sensitivity,,,,,,,,0.0,4.0,0.0,['Forecast_Unavailable'],['Coverage_Below_80_Cap'],,,,,
2017-05-12,v2_relative_alpha_calibrated_experts_sensitivity,,,,,,,,0.0,4.0,0.0,['Forecast_Unavailable'],['Coverage_Below_80_Cap'],,,,,
2017-05-15,v2_relative_alpha_calibrated_experts_sensitivity,,,,,,,,0.0,4.0,0.0,['Forecast_Unavailable'],['Coverage_Below_80_Cap'],,,,,
2017-05-16,v2_relative_alpha_calibrated_experts_sensitivity,,,,,,,,0.0,4.0,0.0,['Forecast_Unavailable'],['Coverage_Below_80_Cap'],,,,,
2017-05-17,v2_relative_alpha_calibrated_experts_sensitivity,,,,,,,,0.0,4.0,0.0,['Forecast_Unavailable'],['Coverage_Below_80_Cap'],,,,,
2017-05-18,v2_relative_alpha_calibrated_experts_sensitivity,,,,,,,,0.0,4.0,0.0,['Forecast_Unavailable'],['Coverage_Below_80_Cap'],,,,,
2017-05-19,v2_relative_alpha_calibrated_experts_sensitivity,,,,,,,,0.0,4.0,0.0,['Forecast_Unavailable'],"['Liquidity_Below_45_Penalty', 'Coverage_Below_80_Cap']",,,,,
2017-05-22,v2_relative_alpha_calibrated_experts_sensitivity,,,,,,,,0.0,4.0,0.0,['Forecast_Unavailable'],['Coverage_Below_80_Cap'],,,,,
2017-05-23,v2_relative_alpha_calibrated_experts_sensitivity,,,,,,,,0.0,4.0,0.0,['Forecast_Unavailable'],['Coverage_Below_80_Cap'],,,,,
2017-05-24,v2_relative_alpha_calibrated_experts_sensitivity,,,,,,,,0.0,4.0,0.0,['Forecast_Unavailable'],['Coverage_Below_80_Cap'],,,,,
2017-05-25,v2_relative_alpha_calibrated_experts_sensitivity,,,,,,,,0.0,4.0,0.0,['Forecast_Unavailable'],['Coverage_Below_80_Cap'],,,,,
2017-05-26,v2_relative_alpha_calibrated_experts_sensitivity,,,,,,,,0.0,4.0,0.0,['Forecast_Unavailable'],['Coverage_Below_80_Cap'],,,,,
2017-05-30,v2_relative_alpha_calibrated_experts_sensitivity,,,,,,,,0.0,4.0,0.0,['Forecast_Unavailable'],['Coverage_Below_80_Cap'],,,,,
2017-05-31,v2_relative_alpha_calibrated_experts_sensitivity,,,,,,,,0.0,4.0,0.0,['Forecast_Unavailable'],['Coverage_Below_80_Cap'],,,,,
2017-06-01,v2_relative_alpha_calibrated_experts_sensitivity,,,,,,,,0.0,4.0,0.0,['Forecast_Unavailable'],"['Liquidity_Below_45_Penalty', 'Coverage_Below_80_Cap']",,,,,
2017-06-02,v2_relative_alpha_calibrated_experts_sensitivity,,,,,,,,0.0,4.0,0.0,['Forecast_Unavailable'],['Coverage_Below_80_Cap'],,,,,
2017-06-05,v2_relative_alpha_calibrated_experts_sensitivity,,,,,,,,0.0,4.0,0.0,['Forecast_Unavailable'],['Coverage_Below_80_Cap'],,,,,
2017-06-06,v2_relative_alpha_calibrated_experts_sensitivity,,,,,,,,0.0,4.0,0.0,['Forecast_Unavailable'],"['Liquidity_Below_45_Penalty', 'Coverage_Below_80_Cap']",,,,,
2017-06-07,v2_relative_alpha_calibrated_experts_sensitivity,,,,,,,,0.0,4.0,0.0,['Forecast_Unavailable'],['Coverage_Below_80_Cap'],,,,,
2017-06-08,v2_relative_alpha_calibrated_experts_sensitivity,,,,,,,,0.0,4.0,0.0,['Forecast_Unavailable'],['Coverage_Below_80_Cap'],,,,,
2017-06-09,v2_relative_alpha_calibrated_experts_sensitivity,,,,,,,,0.0,4.0,0.0,['Forecast_Unavailable'],"['Liquidity_Below_45_Penalty', 'Coverage_Below_80_Cap']",,,,,
2017-06-12,v2_relative_alpha_calibrated_experts_sensitivity,,,,,,,,0.0,4.0,0.0,['Forecast_Unavailable'],"['Liquidity_Below_45_Penalty', 'Coverage_Below_80_Cap']",,,,,
2017-06-13,v2_relative_alpha_calibrated_experts_sensitivity,,,,,,,,0.0,3.0,0.0,['Forecast_Unavailable'],"['Risk_Above_55_Penalty', 'Liquidity_Below_45_Penalty', 'Coverage_Below_80_Cap']",,,,,
2017-06-14,v2_relative_alpha_calibrated_experts_sensitivity,,,,,,,,0.0,1.0,0.0,['Forecast_Unavailable'],"['Risk_Above_55_Penalty', 'Liquidity_Below_45_Penalty', 'Coverage_Below_80_Cap']",,,,,
2017-06-15,v2_relative_alpha_calibrated_experts_sensitivity,,,,,,,,0.0,3.0,0.0,['Forecast_Unavailable'],"['Risk_Above_55_Penalty', 'Liquidity_Below_45_Penalty', 'Coverage_Below_80_Cap']",,,,,
2017-06-16,v2_relative_alpha_calibrated_experts_sensitivity,,,,,,,,0.0,1.0,0.0,['Forecast_Unavailable'],"['Risk_Above_55_Penalty', 'Liquidity_Below_45_Penalty', 'Coverage_Below_80_Cap']",,,,,
2017-06-19,v2_relative_alpha_calibrated_experts_sensitivity,,,,,,,,0.0,1.0,0.0,['Forecast_Unavailable'],"['Risk_Above_55_Penalty', 'Liquidity_Below_45_Penalty', 'Coverage_Below_80_Cap']",,,,,
2017-06-20,v2_relative_alpha_calibrated_experts_sensitivity,,,,,,,,0.0,0.0,0.0,['Forecast_Unavailable'],['Hard_Risk_Cap_Zero'],,,,,
2017-06-21,v2_relative_alpha_calibrated_experts_sensitivity,,,,,,,,0.0,0.0,0.0,['Forecast_Unavailable'],['Hard_Risk_Cap_Zero'],,,,,
2017-06-22,v2_relative_alpha_calibrated_experts_sensitivity,,,,,,,,0.0,0.0,0.0,['Forecast_Unavailable'],['Hard_Risk_Cap_Zero'],,,,,
2017-06-23,v2_relative_alpha_calibrated_experts_sensitivity,,,,,,,,0.0,0.0,0.0,['Forecast_Unavailable'],['Hard_Risk_Cap_Zero'],,,,,
2017-06-26,v2_relative_alpha_calibrated_experts_sensitivity,,,,,,,,0.0,0.0,0.0,['Forecast_Unavailable'],['Hard_Risk_Cap_Zero'],,,,,
2017-06-27,v2_relative_alpha_calibrated_experts_sensitivity,,,,,,,,0.0,0.0,0.0,['Forecast_Unavailable'],['Hard_Risk_Cap_Zero'],,,,,
2017-06-28,v2_relative_alpha_calibrated_experts_sensitivity,,,,,,,,0.0,0.0,0.0,['Forecast_Unavailable'],['Hard_Risk_Cap_Zero'],,,,,
2017-06-29,v2_relative_alpha_calibrated_experts_sensitivity,,,,,,,,0.0,0.0,0.0,['Forecast_Unavailable'],['Hard_Risk_Cap_Zero'],,,,,
2017-06-30,v2_relative_alpha_calibrated_experts_sensitivity,,,,,,,,0.0,0.0,0.0,['Forecast_Unavailable'],['Hard_Risk_Cap_Zero'],,,,,
2017-07-03,v2_relative_alpha_calibrated_experts_sensitivity,pullback,-0.718455354687669,5.4897771776496285,4.77132182296196,0.5584038567295349,0.5467230853836279,0.5078098421690385,0.0,0.0,0.0,"['No_Alpha_Tier', 'Expert_pullback']",['Hard_Risk_Cap_Zero'],2017-06-02,shrink_only,0.0,,
2017-07-05,v2_relative_alpha_calibrated_experts_sensitivity,pullback,-0.6030949510306058,5.4897771776496285,4.886682226619023,0.5465368626251148,0.5372294901000918,0.5114555500766411,0.0,0.0,0.0,"['No_Alpha_Tier', 'Expert_pullback']",['Hard_Risk_Cap_Zero'],2017-06-02,shrink_only,0.0,,
2017-07-06,v2_relative_alpha_calibrated_experts_sensitivity,pullback,0.7027109128889707,5.4897771776496285,6.1924880905386,0.6538682070155447,0.6230945656124358,0.5711598224831714,0.0,0.0,0.0,"['No_Alpha_Tier', 'Expert_pullback']",['Hard_Risk_Cap_Zero'],2017-06-02,shrink_only,0.0,,
2017-07-07,v2_relative_alpha_calibrated_experts_sensitivity,pullback,0.15461957335925025,5.4897771776496285,5.644396751008879,0.6120728820070445,0.5896583056056356,0.5510010167845908,0.0,0.0,0.0,"['No_Alpha_Tier', 'Expert_pullback']",['Hard_Risk_Cap_Zero'],2017-06-02,shrink_only,0.0,,
2017-07-10,v2_relative_alpha_calibrated_experts_sensitivity,pullback,-0.21041441964122498,5.4897771776496285,5.2793627580084035,0.5603077279014385,0.5482461823211507,0.5122066710243149,0.0,0.0,0.0,"['No_Alpha_Tier', 'Expert_pullback']",['Hard_Risk_Cap_Zero'],2017-06-02,shrink_only,0.0,,
2017-07-11,v2_relative_alpha_calibrated_experts_sensitivity,pullback,0.10946783224328374,3.0177013681700764,3.12716920041336,0.6080678067315399,0.5864542453852319,0.5356957329449675,0.0,0.0,0.0,"['No_Alpha_Tier', 'Expert_pullback']",['Hard_Risk_Cap_Zero'],2017-06-02,shrink_only,0.0,,
2017-07-12,v2_relative_alpha_calibrated_experts_sensitivity,trend,-0.35651394112349094,3.020334718882657,2.6638207777591663,0.4993100241535978,0.49944801932287824,0.5046098409378467,0.0,0.0,0.0,"['No_Alpha_Tier', 'Expert_trend']",['Hard_Risk_Cap_Zero'],2017-06-02,shrink_only,0.0,,
2017-07-13,v2_relative_alpha_calibrated_experts_sensitivity,trend,-0.05928872824997324,3.023092846666454,2.9638041184164807,0.4887384850086184,0.4909907880068947,0.5142573992568903,0.0,0.0,0.0,"['No_Alpha_Tier', 'Expert_trend']",['Hard_Risk_Cap_Zero'],2017-06-02,shrink_only,0.0,,
2017-07-14,v2_relative_alpha_calibrated_experts_sensitivity,trend,-0.49766607656918405,3.0266200010234634,2.5289539244542794,0.4296151614337813,0.44369212914702505,0.48997927824661,0.0,0.0,0.0,"['No_Alpha_Tier', 'Expert_trend']",['Hard_Risk_Cap_Zero'],2017-06-02,shrink_only,0.0,,
2017-07-17,v2_relative_alpha_calibrated_experts_sensitivity,trend,-0.46987876210060114,3.0306578499644363,2.5607790878638355,0.45250427258164583,0.46200341806531664,0.48495319536752907,0.0,0.0,0.0,"['No_Alpha_Tier', 'Expert_trend']",['Hard_Risk_Cap_Zero'],2017-06-02,shrink_only,0.0,,
2017-07-18,v2_relative_alpha_calibrated_experts_sensitivity,trend,-0.8804499745716583,3.033956253921277,2.153506279349619,0.39401325066915316,0.41521060053532255,0.4746164029733204,0.0,0.0,0.0,"['No_Alpha_Tier', 'Expert_trend']",['Hard_Risk_Cap_Zero'],2017-06-02,shrink_only,0.0,,
2017-07-19,v2_relative_alpha_calibrated_experts_sensitivity,trend,-1.148235835267883,3.03835241221306,1.890116576945177,0.3401198143206606,0.37209585145652846,0.4415430170291211,0.0,0.0,0.0,"['No_Alpha_Tier', 'Expert_trend']",['Hard_Risk_Cap_Zero'],2017-06-02,shrink_only,0.0,,
2017-07-20,v2_relative_alpha_calibrated_experts_sensitivity,trend,-0.7271152319083586,3.043403495052112,2.316288263143753,0.40444188539389164,0.4235535083151133,0.4808209639625704,0.0,0.0,0.0,"['No_Alpha_Tier', 'Expert_trend']",['Hard_Risk_Cap_Zero'],2017-06-02,shrink_only,0.0,,
2017-07-21,v2_relative_alpha_calibrated_experts_sensitivity,trend,-0.47920343084693323,3.0473327470099045,2.5681293161629712,0.4396860416790153,0.45174883334321225,0.49322697900016443,0.0,0.0,0.0,"['No_Alpha_Tier', 'Expert_trend']",['Hard_Risk_Cap_Zero'],2017-06-02,shrink_only,0.0,,
2017-07-24,v2_relative_alpha_calibrated_experts_sensitivity,trend,-0.15422564451958357,3.0514663083245233,2.89724066380494,0.47278359598265385,0.4782268767861231,0.5036930730201625,0.0,0.0,0.0,"['No_Alpha_Tier', 'Expert_trend']",['Hard_Risk_Cap_Zero'],2017-06-02,shrink_only,0.0,,
2017-07-25,v2_relative_alpha_calibrated_experts_sensitivity,trend,0.2336590465162356,3.0556711385833957,3.2893301850996313,0.5038351007521619,0.5030680806017295,0.5362034195740802,0.0,4.0,0.0,"['No_Alpha_Tier', 'Expert_trend']","['Liquidity_Below_45_Penalty', 'Coverage_Below_80_Cap']",2017-06-02,shrink_only,0.0,,
2017-07-26,v2_relative_alpha_calibrated_experts_sensitivity,trend,0.18788911145008652,3.05950818529009,3.2473972967401767,0.5122926955697467,0.5098341564557973,0.5273328388669934,0.0,4.0,0.0,"['No_Alpha_Tier', 'Expert_trend']","['Liquidity_Below_45_Penalty', 'Coverage_Below_80_Cap']",2017-06-02,shrink_only,0.0,,
2017-07-27,v2_relative_alpha_calibrated_experts_sensitivity,trend,0.33387547671571643,3.0617703962478355,3.395645872963552,0.5366941376201024,0.5293553100960819,0.537666524320296,0.0,4.0,0.0,"['No_Alpha_Tier', 'Expert_trend']","['Liquidity_Below_45_Penalty', 'Coverage_Below_80_Cap']",2017-06-02,shrink_only,0.0,,
2017-07-28,v2_relative_alpha_calibrated_experts_sensitivity,trend,1.3233225375553668,3.064547974595037,4.387870512150403,0.6098250611187673,0.5878600488950139,0.6093410508864037,0.0,4.0,0.0,"['No_Alpha_Tier', 'Expert_trend']",['Coverage_Below_80_Cap'],2017-06-02,shrink_only,0.0,,
2017-07-31,v2_relative_alpha_calibrated_experts_sensitivity,trend,1.4699433620292632,3.066158245093156,4.536101607122419,0.6231183477815199,0.5984946782252158,0.617608620637227,0.0,4.0,0.0,"['No_Alpha_Tier', 'Expert_trend']",['Coverage_Below_80_Cap'],2017-06-02,shrink_only,0.0,,
2017-08-01,v2_relative_alpha_calibrated_experts_sensitivity,trend,2.3939154277183237,3.0672668173268822,5.461182245045205,0.7625722202545837,0.710057776203667,0.6790080138839263,0.0,4.0,0.0,"['No_Alpha_Tier', 'Expert_trend']","['Liquidity_Below_45_Penalty', 'Coverage_Below_80_Cap']",2017-06-30,shrink_only,0.0,,
2017-08-02,v2_relative_alpha_calibrated_experts_sensitivity,trend,2.4979434229801147,3.068286389340073,5.566229812320188,0.7612782984237663,0.7090226387390131,0.695892807922005,0.0,4.0,0.0,"['No_Alpha_Tier', 'Expert_trend']",['Coverage_Below_80_Cap'],2017-06-30,shrink_only,0.0,,
2017-08-03,v2_relative_alpha_calibrated_experts_sensitivity,trend,1.961867771944677,3.0693243630659333,5.031192135010611,0.7313362750550223,0.6850690200440178,0.6439705987443214,0.0,4.0,0.0,"['No_Alpha_Tier', 'Expert_trend']",['Coverage_Below_80_Cap'],2017-06-30,shrink_only,0.0,,
2017-08-04,v2_relative_alpha_calibrated_experts_sensitivity,trend,2.48271771086596,3.069679555619355,5.552397266485315,0.7734457298520822,0.7187565838816657,0.6900734010515033,0.0,4.0,0.0,"['No_Alpha_Tier', 'Expert_trend']",['Coverage_Below_80_Cap'],2017-06-30,shrink_only,0.0,,
2017-08-07,v2_relative_alpha_calibrated_experts_sensitivity,trend,1.585649474010207,3.0700491386955813,4.6556986127057876,0.6851653085755072,0.6481322468604057,0.6171296003266806,0.0,4.0,0.0,"['No_Alpha_Tier', 'Expert_trend']",['Coverage_Below_80_Cap'],2017-06-30,shrink_only,0.0,,
2017-08-08,v2_relative_alpha_calibrated_experts_sensitivity,trend,1.1719710627912379,3.070994127556812,4.24296519034805,0.6541798065641007,0.6233438452512805,0.5976726047674954,0.0,4.0,0.0,"['No_Alpha_Tier', 'Expert_trend']",['Coverage_Below_80_Cap'],2017-06-30,shrink_only,0.0,,
2017-08-09,v2_relative_alpha_calibrated_experts_sensitivity,trend,1.7945443912430095,3.0735063171821433,4.8680507084251525,0.6956843436805745,0.6565474749444596,0.6258836200296055,0.0,4.0,0.0,"['No_Alpha_Tier', 'Expert_trend']",['Coverage_Below_80_Cap'],2017-06-30,shrink_only,0.0,,
2017-08-10,v2_relative_alpha_calibrated_experts_sensitivity,pullback,1.0545161293364398,3.0746752951679066,4.129191424504346,0.6267943994643193,0.6014355195714554,0.5725178753830439,0.0,4.0,0.0,"['No_Alpha_Tier', 'Expert_pullback']",['Coverage_Below_80_Cap'],2017-06-30,shrink_only,0.0,,
2017-08-11,v2_relative_alpha_calibrated_experts_sensitivity,trend,1.8641794958388265,3.0717329845261614,4.935912480364988,0.6796002053579482,0.6436801642863585,0.6218404369353275,0.0,4.0,0.0,"['No_Alpha_Tier', 'Expert_trend']",['Coverage_Below_80_Cap'],2017-06-30,shrink_only,0.0,,
2017-08-14,v2_relative_alpha_calibrated_experts_sensitivity,trend,1.4533065922828925,3.071212440744527,4.52451903302742,0.6183967402579713,0.5947173922063771,0.5917528456944516,0.0,4.0,0.0,"['No_Alpha_Tier', 'Expert_trend']",['Coverage_Below_80_Cap'],2017-06-30,shrink_only,0.0,,
2017-08-15,v2_relative_alpha_calibrated_experts_sensitivity,trend,1.2532949526654449,3.0721290467378037,4.325423999403249,0.6130776901362807,0.5904621521090245,0.5815278444183554,0.0,4.0,0.0,"['No_Alpha_Tier', 'Expert_trend']",['Coverage_Below_80_Cap'],2017-06-30,shrink_only,0.0,,
2017-08-16,v2_relative_alpha_calibrated_experts_sensitivity,trend,1.4137766622979628,3.0724319687832695,4.486208631081232,0.6208008851712081,0.5966407081369665,0.5889556428972488,0.0,4.0,0.0,"['No_Alpha_Tier', 'Expert_trend']",['Coverage_Below_80_Cap'],2017-06-30,shrink_only,0.0,,
2017-08-17,v2_relative_alpha_calibrated_experts_sensitivity,pullback,1.8106104953096713,3.071948337078237,4.882558832387908,0.6713715037271545,0.6370972029817236,0.5977704006355692,0.0,4.0,0.0,"['No_Alpha_Tier', 'Expert_pullback']",['Coverage_Below_80_Cap'],2017-06-30,shrink_only,0.0,,
2017-08-18,v2_relative_alpha_calibrated_experts_sensitivity,pullback,1.3569321944645707,3.067926703637892,4.424858898102462,0.6205922105567285,0.5964737684453828,0.5791191632468983,0.0,4.0,0.0,"['No_Alpha_Tier', 'Expert_pullback']",['Coverage_Below_80_Cap'],2017-06-30,shrink_only,0.0,,
2017-08-21,v2_relative_alpha_calibrated_experts_sensitivity,pullback,0.21935178498892605,3.063566191583024,3.2829179765719503,0.4875185864555304,0.4900148691644243,0.5003177845874475,0.0,4.0,0.0,"['No_Alpha_Tier', 'Expert_pullback']","['Risk_Above_55_Penalty', 'Coverage_Below_80_Cap']",2017-06-30,shrink_only,0.0,,
2017-08-22,v2_relative_alpha_calibrated_experts_sensitivity,trend,-1.055618875099174,3.0578996945791377,2.0022808194799637,0.29768089963136124,0.33814471970508897,0.4145310601806952,0.0,4.0,0.0,"['No_Alpha_Tier', 'Expert_trend']","['Risk_Above_55_Penalty', 'Coverage_Below_80_Cap']",2017-06-30,shrink_only,0.0,,
2017-08-23,v2_relative_alpha_calibrated_experts_sensitivity,trend,-1.4936651282891507,3.0548103292133364,1.5611452009241855,0.2556932343535812,0.30455458748286496,0.3916608646827625,0.0,4.0,0.0,"['No_Alpha_Tier', 'Expert_trend']","['Risk_Above_55_Penalty', 'Coverage_Below_80_Cap']",2017-06-30,shrink_only,0.0,,
2017-08-24,v2_relative_alpha_calibrated_experts_sensitivity,trend,-0.3299585666907261,3.050831574507444,2.720873007816718,0.36865218557036206,0.39492174845628963,0.47346026236537186,0.0,4.0,0.0,"['No_Alpha_Tier', 'Expert_trend']","['Risk_Above_55_Penalty', 'Coverage_Below_80_Cap']",2017-06-30,shrink_only,0.0,,
2017-08-25,v2_relative_alpha_calibrated_experts_sensitivity,pullback,0.1656804651680611,3.0469082045148115,3.2125886696828725,0.52673647404621,0.521389179236968,0.5178829095209935,0.0,4.0,0.0,"['No_Alpha_Tier', 'Expert_pullback']",['Coverage_Below_80_Cap'],2017-06-30,shrink_only,0.0,,
2017-08-28,v2_relative_alpha_calibrated_experts_sensitivity,trend,1.5954875973113802,3.0424810439372854,4.637968641248666,0.616303693254296,0.5930429546034368,0.5927458526874586,0.0,4.0,0.0,"['No_Alpha_Tier', 'Expert_trend']",['Coverage_Below_80_Cap'],2017-06-30,shrink_only,0.0,,
2017-08-29,v2_relative_alpha_calibrated_experts_sensitivity,trend,0.5315900186028125,3.0380483138500463,3.569638332452859,0.4818529113663227,0.48548232909305816,0.5306138532999847,0.0,4.0,0.0,"['No_Alpha_Tier', 'Expert_trend']","['Risk_Above_55_Penalty', 'Coverage_Below_80_Cap']",2017-06-30,shrink_only,0.0,,
2017-08-30,v2_relative_alpha_calibrated_experts_sensitivity,trend,-0.006079471311097812,3.0340836952041226,3.0280042238930247,0.4411382992706946,0.4529106394165557,0.490779235363177,0.0,4.0,0.0,"['No_Alpha_Tier', 'Expert_trend']",['Coverage_Below_80_Cap'],2017-06-30,shrink_only,0.0,,
2017-08-31,v2_relative_alpha_calibrated_experts_sensitivity,trend,0.8593034030981328,3.0319931695532083,3.891296572651341,0.5520871024682625,0.5416696819746101,0.5477084375478537,0.0,4.0,0.0,"['No_Alpha_Tier', 'Expert_trend']",['Coverage_Below_80_Cap'],2017-06-30,shrink_only,0.0,,
2017-09-01,v2_relative_alpha_calibrated_experts_sensitivity,trend,1.0385475686476526,3.0316048928988373,4.07015246154649,0.587826409660266,0.5702611277282128,0.5786947713679337,0.0,4.0,0.0,"['No_Alpha_Tier', 'Expert_trend']",['Coverage_Below_80_Cap'],2017-08-03,shrink_only,0.0,,
2017-09-05,v2_relative_alpha_calibrated_experts_sensitivity,trend,1.048809038307623,3.030836697694032,4.079645736001655,0.5763550076721767,0.5610840061377413,0.568472001662239,0.0,4.0,0.0,"['No_Alpha_Tier', 'Expert_trend']",['Coverage_Below_80_Cap'],2017-08-03,shrink_only,0.0,,
2017-09-06,v2_relative_alpha_calibrated_experts_sensitivity,trend,0.7139561413908081,3.0298221032304404,3.7437782446212484,0.5417726668201014,0.5334181334560811,0.5494497543745084,0.0,4.0,0.0,"['No_Alpha_Tier', 'Expert_trend']",['Coverage_Below_80_Cap'],2017-08-03,shrink_only,0.0,,
2017-09-07,v2_relative_alpha_calibrated_experts_sensitivity,trend,0.6366069678535394,3.029677121653011,3.666284089506551,0.5313380587379402,0.5250704469903521,0.5318244556909424,0.0,4.0,0.0,"['No_Alpha_Tier', 'Expert_trend']",['Coverage_Below_80_Cap'],2017-08-03,shrink_only,0.0,,
2017-09-08,v2_relative_alpha_calibrated_experts_sensitivity,trend,0.7070683260914219,3.0295784783548925,3.7366468044463144,0.5358539246421026,0.5286831397136821,0.5458128645423649,0.0,4.0,0.0,"['No_Alpha_Tier', 'Expert_trend']",['Coverage_Below_80_Cap'],2017-08-03,shrink_only,0.0,,
2017-09-11,v2_relative_alpha_calibrated_experts_sensitivity,trend,0.028486085761951628,3.0299398499824988,3.0584259357444505,0.4389200891682059,0.45113607133456474,0.49562252333813206,0.0,4.0,0.0,"['No_Alpha_Tier', 'Expert_trend']",['Coverage_Below_80_Cap'],2017-08-03,shrink_only,0.0,,
2017-09-12,v2_relative_alpha_calibrated_experts_sensitivity,trend,0.07746025393230585,3.03165118525928,3.1091114391915857,0.4528483525137916,0.4622786820110333,0.49398922512949134,0.0,4.0,0.0,"['No_Alpha_Tier', 'Expert_trend']",['Coverage_Below_80_Cap'],2017-08-03,shrink_only,0.0,,
2017-09-13,v2_relative_alpha_calibrated_experts_sensitivity,trend,0.3368463308976075,3.032519161780269,3.369365492677876,0.4872639611389342,0.4898111689111474,0.5149616349307649,0.0,4.0,0.0,"['No_Alpha_Tier', 'Expert_trend']",['Coverage_Below_80_Cap'],2017-08-03,shrink_only,0.0,,
2017-09-14,v2_relative_alpha_calibrated_experts_sensitivity,trend,0.42170044530994977,3.0334579773147095,3.455158422624659,0.5083477560552547,0.5066782048442038,0.5232071565324508,0.0,4.0,0.0,"['No_Alpha_Tier', 'Expert_trend']",['Coverage_Below_80_Cap'],2017-08-03,shrink_only,0.0,,
2017-09-15,v2_relative_alpha_calibrated_experts_sensitivity,trend,1.3600224100213967,3.0338362831805314,4.393858693201929,0.6279843141620818,0.6023874513296654,0.5916843526914914,0.0,4.0,0.0,"['No_Alpha_Tier', 'Expert_trend']",['Coverage_Below_80_Cap'],2017-08-03,shrink_only,0.0,,
2017-09-18,v2_relative_alpha_calibrated_experts_sensitivity,trend,1.1728659341601813,3.0355428171519887,4.208408751312169,0.6257955706616002,0.6006364565292801,0.5872842428649876,0.0,4.0,0.0,"['No_Alpha_Tier', 'Expert_trend']",['Coverage_Below_80_Cap'],2017-08-03,shrink_only,0.0,,
2017-09-19,v2_relative_alpha_calibrated_experts_sensitivity,trend,0.9295373236040411,3.0369922635092568,3.966529587113298,0.6174459994184293,0.5939567995347435,0.5738219623324775,0.0,4.0,0.0,"['No_Alpha_Tier', 'Expert_trend']",['Coverage_Below_80_Cap'],2017-08-03,shrink_only,0.0,,
2017-09-20,v2_relative_alpha_calibrated_experts_sensitivity,trend,0.8598439213089716,3.0384565282543052,3.898300449563277,0.616732246040328,0.5933857968322623,0.576271167574467,0.0,4.0,0.0,"['No_Alpha_Tier', 'Expert_trend']",['Coverage_Below_80_Cap'],2017-08-03,shrink_only,0.0,,
2017-09-21,v2_relative_alpha_calibrated_experts_sensitivity,trend,1.3959321938070555,3.0386170250413644,4.43454921884842,0.6764852752500696,0.6411882202000557,0.6060423128868045,0.0,4.0,0.0,"['No_Alpha_Tier', 'Expert_trend']",['Coverage_Below_80_Cap'],2017-08-03,shrink_only,0.0,,
2017-09-22,v2_relative_alpha_calibrated_experts_sensitivity,trend,2.1711258163540306,3.038959449302367,5.210085265656398,0.7699174467862493,0.7159339574289995,0.6612394069368794,0.0,4.0,0.0,"['No_Alpha_Tier', 'Expert_trend']",['Coverage_Below_80_Cap'],2017-08-03,shrink_only,0.0,,
2017-09-25,v2_relative_alpha_calibrated_experts_sensitivity,pullback,1.088942292272381,3.038752711968682,4.127695004241063,0.6450736732404009,0.6160589385923207,0.5849078244160211,0.0,4.0,0.0,"['No_Alpha_Tier', 'Expert_pullback']","['Risk_Above_55_Penalty', 'Coverage_Below_80_Cap']",2017-08-03,shrink_only,0.0,,
2017-09-26,v2_relative_alpha_calibrated_experts_sensitivity,pullback,0.4416679418972851,3.0384049390275463,3.4800728809248316,0.5803492004452963,0.564279360356237,0.5372407581113066,0.0,4.0,0.0,"['No_Alpha_Tier', 'Expert_pullback']",['Coverage_Below_80_Cap'],2017-08-03,shrink_only,0.0,,
2017-09-27,v2_relative_alpha_calibrated_experts_sensitivity,trend,0.7466324600490666,3.038140940647363,3.7847734006964298,0.6088476883676178,0.5870781506940943,0.5593812612238234,0.0,4.0,0.0,"['No_Alpha_Tier', 'Expert_trend']","['Risk_Above_55_Penalty', 'Coverage_Below_80_Cap']",2017-08-03,shrink_only,0.0,,
2017-09-28,v2_relative_alpha_calibrated_experts_sensitivity,trend,0.8533301875726765,3.038387837587709,3.891718025160386,0.6299294814170774,0.6039435851336619,0.5689966458392081,0.0,2.0,0.0,"['No_Alpha_Tier', 'Expert_trend']","['Risk_Above_55_Penalty', 'Coverage_Below_80_Cap']",2017-08-03,shrink_only,0.0,,
2017-09-29,v2_relative_alpha_calibrated_experts_sensitivity,trend,-0.23460304300974472,3.0377858226792123,2.8031827796694673,0.48007097061265475,0.4840567764901238,0.49351504177859573,0.0,2.0,0.0,"['No_Alpha_Tier', 'Expert_trend']","['Risk_Above_55_Penalty', 'Coverage_Below_80_Cap']",2017-08-03,shrink_only,0.0,,
2017-10-02,v2_relative_alpha_calibrated_experts_sensitivity,trend,0.2010866883905036,3.037063332804871,3.238150021195375,0.5536356035500167,0.5429084828400134,0.5179281701970273,0.0,1.0,0.0,"['No_Alpha_Tier', 'Expert_trend']","['Risk_Above_55_Penalty', 'Liquidity_Below_45_Penalty', 'Coverage_Below_80_Cap']",2017-08-31,shrink_only,3.0,,
2017-10-03,v2_relative_alpha_calibrated_experts_sensitivity,trend,0.7865366737119696,3.036595489353339,3.8231321630653086,0.6138307574139629,0.5910646059311703,0.5705842239499458,0.0,4.0,0.0,"['No_Alpha_Tier', 'Expert_trend']",['Coverage_Below_80_Cap'],2017-08-31,shrink_only,3.0,,
2017-10-04,v2_relative_alpha_calibrated_experts_sensitivity,trend,0.7851531415715146,3.0370256109496214,3.822178752521136,0.5997927261533916,0.5798341809227133,0.5677865833455336,0.0,4.0,0.0,"['No_Alpha_Tier', 'Expert_trend']",['Coverage_Below_80_Cap'],2017-08-31,shrink_only,3.0,,
2017-10-05,v2_relative_alpha_calibrated_experts_sensitivity,trend,0.5815265871223486,3.0380306934031687,3.619557280525518,0.6043487404079755,0.5834789923263803,0.5446064078163648,0.0,4.0,0.0,"['No_Alpha_Tier', 'Expert_trend']",['Coverage_Below_80_Cap'],2017-08-31,shrink_only,3.0,,
2017-10-06,v2_relative_alpha_calibrated_experts_sensitivity,trend,0.37259152095480946,3.0394397180935417,3.412031239048351,0.5772627552001925,0.561810204160154,0.5419218440579756,0.0,4.0,0.0,"['No_Alpha_Tier', 'Expert_trend']",['Coverage_Below_80_Cap'],2017-08-31,shrink_only,3.0,,
2017-10-09,v2_relative_alpha_calibrated_experts_sensitivity,trend,0.09356006259170914,3.0415554028397103,3.135115465431419,0.5643139953000644,0.5514511962400516,0.5248335632113055,0.0,4.0,0.0,"['No_Alpha_Tier', 'Expert_trend']",['Coverage_Below_80_Cap'],2017-08-31,shrink_only,3.0,,
2017-10-10,v2_relative_alpha_calibrated_experts_sensitivity,trend,1.07851844377794,3.0420893489044176,4.120607792682358,0.6495124017547533,0.6196099214038027,0.5914340918022176,0.0,4.0,0.0,"['No_Alpha_Tier', 'Expert_trend']",['Coverage_Below_80_Cap'],2017-08-31,shrink_only,3.0,,
2017-10-11,v2_relative_alpha_calibrated_experts_sensitivity,trend,1.5499797587625894,3.0423850621369,4.59236482089949,0.6833146289898275,0.646651703191862,0.6214031160665439,0.0,4.0,0.0,"['No_Alpha_Tier', 'Expert_trend']",['Coverage_Below_80_Cap'],2017-08-31,shrink_only,3.0,,
2017-10-12,v2_relative_alpha_calibrated_experts_sensitivity,trend,1.2934593241828336,3.0425956818622075,4.336055006045041,0.680761234364668,0.6446089874917343,0.603838641074442,0.0,4.0,0.0,"['No_Alpha_Tier', 'Expert_trend']",['Coverage_Below_80_Cap'],2017-08-31,shrink_only,3.0,,
2017-10-13,v2_relative_alpha_calibrated_experts_sensitivity,trend,1.3872018435938094,3.0423141976905312,4.429516041284341,0.679817623685604,0.6438540989484831,0.6211076137125421,0.0,4.0,0.0,"['No_Alpha_Tier', 'Expert_trend']",['Coverage_Below_80_Cap'],2017-08-31,shrink_only,3.0,,
2017-10-16,v2_relative_alpha_calibrated_experts_sensitivity,trend,1.2424665165114268,3.0421773303567696,4.284643846868196,0.6632980764003443,0.6306384611202754,0.6062953174242367,0.0,4.0,0.0,"['No_Alpha_Tier', 'Expert_trend']",['Coverage_Below_80_Cap'],2017-08-31,shrink_only,3.0,,
2017-10-17,v2_relative_alpha_calibrated_experts_sensitivity,trend,1.504236285974317,3.0427278418683024,4.54696412784262,0.6829537731392729,0.6463630185114183,0.6240217985960749,0.0,4.0,0.0,"['No_Alpha_Tier', 'Expert_trend']",['Coverage_Below_80_Cap'],2017-08-31,shrink_only,3.0,,
2017-10-18,v2_relative_alpha_calibrated_experts_sensitivity,trend,1.5168011376401507,3.042935347768481,4.5597364854086315,0.6941328206229551,0.655306256498364,0.6301422032840445,0.0,4.0,0.0,"['No_Alpha_Tier', 'Expert_trend']",['Coverage_Below_80_Cap'],2017-08-31,shrink_only,3.0,,
2017-10-19,v2_relative_alpha_calibrated_experts_sensitivity,trend,1.6927173835071339,3.0433158748937887,4.736033258400923,0.7203845587000087,0.676307646960007,0.6414510436973624,0.0,4.0,0.0,"['No_Alpha_Tier', 'Expert_trend']",['Coverage_Below_80_Cap'],2017-08-31,shrink_only,3.0,,
2017-10-20,v2_relative_alpha_calibrated_experts_sensitivity,trend,1.4160354635438712,3.04317281314148,4.459208276685351,0.6985590040252047,0.6588472032201638,0.6182895537798874,0.0,4.0,0.0,"['No_Alpha_Tier', 'Expert_trend']",['Coverage_Below_80_Cap'],2017-08-31,shrink_only,3.0,,
2017-10-23,v2_relative_alpha_calibrated_experts_sensitivity,trend,1.873204324084054,3.043923158066379,4.917127482150433,0.7439651957661524,0.6951721566129219,0.6559678376316662,0.0,4.0,0.0,"['No_Alpha_Tier', 'Expert_trend']",['Coverage_Below_80_Cap'],2017-08-31,shrink_only,3.0,,
2017-10-24,v2_relative_alpha_calibrated_experts_sensitivity,trend,1.4018525439544776,3.044511259570544,4.446363803525022,0.7051789054631163,0.664143124370493,0.6166028402129775,0.0,4.0,0.0,"['No_Alpha_Tier', 'Expert_trend']","['Liquidity_Below_45_Penalty', 'Coverage_Below_80_Cap']",2017-08-31,shrink_only,3.0,,
2017-10-25,v2_relative_alpha_calibrated_experts_sensitivity,trend,1.34423530684158,3.045463105032985,4.389698411874565,0.7093957530747935,0.6675166024598348,0.6195152913799613,0.0,4.0,0.0,"['No_Alpha_Tier', 'Expert_trend']","['Liquidity_Below_45_Penalty', 'Coverage_Below_80_Cap']",2017-08-31,shrink_only,3.0,,
2017-10-26,v2_relative_alpha_calibrated_experts_sensitivity,trend,1.7318444224549807,3.0449669454679733,4.776811367922954,0.7460583161850557,0.6968466529480446,0.6490268071105495,0.0,1.0,0.0,"['No_Alpha_Tier', 'Expert_trend']","['Risk_Above_55_Penalty', 'Liquidity_Below_45_Penalty', 'Coverage_Below_80_Cap']",2017-08-31,shrink_only,3.0,,
2017-10-27,v2_relative_alpha_calibrated_experts_sensitivity,trend,-0.0653697042862552,3.0437805531076925,2.9784108488214374,0.5190246301476776,0.5152197041181421,0.5059641775633963,0.0,1.0,0.0,"['No_Alpha_Tier', 'Expert_trend']","['Risk_Above_55_Penalty', 'Liquidity_Below_45_Penalty', 'Coverage_Below_80_Cap']",2017-08-31,shrink_only,3.0,,
2017-10-30,v2_relative_alpha_calibrated_experts_sensitivity,trend,0.601905987914529,3.0467898355304417,3.648695823444971,0.5905329400177981,0.5724263520142385,0.5514985090037681,0.0,4.0,0.0,"['No_Alpha_Tier', 'Expert_trend']","['Liquidity_Below_45_Penalty', 'Coverage_Below_80_Cap']",2017-08-31,shrink_only,3.0,,
2017-10-31,v2_relative_alpha_calibrated_experts_sensitivity,trend,-0.04326340835487696,3.049948044636758,3.0066846362818813,0.5165464956600285,0.5132371965280228,0.504213316484177,0.0,4.0,0.0,"['No_Alpha_Tier', 'Expert_trend']","['Liquidity_Below_45_Penalty', 'Coverage_Below_80_Cap']",2017-08-31,shrink_only,3.0,,
2017-11-01,v2_relative_alpha_calibrated_experts_sensitivity,trend,-0.3660712581276144,3.0531166697257985,2.6870454115981843,0.46933771977771593,0.47547017582217277,0.4746047694440095,0.0,4.0,0.0,"['No_Alpha_Tier', 'Expert_trend']","['Liquidity_Below_45_Penalty', 'Coverage_Below_80_Cap']",2017-10-03,shrink_only,25.0,,
2017-11-02,v2_relative_alpha_calibrated_experts_sensitivity,trend,0.30856937851268673,3.056238409206581,3.364807787719268,0.5860686211545764,0.5688548969236611,0.5293634845242445,0.0,4.0,0.0,"['No_Alpha_Tier', 'Expert_trend']","['Liquidity_Below_45_Penalty', 'Coverage_Below_80_Cap']",2017-10-03,shrink_only,25.0,,
2017-11-03,v2_relative_alpha_calibrated_experts_sensitivity,trend,-1.5150157814290606,3.0583987706018085,1.543382989172748,0.3398721638623666,0.3718977310898933,0.41814290933764814,0.0,4.0,0.0,"['No_Alpha_Tier', 'Expert_trend']",['Coverage_Below_80_Cap'],2017-10-03,shrink_only,25.0,,
2017-11-06,v2_relative_alpha_calibrated_experts_sensitivity,trend,-0.03678079838460266,3.0634244280513325,3.02664362966673,0.5255377691812699,0.520430215345016,0.49761991753223034,0.0,4.0,0.0,"['No_Alpha_Tier', 'Expert_trend']","['Liquidity_Below_45_Penalty', 'Coverage_Below_80_Cap']",2017-10-03,shrink_only,25.0,,
2017-11-07,v2_relative_alpha_calibrated_experts_sensitivity,trend,0.4091123891333278,3.068978843497592,3.47809123263092,0.5909252145560769,0.5727401716448616,0.5359871484825814,0.0,4.0,0.0,"['No_Alpha_Tier', 'Expert_trend']","['Liquidity_Below_45_Penalty', 'Coverage_Below_80_Cap']",2017-10-03,shrink_only,25.0,,
2017-11-08,v2_relative_alpha_calibrated_experts_sensitivity,trend,0.7776137171784748,3.073502868750704,3.851116585929179,0.641352213016792,0.6130817704134336,0.570345094559563,0.0,4.0,0.0,"['No_Alpha_Tier', 'Expert_trend']","['Liquidity_Below_45_Penalty', 'Coverage_Below_80_Cap']",2017-10-03,shrink_only,25.0,,
2017-11-09,v2_relative_alpha_calibrated_experts_sensitivity,trend,1.5541970294385798,3.0783201446418076,4.632517174080387,0.7111764648484062,0.668941171878725,0.6349744245524297,0.0,4.0,0.0,"['No_Alpha_Tier', 'Expert_trend']","['Liquidity_Below_45_Penalty', 'Coverage_Below_80_Cap']",2017-10-03,shrink_only,25.0,,
2017-11-10,v2_relative_alpha_calibrated_experts_sensitivity,trend,0.7815488590668362,3.082154431474019,3.863703290540855,0.6312773261924822,0.6050218609539858,0.5599233896457134,0.0,4.0,0.0,"['No_Alpha_Tier', 'Expert_trend']",['Coverage_Below_80_Cap'],2017-10-03,shrink_only,25.0,,
2017-11-13,v2_relative_alpha_calibrated_experts_sensitivity,trend,0.2874572110497473,3.087132804199661,3.3745900152494084,0.56313460457509,0.550507683660072,0.5162708561685544,0.0,4.0,0.0,"['No_Alpha_Tier', 'Expert_trend']","['Liquidity_Below_45_Penalty', 'Coverage_Below_80_Cap']",2017-10-03,shrink_only,25.0,,
2017-11-14,v2_relative_alpha_calibrated_experts_sensitivity,trend,0.48621774793252936,3.0920250484538836,3.578242796386413,0.5876034510264214,0.5700827608211372,0.5246183980838712,0.0,4.0,0.0,"['No_Alpha_Tier', 'Expert_trend']","['Liquidity_Below_45_Penalty', 'Coverage_Below_80_Cap']",2017-10-03,shrink_only,25.0,,
2017-11-15,v2_relative_alpha_calibrated_experts_sensitivity,trend,1.2178095719423843,3.0961850377198354,4.3139946096622195,0.6719463921402509,0.6375571137122007,0.600914858697102,0.0,4.0,0.0,"['No_Alpha_Tier', 'Expert_trend']","['Liquidity_Below_45_Penalty', 'Coverage_Below_80_Cap']",2017-10-03,shrink_only,25.0,,
2017-11-16,v2_relative_alpha_calibrated_experts_sensitivity,trend,0.3028679819500535,3.0985924683259585,3.401460450276012,0.5621307573181208,0.5497046058544967,0.5151437386548823,0.0,4.0,0.0,"['No_Alpha_Tier', 'Expert_trend']","['Liquidity_Below_45_Penalty', 'Coverage_Below_80_Cap']",2017-10-03,shrink_only,25.0,,
2017-11-17,v2_relative_alpha_calibrated_experts_sensitivity,trend,0.7612509780340897,3.1034780143062966,3.8647289923403862,0.614263777067273,0.5914110216538184,0.5510865215651479,0.0,4.0,0.0,"['No_Alpha_Tier', 'Expert_trend']","['Liquidity_Below_45_Penalty', 'Coverage_Below_80_Cap']",2017-10-03,shrink_only,25.0,,
2017-11-20,v2_relative_alpha_calibrated_experts_sensitivity,trend,0.44997931809693,3.10777414187109,3.5577534599680196,0.5853625778978937,0.5682900623183149,0.5238773770377716,0.0,4.0,0.0,"['No_Alpha_Tier', 'Expert_trend']","['Liquidity_Below_45_Penalty', 'Coverage_Below_80_Cap']",2017-10-03,shrink_only,25.0,,
2017-11-21,v2_relative_alpha_calibrated_experts_sensitivity,trend,0.4990386179689127,3.112477714943414,3.611516332912327,0.5821603643790793,0.5657282915032634,0.5236095887630415,0.0,4.0,0.0,"['No_Alpha_Tier', 'Expert_trend']","['Liquidity_Below_45_Penalty', 'Coverage_Below_80_Cap']",2017-10-03,shrink_only,25.0,,
2017-11-22,v2_relative_alpha_calibrated_experts_sensitivity,trend,0.7136288926069431,3.118345148806901,3.8319740414138437,0.6136887665726338,0.5909510132581071,0.5536956811710192,0.0,4.0,0.0,"['No_Alpha_Tier', 'Expert_trend']",['Coverage_Below_80_Cap'],2017-10-03,shrink_only,25.0,,
2017-11-24,v2_relative_alpha_calibrated_experts_sensitivity,trend,0.42012866407150784,3.124387801816556,3.544516465888064,0.5734130864176082,0.5587304691340866,0.5249733226623984,0.0,4.0,0.0,"['No_Alpha_Tier', 'Expert_trend']",['Coverage_Below_80_Cap'],2017-10-03,shrink_only,25.0,,
2017-11-27,v2_relative_alpha_calibrated_experts_sensitivity,trend,0.6888421469793942,3.1304715232670337,3.8193136702464283,0.6120200625393538,0.5896160500314831,0.5467995894009778,0.0,4.0,0.0,"['No_Alpha_Tier', 'Expert_trend']",['Coverage_Below_80_Cap'],2017-10-03,shrink_only,25.0,,
2017-11-28,v2_relative_alpha_calibrated_experts_sensitivity,trend,0.014626407893560584,3.133646432886794,3.148272840780355,0.5361098751784212,0.528887900142737,0.49761991753223034,0.0,4.0,0.0,"['No_Alpha_Tier', 'Expert_trend']","['Liquidity_Below_45_Penalty', 'Coverage_Below_80_Cap']",2017-10-03,shrink_only,25.0,,
2017-11-29,v2_relative_alpha_calibrated_experts_sensitivity,trend,0.9465276112890577,3.137132278893743,4.0836598901828,0.6440966314090308,0.6152773051272247,0.574992170781356,0.0,4.0,0.0,"['No_Alpha_Tier', 'Expert_trend']","['Liquidity_Below_45_Penalty', 'Coverage_Below_80_Cap']",2017-10-03,shrink_only,25.0,,
2017-11-30,v2_relative_alpha_calibrated_experts_sensitivity,trend,0.18963040688057148,3.138691629506102,3.3283220363866732,0.5295392301944424,0.5236313841555539,0.5047837975770018,0.0,4.0,0.0,"['No_Alpha_Tier', 'Expert_trend']","['Liquidity_Below_45_Penalty', 'Coverage_Below_80_Cap']",2017-10-03,shrink_only,25.0,,
2017-12-01,v2_relative_alpha_calibrated_experts_sensitivity,trend,0.9132820007131213,3.1410464720532563,4.054328472766377,0.6393493057992271,0.6114794446393816,0.5618082843049861,0.0,0.0,0.0,"['No_Alpha_Tier', 'Expert_trend']",['Hard_Risk_Cap_Zero'],2017-11-01,shrink_only,46.0,,
2017-12-04,v2_relative_alpha_calibrated_experts_sensitivity,pullback,0.7630559579505612,3.1429618705231763,3.9060178284737375,0.5921773812165292,0.5737419049732233,0.5386470507006221,0.0,4.0,0.0,"['No_Alpha_Tier', 'Expert_pullback']","['Liquidity_Below_45_Penalty', 'Coverage_Below_80_Cap']",2017-11-01,shrink_only,46.0,,
2017-12-05,v2_relative_alpha_calibrated_experts_sensitivity,pullback,0.8784531647764977,3.1431309983690534,4.021584163145551,0.6198563232088229,0.5958850585670583,0.5472385749171463,0.0,4.0,0.0,"['No_Alpha_Tier', 'Expert_pullback']","['Liquidity_Below_45_Penalty', 'Coverage_Below_80_Cap']",2017-11-01,shrink_only,46.0,,
2017-12-06,v2_relative_alpha_calibrated_experts_sensitivity,trend,1.572224603609173,3.1423354104076595,4.714560014016833,0.725522986758274,0.6804183894066191,0.6146111012063945,0.0,3.0,0.0,"['No_Alpha_Tier', 'Expert_trend']","['Liquidity_Below_45_Penalty', 'Coverage_Below_80_Cap']",2017-11-01,shrink_only,46.0,,
2017-12-07,v2_relative_alpha_calibrated_experts_sensitivity,trend,1.32246864870298,3.141943030505029,4.464411679208009,0.696250916454136,0.6570007331633088,0.5945172044927796,0.0,0.0,0.0,"['No_Alpha_Tier', 'Expert_trend']",['Hard_Risk_Cap_Zero'],2017-11-01,shrink_only,46.0,,
2017-12-08,v2_relative_alpha_calibrated_experts_sensitivity,trend,-0.15667281112543904,3.141711753370402,2.985038942244963,0.5312960765159639,0.5250368612127712,0.4881130326261366,0.0,4.0,0.0,"['No_Alpha_Tier', 'Expert_trend']","['Liquidity_Below_45_Penalty', 'Coverage_Below_80_Cap']",2017-11-01,shrink_only,46.0,,
2017-12-11,v2_relative_alpha_calibrated_experts_sensitivity,trend,0.8785657648534865,3.143028413478134,4.021594178331621,0.6483453914155437,0.618676313132435,0.5601205800202057,0.0,4.0,0.0,"['No_Alpha_Tier', 'Expert_trend']","['Liquidity_Below_45_Penalty', 'Coverage_Below_80_Cap']",2017-11-01,shrink_only,46.0,,
2017-12-12,v2_relative_alpha_calibrated_experts_sensitivity,trend,1.1580540558405674,3.1451201753418006,4.303174231182369,0.6708695588232837,0.6366956470586269,0.5713821833957331,0.0,0.0,0.0,"['No_Alpha_Tier', 'Expert_trend']",['Hard_Risk_Cap_Zero'],2017-11-01,shrink_only,46.0,,
2017-12-13,v2_relative_alpha_calibrated_experts_sensitivity,trend,0.6504670082208159,3.147012950855857,3.7974799590766732,0.6088545125397911,0.5870836100318328,0.5467197361383491,0.0,0.0,0.0,"['No_Alpha_Tier', 'Expert_trend']",['Hard_Risk_Cap_Zero'],2017-11-01,shrink_only,46.0,,
2017-12-14,v2_relative_alpha_calibrated_experts_sensitivity,trend,-0.5301577508656324,3.1492574187845688,2.619099667918936,0.46758391187945697,0.47406712950356555,0.46913941879122845,0.0,0.0,0.0,"['No_Alpha_Tier', 'Expert_trend']",['Hard_Risk_Cap_Zero'],2017-11-01,shrink_only,46.0,,
2017-12-15,v2_relative_alpha_calibrated_experts_sensitivity,trend,0.1698118181652607,3.1519964978463517,3.3218083160116123,0.5416855493603037,0.533348439488243,0.5040592500148571,0.0,4.0,0.0,"['No_Alpha_Tier', 'Expert_trend']","['Liquidity_Below_45_Penalty', 'Coverage_Below_80_Cap']",2017-11-01,shrink_only,46.0,,
2017-12-18,v2_relative_alpha_calibrated_experts_sensitivity,trend,-0.3275511048880867,3.1555753064191534,2.8280242015310666,0.47068679081082676,0.4765494326486614,0.4651814940274559,0.0,4.0,0.0,"['No_Alpha_Tier', 'Expert_trend']","['Liquidity_Below_45_Penalty', 'Coverage_Below_80_Cap']",2017-11-01,shrink_only,46.0,,
2017-12-19,v2_relative_alpha_calibrated_experts_sensitivity,trend,-0.7236621062307456,3.161278412621919,2.4376163063911735,0.4433912512506599,0.4547130010005279,0.44421518987341774,0.0,4.0,0.0,"['No_Alpha_Tier', 'Expert_trend']","['Liquidity_Below_45_Penalty', 'Coverage_Below_80_Cap']",2017-11-01,shrink_only,46.0,,
2017-12-20,v2_relative_alpha_calibrated_experts_sensitivity,trend,-0.7382161771083736,3.166282582002832,2.4280664048944587,0.45198936323021877,0.46159149058417503,0.44470993046888935,0.0,4.0,0.0,"['No_Alpha_Tier', 'Expert_trend']","['Liquidity_Below_45_Penalty', 'Coverage_Below_80_Cap']",2017-11-01,shrink_only,46.0,,
2017-12-21,v2_relative_alpha_calibrated_experts_sensitivity,trend,-0.4980707884735784,3.170220934777684,2.672150146304106,0.4822530668110657,0.4858024534488526,0.47135134010815954,0.0,4.0,0.0,"['No_Alpha_Tier', 'Expert_trend']","['Liquidity_Below_45_Penalty', 'Coverage_Below_80_Cap']",2017-11-01,shrink_only,46.0,,
2017-12-22,v2_relative_alpha_calibrated_experts_sensitivity,trend,0.5960090506433109,3.1734649163887796,3.769473967032091,0.6107386716243512,0.588590937299481,0.5347165270101623,0.0,4.0,0.0,"['No_Alpha_Tier', 'Expert_trend']","['Liquidity_Below_45_Penalty', 'Coverage_Below_80_Cap']",2017-11-01,shrink_only,46.0,,
2017-12-26,v2_relative_alpha_calibrated_experts_sensitivity,trend,1.0273827917324068,3.1763276647260947,4.203710456458501,0.6621525579550229,0.6297220463640183,0.5683705354489809,0.0,4.0,0.0,"['No_Alpha_Tier', 'Expert_trend']","['Liquidity_Below_45_Penalty', 'Coverage_Below_80_Cap']",2017-11-01,shrink_only,46.0,,
2017-12-27,v2_relative_alpha_calibrated_experts_sensitivity,trend,1.3422272057620266,3.1779956945182097,4.5202229002802365,0.6929278187784783,0.6543422550227826,0.5994496939442563,0.0,4.0,0.0,"['No_Alpha_Tier', 'Expert_trend']","['Liquidity_Below_45_Penalty', 'Coverage_Below_80_Cap']",2017-11-01,shrink_only,46.0,,
2017-12-28,v2_relative_alpha_calibrated_experts_sensitivity,trend,1.6700791995786584,3.1794481077899923,4.849527307368651,0.7318379970701915,0.6854703976561531,0.6190488500623997,0.0,4.0,0.0,"['No_Alpha_Tier', 'Expert_trend']","['Liquidity_Below_45_Penalty', 'Coverage_Below_80_Cap']",2017-11-01,shrink_only,46.0,,
2017-12-29,v2_relative_alpha_calibrated_experts_sensitivity,trend,1.9356867232431276,3.182080727862387,5.1177674511055145,0.7466957229812788,0.6973565783850231,0.6366395673619778,0.0,4.0,0.0,"['No_Alpha_Tier', 'Expert_trend']","['Liquidity_Below_45_Penalty', 'Coverage_Below_80_Cap']",2017-11-01,shrink_only,46.0,,
2018-01-02,v2_relative_alpha_calibrated_experts_sensitivity,trend,0.16332482532450127,3.183722636547045,3.3470474618715462,0.5298238596175338,0.523859087694027,0.5091063257729924,0.0,0.0,0.0,"['No_Alpha_Tier', 'Expert_trend']",['Hard_Risk_Cap_Zero'],2017-11-30,shrink_only,66.0,,
2018-01-03,v2_relative_alpha_calibrated_experts_sensitivity,trend,0.9730099491365705,3.187407995714526,4.160417944851096,0.6605307147165109,0.6284245717732088,0.5599792183125517,0.0,4.0,0.0,"['No_Alpha_Tier', 'Expert_trend']",['Coverage_Below_80_Cap'],2017-11-30,shrink_only,66.0,,
2018-01-04,v2_relative_alpha_calibrated_experts_sensitivity,trend,1.0636192080827769,3.1932192103239254,4.256838418406702,0.6573900880529397,0.6259120704423518,0.5637004970338304,0.0,4.0,0.0,"['No_Alpha_Tier', 'Expert_trend']",['Coverage_Below_80_Cap'],2017-11-30,shrink_only,66.0,,
2018-01-05,v2_relative_alpha_calibrated_experts_sensitivity,trend,0.44908892333400074,3.1991838963514034,3.648272819685404,0.5956552172215683,0.5765241737772546,0.5218309468309469,0.0,4.0,0.0,"['No_Alpha_Tier', 'Expert_trend']","['Liquidity_Below_45_Penalty', 'Coverage_Below_80_Cap']",2017-11-30,shrink_only,66.0,,
2018-01-08,v2_relative_alpha_calibrated_experts_sensitivity,trend,0.2181394460895373,3.2063084148226664,3.424447860912204,0.5663411050737825,0.553072884059026,0.4862665112665113,0.0,4.0,0.0,"['No_Alpha_Tier', 'Expert_trend']","['Liquidity_Below_45_Penalty', 'Coverage_Below_80_Cap']",2017-11-30,shrink_only,66.0,,
2018-01-09,v2_relative_alpha_calibrated_experts_sensitivity,trend,-2.2261113360006703,3.2134653706525955,0.9873540346519251,0.3054168961415188,0.344333516913215,0.3720446220446221,0.0,4.0,0.0,"['No_Alpha_Tier', 'Expert_trend']","['Liquidity_Below_45_Penalty', 'Coverage_Below_80_Cap']",2017-11-30,shrink_only,66.0,,
2018-01-10,v2_relative_alpha_calibrated_experts_sensitivity,trend,0.0378966989664998,3.220337809455398,3.2582345084218978,0.5560186957071482,0.5448149565657185,0.4910968660968661,0.0,4.0,0.0,"['No_Alpha_Tier', 'Expert_trend']","['Liquidity_Below_45_Penalty', 'Coverage_Below_80_Cap']",2017-11-30,shrink_only,66.0,,
2018-01-11,v2_relative_alpha_calibrated_experts_sensitivity,trend,0.46244010914798284,3.22602383535927,3.6884639445072533,0.5822960814454712,0.565836865156377,0.5090267756934423,0.0,4.0,0.0,"['No_Alpha_Tier', 'Expert_trend']","['Liquidity_Below_45_Penalty', 'Coverage_Below_80_Cap']",2017-11-30,shrink_only,66.0,,
2018-01-12,v2_relative_alpha_calibrated_experts_sensitivity,trend,-0.42694258284640235,3.2326071949563535,2.8056646121099513,0.46401695754166605,0.47121356603333286,0.4570491237157904,0.0,4.0,0.0,"['No_Alpha_Tier', 'Expert_trend']","['Liquidity_Below_45_Penalty', 'Coverage_Below_80_Cap']",2017-11-30,shrink_only,66.0,,
2018-01-16,v2_relative_alpha_calibrated_experts_sensitivity,trend,-0.12596068548447495,3.2400057182858926,3.1140450328014175,0.5141030953925738,0.5112824763140591,0.47249448082781415,0.0,4.0,0.0,"['No_Alpha_Tier', 'Expert_trend']",['Coverage_Below_80_Cap'],2017-11-30,shrink_only,66.0,,
2018-01-17,v2_relative_alpha_calibrated_experts_sensitivity,trend,-1.4916728862714155,3.247121948336018,1.7554490620646026,0.32656519948450435,0.3612521595876035,0.3988237071570405,0.0,4.0,0.0,"['No_Alpha_Tier', 'Expert_trend']",['Coverage_Below_80_Cap'],2017-11-30,shrink_only,66.0,,
2018-01-18,v2_relative_alpha_calibrated_experts_sensitivity,trend,-1.7306587868952554,3.25530806727511,1.5246492803798541,0.30993846180452767,0.34795076944362213,0.3812156978823646,0.0,4.0,0.0,"['No_Alpha_Tier', 'Expert_trend']","['Liquidity_Below_45_Penalty', 'Coverage_Below_80_Cap']",2017-11-30,shrink_only,66.0,,
2018-01-19,v2_relative_alpha_calibrated_experts_sensitivity,trend,-1.988419744045277,3.2628609679381624,1.2744412238928853,0.28638829753876593,0.3291106380310127,0.3626376709710043,0.0,4.0,0.0,"['No_Alpha_Tier', 'Expert_trend']","['Liquidity_Below_45_Penalty', 'Coverage_Below_80_Cap']",2017-11-30,shrink_only,66.0,,
2018-01-22,v2_relative_alpha_calibrated_experts_sensitivity,trend,-2.241444821375033,3.2717522057657322,1.0303073843906991,0.25237753798796597,0.3019020303903728,0.34181528348195017,0.0,4.0,0.0,"['No_Alpha_Tier', 'Expert_trend']","['Liquidity_Below_45_Penalty', 'Coverage_Below_80_Cap']",2017-11-30,shrink_only,66.0,,
2018-01-23,v2_relative_alpha_calibrated_experts_sensitivity,trend,-2.6113529749462647,3.2823136499864507,0.6709606750401859,0.20009754052532505,0.26007803242026,0.3131865048531715,0.0,4.0,0.0,"['No_Alpha_Tier', 'Expert_trend']","['Liquidity_Below_45_Penalty', 'Coverage_Below_80_Cap']",2017-11-30,shrink_only,66.0,,
2018-01-24,v2_relative_alpha_calibrated_experts_sensitivity,trend,-2.1536130132825666,3.2943653370141863,1.1407523237316197,0.25172896974573267,0.30138317579658613,0.34623987123987127,0.0,4.0,0.0,"['No_Alpha_Tier', 'Expert_trend']","['Liquidity_Below_45_Penalty', 'Coverage_Below_80_Cap']",2017-11-30,shrink_only,66.0,,
2018-01-25,v2_relative_alpha_calibrated_experts_sensitivity,trend,-1.2992110139186637,3.305621548314154,2.0064105343954903,0.3796497541278371,0.40371980330226964,0.4061407728074395,0.0,4.0,0.0,"['No_Alpha_Tier', 'Expert_trend']","['Liquidity_Below_45_Penalty', 'Coverage_Below_80_Cap']",2017-11-30,shrink_only,66.0,,
2018-01-26,v2_relative_alpha_calibrated_experts_sensitivity,trend,-2.8006564648792747,3.315240090869931,0.5145836259906562,0.2099889444943275,0.26799115559546194,0.31636110802777473,0.0,4.0,0.0,"['No_Alpha_Tier', 'Expert_trend']","['Liquidity_Below_45_Penalty', 'Coverage_Below_80_Cap']",2017-11-30,shrink_only,66.0,,
2018-01-29,v2_relative_alpha_calibrated_experts_sensitivity,trend,-3.035625964852718,3.3270186619249245,0.2913926970722063,0.17568754728857502,0.24055003783086004,0.2985039651706318,0.0,4.0,0.0,"['No_Alpha_Tier', 'Expert_trend']","['Liquidity_Below_45_Penalty', 'Coverage_Below_80_Cap']",2017-11-30,shrink_only,66.0,,
2018-01-30,v2_relative_alpha_calibrated_experts_sensitivity,trend,-2.5294088624687556,3.337552760649466,0.8081438981807104,0.24397809605169524,0.2951824768413562,0.3322452239118906,0.0,4.0,0.0,"['No_Alpha_Tier', 'Expert_trend']","['Liquidity_Below_45_Penalty', 'Coverage_Below_80_Cap']",2017-11-30,shrink_only,66.0,,
2018-01-31,v2_relative_alpha_calibrated_experts_sensitivity,trend,-1.7210385981476375,3.3472628848236554,1.6262242866760181,0.3066148441300909,0.3452918753040727,0.3807769391102725,0.0,4.0,0.0,"['No_Alpha_Tier', 'Expert_trend']","['Liquidity_Below_45_Penalty', 'Coverage_Below_80_Cap']",2017-11-30,shrink_only,66.0,,
2018-02-01,v2_relative_alpha_calibrated_experts_sensitivity,trend,-1.0130040148708581,3.3565497655183805,2.343545750647522,0.4292235861350632,0.44337886890805056,0.4157146771251654,0.0,4.0,0.0,"['No_Alpha_Tier', 'Expert_trend']","['Liquidity_Below_45_Penalty', 'Coverage_Below_80_Cap']",2018-01-02,shrink_only,87.0,,
2018-02-02,v2_relative_alpha_calibrated_experts_sensitivity,pullback,-0.045612398646510594,5.515078955892201,5.46946655724569,0.5017548070400415,0.5014038456320332,0.48398303765950823,0.0,2.0,0.0,"['No_Alpha_Tier', 'Expert_pullback']","['Liquidity_Below_45_Penalty', 'Coverage_Below_80_Cap', 'VIX_Backwardation_Cap']",2018-01-02,shrink_only,87.0,,
2018-02-05,v2_relative_alpha_calibrated_experts_sensitivity,pullback,0.7784920227048205,5.515078955892201,6.293570978597021,0.5692594709107657,0.5554075767286125,0.5326427793339559,0.0,2.0,0.0,"['No_Alpha_Tier', 'Expert_pullback']","['Risk_Above_55_Penalty', 'Liquidity_Below_45_Penalty', 'Coverage_Below_80_Cap', 'VIX_Backwardation_Cap']",2018-01-02,shrink_only,87.0,,
2018-02-06,v2_relative_alpha_calibrated_experts_sensitivity,pullback,-0.48318940303971336,5.515078955892201,5.031889552852487,0.4238694579034208,0.4390955663227366,0.4308784624961096,0.0,2.0,0.0,"['No_Alpha_Tier', 'Expert_pullback']","['Liquidity_Below_45_Penalty', 'Coverage_Below_80_Cap', 'VIX_Backwardation_Cap']",2018-01-02,shrink_only,87.0,,
2018-02-07,v2_relative_alpha_calibrated_experts_sensitivity,pullback,-0.16428624099092853,5.515078955892201,5.350792714901272,0.42604990343203625,0.440839922745629,0.43357454092748215,0.0,0.0,0.0,"['No_Alpha_Tier', 'Expert_pullback']",['Hard_Risk_Cap_Zero'],2018-01-02,shrink_only,87.0,,
2018-02-08,v2_relative_alpha_calibrated_experts_sensitivity,pullback,1.2189750266391197,3.0591438930013672,4.2781189196404865,0.5593212288406788,0.5474569830725431,0.5298533302209772,0.0,0.0,0.0,"['No_Alpha_Tier', 'Expert_pullback']",['Hard_Risk_Cap_Zero'],2018-01-02,shrink_only,87.0,,
2018-02-09,v2_relative_alpha_calibrated_experts_sensitivity,pullback,0.9054926395074502,3.0492291377488434,3.954721777256294,0.5056430056006606,0.5045144044805284,0.5086445689386866,0.0,1.0,0.0,"['No_Alpha_Tier', 'Expert_pullback']","['Risk_Above_55_Penalty', 'Liquidity_Below_45_Penalty', 'Coverage_Below_80_Cap', 'VIX_Backwardation_Cap']",2018-01-02,shrink_only,87.0,,
2018-02-12,v2_relative_alpha_calibrated_experts_sensitivity,pullback,1.0001855235984154,3.0414257739593014,4.041611297557717,0.4913722611720621,0.4930978089376497,0.4900657485216309,0.0,1.0,0.0,"['No_Alpha_Tier', 'Expert_pullback']","['Risk_Above_55_Penalty', 'Liquidity_Below_45_Penalty', 'Coverage_Below_80_Cap', 'VIX_Backwardation_Cap']",2018-01-02,shrink_only,87.0,,
2018-02-13,v2_relative_alpha_calibrated_experts_sensitivity,pullback,0.24976938332847828,3.0337723561228858,3.283541739451364,0.4104270524026602,0.42834164192212815,0.45165538437597263,0.0,1.0,0.0,"['No_Alpha_Tier', 'Expert_pullback']","['Risk_Above_55_Penalty', 'Liquidity_Below_45_Penalty', 'Coverage_Below_80_Cap', 'VIX_Backwardation_Cap']",2018-01-02,shrink_only,87.0,,
2018-02-14,v2_relative_alpha_calibrated_experts_sensitivity,pullback,-0.08892405624871609,3.026943714017883,2.938019657769167,0.39329974591785566,0.4146397967342845,0.428089013383131,0.0,4.0,0.0,"['No_Alpha_Tier', 'Expert_pullback']","['Liquidity_Below_45_Penalty', 'Coverage_Below_80_Cap']",2018-01-02,shrink_only,87.0,,
2018-02-15,v2_relative_alpha_calibrated_experts_sensitivity,pullback,-0.44286384548150975,3.0218748549706618,2.579011009489152,0.3785103600848826,0.4028082880679061,0.4206076875194522,0.0,0.0,0.0,"['No_Alpha_Tier', 'Expert_pullback']",['Hard_Risk_Cap_Zero'],2018-01-02,shrink_only,87.0,,
2018-02-16,v2_relative_alpha_calibrated_experts_sensitivity,pullback,0.895880182428467,3.018303666220902,3.914183848649369,0.4922226184602852,0.49377809476822815,0.4953567538126362,0.0,2.0,0.0,"['No_Alpha_Tier', 'Expert_pullback']","['Liquidity_Below_45_Penalty', 'Coverage_Below_80_Cap', 'VIX_Backwardation_Cap']",2018-01-02,shrink_only,87.0,,
2018-02-20,v2_relative_alpha_calibrated_experts_sensitivity,pullback,0.08032168142469309,3.0151865151111625,3.0955081965358553,0.4271732604496502,0.4417386083597202,0.44882703081232495,0.0,0.0,0.0,"['No_Alpha_Tier', 'Expert_pullback']",['Hard_Risk_Cap_Zero'],2018-01-02,shrink_only,87.0,,
2018-02-21,v2_relative_alpha_calibrated_experts_sensitivity,pullback,0.13089262555923287,3.0119903733805193,3.142882998939752,0.43254438444073473,0.4460355075525878,0.4441837846249611,0.0,0.0,0.0,"['No_Alpha_Tier', 'Expert_pullback']",['Hard_Risk_Cap_Zero'],2018-01-02,shrink_only,87.0,,
2018-02-22,v2_relative_alpha_calibrated_experts_sensitivity,pullback,0.18986626190088707,3.004724266253396,3.194590528154283,0.4333538093043275,0.446683047443462,0.4353680361033302,0.0,0.0,0.0,"['No_Alpha_Tier', 'Expert_pullback']",['Hard_Risk_Cap_Zero'],2018-01-02,shrink_only,87.0,,
2018-02-23,v2_relative_alpha_calibrated_experts_sensitivity,trend,-3.5118430204653808,2.9974323014629136,-0.5144107190024672,0.11084026923132469,0.21999999999999997,0.22889766953962254,0.0,0.0,0.0,"['No_Alpha_Tier', 'Expert_trend']",['Hard_Risk_Cap_Zero'],2018-01-02,shrink_only,87.0,,
2018-02-26,v2_relative_alpha_calibrated_experts_sensitivity,trend,-3.0016645336122916,2.993085376494924,-0.008579157117367606,0.14228721616803336,0.21999999999999997,0.2542193701416125,0.0,0.0,0.0,"['No_Alpha_Tier', 'Expert_trend']",['Hard_Risk_Cap_Zero'],2018-01-02,shrink_only,87.0,,
2018-02-27,v2_relative_alpha_calibrated_experts_sensitivity,trend,-4.417733513970489,2.991201047334424,-1.426532466636065,0.07703126470135618,0.21999999999999997,0.1894819677007742,0.0,0.0,0.0,"['No_Alpha_Tier', 'Expert_trend']",['Hard_Risk_Cap_Zero'],2018-01-02,shrink_only,87.0,,
2018-02-28,v2_relative_alpha_calibrated_experts_sensitivity,pullback,-1.5835163331575315,2.99003733202023,1.4065209988626985,0.30509493928700004,0.3440759514296,0.35101735138499846,0.0,0.0,0.0,"['No_Alpha_Tier', 'Expert_pullback']",['Hard_Risk_Cap_Zero'],2018-01-02,shrink_only,87.0,,
2018-03-01,v2_relative_alpha_calibrated_experts_sensitivity,pullback,-0.794896235506821,2.988239199079329,2.193342963572508,0.3911237048413219,0.4128989638730575,0.4137322874493927,0.0,0.0,0.0,"['No_Alpha_Tier', 'Expert_pullback']",['Hard_Risk_Cap_Zero'],2018-01-30,shrink_only,106.0,,
2018-03-02,v2_relative_alpha_calibrated_experts_sensitivity,pullback,-2.448454213771357,2.9844497913670054,0.5359955775956483,0.24403492793590953,0.2952279423487276,0.3178230431848853,0.0,0.0,0.0,"['No_Alpha_Tier', 'Expert_pullback']",['Hard_Risk_Cap_Zero'],2018-01-30,shrink_only,106.0,,
2018-03-05,v2_relative_alpha_calibrated_experts_sensitivity,trend,-4.8717318837676755,2.9851649287693895,-1.886566954998286,0.057901266068174466,0.21999999999999997,0.1967006355467894,0.0,0.0,0.0,"['No_Alpha_Tier', 'Expert_trend']",['Hard_Risk_Cap_Zero'],2018-01-30,shrink_only,106.0,,
2018-03-06,v2_relative_alpha_calibrated_experts_sensitivity,trend,-5.395609370695271,2.9899966852418016,-2.4056126854534696,0.09349439458871109,0.21999999999999997,0.17818942216378114,0.0,4.0,0.0,"['No_Alpha_Tier', 'Expert_trend']","['Liquidity_Below_45_Penalty', 'Coverage_Below_80_Cap']",2018-01-30,shrink_only,106.0,,
2018-03-07,v2_relative_alpha_calibrated_experts_sensitivity,trend,-5.424274736964973,2.9964384568016387,-2.427836280163335,0.07404136097120675,0.21999999999999997,0.17683833735115786,0.0,4.0,0.0,"['No_Alpha_Tier', 'Expert_trend']","['Liquidity_Below_45_Penalty', 'Coverage_Below_80_Cap']",2018-01-30,shrink_only,106.0,,
2018-03-08,v2_relative_alpha_calibrated_experts_sensitivity,trend,-4.966770557821684,3.0006956617472964,-1.966074896074388,0.0856727011799526,0.21999999999999997,0.1917890276864636,0.0,4.0,0.0,"['No_Alpha_Tier', 'Expert_trend']","['Liquidity_Below_45_Penalty', 'Coverage_Below_80_Cap']",2018-01-30,shrink_only,106.0,,
2018-03-09,v2_relative_alpha_calibrated_experts_sensitivity,trend,-6.029401080412595,3.0064445019563575,-3.0229565784562373,0.03787253796763698,0.21999999999999997,0.13220322886989552,0.0,4.0,0.0,"['No_Alpha_Tier', 'Expert_trend']","['Liquidity_Below_45_Penalty', 'Coverage_Below_80_Cap']",2018-01-30,shrink_only,106.0,,
2018-03-12,v2_relative_alpha_calibrated_experts_sensitivity,trend,-7.496092047178619,3.017832783811264,-4.478259263367355,0.011169018720218629,0.21999999999999997,0.09428409671999416,0.0,4.0,0.0,"['No_Alpha_Tier', 'Expert_trend']","['Liquidity_Below_45_Penalty', 'Coverage_Below_80_Cap']",2018-01-30,shrink_only,106.0,,
2018-03-13,v2_relative_alpha_calibrated_experts_sensitivity,trend,-4.743016677526518,3.031020990654781,-1.7119956868717368,0.04499900200279721,0.21999999999999997,0.17662466213748265,0.0,4.0,0.0,"['No_Alpha_Tier', 'Expert_trend']","['Liquidity_Below_45_Penalty', 'Coverage_Below_80_Cap']",2018-01-30,shrink_only,106.0,,
2018-03-14,v2_relative_alpha_calibrated_experts_sensitivity,trend,-4.717200440989757,3.0424105969456425,-1.6747898440441147,0.04801255948837273,0.21999999999999997,0.1816863905325444,0.0,4.0,0.0,"['No_Alpha_Tier', 'Expert_trend']","['Liquidity_Below_45_Penalty', 'Coverage_Below_80_Cap']",2018-01-30,shrink_only,106.0,,
2018-03-15,v2_relative_alpha_calibrated_experts_sensitivity,trend,-3.1356530311649062,3.053369483332852,-0.08228354783205404,0.14180763080468667,0.21999999999999997,0.26094053619694646,0.0,0.0,0.0,"['No_Alpha_Tier', 'Expert_trend']",['Hard_Risk_Cap_Zero'],2018-01-30,shrink_only,106.0,,
2018-03-16,v2_relative_alpha_calibrated_experts_sensitivity,trend,-3.0381690419761234,3.063898108691116,0.025729066714992935,0.14701908769017602,0.21999999999999997,0.2718595222441377,0.0,0.0,0.0,"['No_Alpha_Tier', 'Expert_trend']",['Hard_Risk_Cap_Zero'],2018-01-30,shrink_only,106.0,,
2018-03-19,v2_relative_alpha_calibrated_experts_sensitivity,pullback,-3.48739276749423,3.0732297968663196,-0.4141629706279105,0.13889536845696912,0.21999999999999997,0.2653103913630229,0.0,0.0,0.0,"['No_Alpha_Tier', 'Expert_pullback']",['Hard_Risk_Cap_Zero'],2018-01-30,shrink_only,106.0,,
2018-03-20,v2_relative_alpha_calibrated_experts_sensitivity,pullback,-3.4234767364389738,3.0805955578889375,-0.3428811785500363,0.1390173000465657,0.21999999999999997,0.26469635627530363,0.0,0.0,0.0,"['No_Alpha_Tier', 'Expert_pullback']",['Hard_Risk_Cap_Zero'],2018-01-30,shrink_only,106.0,,
2018-03-21,v2_relative_alpha_calibrated_experts_sensitivity,pullback,-2.167864978979217,3.0864148778855736,0.9185498989063567,0.252981331917588,0.3023850655340704,0.3246811740890688,0.0,4.0,0.0,"['No_Alpha_Tier', 'Expert_pullback']","['Liquidity_Below_45_Penalty', 'Coverage_Below_80_Cap']",2018-01-30,shrink_only,106.0,,
2018-03-22,v2_relative_alpha_calibrated_experts_sensitivity,pullback,-2.387116476897204,3.0894862751305547,0.7023697982333506,0.2487335729033721,0.29898685832269767,0.3232877867746289,0.0,0.0,0.0,"['No_Alpha_Tier', 'Expert_pullback']",['Hard_Risk_Cap_Zero'],2018-01-30,shrink_only,106.0,,
2018-03-23,v2_relative_alpha_calibrated_experts_sensitivity,pullback,-2.1862285354624795,3.088902562863246,0.9026740274007662,0.29218612982514414,0.3337489038601153,0.3332886302294197,0.0,0.0,0.0,"['No_Alpha_Tier', 'Expert_pullback']",['Hard_Risk_Cap_Zero'],2018-01-30,shrink_only,106.0,,
2018-03-26,v2_relative_alpha_calibrated_experts_sensitivity,pullback,-4.491575699199335,3.085737620391765,-1.4058380788075702,0.13793478358047412,0.21999999999999997,0.22506578947368422,0.0,0.0,0.0,"['No_Alpha_Tier', 'Expert_pullback']",['Hard_Risk_Cap_Zero'],2018-01-30,shrink_only,106.0,,
2018-03-27,v2_relative_alpha_calibrated_experts_sensitivity,pullback,-1.8391194373731954,3.0898522242421156,1.2507327868689202,0.30110853164853585,0.34088682531882863,0.3492805330634278,0.0,0.0,0.0,"['No_Alpha_Tier', 'Expert_pullback']",['Hard_Risk_Cap_Zero'],2018-01-30,shrink_only,106.0,,
2018-03-28,v2_relative_alpha_calibrated_experts_sensitivity,pullback,-1.1885679842305172,3.091526585861515,1.9029586016309976,0.362624632260607,0.3900997058084856,0.38538461538461544,0.0,0.0,0.0,"['No_Alpha_Tier', 'Expert_pullback']",['Hard_Risk_Cap_Zero'],2018-01-30,shrink_only,106.0,,
2018-03-29,v2_relative_alpha_calibrated_experts_sensitivity,pullback,-0.93959932666197,3.0911641477965253,2.151564821134555,0.34404303613903775,0.3752344289112302,0.3912339743589744,0.0,0.0,0.0,"['No_Alpha_Tier', 'Expert_pullback']",['Hard_Risk_Cap_Zero'],2018-01-30,shrink_only,106.0,,
2018-04-02,v2_relative_alpha_calibrated_experts_sensitivity,pullback,1.2818478719631836,3.0903299540988733,4.372177826062057,0.6549619619958057,0.6239695695966445,0.5364391471997604,0.0,0.0,0.0,"['No_Alpha_Tier', 'Expert_pullback']",['Hard_Risk_Cap_Zero'],2018-03-01,shrink_only,127.0,,
2018-04-03,v2_relative_alpha_calibrated_experts_sensitivity,pullback,-0.48822922697551424,3.0890282531786535,2.6007990262031395,0.4559344891103556,0.46474759128828447,0.44004801212938005,0.0,0.0,0.0,"['No_Alpha_Tier', 'Expert_pullback']",['Hard_Risk_Cap_Zero'],2018-03-01,shrink_only,127.0,,
2018-04-04,v2_relative_alpha_calibrated_experts_sensitivity,pullback,-1.137379351692624,3.090106869949678,1.9527275182570538,0.3922537662950282,0.4138030130360225,0.41306060946391143,0.0,0.0,0.0,"['No_Alpha_Tier', 'Expert_pullback']",['Hard_Risk_Cap_Zero'],2018-03-01,shrink_only,127.0,,
2018-04-05,v2_relative_alpha_calibrated_experts_sensitivity,pullback,-0.4252891280536778,3.0919132583203672,2.666624130266689,0.4689625247658898,0.47517001981271184,0.4467505241090147,0.0,0.0,0.0,"['No_Alpha_Tier', 'Expert_pullback']",['Hard_Risk_Cap_Zero'],2018-03-01,shrink_only,127.0,,
2018-04-06,v2_relative_alpha_calibrated_experts_sensitivity,pullback,1.2163939523429181,3.094037957966747,4.310431910309665,0.694065106988313,0.6552520855906504,0.5605055780173704,0.0,2.0,0.0,"['No_Alpha_Tier', 'Expert_pullback']","['Risk_Above_55_Penalty', 'Coverage_Below_80_Cap', 'Weak_Regime_Cap', 'VIX_Backwardation_Cap']",2018-03-01,shrink_only,127.0,,
2018-04-09,v2_relative_alpha_calibrated_experts_sensitivity,pullback,1.3176167563149568,3.091128705089376,4.408745461404333,0.6532192875115634,0.6225754300092508,0.5409867288110214,0.0,0.0,0.0,"['No_Alpha_Tier', 'Expert_pullback']",['Hard_Risk_Cap_Zero'],2018-03-01,shrink_only,127.0,,
2018-04-10,v2_relative_alpha_calibrated_experts_sensitivity,pullback,-0.9895642610184663,3.088413129979396,2.09884886896093,0.38350220292271936,0.4068017623381755,0.3849721099131477,0.0,0.0,0.0,"['No_Alpha_Tier', 'Expert_pullback']",['Hard_Risk_Cap_Zero'],2018-03-01,shrink_only,127.0,,
2018-04-11,v2_relative_alpha_calibrated_experts_sensitivity,pullback,-0.496093806839278,3.0859504255284436,2.589856618689166,0.4373561310390419,0.44988490483123356,0.4366314764899671,0.0,0.0,0.0,"['No_Alpha_Tier', 'Expert_pullback']",['Hard_Risk_Cap_Zero'],2018-03-01,shrink_only,127.0,,
2018-04-12,v2_relative_alpha_calibrated_experts_sensitivity,pullback,-1.2800227591628206,3.0805075732415785,1.800484814078758,0.333159021829347,0.3665272174634776,0.37628874663072776,0.0,0.0,0.0,"['No_Alpha_Tier', 'Expert_pullback']",['Hard_Risk_Cap_Zero'],2018-03-01,shrink_only,127.0,,
2018-04-13,v2_relative_alpha_calibrated_experts_sensitivity,pullback,0.9395973920223961,3.0775375610073077,4.017134953029704,0.5387627545091213,0.531010203607297,0.49440092467804736,0.0,0.0,0.0,"['No_Alpha_Tier', 'Expert_pullback']",['Hard_Risk_Cap_Zero'],2018-03-01,shrink_only,127.0,,
2018-04-16,v2_relative_alpha_calibrated_experts_sensitivity,pullback,0.2019459102248575,3.07139782733998,3.273343737564837,0.4526997277779584,0.46215978222236676,0.45033973495058405,0.0,0.0,0.0,"['No_Alpha_Tier', 'Expert_pullback']",['Hard_Risk_Cap_Zero'],2018-03-01,shrink_only,127.0,,
2018-04-17,v2_relative_alpha_calibrated_experts_sensitivity,pullback,-2.2744202622387166,3.067435930319621,0.7930156680809042,0.21829698932206903,0.2746375914576552,0.30638383498053307,0.0,0.0,0.0,"['No_Alpha_Tier', 'Expert_pullback']",['Hard_Risk_Cap_Zero'],2018-03-01,shrink_only,127.0,,
2018-04-18,v2_relative_alpha_calibrated_experts_sensitivity,pullback,-1.865711534566037,3.0680782706329635,1.2023667360669263,0.2525893007880179,0.3020714406304143,0.32455684710991317,0.0,0.0,0.0,"['No_Alpha_Tier', 'Expert_pullback']",['Hard_Risk_Cap_Zero'],2018-03-01,shrink_only,127.0,,
2018-04-19,v2_relative_alpha_calibrated_experts_sensitivity,pullback,-1.4565258405390211,3.067453641232507,1.610927800693486,0.3108248053730565,0.3486598442984452,0.3574620020964361,0.0,0.0,0.0,"['No_Alpha_Tier', 'Expert_pullback']",['Hard_Risk_Cap_Zero'],2018-03-01,shrink_only,127.0,,
2018-04-20,v2_relative_alpha_calibrated_experts_sensitivity,pullback,-0.5765657938936416,3.064908202690944,2.4883424087973025,0.411246957791258,0.42899756623300644,0.4248390236597784,0.0,0.0,0.0,"['No_Alpha_Tier', 'Expert_pullback']",['Hard_Risk_Cap_Zero'],2018-03-01,shrink_only,127.0,,
2018-04-23,v2_relative_alpha_calibrated_experts_sensitivity,pullback,-1.0781190158463696,3.062402904982351,1.9842838891359813,0.3850391002671967,0.40803128021375734,0.4034572476789458,0.0,0.0,0.0,"['No_Alpha_Tier', 'Expert_pullback']",['Hard_Risk_Cap_Zero'],2018-03-01,shrink_only,127.0,,
2018-04-24,v2_relative_alpha_calibrated_experts_sensitivity,pullback,-0.8024932674410189,3.0601832812040493,2.2576900137630305,0.4303814699946261,0.4443051759957009,0.42064474767894583,0.0,0.0,0.0,"['No_Alpha_Tier', 'Expert_pullback']",['Hard_Risk_Cap_Zero'],2018-03-01,shrink_only,127.0,,
2018-04-25,v2_relative_alpha_calibrated_experts_sensitivity,pullback,-1.060823933715601,3.0508947000498403,1.9900707663342392,0.3897696879745522,0.41181575037964174,0.4100970537586104,0.0,0.0,0.0,"['No_Alpha_Tier', 'Expert_pullback']",['Hard_Risk_Cap_Zero'],2018-03-01,shrink_only,127.0,,
2018-04-26,v2_relative_alpha_calibrated_experts_sensitivity,pullback,-2.617296592620142,3.045973995036275,0.4286774024161333,0.23582527457492355,0.2886602196599388,0.3131560721772986,0.0,0.0,0.0,"['No_Alpha_Tier', 'Expert_pullback']",['Hard_Risk_Cap_Zero'],2018-03-01,shrink_only,127.0,,
2018-04-27,v2_relative_alpha_calibrated_experts_sensitivity,pullback,-1.8862199909269468,3.0460820910671544,1.1598621001402076,0.2813608083906487,0.3250886467125189,0.34233256588799044,0.0,0.0,0.0,"['No_Alpha_Tier', 'Expert_pullback']",['Hard_Risk_Cap_Zero'],2018-03-01,shrink_only,127.0,,
2018-04-30,v2_relative_alpha_calibrated_experts_sensitivity,pullback,-1.3390387243385056,3.0468669121425713,1.7078281878040658,0.32203871731045663,0.3576309738483653,0.37323534366576827,0.0,0.0,0.0,"['No_Alpha_Tier', 'Expert_pullback']",['Hard_Risk_Cap_Zero'],2018-03-01,shrink_only,127.0,,
2018-05-01,v2_relative_alpha_calibrated_experts_sensitivity,pullback,-2.899044934821502,3.046647583852574,0.14760264903107173,0.17876686493583482,0.24301349194866784,0.2863827035537562,0.0,0.0,0.0,"['No_Alpha_Tier', 'Expert_pullback']",['Hard_Risk_Cap_Zero'],2018-04-02,shrink_only,148.0,,
2018-05-02,v2_relative_alpha_calibrated_experts_sensitivity,pullback,-3.7631649143198707,3.0458189252996126,-0.7173459890202581,0.1300261259814715,0.21999999999999997,0.24677237966711651,0.0,0.0,0.0,"['No_Alpha_Tier', 'Expert_pullback']",['Hard_Risk_Cap_Zero'],2018-04-02,shrink_only,148.0,,
2018-05-03,v2_relative_alpha_calibrated_experts_sensitivity,pullback,-3.2346311789922573,3.045860869374238,-0.18877030961801933,0.15682598739312809,0.22546078991450247,0.26981219073324336,0.0,0.0,0.0,"['No_Alpha_Tier', 'Expert_pullback']",['Hard_Risk_Cap_Zero'],2018-04-02,shrink_only,148.0,,
2018-05-04,v2_relative_alpha_calibrated_experts_sensitivity,pullback,-4.602154972745241,3.0451431534278117,-1.5570118193174296,0.11319394923565029,0.21999999999999997,0.20485248912880494,0.0,0.0,0.0,"['No_Alpha_Tier', 'Expert_pullback']",['Hard_Risk_Cap_Zero'],2018-04-02,shrink_only,148.0,,
2018-05-07,v2_relative_alpha_calibrated_experts_sensitivity,pullback,-6.163931359717862,3.050667054010768,-3.113264305707095,0.054082784277624724,0.21999999999999997,0.14300513570250412,0.0,0.0,0.0,"['No_Alpha_Tier', 'Expert_pullback']",['Hard_Risk_Cap_Zero'],2018-04-02,shrink_only,148.0,,
2018-05-08,v2_relative_alpha_calibrated_experts_sensitivity,pullback,-5.567131188143276,3.0589392224315106,-2.5081919657117657,0.05994539506601919,0.21999999999999997,0.16056117858749439,0.0,0.0,0.0,"['No_Alpha_Tier', 'Expert_pullback']",['Hard_Risk_Cap_Zero'],2018-04-02,shrink_only,148.0,,
2018-05-09,v2_relative_alpha_calibrated_experts_sensitivity,pullback,-5.517106401137159,3.0642396830750327,-2.4528667180621264,0.05834221025159076,0.21999999999999997,0.16779802069275754,0.0,0.0,0.0,"['No_Alpha_Tier', 'Expert_pullback']",['Hard_Risk_Cap_Zero'],2018-04-02,shrink_only,148.0,,
2018-05-10,v2_relative_alpha_calibrated_experts_sensitivity,pullback,-6.336244686547941,3.071644138495138,-3.2646005480528033,0.03945733994975698,0.21999999999999997,0.13466243064927275,0.0,0.0,0.0,"['No_Alpha_Tier', 'Expert_pullback']",['Hard_Risk_Cap_Zero'],2018-04-02,shrink_only,148.0,,
2018-05-11,v2_relative_alpha_calibrated_experts_sensitivity,pullback,-5.825496335154249,3.0777061939125576,-2.7477901412416914,0.04352745577178273,0.21999999999999997,0.1604408457040036,0.0,0.0,0.0,"['No_Alpha_Tier', 'Expert_pullback']",['Hard_Risk_Cap_Zero'],2018-04-02,shrink_only,148.0,,
2018-05-14,v2_relative_alpha_calibrated_experts_sensitivity,pullback,-5.0363960255491325,3.082778155601999,-1.9536178699471336,0.07818144497439647,0.21999999999999997,0.19862441895336633,0.0,0.0,0.0,"['No_Alpha_Tier', 'Expert_pullback']",['Hard_Risk_Cap_Zero'],2018-04-02,shrink_only,148.0,,
2018-05-15,v2_relative_alpha_calibrated_experts_sensitivity,pullback,-4.4254504925498495,3.0851017114213675,-1.3403487811284822,0.10536295780061034,0.21999999999999997,0.22780045733993104,0.0,0.0,0.0,"['No_Alpha_Tier', 'Expert_pullback']",['Hard_Risk_Cap_Zero'],2018-04-02,shrink_only,148.0,,
2018-05-16,v2_relative_alpha_calibrated_experts_sensitivity,pullback,-5.098881115106429,3.0833863361977834,-2.0154947789086455,0.0808542549242677,0.21999999999999997,0.19599415204678367,0.0,0.0,0.0,"['No_Alpha_Tier', 'Expert_pullback']",['Hard_Risk_Cap_Zero'],2018-04-02,shrink_only,148.0,,
2018-05-17,v2_relative_alpha_calibrated_experts_sensitivity,pullback,-5.2662442933656,3.0826279672171544,-2.183616326148445,0.07169706319597581,0.21999999999999997,0.1877948343079922,0.0,0.0,0.0,"['No_Alpha_Tier', 'Expert_pullback']",['Hard_Risk_Cap_Zero'],2018-04-02,shrink_only,148.0,,
2018-05-18,v2_relative_alpha_calibrated_experts_sensitivity,pullback,-4.615732401043145,3.0821137646285557,-1.533618636414589,0.09404337605867943,0.21999999999999997,0.22144624381466488,0.0,0.0,0.0,"['No_Alpha_Tier', 'Expert_pullback']",['Hard_Risk_Cap_Zero'],2018-04-02,shrink_only,148.0,,
2018-05-21,v2_relative_alpha_calibrated_experts_sensitivity,pullback,-4.774119010510655,3.0821658626883166,-1.6919531478223386,0.08832326966240833,0.21999999999999997,0.21354475933423306,0.0,0.0,0.0,"['No_Alpha_Tier', 'Expert_pullback']",['Hard_Risk_Cap_Zero'],2018-04-02,shrink_only,148.0,,
2018-05-22,v2_relative_alpha_calibrated_experts_sensitivity,pullback,-3.738806330377416,3.0820546909850046,-0.6567516393924111,0.14867729086547365,0.21999999999999997,0.2685168316089369,0.0,0.0,0.0,"['No_Alpha_Tier', 'Expert_pullback']",['Hard_Risk_Cap_Zero'],2018-04-02,shrink_only,148.0,,
2018-05-23,v2_relative_alpha_calibrated_experts_sensitivity,pullback,-5.297678580327819,3.0825301096020454,-2.2151484707257736,0.07265817918630488,0.21999999999999997,0.192647885739991,0.0,0.0,0.0,"['No_Alpha_Tier', 'Expert_pullback']",['Hard_Risk_Cap_Zero'],2018-04-02,shrink_only,148.0,,
2018-05-24,v2_relative_alpha_calibrated_experts_sensitivity,pullback,-5.515067310181996,3.083699052673943,-2.4313682575080526,0.06304835729998522,0.21999999999999997,0.18600127455390614,0.0,0.0,0.0,"['No_Alpha_Tier', 'Expert_pullback']",['Hard_Risk_Cap_Zero'],2018-04-02,shrink_only,148.0,,
2018-05-25,v2_relative_alpha_calibrated_experts_sensitivity,pullback,-6.203306587724265,3.082033849477603,-3.1212727382466623,0.038774792330142235,0.21999999999999997,0.16219391962813015,0.0,0.0,0.0,"['No_Alpha_Tier', 'Expert_pullback']",['Hard_Risk_Cap_Zero'],2018-04-02,shrink_only,148.0,,
2018-05-29,v2_relative_alpha_calibrated_experts_sensitivity,pullback,-6.108921171161986,3.080797521488225,-3.0281236496737614,0.03723329479405989,0.21999999999999997,0.15783363322837007,0.0,0.0,0.0,"['No_Alpha_Tier', 'Expert_pullback']",['Hard_Risk_Cap_Zero'],2018-04-02,shrink_only,148.0,,
2018-05-30,v2_relative_alpha_calibrated_experts_sensitivity,pullback,-5.800780331455616,3.078574975948193,-2.7222053555074233,0.054666138323755754,0.21999999999999997,0.1701698155645524,0.0,0.0,0.0,"['No_Alpha_Tier', 'Expert_pullback']",['Hard_Risk_Cap_Zero'],2018-04-02,shrink_only,148.0,,
2018-05-31,v2_relative_alpha_calibrated_experts_sensitivity,pullback,-5.959467864609936,3.076448229846011,-2.883019634763925,0.05496557667389335,0.21999999999999997,0.16485248912880493,0.0,0.0,0.0,"['No_Alpha_Tier', 'Expert_pullback']",['Hard_Risk_Cap_Zero'],2018-04-02,shrink_only,148.0,,
2018-06-01,v2_relative_alpha_calibrated_experts_sensitivity,trend,-5.768358112496022,3.0748577960704826,-2.69350031642554,0.027065666084567924,0.21999999999999997,0.1587197969082914,0.0,0.0,0.0,"['No_Alpha_Tier', 'Expert_trend']",['Hard_Risk_Cap_Zero'],2018-05-02,shrink_only,170.0,,
2018-06-04,v2_relative_alpha_calibrated_experts_sensitivity,trend,-5.757053832850115,3.0768971332869723,-2.6801566995631423,0.02686455465992226,0.21999999999999997,0.1485576559831966,0.0,0.0,0.0,"['No_Alpha_Tier', 'Expert_trend']",['Hard_Risk_Cap_Zero'],2018-05-02,shrink_only,170.0,,
2018-06-05,v2_relative_alpha_calibrated_experts_sensitivity,trend,-5.323256833051607,3.0773420869574832,-2.2459147460941242,0.041273382318483716,0.21999999999999997,0.15853393172854618,0.0,0.0,0.0,"['No_Alpha_Tier', 'Expert_trend']",['Hard_Risk_Cap_Zero'],2018-05-02,shrink_only,170.0,,
2018-06-06,v2_relative_alpha_calibrated_experts_sensitivity,trend,-6.324291930176196,3.0770794414187814,-3.2472124887574143,0.017297789544663048,0.21999999999999997,0.1355501155990752,0.0,0.0,0.0,"['No_Alpha_Tier', 'Expert_trend']",['Hard_Risk_Cap_Zero'],2018-05-02,shrink_only,170.0,,
2018-06-07,v2_relative_alpha_calibrated_experts_sensitivity,trend,-6.074157849677858,3.0771971942779843,-2.996960655399874,0.020330423610160266,0.21999999999999997,0.14096211674751047,0.0,0.0,0.0,"['No_Alpha_Tier', 'Expert_trend']",['Hard_Risk_Cap_Zero'],2018-05-02,shrink_only,170.0,,
2018-06-08,v2_relative_alpha_calibrated_experts_sensitivity,trend,-6.037924065831699,3.074804970633041,-2.9631190951986577,0.024006503686721862,0.21999999999999997,0.1543285431494326,0.0,0.0,0.0,"['No_Alpha_Tier', 'Expert_trend']",['Hard_Risk_Cap_Zero'],2018-05-02,shrink_only,170.0,,
2018-06-11,v2_relative_alpha_calibrated_experts_sensitivity,trend,-6.232874719049916,3.0727203146504274,-3.1601544043994885,0.01793055115868716,0.21999999999999997,0.13863653535216164,0.0,0.0,0.0,"['No_Alpha_Tier', 'Expert_trend']",['Hard_Risk_Cap_Zero'],2018-05-02,shrink_only,170.0,,
2018-06-12,v2_relative_alpha_calibrated_experts_sensitivity,trend,-7.245003915690251,3.0702695633829697,-4.174734352307281,0.010610747359533332,0.21999999999999997,0.1154694984662345,0.0,0.0,0.0,"['No_Alpha_Tier', 'Expert_trend']",['Hard_Risk_Cap_Zero'],2018-05-02,shrink_only,170.0,,
2018-06-13,v2_relative_alpha_calibrated_experts_sensitivity,trend,-7.417614389833189,3.0685320202705046,-4.349082369562685,0.010654400299597815,0.21999999999999997,0.11457870559257749,0.0,0.0,0.0,"['No_Alpha_Tier', 'Expert_trend']",['Hard_Risk_Cap_Zero'],2018-05-02,shrink_only,170.0,,
2018-06-14,v2_relative_alpha_calibrated_experts_sensitivity,trend,-7.497125928918136,3.0698960601124465,-4.427229868805689,0.011685260495461208,0.21999999999999997,0.11149228583949106,0.0,0.0,0.0,"['No_Alpha_Tier', 'Expert_trend']",['Hard_Risk_Cap_Zero'],2018-05-02,shrink_only,170.0,,
2018-06-15,v2_relative_alpha_calibrated_experts_sensitivity,trend,-6.122841397788595,3.0713033677622916,-3.051538030026303,0.020368649452519528,0.21999999999999997,0.13890853317617902,0.0,0.0,0.0,"['No_Alpha_Tier', 'Expert_trend']",['Hard_Risk_Cap_Zero'],2018-05-02,shrink_only,170.0,,
2018-06-18,v2_relative_alpha_calibrated_experts_sensitivity,trend,-6.717513898954926,3.073969483657807,-3.643544415297119,0.014459793446979315,0.21999999999999997,0.12346699004185743,0.0,0.0,0.0,"['No_Alpha_Tier', 'Expert_trend']",['Hard_Risk_Cap_Zero'],2018-05-02,shrink_only,170.0,,
2018-06-19,v2_relative_alpha_calibrated_experts_sensitivity,trend,-7.8799085433827045,3.0778977484422576,-4.802010794940448,0.01,0.21999999999999997,0.1068411230487934,0.0,0.0,0.0,"['No_Alpha_Tier', 'Expert_trend']",['Hard_Risk_Cap_Zero'],2018-05-02,shrink_only,170.0,,
2018-06-20,v2_relative_alpha_calibrated_experts_sensitivity,trend,-7.336744638947053,3.0821476405920727,-4.25459699835498,0.010180402947643486,0.21999999999999997,0.10967707813893045,0.0,0.0,0.0,"['No_Alpha_Tier', 'Expert_trend']",['Hard_Risk_Cap_Zero'],2018-05-02,shrink_only,170.0,,
2018-06-21,v2_relative_alpha_calibrated_experts_sensitivity,trend,-8.061919544571898,3.307214685575974,-4.754704858995924,0.01,0.21999999999999997,0.10297233177690134,0.0,0.0,0.0,"['No_Alpha_Tier', 'Expert_trend']",['Hard_Risk_Cap_Zero'],2018-05-02,shrink_only,170.0,,
2018-06-22,v2_relative_alpha_calibrated_experts_sensitivity,trend,-7.261373462904574,3.3075720960929673,-3.953801366811607,0.01426321187085297,0.21999999999999997,0.11381786723483989,0.0,0.0,0.0,"['No_Alpha_Tier', 'Expert_trend']",['Hard_Risk_Cap_Zero'],2018-05-02,shrink_only,170.0,,
2018-06-25,v2_relative_alpha_calibrated_experts_sensitivity,pullback,-5.818141268687987,5.468047032308067,-0.3500942363799206,0.051500806497845074,0.21999999999999997,0.12540466779597215,0.0,0.0,0.0,"['No_Alpha_Tier', 'Expert_pullback']",['Hard_Risk_Cap_Zero'],2018-05-02,shrink_only,170.0,,
2018-06-26,v2_relative_alpha_calibrated_experts_sensitivity,pullback,-6.443431007820792,3.307811702152103,-3.1356193056686887,0.042159724532971114,0.21999999999999997,0.11506211180124223,0.0,0.0,0.0,"['No_Alpha_Tier', 'Expert_pullback']",['Hard_Risk_Cap_Zero'],2018-05-02,shrink_only,170.0,,
2018-06-27,v2_relative_alpha_calibrated_experts_sensitivity,pullback,-6.160515983632001,5.468047032308067,-0.6924689513239337,0.04495205993281403,0.21999999999999997,0.11341520798042537,0.0,0.0,0.0,"['No_Alpha_Tier', 'Expert_pullback']",['Hard_Risk_Cap_Zero'],2018-05-02,shrink_only,170.0,,
2018-06-28,v2_relative_alpha_calibrated_experts_sensitivity,pullback,-6.261369823155846,5.468047032308067,-0.7933227908477793,0.04729303008030262,0.21999999999999997,0.11631375870506305,0.0,0.0,0.0,"['No_Alpha_Tier', 'Expert_pullback']",['Hard_Risk_Cap_Zero'],2018-05-02,shrink_only,170.0,,
2018-06-29,v2_relative_alpha_calibrated_experts_sensitivity,pullback,-6.670770501964149,5.468047032308067,-1.202723469656082,0.037775945648191304,0.21999999999999997,0.10585591944287596,0.0,0.0,0.0,"['No_Alpha_Tier', 'Expert_pullback']",['Hard_Risk_Cap_Zero'],2018-05-02,shrink_only,170.0,,
2018-07-02,v2_relative_alpha_calibrated_experts_sensitivity,pullback,-5.6949513640698415,3.3060706979675003,-2.3888806661023416,0.0647741405115692,0.21999999999999997,0.12923896499238965,0.0,0.0,0.0,"['No_Alpha_Tier', 'Expert_pullback']",['Hard_Risk_Cap_Zero'],2018-06-01,shrink_only,191.0,,
2018-07-03,v2_relative_alpha_calibrated_experts_sensitivity,pullback,-4.729744848393757,5.468047032308067,0.7383021839143091,0.08657731757428505,0.21999999999999997,0.1326103500761035,0.0,0.0,0.0,"['No_Alpha_Tier', 'Expert_pullback']",['Hard_Risk_Cap_Zero'],2018-06-01,shrink_only,191.0,,
2018-07-05,v2_relative_alpha_calibrated_experts_sensitivity,pullback,-4.943065534574374,3.305106415677359,-1.637959118897015,0.06729288028488697,0.21999999999999997,0.12883561643835617,0.0,0.0,0.0,"['No_Alpha_Tier', 'Expert_pullback']",['Hard_Risk_Cap_Zero'],2018-06-01,shrink_only,191.0,,
2018-07-06,v2_relative_alpha_calibrated_experts_sensitivity,trend,-5.7731858344424,3.3046378006614807,-2.46854803378092,0.04179661463166471,0.21999999999999997,0.13783973101709163,0.0,0.0,0.0,"['No_Alpha_Tier', 'Expert_trend']",['Hard_Risk_Cap_Zero'],2018-06-01,shrink_only,191.0,,
2018-07-09,v2_relative_alpha_calibrated_experts_sensitivity,trend,-6.637967407850902,3.3042846145358946,-3.333682793315007,0.028489526176922637,0.21999999999999997,0.12208952087419446,0.0,0.0,0.0,"['No_Alpha_Tier', 'Expert_trend']",['Hard_Risk_Cap_Zero'],2018-06-01,shrink_only,191.0,,
2018-07-10,v2_relative_alpha_calibrated_experts_sensitivity,trend,-7.290150964848465,3.304100333189318,-3.9860506316591464,0.018693705755237374,0.21999999999999997,0.10993275427290558,0.0,0.0,0.0,"['No_Alpha_Tier', 'Expert_trend']",['Hard_Risk_Cap_Zero'],2018-06-01,shrink_only,191.0,,
2018-07-11,v2_relative_alpha_calibrated_experts_sensitivity,trend,-5.508496477742801,3.3037741719110136,-2.2047223058317877,0.04417835934381422,0.21999999999999997,0.1474327542729056,0.0,0.0,0.0,"['No_Alpha_Tier', 'Expert_trend']",['Hard_Risk_Cap_Zero'],2018-06-01,shrink_only,191.0,,
2018-07-12,v2_relative_alpha_calibrated_experts_sensitivity,trend,-6.10551153138632,3.303374378576393,-2.802137152809927,0.03306211104842553,0.21999999999999997,0.13807789296721773,0.0,0.0,0.0,"['No_Alpha_Tier', 'Expert_trend']",['Hard_Risk_Cap_Zero'],2018-06-01,shrink_only,191.0,,
2018-07-13,v2_relative_alpha_calibrated_experts_sensitivity,trend,-6.088014859205971,3.303172876295772,-2.7848419829101987,0.03119334923982076,0.21999999999999997,0.13609554497058,0.0,0.0,0.0,"['No_Alpha_Tier', 'Expert_trend']",['Hard_Risk_Cap_Zero'],2018-06-01,shrink_only,191.0,,
2018-07-16,v2_relative_alpha_calibrated_experts_sensitivity,trend,-6.127823246914598,3.302832862125882,-2.824990384788717,0.02853868512923854,0.21999999999999997,0.1297001961333707,0.0,0.0,0.0,"['No_Alpha_Tier', 'Expert_trend']",['Hard_Risk_Cap_Zero'],2018-06-01,shrink_only,191.0,,
2018-07-17,v2_relative_alpha_calibrated_experts_sensitivity,trend,-6.632281197437161,3.3023446738997015,-3.329936523537459,0.023678210201635512,0.21999999999999997,0.11894438217988232,0.0,0.0,0.0,"['No_Alpha_Tier', 'Expert_trend']",['Hard_Risk_Cap_Zero'],2018-06-01,shrink_only,191.0,,
2018-07-18,v2_relative_alpha_calibrated_experts_sensitivity,trend,-6.0038530406096395,3.3020336178284317,-2.701819422781208,0.03205730674292914,0.21999999999999997,0.13318856822639397,0.0,0.0,0.0,"['No_Alpha_Tier', 'Expert_trend']",['Hard_Risk_Cap_Zero'],2018-06-01,shrink_only,191.0,,
2018-07-19,v2_relative_alpha_calibrated_experts_sensitivity,trend,-6.708335525156695,3.3017016711879372,-3.4066338539687573,0.01879248603925037,0.21999999999999997,0.1191545250770524,0.0,0.0,0.0,"['No_Alpha_Tier', 'Expert_trend']",['Hard_Risk_Cap_Zero'],2018-06-01,shrink_only,191.0,,
2018-07-20,v2_relative_alpha_calibrated_experts_sensitivity,trend,-6.442362992817964,3.3010892921803703,-3.1412737006375937,0.019973275764392204,0.21999999999999997,0.12821868870832165,0.0,0.0,0.0,"['No_Alpha_Tier', 'Expert_trend']",['Hard_Risk_Cap_Zero'],2018-06-01,shrink_only,191.0,,
2018-07-23,v2_relative_alpha_calibrated_experts_sensitivity,trend,-5.586251491728393,3.300969377521164,-2.2852821142072295,0.03605583730226048,0.21999999999999997,0.14851499019333148,0.0,0.0,0.0,"['No_Alpha_Tier', 'Expert_trend']",['Hard_Risk_Cap_Zero'],2018-06-01,shrink_only,191.0,,
2018-07-24,v2_relative_alpha_calibrated_experts_sensitivity,trend,-5.852577792614611,3.301352974304403,-2.5512248183102084,0.02835318638543746,0.21999999999999997,0.1418814794059961,0.0,0.0,0.0,"['No_Alpha_Tier', 'Expert_trend']",['Hard_Risk_Cap_Zero'],2018-06-01,shrink_only,191.0,,
2018-07-25,v2_relative_alpha_calibrated_experts_sensitivity,trend,-7.37216033507421,3.3009662083307014,-4.071194126743508,0.011591282519335671,0.21999999999999997,0.1049908938077893,0.0,0.0,0.0,"['No_Alpha_Tier', 'Expert_trend']",['Hard_Risk_Cap_Zero'],2018-06-01,shrink_only,191.0,,
2018-07-26,v2_relative_alpha_calibrated_experts_sensitivity,trend,-4.9933970303042505,3.304053261233244,-1.6893437690710063,0.05740052919804578,0.21999999999999997,0.1711088540207341,0.0,0.0,0.0,"['No_Alpha_Tier', 'Expert_trend']",['Hard_Risk_Cap_Zero'],2018-06-01,shrink_only,191.0,,
2018-07-27,v2_relative_alpha_calibrated_experts_sensitivity,pullback,-2.66242905357365,3.304053261233244,0.641624207659594,0.22720952556160137,0.28176762044928105,0.28082952815829537,0.0,0.0,0.0,"['No_Alpha_Tier', 'Expert_pullback']",['Hard_Risk_Cap_Zero'],2018-06-01,shrink_only,191.0,,
2018-07-30,v2_relative_alpha_calibrated_experts_sensitivity,pullback,-1.3855074439305668,5.49095746976157,4.105450025831003,0.35765596416572637,0.3861247713325811,0.3867503805175039,0.0,0.0,0.0,"['No_Alpha_Tier', 'Expert_pullback']",['Hard_Risk_Cap_Zero'],2018-06-01,shrink_only,191.0,,
2018-07-31,v2_relative_alpha_calibrated_experts_sensitivity,pullback,-0.7856604680609468,5.485826130726772,4.700165662665825,0.42319237110140456,0.4385538968811237,0.4349315068493151,0.0,1.0,0.0,"['No_Alpha_Tier', 'Expert_pullback']","['Risk_Above_55_Penalty', 'Liquidity_Below_45_Penalty', 'Coverage_Below_80_Cap']",2018-06-01,shrink_only,191.0,,
2018-08-01,v2_relative_alpha_calibrated_experts_sensitivity,pullback,-1.9387750147506315,5.486052844963459,3.5472778302128276,0.2888200035221223,0.3310560028176978,0.33421834061135375,0.0,1.0,0.0,"['No_Alpha_Tier', 'Expert_pullback']","['Risk_Above_55_Penalty', 'Liquidity_Below_45_Penalty', 'Coverage_Below_80_Cap']",2018-07-02,shrink_only,212.0,,
2018-08-02,v2_relative_alpha_calibrated_experts_sensitivity,trend,-2.961844094119897,3.30462757136906,0.3427834772491631,0.16238728184270024,0.22990982547416017,0.28233672073480554,0.0,1.0,0.0,"['No_Alpha_Tier', 'Expert_trend']","['Risk_Above_55_Penalty', 'Liquidity_Below_45_Penalty', 'Coverage_Below_80_Cap']",2018-07-02,shrink_only,212.0,,
2018-08-03,v2_relative_alpha_calibrated_experts_sensitivity,trend,-2.8335743287315944,3.306265227046875,0.47269089831528044,0.18244767491251046,0.24595813993000837,0.288874535860856,0.0,1.0,0.0,"['No_Alpha_Tier', 'Expert_trend']","['Risk_Above_55_Penalty', 'Liquidity_Below_45_Penalty', 'Coverage_Below_80_Cap']",2018-07-02,shrink_only,212.0,,
2018-08-06,v2_relative_alpha_calibrated_experts_sensitivity,trend,-3.1568291388879004,3.3071053740650496,0.15027623517714916,0.15013440245930987,0.22010752196744787,0.27743756107094,0.0,1.0,0.0,"['No_Alpha_Tier', 'Expert_trend']","['Risk_Above_55_Penalty', 'Liquidity_Below_45_Penalty', 'Coverage_Below_80_Cap']",2018-07-02,shrink_only,212.0,,
2018-08-07,v2_relative_alpha_calibrated_experts_sensitivity,trend,-2.642992979691427,3.307747410312425,0.6647544306209976,0.17613273162702742,0.24090618530162194,0.2916136408051593,0.0,1.0,0.0,"['No_Alpha_Tier', 'Expert_trend']","['Risk_Above_55_Penalty', 'Liquidity_Below_45_Penalty', 'Coverage_Below_80_Cap']",2018-07-02,shrink_only,212.0,,
2018-08-08,v2_relative_alpha_calibrated_experts_sensitivity,trend,-2.9324633295571823,3.3085725509346493,0.3761092213774669,0.16121342143279324,0.22897073714623462,0.28034473324213405,0.0,1.0,0.0,"['No_Alpha_Tier', 'Expert_trend']","['Risk_Above_55_Penalty', 'Liquidity_Below_45_Penalty', 'Coverage_Below_80_Cap']",2018-07-02,shrink_only,212.0,,
2018-08-09,v2_relative_alpha_calibrated_experts_sensitivity,trend,-3.3572388001660776,3.309797501940298,-0.04744129822577964,0.12636789848290422,0.21999999999999997,0.24731356263435605,0.0,1.0,0.0,"['No_Alpha_Tier', 'Expert_trend']","['Risk_Above_55_Penalty', 'Liquidity_Below_45_Penalty', 'Coverage_Below_80_Cap']",2018-07-02,shrink_only,212.0,,
2018-08-10,v2_relative_alpha_calibrated_experts_sensitivity,trend,-3.014775587938732,3.3098997865418776,0.2951241986031455,0.14836902429299645,0.21999999999999997,0.26007865937072505,0.0,1.0,0.0,"['No_Alpha_Tier', 'Expert_trend']","['Risk_Above_55_Penalty', 'Liquidity_Below_45_Penalty', 'Coverage_Below_80_Cap']",2018-07-02,shrink_only,212.0,,
2018-08-13,v2_relative_alpha_calibrated_experts_sensitivity,trend,-3.5172581187941074,3.3094707818373768,-0.20778733695673082,0.11561699942237352,0.21999999999999997,0.24150244283760017,0.0,1.0,0.0,"['No_Alpha_Tier', 'Expert_trend']","['Risk_Above_55_Penalty', 'Liquidity_Below_45_Penalty', 'Coverage_Below_80_Cap']",2018-07-02,shrink_only,212.0,,
2018-08-14,v2_relative_alpha_calibrated_experts_sensitivity,trend,-3.341754136848482,3.309122718548743,-0.032631418299738923,0.12652844365672056,0.21999999999999997,0.2505568692593316,0.0,1.0,0.0,"['No_Alpha_Tier', 'Expert_trend']","['Risk_Above_55_Penalty', 'Liquidity_Below_45_Penalty', 'Coverage_Below_80_Cap']",2018-07-02,shrink_only,212.0,,
2018-08-15,v2_relative_alpha_calibrated_experts_sensitivity,trend,-2.4297820512311215,3.3087866919932756,0.879004640762154,0.19601914788607883,0.25681531830886306,0.3041934727379324,0.0,1.0,0.0,"['No_Alpha_Tier', 'Expert_trend']","['Risk_Above_55_Penalty', 'Liquidity_Below_45_Penalty', 'Coverage_Below_80_Cap']",2018-07-02,shrink_only,212.0,,
2018-08-16,v2_relative_alpha_calibrated_experts_sensitivity,trend,-2.34881909265977,3.307807820505064,0.9589887278452943,0.1980163611348053,0.2584130889078442,0.30762204416650385,0.0,1.0,0.0,"['No_Alpha_Tier', 'Expert_trend']","['Risk_Above_55_Penalty', 'Liquidity_Below_45_Penalty', 'Coverage_Below_80_Cap']",2018-07-02,shrink_only,212.0,,
2018-08-17,v2_relative_alpha_calibrated_experts_sensitivity,trend,-2.2239167555529287,3.30734245137966,1.0834256958267314,0.20322292125538663,0.2625783370043093,0.3081266367011921,0.0,0.0,0.0,"['No_Alpha_Tier', 'Expert_trend']",['Hard_Risk_Cap_Zero'],2018-07-02,shrink_only,212.0,,
2018-08-20,v2_relative_alpha_calibrated_experts_sensitivity,trend,-2.946307328649645,3.306905593363446,0.3605982647138014,0.1545796030030568,0.22366368240244544,0.2545868673050616,0.0,0.0,0.0,"['No_Alpha_Tier', 'Expert_trend']",['Hard_Risk_Cap_Zero'],2018-07-02,shrink_only,212.0,,
2018-08-21,v2_relative_alpha_calibrated_experts_sensitivity,trend,-3.1184278406088835,3.306218745294621,0.18779090468573728,0.1399370994212918,0.21999999999999997,0.2443639828024233,0.0,0.0,0.0,"['No_Alpha_Tier', 'Expert_trend']",['Hard_Risk_Cap_Zero'],2018-07-02,shrink_only,212.0,,
2018-08-22,v2_relative_alpha_calibrated_experts_sensitivity,trend,-2.428664047593599,3.3055058666237356,0.8768418190301365,0.18593943245285185,0.24875154596228144,0.28200381082665626,0.0,0.0,0.0,"['No_Alpha_Tier', 'Expert_trend']",['Hard_Risk_Cap_Zero'],2018-07-02,shrink_only,212.0,,
2018-08-23,v2_relative_alpha_calibrated_experts_sensitivity,trend,-1.8210740995890695,3.304183422189798,1.4831093226007281,0.23851762818917507,0.2908141025513401,0.3325139730310729,0.0,0.0,0.0,"['No_Alpha_Tier', 'Expert_trend']",['Hard_Risk_Cap_Zero'],2018-07-02,shrink_only,212.0,,
2018-08-24,v2_relative_alpha_calibrated_experts_sensitivity,trend,-3.0378574547325337,3.3037089915998865,0.26585153686735297,0.14979918208322435,0.21999999999999997,0.25741958178620283,0.0,0.0,0.0,"['No_Alpha_Tier', 'Expert_trend']",['Hard_Risk_Cap_Zero'],2018-07-02,shrink_only,212.0,,
2018-08-27,v2_relative_alpha_calibrated_experts_sensitivity,trend,-3.250146075578877,3.304655704006084,0.0545096284272073,0.14166204823534373,0.21999999999999997,0.2440246238030096,0.0,0.0,0.0,"['No_Alpha_Tier', 'Expert_trend']",['Hard_Risk_Cap_Zero'],2018-07-02,shrink_only,212.0,,
2018-08-28,v2_relative_alpha_calibrated_experts_sensitivity,trend,-3.7103320745924426,3.304655704006084,-0.40567637058635875,0.11829523723849177,0.21999999999999997,0.22693296853625175,0.0,0.0,0.0,"['No_Alpha_Tier', 'Expert_trend']",['Hard_Risk_Cap_Zero'],2018-07-02,shrink_only,212.0,,
2018-08-29,v2_relative_alpha_calibrated_experts_sensitivity,trend,-4.269579492952986,3.304655704006084,-0.9649237889469018,0.09611199564576244,0.21999999999999997,0.19297820988860662,0.0,0.0,0.0,"['No_Alpha_Tier', 'Expert_trend']",['Hard_Risk_Cap_Zero'],2018-07-02,shrink_only,212.0,,
2018-08-30,v2_relative_alpha_calibrated_experts_sensitivity,trend,-4.254297127978196,3.304655704006084,-0.9496414239721119,0.09988258229864716,0.21999999999999997,0.20110064490912646,0.0,0.0,0.0,"['No_Alpha_Tier', 'Expert_trend']",['Hard_Risk_Cap_Zero'],2018-07-02,shrink_only,212.0,,
2018-08-31,v2_relative_alpha_calibrated_experts_sensitivity,trend,-4.191470920412901,3.306270852482132,-0.8852000679307692,0.0970710719398762,0.21999999999999997,0.19591938635919484,0.0,0.0,0.0,"['No_Alpha_Tier', 'Expert_trend']",['Hard_Risk_Cap_Zero'],2018-07-02,shrink_only,212.0,,
2018-09-04,v2_relative_alpha_calibrated_experts_sensitivity,trend,-3.0439034750427685,3.3077703723192005,0.2638668972764321,0.18184644312229825,0.24547715449783858,0.2729911285907504,0.0,0.0,0.0,"['No_Alpha_Tier', 'Expert_trend']",['Hard_Risk_Cap_Zero'],2018-08-03,shrink_only,235.0,,
2018-09-05,v2_relative_alpha_calibrated_experts_sensitivity,trend,-1.9735656567057565,3.308627061812741,1.3350614051069847,0.2787161107582221,0.3229728886065777,0.3629198580484402,0.0,0.0,0.0,"['No_Alpha_Tier', 'Expert_trend']",['Hard_Risk_Cap_Zero'],2018-08-03,shrink_only,235.0,,
2018-09-06,v2_relative_alpha_calibrated_experts_sensitivity,pullback,-0.952926351737627,3.30844995417232,2.3555236024346926,0.3618709985159543,0.38949679881276345,0.36464105469152336,0.0,0.0,0.0,"['No_Alpha_Tier', 'Expert_pullback']",['Hard_Risk_Cap_Zero'],2018-08-03,shrink_only,235.0,,
2018-09-07,v2_relative_alpha_calibrated_experts_sensitivity,pullback,-0.5856400732112274,5.509722342545518,4.924082269334291,0.3970159608033613,0.41761276864268904,0.3889409597051991,0.0,0.0,0.0,"['No_Alpha_Tier', 'Expert_pullback']",['Hard_Risk_Cap_Zero'],2018-08-03,shrink_only,235.0,,
2018-09-10,v2_relative_alpha_calibrated_experts_sensitivity,pullback,-1.114154070227122,3.3066543679152787,2.1925002976881567,0.33348617439680184,0.36678893951744146,0.36067280072326935,0.0,0.0,0.0,"['No_Alpha_Tier', 'Expert_pullback']",['Hard_Risk_Cap_Zero'],2018-08-03,shrink_only,235.0,,
2018-09-11,v2_relative_alpha_calibrated_experts_sensitivity,trend,-0.24972304757162828,3.3063321511594945,3.0566091035878666,0.4696195919470132,0.47569567355761055,0.45709985911484174,0.0,0.0,0.0,"['No_Alpha_Tier', 'Expert_trend']",['Hard_Risk_Cap_Zero'],2018-08-03,shrink_only,235.0,,
2018-09-12,v2_relative_alpha_calibrated_experts_sensitivity,pullback,-1.465289083546244,3.306549891096329,1.841260807550085,0.3086692324306768,0.34693538594454143,0.3414054542749568,0.0,0.0,0.0,"['No_Alpha_Tier', 'Expert_pullback']",['Hard_Risk_Cap_Zero'],2018-08-03,shrink_only,235.0,,
2018-09-13,v2_relative_alpha_calibrated_experts_sensitivity,trend,-0.8555790414111561,3.3062029537602053,2.450623912349049,0.3783233909350613,0.40265871274804904,0.42399876537739734,0.0,0.0,0.0,"['No_Alpha_Tier', 'Expert_trend']",['Hard_Risk_Cap_Zero'],2018-08-03,shrink_only,235.0,,
2018-09-14,v2_relative_alpha_calibrated_experts_sensitivity,trend,-0.13507507757265855,3.307271470506056,3.172196392933398,0.4724832745434792,0.4779866196347834,0.45396552106105453,0.0,0.0,0.0,"['No_Alpha_Tier', 'Expert_trend']",['Hard_Risk_Cap_Zero'],2018-08-03,shrink_only,235.0,,
2018-09-17,v2_relative_alpha_calibrated_experts_sensitivity,pullback,-1.204426555619375,3.307951474604988,2.103524918985613,0.39883136378607165,0.4190650910288573,0.40229512136505646,0.0,0.0,0.0,"['No_Alpha_Tier', 'Expert_pullback']",['Hard_Risk_Cap_Zero'],2018-08-03,shrink_only,235.0,,
2018-09-18,v2_relative_alpha_calibrated_experts_sensitivity,pullback,-2.1619472994227427,3.3069607271092782,1.1450134276865354,0.26621480504520806,0.3129718440361664,0.3274848079101864,0.0,0.0,0.0,"['No_Alpha_Tier', 'Expert_pullback']",['Hard_Risk_Cap_Zero'],2018-08-03,shrink_only,235.0,,
2018-09-19,v2_relative_alpha_calibrated_experts_sensitivity,pullback,-2.630852941351942,3.30715170857235,0.6762987672204078,0.2364107704134703,0.28912861633077624,0.29395349103351986,0.0,0.0,0.0,"['No_Alpha_Tier', 'Expert_pullback']",['Hard_Risk_Cap_Zero'],2018-08-03,shrink_only,235.0,,
2018-09-20,v2_relative_alpha_calibrated_experts_sensitivity,trend,-1.7728462715164934,3.3072122446938814,1.534365973177388,0.25536726949374877,0.304293815594999,0.32507218862389897,0.0,0.0,0.0,"['No_Alpha_Tier', 'Expert_trend']",['Hard_Risk_Cap_Zero'],2018-08-03,shrink_only,235.0,,
2018-09-21,v2_relative_alpha_calibrated_experts_sensitivity,trend,-1.278149720786265,3.3093184889480396,2.0311687681617747,0.3097493597382409,0.3477994877905927,0.3642781682075668,0.0,0.0,0.0,"['No_Alpha_Tier', 'Expert_trend']",['Hard_Risk_Cap_Zero'],2018-08-03,shrink_only,235.0,,
2018-09-24,v2_relative_alpha_calibrated_experts_sensitivity,trend,-1.122663890779611,3.3095663760260483,2.1869024852464376,0.3173822323094146,0.35390578584753163,0.381172887717683,0.0,0.0,0.0,"['No_Alpha_Tier', 'Expert_trend']",['Hard_Risk_Cap_Zero'],2018-08-03,shrink_only,235.0,,
2018-09-25,v2_relative_alpha_calibrated_experts_sensitivity,trend,-1.330416535309368,3.309419264722181,1.9790027294128134,0.30186846157994385,0.34149476926395506,0.3598443879869118,0.0,0.0,0.0,"['No_Alpha_Tier', 'Expert_trend']","['Risk_Above_55_Penalty', 'Liquidity_Below_45_Penalty', 'Coverage_Below_80_Cap']",2018-08-03,shrink_only,235.0,,
2018-09-26,v2_relative_alpha_calibrated_experts_sensitivity,trend,-1.0990162799224172,3.3087417318902057,2.2097254519677887,0.32648042574739655,0.36118434059791726,0.382354162082517,0.0,0.0,0.0,"['No_Alpha_Tier', 'Expert_trend']","['Risk_Above_55_Penalty', 'Liquidity_Below_45_Penalty', 'Coverage_Below_80_Cap']",2018-08-03,shrink_only,235.0,,
2018-09-27,v2_relative_alpha_calibrated_experts_sensitivity,trend,-2.281070979907957,3.3093278235251877,1.0282568436172306,0.2056763236259201,0.2645410589007361,0.2978583634792025,0.0,0.0,0.0,"['No_Alpha_Tier', 'Expert_trend']","['Risk_Above_55_Penalty', 'Liquidity_Below_45_Penalty', 'Coverage_Below_80_Cap']",2018-08-03,shrink_only,235.0,,
2018-09-28,v2_relative_alpha_calibrated_experts_sensitivity,trend,-1.5460408186174224,3.308425344312629,1.7623845256952062,0.26691729581930507,0.31353383665544404,0.352332809645076,0.0,0.0,0.0,"['No_Alpha_Tier', 'Expert_trend']",['Hard_Risk_Cap_Zero'],2018-08-03,shrink_only,235.0,,
2018-10-01,v2_relative_alpha_calibrated_experts_sensitivity,trend,-1.3970964482620325,3.3154626589885114,1.9183662107264787,0.2850176342346016,0.6176862507571169,0.3561523791369388,0.0,0.0,0.0,"['No_Alpha_Tier', 'Expert_trend']",['Hard_Risk_Cap_Zero'],2018-08-30,oos_isotonic,254.0,0.2041249543980954,0.05506519739659074
2018-10-02,v2_relative_alpha_calibrated_experts_sensitivity,trend,-0.17848999769010185,3.3163525176769495,3.1378625199868475,0.3958084317857619,0.6176862507571169,0.4402424886081005,0.0,0.0,0.0,"['No_Alpha_Tier', 'Expert_trend']","['Risk_Above_55_Penalty', 'Liquidity_Below_45_Penalty', 'Coverage_Below_80_Cap']",2018-08-30,oos_isotonic,254.0,0.2041249543980954,0.05506519739659074
2018-10-03,v2_relative_alpha_calibrated_experts_sensitivity,trend,0.14757319379845804,3.3176913830913106,3.4652645768897683,0.4281387805684584,0.6176862507571169,0.465024753553728,0.0,1.0,0.0,"['No_Alpha_Tier', 'Expert_trend']","['Risk_Above_55_Penalty', 'Liquidity_Below_45_Penalty', 'Coverage_Below_80_Cap']",2018-08-30,oos_isotonic,254.0,0.2041249543980954,0.05506519739659074
2018-10-04,v2_relative_alpha_calibrated_experts_sensitivity,pullback,-1.2959564756597173,3.3184754163296963,2.022518940669979,0.3401598491618607,0.6176862507571169,0.34671451355661886,0.0,0.0,0.0,"['No_Alpha_Tier', 'Expert_pullback']","['Risk_Above_55_Penalty', 'Liquidity_Below_45_Penalty', 'Coverage_Below_80_Cap']",2018-08-30,oos_isotonic,254.0,0.2041249543980954,0.05506519739659074
2018-10-05,v2_relative_alpha_calibrated_experts_sensitivity,pullback,-0.599988084002054,5.532259853800835,4.932271769798781,0.41806245506879547,0.6176862507571169,0.40196810207336525,0.0,0.0,0.0,"['No_Alpha_Tier', 'Expert_pullback']",['Hard_Risk_Cap_Zero'],2018-08-30,oos_isotonic,254.0,0.2041249543980954,0.05506519739659074
2018-10-08,v2_relative_alpha_calibrated_experts_sensitivity,pullback,-0.28201091673114576,5.520495617125895,5.238484700394749,0.43984041047243483,0.6679789511587886,0.4174385964912281,0.0,0.0,0.0,"['No_Alpha_Tier', 'Expert_pullback']",['Hard_Risk_Cap_Zero'],2018-08-30,oos_isotonic,254.0,0.2041249543980954,0.05506519739659074
2018-10-09,v2_relative_alpha_calibrated_experts_sensitivity,pullback,-1.17532115418999,5.520495617125895,4.345174462935905,0.3432870915300479,0.6176862507571169,0.3437304625199363,0.0,0.0,0.0,"['No_Alpha_Tier', 'Expert_pullback']",['Hard_Risk_Cap_Zero'],2018-08-30,oos_isotonic,254.0,0.2041249543980954,0.05506519739659074
2018-10-10,v2_relative_alpha_calibrated_experts_sensitivity,pullback,2.170431341196466,5.520495617125895,7.690926958322361,0.7019112120517432,0.78,0.5618149920255183,0.0,0.0,0.0,"['No_Alpha_Tier', 'Expert_pullback']",['Hard_Risk_Cap_Zero'],2018-08-30,oos_isotonic,254.0,0.2041249543980954,0.05506519739659074
2018-10-11,v2_relative_alpha_calibrated_experts_sensitivity,risk_off,0.0,3.0885936315318734,3.0885936315318734,0.01,0.22195975503062115,0.0,0.0,0.0,0.0,['Risk_Off_Expert'],['Hard_Risk_Cap_Zero'],2018-08-30,oos_isotonic,254.0,0.2041249543980954,0.05506519739659074
2018-10-12,v2_relative_alpha_calibrated_experts_sensitivity,pullback,0.5128999627798324,5.520495617125895,6.0333955799057275,0.518322951627022,0.6812190142898804,0.4520350877192983,0.0,0.0,0.0,"['No_Alpha_Tier', 'Expert_pullback']",['Hard_Risk_Cap_Zero'],2018-08-30,oos_isotonic,254.0,0.2041249543980954,0.05506519739659074
2018-10-15,v2_relative_alpha_calibrated_experts_sensitivity,pullback,1.1210809536847142,5.520495617125895,6.641576570810609,0.5935703221968749,0.689592605272167,0.49297448165869223,0.0,0.0,0.0,"['No_Alpha_Tier', 'Expert_pullback']",['Hard_Risk_Cap_Zero'],2018-08-30,oos_isotonic,254.0,0.2041249543980954,0.05506519739659074
2018-10-16,v2_relative_alpha_calibrated_experts_sensitivity,pullback,-1.0961492374531028,5.520495617125895,4.424346379672793,0.3211072213091197,0.6176862507571169,0.3431355661881978,0.0,0.0,0.0,"['No_Alpha_Tier', 'Expert_pullback']",['Hard_Risk_Cap_Zero'],2018-08-30,oos_isotonic,254.0,0.2041249543980954,0.05506519739659074
2018-10-17,v2_relative_alpha_calibrated_experts_sensitivity,pullback,0.140574743112787,5.520495617125895,5.661070360238682,0.45911387533520204,0.6812190142898804,0.4260047846889953,0.0,0.0,0.0,"['No_Alpha_Tier', 'Expert_pullback']",['Hard_Risk_Cap_Zero'],2018-08-30,oos_isotonic,254.0,0.2041249543980954,0.05506519739659074
2018-10-18,v2_relative_alpha_calibrated_experts_sensitivity,pullback,2.271125706514656,5.520495617125895,7.791621323640552,0.7310190602386076,0.78,0.5675964912280702,0.0,0.0,0.0,"['No_Alpha_Tier', 'Expert_pullback']",['Hard_Risk_Cap_Zero'],2018-08-30,oos_isotonic,254.0,0.2041249543980954,0.05506519739659074
2018-10-19,v2_relative_alpha_calibrated_experts_sensitivity,pullback,0.9798562783509833,5.520495617125895,6.500351895476879,0.5813085869106485,0.689592605272167,0.48607017543859654,0.0,0.0,0.0,"['No_Alpha_Tier', 'Expert_pullback']",['Hard_Risk_Cap_Zero'],2018-08-30,oos_isotonic,254.0,0.2041249543980954,0.05506519739659074
2018-10-22,v2_relative_alpha_calibrated_experts_sensitivity,pullback,-0.6024158307193803,5.520495617125895,4.9180797864065156,0.44411108588198045,0.6812190142898804,0.41295693779904313,0.0,0.0,0.0,"['No_Alpha_Tier', 'Expert_pullback']",['Hard_Risk_Cap_Zero'],2018-08-30,oos_isotonic,254.0,0.2041249543980954,0.05506519739659074
2018-10-23,v2_relative_alpha_calibrated_experts_sensitivity,pullback,-1.0183244915820109,5.520495617125895,4.502171125543884,0.38503055659593516,0.6176862507571169,0.3764561403508772,0.0,0.0,0.0,"['No_Alpha_Tier', 'Expert_pullback']",['Hard_Risk_Cap_Zero'],2018-08-30,oos_isotonic,254.0,0.2041249543980954,0.05506519739659074
2018-10-24,v2_relative_alpha_calibrated_experts_sensitivity,risk_off,0.0,6.878745752833335,6.878745752833335,0.01,0.22195975503062115,0.0,0.0,0.0,0.0,['Risk_Off_Expert'],['Hard_Risk_Cap_Zero'],2018-08-30,oos_isotonic,254.0,0.2041249543980954,0.05506519739659074
2018-10-25,v2_relative_alpha_calibrated_experts_sensitivity,risk_off,0.0,5.175303797079367,5.175303797079367,0.01,0.22195975503062115,0.0,0.0,0.0,0.0,['Risk_Off_Expert'],['Hard_Risk_Cap_Zero'],2018-08-30,oos_isotonic,254.0,0.2041249543980954,0.05506519739659074
2018-10-26,v2_relative_alpha_calibrated_experts_sensitivity,risk_off,0.0,6.878745752833335,6.878745752833335,0.01,0.22195975503062115,0.0,0.0,0.0,0.0,['Risk_Off_Expert'],['Hard_Risk_Cap_Zero'],2018-08-30,oos_isotonic,254.0,0.2041249543980954,0.05506519739659074
2018-10-29,v2_relative_alpha_calibrated_experts_sensitivity,risk_off,0.0,6.878745752833335,6.878745752833335,0.01,0.22195975503062115,0.0,0.0,0.0,0.0,['Risk_Off_Expert'],['Hard_Risk_Cap_Zero'],2018-08-30,oos_isotonic,254.0,0.2041249543980954,0.05506519739659074
2018-10-30,v2_relative_alpha_calibrated_experts_sensitivity,risk_off,0.0,6.878745752833335,6.878745752833335,0.01,0.22195975503062115,0.0,0.0,0.0,0.0,['Risk_Off_Expert'],['Hard_Risk_Cap_Zero'],2018-08-30,oos_isotonic,254.0,0.2041249543980954,0.05506519739659074
2018-10-31,v2_relative_alpha_calibrated_experts_sensitivity,risk_off,0.0,5.175303797079367,5.175303797079367,0.01,0.22195975503062115,0.0,0.0,0.0,0.0,['Risk_Off_Expert'],['Hard_Risk_Cap_Zero'],2018-08-30,oos_isotonic,254.0,0.2041249543980954,0.05506519739659074
2018-11-01,v2_relative_alpha_calibrated_experts_sensitivity,pullback,0.9612330265835219,5.009720681212696,5.970953707796218,0.5834141295692619,0.6799874431015539,0.5088662356916619,0.0,0.0,0.0,"['No_Alpha_Tier', 'Expert_pullback']",['Hard_Risk_Cap_Zero'],2018-10-03,oos_isotonic,277.0,0.20993480395782857,0.05168675189080149
2018-11-02,v2_relative_alpha_calibrated_experts_sensitivity,risk_off,0.0,6.878745752833335,6.878745752833335,0.01,0.21999999999999997,0.0,0.0,0.0,0.0,['Risk_Off_Expert'],['Hard_Risk_Cap_Zero'],2018-10-03,oos_isotonic,277.0,0.20993480395782857,0.05168675189080149
2018-11-05,v2_relative_alpha_calibrated_experts_sensitivity,risk_off,0.0,6.878745752833335,6.878745752833335,0.01,0.21999999999999997,0.0,0.0,0.0,0.0,['Risk_Off_Expert'],['Hard_Risk_Cap_Zero'],2018-10-03,oos_isotonic,277.0,0.20993480395782857,0.05168675189080149
2018-11-06,v2_relative_alpha_calibrated_experts_sensitivity,risk_off,0.0,5.175303797079367,5.175303797079367,0.01,0.21999999999999997,0.0,0.0,0.0,0.0,['Risk_Off_Expert'],['Hard_Risk_Cap_Zero'],2018-10-03,oos_isotonic,277.0,0.20993480395782857,0.05168675189080149
2018-11-07,v2_relative_alpha_calibrated_experts_sensitivity,pullback,0.08667896130546311,4.975507693607462,5.062186654912924,0.4893187137585897,0.6716138521192673,0.4484233150096753,0.0,0.0,0.0,"['No_Alpha_Tier', 'Expert_pullback']",['Hard_Risk_Cap_Zero'],2018-10-03,oos_isotonic,277.0,0.20993480395782857,0.05168675189080149
2018-11-08,v2_relative_alpha_calibrated_experts_sensitivity,pullback,-1.4588198992094115,4.968635486926954,3.5098155877175428,0.3769366692980597,0.5530953336007488,0.39406486767494925,0.0,0.0,0.0,"['No_Alpha_Tier', 'Expert_pullback']",['Hard_Risk_Cap_Zero'],2018-10-03,oos_isotonic,277.0,0.20993480395782857,0.05168675189080149
2018-11-09,v2_relative_alpha_calibrated_experts_sensitivity,risk_off,0.0,5.175303797079367,5.175303797079367,0.01,0.21999999999999997,0.0,0.0,0.0,0.0,['Risk_Off_Expert'],['Hard_Risk_Cap_Zero'],2018-10-03,oos_isotonic,277.0,0.20993480395782857,0.05168675189080149
2018-11-12,v2_relative_alpha_calibrated_experts_sensitivity,risk_off,0.0,6.878745752833335,6.878745752833335,0.01,0.21999999999999997,0.0,0.0,0.0,0.0,['Risk_Off_Expert'],['Hard_Risk_Cap_Zero'],2018-10-03,oos_isotonic,277.0,0.20993480395782857,0.05168675189080149
2018-11-13,v2_relative_alpha_calibrated_experts_sensitivity,risk_off,0.0,6.878745752833335,6.878745752833335,0.01,0.21999999999999997,0.0,0.0,0.0,0.0,['Risk_Off_Expert'],['Hard_Risk_Cap_Zero'],2018-10-03,oos_isotonic,277.0,0.20993480395782857,0.05168675189080149
2018-11-14,v2_relative_alpha_calibrated_experts_sensitivity,risk_off,0.0,6.878745752833335,6.878745752833335,0.01,0.21999999999999997,0.0,0.0,0.0,0.0,['Risk_Off_Expert'],['Hard_Risk_Cap_Zero'],2018-10-03,oos_isotonic,277.0,0.20993480395782857,0.05168675189080149
2018-11-15,v2_relative_alpha_calibrated_experts_sensitivity,risk_off,0.0,6.878745752833335,6.878745752833335,0.01,0.21999999999999997,0.0,0.0,0.0,0.0,['Risk_Off_Expert'],['Hard_Risk_Cap_Zero'],2018-10-03,oos_isotonic,277.0,0.20993480395782857,0.05168675189080149
2018-11-16,v2_relative_alpha_calibrated_experts_sensitivity,risk_off,0.0,6.878745752833335,6.878745752833335,0.01,0.21999999999999997,0.0,0.0,0.0,0.0,['Risk_Off_Expert'],['Hard_Risk_Cap_Zero'],2018-10-03,oos_isotonic,277.0,0.20993480395782857,0.05168675189080149
2018-11-19,v2_relative_alpha_calibrated_experts_sensitivity,risk_off,0.0,6.878745752833335,6.878745752833335,0.01,0.21999999999999997,0.0,0.0,0.0,0.0,['Risk_Off_Expert'],['Hard_Risk_Cap_Zero'],2018-10-03,oos_isotonic,277.0,0.20993480395782857,0.05168675189080149
2018-11-20,v2_relative_alpha_calibrated_experts_sensitivity,risk_off,0.0,6.878745752833335,6.878745752833335,0.01,0.21999999999999997,0.0,0.0,0.0,0.0,['Risk_Off_Expert'],['Hard_Risk_Cap_Zero'],2018-10-03,oos_isotonic,277.0,0.20993480395782857,0.05168675189080149
2018-11-21,v2_relative_alpha_calibrated_experts_sensitivity,risk_off,0.0,6.878745752833335,6.878745752833335,0.01,0.21999999999999997,0.0,0.0,0.0,0.0,['Risk_Off_Expert'],['Hard_Risk_Cap_Zero'],2018-10-03,oos_isotonic,277.0,0.20993480395782857,0.05168675189080149
2018-11-23,v2_relative_alpha_calibrated_experts_sensitivity,risk_off,0.0,6.789254287673407,6.789254287673407,0.01,0.21999999999999997,0.0,0.0,0.0,0.0,['Risk_Off_Expert'],['Hard_Risk_Cap_Zero'],2018-10-03,oos_isotonic,277.0,0.20993480395782857,0.05168675189080149
2018-11-26,v2_relative_alpha_calibrated_experts_sensitivity,risk_off,0.0,6.789254287673407,6.789254287673407,0.01,0.21999999999999997,0.0,0.0,0.0,0.0,['Risk_Off_Expert'],['Hard_Risk_Cap_Zero'],2018-10-03,oos_isotonic,277.0,0.20993480395782857,0.05168675189080149
2018-11-27,v2_relative_alpha_calibrated_experts_sensitivity,risk_off,0.0,6.71306678583149,6.71306678583149,0.01,0.21999999999999997,0.0,0.0,0.0,0.0,['Risk_Off_Expert'],['Hard_Risk_Cap_Zero'],2018-10-03,oos_isotonic,277.0,0.20993480395782857,0.05168675189080149
2018-11-28,v2_relative_alpha_calibrated_experts_sensitivity,risk_off,0.0,6.669938256766994,6.669938256766994,0.01,0.21999999999999997,0.0,0.0,0.0,0.0,['Risk_Off_Expert'],['Hard_Risk_Cap_Zero'],2018-10-03,oos_isotonic,277.0,0.20993480395782857,0.05168675189080149
2018-11-29,v2_relative_alpha_calibrated_experts_sensitivity,risk_off,0.0,6.647510820963504,6.647510820963504,0.01,0.21999999999999997,0.0,0.0,0.0,0.0,['Risk_Off_Expert'],['Hard_Risk_Cap_Zero'],2018-10-03,oos_isotonic,277.0,0.20993480395782857,0.05168675189080149
2018-11-30,v2_relative_alpha_calibrated_experts_sensitivity,risk_off,0.0,6.647510820963504,6.647510820963504,0.01,0.21999999999999997,0.0,0.0,0.0,0.0,['Risk_Off_Expert'],['Hard_Risk_Cap_Zero'],2018-10-03,oos_isotonic,277.0,0.20993480395782857,0.05168675189080149
2018-12-03,v2_relative_alpha_calibrated_experts_sensitivity,pullback,-1.767631617149044,4.899457320072422,3.131825702923377,0.4096585321754955,0.47998249197548876,0.4154416005767845,0.0,0.0,0.0,"['No_Alpha_Tier', 'Expert_pullback']",['Hard_Risk_Cap_Zero'],2018-11-01,oos_isotonic,298.0,0.21214482019836597,0.06287647754067856
2018-12-04,v2_relative_alpha_calibrated_experts_sensitivity,risk_off,0.0,6.626774611942363,6.626774611942363,0.01,0.21999999999999997,0.0,0.0,0.0,0.0,['Risk_Off_Expert'],['Hard_Risk_Cap_Zero'],2018-11-01,oos_isotonic,298.0,0.21214482019836597,0.06287647754067856
2018-12-06,v2_relative_alpha_calibrated_experts_sensitivity,risk_off,0.0,6.563801450806013,6.563801450806013,0.01,0.21999999999999997,0.0,0.0,0.0,0.0,['Risk_Off_Expert'],['Hard_Risk_Cap_Zero'],2018-11-01,oos_isotonic,298.0,0.21214482019836597,0.06287647754067856
2018-12-07,v2_relative_alpha_calibrated_experts_sensitivity,risk_off,0.0,6.563801450806013,6.563801450806013,0.01,0.21999999999999997,0.0,0.0,0.0,0.0,['Risk_Off_Expert'],['Hard_Risk_Cap_Zero'],2018-11-01,oos_isotonic,298.0,0.21214482019836597,0.06287647754067856
2018-12-10,v2_relative_alpha_calibrated_experts_sensitivity,risk_off,0.0,6.563801450806013,6.563801450806013,0.01,0.21999999999999997,0.0,0.0,0.0,0.0,['Risk_Off_Expert'],['Hard_Risk_Cap_Zero'],2018-11-01,oos_isotonic,298.0,0.21214482019836597,0.06287647754067856
2018-12-11,v2_relative_alpha_calibrated_experts_sensitivity,risk_off,0.0,6.563801450806013,6.563801450806013,0.01,0.21999999999999997,0.0,0.0,0.0,0.0,['Risk_Off_Expert'],['Hard_Risk_Cap_Zero'],2018-11-01,oos_isotonic,298.0,0.21214482019836597,0.06287647754067856
2018-12-12,v2_relative_alpha_calibrated_experts_sensitivity,risk_off,0.0,6.563801450806013,6.563801450806013,0.01,0.21999999999999997,0.0,0.0,0.0,0.0,['Risk_Off_Expert'],['Hard_Risk_Cap_Zero'],2018-11-01,oos_isotonic,298.0,0.21214482019836597,0.06287647754067856
2018-12-13,v2_relative_alpha_calibrated_experts_sensitivity,risk_off,0.0,6.51649686158699,6.51649686158699,0.01,0.21999999999999997,0.0,0.0,0.0,0.0,['Risk_Off_Expert'],['Hard_Risk_Cap_Zero'],2018-11-01,oos_isotonic,298.0,0.21214482019836597,0.06287647754067856
2018-12-14,v2_relative_alpha_calibrated_experts_sensitivity,risk_off,0.0,6.470372476578124,6.470372476578124,0.01,0.21999999999999997,0.0,0.0,0.0,0.0,['Risk_Off_Expert'],['Hard_Risk_Cap_Zero'],2018-11-01,oos_isotonic,298.0,0.21214482019836597,0.06287647754067856
2018-12-17,v2_relative_alpha_calibrated_experts_sensitivity,risk_off,0.0,6.407390514334904,6.407390514334904,0.01,0.21999999999999997,0.0,0.0,0.0,0.0,['Risk_Off_Expert'],['Hard_Risk_Cap_Zero'],2018-11-01,oos_isotonic,298.0,0.21214482019836597,0.06287647754067856
2018-12-18,v2_relative_alpha_calibrated_experts_sensitivity,risk_off,0.0,6.304721659294662,6.304721659294662,0.01,0.21999999999999997,0.0,0.0,0.0,0.0,['Risk_Off_Expert'],['Hard_Risk_Cap_Zero'],2018-11-01,oos_isotonic,298.0,0.21214482019836597,0.06287647754067856
2018-12-19,v2_relative_alpha_calibrated_experts_sensitivity,risk_off,0.0,6.215586647897124,6.215586647897124,0.01,0.21999999999999997,0.0,0.0,0.0,0.0,['Risk_Off_Expert'],['Hard_Risk_Cap_Zero'],2018-11-01,oos_isotonic,298.0,0.21214482019836597,0.06287647754067856
2018-12-20,v2_relative_alpha_calibrated_experts_sensitivity,risk_off,0.0,6.137731273671078,6.137731273671078,0.01,0.21999999999999997,0.0,0.0,0.0,0.0,['Risk_Off_Expert'],['Hard_Risk_Cap_Zero'],2018-11-01,oos_isotonic,298.0,0.21214482019836597,0.06287647754067856
2018-12-21,v2_relative_alpha_calibrated_experts_sensitivity,risk_off,0.0,2.4207045607919015,2.4207045607919015,0.01,0.21999999999999997,0.0,0.0,0.0,0.0,['Risk_Off_Expert'],['Hard_Risk_Cap_Zero'],2018-11-01,oos_isotonic,298.0,0.21214482019836597,0.06287647754067856
2018-12-24,v2_relative_alpha_calibrated_experts_sensitivity,risk_off,0.0,2.399494436111272,2.399494436111272,0.01,0.21999999999999997,0.0,0.0,0.0,0.0,['Risk_Off_Expert'],['Hard_Risk_Cap_Zero'],2018-11-01,oos_isotonic,298.0,0.21214482019836597,0.06287647754067856
2018-12-26,v2_relative_alpha_calibrated_experts_sensitivity,risk_off,0.0,2.378669271651402,2.378669271651402,0.01,0.21999999999999997,0.0,0.0,0.0,0.0,['Risk_Off_Expert'],['Hard_Risk_Cap_Zero'],2018-11-01,oos_isotonic,298.0,0.21214482019836597,0.06287647754067856
2018-12-27,v2_relative_alpha_calibrated_experts_sensitivity,risk_off,0.0,2.3639747143130747,2.3639747143130747,0.01,0.21999999999999997,0.0,0.0,0.0,0.0,['Risk_Off_Expert'],['Hard_Risk_Cap_Zero'],2018-11-01,oos_isotonic,298.0,0.21214482019836597,0.06287647754067856
2018-12-28,v2_relative_alpha_calibrated_experts_sensitivity,risk_off,0.0,2.34554726978021,2.34554726978021,0.01,0.21999999999999997,0.0,0.0,0.0,0.0,['Risk_Off_Expert'],['Hard_Risk_Cap_Zero'],2018-11-01,oos_isotonic,298.0,0.21214482019836597,0.06287647754067856
2018-12-31,v2_relative_alpha_calibrated_experts_sensitivity,risk_off,0.0,2.32224130005725,2.32224130005725,0.01,0.21999999999999997,0.0,0.0,0.0,0.0,['Risk_Off_Expert'],['Hard_Risk_Cap_Zero'],2018-11-01,oos_isotonic,298.0,0.21214482019836597,0.06287647754067856
2019-01-02,v2_relative_alpha_calibrated_experts_sensitivity,risk_off,0.0,2.2999249048296977,2.2999249048296977,0.01,0.21999999999999997,0.0,0.0,0.0,0.0,['Risk_Off_Expert'],['Hard_Risk_Cap_Zero'],2018-11-29,oos_isotonic,317.0,0.2121714330687241,0.07284597958425831
2019-01-03,v2_relative_alpha_calibrated_experts_sensitivity,risk_off,0.0,2.2799852610803866,2.2799852610803866,0.01,0.21999999999999997,0.0,0.0,0.0,0.0,['Risk_Off_Expert'],['Hard_Risk_Cap_Zero'],2018-11-29,oos_isotonic,317.0,0.2121714330687241,0.07284597958425831
2019-01-04,v2_relative_alpha_calibrated_experts_sensitivity,risk_off,0.0,2.2549153497453847,2.2549153497453847,0.01,0.21999999999999997,0.0,0.0,0.0,0.0,['Risk_Off_Expert'],['Hard_Risk_Cap_Zero'],2018-11-29,oos_isotonic,317.0,0.2121714330687241,0.07284597958425831
2019-01-07,v2_relative_alpha_calibrated_experts_sensitivity,risk_off,0.0,2.237850315588706,2.237850315588706,0.01,0.21999999999999997,0.0,0.0,0.0,0.0,['Risk_Off_Expert'],['Hard_Risk_Cap_Zero'],2018-11-29,oos_isotonic,317.0,0.2121714330687241,0.07284597958425831
2019-01-08,v2_relative_alpha_calibrated_experts_sensitivity,risk_off,0.0,2.2232117786811583,2.2232117786811583,0.01,0.21999999999999997,0.0,0.0,0.0,0.0,['Risk_Off_Expert'],['Hard_Risk_Cap_Zero'],2018-11-29,oos_isotonic,317.0,0.2121714330687241,0.07284597958425831
2019-01-09,v2_relative_alpha_calibrated_experts_sensitivity,risk_off,0.0,2.2148358418445104,2.2148358418445104,0.01,0.21999999999999997,0.0,0.0,0.0,0.0,['Risk_Off_Expert'],['Hard_Risk_Cap_Zero'],2018-11-29,oos_isotonic,317.0,0.2121714330687241,0.07284597958425831
2019-01-10,v2_relative_alpha_calibrated_experts_sensitivity,risk_off,0.0,2.2075571112398253,2.2075571112398253,0.01,0.21999999999999997,0.0,0.0,0.0,0.0,['Risk_Off_Expert'],['Hard_Risk_Cap_Zero'],2018-11-29,oos_isotonic,317.0,0.2121714330687241,0.07284597958425831
2019-01-11,v2_relative_alpha_calibrated_experts_sensitivity,risk_off,0.0,2.1995816431683326,2.1995816431683326,0.01,0.21999999999999997,0.0,0.0,0.0,0.0,['Risk_Off_Expert'],['Hard_Risk_Cap_Zero'],2018-11-29,oos_isotonic,317.0,0.2121714330687241,0.07284597958425831
2019-01-14,v2_relative_alpha_calibrated_experts_sensitivity,risk_off,0.0,2.189218993636487,2.189218993636487,0.01,0.21999999999999997,0.0,0.0,0.0,0.0,['Risk_Off_Expert'],['Hard_Risk_Cap_Zero'],2018-11-29,oos_isotonic,317.0,0.2121714330687241,0.07284597958425831
2019-01-15,v2_relative_alpha_calibrated_experts_sensitivity,risk_off,0.0,2.175775854171099,2.175775854171099,0.01,0.21999999999999997,0.0,0.0,0.0,0.0,['Risk_Off_Expert'],['Hard_Risk_Cap_Zero'],2018-11-29,oos_isotonic,317.0,0.2121714330687241,0.07284597958425831
2019-01-16,v2_relative_alpha_calibrated_experts_sensitivity,risk_off,0.0,2.167226740286935,2.167226740286935,0.01,0.21999999999999997,0.0,0.0,0.0,0.0,['Risk_Off_Expert'],['Hard_Risk_Cap_Zero'],2018-11-29,oos_isotonic,317.0,0.2121714330687241,0.07284597958425831
2019-01-17,v2_relative_alpha_calibrated_experts_sensitivity,risk_off,0.0,2.1646018007816727,2.1646018007816727,0.01,0.21999999999999997,0.0,0.0,0.0,0.0,['Risk_Off_Expert'],['Hard_Risk_Cap_Zero'],2018-11-29,oos_isotonic,317.0,0.2121714330687241,0.07284597958425831
2019-01-18,v2_relative_alpha_calibrated_experts_sensitivity,risk_off,0.0,2.1635420188194754,2.1635420188194754,0.01,0.21999999999999997,0.0,0.0,0.0,0.0,['Risk_Off_Expert'],['Hard_Risk_Cap_Zero'],2018-11-29,oos_isotonic,317.0,0.2121714330687241,0.07284597958425831
2019-01-22,v2_relative_alpha_calibrated_experts_sensitivity,risk_off,0.0,2.1643081414610745,2.1643081414610745,0.01,0.21999999999999997,0.0,0.0,0.0,0.0,['Risk_Off_Expert'],['Hard_Risk_Cap_Zero'],2018-11-29,oos_isotonic,317.0,0.2121714330687241,0.07284597958425831
2019-01-23,v2_relative_alpha_calibrated_experts_sensitivity,risk_off,0.0,2.1644291583097615,2.1644291583097615,0.01,0.21999999999999997,0.0,0.0,0.0,0.0,['Risk_Off_Expert'],['Hard_Risk_Cap_Zero'],2018-11-29,oos_isotonic,317.0,0.2121714330687241,0.07284597958425831
2019-01-24,v2_relative_alpha_calibrated_experts_sensitivity,risk_off,0.0,2.1677610487657057,2.1677610487657057,0.01,0.21999999999999997,0.0,0.0,0.0,0.0,['Risk_Off_Expert'],['Hard_Risk_Cap_Zero'],2018-11-29,oos_isotonic,317.0,0.2121714330687241,0.07284597958425831
2019-01-25,v2_relative_alpha_calibrated_experts_sensitivity,risk_off,0.0,2.169646164167622,2.169646164167622,0.01,0.21999999999999997,0.0,0.0,0.0,0.0,['Risk_Off_Expert'],['Hard_Risk_Cap_Zero'],2018-11-29,oos_isotonic,317.0,0.2121714330687241,0.07284597958425831
2019-01-28,v2_relative_alpha_calibrated_experts_sensitivity,risk_off,0.0,2.1699096087966585,2.1699096087966585,0.01,0.21999999999999997,0.0,0.0,0.0,0.0,['Risk_Off_Expert'],['Hard_Risk_Cap_Zero'],2018-11-29,oos_isotonic,317.0,0.2121714330687241,0.07284597958425831
2019-01-29,v2_relative_alpha_calibrated_experts_sensitivity,risk_off,0.0,2.16908324636049,2.16908324636049,0.01,0.21999999999999997,0.0,0.0,0.0,0.0,['Risk_Off_Expert'],['Hard_Risk_Cap_Zero'],2018-11-29,oos_isotonic,317.0,0.2121714330687241,0.07284597958425831
2019-01-30,v2_relative_alpha_calibrated_experts_sensitivity,risk_off,0.0,2.1683132540917276,2.1683132540917276,0.01,0.21999999999999997,0.0,0.0,0.0,0.0,['Risk_Off_Expert'],['Hard_Risk_Cap_Zero'],2018-11-29,oos_isotonic,317.0,0.2121714330687241,0.07284597958425831
2019-01-31,v2_relative_alpha_calibrated_experts_sensitivity,risk_off,0.0,2.169249466035489,2.169249466035489,0.01,0.21999999999999997,0.0,0.0,0.0,0.0,['Risk_Off_Expert'],['Hard_Risk_Cap_Zero'],2018-11-29,oos_isotonic,317.0,0.2121714330687241,0.07284597958425831
2019-02-01,v2_relative_alpha_calibrated_experts_sensitivity,risk_off,0.0,2.1686664527080146,2.1686664527080146,0.01,0.21999999999999997,0.0,0.0,0.0,0.0,['Risk_Off_Expert'],['Hard_Risk_Cap_Zero'],2019-01-02,oos_isotonic,338.0,0.2132690588627947,0.07009013923182662
2019-02-04,v2_relative_alpha_calibrated_experts_sensitivity,risk_off,0.0,2.170324501593157,2.170324501593157,0.01,0.21999999999999997,0.0,0.0,0.0,0.0,['Risk_Off_Expert'],['Hard_Risk_Cap_Zero'],2019-01-02,oos_isotonic,338.0,0.2132690588627947,0.07009013923182662
2019-02-05,v2_relative_alpha_calibrated_experts_sensitivity,risk_off,0.0,2.169403291240796,2.169403291240796,0.01,0.21999999999999997,0.0,0.0,0.0,0.0,['Risk_Off_Expert'],['Hard_Risk_Cap_Zero'],2019-01-02,oos_isotonic,338.0,0.2132690588627947,0.07009013923182662
2019-02-06,v2_relative_alpha_calibrated_experts_sensitivity,risk_off,0.0,2.1663426608408978,2.1663426608408978,0.01,0.21999999999999997,0.0,0.0,0.0,0.0,['Risk_Off_Expert'],['Hard_Risk_Cap_Zero'],2019-01-02,oos_isotonic,338.0,0.2132690588627947,0.07009013923182662
2019-02-07,v2_relative_alpha_calibrated_experts_sensitivity,risk_off,0.0,2.1616486719051315,2.1616486719051315,0.01,0.21999999999999997,0.0,0.0,0.0,0.0,['Risk_Off_Expert'],['Hard_Risk_Cap_Zero'],2019-01-02,oos_isotonic,338.0,0.2132690588627947,0.07009013923182662
2019-02-08,v2_relative_alpha_calibrated_experts_sensitivity,risk_off,0.0,3.5046225166018385,3.5046225166018385,0.01,0.21999999999999997,0.0,0.0,0.0,0.0,['Risk_Off_Expert'],['Hard_Risk_Cap_Zero'],2019-01-02,oos_isotonic,338.0,0.2132690588627947,0.07009013923182662
2019-02-11,v2_relative_alpha_calibrated_experts_sensitivity,risk_off,0.0,3.5046225166018385,3.5046225166018385,0.01,0.21999999999999997,0.0,0.0,0.0,0.0,['Risk_Off_Expert'],['Hard_Risk_Cap_Zero'],2019-01-02,oos_isotonic,338.0,0.2132690588627947,0.07009013923182662
2019-02-12,v2_relative_alpha_calibrated_experts_sensitivity,risk_off,0.0,3.5046225166018385,3.5046225166018385,0.01,0.21999999999999997,0.0,0.0,0.0,0.0,['Risk_Off_Expert'],['Hard_Risk_Cap_Zero'],2019-01-02,oos_isotonic,338.0,0.2132690588627947,0.07009013923182662
2019-02-13,v2_relative_alpha_calibrated_experts_sensitivity,risk_off,0.0,3.5046225166018385,3.5046225166018385,0.01,0.21999999999999997,0.0,0.0,0.0,0.0,['Risk_Off_Expert'],['Hard_Risk_Cap_Zero'],2019-01-02,oos_isotonic,338.0,0.2132690588627947,0.07009013923182662
2019-02-14,v2_relative_alpha_calibrated_experts_sensitivity,risk_off,0.0,2.1447206247680093,2.1447206247680093,0.01,0.21999999999999997,0.0,0.0,0.0,0.0,['Risk_Off_Expert'],['Hard_Risk_Cap_Zero'],2019-01-02,oos_isotonic,338.0,0.2132690588627947,0.07009013923182662
2019-02-15,v2_relative_alpha_calibrated_experts_sensitivity,risk_off,0.0,2.1416133829247,2.1416133829247,0.01,0.21999999999999997,0.0,0.0,0.0,0.0,['Risk_Off_Expert'],['Hard_Risk_Cap_Zero'],2019-01-02,oos_isotonic,338.0,0.2132690588627947,0.07009013923182662
2019-02-19,v2_relative_alpha_calibrated_experts_sensitivity,risk_off,0.0,2.138013668553102,2.138013668553102,0.01,0.21999999999999997,0.0,0.0,0.0,0.0,['Risk_Off_Expert'],['Hard_Risk_Cap_Zero'],2019-01-02,oos_isotonic,338.0,0.2132690588627947,0.07009013923182662
2019-02-20,v2_relative_alpha_calibrated_experts_sensitivity,risk_off,0.0,2.1364809835781124,2.1364809835781124,0.01,0.21999999999999997,0.0,0.0,0.0,0.0,['Risk_Off_Expert'],['Hard_Risk_Cap_Zero'],2019-01-02,oos_isotonic,338.0,0.2132690588627947,0.07009013923182662
2019-02-21,v2_relative_alpha_calibrated_experts_sensitivity,risk_off,0.0,2.1356882892000715,2.1356882892000715,0.01,0.21999999999999997,0.0,0.0,0.0,0.0,['Risk_Off_Expert'],['Hard_Risk_Cap_Zero'],2019-01-02,oos_isotonic,338.0,0.2132690588627947,0.07009013923182662
2019-02-22,v2_relative_alpha_calibrated_experts_sensitivity,risk_off,0.0,2.135033050676978,2.135033050676978,0.01,0.21999999999999997,0.0,0.0,0.0,0.0,['Risk_Off_Expert'],['Hard_Risk_Cap_Zero'],2019-01-02,oos_isotonic,338.0,0.2132690588627947,0.07009013923182662
2019-02-25,v2_relative_alpha_calibrated_experts_sensitivity,risk_off,0.0,2.1364717469937715,2.1364717469937715,0.01,0.21999999999999997,0.0,0.0,0.0,0.0,['Risk_Off_Expert'],['Hard_Risk_Cap_Zero'],2019-01-02,oos_isotonic,338.0,0.2132690588627947,0.07009013923182662
2019-02-26,v2_relative_alpha_calibrated_experts_sensitivity,risk_off,0.0,2.13601686351713,2.13601686351713,0.01,0.21999999999999997,0.0,0.0,0.0,0.0,['Risk_Off_Expert'],['Hard_Risk_Cap_Zero'],2019-01-02,oos_isotonic,338.0,0.2132690588627947,0.07009013923182662
2019-02-27,v2_relative_alpha_calibrated_experts_sensitivity,risk_off,0.0,2.1378579577168293,2.1378579577168293,0.01,0.21999999999999997,0.0,0.0,0.0,0.0,['Risk_Off_Expert'],['Hard_Risk_Cap_Zero'],2019-01-02,oos_isotonic,338.0,0.2132690588627947,0.07009013923182662
2019-02-28,v2_relative_alpha_calibrated_experts_sensitivity,risk_off,0.0,2.1377298299514114,2.1377298299514114,0.01,0.21999999999999997,0.0,0.0,0.0,0.0,['Risk_Off_Expert'],['Hard_Risk_Cap_Zero'],2019-01-02,oos_isotonic,338.0,0.2132690588627947,0.07009013923182662
2019-03-01,v2_relative_alpha_calibrated_experts_sensitivity,risk_off,0.0,2.1375403332343543,2.1375403332343543,0.01,0.21999999999999997,0.0,0.0,0.0,0.0,['Risk_Off_Expert'],['Hard_Risk_Cap_Zero'],2019-01-30,oos_isotonic,357.0,0.20866683880650316,0.0786465663089408
2019-03-04,v2_relative_alpha_calibrated_experts_sensitivity,risk_off,0.0,2.139010003419943,2.139010003419943,0.01,0.21999999999999997,0.0,0.0,0.0,0.0,['Risk_Off_Expert'],['Hard_Risk_Cap_Zero'],2019-01-30,oos_isotonic,357.0,0.20866683880650316,0.0786465663089408
2019-03-05,v2_relative_alpha_calibrated_experts_sensitivity,risk_off,0.0,2.13868744241853,2.13868744241853,0.01,0.21999999999999997,0.0,0.0,0.0,0.0,['Risk_Off_Expert'],['Hard_Risk_Cap_Zero'],2019-01-30,oos_isotonic,357.0,0.20866683880650316,0.0786465663089408
2019-03-06,v2_relative_alpha_calibrated_experts_sensitivity,risk_off,0.0,2.140546144661147,2.140546144661147,0.01,0.21999999999999997,0.0,0.0,0.0,0.0,['Risk_Off_Expert'],['Hard_Risk_Cap_Zero'],2019-01-30,oos_isotonic,357.0,0.20866683880650316,0.0786465663089408
2019-03-07,v2_relative_alpha_calibrated_experts_sensitivity,risk_off,0.0,3.5046225166018385,3.5046225166018385,0.01,0.21999999999999997,0.0,0.0,0.0,0.0,['Risk_Off_Expert'],['Hard_Risk_Cap_Zero'],2019-01-30,oos_isotonic,357.0,0.20866683880650316,0.0786465663089408
2019-03-08,v2_relative_alpha_calibrated_experts_sensitivity,risk_off,0.0,3.5046225166018385,3.5046225166018385,0.01,0.21999999999999997,0.0,0.0,0.0,0.0,['Risk_Off_Expert'],['Hard_Risk_Cap_Zero'],2019-01-30,oos_isotonic,357.0,0.20866683880650316,0.0786465663089408
2019-03-11,v2_relative_alpha_calibrated_experts_sensitivity,risk_off,0.0,2.137097814950336,2.137097814950336,0.01,0.21999999999999997,0.0,0.0,0.0,0.0,['Risk_Off_Expert'],['Hard_Risk_Cap_Zero'],2019-01-30,oos_isotonic,357.0,0.20866683880650316,0.0786465663089408
2019-03-12,v2_relative_alpha_calibrated_experts_sensitivity,risk_off,0.0,2.139053001501384,2.139053001501384,0.01,0.21999999999999997,0.0,0.0,0.0,0.0,['Risk_Off_Expert'],"['Risk_Above_55_Penalty', 'Coverage_Below_80_Cap', 'Weak_Regime_Cap']",2019-01-30,oos_isotonic,357.0,0.20866683880650316,0.0786465663089408
2019-03-13,v2_relative_alpha_calibrated_experts_sensitivity,risk_off,0.0,2.141300680023987,2.141300680023987,0.01,0.21999999999999997,0.0,0.0,0.0,0.0,['Risk_Off_Expert'],"['Risk_Above_55_Penalty', 'Coverage_Below_80_Cap', 'Weak_Regime_Cap']",2019-01-30,oos_isotonic,357.0,0.20866683880650316,0.0786465663089408
2019-03-14,v2_relative_alpha_calibrated_experts_sensitivity,risk_off,0.0,2.143607692921884,2.143607692921884,0.01,0.21999999999999997,0.0,0.0,0.0,0.0,['Risk_Off_Expert'],"['Risk_Above_55_Penalty', 'Coverage_Below_80_Cap', 'Weak_Regime_Cap']",2019-01-30,oos_isotonic,357.0,0.20866683880650316,0.0786465663089408
2019-03-15,v2_relative_alpha_calibrated_experts_sensitivity,risk_off,0.0,2.147712569677087,2.147712569677087,0.01,0.21999999999999997,0.0,0.0,0.0,0.0,['Risk_Off_Expert'],['Hard_Risk_Cap_Zero'],2019-01-30,oos_isotonic,357.0,0.20866683880650316,0.0786465663089408
2019-03-18,v2_relative_alpha_calibrated_experts_sensitivity,risk_off,0.0,2.1572889570706155,2.1572889570706155,0.01,0.21999999999999997,0.0,0.0,0.0,0.0,['Risk_Off_Expert'],"['Risk_Above_55_Penalty', 'Coverage_Below_80_Cap', 'Weak_Regime_Cap']",2019-01-30,oos_isotonic,357.0,0.20866683880650316,0.0786465663089408
2019-03-19,v2_relative_alpha_calibrated_experts_sensitivity,risk_off,0.0,2.1673245148511042,2.1673245148511042,0.01,0.21999999999999997,0.0,0.0,0.0,0.0,['Risk_Off_Expert'],['Hard_Risk_Cap_Zero'],2019-01-30,oos_isotonic,357.0,0.20866683880650316,0.0786465663089408
2019-03-20,v2_relative_alpha_calibrated_experts_sensitivity,risk_off,0.0,2.178231819966821,2.178231819966821,0.01,0.21999999999999997,0.0,0.0,0.0,0.0,['Risk_Off_Expert'],['Hard_Risk_Cap_Zero'],2019-01-30,oos_isotonic,357.0,0.20866683880650316,0.0786465663089408
2019-03-21,v2_relative_alpha_calibrated_experts_sensitivity,risk_off,0.0,0.89635359458386,0.89635359458386,0.01,0.21999999999999997,0.0,0.0,0.0,0.0,['Risk_Off_Expert'],"['Risk_Above_55_Penalty', 'Coverage_Below_80_Cap', 'Weak_Regime_Cap']",2019-01-30,oos_isotonic,357.0,0.20866683880650316,0.0786465663089408
2019-03-22,v2_relative_alpha_calibrated_experts_sensitivity,risk_off,0.0,1.0178415780940135,1.0178415780940135,0.01,0.21999999999999997,0.0,0.0,0.0,0.0,['Risk_Off_Expert'],['Hard_Risk_Cap_Zero'],2019-01-30,oos_isotonic,357.0,0.20866683880650316,0.0786465663089408
2019-03-25,v2_relative_alpha_calibrated_experts_sensitivity,risk_off,0.0,2.219141368829446,2.219141368829446,0.01,0.21999999999999997,0.0,0.0,0.0,0.0,['Risk_Off_Expert'],['Hard_Risk_Cap_Zero'],2019-01-30,oos_isotonic,357.0,0.20866683880650316,0.0786465663089408
2019-03-26,v2_relative_alpha_calibrated_experts_sensitivity,risk_off,0.0,2.227589755904212,2.227589755904212,0.01,0.21999999999999997,0.0,0.0,0.0,0.0,['Risk_Off_Expert'],['Hard_Risk_Cap_Zero'],2019-01-30,oos_isotonic,357.0,0.20866683880650316,0.0786465663089408
2019-03-27,v2_relative_alpha_calibrated_experts_sensitivity,risk_off,0.0,1.202721974443858,1.202721974443858,0.01,0.21999999999999997,0.0,0.0,0.0,0.0,['Risk_Off_Expert'],['Hard_Risk_Cap_Zero'],2019-01-30,oos_isotonic,357.0,0.20866683880650316,0.0786465663089408
2019-03-28,v2_relative_alpha_calibrated_experts_sensitivity,risk_off,0.0,1.2509795099226615,1.2509795099226615,0.01,0.21999999999999997,0.0,0.0,0.0,0.0,['Risk_Off_Expert'],['Hard_Risk_Cap_Zero'],2019-01-30,oos_isotonic,357.0,0.20866683880650316,0.0786465663089408
2019-03-29,v2_relative_alpha_calibrated_experts_sensitivity,risk_off,0.0,1.3022454964613805,1.3022454964613805,0.01,0.21999999999999997,0.0,0.0,0.0,0.0,['Risk_Off_Expert'],['Hard_Risk_Cap_Zero'],2019-01-30,oos_isotonic,357.0,0.20866683880650316,0.0786465663089408
2019-04-01,v2_relative_alpha_calibrated_experts_sensitivity,trend,-12.402668963215543,2.654234606049773,-9.74843435716577,0.011159425938286985,0.40264550264550264,0.04086021505376344,0.0,0.0,0.0,"['No_Alpha_Tier', 'Expert_trend']","['Risk_Above_55_Penalty', 'Coverage_Below_80_Cap', 'Weak_Regime_Cap']",2019-03-01,oos_isotonic,378.0,0.22040526705074862,0.07202954041361531
2019-04-02,v2_relative_alpha_calibrated_experts_sensitivity,trend,-11.826684077379076,2.654234606049773,-9.172449471329305,0.011150612228942558,0.40264550264550264,0.043817204301075274,0.0,0.0,0.0,"['No_Alpha_Tier', 'Expert_trend']","['Risk_Above_55_Penalty', 'Liquidity_Below_45_Penalty', 'Coverage_Below_80_Cap', 'Weak_Regime_Cap']",2019-03-01,oos_isotonic,378.0,0.22040526705074862,0.07202954041361531
2019-04-03,v2_relative_alpha_calibrated_experts_sensitivity,trend,-10.972423300612904,2.654234606049773,-8.318188694563132,0.012747416192866684,0.40264550264550264,0.0478494623655914,0.0,0.0,0.0,"['No_Alpha_Tier', 'Expert_trend']","['Risk_Above_55_Penalty', 'Coverage_Below_80_Cap']",2019-03-01,oos_isotonic,378.0,0.22040526705074862,0.07202954041361531
2019-04-04,v2_relative_alpha_calibrated_experts_sensitivity,trend,-10.06392593813864,2.654234606049773,-7.409691332088868,0.012688379373077525,0.40264550264550264,0.06505376344086022,0.0,2.0,0.0,"['No_Alpha_Tier', 'Expert_trend']","['Risk_Above_55_Penalty', 'Coverage_Below_80_Cap']",2019-03-01,oos_isotonic,378.0,0.22040526705074862,0.07202954041361531
2019-04-05,v2_relative_alpha_calibrated_experts_sensitivity,trend,-9.207437226111798,2.654234606049773,-6.553202620062025,0.017450404528860847,0.40264550264550264,0.08306451612903226,0.0,2.0,0.0,"['No_Alpha_Tier', 'Expert_trend']","['Risk_Above_55_Penalty', 'Coverage_Below_80_Cap']",2019-03-01,oos_isotonic,378.0,0.22040526705074862,0.07202954041361531
2019-04-08,v2_relative_alpha_calibrated_experts_sensitivity,trend,-9.317209855932528,2.654234606049773,-6.662975249882757,0.020641133648031374,0.40264550264550264,0.08333333333333334,0.0,2.0,0.0,"['No_Alpha_Tier', 'Expert_trend']","['Risk_Above_55_Penalty', 'Coverage_Below_80_Cap']",2019-03-01,oos_isotonic,378.0,0.22040526705074862,0.07202954041361531
2019-04-09,v2_relative_alpha_calibrated_experts_sensitivity,trend,-9.6421092844226,2.654234606049773,-6.987874678372828,0.0167049502835314,0.40264550264550264,0.07419354838709677,0.0,2.0,0.0,"['No_Alpha_Tier', 'Expert_trend']","['Risk_Above_55_Penalty', 'Coverage_Below_80_Cap']",2019-03-01,oos_isotonic,378.0,0.22040526705074862,0.07202954041361531
2019-04-10,v2_relative_alpha_calibrated_experts_sensitivity,trend,-9.20837787603518,2.654234606049773,-6.554143269985407,0.019924271801586176,0.40264550264550264,0.08225806451612903,0.0,2.0,0.0,"['No_Alpha_Tier', 'Expert_trend']","['Risk_Above_55_Penalty', 'Coverage_Below_80_Cap']",2019-03-01,oos_isotonic,378.0,0.22040526705074862,0.07202954041361531
2019-04-11,v2_relative_alpha_calibrated_experts_sensitivity,trend,-7.501896718867256,2.654234606049773,-4.847662112817483,0.036671120098065314,0.40264550264550264,0.1327956989247312,0.0,2.0,0.0,"['No_Alpha_Tier', 'Expert_trend']","['Risk_Above_55_Penalty', 'Coverage_Below_80_Cap']",2019-03-01,oos_isotonic,378.0,0.22040526705074862,0.07202954041361531
2019-04-12,v2_relative_alpha_calibrated_experts_sensitivity,trend,-7.391607470669929,2.654234606049773,-4.7373728646201565,0.040281650901912824,0.40264550264550264,0.13602150537634408,0.0,4.0,0.0,"['No_Alpha_Tier', 'Expert_trend']",['Coverage_Below_80_Cap'],2019-03-01,oos_isotonic,378.0,0.22040526705074862,0.07202954041361531
2019-04-15,v2_relative_alpha_calibrated_experts_sensitivity,trend,-7.456926942151787,2.654234606049773,-4.802692336102014,0.03881688702153688,0.40264550264550264,0.1338709677419355,0.0,4.0,0.0,"['No_Alpha_Tier', 'Expert_trend']",['Coverage_Below_80_Cap'],2019-03-01,oos_isotonic,378.0,0.22040526705074862,0.07202954041361531
2019-04-16,v2_relative_alpha_calibrated_experts_sensitivity,trend,-6.811999020121511,2.654234606049773,-4.157764414071738,0.05239309435825361,0.40264550264550264,0.1545698924731183,0.0,4.0,0.0,"['No_Alpha_Tier', 'Expert_trend']",['Coverage_Below_80_Cap'],2019-03-01,oos_isotonic,378.0,0.22040526705074862,0.07202954041361531
2019-04-17,v2_relative_alpha_calibrated_experts_sensitivity,trend,-8.246498215326781,2.654234606049773,-5.592263609277008,0.02319167411753297,0.40264550264550264,0.12096774193548389,0.0,4.0,0.0,"['No_Alpha_Tier', 'Expert_trend']",['Coverage_Below_80_Cap'],2019-03-01,oos_isotonic,378.0,0.22040526705074862,0.07202954041361531
2019-04-18,v2_relative_alpha_calibrated_experts_sensitivity,trend,-8.782403524550423,2.654234606049773,-6.128168918500649,0.019199089784481625,0.40264550264550264,0.09623655913978495,0.0,4.0,0.0,"['No_Alpha_Tier', 'Expert_trend']",['Coverage_Below_80_Cap'],2019-03-01,oos_isotonic,378.0,0.22040526705074862,0.07202954041361531
2019-04-22,v2_relative_alpha_calibrated_experts_sensitivity,trend,-8.338993143155129,2.654234606049773,-5.684758537105357,0.023590115818841975,0.40264550264550264,0.11505376344086021,0.0,2.0,0.0,"['No_Alpha_Tier', 'Expert_trend']","['Risk_Above_55_Penalty', 'Coverage_Below_80_Cap']",2019-03-01,oos_isotonic,378.0,0.22040526705074862,0.07202954041361531
2019-04-23,v2_relative_alpha_calibrated_experts_sensitivity,trend,-8.727670334128918,2.654234606049773,-6.0734357280791444,0.024546808955813737,0.40264550264550264,0.09731182795698926,0.0,1.0,0.0,"['No_Alpha_Tier', 'Expert_trend']","['Risk_Above_55_Penalty', 'Liquidity_Below_45_Penalty', 'Coverage_Below_80_Cap']",2019-03-01,oos_isotonic,378.0,0.22040526705074862,0.07202954041361531
2019-04-24,v2_relative_alpha_calibrated_experts_sensitivity,trend,-8.961056551114686,2.654234606049773,-6.306821945064913,0.021407194175861677,0.40264550264550264,0.08870967741935486,0.0,3.0,0.0,"['No_Alpha_Tier', 'Expert_trend']","['Liquidity_Below_45_Penalty', 'Coverage_Below_80_Cap']",2019-03-01,oos_isotonic,378.0,0.22040526705074862,0.07202954041361531
2019-04-25,v2_relative_alpha_calibrated_experts_sensitivity,trend,-9.448211246635582,2.654234606049773,-6.79397664058581,0.017603303040207248,0.40264550264550264,0.07661290322580645,0.0,4.0,0.0,"['No_Alpha_Tier', 'Expert_trend']","['Liquidity_Below_45_Penalty', 'Coverage_Below_80_Cap']",2019-03-01,oos_isotonic,378.0,0.22040526705074862,0.07202954041361531
2019-04-26,v2_relative_alpha_calibrated_experts_sensitivity,trend,-8.33593641810117,2.654234606049773,-5.681701812051397,0.022044769720576566,0.40264550264550264,0.11182795698924732,0.0,1.0,0.0,"['No_Alpha_Tier', 'Expert_trend']","['Risk_Above_55_Penalty', 'Liquidity_Below_45_Penalty', 'Coverage_Below_80_Cap']",2019-03-01,oos_isotonic,378.0,0.22040526705074862,0.07202954041361531
2019-04-29,v2_relative_alpha_calibrated_experts_sensitivity,trend,-7.924208832858295,2.654234606049773,-5.269974226808523,0.0230302593250101,0.40264550264550264,0.12715053763440862,0.0,1.0,0.0,"['No_Alpha_Tier', 'Expert_trend']","['Risk_Above_55_Penalty', 'Liquidity_Below_45_Penalty', 'Coverage_Below_80_Cap']",2019-03-01,oos_isotonic,378.0,0.22040526705074862,0.07202954041361531
2019-04-30,v2_relative_alpha_calibrated_experts_sensitivity,trend,-7.617917131612264,2.654234606049773,-4.963682525562491,0.025583670452775778,0.40264550264550264,0.1370967741935484,0.0,1.0,0.0,"['No_Alpha_Tier', 'Expert_trend']","['Risk_Above_55_Penalty', 'Liquidity_Below_45_Penalty', 'Coverage_Below_80_Cap']",2019-03-01,oos_isotonic,378.0,0.22040526705074862,0.07202954041361531
2019-05-01,v2_relative_alpha_calibrated_experts_sensitivity,trend,-6.976095311442561,2.6547266548347728,-4.321368656607788,0.04042286502016081,0.43861168071694384,0.1577956989247312,0.0,1.0,0.0,"['No_Alpha_Tier', 'Expert_trend']","['Risk_Above_55_Penalty', 'Liquidity_Below_45_Penalty', 'Coverage_Below_80_Cap']",2019-04-01,oos_isotonic,399.0,0.22969620295527715,0.08547947115677919
2019-05-02,v2_relative_alpha_calibrated_experts_sensitivity,trend,-5.996058106976113,2.6546810191860066,-3.341377087790106,0.0643593471343338,0.43861168071694384,0.17930107526881722,0.0,1.0,0.0,"['No_Alpha_Tier', 'Expert_trend']","['Risk_Above_55_Penalty', 'Liquidity_Below_45_Penalty', 'Coverage_Below_80_Cap']",2019-04-01,oos_isotonic,399.0,0.22969620295527715,0.08547947115677919
2019-05-03,v2_relative_alpha_calibrated_experts_sensitivity,trend,-7.507435050173733,2.6545605369091807,-4.852874513264552,0.040368176094049725,0.43861168071694384,0.13790322580645165,0.0,0.0,0.0,"['No_Alpha_Tier', 'Expert_trend']",['Hard_Risk_Cap_Zero'],2019-04-01,oos_isotonic,399.0,0.22969620295527715,0.08547947115677919
2019-05-06,v2_relative_alpha_calibrated_experts_sensitivity,trend,-7.858109615187154,2.655162524752932,-5.202947090434223,0.030619441834954318,0.43861168071694384,0.13145161290322582,0.0,0.0,0.0,"['No_Alpha_Tier', 'Expert_trend']",['Hard_Risk_Cap_Zero'],2019-04-01,oos_isotonic,399.0,0.22969620295527715,0.08547947115677919
2019-05-07,v2_relative_alpha_calibrated_experts_sensitivity,pullback,-3.5387030568466322,2.6557396112116813,-0.882963445634951,0.18109566632822047,0.43861168071694384,0.26554783950617283,0.0,0.0,0.0,"['No_Alpha_Tier', 'Expert_pullback']",['Hard_Risk_Cap_Zero'],2019-04-01,oos_isotonic,399.0,0.22969620295527715,0.08547947115677919
2019-05-08,v2_relative_alpha_calibrated_experts_sensitivity,pullback,-3.1623843348304965,2.654752008595722,-0.5076323262347745,0.21477588815452514,0.43861168071694384,0.2823302469135802,0.0,0.0,0.0,"['No_Alpha_Tier', 'Expert_pullback']",['Hard_Risk_Cap_Zero'],2019-04-01,oos_isotonic,399.0,0.22969620295527715,0.08547947115677919
2019-05-09,v2_relative_alpha_calibrated_experts_sensitivity,pullback,-2.671050926939369,4.439879893466013,1.768828966526644,0.2622856728256617,0.43861168071694384,0.3392361111111111,0.0,0.0,0.0,"['No_Alpha_Tier', 'Expert_pullback']",['Hard_Risk_Cap_Zero'],2019-04-01,oos_isotonic,399.0,0.22969620295527715,0.08547947115677919
2019-05-10,v2_relative_alpha_calibrated_experts_sensitivity,pullback,-2.3083253355948066,4.439879893466013,2.131554557871206,0.23787272916333319,0.43861168071694384,0.310108024691358,0.0,0.0,0.0,"['No_Alpha_Tier', 'Expert_pullback']","['Risk_Above_55_Penalty', 'Liquidity_Below_45_Penalty', 'Coverage_Below_80_Cap']",2019-04-01,oos_isotonic,399.0,0.22969620295527715,0.08547947115677919
2019-05-13,v2_relative_alpha_calibrated_experts_sensitivity,pullback,-0.5015209433797598,4.439879893466013,3.938358950086253,0.4807549030342567,0.5921470342522974,0.45937500000000003,0.0,0.0,0.0,"['No_Alpha_Tier', 'Expert_pullback']",['Hard_Risk_Cap_Zero'],2019-04-01,oos_isotonic,399.0,0.22969620295527715,0.08547947115677919
2019-05-14,v2_relative_alpha_calibrated_experts_sensitivity,pullback,-2.147259378990947,4.439879893466013,2.292620514475066,0.33083857300620423,0.43861168071694384,0.35717592592592595,0.0,0.0,0.0,"['No_Alpha_Tier', 'Expert_pullback']",['Hard_Risk_Cap_Zero'],2019-04-01,oos_isotonic,399.0,0.22969620295527715,0.08547947115677919
2019-05-15,v2_relative_alpha_calibrated_experts_sensitivity,pullback,-2.467699875647814,4.439879893466013,1.9721800178181992,0.26752475636121936,0.43861168071694384,0.3050925925925926,0.0,0.0,0.0,"['No_Alpha_Tier', 'Expert_pullback']",['Hard_Risk_Cap_Zero'],2019-04-01,oos_isotonic,399.0,0.22969620295527715,0.08547947115677919
2019-05-16,v2_relative_alpha_calibrated_experts_sensitivity,pullback,-3.843924854654146,4.439879893466013,0.5959550388118671,0.17233790364473656,0.43861168071694384,0.24868827160493828,0.0,0.0,0.0,"['No_Alpha_Tier', 'Expert_pullback']",['Hard_Risk_Cap_Zero'],2019-04-01,oos_isotonic,399.0,0.22969620295527715,0.08547947115677919
2019-05-17,v2_relative_alpha_calibrated_experts_sensitivity,pullback,-2.503741616155114,4.439879893466013,1.9361382773108993,0.28267847573992577,0.43861168071694384,0.32916666666666666,0.0,0.0,0.0,"['No_Alpha_Tier', 'Expert_pullback']",['Hard_Risk_Cap_Zero'],2019-04-01,oos_isotonic,399.0,0.22969620295527715,0.08547947115677919
2019-05-20,v2_relative_alpha_calibrated_experts_sensitivity,pullback,-0.9267245890062855,4.439879893466013,3.5131553044597275,0.45094653780257876,0.5738463806575262,0.4314043209876543,0.0,0.0,0.0,"['No_Alpha_Tier', 'Expert_pullback']",['Hard_Risk_Cap_Zero'],2019-04-01,oos_isotonic,399.0,0.22969620295527715,0.08547947115677919
2019-05-21,v2_relative_alpha_calibrated_experts_sensitivity,pullback,-0.8306352830691114,4.439879893466013,3.6092446103969014,0.44287268953684983,0.5738463806575262,0.4423996913580247,0.0,0.0,0.0,"['No_Alpha_Tier', 'Expert_pullback']",['Hard_Risk_Cap_Zero'],2019-04-01,oos_isotonic,399.0,0.22969620295527715,0.08547947115677919
2019-05-22,v2_relative_alpha_calibrated_experts_sensitivity,pullback,-1.2391273731678194,4.439879893466013,3.200752520298193,0.4217424809011066,0.43861168071694384,0.42939814814814814,0.0,0.0,0.0,"['No_Alpha_Tier', 'Expert_pullback']",['Hard_Risk_Cap_Zero'],2019-04-01,oos_isotonic,399.0,0.22969620295527715,0.08547947115677919
2019-05-23,v2_relative_alpha_calibrated_experts_sensitivity,pullback,-0.794611568693375,4.439879893466013,3.645268324772638,0.4850829201537819,0.5921470342522974,0.47044753086419755,0.0,0.0,0.0,"['No_Alpha_Tier', 'Expert_pullback']",['Hard_Risk_Cap_Zero'],2019-04-01,oos_isotonic,399.0,0.22969620295527715,0.08547947115677919
2019-05-24,v2_relative_alpha_calibrated_experts_sensitivity,pullback,-3.157010920461789,4.439879893466013,1.282868973004224,0.2975103842360648,0.43861168071694384,0.3495756172839506,0.0,0.0,0.0,"['No_Alpha_Tier', 'Expert_pullback']",['Hard_Risk_Cap_Zero'],2019-04-01,oos_isotonic,399.0,0.22969620295527715,0.08547947115677919
2019-05-28,v2_relative_alpha_calibrated_experts_sensitivity,pullback,-2.9262089268462796,4.439879893466013,1.5136709666197332,0.33348233712909753,0.43861168071694384,0.36952160493827163,0.0,0.0,0.0,"['No_Alpha_Tier', 'Expert_pullback']",['Hard_Risk_Cap_Zero'],2019-04-01,oos_isotonic,399.0,0.22969620295527715,0.08547947115677919
2019-05-29,v2_relative_alpha_calibrated_experts_sensitivity,pullback,-2.847777910686082,4.439879893466013,1.592101982779931,0.34321307990101235,0.43861168071694384,0.3777006172839506,0.0,0.0,0.0,"['No_Alpha_Tier', 'Expert_pullback']",['Hard_Risk_Cap_Zero'],2019-04-01,oos_isotonic,399.0,0.22969620295527715,0.08547947115677919
2019-05-30,v2_relative_alpha_calibrated_experts_sensitivity,pullback,-3.7689919975655126,4.439879893466013,0.6708878959005002,0.24496127133480783,0.43861168071694384,0.2983796296296296,0.0,0.0,0.0,"['No_Alpha_Tier', 'Expert_pullback']",['Hard_Risk_Cap_Zero'],2019-04-01,oos_isotonic,399.0,0.22969620295527715,0.08547947115677919
2019-05-31,v2_relative_alpha_calibrated_experts_sensitivity,pullback,-3.693457317170627,4.439879893466013,0.7464225762953858,0.293329138727513,0.43861168071694384,0.32276234567901235,0.0,0.0,0.0,"['No_Alpha_Tier', 'Expert_pullback']",['Hard_Risk_Cap_Zero'],2019-04-01,oos_isotonic,399.0,0.22969620295527715,0.08547947115677919
2019-06-03,v2_relative_alpha_calibrated_experts_sensitivity,risk_off,0.0,2.422188494551471,2.422188494551471,0.01,0.4494354731741147,0.0,0.0,0.0,0.0,['Risk_Off_Expert'],['Hard_Risk_Cap_Zero'],2019-05-02,oos_isotonic,421.0,0.23210691658664365,0.08357221467671751
2019-06-04,v2_relative_alpha_calibrated_experts_sensitivity,pullback,-2.4949338126831893,4.439879893466013,1.9449460807828236,0.3881308447272663,0.45734288214598257,0.4049382716049382,0.0,0.0,0.0,"['No_Alpha_Tier', 'Expert_pullback']",['Hard_Risk_Cap_Zero'],2019-05-02,oos_isotonic,421.0,0.23210691658664365,0.08357221467671751
2019-06-05,v2_relative_alpha_calibrated_experts_sensitivity,pullback,-1.365909225455336,4.439879893466013,3.0739706680106766,0.5002733936001461,0.5943520717867511,0.49197530864197536,0.0,0.0,0.0,"['No_Alpha_Tier', 'Expert_pullback']",['Hard_Risk_Cap_Zero'],2019-05-02,oos_isotonic,421.0,0.23210691658664365,0.08357221467671751
2019-06-06,v2_relative_alpha_calibrated_experts_sensitivity,pullback,-1.0470819903807276,4.439879893466013,3.392797903085285,0.5277185557491815,0.6007012781359574,0.5037037037037037,0.0,0.0,0.0,"['No_Alpha_Tier', 'Expert_pullback']",['Hard_Risk_Cap_Zero'],2019-05-02,oos_isotonic,421.0,0.23210691658664365,0.08357221467671751
2019-06-07,v2_relative_alpha_calibrated_experts_sensitivity,pullback,-1.4592799189290397,4.439879893466013,2.980599974536973,0.478130755221426,0.5894796435698809,0.4759259259259259,0.0,0.0,0.0,"['No_Alpha_Tier', 'Expert_pullback']",['Hard_Risk_Cap_Zero'],2019-05-02,oos_isotonic,421.0,0.23210691658664365,0.08357221467671751
2019-06-10,v2_relative_alpha_calibrated_experts_sensitivity,pullback,-1.9784650746798909,4.425210873630821,2.44674579895093,0.42739739912356706,0.45734288214598257,0.454320987654321,0.0,0.0,0.0,"['No_Alpha_Tier', 'Expert_pullback']",['Hard_Risk_Cap_Zero'],2019-05-02,oos_isotonic,421.0,0.23210691658664365,0.08357221467671751
2019-06-11,v2_relative_alpha_calibrated_experts_sensitivity,pullback,-1.0894033978319837,4.4139310802631035,3.3245276824311194,0.49104411469490183,0.5943520717867511,0.49074074074074076,0.0,0.0,0.0,"['No_Alpha_Tier', 'Expert_pullback']",['Hard_Risk_Cap_Zero'],2019-05-02,oos_isotonic,421.0,0.23210691658664365,0.08357221467671751
2019-06-12,v2_relative_alpha_calibrated_experts_sensitivity,pullback,-0.7829172566577715,4.4144513084658605,3.63153405180809,0.5054089732501359,0.5943520717867511,0.5018518518518519,0.0,0.0,0.0,"['No_Alpha_Tier', 'Expert_pullback']",['Hard_Risk_Cap_Zero'],2019-05-02,oos_isotonic,421.0,0.23210691658664365,0.08357221467671751
2019-06-13,v2_relative_alpha_calibrated_experts_sensitivity,pullback,-0.8511277585859105,4.409619364103162,3.5584916055172515,0.48100162765537635,0.5943520717867511,0.4981481481481482,0.0,0.0,0.0,"['No_Alpha_Tier', 'Expert_pullback']",['Hard_Risk_Cap_Zero'],2019-05-02,oos_isotonic,421.0,0.23210691658664365,0.08357221467671751
2019-06-14,v2_relative_alpha_calibrated_experts_sensitivity,pullback,-0.0179685955643793,4.4022852138138795,4.3843166182495,0.5494853037429038,0.6007012781359574,0.5141975308641976,0.0,0.0,0.0,"['No_Alpha_Tier', 'Expert_pullback']",['Hard_Risk_Cap_Zero'],2019-05-02,oos_isotonic,421.0,0.23210691658664365,0.08357221467671751
2019-06-17,v2_relative_alpha_calibrated_experts_sensitivity,pullback,0.04061179500982472,4.390617037455025,4.431228832464849,0.535942293872833,0.6007012781359574,0.5160493827160495,0.0,0.0,0.0,"['No_Alpha_Tier', 'Expert_pullback']",['Hard_Risk_Cap_Zero'],2019-05-02,oos_isotonic,421.0,0.23210691658664365,0.08357221467671751
2019-06-18,v2_relative_alpha_calibrated_experts_sensitivity,pullback,-1.9875392390324382,2.5876416168802088,0.6001023778477708,0.33751421773094376,0.45734288214598257,0.38395061728395063,0.0,0.0,0.0,"['No_Alpha_Tier', 'Expert_pullback']",['Hard_Risk_Cap_Zero'],2019-05-02,oos_isotonic,421.0,0.23210691658664365,0.08357221467671751
2019-06-19,v2_relative_alpha_calibrated_experts_sensitivity,pullback,-1.4814265504092288,2.5876416168802088,1.10621506647098,0.3892116144140275,0.45734288214598257,0.4277777777777778,0.0,0.0,0.0,"['No_Alpha_Tier', 'Expert_pullback']",['Hard_Risk_Cap_Zero'],2019-05-02,oos_isotonic,421.0,0.23210691658664365,0.08357221467671751
2019-06-20,v2_relative_alpha_calibrated_experts_sensitivity,trend,-2.931295522398423,2.5876416168802088,-0.34365390551821423,0.2397003454985154,0.45734288214598257,0.33184493491794004,0.0,0.0,0.0,"['No_Alpha_Tier', 'Expert_trend']","['Risk_Above_55_Penalty', 'Liquidity_Below_45_Penalty', 'Coverage_Below_80_Cap']",2019-05-02,oos_isotonic,421.0,0.23210691658664365,0.08357221467671751
2019-06-21,v2_relative_alpha_calibrated_experts_sensitivity,trend,-1.784872797558966,2.5876416168802088,0.802768819321243,0.37437031357842454,0.45734288214598257,0.4127589134125637,0.0,0.0,0.0,"['No_Alpha_Tier', 'Expert_trend']","['Risk_Above_55_Penalty', 'Liquidity_Below_45_Penalty', 'Coverage_Below_80_Cap']",2019-05-02,oos_isotonic,421.0,0.23210691658664365,0.08357221467671751
2019-06-24,v2_relative_alpha_calibrated_experts_sensitivity,trend,-2.140895022031603,2.5876416168802088,0.44674659484860574,0.3564644218291289,0.45734288214598257,0.40375495189586874,0.0,0.0,0.0,"['No_Alpha_Tier', 'Expert_trend']","['Risk_Above_55_Penalty', 'Liquidity_Below_45_Penalty', 'Coverage_Below_80_Cap']",2019-05-02,oos_isotonic,421.0,0.23210691658664365,0.08357221467671751
2019-06-25,v2_relative_alpha_calibrated_experts_sensitivity,pullback,-0.7436281432407464,4.414330050190748,3.6707019069500015,0.48059072860322494,0.5943520717867511,0.475925925925926,0.0,0.0,0.0,"['No_Alpha_Tier', 'Expert_pullback']","['Risk_Above_55_Penalty', 'Coverage_Below_80_Cap']",2019-05-02,oos_isotonic,421.0,0.23210691658664365,0.08357221467671751
2019-06-26,v2_relative_alpha_calibrated_experts_sensitivity,pullback,-1.6866557926991252,2.5876416168802088,0.9009858241810837,0.3679469385076661,0.45734288214598257,0.3950617283950617,0.0,0.0,0.0,"['No_Alpha_Tier', 'Expert_pullback']","['Risk_Above_55_Penalty', 'Coverage_Below_80_Cap']",2019-05-02,oos_isotonic,421.0,0.23210691658664365,0.08357221467671751
2019-06-27,v2_relative_alpha_calibrated_experts_sensitivity,pullback,-1.8059357949220398,2.582153798537167,0.7762180036151274,0.3494968540707533,0.45734288214598257,0.37222222222222223,0.0,0.0,0.0,"['No_Alpha_Tier', 'Expert_pullback']","['Risk_Above_55_Penalty', 'Coverage_Below_80_Cap']",2019-05-02,oos_isotonic,421.0,0.23210691658664365,0.08357221467671751
2019-06-28,v2_relative_alpha_calibrated_experts_sensitivity,pullback,-1.0691392353767137,2.5774380293008434,1.5082987939241295,0.41932181373693866,0.45734288214598257,0.43148148148148147,0.0,0.0,0.0,"['No_Alpha_Tier', 'Expert_pullback']","['Risk_Above_55_Penalty', 'Liquidity_Below_45_Penalty', 'Coverage_Below_80_Cap']",2019-05-02,oos_isotonic,421.0,0.23210691658664365,0.08357221467671751
2019-07-01,v2_relative_alpha_calibrated_experts_sensitivity,trend,-0.4293114879420039,2.5732288318858614,2.1439173439438575,0.577198026515185,0.5986394557823129,0.5530470641220514,0.0,0.0,0.0,"['No_Alpha_Tier', 'Expert_trend']","['Risk_Above_55_Penalty', 'Liquidity_Below_45_Penalty', 'Coverage_Below_80_Cap']",2019-05-31,oos_isotonic,441.0,0.23152487804627658,0.08444720589250528
2019-07-02,v2_relative_alpha_calibrated_experts_sensitivity,trend,0.31443954969840443,2.56970427258523,2.884143822283635,0.6026019177246023,0.636734693877551,0.5842889714575241,0.0,0.0,0.0,"['No_Alpha_Tier', 'Expert_trend']","['Risk_Above_55_Penalty', 'Liquidity_Below_45_Penalty', 'Coverage_Below_80_Cap']",2019-05-31,oos_isotonic,441.0,0.23152487804627658,0.08444720589250528
2019-07-03,v2_relative_alpha_calibrated_experts_sensitivity,trend,0.08547780717947605,2.565969394449683,2.6514472016291593,0.5738009436285393,0.5986394557823129,0.5549597477903507,0.0,1.0,0.0,"['No_Alpha_Tier', 'Expert_trend']","['Risk_Above_55_Penalty', 'Liquidity_Below_45_Penalty', 'Coverage_Below_80_Cap']",2019-05-31,oos_isotonic,441.0,0.23152487804627658,0.08444720589250528
2019-07-05,v2_relative_alpha_calibrated_experts_sensitivity,trend,-0.3815314491812205,2.5630693422795976,2.181537893098377,0.5416340777632651,0.5986394557823129,0.5240302876766312,0.0,1.0,0.0,"['No_Alpha_Tier', 'Expert_trend']","['Risk_Above_55_Penalty', 'Liquidity_Below_45_Penalty', 'Coverage_Below_80_Cap']",2019-05-31,oos_isotonic,441.0,0.23152487804627658,0.08444720589250528
2019-07-08,v2_relative_alpha_calibrated_experts_sensitivity,trend,-0.24219926516942158,2.5608127015096502,2.3186134363402284,0.5521275939775475,0.5986394557823129,0.5309069413950347,0.0,1.0,0.0,"['No_Alpha_Tier', 'Expert_trend']","['Risk_Above_55_Penalty', 'Liquidity_Below_45_Penalty', 'Coverage_Below_80_Cap']",2019-05-31,oos_isotonic,441.0,0.23152487804627658,0.08444720589250528
2019-07-09,v2_relative_alpha_calibrated_experts_sensitivity,trend,-0.8898043761721599,2.558253032019457,1.6684486558472968,0.49673566832824645,0.5922902494331066,0.4897342791195181,0.0,1.0,0.0,"['No_Alpha_Tier', 'Expert_trend']","['Risk_Above_55_Penalty', 'Liquidity_Below_45_Penalty', 'Coverage_Below_80_Cap']",2019-05-31,oos_isotonic,441.0,0.23152487804627658,0.08444720589250528
2019-07-10,v2_relative_alpha_calibrated_experts_sensitivity,trend,-0.7092069658773957,2.5561606213106103,1.8469536554332144,0.49075398022911054,0.5922902494331066,0.49149073917694086,0.0,1.0,0.0,"['No_Alpha_Tier', 'Expert_trend']","['Risk_Above_55_Penalty', 'Liquidity_Below_45_Penalty', 'Coverage_Below_80_Cap']",2019-05-31,oos_isotonic,441.0,0.23152487804627658,0.08444720589250528
2019-07-11,v2_relative_alpha_calibrated_experts_sensitivity,trend,-0.22823170836005846,2.5547603443838462,2.3265286360237876,0.5342053604985192,0.5986394557823129,0.5281779541744075,0.0,1.0,0.0,"['No_Alpha_Tier', 'Expert_trend']","['Risk_Above_55_Penalty', 'Liquidity_Below_45_Penalty', 'Coverage_Below_80_Cap']",2019-05-31,oos_isotonic,441.0,0.23152487804627658,0.08444720589250528
2019-07-12,v2_relative_alpha_calibrated_experts_sensitivity,trend,-0.14267984042642248,2.554238365073317,2.4115585246468942,0.5299634325855653,0.5986394557823129,0.5240049541181107,0.0,4.0,0.0,"['No_Alpha_Tier', 'Expert_trend']","['Liquidity_Below_45_Penalty', 'Coverage_Below_80_Cap']",2019-05-31,oos_isotonic,441.0,0.23152487804627658,0.08444720589250528
2019-07-15,v2_relative_alpha_calibrated_experts_sensitivity,trend,0.18818686651461794,2.553358337766307,2.7415452042809254,0.5693317683720585,0.5986394557823129,0.5568006530428419,0.0,4.0,0.0,"['No_Alpha_Tier', 'Expert_trend']","['Liquidity_Below_45_Penalty', 'Coverage_Below_80_Cap']",2019-05-31,oos_isotonic,441.0,0.23152487804627658,0.08444720589250528
2019-07-16,v2_relative_alpha_calibrated_experts_sensitivity,trend,0.77686548516618,2.5515908808534555,3.328456366019636,0.6324759566002931,0.7329095572655292,0.6034341045994484,0.0,4.0,0.0,"['No_Alpha_Tier', 'Expert_trend']","['Liquidity_Below_45_Penalty', 'Coverage_Below_80_Cap']",2019-05-31,oos_isotonic,441.0,0.23152487804627658,0.08444720589250528
2019-07-17,v2_relative_alpha_calibrated_experts_sensitivity,trend,0.44136306537052106,2.549628923219441,2.990991988589962,0.6213442475710222,0.7329095572655292,0.5865112875077408,0.0,4.0,0.0,"['No_Alpha_Tier', 'Expert_trend']","['Liquidity_Below_45_Penalty', 'Coverage_Below_80_Cap']",2019-05-31,oos_isotonic,441.0,0.23152487804627658,0.08444720589250528
2019-07-18,v2_relative_alpha_calibrated_experts_sensitivity,trend,1.0642205910928015,2.54715175302768,3.6113723441204817,0.6690560884207482,0.7329095572655292,0.6375738895456848,0.0,4.0,0.0,"['No_Alpha_Tier', 'Expert_trend']","['Liquidity_Below_45_Penalty', 'Coverage_Below_80_Cap']",2019-05-31,oos_isotonic,441.0,0.23152487804627658,0.08444720589250528
2019-07-19,v2_relative_alpha_calibrated_experts_sensitivity,trend,1.3781285472069706,2.5431491534997783,3.921277700706749,0.704768037536197,0.7329095572655292,0.6609046895231662,0.0,4.0,0.0,"['No_Alpha_Tier', 'Expert_trend']","['Liquidity_Below_45_Penalty', 'Coverage_Below_80_Cap']",2019-05-31,oos_isotonic,441.0,0.23152487804627658,0.08444720589250528
2019-07-22,v2_relative_alpha_calibrated_experts_sensitivity,trend,1.2519528390540475,2.537140889945754,3.7890937289998017,0.6925265592449497,0.7329095572655292,0.6440972808647188,0.0,4.0,0.0,"['No_Alpha_Tier', 'Expert_trend']","['Liquidity_Below_45_Penalty', 'Coverage_Below_80_Cap']",2019-05-31,oos_isotonic,441.0,0.23152487804627658,0.08444720589250528
2019-07-23,v2_relative_alpha_calibrated_experts_sensitivity,trend,1.3957708851286692,2.533178620997011,3.92894950612568,0.7053415514349373,0.7329095572655292,0.6671874120362551,0.0,4.0,0.0,"['No_Alpha_Tier', 'Expert_trend']","['Liquidity_Below_45_Penalty', 'Coverage_Below_80_Cap']",2019-05-31,oos_isotonic,441.0,0.23152487804627658,0.08444720589250528
2019-07-24,v2_relative_alpha_calibrated_experts_sensitivity,trend,1.7883543705349076,2.529609538128166,4.3179639086630734,0.727868531670657,0.7329095572655292,0.6918904464335979,0.0,4.0,0.0,"['No_Alpha_Tier', 'Expert_trend']","['Liquidity_Below_45_Penalty', 'Coverage_Below_80_Cap']",2019-05-31,oos_isotonic,441.0,0.23152487804627658,0.08444720589250528
2019-07-25,v2_relative_alpha_calibrated_experts_sensitivity,trend,1.7739519289034222,2.526921553808253,4.300873482711675,0.7382552133859959,0.7329095572655292,0.6895555367899566,0.0,4.0,0.0,"['No_Alpha_Tier', 'Expert_trend']",['Coverage_Below_80_Cap'],2019-05-31,oos_isotonic,441.0,0.23152487804627658,0.08444720589250528
2019-07-26,v2_relative_alpha_calibrated_experts_sensitivity,trend,1.9357257541852153,2.524758654626673,4.4604844088118885,0.7427428598657962,0.7329095572655292,0.7010583797781906,2.0,4.0,2.0,"['Tier_1', 'Expert_trend']",['Coverage_Below_80_Cap'],2019-05-31,oos_isotonic,441.0,0.23152487804627658,0.08444720589250528
2019-07-29,v2_relative_alpha_calibrated_experts_sensitivity,trend,2.1665627328980683,2.525038620459325,4.6916013533573935,0.7535957380057517,0.7329095572655292,0.7100292743342904,2.0,4.0,2.0,"['Tier_1', 'Expert_trend']",['Coverage_Below_80_Cap'],2019-05-31,oos_isotonic,441.0,0.23152487804627658,0.08444720589250528
2019-07-30,v2_relative_alpha_calibrated_experts_sensitivity,trend,2.589963422844045,2.5241103583024214,5.114073781146466,0.7755661770980067,0.78,0.7300216742667343,2.0,4.0,2.0,"['Tier_1', 'Expert_trend']",['Coverage_Below_80_Cap'],2019-05-31,oos_isotonic,441.0,0.23152487804627658,0.08444720589250528
2019-07-31,v2_relative_alpha_calibrated_experts_sensitivity,pullback,2.5677387826046583,2.5221551229054775,5.089893905510136,0.7370686374782685,0.7329095572655292,0.634567901234568,0.0,4.0,0.0,"['No_Alpha_Tier', 'Expert_pullback']",['Coverage_Below_80_Cap'],2019-05-31,oos_isotonic,441.0,0.23152487804627658,0.08444720589250528
2019-08-01,v2_relative_alpha_calibrated_experts_sensitivity,pullback,3.335000539039941,2.516484142586907,5.8514846816268475,0.7794661090983022,0.78,0.6696892294593444,0.0,4.0,0.0,"['No_Alpha_Tier', 'Expert_pullback']",['Coverage_Below_80_Cap'],2019-07-02,oos_isotonic,463.0,0.23016510174149704,0.0646075198012646
2019-08-02,v2_relative_alpha_calibrated_experts_sensitivity,pullback,4.042177547606433,4.567318390116368,8.6094959377228,0.8236423986621089,0.78,0.7181140911025969,2.0,4.0,2.0,"['Tier_1', 'Expert_pullback']",['Coverage_Below_80_Cap'],2019-07-02,oos_isotonic,463.0,0.23016510174149704,0.0646075198012646
2019-08-05,v2_relative_alpha_calibrated_experts_sensitivity,pullback,4.508165012617244,4.237443451102977,8.74560846372022,0.8639773133343405,0.78,0.7434227330779054,2.0,2.0,2.0,"['Tier_1', 'Expert_pullback']","['Coverage_Below_80_Cap', 'VIX_Backwardation_Cap']",2019-07-02,oos_isotonic,463.0,0.23016510174149704,0.0646075198012646
2019-08-06,v2_relative_alpha_calibrated_experts_sensitivity,pullback,3.2199536519642398,4.237443451102977,7.457397103067217,0.8011557371039453,0.78,0.6591528309919115,0.0,2.0,0.0,"['No_Alpha_Tier', 'Expert_pullback']","['Coverage_Below_80_Cap', 'VIX_Backwardation_Cap']",2019-07-02,oos_isotonic,463.0,0.23016510174149704,0.0646075198012646
2019-08-07,v2_relative_alpha_calibrated_experts_sensitivity,pullback,2.2506074298573777,4.528915064233438,6.779522494090815,0.7102410637563552,0.7279963176716355,0.6172413793103448,0.0,4.0,0.0,"['No_Alpha_Tier', 'Expert_pullback']",['Coverage_Below_80_Cap'],2019-07-02,oos_isotonic,463.0,0.23016510174149704,0.0646075198012646
2019-08-08,v2_relative_alpha_calibrated_experts_sensitivity,pullback,1.824397129409339,4.523763812536205,6.348160941945544,0.6426878554123654,0.7279963176716355,0.5973180076628353,0.0,4.0,0.0,"['No_Alpha_Tier', 'Expert_pullback']",['Coverage_Below_80_Cap'],2019-07-02,oos_isotonic,463.0,0.23016510174149704,0.0646075198012646
2019-08-09,v2_relative_alpha_calibrated_experts_sensitivity,pullback,3.343224518562478,4.521844006691447,7.865068525253925,0.80276936670246,0.78,0.6628565346956152,0.0,4.0,0.0,"['No_Alpha_Tier', 'Expert_pullback']",['Coverage_Below_80_Cap'],2019-07-02,oos_isotonic,463.0,0.23016510174149704,0.0646075198012646
2019-08-12,v2_relative_alpha_calibrated_experts_sensitivity,pullback,6.38135488786712,4.512999152194172,10.894354040061293,0.9307803562782979,0.78,0.872137079608344,4.0,2.0,2.0,"['Tier_2', 'Expert_pullback']","['Coverage_Below_80_Cap', 'VIX_Backwardation_Cap']",2019-07-02,oos_isotonic,463.0,0.23016510174149704,0.0646075198012646
2019-08-13,v2_relative_alpha_calibrated_experts_sensitivity,pullback,3.8187604167654934,4.237443451102977,8.056203867868469,0.8157101168834017,0.78,0.68495104299702,0.0,4.0,0.0,"['No_Alpha_Tier', 'Expert_pullback']",['Coverage_Below_80_Cap'],2019-07-02,oos_isotonic,463.0,0.23016510174149704,0.0646075198012646
2019-08-14,v2_relative_alpha_calibrated_experts_sensitivity,pullback,5.290657125943256,4.237443451102977,9.528100577046233,0.9013253022962557,0.78,0.8119412515964242,4.0,2.0,2.0,"['Tier_2', 'Expert_pullback']","['Risk_Above_55_Penalty', 'Coverage_Below_80_Cap', 'Weak_Regime_Cap', 'VIX_Backwardation_Cap']",2019-07-02,oos_isotonic,463.0,0.23016510174149704,0.0646075198012646
2019-08-15,v2_relative_alpha_calibrated_experts_sensitivity,pullback,4.42838492362334,4.237443451102977,8.665828374726317,0.8681742465675479,0.78,0.7672200936568753,2.0,2.0,2.0,"['Tier_1', 'Expert_pullback']","['Risk_Above_55_Penalty', 'Coverage_Below_80_Cap', 'Weak_Regime_Cap', 'VIX_Backwardation_Cap']",2019-07-02,oos_isotonic,463.0,0.23016510174149704,0.0646075198012646
2019-08-16,v2_relative_alpha_calibrated_experts_sensitivity,pullback,3.138901376120989,4.237443451102977,7.376344827223965,0.7772268864400975,0.78,0.6658790974882929,0.0,2.0,0.0,"['No_Alpha_Tier', 'Expert_pullback']","['Coverage_Below_80_Cap', 'Weak_Regime_Cap']",2019-07-02,oos_isotonic,463.0,0.23016510174149704,0.0646075198012646
2019-08-19,v2_relative_alpha_calibrated_experts_sensitivity,pullback,3.3710910665623692,4.237443451102977,7.608534517665347,0.7566178863131371,0.7279963176716355,0.6667092379736059,0.0,4.0,0.0,"['No_Alpha_Tier', 'Expert_pullback']",['Coverage_Below_80_Cap'],2019-07-02,oos_isotonic,463.0,0.23016510174149704,0.0646075198012646
2019-08-20,v2_relative_alpha_calibrated_experts_sensitivity,pullback,3.281204030869468,4.237443451102977,7.518647481972446,0.7937299060284659,0.78,0.6681779480630057,0.0,4.0,0.0,"['No_Alpha_Tier', 'Expert_pullback']",['Coverage_Below_80_Cap'],2019-07-02,oos_isotonic,463.0,0.23016510174149704,0.0646075198012646
2019-08-21,v2_relative_alpha_calibrated_experts_sensitivity,pullback,4.099629599967256,4.237443451102977,8.337073051070231,0.8280951444238336,0.78,0.6895487441464453,0.0,4.0,0.0,"['No_Alpha_Tier', 'Expert_pullback']",['Coverage_Below_80_Cap'],2019-07-02,oos_isotonic,463.0,0.23016510174149704,0.0646075198012646
2019-08-22,v2_relative_alpha_calibrated_experts_sensitivity,pullback,4.299464943252775,4.237443451102977,8.536908394355752,0.8520850141886389,0.78,0.7341634738186463,2.0,4.0,2.0,"['Tier_1', 'Expert_pullback']",['Coverage_Below_80_Cap'],2019-07-02,oos_isotonic,463.0,0.23016510174149704,0.0646075198012646
2019-08-23,v2_relative_alpha_calibrated_experts_sensitivity,pullback,6.3368198717311195,4.237443451102977,10.574263322834096,0.9280718677629427,0.78,0.8660280970625799,4.0,2.0,2.0,"['Tier_2', 'Expert_pullback']","['Risk_Above_55_Penalty', 'Coverage_Below_80_Cap', 'Weak_Regime_Cap']",2019-07-02,oos_isotonic,463.0,0.23016510174149704,0.0646075198012646
2019-08-26,v2_relative_alpha_calibrated_experts_sensitivity,pullback,3.5939225554009315,4.237443451102977,7.8313660065039095,0.8188694627780293,0.78,0.6906768837803321,0.0,2.0,0.0,"['No_Alpha_Tier', 'Expert_pullback']","['Risk_Above_55_Penalty', 'Coverage_Below_80_Cap', 'Weak_Regime_Cap']",2019-07-02,oos_isotonic,463.0,0.23016510174149704,0.0646075198012646
2019-08-27,v2_relative_alpha_calibrated_experts_sensitivity,pullback,3.1403305153059815,4.237443451102977,7.3777739664089586,0.7773580975940615,0.78,0.6749680715197957,0.0,2.0,0.0,"['No_Alpha_Tier', 'Expert_pullback']","['Risk_Above_55_Penalty', 'Coverage_Below_80_Cap', 'Weak_Regime_Cap']",2019-07-02,oos_isotonic,463.0,0.23016510174149704,0.0646075198012646
2019-08-28,v2_relative_alpha_calibrated_experts_sensitivity,pullback,2.9448490458404457,4.237443451102977,7.182292496943423,0.7436534307614462,0.7279963176716355,0.666602809706258,0.0,2.0,0.0,"['No_Alpha_Tier', 'Expert_pullback']","['Risk_Above_55_Penalty', 'Coverage_Below_80_Cap', 'Weak_Regime_Cap']",2019-07-02,oos_isotonic,463.0,0.23016510174149704,0.0646075198012646
2019-08-29,v2_relative_alpha_calibrated_experts_sensitivity,pullback,2.4340020490746004,4.237443451102977,6.671445500177578,0.7105653383112602,0.7279963176716355,0.6185185185185185,0.0,2.0,0.0,"['No_Alpha_Tier', 'Expert_pullback']","['Risk_Above_55_Penalty', 'Coverage_Below_80_Cap', 'Weak_Regime_Cap']",2019-07-02,oos_isotonic,463.0,0.23016510174149704,0.0646075198012646
2019-08-30,v2_relative_alpha_calibrated_experts_sensitivity,pullback,3.7849480328327143,4.237443451102977,8.02239148393569,0.8169448420293828,0.78,0.7045338441890167,2.0,2.0,2.0,"['Tier_1', 'Expert_pullback']","['Risk_Above_55_Penalty', 'Coverage_Below_80_Cap']",2019-07-02,oos_isotonic,463.0,0.23016510174149704,0.0646075198012646
2019-09-03,v2_relative_alpha_calibrated_experts_sensitivity,pullback,3.8375062997237133,4.237443451102977,8.07494975082669,0.8378667776132176,0.78,0.723807024493299,2.0,0.0,0.0,"['Tier_1', 'Expert_pullback']","['Risk_Above_55_Penalty', 'Coverage_Below_80_Cap']",2019-08-02,oos_isotonic,485.0,0.22826042032769778,0.06945840657513423
2019-09-04,v2_relative_alpha_calibrated_experts_sensitivity,pullback,3.416854191545414,4.244535688877041,7.661389880422455,0.8108564165608853,0.78,0.6988179177394863,0.0,2.0,0.0,"['No_Alpha_Tier', 'Expert_pullback']","['Risk_Above_55_Penalty', 'Coverage_Below_80_Cap']",2019-08-02,oos_isotonic,485.0,0.22826042032769778,0.06945840657513423
2019-09-05,v2_relative_alpha_calibrated_experts_sensitivity,trend,0.6715758960354413,-0.7891943977768018,-0.1176185017413605,0.6305864471619334,0.7268277843501775,0.5948256350336115,0.0,4.0,0.0,"['No_Alpha_Tier', 'Expert_trend']","['Risk_Above_55_Penalty', 'Coverage_Below_80_Cap']",2019-08-02,oos_isotonic,485.0,0.22826042032769778,0.06945840657513423
2019-09-06,v2_relative_alpha_calibrated_experts_sensitivity,trend,0.16574854338828995,-0.7891943977768018,-0.6234458543885119,0.5832160778356519,0.6005453940804789,0.5635330605810979,0.0,4.0,0.0,"['No_Alpha_Tier', 'Expert_trend']","['Risk_Above_55_Penalty', 'Coverage_Below_80_Cap']",2019-08-02,oos_isotonic,485.0,0.22826042032769778,0.06945840657513423
2019-09-09,v2_relative_alpha_calibrated_experts_sensitivity,pullback,2.6340465443096783,-0.7891943977768018,1.8448521465328764,0.7767717819373994,0.78,0.6569267841816862,0.0,4.0,0.0,"['No_Alpha_Tier', 'Expert_pullback']",['Coverage_Below_80_Cap'],2019-08-02,oos_isotonic,485.0,0.22826042032769778,0.06945840657513423
2019-09-10,v2_relative_alpha_calibrated_experts_sensitivity,pullback,3.4680214052518523,-0.7891943977768018,2.678827007475051,0.8332298923097821,0.78,0.7067366475209613,2.0,4.0,2.0,"['Tier_1', 'Expert_pullback']",['Coverage_Below_80_Cap'],2019-08-02,oos_isotonic,485.0,0.22826042032769778,0.06945840657513423
2019-09-11,v2_relative_alpha_calibrated_experts_sensitivity,trend,1.3683973154559268,-0.7891943977768018,0.579202917679125,0.690981490306265,0.7268277843501775,0.6657258495358961,0.0,4.0,0.0,"['No_Alpha_Tier', 'Expert_trend']",['Coverage_Below_80_Cap'],2019-08-02,oos_isotonic,485.0,0.22826042032769778,0.06945840657513423
2019-09-12,v2_relative_alpha_calibrated_experts_sensitivity,trend,1.9544104924010188,-0.7891943977768018,1.165216094624217,0.7461417983718962,0.7268277843501775,0.7178167585223585,2.0,4.0,2.0,"['Tier_1', 'Expert_trend']",['Coverage_Below_80_Cap'],2019-08-02,oos_isotonic,485.0,0.22826042032769778,0.06945840657513423
2019-09-13,v2_relative_alpha_calibrated_experts_sensitivity,trend,2.444062497174369,-0.7891943977768018,1.6548680993975673,0.7765159021159687,0.78,0.7486143232837807,2.0,3.0,2.0,"['Tier_1', 'Expert_trend']","['Risk_Above_55_Penalty', 'Liquidity_Below_45_Penalty', 'Coverage_Below_80_Cap']",2019-08-02,oos_isotonic,485.0,0.22826042032769778,0.06945840657513423
2019-09-16,v2_relative_alpha_calibrated_experts_sensitivity,trend,2.4432614513970754,-0.7891943977768018,1.6540670536202735,0.7746962043485461,0.78,0.7425808577104207,2.0,3.0,2.0,"['Tier_1', 'Expert_trend']","['Risk_Above_55_Penalty', 'Liquidity_Below_45_Penalty', 'Coverage_Below_80_Cap']",2019-08-02,oos_isotonic,485.0,0.22826042032769778,0.06945840657513423
2019-09-17,v2_relative_alpha_calibrated_experts_sensitivity,trend,1.6713665540868887,-0.7891943977768018,0.8821721563100869,0.727516365888983,0.7268277843501775,0.6923723297797417,0.0,1.0,0.0,"['No_Alpha_Tier', 'Expert_trend']","['Risk_Above_55_Penalty', 'Liquidity_Below_45_Penalty', 'Coverage_Below_80_Cap']",2019-08-02,oos_isotonic,485.0,0.22826042032769778,0.06945840657513423
2019-09-18,v2_relative_alpha_calibrated_experts_sensitivity,trend,1.690296221992716,-0.7891943977768018,0.9011018242159142,0.7304033137232723,0.7268277843501775,0.6967776402910429,0.0,1.0,0.0,"['No_Alpha_Tier', 'Expert_trend']","['Risk_Above_55_Penalty', 'Liquidity_Below_45_Penalty', 'Coverage_Below_80_Cap']",2019-08-02,oos_isotonic,485.0,0.22826042032769778,0.06945840657513423
2019-09-19,v2_relative_alpha_calibrated_experts_sensitivity,trend,1.0897525614407075,-0.7891943977768018,0.30055816366390575,0.6866518863430543,0.7268277843501775,0.6573120347615485,0.0,1.0,0.0,"['No_Alpha_Tier', 'Expert_trend']","['Risk_Above_55_Penalty', 'Liquidity_Below_45_Penalty', 'Coverage_Below_80_Cap']",2019-08-02,oos_isotonic,485.0,0.22826042032769778,0.06945840657513423
2019-09-20,v2_relative_alpha_calibrated_experts_sensitivity,pullback,1.1715853359560664,-0.7891943977768018,0.3823909381792646,0.6480136654049051,0.7268277843501775,0.601975968838714,0.0,1.0,0.0,"['No_Alpha_Tier', 'Expert_pullback']","['Risk_Above_55_Penalty', 'Liquidity_Below_45_Penalty', 'Coverage_Below_80_Cap']",2019-08-02,oos_isotonic,485.0,0.22826042032769778,0.06945840657513423
2019-09-23,v2_relative_alpha_calibrated_experts_sensitivity,pullback,1.7991613187614177,-0.7891943977768018,1.009966920984616,0.6883664776073829,0.7268277843501775,0.6138852578068265,0.0,1.0,0.0,"['No_Alpha_Tier', 'Expert_pullback']","['Risk_Above_55_Penalty', 'Liquidity_Below_45_Penalty', 'Coverage_Below_80_Cap']",2019-08-02,oos_isotonic,485.0,0.22826042032769778,0.06945840657513423
2019-09-24,v2_relative_alpha_calibrated_experts_sensitivity,pullback,2.050424336839624,4.3560217206739535,6.406446057513578,0.7404238652825332,0.7268277843501775,0.632403776325345,0.0,1.0,0.0,"['No_Alpha_Tier', 'Expert_pullback']","['Risk_Above_55_Penalty', 'Liquidity_Below_45_Penalty', 'Coverage_Below_80_Cap']",2019-08-02,oos_isotonic,485.0,0.22826042032769778,0.06945840657513423
2019-09-25,v2_relative_alpha_calibrated_experts_sensitivity,pullback,0.5731992193883696,-0.7891943977768018,-0.21599517838843213,0.5937802090783934,0.6005453940804789,0.5572275037961313,0.0,1.0,0.0,"['No_Alpha_Tier', 'Expert_pullback']","['Risk_Above_55_Penalty', 'Liquidity_Below_45_Penalty', 'Coverage_Below_80_Cap']",2019-08-02,oos_isotonic,485.0,0.22826042032769778,0.06945840657513423
2019-09-26,v2_relative_alpha_calibrated_experts_sensitivity,pullback,0.4326389091105852,-0.7891943977768018,-0.35655548866621656,0.5903048098954218,0.6005453940804789,0.5484841882881099,0.0,0.0,0.0,"['No_Alpha_Tier', 'Expert_pullback']","['Risk_Above_55_Penalty', 'Liquidity_Below_45_Penalty', 'Coverage_Below_80_Cap']",2019-08-02,oos_isotonic,485.0,0.22826042032769778,0.06945840657513423
2019-09-27,v2_relative_alpha_calibrated_experts_sensitivity,pullback,2.0530466033929633,4.3646665364218435,6.417713139814807,0.7447099981106375,0.7268277843501775,0.632403776325345,0.0,0.0,0.0,"['No_Alpha_Tier', 'Expert_pullback']","['Risk_Above_55_Penalty', 'Liquidity_Below_45_Penalty', 'Coverage_Below_80_Cap']",2019-08-02,oos_isotonic,485.0,0.22826042032769778,0.06945840657513423
2019-09-30,v2_relative_alpha_calibrated_experts_sensitivity,pullback,1.8483988433451373,4.344037608790845,6.192436452135983,0.7084535907240213,0.7268277843501775,0.6228467683369645,0.0,0.0,0.0,"['No_Alpha_Tier', 'Expert_pullback']","['Risk_Above_55_Penalty', 'Liquidity_Below_45_Penalty', 'Coverage_Below_80_Cap']",2019-08-02,oos_isotonic,485.0,0.22826042032769778,0.06945840657513423
2019-10-01,v2_relative_alpha_calibrated_experts_sensitivity,pullback,1.917206918474588,4.333621285112671,6.250828203587258,0.7248717681679516,0.722973543255965,0.631308419864142,0.0,0.0,0.0,"['No_Alpha_Tier', 'Expert_pullback']","['Risk_Above_55_Penalty', 'Liquidity_Below_45_Penalty', 'Coverage_Below_80_Cap']",2019-08-30,oos_isotonic,505.0,0.2298849986015045,0.06939010688715021
2019-10-02,v2_relative_alpha_calibrated_experts_sensitivity,pullback,1.8816472255547823,4.3247479664474255,6.206395192002208,0.7317308334730017,0.722973543255965,0.6322209265737502,0.0,0.0,0.0,"['No_Alpha_Tier', 'Expert_pullback']","['Risk_Above_55_Penalty', 'Liquidity_Below_45_Penalty', 'Coverage_Below_80_Cap']",2019-08-30,oos_isotonic,505.0,0.2298849986015045,0.06939010688715021
2019-10-03,v2_relative_alpha_calibrated_experts_sensitivity,pullback,1.2395273770128823,4.291227701497532,5.530755078510414,0.641416824790809,0.722973543255965,0.6007607307457383,0.0,0.0,0.0,"['No_Alpha_Tier', 'Expert_pullback']","['Risk_Above_55_Penalty', 'Liquidity_Below_45_Penalty', 'Coverage_Below_80_Cap', 'Weak_Regime_Cap']",2019-08-30,oos_isotonic,505.0,0.2298849986015045,0.06939010688715021
2019-10-04,v2_relative_alpha_calibrated_experts_sensitivity,pullback,0.43748311517182553,4.291227701497532,4.728710816669357,0.5747990202429218,0.5441695718867662,0.5544320432376404,0.0,2.0,0.0,"['No_Alpha_Tier', 'Expert_pullback']","['Risk_Above_55_Penalty', 'Coverage_Below_80_Cap', 'Weak_Regime_Cap']",2019-08-30,oos_isotonic,505.0,0.2298849986015045,0.06939010688715021
2019-10-07,v2_relative_alpha_calibrated_experts_sensitivity,pullback,0.0019124634233638619,4.291227701497532,4.293140164920896,0.5507561694869203,0.5441695718867662,0.5163011087049069,0.0,0.0,0.0,"['No_Alpha_Tier', 'Expert_pullback']","['Risk_Above_55_Penalty', 'Coverage_Below_80_Cap']",2019-08-30,oos_isotonic,505.0,0.2298849986015045,0.06939010688715021
2019-10-08,v2_relative_alpha_calibrated_experts_sensitivity,pullback,1.4624715271058215,4.291227701497532,5.753699228603353,0.6898389375573415,0.722973543255965,0.6069335702519112,0.0,0.0,0.0,"['No_Alpha_Tier', 'Expert_pullback']","['Risk_Above_55_Penalty', 'Coverage_Below_80_Cap', 'Weak_Regime_Cap']",2019-08-30,oos_isotonic,505.0,0.2298849986015045,0.06939010688715021
2019-10-09,v2_relative_alpha_calibrated_experts_sensitivity,pullback,0.9865688490058665,4.291227701497532,5.277796550503398,0.6085177387554441,0.5934653465346534,0.5757713735724731,0.0,0.0,0.0,"['No_Alpha_Tier', 'Expert_pullback']","['Risk_Above_55_Penalty', 'Coverage_Below_80_Cap', 'Weak_Regime_Cap']",2019-08-30,oos_isotonic,505.0,0.2298849986015045,0.06939010688715021
2019-10-10,v2_relative_alpha_calibrated_experts_sensitivity,pullback,-0.09712813346303528,4.291227701497532,4.194099568034496,0.5218977099507747,0.5441695718867662,0.5021304162733449,0.0,0.0,0.0,"['No_Alpha_Tier', 'Expert_pullback']","['Risk_Above_55_Penalty', 'Coverage_Below_80_Cap', 'Weak_Regime_Cap']",2019-08-30,oos_isotonic,505.0,0.2298849986015045,0.06939010688715021
2019-10-11,v2_relative_alpha_calibrated_experts_sensitivity,trend,0.18568775447853877,-0.8397496608882924,-0.6540619064097536,0.4676226269666532,0.4724127149557061,0.5213531151096803,0.0,2.0,0.0,"['No_Alpha_Tier', 'Expert_trend']","['Risk_Above_55_Penalty', 'Coverage_Below_80_Cap', 'Weak_Regime_Cap']",2019-08-30,oos_isotonic,505.0,0.2298849986015045,0.06939010688715021
2019-10-14,v2_relative_alpha_calibrated_experts_sensitivity,trend,0.4820939759519724,-0.8291004477107785,-0.3470064717588061,0.4987547144962658,0.5441695718867662,0.5421266802175416,0.0,0.0,0.0,"['No_Alpha_Tier', 'Expert_trend']","['Risk_Above_55_Penalty', 'Coverage_Below_80_Cap']",2019-08-30,oos_isotonic,505.0,0.2298849986015045,0.06939010688715021
2019-10-15,v2_relative_alpha_calibrated_experts_sensitivity,trend,0.9528683591319185,-0.813920363074841,0.13894799605707747,0.5405337103209032,0.5441695718867662,0.5639147988740951,0.0,2.0,0.0,"['No_Alpha_Tier', 'Expert_trend']","['Risk_Above_55_Penalty', 'Coverage_Below_80_Cap']",2019-08-30,oos_isotonic,505.0,0.2298849986015045,0.06939010688715021
2019-10-16,v2_relative_alpha_calibrated_experts_sensitivity,trend,1.1299727792094938,-0.7905570694624504,0.33941570974704327,0.5692085322982822,0.5441695718867662,0.5793070353141256,0.0,2.0,0.0,"['No_Alpha_Tier', 'Expert_trend']","['Risk_Above_55_Penalty', 'Coverage_Below_80_Cap']",2019-08-30,oos_isotonic,505.0,0.2298849986015045,0.06939010688715021
2019-10-17,v2_relative_alpha_calibrated_experts_sensitivity,trend,2.0946571691237086,-0.7703124188087068,1.3243447503150017,0.6623181265460985,0.722973543255965,0.6469891081432573,0.0,2.0,0.0,"['No_Alpha_Tier', 'Expert_trend']","['Risk_Above_55_Penalty', 'Coverage_Below_80_Cap']",2019-08-30,oos_isotonic,505.0,0.2298849986015045,0.06939010688715021
2019-10-18,v2_relative_alpha_calibrated_experts_sensitivity,trend,2.5695078948011885,-0.7497379604062155,1.8197699343949727,0.7072494394756759,0.722973543255965,0.6918743633817163,0.0,2.0,0.0,"['No_Alpha_Tier', 'Expert_trend']","['Risk_Above_55_Penalty', 'Coverage_Below_80_Cap']",2019-08-30,oos_isotonic,505.0,0.2298849986015045,0.06939010688715021
2019-10-21,v2_relative_alpha_calibrated_experts_sensitivity,trend,1.8547174758321856,-0.7288486640926685,1.1258688117395173,0.6534445202629694,0.722973543255965,0.6378054346738695,0.0,0.0,0.0,"['No_Alpha_Tier', 'Expert_trend']","['Risk_Above_55_Penalty', 'Liquidity_Below_45_Penalty', 'Coverage_Below_80_Cap']",2019-08-30,oos_isotonic,505.0,0.2298849986015045,0.06939010688715021
2019-10-22,v2_relative_alpha_calibrated_experts_sensitivity,trend,2.3629036226988376,-0.6999074802223716,1.6629961424764659,0.7010070432419471,0.722973543255965,0.7012092336934774,2.0,0.0,0.0,"['Tier_1', 'Expert_trend']","['Risk_Above_55_Penalty', 'Liquidity_Below_45_Penalty', 'Coverage_Below_80_Cap']",2019-08-30,oos_isotonic,505.0,0.2298849986015045,0.06939010688715021
2019-10-23,v2_relative_alpha_calibrated_experts_sensitivity,trend,2.3324954757443206,-0.6999074802223716,1.632587995521949,0.6817519819094743,0.722973543255965,0.6772173926388738,0.0,0.0,0.0,"['No_Alpha_Tier', 'Expert_trend']","['Risk_Above_55_Penalty', 'Liquidity_Below_45_Penalty', 'Coverage_Below_80_Cap']",2019-08-30,oos_isotonic,505.0,0.2298849986015045,0.06939010688715021
2019-10-24,v2_relative_alpha_calibrated_experts_sensitivity,trend,1.297174575988655,-0.6759254747499889,0.6212491012386663,0.604840717648462,0.5934653465346534,0.5924618142711631,0.0,0.0,0.0,"['No_Alpha_Tier', 'Expert_trend']","['Risk_Above_55_Penalty', 'Liquidity_Below_45_Penalty', 'Coverage_Below_80_Cap']",2019-08-30,oos_isotonic,505.0,0.2298849986015045,0.06939010688715021
2019-10-25,v2_relative_alpha_calibrated_experts_sensitivity,trend,0.4305074525524123,-0.6391307305272862,-0.2086232779748739,0.5022241033117669,0.5441695718867662,0.530962811260868,0.0,0.0,0.0,"['No_Alpha_Tier', 'Expert_trend']","['Risk_Above_55_Penalty', 'Liquidity_Below_45_Penalty', 'Coverage_Below_80_Cap']",2019-08-30,oos_isotonic,505.0,0.2298849986015045,0.06939010688715021
2019-10-28,v2_relative_alpha_calibrated_experts_sensitivity,trend,-0.5137573717589642,-0.6391307305272862,-1.1528881022862505,0.42374686316085486,0.4023762376237624,0.4783995416348358,0.0,0.0,0.0,"['No_Alpha_Tier', 'Expert_trend']","['Risk_Above_55_Penalty', 'Liquidity_Below_45_Penalty', 'Coverage_Below_80_Cap']",2019-08-30,oos_isotonic,505.0,0.2298849986015045,0.06939010688715021
2019-10-29,v2_relative_alpha_calibrated_experts_sensitivity,trend,-0.7884042458610296,-0.6391307305272862,-1.4275349763883158,0.39386509839171174,0.4023762376237624,0.4529347818672924,0.0,0.0,0.0,"['No_Alpha_Tier', 'Expert_trend']","['Risk_Above_55_Penalty', 'Liquidity_Below_45_Penalty', 'Coverage_Below_80_Cap']",2019-08-30,oos_isotonic,505.0,0.2298849986015045,0.06939010688715021
2019-10-30,v2_relative_alpha_calibrated_experts_sensitivity,trend,-0.9956451064208351,-0.6391307305272862,-1.6347758369481213,0.3903723704506803,0.4023762376237624,0.4496001241405653,0.0,0.0,0.0,"['No_Alpha_Tier', 'Expert_trend']","['Risk_Above_55_Penalty', 'Liquidity_Below_45_Penalty', 'Coverage_Below_80_Cap']",2019-08-30,oos_isotonic,505.0,0.2298849986015045,0.06939010688715021
2019-10-31,v2_relative_alpha_calibrated_experts_sensitivity,trend,-1.409837754290389,-0.6391307305272862,-2.0489684848176752,0.36064455302087867,0.4023762376237624,0.4311187827403689,0.0,0.0,0.0,"['No_Alpha_Tier', 'Expert_trend']","['Risk_Above_55_Penalty', 'Liquidity_Below_45_Penalty', 'Coverage_Below_80_Cap']",2019-08-30,oos_isotonic,505.0,0.2298849986015045,0.06939010688715021
2019-11-01,v2_relative_alpha_calibrated_experts_sensitivity,trend,-1.088320271077451,2.2911654780425836,1.2028452069651325,0.38240070321546893,0.3962019448213478,0.45288572361466445,0.0,1.0,0.0,"['No_Alpha_Tier', 'Expert_trend']","['Risk_Above_55_Penalty', 'Liquidity_Below_45_Penalty', 'Coverage_Below_80_Cap']",2019-10-03,oos_isotonic,528.0,0.23657362642381366,0.07576095444248923
2019-11-04,v2_relative_alpha_calibrated_experts_sensitivity,trend,-1.4807774933261904,2.2911654780425836,0.8103879847163931,0.3703392804506082,0.3962019448213478,0.4411561145573386,0.0,1.0,0.0,"['No_Alpha_Tier', 'Expert_trend']","['Risk_Above_55_Penalty', 'Liquidity_Below_45_Penalty', 'Coverage_Below_80_Cap']",2019-10-03,oos_isotonic,528.0,0.23657362642381366,0.07576095444248923
2019-11-05,v2_relative_alpha_calibrated_experts_sensitivity,trend,-1.4586974365226175,2.2911654780425836,0.832468041519966,0.3900744480186681,0.3962019448213478,0.4533698391786619,0.0,1.0,0.0,"['No_Alpha_Tier', 'Expert_trend']","['Risk_Above_55_Penalty', 'Liquidity_Below_45_Penalty', 'Coverage_Below_80_Cap']",2019-10-03,oos_isotonic,528.0,0.23657362642381366,0.07576095444248923
2019-11-06,v2_relative_alpha_calibrated_experts_sensitivity,trend,-1.283640655531969,2.2911654780425836,1.0075248225106144,0.40599744126571746,0.3962019448213478,0.4626663549784865,0.0,1.0,0.0,"['No_Alpha_Tier', 'Expert_trend']","['Risk_Above_55_Penalty', 'Liquidity_Below_45_Penalty', 'Coverage_Below_80_Cap']",2019-10-03,oos_isotonic,528.0,0.23657362642381366,0.07576095444248923
2019-11-07,v2_relative_alpha_calibrated_experts_sensitivity,trend,-1.806976692973878,2.2911654780425836,0.4841887850687055,0.35657507999017746,0.3962019448213478,0.42448170766432924,0.0,3.0,0.0,"['No_Alpha_Tier', 'Expert_trend']","['Risk_Above_55_Penalty', 'Liquidity_Below_45_Penalty', 'Coverage_Below_80_Cap']",2019-10-03,oos_isotonic,528.0,0.23657362642381366,0.07576095444248923
2019-11-08,v2_relative_alpha_calibrated_experts_sensitivity,trend,-1.4881795495773933,2.2911654780425836,0.8029859284651903,0.3934252075677981,0.3962019448213478,0.4471385208081691,0.0,4.0,0.0,"['No_Alpha_Tier', 'Expert_trend']",['Coverage_Below_80_Cap'],2019-10-03,oos_isotonic,528.0,0.23657362642381366,0.07576095444248923
2019-11-11,v2_relative_alpha_calibrated_experts_sensitivity,trend,-1.0477716472362042,2.2911654780425836,1.2433938308063794,0.45123841778220475,0.4526330731834615,0.4843620489628866,0.0,4.0,0.0,"['No_Alpha_Tier', 'Expert_trend']","['Risk_Above_55_Penalty', 'Coverage_Below_80_Cap']",2019-10-03,oos_isotonic,528.0,0.23657362642381366,0.07576095444248923
2019-11-12,v2_relative_alpha_calibrated_experts_sensitivity,trend,-1.1357599905238989,2.2911654780425836,1.1554054875186845,0.4300152022385239,0.3962019448213478,0.4710847223254252,0.0,4.0,0.0,"['No_Alpha_Tier', 'Expert_trend']","['Risk_Above_55_Penalty', 'Coverage_Below_80_Cap']",2019-10-03,oos_isotonic,528.0,0.23657362642381366,0.07576095444248923
2019-11-13,v2_relative_alpha_calibrated_experts_sensitivity,trend,-1.39026924187063,2.2911654780425836,0.9008962361719535,0.39417438945596484,0.3962019448213478,0.45873965340780587,0.0,4.0,0.0,"['No_Alpha_Tier', 'Expert_trend']","['Risk_Above_55_Penalty', 'Coverage_Below_80_Cap']",2019-10-03,oos_isotonic,528.0,0.23657362642381366,0.07576095444248923
2019-11-14,v2_relative_alpha_calibrated_experts_sensitivity,trend,-1.1638210693647133,2.2911654780425836,1.1273444086778701,0.42062067492494326,0.3962019448213478,0.46870648410851307,0.0,4.0,0.0,"['No_Alpha_Tier', 'Expert_trend']","['Risk_Above_55_Penalty', 'Coverage_Below_80_Cap']",2019-10-03,oos_isotonic,528.0,0.23657362642381366,0.07576095444248923
2019-11-15,v2_relative_alpha_calibrated_experts_sensitivity,trend,-1.189429448424097,2.2911654780425836,1.1017360296184866,0.4080628940504746,0.3962019448213478,0.46322845134545704,0.0,4.0,0.0,"['No_Alpha_Tier', 'Expert_trend']",['Coverage_Below_80_Cap'],2019-10-03,oos_isotonic,528.0,0.23657362642381366,0.07576095444248923
2019-11-18,v2_relative_alpha_calibrated_experts_sensitivity,trend,-1.192936476347595,2.2911654780425836,1.0982290016949887,0.4047562399621408,0.3962019448213478,0.4590080776776121,0.0,4.0,0.0,"['No_Alpha_Tier', 'Expert_trend']","['Risk_Above_55_Penalty', 'Coverage_Below_80_Cap']",2019-10-03,oos_isotonic,528.0,0.23657362642381366,0.07576095444248923
2019-11-19,v2_relative_alpha_calibrated_experts_sensitivity,trend,-1.3572492977139363,2.2911654780425836,0.9339161803286472,0.39616870913326907,0.3962019448213478,0.4519014786928406,0.0,3.0,0.0,"['No_Alpha_Tier', 'Expert_trend']","['Risk_Above_55_Penalty', 'Liquidity_Below_45_Penalty', 'Coverage_Below_80_Cap']",2019-10-03,oos_isotonic,528.0,0.23657362642381366,0.07576095444248923
2019-11-20,v2_relative_alpha_calibrated_experts_sensitivity,trend,-1.7448422228424645,2.2911654780425836,0.5463232552001189,0.35164192584181053,0.3962019448213478,0.4256311482256283,0.0,1.0,0.0,"['No_Alpha_Tier', 'Expert_trend']","['Risk_Above_55_Penalty', 'Liquidity_Below_45_Penalty', 'Coverage_Below_80_Cap']",2019-10-03,oos_isotonic,528.0,0.23657362642381366,0.07576095444248923
2019-11-21,v2_relative_alpha_calibrated_experts_sensitivity,trend,-1.8428616008390433,2.2911654780425836,0.44830387720354026,0.331149464752893,0.3962019448213478,0.42301334717850786,0.0,1.0,0.0,"['No_Alpha_Tier', 'Expert_trend']","['Risk_Above_55_Penalty', 'Liquidity_Below_45_Penalty', 'Coverage_Below_80_Cap']",2019-10-03,oos_isotonic,528.0,0.23657362642381366,0.07576095444248923
2019-11-22,v2_relative_alpha_calibrated_experts_sensitivity,trend,-1.4321340088613796,2.2911654780425836,0.8590314691812038,0.38419889738021096,0.3962019448213478,0.4420371308488314,0.0,1.0,0.0,"['No_Alpha_Tier', 'Expert_trend']","['Risk_Above_55_Penalty', 'Liquidity_Below_45_Penalty', 'Coverage_Below_80_Cap']",2019-10-03,oos_isotonic,528.0,0.23657362642381366,0.07576095444248923
2019-11-25,v2_relative_alpha_calibrated_experts_sensitivity,trend,-1.9013666289453668,2.2911654780425836,0.38979884909721674,0.3209302520110576,0.3962019448213478,0.42010187403422317,0.0,4.0,0.0,"['No_Alpha_Tier', 'Expert_trend']",['Coverage_Below_80_Cap'],2019-10-03,oos_isotonic,528.0,0.23657362642381366,0.07576095444248923
2019-11-26,v2_relative_alpha_calibrated_experts_sensitivity,trend,-1.639993907871636,2.2911654780425836,0.6511715701709476,0.36316947286783785,0.3962019448213478,0.434049515572567,0.0,4.0,0.0,"['No_Alpha_Tier', 'Expert_trend']",['Coverage_Below_80_Cap'],2019-10-03,oos_isotonic,528.0,0.23657362642381366,0.07576095444248923
2019-11-27,v2_relative_alpha_calibrated_experts_sensitivity,trend,-1.8180321932538157,2.2911654780425836,0.4731332847887678,0.34941842279378876,0.3962019448213478,0.420985758164323,0.0,4.0,0.0,"['No_Alpha_Tier', 'Expert_trend']",['Coverage_Below_80_Cap'],2019-10-03,oos_isotonic,528.0,0.23657362642381366,0.07576095444248923
2019-11-29,v2_relative_alpha_calibrated_experts_sensitivity,trend,-1.182621318646174,2.2911654780425836,1.1085441593964094,0.43071509573063127,0.3962019448213478,0.4726360535178007,0.0,4.0,0.0,"['No_Alpha_Tier', 'Expert_trend']",['Coverage_Below_80_Cap'],2019-10-03,oos_isotonic,528.0,0.23657362642381366,0.07576095444248923
2019-12-02,v2_relative_alpha_calibrated_experts_sensitivity,trend,-1.0249122847132495,2.2911654780425836,1.2662531933293342,0.45379623505907063,0.47310795236265846,0.4786739502083556,0.0,4.0,0.0,"['No_Alpha_Tier', 'Expert_trend']",['Coverage_Below_80_Cap'],2019-10-31,oos_isotonic,548.0,0.23100566387850435,0.0955291086514532
2019-12-03,v2_relative_alpha_calibrated_experts_sensitivity,pullback,-1.0254982529877654,2.292904814627885,1.2674065616401196,0.29715607298977914,0.3998322257326506,0.33842710997442454,0.0,4.0,0.0,"['No_Alpha_Tier', 'Expert_pullback']",['Coverage_Below_80_Cap'],2019-10-31,oos_isotonic,548.0,0.23100566387850435,0.0955291086514532
2019-12-04,v2_relative_alpha_calibrated_experts_sensitivity,trend,0.005220516173166066,2.2945174682846936,2.29973798445786,0.5281145414514148,0.5062817960628179,0.532929052249172,0.0,4.0,0.0,"['No_Alpha_Tier', 'Expert_trend']",['Coverage_Below_80_Cap'],2019-10-31,oos_isotonic,548.0,0.23100566387850435,0.0955291086514532
2019-12-05,v2_relative_alpha_calibrated_experts_sensitivity,trend,-0.227891850424674,2.297293635367864,2.06940178494319,0.50127374300902,0.5062817960628179,0.5185839833315526,0.0,4.0,0.0,"['No_Alpha_Tier', 'Expert_trend']","['Risk_Above_55_Penalty', 'Coverage_Below_80_Cap']",2019-10-31,oos_isotonic,548.0,0.23100566387850435,0.0955291086514532
2019-12-06,v2_relative_alpha_calibrated_experts_sensitivity,trend,0.08418923345412758,2.300500668848647,2.3846899023027746,0.5306559601464413,0.5062817960628179,0.5359234961000108,0.0,4.0,0.0,"['No_Alpha_Tier', 'Expert_trend']",['Coverage_Below_80_Cap'],2019-10-31,oos_isotonic,548.0,0.23100566387850435,0.0955291086514532
2019-12-09,v2_relative_alpha_calibrated_experts_sensitivity,trend,-0.45997451037116854,2.3040123099390906,1.844037799567922,0.48241664390997685,0.5062817960628179,0.5086461694625495,0.0,4.0,0.0,"['No_Alpha_Tier', 'Expert_trend']",['Coverage_Below_80_Cap'],2019-10-31,oos_isotonic,548.0,0.23100566387850435,0.0955291086514532
2019-12-10,v2_relative_alpha_calibrated_experts_sensitivity,trend,-0.020789659550607322,2.306772898521383,2.285983238970776,0.5300642082964786,0.5062817960628179,0.5365301848488087,0.0,4.0,0.0,"['No_Alpha_Tier', 'Expert_trend']",['Coverage_Below_80_Cap'],2019-10-31,oos_isotonic,548.0,0.23100566387850435,0.0955291086514532
2019-12-11,v2_relative_alpha_calibrated_experts_sensitivity,trend,0.08759021351944117,2.308603486840169,2.39619370035961,0.540962882977591,0.5062817960628179,0.5434513302703281,0.0,4.0,0.0,"['No_Alpha_Tier', 'Expert_trend']",['Coverage_Below_80_Cap'],2019-10-31,oos_isotonic,548.0,0.23100566387850435,0.0955291086514532
2019-12-12,v2_relative_alpha_calibrated_experts_sensitivity,trend,0.07855312257012423,2.310850299103155,2.389403421673279,0.5419256199401213,0.5062817960628179,0.5460691313174485,0.0,4.0,0.0,"['No_Alpha_Tier', 'Expert_trend']",['Coverage_Below_80_Cap'],2019-10-31,oos_isotonic,548.0,0.23100566387850435,0.0955291086514532
2019-12-13,v2_relative_alpha_calibrated_experts_sensitivity,trend,0.6049514029957955,2.313329875665881,2.9182812786616767,0.5806157443900434,0.5062817960628179,0.5750208889838658,0.0,4.0,0.0,"['No_Alpha_Tier', 'Expert_trend']",['Coverage_Below_80_Cap'],2019-10-31,oos_isotonic,548.0,0.23100566387850435,0.0955291086514532
2019-12-16,v2_relative_alpha_calibrated_experts_sensitivity,trend,-0.5315851355798852,2.316225606629276,1.7846404710493906,0.461021441543393,0.47310795236265846,0.5041805214232291,0.0,4.0,0.0,"['No_Alpha_Tier', 'Expert_trend']",['Coverage_Below_80_Cap'],2019-10-31,oos_isotonic,548.0,0.23100566387850435,0.0955291086514532
2019-12-17,v2_relative_alpha_calibrated_experts_sensitivity,trend,-0.9407766621865228,2.3187449589151456,1.3779682967286229,0.4200420014824241,0.3998322257326506,0.47561096270969117,0.0,4.0,0.0,"['No_Alpha_Tier', 'Expert_trend']",['Coverage_Below_80_Cap'],2019-10-31,oos_isotonic,548.0,0.23100566387850435,0.0955291086514532
2019-12-18,v2_relative_alpha_calibrated_experts_sensitivity,trend,-1.302280126846113,2.320011999923763,1.0177318730776497,0.38120210087845335,0.3998322257326506,0.4509681055668341,0.0,4.0,0.0,"['No_Alpha_Tier', 'Expert_trend']",['Coverage_Below_80_Cap'],2019-10-31,oos_isotonic,548.0,0.23100566387850435,0.0955291086514532
2019-12-19,v2_relative_alpha_calibrated_experts_sensitivity,trend,-1.5335227540111007,2.32186645082455,0.7883436968134493,0.36079330391492126,0.3998322257326506,0.4427325034725932,0.0,4.0,0.0,"['No_Alpha_Tier', 'Expert_trend']",['Coverage_Below_80_Cap'],2019-10-31,oos_isotonic,548.0,0.23100566387850435,0.0955291086514532
2019-12-20,v2_relative_alpha_calibrated_experts_sensitivity,trend,-1.1319255241396848,2.3241120828261885,1.1921865586865037,0.3999757562705203,0.3998322257326506,0.4627631157174913,0.0,4.0,0.0,"['No_Alpha_Tier', 'Expert_trend']",['Coverage_Below_80_Cap'],2019-10-31,oos_isotonic,548.0,0.23100566387850435,0.0955291086514532
2019-12-23,v2_relative_alpha_calibrated_experts_sensitivity,trend,-1.602521653326937,2.3256364650781505,0.7231148117512135,0.35638949442986534,0.3998322257326506,0.4367325034725932,0.0,4.0,0.0,"['No_Alpha_Tier', 'Expert_trend']",['Coverage_Below_80_Cap'],2019-10-31,oos_isotonic,548.0,0.23100566387850435,0.0955291086514532
2019-12-24,v2_relative_alpha_calibrated_experts_sensitivity,trend,-1.740701342004959,2.326117527138072,0.5854161851331128,0.3463563562734024,0.3998322257326506,0.4264969013783524,0.0,4.0,0.0,"['No_Alpha_Tier', 'Expert_trend']",['Coverage_Below_80_Cap'],2019-10-31,oos_isotonic,548.0,0.23100566387850435,0.0955291086514532
2019-12-26,v2_relative_alpha_calibrated_experts_sensitivity,trend,-1.868986064439908,2.3252194917690288,0.45623342732912103,0.33653674701761505,0.3998322257326506,0.42330857997649324,0.0,4.0,0.0,"['No_Alpha_Tier', 'Expert_trend']",['Coverage_Below_80_Cap'],2019-10-31,oos_isotonic,548.0,0.23100566387850435,0.0955291086514532
2019-12-27,v2_relative_alpha_calibrated_experts_sensitivity,trend,-2.2513862619257656,2.32568368402282,0.07429742209705444,0.31242123929014404,0.3998322257326506,0.39559242440431674,0.0,4.0,0.0,"['No_Alpha_Tier', 'Expert_trend']",['Coverage_Below_80_Cap'],2019-10-31,oos_isotonic,548.0,0.23100566387850435,0.0955291086514532
2019-12-30,v2_relative_alpha_calibrated_experts_sensitivity,trend,-1.3909917283163635,2.3258208154267037,0.9348290871103403,0.41075605795751396,0.3998322257326506,0.45365268725291163,0.0,4.0,0.0,"['No_Alpha_Tier', 'Expert_trend']",['Coverage_Below_80_Cap'],2019-10-31,oos_isotonic,548.0,0.23100566387850435,0.0955291086514532
2019-12-31,v2_relative_alpha_calibrated_experts_sensitivity,trend,-0.6248417840965634,2.325196280227263,1.7003544961306996,0.4658502045850163,0.47310795236265846,0.505211133668127,0.0,4.0,0.0,"['No_Alpha_Tier', 'Expert_trend']",['Coverage_Below_80_Cap'],2019-10-31,oos_isotonic,548.0,0.23100566387850435,0.0955291086514532
2020-01-02,v2_relative_alpha_calibrated_experts_sensitivity,trend,-1.2259800255667563,2.323754117480138,1.0977740919133818,0.3638707899106099,0.4165620816369256,0.43253393984454036,0.0,4.0,0.0,"['No_Alpha_Tier', 'Expert_trend']",['Coverage_Below_80_Cap'],2019-12-02,oos_isotonic,569.0,0.22955378694207004,0.08747881010168143
2020-01-03,v2_relative_alpha_calibrated_experts_sensitivity,trend,-1.5823578586217375,2.324197368178984,0.7418395095572464,0.33362259914377546,0.4165620816369256,0.41154407609145405,0.0,4.0,0.0,"['No_Alpha_Tier', 'Expert_trend']",['Coverage_Below_80_Cap'],2019-12-02,oos_isotonic,569.0,0.22955378694207004,0.08747881010168143
2020-01-06,v2_relative_alpha_calibrated_experts_sensitivity,trend,-1.7397402623054492,2.323446024172139,0.5837057618666899,0.3250712485355479,0.4165620816369256,0.40696932568073746,0.0,4.0,0.0,"['No_Alpha_Tier', 'Expert_trend']",['Coverage_Below_80_Cap'],2019-12-02,oos_isotonic,569.0,0.22955378694207004,0.08747881010168143
2020-01-07,v2_relative_alpha_calibrated_experts_sensitivity,trend,-1.6159877473572504,2.3237995258260504,0.7078117784688001,0.33388168182723255,0.4165620816369256,0.4124868285241597,0.0,4.0,0.0,"['No_Alpha_Tier', 'Expert_trend']",['Coverage_Below_80_Cap'],2019-12-02,oos_isotonic,569.0,0.22955378694207004,0.08747881010168143
2020-01-08,v2_relative_alpha_calibrated_experts_sensitivity,trend,-2.1006361592062617,2.3241709589010546,0.22353479969479326,0.3013759702583518,0.4165620816369256,0.3956340045712864,0.0,4.0,0.0,"['No_Alpha_Tier', 'Expert_trend']",['Coverage_Below_80_Cap'],2019-12-02,oos_isotonic,569.0,0.22955378694207004,0.08747881010168143
2020-01-09,v2_relative_alpha_calibrated_experts_sensitivity,trend,-2.913284128441151,2.3265646602498644,-0.5867194681912866,0.23690535359212878,0.4165620816369256,0.3344776987813538,0.0,4.0,0.0,"['No_Alpha_Tier', 'Expert_trend']",['Coverage_Below_80_Cap'],2019-12-02,oos_isotonic,569.0,0.22955378694207004,0.08747881010168143
2020-01-10,v2_relative_alpha_calibrated_experts_sensitivity,trend,-2.3500707069479394,2.330288936691454,-0.019781770256485295,0.27367451807753085,0.4165620816369256,0.3765291068286396,0.0,4.0,0.0,"['No_Alpha_Tier', 'Expert_trend']",['Coverage_Below_80_Cap'],2019-12-02,oos_isotonic,569.0,0.22955378694207004,0.08747881010168143
2020-01-13,v2_relative_alpha_calibrated_experts_sensitivity,trend,-3.29519148782993,2.3332422632876813,-0.9619492245422488,0.19699470809414407,0.4165620816369256,0.28953476288136015,0.0,4.0,0.0,"['No_Alpha_Tier', 'Expert_trend']",['Coverage_Below_80_Cap'],2019-12-02,oos_isotonic,569.0,0.22955378694207004,0.08747881010168143
2020-01-14,v2_relative_alpha_calibrated_experts_sensitivity,trend,-2.8816242152052953,2.336167992466154,-0.5454562227391414,0.2193213577696182,0.4165620816369256,0.3204849117400461,0.0,4.0,0.0,"['No_Alpha_Tier', 'Expert_trend']",['Coverage_Below_80_Cap'],2019-12-02,oos_isotonic,569.0,0.22955378694207004,0.08747881010168143
2020-01-15,v2_relative_alpha_calibrated_experts_sensitivity,trend,-3.2085425590551693,2.3388149837643457,-0.8697275752908233,0.20333912655214215,0.4165620816369256,0.3079369360064817,0.0,4.0,0.0,"['No_Alpha_Tier', 'Expert_trend']",['Coverage_Below_80_Cap'],2019-12-02,oos_isotonic,569.0,0.22955378694207004,0.08747881010168143
2020-01-16,v2_relative_alpha_calibrated_experts_sensitivity,trend,-3.6488328336560705,2.3419758660028265,-1.3068569676532436,0.17688246864713617,0.4165620816369256,0.27463315844068203,0.0,4.0,0.0,"['No_Alpha_Tier', 'Expert_trend']",['Coverage_Below_80_Cap'],2019-12-02,oos_isotonic,569.0,0.22955378694207004,0.08747881010168143
2020-01-17,v2_relative_alpha_calibrated_experts_sensitivity,trend,-3.501782537237561,2.345142145321493,-1.1566403919160682,0.18306027052389892,0.4165620816369256,0.27037759620646107,0.0,4.0,0.0,"['No_Alpha_Tier', 'Expert_trend']",['Coverage_Below_80_Cap'],2019-12-02,oos_isotonic,569.0,0.22955378694207004,0.08747881010168143
2020-01-21,v2_relative_alpha_calibrated_experts_sensitivity,trend,-3.569635120797263,2.34904846139257,-1.2205866594046932,0.18564441678659324,0.4165620816369256,0.2853982619361187,0.0,4.0,0.0,"['No_Alpha_Tier', 'Expert_trend']",['Coverage_Below_80_Cap'],2019-12-02,oos_isotonic,569.0,0.22955378694207004,0.08747881010168143
2020-01-22,v2_relative_alpha_calibrated_experts_sensitivity,trend,-3.7938527669375532,2.3518781477479385,-1.4419746191896148,0.16688834901663444,0.4165620816369256,0.26516339173281006,0.0,4.0,0.0,"['No_Alpha_Tier', 'Expert_trend']",['Coverage_Below_80_Cap'],2019-12-02,oos_isotonic,569.0,0.22955378694207004,0.08747881010168143
2020-01-23,v2_relative_alpha_calibrated_experts_sensitivity,trend,-4.049399612246763,2.3552369412794794,-1.6941626709672828,0.14870425571064697,0.4165620816369256,0.24881453189219566,0.0,4.0,0.0,"['No_Alpha_Tier', 'Expert_trend']",['Coverage_Below_80_Cap'],2019-12-02,oos_isotonic,569.0,0.22955378694207004,0.08747881010168143
2020-01-24,v2_relative_alpha_calibrated_experts_sensitivity,trend,-3.8614936576728653,2.3586807401633774,-1.502812917509488,0.17413863585232503,0.4165620816369256,0.2926687626414414,0.0,4.0,0.0,"['No_Alpha_Tier', 'Expert_trend']",['Coverage_Below_80_Cap'],2019-12-02,oos_isotonic,569.0,0.22955378694207004,0.08747881010168143
2020-01-27,v2_relative_alpha_calibrated_experts_sensitivity,pullback,-0.7849918209414546,2.3606979498053073,1.5757061288638525,0.3900526558093718,0.4165620816369256,0.37692075015124016,0.0,2.0,0.0,"['No_Alpha_Tier', 'Expert_pullback']","['Coverage_Below_80_Cap', 'VIX_Backwardation_Cap']",2019-12-02,oos_isotonic,569.0,0.22955378694207004,0.08747881010168143
2020-01-28,v2_relative_alpha_calibrated_experts_sensitivity,trend,-4.134944937101066,2.36072718862951,-1.774217748471556,0.1763080939334799,0.4165620816369256,0.28489972486321746,0.0,4.0,0.0,"['No_Alpha_Tier', 'Expert_trend']",['Coverage_Below_80_Cap'],2019-12-02,oos_isotonic,569.0,0.22955378694207004,0.08747881010168143
2020-01-29,v2_relative_alpha_calibrated_experts_sensitivity,trend,-4.385564869835727,2.3633180812062333,-2.0222467886294933,0.15520643319354274,0.4165620816369256,0.2657589868500142,0.0,4.0,0.0,"['No_Alpha_Tier', 'Expert_trend']",['Coverage_Below_80_Cap'],2019-12-02,oos_isotonic,569.0,0.22955378694207004,0.08747881010168143
2020-01-30,v2_relative_alpha_calibrated_experts_sensitivity,trend,-3.847786938046819,2.3663015974665322,-1.4814853405802866,0.20122539515964716,0.4165620816369256,0.30314753528377447,0.0,4.0,0.0,"['No_Alpha_Tier', 'Expert_trend']",['Coverage_Below_80_Cap'],2019-12-02,oos_isotonic,569.0,0.22955378694207004,0.08747881010168143
2020-01-31,v2_relative_alpha_calibrated_experts_sensitivity,pullback,-0.9339674651493626,2.3741493900659365,1.440181924916574,0.42431861164907897,0.4165620816369256,0.4065275257108288,0.0,2.0,0.0,"['No_Alpha_Tier', 'Expert_pullback']","['Coverage_Below_80_Cap', 'VIX_Backwardation_Cap']",2019-12-02,oos_isotonic,569.0,0.22955378694207004,0.08747881010168143
2020-02-03,v2_relative_alpha_calibrated_experts_sensitivity,trend,-4.32016396609126,2.380375862501813,-1.9397881035894473,0.13640234502586196,0.416064416720513,0.25635548942136305,0.0,4.0,0.0,"['No_Alpha_Tier', 'Expert_trend']",['Coverage_Below_80_Cap'],2020-01-02,oos_isotonic,590.0,0.22544334048999803,0.057900382291246846
2020-02-04,v2_relative_alpha_calibrated_experts_sensitivity,trend,-5.160037646433838,2.3882003199073476,-2.771837326526491,0.09672976496705217,0.416064416720513,0.19834961264374348,0.0,4.0,0.0,"['No_Alpha_Tier', 'Expert_trend']",['Coverage_Below_80_Cap'],2020-01-02,oos_isotonic,590.0,0.22544334048999803,0.057900382291246846
2020-02-05,v2_relative_alpha_calibrated_experts_sensitivity,trend,-5.602798621786378,2.397561780728413,-3.2052368410579644,0.08234598635932328,0.416064416720513,0.18803904265412516,0.0,4.0,0.0,"['No_Alpha_Tier', 'Expert_trend']",['Coverage_Below_80_Cap'],2020-01-02,oos_isotonic,590.0,0.22544334048999803,0.057900382291246846
2020-02-06,v2_relative_alpha_calibrated_experts_sensitivity,trend,-6.5431721602856765,2.406646358359465,-4.1365258019262106,0.046629903275484684,0.416064416720513,0.1606441901905374,0.0,4.0,0.0,"['No_Alpha_Tier', 'Expert_trend']",['Coverage_Below_80_Cap'],2020-01-02,oos_isotonic,590.0,0.22544334048999803,0.057900382291246846
2020-02-07,v2_relative_alpha_calibrated_experts_sensitivity,trend,-6.212254529749039,2.416883049628702,-3.795371480120338,0.053219448638839734,0.416064416720513,0.16702296179487292,0.0,4.0,0.0,"['No_Alpha_Tier', 'Expert_trend']",['Coverage_Below_80_Cap'],2020-01-02,oos_isotonic,590.0,0.22544334048999803,0.057900382291246846
2020-02-10,v2_relative_alpha_calibrated_experts_sensitivity,trend,-6.963131897306046,2.424354547213371,-4.538777350092675,0.034994921496836764,0.416064416720513,0.14879400235420887,0.0,4.0,0.0,"['No_Alpha_Tier', 'Expert_trend']",['Coverage_Below_80_Cap'],2020-01-02,oos_isotonic,590.0,0.22544334048999803,0.057900382291246846
2020-02-11,v2_relative_alpha_calibrated_experts_sensitivity,trend,-7.242274373376856,2.433091387441452,-4.809182985935403,0.030493344388668357,0.416064416720513,0.15025358997416005,0.0,4.0,0.0,"['No_Alpha_Tier', 'Expert_trend']",['Coverage_Below_80_Cap'],2020-01-02,oos_isotonic,590.0,0.22544334048999803,0.057900382291246846
2020-02-12,v2_relative_alpha_calibrated_experts_sensitivity,trend,-7.3834114746838875,2.4410042948014388,-4.942407179882449,0.02365942168664754,0.416064416720513,0.1457378909572827,0.0,4.0,0.0,"['No_Alpha_Tier', 'Expert_trend']",['Coverage_Below_80_Cap'],2020-01-02,oos_isotonic,590.0,0.22544334048999803,0.057900382291246846
2020-02-13,v2_relative_alpha_calibrated_experts_sensitivity,trend,-7.556212446474871,2.451543773701786,-5.104668672773085,0.021462832544463756,0.416064416720513,0.14669360817239843,0.0,4.0,0.0,"['No_Alpha_Tier', 'Expert_trend']",['Coverage_Below_80_Cap'],2020-01-02,oos_isotonic,590.0,0.22544334048999803,0.057900382291246846
2020-02-14,v2_relative_alpha_calibrated_experts_sensitivity,trend,-7.428026929641043,2.459824227561567,-4.968202702079476,0.02262328634813309,0.416064416720513,0.14956442156952762,0.0,4.0,0.0,"['No_Alpha_Tier', 'Expert_trend']",['Coverage_Below_80_Cap'],2020-01-02,oos_isotonic,590.0,0.22544334048999803,0.057900382291246846
2020-02-18,v2_relative_alpha_calibrated_experts_sensitivity,trend,-7.76908700223106,2.4674513114047487,-5.30163569082631,0.020473775203322074,0.416064416720513,0.14828769078151863,0.0,4.0,0.0,"['No_Alpha_Tier', 'Expert_trend']",['Coverage_Below_80_Cap'],2020-01-02,oos_isotonic,590.0,0.22544334048999803,0.057900382291246846
2020-02-19,v2_relative_alpha_calibrated_experts_sensitivity,trend,-8.31553644956313,2.4746528558810788,-5.84088359368205,0.015373778479538502,0.416064416720513,0.13370118453722987,0.0,4.0,0.0,"['No_Alpha_Tier', 'Expert_trend']",['Coverage_Below_80_Cap'],2020-01-02,oos_isotonic,590.0,0.22544334048999803,0.057900382291246846
2020-02-20,v2_relative_alpha_calibrated_experts_sensitivity,trend,-7.925736422324599,2.4824261560868246,-5.443310266237774,0.021337267125770956,0.416064416720513,0.1451807763739646,0.0,4.0,0.0,"['No_Alpha_Tier', 'Expert_trend']",['Coverage_Below_80_Cap'],2020-01-02,oos_isotonic,590.0,0.22544334048999803,0.057900382291246846
2020-02-21,v2_relative_alpha_calibrated_experts_sensitivity,pullback,0.18175569184971252,2.4879395452348425,2.669695237084555,0.4285533581230201,0.416064416720513,0.4087897940074906,0.0,4.0,0.0,"['No_Alpha_Tier', 'Expert_pullback']",['Coverage_Below_80_Cap'],2020-01-02,oos_isotonic,590.0,0.22544334048999803,0.057900382291246846
2020-02-24,v2_relative_alpha_calibrated_experts_sensitivity,pullback,3.7546645404486503,4.563355270467198,8.318019810915848,0.7347617169840672,0.7036751132740393,0.6620142790262172,0.0,2.0,0.0,"['No_Alpha_Tier', 'Expert_pullback']","['Coverage_Below_80_Cap', 'VIX_Backwardation_Cap']",2020-01-02,oos_isotonic,590.0,0.22544334048999803,0.057900382291246846
2020-02-25,v2_relative_alpha_calibrated_experts_sensitivity,pullback,4.898000155268428,3.7237044875576957,8.621704642826124,0.7603887239857456,0.7036751132740393,0.7158473782771536,2.0,2.0,2.0,"['Tier_1', 'Expert_pullback']","['Coverage_Below_80_Cap', 'VIX_Backwardation_Cap']",2020-01-02,oos_isotonic,590.0,0.22544334048999803,0.057900382291246846
2020-02-26,v2_relative_alpha_calibrated_experts_sensitivity,pullback,2.2504632234454176,4.563355270467198,6.813818493912615,0.6693927796403852,0.7036751132740393,0.5981566011235955,0.0,2.0,0.0,"['No_Alpha_Tier', 'Expert_pullback']","['Coverage_Below_80_Cap', 'VIX_Backwardation_Cap']",2020-01-02,oos_isotonic,590.0,0.22544334048999803,0.057900382291246846
2020-02-27,v2_relative_alpha_calibrated_experts_sensitivity,trend,-5.7230676415102755,3.733410110176033,-1.9896575313342428,0.08120721308046619,0.416064416720513,0.21398317950332313,0.0,2.0,0.0,"['No_Alpha_Tier', 'Expert_trend']","['Risk_Above_55_Penalty', 'Coverage_Below_80_Cap', 'VIX_Backwardation_Cap']",2020-01-02,oos_isotonic,590.0,0.22544334048999803,0.057900382291246846
2020-02-28,v2_relative_alpha_calibrated_experts_sensitivity,trend,-8.004591087213555,3.729894582373065,-4.274696504840489,0.02682546353938969,0.416064416720513,0.12209963146866974,0.0,2.0,0.0,"['No_Alpha_Tier', 'Expert_trend']","['Risk_Above_55_Penalty', 'Coverage_Below_80_Cap', 'Weak_Regime_Cap', 'VIX_Backwardation_Cap']",2020-01-02,oos_isotonic,590.0,0.22544334048999803,0.057900382291246846
2020-03-02,v2_relative_alpha_calibrated_experts_sensitivity,pullback,-0.7030633674049578,5.96064411829772,5.257580750892762,0.4536471988431201,0.5041050903119869,0.42069746376811595,0.0,0.0,0.0,"['No_Alpha_Tier', 'Expert_pullback']",['Hard_Risk_Cap_Zero'],2020-01-30,oos_isotonic,609.0,0.2295677368710675,0.061556027563608666
2020-03-03,v2_relative_alpha_calibrated_experts_sensitivity,pullback,2.8600777705538865,3.729508009668407,6.589585780222293,0.7106064978602777,0.706085288331789,0.6442255434782609,0.0,0.0,0.0,"['No_Alpha_Tier', 'Expert_pullback']",['Hard_Risk_Cap_Zero'],2020-01-30,oos_isotonic,609.0,0.2295677368710675,0.061556027563608666
2020-03-04,v2_relative_alpha_calibrated_experts_sensitivity,pullback,0.12384487726502369,5.96064411829772,6.084488995562744,0.5493649826142271,0.5553871415940381,0.4922780797101449,0.0,2.0,0.0,"['No_Alpha_Tier', 'Expert_pullback']","['Risk_Above_55_Penalty', 'Coverage_Below_80_Cap', 'Weak_Regime_Cap', 'VIX_Backwardation_Cap']",2020-01-30,oos_isotonic,609.0,0.2295677368710675,0.061556027563608666
2020-03-05,v2_relative_alpha_calibrated_experts_sensitivity,pullback,5.565721107500584,3.726128695558892,9.291849803059476,0.8904417498048722,0.78,0.7918478260869566,2.0,0.0,0.0,"['Tier_1', 'Expert_pullback']",['Hard_Risk_Cap_Zero'],2020-01-30,oos_isotonic,609.0,0.2295677368710675,0.061556027563608666
2020-03-06,v2_relative_alpha_calibrated_experts_sensitivity,trend,-8.244914063598987,3.7241082028418027,-4.520805860757184,0.03614017008113052,0.4338760826783991,0.11015137071855896,0.0,2.0,0.0,"['No_Alpha_Tier', 'Expert_trend']","['Risk_Above_55_Penalty', 'Coverage_Below_80_Cap', 'Weak_Regime_Cap', 'VIX_Backwardation_Cap']",2020-01-30,oos_isotonic,609.0,0.2295677368710675,0.061556027563608666
2020-03-09,v2_relative_alpha_calibrated_experts_sensitivity,risk_off,0.0,4.8021252242407515,4.8021252242407515,0.01,0.4140144860457387,0.0,0.0,0.0,0.0,['Risk_Off_Expert'],['Hard_Risk_Cap_Zero'],2020-01-30,oos_isotonic,609.0,0.2295677368710675,0.061556027563608666
2020-03-10,v2_relative_alpha_calibrated_experts_sensitivity,trend,-9.531374550240274,3.7044960672373675,-5.826878483002908,0.021585875305761153,0.4338760826783991,0.08089451242991444,0.0,0.0,0.0,"['No_Alpha_Tier', 'Expert_trend']",['Hard_Risk_Cap_Zero'],2020-01-30,oos_isotonic,609.0,0.2295677368710675,0.061556027563608666
2020-03-11,v2_relative_alpha_calibrated_experts_sensitivity,risk_off,0.0,3.6954467091287873,3.6954467091287873,0.01,0.4140144860457387,0.0,0.0,0.0,0.0,['Risk_Off_Expert'],['Hard_Risk_Cap_Zero'],2020-01-30,oos_isotonic,609.0,0.2295677368710675,0.061556027563608666
2020-03-12,v2_relative_alpha_calibrated_experts_sensitivity,risk_off,0.0,3.681210438532733,3.681210438532733,0.01,0.4140144860457387,0.0,0.0,0.0,0.0,['Risk_Off_Expert'],['Hard_Risk_Cap_Zero'],2020-01-30,oos_isotonic,609.0,0.2295677368710675,0.061556027563608666
2020-03-13,v2_relative_alpha_calibrated_experts_sensitivity,risk_off,0.0,3.6546546071430828,3.6546546071430828,0.01,0.4140144860457387,0.0,0.0,0.0,0.0,['Risk_Off_Expert'],['Hard_Risk_Cap_Zero'],2020-01-30,oos_isotonic,609.0,0.2295677368710675,0.061556027563608666
2020-03-16,v2_relative_alpha_calibrated_experts_sensitivity,risk_off,0.0,3.6385799500770246,3.6385799500770246,0.01,0.4140144860457387,0.0,0.0,0.0,0.0,['Risk_Off_Expert'],['Hard_Risk_Cap_Zero'],2020-01-30,oos_isotonic,609.0,0.2295677368710675,0.061556027563608666
2020-03-17,v2_relative_alpha_calibrated_experts_sensitivity,risk_off,0.0,3.6094676779854935,3.6094676779854935,0.01,0.4140144860457387,0.0,0.0,0.0,0.0,['Risk_Off_Expert'],['Hard_Risk_Cap_Zero'],2020-01-30,oos_isotonic,609.0,0.2295677368710675,0.061556027563608666
2020-03-18,v2_relative_alpha_calibrated_experts_sensitivity,risk_off,0.0,3.589110572113735,3.589110572113735,0.01,0.4140144860457387,0.0,0.0,0.0,0.0,['Risk_Off_Expert'],['Hard_Risk_Cap_Zero'],2020-01-30,oos_isotonic,609.0,0.2295677368710675,0.061556027563608666
2020-03-19,v2_relative_alpha_calibrated_experts_sensitivity,risk_off,0.0,3.5617580324002085,3.5617580324002085,0.01,0.4140144860457387,0.0,0.0,0.0,0.0,['Risk_Off_Expert'],['Hard_Risk_Cap_Zero'],2020-01-30,oos_isotonic,609.0,0.2295677368710675,0.061556027563608666
2020-03-20,v2_relative_alpha_calibrated_experts_sensitivity,risk_off,0.0,3.53593001965658,3.53593001965658,0.01,0.4140144860457387,0.0,0.0,0.0,0.0,['Risk_Off_Expert'],['Hard_Risk_Cap_Zero'],2020-01-30,oos_isotonic,609.0,0.2295677368710675,0.061556027563608666
2020-03-23,v2_relative_alpha_calibrated_experts_sensitivity,risk_off,0.0,3.506060078632863,3.506060078632863,0.01,0.4140144860457387,0.0,0.0,0.0,0.0,['Risk_Off_Expert'],['Hard_Risk_Cap_Zero'],2020-01-30,oos_isotonic,609.0,0.2295677368710675,0.061556027563608666
2020-03-24,v2_relative_alpha_calibrated_experts_sensitivity,risk_off,0.0,3.4763713349792877,3.4763713349792877,0.01,0.4140144860457387,0.0,0.0,0.0,0.0,['Risk_Off_Expert'],['Hard_Risk_Cap_Zero'],2020-01-30,oos_isotonic,609.0,0.2295677368710675,0.061556027563608666
2020-03-25,v2_relative_alpha_calibrated_experts_sensitivity,risk_off,0.0,3.4557006930946765,3.4557006930946765,0.01,0.4140144860457387,0.0,0.0,0.0,0.0,['Risk_Off_Expert'],['Hard_Risk_Cap_Zero'],2020-01-30,oos_isotonic,609.0,0.2295677368710675,0.061556027563608666
2020-03-26,v2_relative_alpha_calibrated_experts_sensitivity,risk_off,0.0,3.433324003266981,3.433324003266981,0.01,0.4140144860457387,0.0,0.0,0.0,0.0,['Risk_Off_Expert'],['Hard_Risk_Cap_Zero'],2020-01-30,oos_isotonic,609.0,0.2295677368710675,0.061556027563608666
2020-03-27,v2_relative_alpha_calibrated_experts_sensitivity,risk_off,0.0,3.4164659810338187,3.4164659810338187,0.01,0.4140144860457387,0.0,0.0,0.0,0.0,['Risk_Off_Expert'],['Hard_Risk_Cap_Zero'],2020-01-30,oos_isotonic,609.0,0.2295677368710675,0.061556027563608666
2020-03-30,v2_relative_alpha_calibrated_experts_sensitivity,risk_off,0.0,3.39771454637703,3.39771454637703,0.01,0.4140144860457387,0.0,0.0,0.0,0.0,['Risk_Off_Expert'],['Hard_Risk_Cap_Zero'],2020-01-30,oos_isotonic,609.0,0.2295677368710675,0.061556027563608666
2020-03-31,v2_relative_alpha_calibrated_experts_sensitivity,risk_off,0.0,3.3804674297455706,3.3804674297455706,0.01,0.4140144860457387,0.0,0.0,0.0,0.0,['Risk_Off_Expert'],['Hard_Risk_Cap_Zero'],2020-01-30,oos_isotonic,609.0,0.2295677368710675,0.061556027563608666
2020-04-01,v2_relative_alpha_calibrated_experts_sensitivity,risk_off,0.0,3.36421560865823,3.36421560865823,0.01,0.3815804616576533,0.0,0.0,0.0,0.0,['Risk_Off_Expert'],['Hard_Risk_Cap_Zero'],2020-03-03,oos_isotonic,631.0,0.2331019675914099,0.06771583030275989
2020-04-02,v2_relative_alpha_calibrated_experts_sensitivity,risk_off,0.0,3.340796979925478,3.340796979925478,0.01,0.3815804616576533,0.0,0.0,0.0,0.0,['Risk_Off_Expert'],['Hard_Risk_Cap_Zero'],2020-03-03,oos_isotonic,631.0,0.2331019675914099,0.06771583030275989
2020-04-03,v2_relative_alpha_calibrated_experts_sensitivity,risk_off,0.0,3.3174419952372727,3.3174419952372727,0.01,0.3815804616576533,0.0,0.0,0.0,0.0,['Risk_Off_Expert'],['Hard_Risk_Cap_Zero'],2020-03-03,oos_isotonic,631.0,0.2331019675914099,0.06771583030275989
2020-04-06,v2_relative_alpha_calibrated_experts_sensitivity,risk_off,0.0,3.293468738378609,3.293468738378609,0.01,0.3815804616576533,0.0,0.0,0.0,0.0,['Risk_Off_Expert'],['Hard_Risk_Cap_Zero'],2020-03-03,oos_isotonic,631.0,0.2331019675914099,0.06771583030275989
2020-04-07,v2_relative_alpha_calibrated_experts_sensitivity,risk_off,0.0,3.281675735868354,3.281675735868354,0.01,0.3815804616576533,0.0,0.0,0.0,0.0,['Risk_Off_Expert'],['Hard_Risk_Cap_Zero'],2020-03-03,oos_isotonic,631.0,0.2331019675914099,0.06771583030275989
2020-04-08,v2_relative_alpha_calibrated_experts_sensitivity,trend,-4.8398792687372385,3.266430881303159,-1.5734483874340794,0.2035537660390406,0.4431167851819558,0.23687882496940027,0.0,0.0,0.0,"['No_Alpha_Tier', 'Expert_trend']",['Hard_Risk_Cap_Zero'],2020-03-03,oos_isotonic,631.0,0.2331019675914099,0.06771583030275989
2020-04-09,v2_relative_alpha_calibrated_experts_sensitivity,trend,-2.428686080461912,3.2586606431012264,0.8299745626393142,0.30295689213492144,0.4431167851819558,0.33283282281965093,0.0,0.0,0.0,"['No_Alpha_Tier', 'Expert_trend']",['Hard_Risk_Cap_Zero'],2020-03-03,oos_isotonic,631.0,0.2331019675914099,0.06771583030275989
2020-04-13,v2_relative_alpha_calibrated_experts_sensitivity,trend,-4.921518994718345,3.2566987758156944,-1.6648202189026504,0.1744608408195633,0.4431167851819558,0.23773269793537083,0.0,0.0,0.0,"['No_Alpha_Tier', 'Expert_trend']",['Hard_Risk_Cap_Zero'],2020-03-03,oos_isotonic,631.0,0.2331019675914099,0.06771583030275989
2020-04-14,v2_relative_alpha_calibrated_experts_sensitivity,pullback,2.260021554003484,3.2509999904870224,5.511021544490506,0.6427259760243373,0.7030895482575199,0.6624406999641962,0.0,0.0,0.0,"['No_Alpha_Tier', 'Expert_pullback']",['Hard_Risk_Cap_Zero'],2020-03-03,oos_isotonic,631.0,0.2331019675914099,0.06771583030275989
2020-04-15,v2_relative_alpha_calibrated_experts_sensitivity,pullback,4.700520373812764,3.2597586948584416,7.9602790686712055,0.7077089337961731,0.7030895482575199,0.7098281417830291,2.0,0.0,0.0,"['Tier_1', 'Expert_pullback']",['Hard_Risk_Cap_Zero'],2020-03-03,oos_isotonic,631.0,0.2331019675914099,0.06771583030275989
2020-04-16,v2_relative_alpha_calibrated_experts_sensitivity,pullback,3.208860655466958,3.2621965582438017,6.471057213710759,0.6201171866411682,0.7030895482575199,0.6630504833512353,0.0,0.0,0.0,"['No_Alpha_Tier', 'Expert_pullback']",['Hard_Risk_Cap_Zero'],2020-03-03,oos_isotonic,631.0,0.2331019675914099,0.06771583030275989
2020-04-17,v2_relative_alpha_calibrated_experts_sensitivity,pullback,2.678096705986715,3.2722297080851086,5.9503264140718235,0.6031958089679812,0.6164313239405556,0.6531149301825994,0.0,0.0,0.0,"['No_Alpha_Tier', 'Expert_pullback']",['Hard_Risk_Cap_Zero'],2020-03-03,oos_isotonic,631.0,0.2331019675914099,0.06771583030275989
2020-04-20,v2_relative_alpha_calibrated_experts_sensitivity,pullback,2.8447533037325976,3.2843986754283314,6.1291519791609295,0.6084233347223772,0.6611093502377178,0.6610096670247047,0.0,0.0,0.0,"['No_Alpha_Tier', 'Expert_pullback']",['Hard_Risk_Cap_Zero'],2020-03-03,oos_isotonic,631.0,0.2331019675914099,0.06771583030275989
2020-04-21,v2_relative_alpha_calibrated_experts_sensitivity,trend,-3.3124977572442535,3.2977860936108967,-0.014711663633357186,0.24312554514225881,0.4431167851819558,0.2969807206009357,0.0,0.0,0.0,"['No_Alpha_Tier', 'Expert_trend']",['Hard_Risk_Cap_Zero'],2020-03-03,oos_isotonic,631.0,0.2331019675914099,0.06771583030275989
2020-04-22,v2_relative_alpha_calibrated_experts_sensitivity,pullback,2.470268273519669,3.307199944064642,5.777468217584311,0.6084351132073118,0.6611093502377178,0.658968850698174,0.0,0.0,0.0,"['No_Alpha_Tier', 'Expert_pullback']",['Hard_Risk_Cap_Zero'],2020-03-03,oos_isotonic,631.0,0.2331019675914099,0.06771583030275989
2020-04-23,v2_relative_alpha_calibrated_experts_sensitivity,pullback,1.981413739210522,3.3150985580314027,5.296512297241924,0.5940175898515125,0.5934170425454102,0.6502148227712138,0.0,0.0,0.0,"['No_Alpha_Tier', 'Expert_pullback']",['Hard_Risk_Cap_Zero'],2020-03-03,oos_isotonic,631.0,0.2331019675914099,0.06771583030275989
2020-04-24,v2_relative_alpha_calibrated_experts_sensitivity,pullback,2.8810883474672955,3.3207865197396838,6.201874867206978,0.5928835508472324,0.5934170425454102,0.6516111707841032,0.0,2.0,0.0,"['No_Alpha_Tier', 'Expert_pullback']","['Risk_Above_55_Penalty', 'Coverage_Below_80_Cap', 'Weak_Regime_Cap']",2020-03-03,oos_isotonic,631.0,0.2331019675914099,0.06771583030275989
2020-04-27,v2_relative_alpha_calibrated_experts_sensitivity,pullback,3.08660377487776,3.3258135471892394,6.412417322066998,0.5963517658491639,0.5934170425454102,0.6551020408163266,0.0,2.0,0.0,"['No_Alpha_Tier', 'Expert_pullback']","['Risk_Above_55_Penalty', 'Coverage_Below_80_Cap', 'Weak_Regime_Cap']",2020-03-03,oos_isotonic,631.0,0.2331019675914099,0.06771583030275989
2020-04-28,v2_relative_alpha_calibrated_experts_sensitivity,pullback,5.046648178730654,3.3330077510568343,8.37965592978749,0.6315031722073052,0.7030895482575199,0.6764232008592911,0.0,2.0,0.0,"['No_Alpha_Tier', 'Expert_pullback']","['Risk_Above_55_Penalty', 'Coverage_Below_80_Cap', 'Weak_Regime_Cap']",2020-03-03,oos_isotonic,631.0,0.2331019675914099,0.06771583030275989
2020-04-29,v2_relative_alpha_calibrated_experts_sensitivity,pullback,1.5140701985028322,3.3353665780122754,4.849436776515108,0.5776841447503139,0.5374729866013542,0.603218984962406,0.0,2.0,0.0,"['No_Alpha_Tier', 'Expert_pullback']","['Risk_Above_55_Penalty', 'Coverage_Below_80_Cap', 'Weak_Regime_Cap']",2020-03-03,oos_isotonic,631.0,0.2331019675914099,0.06771583030275989
2020-04-30,v2_relative_alpha_calibrated_experts_sensitivity,pullback,1.6265960403739197,3.341277641966025,4.9678736823399445,0.5738018275189982,0.5180279943167435,0.597437790905836,0.0,2.0,0.0,"['No_Alpha_Tier', 'Expert_pullback']","['Risk_Above_55_Penalty', 'Coverage_Below_80_Cap', 'Weak_Regime_Cap']",2020-03-03,oos_isotonic,631.0,0.2331019675914099,0.06771583030275989
2020-05-01,v2_relative_alpha_calibrated_experts_sensitivity,risk_off,0.0,3.3488014602991334,3.3488014602991334,0.01,0.3953795810625479,0.0,0.0,2.0,0.0,['Risk_Off_Expert'],"['Risk_Above_55_Penalty', 'Coverage_Below_80_Cap', 'Weak_Regime_Cap']",2020-04-01,oos_isotonic,652.0,0.22682704487317926,0.07357049065947917
2020-05-04,v2_relative_alpha_calibrated_experts_sensitivity,risk_off,0.0,3.3540549136158804,3.3540549136158804,0.01,0.3953795810625479,0.0,0.0,2.0,0.0,['Risk_Off_Expert'],"['Risk_Above_55_Penalty', 'Coverage_Below_80_Cap', 'Weak_Regime_Cap']",2020-04-01,oos_isotonic,652.0,0.22682704487317926,0.07357049065947917
2020-05-05,v2_relative_alpha_calibrated_experts_sensitivity,risk_off,0.0,3.3634503077512803,3.3634503077512803,0.01,0.3953795810625479,0.0,0.0,2.0,0.0,['Risk_Off_Expert'],"['Risk_Above_55_Penalty', 'Coverage_Below_80_Cap', 'Weak_Regime_Cap']",2020-04-01,oos_isotonic,652.0,0.22682704487317926,0.07357049065947917
2020-05-06,v2_relative_alpha_calibrated_experts_sensitivity,risk_off,0.0,3.369544066746392,3.369544066746392,0.01,0.3953795810625479,0.0,0.0,2.0,0.0,['Risk_Off_Expert'],"['Risk_Above_55_Penalty', 'Coverage_Below_80_Cap', 'Weak_Regime_Cap']",2020-04-01,oos_isotonic,652.0,0.22682704487317926,0.07357049065947917
2020-05-07,v2_relative_alpha_calibrated_experts_sensitivity,risk_off,0.0,3.3747898956211513,3.3747898956211513,0.01,0.3953795810625479,0.0,0.0,2.0,0.0,['Risk_Off_Expert'],"['Risk_Above_55_Penalty', 'Coverage_Below_80_Cap', 'Weak_Regime_Cap']",2020-04-01,oos_isotonic,652.0,0.22682704487317926,0.07357049065947917
2020-05-08,v2_relative_alpha_calibrated_experts_sensitivity,risk_off,0.0,3.3824500787763903,3.3824500787763903,0.01,0.3953795810625479,0.0,0.0,2.0,0.0,['Risk_Off_Expert'],"['Risk_Above_55_Penalty', 'Coverage_Below_80_Cap', 'Weak_Regime_Cap']",2020-04-01,oos_isotonic,652.0,0.22682704487317926,0.07357049065947917
2020-05-11,v2_relative_alpha_calibrated_experts_sensitivity,risk_off,0.0,3.389969009155496,3.389969009155496,0.01,0.3953795810625479,0.0,0.0,2.0,0.0,['Risk_Off_Expert'],"['Risk_Above_55_Penalty', 'Coverage_Below_80_Cap', 'Weak_Regime_Cap']",2020-04-01,oos_isotonic,652.0,0.22682704487317926,0.07357049065947917
2020-05-12,v2_relative_alpha_calibrated_experts_sensitivity,risk_off,0.0,3.3991413845405836,3.3991413845405836,0.01,0.3953795810625479,0.0,0.0,2.0,0.0,['Risk_Off_Expert'],"['Risk_Above_55_Penalty', 'Coverage_Below_80_Cap', 'Weak_Regime_Cap']",2020-04-01,oos_isotonic,652.0,0.22682704487317926,0.07357049065947917
2020-05-13,v2_relative_alpha_calibrated_experts_sensitivity,risk_off,0.0,3.4009105602391725,3.4009105602391725,0.01,0.3953795810625479,0.0,0.0,2.0,0.0,['Risk_Off_Expert'],"['Risk_Above_55_Penalty', 'Coverage_Below_80_Cap', 'Weak_Regime_Cap']",2020-04-01,oos_isotonic,652.0,0.22682704487317926,0.07357049065947917
2020-05-14,v2_relative_alpha_calibrated_experts_sensitivity,risk_off,0.0,3.401814753113789,3.401814753113789,0.01,0.3953795810625479,0.0,0.0,2.0,0.0,['Risk_Off_Expert'],"['Risk_Above_55_Penalty', 'Coverage_Below_80_Cap', 'Weak_Regime_Cap']",2020-04-01,oos_isotonic,652.0,0.22682704487317926,0.07357049065947917
2020-05-15,v2_relative_alpha_calibrated_experts_sensitivity,risk_off,0.0,3.399378440478325,3.399378440478325,0.01,0.3953795810625479,0.0,0.0,2.0,0.0,['Risk_Off_Expert'],"['Risk_Above_55_Penalty', 'Coverage_Below_80_Cap', 'Weak_Regime_Cap']",2020-04-01,oos_isotonic,652.0,0.22682704487317926,0.07357049065947917
2020-05-18,v2_relative_alpha_calibrated_experts_sensitivity,risk_off,0.0,3.3980229792628975,3.3980229792628975,0.01,0.3953795810625479,0.0,0.0,2.0,0.0,['Risk_Off_Expert'],"['Risk_Above_55_Penalty', 'Coverage_Below_80_Cap', 'Weak_Regime_Cap']",2020-04-01,oos_isotonic,652.0,0.22682704487317926,0.07357049065947917
2020-05-19,v2_relative_alpha_calibrated_experts_sensitivity,trend,-12.525504565916206,3.399544824944397,-9.125959740971808,0.020842788800452663,0.40396208549503876,0.052673448095983316,0.0,2.0,0.0,"['No_Alpha_Tier', 'Expert_trend']","['Risk_Above_55_Penalty', 'Coverage_Below_80_Cap', 'Weak_Regime_Cap']",2020-04-01,oos_isotonic,652.0,0.22682704487317926,0.07357049065947917
2020-05-20,v2_relative_alpha_calibrated_experts_sensitivity,trend,-14.347477210720841,3.4043588335050097,-10.94311837721583,0.019593696777491978,0.40396208549503876,0.044926969222743876,0.0,4.0,0.0,"['No_Alpha_Tier', 'Expert_trend']","['Risk_Above_55_Penalty', 'Coverage_Below_80_Cap']",2020-04-01,oos_isotonic,652.0,0.22682704487317926,0.07357049065947917
2020-05-21,v2_relative_alpha_calibrated_experts_sensitivity,trend,-13.248364676224773,3.411838148214146,-9.836526528010625,0.027314499832739453,0.40396208549503876,0.05286906624934794,0.0,4.0,0.0,"['No_Alpha_Tier', 'Expert_trend']","['Risk_Above_55_Penalty', 'Coverage_Below_80_Cap']",2020-04-01,oos_isotonic,652.0,0.22682704487317926,0.07357049065947917
2020-05-22,v2_relative_alpha_calibrated_experts_sensitivity,trend,-13.85172738351541,3.416594214225245,-10.435133169290166,0.02496961940995505,0.40396208549503876,0.046778821074595724,0.0,4.0,0.0,"['No_Alpha_Tier', 'Expert_trend']","['Risk_Above_55_Penalty', 'Coverage_Below_80_Cap']",2020-04-01,oos_isotonic,652.0,0.22682704487317926,0.07357049065947917
2020-05-26,v2_relative_alpha_calibrated_experts_sensitivity,trend,-13.067506653706792,3.422599981629703,-9.644906672077088,0.030512199820289777,0.40396208549503876,0.05564684402712572,0.0,4.0,0.0,"['No_Alpha_Tier', 'Expert_trend']","['Risk_Above_55_Penalty', 'Coverage_Below_80_Cap']",2020-04-01,oos_isotonic,652.0,0.22682704487317926,0.07357049065947917
2020-05-27,v2_relative_alpha_calibrated_experts_sensitivity,trend,-11.667899376536267,3.4288523536361124,-8.239047022900154,0.03217902092425526,0.40396208549503876,0.06948356807511738,0.0,4.0,0.0,"['No_Alpha_Tier', 'Expert_trend']","['Risk_Above_55_Penalty', 'Coverage_Below_80_Cap']",2020-04-01,oos_isotonic,652.0,0.22682704487317926,0.07357049065947917
2020-05-28,v2_relative_alpha_calibrated_experts_sensitivity,trend,-11.993718486668758,3.433655006806075,-8.560063479862684,0.0346320824251142,0.40396208549503876,0.06266301512780387,0.0,4.0,0.0,"['No_Alpha_Tier', 'Expert_trend']","['Risk_Above_55_Penalty', 'Coverage_Below_80_Cap']",2020-04-01,oos_isotonic,652.0,0.22682704487317926,0.07357049065947917
2020-05-29,v2_relative_alpha_calibrated_experts_sensitivity,trend,-11.937242573949975,3.439519217341881,-8.497723356608093,0.029073164689662062,0.40396208549503876,0.06504955659885238,0.0,4.0,0.0,"['No_Alpha_Tier', 'Expert_trend']","['Risk_Above_55_Penalty', 'Coverage_Below_80_Cap']",2020-04-01,oos_isotonic,652.0,0.22682704487317926,0.07357049065947917
2020-06-01,v2_relative_alpha_calibrated_experts_sensitivity,trend,-9.037715381854031,3.4457302339745857,-5.591985147879445,0.08882933692711785,0.4164285714285715,0.12545650301464256,0.0,4.0,0.0,"['No_Alpha_Tier', 'Expert_trend']","['Risk_Above_55_Penalty', 'Coverage_Below_80_Cap']",2020-04-30,oos_isotonic,672.0,0.23149817355696034,0.07642550075585793
2020-06-02,v2_relative_alpha_calibrated_experts_sensitivity,trend,-9.436266806463104,3.4557243131571083,-5.980542493305997,0.09612573784665228,0.4164285714285715,0.12007321274763136,0.0,4.0,0.0,"['No_Alpha_Tier', 'Expert_trend']","['Risk_Above_55_Penalty', 'Coverage_Below_80_Cap']",2020-04-30,oos_isotonic,672.0,0.23149817355696034,0.07642550075585793
2020-06-03,v2_relative_alpha_calibrated_experts_sensitivity,trend,-10.000909401184826,3.468556698023932,-6.532352703160894,0.09075830563294343,0.4164285714285715,0.1182213608957795,0.0,4.0,0.0,"['No_Alpha_Tier', 'Expert_trend']",['Coverage_Below_80_Cap'],2020-04-30,oos_isotonic,672.0,0.23149817355696034,0.07642550075585793
2020-06-04,v2_relative_alpha_calibrated_experts_sensitivity,trend,-7.9418244406149165,3.4865749908915595,-4.4552494497233575,0.10476189613004488,0.4164285714285715,0.15844530577088717,0.0,4.0,0.0,"['No_Alpha_Tier', 'Expert_trend']",['Coverage_Below_80_Cap'],2020-04-30,oos_isotonic,672.0,0.23149817355696034,0.07642550075585793
2020-06-05,v2_relative_alpha_calibrated_experts_sensitivity,trend,-9.537646373164485,3.500613791720887,-6.037032581443598,0.07764393036596828,0.4164285714285715,0.11897502153316108,0.0,4.0,0.0,"['No_Alpha_Tier', 'Expert_trend']",['Coverage_Below_80_Cap'],2020-04-30,oos_isotonic,672.0,0.23149817355696034,0.07642550075585793
2020-06-08,v2_relative_alpha_calibrated_experts_sensitivity,trend,-11.66323873832684,3.519370670837188,-8.14386806748965,0.05479984229492459,0.4164285714285715,0.07743324720068906,0.0,4.0,0.0,"['No_Alpha_Tier', 'Expert_trend']",['Coverage_Below_80_Cap'],2020-04-30,oos_isotonic,672.0,0.23149817355696034,0.07642550075585793
2020-06-09,v2_relative_alpha_calibrated_experts_sensitivity,trend,-10.61554822738571,3.5453187594181914,-7.0702294679675175,0.046331627250854546,0.4164285714285715,0.07933247200689061,0.0,4.0,0.0,"['No_Alpha_Tier', 'Expert_trend']",['Coverage_Below_80_Cap'],2020-04-30,oos_isotonic,672.0,0.23149817355696034,0.07642550075585793
2020-06-10,v2_relative_alpha_calibrated_experts_sensitivity,trend,-14.619260007785808,3.5664903198281688,-11.052769687957639,0.03406642010106808,0.4164285714285715,0.04612403100775194,0.0,4.0,0.0,"['No_Alpha_Tier', 'Expert_trend']",['Coverage_Below_80_Cap'],2020-04-30,oos_isotonic,672.0,0.23149817355696034,0.07642550075585793
2020-06-11,v2_relative_alpha_calibrated_experts_sensitivity,pullback,-3.0782486705342738,3.6003060866394834,0.5220574161052097,0.20021719389835257,0.4164285714285715,0.25395663265306123,0.0,2.0,0.0,"['No_Alpha_Tier', 'Expert_pullback']","['Risk_Above_55_Penalty', 'Coverage_Below_80_Cap', 'VIX_Backwardation_Cap']",2020-04-30,oos_isotonic,672.0,0.23149817355696034,0.07642550075585793
2020-06-12,v2_relative_alpha_calibrated_experts_sensitivity,pullback,-5.7109167601628466,3.6211663771353813,-2.0897503830274653,0.09378657029688972,0.4164285714285715,0.15641284013605442,0.0,4.0,0.0,"['No_Alpha_Tier', 'Expert_pullback']",['Coverage_Below_80_Cap'],2020-04-30,oos_isotonic,672.0,0.23149817355696034,0.07642550075585793
2020-06-15,v2_relative_alpha_calibrated_experts_sensitivity,pullback,-6.446326946525469,3.6469033945704847,-2.799423551954984,0.07656068732446396,0.4164285714285715,0.14019642857142858,0.0,4.0,0.0,"['No_Alpha_Tier', 'Expert_pullback']",['Coverage_Below_80_Cap'],2020-04-30,oos_isotonic,672.0,0.23149817355696034,0.07642550075585793
2020-06-16,v2_relative_alpha_calibrated_experts_sensitivity,trend,-20.13656472334274,3.6723171515937736,-16.464247571748967,0.01,0.3401668891855807,0.014862187769164514,0.0,4.0,0.0,"['No_Alpha_Tier', 'Expert_trend']",['Coverage_Below_80_Cap'],2020-04-30,oos_isotonic,672.0,0.23149817355696034,0.07642550075585793
2020-06-17,v2_relative_alpha_calibrated_experts_sensitivity,trend,-20.156641462010235,3.70725589972941,-16.449385562280828,0.01,0.3401668891855807,0.01578811369509044,0.0,4.0,0.0,"['No_Alpha_Tier', 'Expert_trend']",['Coverage_Below_80_Cap'],2020-04-30,oos_isotonic,672.0,0.23149817355696034,0.07642550075585793
2020-06-18,v2_relative_alpha_calibrated_experts_sensitivity,trend,-20.8532186623589,3.7460215911064103,-17.10719707125249,0.01,0.3401668891855807,0.012304048234280792,0.0,4.0,0.0,"['No_Alpha_Tier', 'Expert_trend']",['Coverage_Below_80_Cap'],2020-04-30,oos_isotonic,672.0,0.23149817355696034,0.07642550075585793
2020-06-19,v2_relative_alpha_calibrated_experts_sensitivity,trend,-20.096538125724123,3.775349948993915,-16.32118817673021,0.01,0.3401668891855807,0.017420327304048237,0.0,4.0,0.0,"['No_Alpha_Tier', 'Expert_trend']",['Coverage_Below_80_Cap'],2020-04-30,oos_isotonic,672.0,0.23149817355696034,0.07642550075585793
2020-06-22,v2_relative_alpha_calibrated_experts_sensitivity,trend,-19.862078024131232,3.802844261651502,-16.059233762479728,0.01,0.3401668891855807,0.017420327304048237,0.0,4.0,0.0,"['No_Alpha_Tier', 'Expert_trend']",['Coverage_Below_80_Cap'],2020-04-30,oos_isotonic,672.0,0.23149817355696034,0.07642550075585793
2020-06-23,v2_relative_alpha_calibrated_experts_sensitivity,trend,-22.46946327629957,3.827759573041647,-18.64170370325792,0.01,0.3401668891855807,0.011378122308354867,0.0,4.0,0.0,"['No_Alpha_Tier', 'Expert_trend']",['Coverage_Below_80_Cap'],2020-04-30,oos_isotonic,672.0,0.23149817355696034,0.07642550075585793
2020-06-24,v2_relative_alpha_calibrated_experts_sensitivity,pullback,-6.1529792241634755,3.854993944528621,-2.2979852796348545,0.09815280472795862,0.4164285714285715,0.15086181972789114,0.0,4.0,0.0,"['No_Alpha_Tier', 'Expert_pullback']",['Coverage_Below_80_Cap'],2020-04-30,oos_isotonic,672.0,0.23149817355696034,0.07642550075585793
2020-06-25,v2_relative_alpha_calibrated_experts_sensitivity,trend,-21.24873024499329,3.877022480472344,-17.371707764520945,0.01,0.3401668891855807,0.01649440137812231,0.0,4.0,0.0,"['No_Alpha_Tier', 'Expert_trend']",['Coverage_Below_80_Cap'],2020-04-30,oos_isotonic,672.0,0.23149817355696034,0.07642550075585793
2020-06-26,v2_relative_alpha_calibrated_experts_sensitivity,pullback,-6.066197068509346,5.524864533167993,-0.5413325353413524,0.08767895879214839,0.4164285714285715,0.13943367346938776,0.0,4.0,0.0,"['No_Alpha_Tier', 'Expert_pullback']",['Coverage_Below_80_Cap'],2020-04-30,oos_isotonic,672.0,0.23149817355696034,0.07642550075585793
2020-06-29,v2_relative_alpha_calibrated_experts_sensitivity,pullback,-7.901166104407483,2.2350204487240046,-5.6661456556834775,0.04046984857323167,0.4164285714285715,0.1174047619047619,0.0,4.0,0.0,"['No_Alpha_Tier', 'Expert_pullback']",['Coverage_Below_80_Cap'],2020-04-30,oos_isotonic,672.0,0.23149817355696034,0.07642550075585793
2020-06-30,v2_relative_alpha_calibrated_experts_sensitivity,trend,-24.232358868954623,2.2350204487240046,-21.99733842023062,0.01,0.3401668891855807,0.007674418604651163,0.0,4.0,0.0,"['No_Alpha_Tier', 'Expert_trend']",['Coverage_Below_80_Cap'],2020-04-30,oos_isotonic,672.0,0.23149817355696034,0.07642550075585793
2020-07-01,v2_relative_alpha_calibrated_experts_sensitivity,trend,-20.99264151301293,2.2350204487240046,-18.757621064288927,0.01,0.42484550540153176,0.015483775059463134,0.0,4.0,0.0,"['No_Alpha_Tier', 'Expert_trend']",['Coverage_Below_80_Cap'],2020-06-02,oos_isotonic,694.0,0.2291793040076647,0.07640359866160847
2020-07-02,v2_relative_alpha_calibrated_experts_sensitivity,trend,-20.964898456242135,2.2350204487240046,-18.729878007518135,0.01,0.42484550540153176,0.016401206252123685,0.0,4.0,0.0,"['No_Alpha_Tier', 'Expert_trend']",['Coverage_Below_80_Cap'],2020-06-02,oos_isotonic,694.0,0.2291793040076647,0.07640359866160847
2020-07-06,v2_relative_alpha_calibrated_experts_sensitivity,trend,-22.568409330986924,2.2350204487240046,-20.33338888226292,0.01,0.42484550540153176,0.0076388888888888895,0.0,4.0,0.0,"['No_Alpha_Tier', 'Expert_trend']",['Coverage_Below_80_Cap'],2020-06-02,oos_isotonic,694.0,0.2291793040076647,0.07640359866160847
2020-07-07,v2_relative_alpha_calibrated_experts_sensitivity,trend,-22.18255872977887,2.2350204487240046,-19.947538281054868,0.01,0.42484550540153176,0.010391182466870541,0.0,4.0,0.0,"['No_Alpha_Tier', 'Expert_trend']",['Coverage_Below_80_Cap'],2020-06-02,oos_isotonic,694.0,0.2291793040076647,0.07640359866160847
2020-07-08,v2_relative_alpha_calibrated_experts_sensitivity,trend,-24.353175070044696,2.2350204487240046,-22.11815462132069,0.01,0.42484550540153176,0.0,0.0,4.0,0.0,"['No_Alpha_Tier', 'Expert_trend']",['Coverage_Below_80_Cap'],2020-06-02,oos_isotonic,694.0,0.2291793040076647,0.07640359866160847
2020-07-09,v2_relative_alpha_calibrated_experts_sensitivity,trend,-25.090926210491123,2.2350204487240046,-22.85590576176712,0.01,0.42484550540153176,0.0,0.0,4.0,0.0,"['No_Alpha_Tier', 'Expert_trend']",['Coverage_Below_80_Cap'],2020-06-02,oos_isotonic,694.0,0.2291793040076647,0.07640359866160847
2020-07-10,v2_relative_alpha_calibrated_experts_sensitivity,trend,-24.99333869704656,2.2350204487240046,-22.758318248322556,0.01,0.42484550540153176,0.0,0.0,4.0,0.0,"['No_Alpha_Tier', 'Expert_trend']",['Coverage_Below_80_Cap'],2020-06-02,oos_isotonic,694.0,0.2291793040076647,0.07640359866160847
2020-07-13,v2_relative_alpha_calibrated_experts_sensitivity,pullback,-7.1280503207943084,2.2350204487240046,-4.893029872070304,0.04863758161701988,0.4248455054015319,0.12518835034013606,0.0,4.0,0.0,"['No_Alpha_Tier', 'Expert_pullback']",['Coverage_Below_80_Cap'],2020-06-02,oos_isotonic,694.0,0.2291793040076647,0.07640359866160847
2020-07-14,v2_relative_alpha_calibrated_experts_sensitivity,trend,-24.40753556517094,2.2350204487240046,-22.172515116446935,0.01,0.42484550540153176,0.0,0.0,4.0,0.0,"['No_Alpha_Tier', 'Expert_trend']",['Coverage_Below_80_Cap'],2020-06-02,oos_isotonic,694.0,0.2291793040076647,0.07640359866160847
2020-07-15,v2_relative_alpha_calibrated_experts_sensitivity,trend,-22.052788849174217,2.2350204487240046,-19.817768400450213,0.01,0.42484550540153176,0.012731481481481483,0.0,4.0,0.0,"['No_Alpha_Tier', 'Expert_trend']","['Liquidity_Below_45_Penalty', 'Coverage_Below_80_Cap']",2020-06-02,oos_isotonic,694.0,0.2291793040076647,0.07640359866160847
2020-07-16,v2_relative_alpha_calibrated_experts_sensitivity,trend,-22.28370882359909,2.2350204487240046,-20.048688374875084,0.01,0.42484550540153176,0.012731481481481483,0.0,4.0,0.0,"['No_Alpha_Tier', 'Expert_trend']","['Liquidity_Below_45_Penalty', 'Coverage_Below_80_Cap']",2020-06-02,oos_isotonic,694.0,0.2291793040076647,0.07640359866160847
2020-07-17,v2_relative_alpha_calibrated_experts_sensitivity,trend,-21.181750332870415,2.2350204487240046,-18.946729884146414,0.01,0.42484550540153176,0.017824074074074076,0.0,4.0,0.0,"['No_Alpha_Tier', 'Expert_trend']","['Liquidity_Below_45_Penalty', 'Coverage_Below_80_Cap']",2020-06-02,oos_isotonic,694.0,0.2291793040076647,0.07640359866160847
2020-07-20,v2_relative_alpha_calibrated_experts_sensitivity,trend,-23.738520741384058,2.2350204487240046,-21.503500292660053,0.01,0.42484550540153176,0.0076388888888888895,0.0,4.0,0.0,"['No_Alpha_Tier', 'Expert_trend']","['Liquidity_Below_45_Penalty', 'Coverage_Below_80_Cap']",2020-06-02,oos_isotonic,694.0,0.2291793040076647,0.07640359866160847
2020-07-21,v2_relative_alpha_calibrated_experts_sensitivity,trend,-21.16146874430645,2.2350204487240046,-18.926448295582446,0.01,0.42484550540153176,0.015483775059463134,0.0,0.0,0.0,"['No_Alpha_Tier', 'Expert_trend']",['Hard_Risk_Cap_Zero'],2020-06-02,oos_isotonic,694.0,0.2291793040076647,0.07640359866160847
2020-07-22,v2_relative_alpha_calibrated_experts_sensitivity,trend,-21.905153259636304,2.2350204487240046,-19.6701328109123,0.01,0.42484550540153176,0.012731481481481483,0.0,0.0,0.0,"['No_Alpha_Tier', 'Expert_trend']",['Hard_Risk_Cap_Zero'],2020-06-02,oos_isotonic,694.0,0.2291793040076647,0.07640359866160847
2020-07-23,v2_relative_alpha_calibrated_experts_sensitivity,pullback,-7.774756374973683,5.524864533167993,-2.24989184180569,0.030357273258421125,0.4248455054015319,0.14043835034013608,0.0,4.0,0.0,"['No_Alpha_Tier', 'Expert_pullback']","['Liquidity_Below_45_Penalty', 'Coverage_Below_80_Cap']",2020-06-02,oos_isotonic,694.0,0.2291793040076647,0.07640359866160847
2020-07-24,v2_relative_alpha_calibrated_experts_sensitivity,pullback,-8.289644020223182,5.524864533167993,-2.7647794870551885,0.03738551626885819,0.4248455054015319,0.12582142857142858,0.0,0.0,0.0,"['No_Alpha_Tier', 'Expert_pullback']",['Hard_Risk_Cap_Zero'],2020-06-02,oos_isotonic,694.0,0.2291793040076647,0.07640359866160847
2020-07-27,v2_relative_alpha_calibrated_experts_sensitivity,pullback,-10.595231005777324,2.2350204487240046,-8.36021055705332,0.015283442560317299,0.4248455054015319,0.08996386054421769,0.0,0.0,0.0,"['No_Alpha_Tier', 'Expert_pullback']",['Hard_Risk_Cap_Zero'],2020-06-02,oos_isotonic,694.0,0.2291793040076647,0.07640359866160847
2020-07-28,v2_relative_alpha_calibrated_experts_sensitivity,pullback,-9.716154281073523,5.565498823788312,-4.150655457285211,0.0153872240045998,0.4248455054015319,0.0939638605442177,0.0,0.0,0.0,"['No_Alpha_Tier', 'Expert_pullback']",['Hard_Risk_Cap_Zero'],2020-06-02,oos_isotonic,694.0,0.2291793040076647,0.07640359866160847
2020-07-29,v2_relative_alpha_calibrated_experts_sensitivity,pullback,-9.854686177746599,2.2803574970202205,-7.574328680726379,0.015606595331911591,0.4248455054015319,0.09335969387755103,0.0,0.0,0.0,"['No_Alpha_Tier', 'Expert_pullback']",['Hard_Risk_Cap_Zero'],2020-06-02,oos_isotonic,694.0,0.2291793040076647,0.07640359866160847
2020-07-30,v2_relative_alpha_calibrated_experts_sensitivity,pullback,-10.595013837832381,2.317990357875294,-8.277023479957087,0.024342628973102427,0.4248455054015319,0.09858418367346941,0.0,0.0,0.0,"['No_Alpha_Tier', 'Expert_pullback']",['Hard_Risk_Cap_Zero'],2020-06-02,oos_isotonic,694.0,0.2291793040076647,0.07640359866160847
2020-07-31,v2_relative_alpha_calibrated_experts_sensitivity,trend,-25.90199947411963,2.349523526549057,-23.55247594757057,0.01,0.42484550540153176,0.0,0.0,0.0,0.0,"['No_Alpha_Tier', 'Expert_trend']",['Hard_Risk_Cap_Zero'],2020-06-02,oos_isotonic,694.0,0.2291793040076647,0.07640359866160847
2020-08-03,v2_relative_alpha_calibrated_experts_sensitivity,trend,-19.733783427055148,2.388955390802657,-17.344828036252487,0.01,0.4402932960893855,0.009909909909909911,0.0,0.0,0.0,"['No_Alpha_Tier', 'Expert_trend']",['Hard_Risk_Cap_Zero'],2020-07-02,oos_isotonic,716.0,0.22854101309302677,0.08284366504556084
2020-08-04,v2_relative_alpha_calibrated_experts_sensitivity,trend,-20.250727792647094,2.4188553070012153,-17.831872485645878,0.01,0.4402932960893855,0.008108108108108109,0.0,0.0,0.0,"['No_Alpha_Tier', 'Expert_trend']",['Hard_Risk_Cap_Zero'],2020-07-02,oos_isotonic,716.0,0.22854101309302677,0.08284366504556084
2020-08-05,v2_relative_alpha_calibrated_experts_sensitivity,trend,-20.320874511954557,2.4562601895314793,-17.86461432242308,0.01,0.4402932960893855,0.008108108108108109,0.0,0.0,0.0,"['No_Alpha_Tier', 'Expert_trend']",['Hard_Risk_Cap_Zero'],2020-07-02,oos_isotonic,716.0,0.22854101309302677,0.08284366504556084
2020-08-06,v2_relative_alpha_calibrated_experts_sensitivity,trend,-21.86309008779409,2.484615562116195,-19.3784745256779,0.01,0.4402932960893855,0.008108108108108109,0.0,0.0,0.0,"['No_Alpha_Tier', 'Expert_trend']",['Hard_Risk_Cap_Zero'],2020-07-02,oos_isotonic,716.0,0.22854101309302677,0.08284366504556084
2020-08-07,v2_relative_alpha_calibrated_experts_sensitivity,trend,-20.951581425464614,2.515890493929965,-18.435690931534648,0.01,0.4402932960893855,0.008108108108108109,0.0,0.0,0.0,"['No_Alpha_Tier', 'Expert_trend']",['Hard_Risk_Cap_Zero'],2020-07-02,oos_isotonic,716.0,0.22854101309302677,0.08284366504556084
2020-08-10,v2_relative_alpha_calibrated_experts_sensitivity,trend,-19.60605879215632,2.5327694406233383,-17.073289351532978,0.01,0.4402932960893855,0.009909909909909911,0.0,0.0,0.0,"['No_Alpha_Tier', 'Expert_trend']",['Hard_Risk_Cap_Zero'],2020-07-02,oos_isotonic,716.0,0.22854101309302677,0.08284366504556084
2020-08-11,v2_relative_alpha_calibrated_experts_sensitivity,pullback,-4.499884060636247,5.565498823788312,1.0656147631520654,0.15381866854776283,0.4402932960893855,0.19092524509803924,0.0,0.0,0.0,"['No_Alpha_Tier', 'Expert_pullback']",['Hard_Risk_Cap_Zero'],2020-07-02,oos_isotonic,716.0,0.22854101309302677,0.08284366504556084
2020-08-12,v2_relative_alpha_calibrated_experts_sensitivity,trend,-19.128425549250593,2.570381255888229,-16.558044293362364,0.01,0.4402932960893855,0.009909909909909911,0.0,0.0,0.0,"['No_Alpha_Tier', 'Expert_trend']",['Hard_Risk_Cap_Zero'],2020-07-02,oos_isotonic,716.0,0.22854101309302677,0.08284366504556084
2020-08-13,v2_relative_alpha_calibrated_experts_sensitivity,trend,-19.45175038532957,2.595428370690507,-16.856322014639066,0.01,0.4402932960893855,0.009909909909909911,0.0,0.0,0.0,"['No_Alpha_Tier', 'Expert_trend']",['Hard_Risk_Cap_Zero'],2020-07-02,oos_isotonic,716.0,0.22854101309302677,0.08284366504556084
2020-08-14,v2_relative_alpha_calibrated_experts_sensitivity,trend,-18.79016922438049,2.6264180577216707,-16.16375116665882,0.01,0.4402932960893855,0.011711711711711712,0.0,0.0,0.0,"['No_Alpha_Tier', 'Expert_trend']",['Hard_Risk_Cap_Zero'],2020-07-02,oos_isotonic,716.0,0.22854101309302677,0.08284366504556084
2020-08-17,v2_relative_alpha_calibrated_experts_sensitivity,trend,-19.837707386875305,2.655060061468987,-17.182647325406318,0.01,0.4402932960893855,0.010810810810810811,0.0,0.0,0.0,"['No_Alpha_Tier', 'Expert_trend']",['Hard_Risk_Cap_Zero'],2020-07-02,oos_isotonic,716.0,0.22854101309302677,0.08284366504556084
2020-08-18,v2_relative_alpha_calibrated_experts_sensitivity,trend,-20.897032672623823,2.6716666914549903,-18.22536598116883,0.01017753298148569,0.4402932960893855,0.012612612612612612,0.0,0.0,0.0,"['No_Alpha_Tier', 'Expert_trend']",['Hard_Risk_Cap_Zero'],2020-07-02,oos_isotonic,716.0,0.22854101309302677,0.08284366504556084
2020-08-19,v2_relative_alpha_calibrated_experts_sensitivity,trend,-20.2406335344761,2.701692068101856,-17.53894146637424,0.01017576510381123,0.4402932960893855,0.012612612612612612,0.0,0.0,0.0,"['No_Alpha_Tier', 'Expert_trend']",['Hard_Risk_Cap_Zero'],2020-07-02,oos_isotonic,716.0,0.22854101309302677,0.08284366504556084
2020-08-20,v2_relative_alpha_calibrated_experts_sensitivity,trend,-19.847122058104937,2.724050877035024,-17.12307118106991,0.01064769410365217,0.4402932960893855,0.012612612612612612,0.0,0.0,0.0,"['No_Alpha_Tier', 'Expert_trend']",['Hard_Risk_Cap_Zero'],2020-07-02,oos_isotonic,716.0,0.22854101309302677,0.08284366504556084
2020-08-21,v2_relative_alpha_calibrated_experts_sensitivity,trend,-21.057106432640545,2.724050877035024,-18.333055555605522,0.011284881334612884,0.4402932960893855,0.01711711711711712,0.0,0.0,0.0,"['No_Alpha_Tier', 'Expert_trend']",['Hard_Risk_Cap_Zero'],2020-07-02,oos_isotonic,716.0,0.22854101309302677,0.08284366504556084
2020-08-24,v2_relative_alpha_calibrated_experts_sensitivity,trend,-21.129412032983193,2.724050877035024,-18.405361155948167,0.012974429216213754,0.4402932960893855,0.01891891891891892,0.0,0.0,0.0,"['No_Alpha_Tier', 'Expert_trend']",['Hard_Risk_Cap_Zero'],2020-07-02,oos_isotonic,716.0,0.22854101309302677,0.08284366504556084
2020-08-25,v2_relative_alpha_calibrated_experts_sensitivity,trend,-22.43104545356653,2.777038157413911,-19.65400729615262,0.01,0.4402932960893855,0.012612612612612612,0.0,0.0,0.0,"['No_Alpha_Tier', 'Expert_trend']",['Hard_Risk_Cap_Zero'],2020-07-02,oos_isotonic,716.0,0.22854101309302677,0.08284366504556084
2020-08-26,v2_relative_alpha_calibrated_experts_sensitivity,trend,-24.87759108957149,2.777038157413911,-22.100552932157576,0.01,0.4402932960893855,0.008108108108108109,0.0,0.0,0.0,"['No_Alpha_Tier', 'Expert_trend']",['Hard_Risk_Cap_Zero'],2020-07-02,oos_isotonic,716.0,0.22854101309302677,0.08284366504556084
2020-08-27,v2_relative_alpha_calibrated_experts_sensitivity,trend,-25.34283974021465,2.8503040646071884,-22.49253567560746,0.01,0.4402932960893855,0.005405405405405406,0.0,0.0,0.0,"['No_Alpha_Tier', 'Expert_trend']",['Hard_Risk_Cap_Zero'],2020-07-02,oos_isotonic,716.0,0.22854101309302677,0.08284366504556084
2020-08-28,v2_relative_alpha_calibrated_experts_sensitivity,trend,-24.415054827194428,2.916129572975136,-21.49892525421929,0.01,0.4402932960893855,0.009909909909909911,0.0,0.0,0.0,"['No_Alpha_Tier', 'Expert_trend']",['Hard_Risk_Cap_Zero'],2020-07-02,oos_isotonic,716.0,0.22854101309302677,0.08284366504556084
2020-08-31,v2_relative_alpha_calibrated_experts_sensitivity,trend,-25.89105456783039,2.9718501579819674,-22.919204409848422,0.01,0.4402932960893855,0.005405405405405406,0.0,0.0,0.0,"['No_Alpha_Tier', 'Expert_trend']",['Hard_Risk_Cap_Zero'],2020-07-02,oos_isotonic,716.0,0.22854101309302677,0.08284366504556084
2020-09-01,v2_relative_alpha_calibrated_experts_sensitivity,trend,-19.641137441501954,3.0227451060703467,-16.618392335431608,0.021614477006589427,0.46501009823109,0.022321428571428575,0.0,0.0,0.0,"['No_Alpha_Tier', 'Expert_trend']",['Hard_Risk_Cap_Zero'],2020-08-03,oos_isotonic,737.0,0.23156279614328448,0.08432025917049245
2020-09-02,v2_relative_alpha_calibrated_experts_sensitivity,trend,-20.618687676923013,3.0815354307529668,-17.537152246170045,0.015659429466769535,0.46501009823109,0.018750000000000003,0.0,0.0,0.0,"['No_Alpha_Tier', 'Expert_trend']",['Hard_Risk_Cap_Zero'],2020-08-03,oos_isotonic,737.0,0.23156279614328448,0.08432025917049245
2020-09-03,v2_relative_alpha_calibrated_experts_sensitivity,pullback,-0.35102281838623495,5.772824021567785,5.42180120318155,0.2341961986347753,0.46501009823109,0.30745026748563503,0.0,0.0,0.0,"['No_Alpha_Tier', 'Expert_pullback']",['Hard_Risk_Cap_Zero'],2020-08-03,oos_isotonic,737.0,0.23156279614328448,0.08432025917049245
2020-09-04,v2_relative_alpha_calibrated_experts_sensitivity,pullback,-0.8199586747717837,5.772824021567785,4.952865346796001,0.2615940051938958,0.46501009823109,0.32336566276996237,0.0,0.0,0.0,"['No_Alpha_Tier', 'Expert_pullback']",['Hard_Risk_Cap_Zero'],2020-08-03,oos_isotonic,737.0,0.23156279614328448,0.08432025917049245
2020-09-08,v2_relative_alpha_calibrated_experts_sensitivity,pullback,3.111305577825319,4.52587735286098,7.637182930686298,0.46927953973948033,0.47479386285356434,0.44504210422032897,0.0,0.0,0.0,"['No_Alpha_Tier', 'Expert_pullback']",['Hard_Risk_Cap_Zero'],2020-08-03,oos_isotonic,737.0,0.23156279614328448,0.08432025917049245
2020-09-09,v2_relative_alpha_calibrated_experts_sensitivity,pullback,-0.007261542766716605,5.772824021567785,5.765562478801069,0.3697280289511088,0.46501009823109,0.38279383792351895,0.0,0.0,0.0,"['No_Alpha_Tier', 'Expert_pullback']",['Hard_Risk_Cap_Zero'],2020-08-03,oos_isotonic,737.0,0.23156279614328448,0.08432025917049245
2020-09-10,v2_relative_alpha_calibrated_experts_sensitivity,pullback,1.5213800254046177,4.548139934611061,6.069519960015679,0.4715651847930617,0.47479386285356434,0.43917564890033683,0.0,0.0,0.0,"['No_Alpha_Tier', 'Expert_pullback']",['Hard_Risk_Cap_Zero'],2020-08-03,oos_isotonic,737.0,0.23156279614328448,0.08432025917049245
2020-09-11,v2_relative_alpha_calibrated_experts_sensitivity,pullback,3.5836303405524834,4.554761442992384,8.138391783544868,0.6946091961678562,0.7153991591965656,0.6218461462254805,0.0,0.0,0.0,"['No_Alpha_Tier', 'Expert_pullback']",['Hard_Risk_Cap_Zero'],2020-08-03,oos_isotonic,737.0,0.23156279614328448,0.08432025917049245
2020-09-14,v2_relative_alpha_calibrated_experts_sensitivity,pullback,1.7446922951215957,4.5577103538536745,6.302402648975269,0.5493393717035897,0.5166742047339062,0.49991846641569254,0.0,0.0,0.0,"['No_Alpha_Tier', 'Expert_pullback']",['Hard_Risk_Cap_Zero'],2020-08-03,oos_isotonic,737.0,0.23156279614328448,0.08432025917049245
2020-09-15,v2_relative_alpha_calibrated_experts_sensitivity,pullback,1.3983793028785474,5.787362551996921,7.185741854875468,0.5431503517446907,0.5166742047339062,0.4884546265107985,0.0,0.0,0.0,"['No_Alpha_Tier', 'Expert_pullback']",['Hard_Risk_Cap_Zero'],2020-08-03,oos_isotonic,737.0,0.23156279614328448,0.08432025917049245
2020-09-16,v2_relative_alpha_calibrated_experts_sensitivity,pullback,2.146816292619816,4.568260719259608,6.715077011879424,0.6393400938700109,0.7153991591965656,0.5434546265107985,0.0,0.0,0.0,"['No_Alpha_Tier', 'Expert_pullback']",['Hard_Risk_Cap_Zero'],2020-08-03,oos_isotonic,737.0,0.23156279614328448,0.08432025917049245
2020-09-17,v2_relative_alpha_calibrated_experts_sensitivity,pullback,3.659557384573432,4.57274335796668,8.232300742540113,0.7484556191787444,0.7153991591965656,0.6629286704973252,0.0,0.0,0.0,"['No_Alpha_Tier', 'Expert_pullback']",['Hard_Risk_Cap_Zero'],2020-08-03,oos_isotonic,737.0,0.23156279614328448,0.08432025917049245
2020-09-18,v2_relative_alpha_calibrated_experts_sensitivity,pullback,4.807482593582502,4.574445772560359,9.38192836614286,0.8488473696682651,0.78,0.7242904695858927,2.0,0.0,0.0,"['Tier_1', 'Expert_pullback']",['Hard_Risk_Cap_Zero'],2020-08-03,oos_isotonic,737.0,0.23156279614328448,0.08432025917049245
2020-09-21,v2_relative_alpha_calibrated_experts_sensitivity,pullback,3.767967290382468,4.573408958385617,8.341376248768084,0.746158520564704,0.7153991591965656,0.6658049336239351,0.0,0.0,0.0,"['No_Alpha_Tier', 'Expert_pullback']",['Hard_Risk_Cap_Zero'],2020-08-03,oos_isotonic,737.0,0.23156279614328448,0.08432025917049245
2020-09-22,v2_relative_alpha_calibrated_experts_sensitivity,pullback,3.1267722521164254,4.573244878952411,7.700017131068837,0.6388015667762948,0.7153991591965656,0.5780574598771548,0.0,4.0,0.0,"['No_Alpha_Tier', 'Expert_pullback']","['Liquidity_Below_45_Penalty', 'Coverage_Below_80_Cap']",2020-08-03,oos_isotonic,737.0,0.23156279614328448,0.08432025917049245
2020-09-23,v2_relative_alpha_calibrated_experts_sensitivity,trend,-9.57857099210948,4.576930563530907,-5.001640428578572,0.1811660658291754,0.46501009823109,0.20390075741103136,0.0,4.0,0.0,"['No_Alpha_Tier', 'Expert_trend']","['Liquidity_Below_45_Penalty', 'Coverage_Below_80_Cap']",2020-08-03,oos_isotonic,737.0,0.23156279614328448,0.08432025917049245
2020-09-24,v2_relative_alpha_calibrated_experts_sensitivity,trend,-10.788323251378023,4.576410335465153,-6.21191291591287,0.13657913361021418,0.46501009823109,0.16935293904471987,0.0,4.0,0.0,"['No_Alpha_Tier', 'Expert_trend']","['Liquidity_Below_45_Penalty', 'Coverage_Below_80_Cap']",2020-08-03,oos_isotonic,737.0,0.23156279614328448,0.08432025917049245
2020-09-25,v2_relative_alpha_calibrated_experts_sensitivity,pullback,4.120069052265406,4.575364155290929,8.695433207556336,0.7906076393559457,0.7209477090074106,0.679144640380424,0.0,4.0,0.0,"['No_Alpha_Tier', 'Expert_pullback']","['Liquidity_Below_45_Penalty', 'Coverage_Below_80_Cap']",2020-08-03,oos_isotonic,737.0,0.23156279614328448,0.08432025917049245
2020-09-28,v2_relative_alpha_calibrated_experts_sensitivity,pullback,3.1779726361536427,5.823883154050224,9.001855790203866,0.7148539953699236,0.7153991591965656,0.6307245888646721,0.0,4.0,0.0,"['No_Alpha_Tier', 'Expert_pullback']","['Liquidity_Below_45_Penalty', 'Coverage_Below_80_Cap']",2020-08-03,oos_isotonic,737.0,0.23156279614328448,0.08432025917049245
2020-09-29,v2_relative_alpha_calibrated_experts_sensitivity,pullback,3.9878684097544768,5.823883154050224,9.8117515638047,0.817631852772034,0.7209477090074106,0.686617891816921,0.0,4.0,0.0,"['No_Alpha_Tier', 'Expert_pullback']","['Liquidity_Below_45_Penalty', 'Coverage_Below_80_Cap']",2020-08-03,oos_isotonic,737.0,0.23156279614328448,0.08432025917049245
2020-09-30,v2_relative_alpha_calibrated_experts_sensitivity,pullback,4.730824688423422,5.823883154050224,10.554707842473645,0.8543570270332828,0.78,0.717644640380424,2.0,4.0,2.0,"['Tier_1', 'Expert_pullback']","['Liquidity_Below_45_Penalty', 'Coverage_Below_80_Cap']",2020-08-03,oos_isotonic,737.0,0.23156279614328448,0.08432025917049245
2020-10-01,v2_relative_alpha_calibrated_experts_sensitivity,pullback,4.243888638655809,5.823883154050224,10.067771792706033,0.8634705881482977,0.78,0.7238978115518051,2.0,4.0,2.0,"['Tier_1', 'Expert_pullback']","['Liquidity_Below_45_Penalty', 'Coverage_Below_80_Cap']",2020-09-01,oos_isotonic,758.0,0.23281494483334186,0.10476484465200119
2020-10-02,v2_relative_alpha_calibrated_experts_sensitivity,pullback,7.215613566913742,4.574485937379136,11.790099504292877,0.9368189235565796,0.78,0.8481369246727818,4.0,4.0,4.0,"['Tier_2', 'Expert_pullback']",['Coverage_Below_80_Cap'],2020-09-01,oos_isotonic,758.0,0.23281494483334186,0.10476484465200119
2020-10-05,v2_relative_alpha_calibrated_experts_sensitivity,pullback,5.5483708698993635,5.77910614067284,11.327477010572204,0.8916305179865922,0.78,0.7903360373275523,2.0,4.0,2.0,"['Tier_1', 'Expert_pullback']","['Liquidity_Below_45_Penalty', 'Coverage_Below_80_Cap']",2020-09-01,oos_isotonic,758.0,0.23281494483334186,0.10476484465200119
2020-10-06,v2_relative_alpha_calibrated_experts_sensitivity,pullback,7.136376737273864,4.577480764149891,11.713857501423755,0.9264155769008083,0.78,0.8343394639409161,4.0,4.0,4.0,"['Tier_2', 'Expert_pullback']",['Coverage_Below_80_Cap'],2020-09-01,oos_isotonic,758.0,0.23281494483334186,0.10476484465200119
2020-10-07,v2_relative_alpha_calibrated_experts_sensitivity,pullback,6.5859073517311835,5.756211574637959,12.342118926369142,0.899130204721543,0.78,0.8059881234047017,4.0,4.0,4.0,"['Tier_2', 'Expert_pullback']",['Coverage_Below_80_Cap'],2020-09-01,oos_isotonic,758.0,0.23281494483334186,0.10476484465200119
2020-10-08,v2_relative_alpha_calibrated_experts_sensitivity,pullback,6.420295454287799,5.745789846624951,12.16608530091275,0.886799963757538,0.78,0.8047695777340063,4.0,4.0,4.0,"['Tier_2', 'Expert_pullback']",['Coverage_Below_80_Cap'],2020-09-01,oos_isotonic,758.0,0.23281494483334186,0.10476484465200119
2020-10-09,v2_relative_alpha_calibrated_experts_sensitivity,pullback,4.901543440458272,5.745789846624951,10.647333287083223,0.859026118331325,0.78,0.7432572057949394,2.0,4.0,2.0,"['Tier_1', 'Expert_pullback']",['Coverage_Below_80_Cap'],2020-09-01,oos_isotonic,758.0,0.23281494483334186,0.10476484465200119
2020-10-12,v2_relative_alpha_calibrated_experts_sensitivity,pullback,1.4006252863818225,2.8825799124709968,4.283205198852819,0.6475402422743295,0.7180154850988364,0.5343703500817802,0.0,4.0,0.0,"['No_Alpha_Tier', 'Expert_pullback']",['Coverage_Below_80_Cap'],2020-09-01,oos_isotonic,758.0,0.23281494483334186,0.10476484465200119
2020-10-13,v2_relative_alpha_calibrated_experts_sensitivity,pullback,3.177583056113289,2.9291709136867254,6.106753969800015,0.7868322323895335,0.7235640349096814,0.6546742969032274,0.0,4.0,0.0,"['No_Alpha_Tier', 'Expert_pullback']",['Coverage_Below_80_Cap'],2020-09-01,oos_isotonic,758.0,0.23281494483334186,0.10476484465200119
2020-10-14,v2_relative_alpha_calibrated_experts_sensitivity,pullback,3.4806720705929504,5.765004678149068,9.245676748742019,0.7993650626757622,0.7235640349096814,0.6835768287897683,0.0,4.0,0.0,"['No_Alpha_Tier', 'Expert_pullback']",['Coverage_Below_80_Cap'],2020-09-01,oos_isotonic,758.0,0.23281494483334186,0.10476484465200119
2020-10-15,v2_relative_alpha_calibrated_experts_sensitivity,pullback,3.3204210891999217,5.765004678149068,9.08542576734899,0.790400986918225,0.7235640349096814,0.6790840608087896,0.0,4.0,0.0,"['No_Alpha_Tier', 'Expert_pullback']",['Coverage_Below_80_Cap'],2020-09-01,oos_isotonic,758.0,0.23281494483334186,0.10476484465200119
2020-10-16,v2_relative_alpha_calibrated_experts_sensitivity,pullback,3.1473659781734513,5.765004678149068,8.91237065632252,0.7903998135956922,0.7235640349096814,0.6449323418687865,0.0,4.0,0.0,"['No_Alpha_Tier', 'Expert_pullback']",['Coverage_Below_80_Cap'],2020-09-01,oos_isotonic,758.0,0.23281494483334186,0.10476484465200119
2020-10-19,v2_relative_alpha_calibrated_experts_sensitivity,pullback,4.48472042272938,5.791003517609409,10.275723940338787,0.8445131217271887,0.78,0.7178383003686911,2.0,4.0,2.0,"['Tier_1', 'Expert_pullback']",['Coverage_Below_80_Cap'],2020-09-01,oos_isotonic,758.0,0.23281494483334186,0.10476484465200119
2020-10-20,v2_relative_alpha_calibrated_experts_sensitivity,pullback,5.428107102357791,5.811827726585113,11.239934828942905,0.8938479350748398,0.78,0.7900459212811338,2.0,4.0,2.0,"['Tier_1', 'Expert_pullback']",['Coverage_Below_80_Cap'],2020-09-01,oos_isotonic,758.0,0.23281494483334186,0.10476484465200119
2020-10-21,v2_relative_alpha_calibrated_experts_sensitivity,pullback,4.919718592130466,5.811827726585113,10.73154631871558,0.8738571708231923,0.78,0.7456942971363303,2.0,4.0,2.0,"['Tier_1', 'Expert_pullback']",['Coverage_Below_80_Cap'],2020-09-01,oos_isotonic,758.0,0.23281494483334186,0.10476484465200119
2020-10-22,v2_relative_alpha_calibrated_experts_sensitivity,pullback,5.208841192199869,5.8299056528095745,11.038746845009443,0.8810370000332514,0.78,0.7633794294416796,2.0,4.0,2.0,"['Tier_1', 'Expert_pullback']",['Coverage_Below_80_Cap'],2020-09-01,oos_isotonic,758.0,0.23281494483334186,0.10476484465200119
2020-10-23,v2_relative_alpha_calibrated_experts_sensitivity,pullback,6.233953898355459,5.8299056528095745,12.063859551165033,0.9026521754817369,0.78,0.8045417196004615,4.0,4.0,4.0,"['Tier_2', 'Expert_pullback']",['Coverage_Below_80_Cap'],2020-09-01,oos_isotonic,758.0,0.23281494483334186,0.10476484465200119
2020-10-26,v2_relative_alpha_calibrated_experts_sensitivity,pullback,6.755227176038099,5.8299056528095745,12.585132828847673,0.9311783907811428,0.78,0.834202904462756,4.0,2.0,2.0,"['Tier_2', 'Expert_pullback']","['Coverage_Below_80_Cap', 'VIX_Backwardation_Cap']",2020-09-01,oos_isotonic,758.0,0.23281494483334186,0.10476484465200119
2020-10-27,v2_relative_alpha_calibrated_experts_sensitivity,pullback,6.4150537214100485,5.822305788606547,12.237359510016596,0.9263347120949992,0.78,0.8361446520355715,4.0,2.0,2.0,"['Tier_2', 'Expert_pullback']","['Coverage_Below_80_Cap', 'VIX_Backwardation_Cap']",2020-09-01,oos_isotonic,758.0,0.23281494483334186,0.10476484465200119
2020-10-28,v2_relative_alpha_calibrated_experts_sensitivity,pullback,8.90170805581586,4.744076924624052,13.645784980439913,0.9481769636983328,0.78,0.9029310753427585,6.0,2.0,2.0,"['Tier_3', 'Expert_pullback']","['Coverage_Below_80_Cap', 'VIX_Backwardation_Cap']",2020-09-01,oos_isotonic,758.0,0.23281494483334186,0.10476484465200119
2020-10-29,v2_relative_alpha_calibrated_experts_sensitivity,pullback,7.666812462069073,5.794730498472078,13.46154296054115,0.9382732899860651,0.78,0.8596840678018781,4.0,2.0,2.0,"['Tier_2', 'Expert_pullback']","['Coverage_Below_80_Cap', 'VIX_Backwardation_Cap']",2020-09-01,oos_isotonic,758.0,0.23281494483334186,0.10476484465200119
2020-10-30,v2_relative_alpha_calibrated_experts_sensitivity,pullback,9.217803440649059,4.7474859107699805,13.965289351419038,0.9536439559931296,0.78,0.9128160001864823,6.0,2.0,2.0,"['Tier_3', 'Expert_pullback']","['Coverage_Below_80_Cap', 'VIX_Backwardation_Cap']",2020-09-01,oos_isotonic,758.0,0.23281494483334186,0.10476484465200119
2020-11-02,v2_relative_alpha_calibrated_experts_sensitivity,pullback,11.668644933959424,4.746118116656392,16.414763050615814,0.9566885141779926,0.78,0.9229058161691318,6.0,2.0,2.0,"['Tier_3', 'Expert_pullback']","['Coverage_Below_80_Cap', 'VIX_Backwardation_Cap']",2020-10-02,oos_isotonic,780.0,0.2345397453619269,0.0911308553129676
2020-11-03,v2_relative_alpha_calibrated_experts_sensitivity,pullback,11.328083845119615,4.746584201009798,16.07466804612941,0.9609863698220982,0.78,0.9322516105616551,6.0,2.0,2.0,"['Tier_3', 'Expert_pullback']","['Coverage_Below_80_Cap', 'VIX_Backwardation_Cap']",2020-10-02,oos_isotonic,780.0,0.2345397453619269,0.0911308553129676
2020-11-04,v2_relative_alpha_calibrated_experts_sensitivity,pullback,9.021467241585954,5.733799597878115,14.755266839464069,0.9404362912742035,0.78,0.8948450685055804,4.0,4.0,4.0,"['Tier_2', 'Expert_pullback']",['Coverage_Below_80_Cap'],2020-10-02,oos_isotonic,780.0,0.2345397453619269,0.0911308553129676
2020-11-05,v2_relative_alpha_calibrated_experts_sensitivity,pullback,7.3024673809255205,2.882265793971181,10.184733174896701,0.9307443649046998,0.78,0.8525385627438528,4.0,4.0,4.0,"['Tier_2', 'Expert_pullback']",['Coverage_Below_80_Cap'],2020-10-02,oos_isotonic,780.0,0.2345397453619269,0.0911308553129676
2020-11-06,v2_relative_alpha_calibrated_experts_sensitivity,pullback,7.722566277096066,2.8945109152987163,10.617077192394781,0.932103962760888,0.78,0.8603783685690953,4.0,4.0,4.0,"['Tier_2', 'Expert_pullback']",['Coverage_Below_80_Cap'],2020-10-02,oos_isotonic,780.0,0.2345397453619269,0.0911308553129676
2020-11-09,v2_relative_alpha_calibrated_experts_sensitivity,pullback,11.036840810583918,4.7831644632513814,15.820005273835298,0.9686939165508524,0.78,0.9353357227111878,6.0,4.0,4.0,"['Tier_3', 'Expert_pullback']",['Coverage_Below_80_Cap'],2020-10-02,oos_isotonic,780.0,0.2345397453619269,0.0911308553129676
2020-11-10,v2_relative_alpha_calibrated_experts_sensitivity,pullback,12.433610963887872,4.786865741407746,17.220476705295617,0.9817597574543955,0.78,0.9534198348607206,8.0,4.0,4.0,"['Tier_4', 'Expert_pullback']",['Coverage_Below_80_Cap'],2020-10-02,oos_isotonic,780.0,0.2345397453619269,0.0911308553129676
2020-11-11,v2_relative_alpha_calibrated_experts_sensitivity,pullback,9.714853325671557,4.788318454591783,14.50317178026334,0.9588682496065388,0.78,0.9197516105616551,6.0,4.0,4.0,"['Tier_3', 'Expert_pullback']",['Coverage_Below_80_Cap'],2020-10-02,oos_isotonic,780.0,0.2345397453619269,0.0911308553129676
2020-11-12,v2_relative_alpha_calibrated_experts_sensitivity,pullback,8.726961338678437,4.792056251846077,13.519017590524514,0.9465355144738903,0.78,0.899458533708375,4.0,4.0,4.0,"['Tier_2', 'Expert_pullback']",['Coverage_Below_80_Cap'],2020-10-02,oos_isotonic,780.0,0.2345397453619269,0.0911308553129676
2020-11-13,v2_relative_alpha_calibrated_experts_sensitivity,pullback,8.331886863604755,4.7954320259126035,13.127318889517358,0.9432565731417157,0.78,0.891351057072861,4.0,4.0,4.0,"['Tier_2', 'Expert_pullback']",['Coverage_Below_80_Cap'],2020-10-02,oos_isotonic,780.0,0.2345397453619269,0.0911308553129676
2020-11-16,v2_relative_alpha_calibrated_experts_sensitivity,pullback,7.8050118128847465,4.7994074311634956,12.604419244048243,0.9370663717706411,0.78,0.8722962979765903,4.0,4.0,4.0,"['Tier_2', 'Expert_pullback']",['Coverage_Below_80_Cap'],2020-10-02,oos_isotonic,780.0,0.2345397453619269,0.0911308553129676
2020-11-17,v2_relative_alpha_calibrated_experts_sensitivity,pullback,8.032315358980933,4.804276853509664,12.836592212490594,0.9302990835122253,0.78,0.8707903094093096,4.0,4.0,4.0,"['Tier_2', 'Expert_pullback']",['Coverage_Below_80_Cap'],2020-10-02,oos_isotonic,780.0,0.2345397453619269,0.0911308553129676
2020-11-18,v2_relative_alpha_calibrated_experts_sensitivity,pullback,7.667215056949604,4.808083587177489,12.475298644127093,0.9316586806975449,0.78,0.856640050812086,4.0,4.0,4.0,"['Tier_2', 'Expert_pullback']",['Coverage_Below_80_Cap'],2020-10-02,oos_isotonic,780.0,0.2345397453619269,0.0911308553129676
2020-11-19,v2_relative_alpha_calibrated_experts_sensitivity,pullback,7.090914470756917,4.810114284065234,11.90102875482215,0.9212279946798896,0.78,0.8394544505943201,4.0,4.0,4.0,"['Tier_2', 'Expert_pullback']",['Coverage_Below_80_Cap'],2020-10-02,oos_isotonic,780.0,0.2345397453619269,0.0911308553129676
2020-11-20,v2_relative_alpha_calibrated_experts_sensitivity,pullback,6.92916622738365,4.813217936121857,11.742384163505507,0.9181207918890948,0.78,0.8382161328373107,4.0,4.0,4.0,"['Tier_2', 'Expert_pullback']",['Coverage_Below_80_Cap'],2020-10-02,oos_isotonic,780.0,0.2345397453619269,0.0911308553129676
2020-11-23,v2_relative_alpha_calibrated_experts_sensitivity,pullback,7.7035111408583905,4.817068655317619,12.52057979617601,0.9402317716669559,0.78,0.8681226748933855,4.0,4.0,4.0,"['Tier_2', 'Expert_pullback']",['Coverage_Below_80_Cap'],2020-10-02,oos_isotonic,780.0,0.2345397453619269,0.0911308553129676
2020-11-24,v2_relative_alpha_calibrated_experts_sensitivity,pullback,6.886898091589989,4.820516610988855,11.707414702578845,0.9284626845820674,0.78,0.8384604391616007,4.0,4.0,4.0,"['Tier_2', 'Expert_pullback']",['Coverage_Below_80_Cap'],2020-10-02,oos_isotonic,780.0,0.2345397453619269,0.0911308553129676
2020-11-25,v2_relative_alpha_calibrated_experts_sensitivity,pullback,7.275359088174277,4.821915509793125,12.097274597967402,0.9360766341245239,0.78,0.8437768805008621,4.0,4.0,4.0,"['Tier_2', 'Expert_pullback']",['Coverage_Below_80_Cap'],2020-10-02,oos_isotonic,780.0,0.2345397453619269,0.0911308553129676
2020-11-27,v2_relative_alpha_calibrated_experts_sensitivity,trend,5.993994361479172,4.8277848498573706,10.821779211336544,0.8415368638689705,0.78,0.8019613860585477,4.0,4.0,4.0,"['Tier_2', 'Expert_trend']",['Coverage_Below_80_Cap'],2020-10-02,oos_isotonic,780.0,0.2345397453619269,0.0911308553129676
2020-11-30,v2_relative_alpha_calibrated_experts_sensitivity,trend,5.698963022954222,2.5993652044542643,8.298328227408486,0.8241180111655884,0.7440783542554233,0.7807723596959405,2.0,4.0,2.0,"['Tier_1', 'Expert_trend']",['Coverage_Below_80_Cap'],2020-10-02,oos_isotonic,780.0,0.2345397453619269,0.0911308553129676
2020-12-01,v2_relative_alpha_calibrated_experts_sensitivity,trend,5.59021905739724,2.5993652044542643,8.189584261851504,0.8667811385440408,0.78,0.8114430329495832,4.0,4.0,4.0,"['Tier_2', 'Expert_trend']",['Coverage_Below_80_Cap'],2020-10-30,oos_isotonic,800.0,0.2335354297044335,0.08128649563038806
2020-12-02,v2_relative_alpha_calibrated_experts_sensitivity,trend,4.292623379282018,2.5993652044542643,6.891988583736282,0.7974512628795445,0.7223846153846154,0.7368052798729655,2.0,4.0,2.0,"['Tier_1', 'Expert_trend']",['Coverage_Below_80_Cap'],2020-10-30,oos_isotonic,800.0,0.2335354297044335,0.08128649563038806
2020-12-03,v2_relative_alpha_calibrated_experts_sensitivity,trend,5.285270662215527,2.5993652044542643,7.884635866669791,0.8590276935722134,0.78,0.8165889241762605,4.0,4.0,4.0,"['Tier_2', 'Expert_trend']",['Coverage_Below_80_Cap'],2020-10-30,oos_isotonic,800.0,0.2335354297044335,0.08128649563038806
2020-12-04,v2_relative_alpha_calibrated_experts_sensitivity,trend,5.487013918615375,2.5993652044542643,8.086379123069639,0.8630517771208391,0.78,0.814440254069075,4.0,4.0,4.0,"['Tier_2', 'Expert_trend']",['Coverage_Below_80_Cap'],2020-10-30,oos_isotonic,800.0,0.2335354297044335,0.08128649563038806
2020-12-07,v2_relative_alpha_calibrated_experts_sensitivity,trend,5.181026179839341,2.614399336698065,7.7954255165374065,0.8581851513085498,0.78,0.8149712187375943,4.0,4.0,4.0,"['Tier_2', 'Expert_trend']",['Coverage_Below_80_Cap'],2020-10-30,oos_isotonic,800.0,0.2335354297044335,0.08128649563038806
2020-12-08,v2_relative_alpha_calibrated_experts_sensitivity,trend,4.821134945226738,2.631693724941754,7.452828670168492,0.8437783113721834,0.78,0.8054039301310044,4.0,4.0,4.0,"['Tier_2', 'Expert_trend']",['Coverage_Below_80_Cap'],2020-10-30,oos_isotonic,800.0,0.2335354297044335,0.08128649563038806
2020-12-09,v2_relative_alpha_calibrated_experts_sensitivity,pullback,4.884084600195511,2.631693724941754,7.515778325137265,0.8866497068312159,0.78,0.7648970086591447,2.0,4.0,2.0,"['Tier_1', 'Expert_pullback']",['Coverage_Below_80_Cap'],2020-10-30,oos_isotonic,800.0,0.2335354297044335,0.08128649563038806
2020-12-10,v2_relative_alpha_calibrated_experts_sensitivity,trend,6.5356583648212,2.631693724941754,9.167352089762954,0.9117889058570663,0.78,0.8786572052401748,4.0,4.0,4.0,"['Tier_2', 'Expert_trend']",['Coverage_Below_80_Cap'],2020-10-30,oos_isotonic,800.0,0.2335354297044335,0.08128649563038806
2020-12-11,v2_relative_alpha_calibrated_experts_sensitivity,pullback,4.288410125687987,2.631693724941754,6.920103850629741,0.8609603601835238,0.78,0.7370757893816147,2.0,4.0,2.0,"['Tier_1', 'Expert_pullback']",['Coverage_Below_80_Cap'],2020-10-30,oos_isotonic,800.0,0.2335354297044335,0.08128649563038806
2020-12-14,v2_relative_alpha_calibrated_experts_sensitivity,trend,6.306870579845511,2.631693724941754,8.938564304787265,0.9054448913768199,0.78,0.8690502183406115,4.0,4.0,4.0,"['Tier_2', 'Expert_trend']",['Coverage_Below_80_Cap'],2020-10-30,oos_isotonic,800.0,0.2335354297044335,0.08128649563038806
2020-12-15,v2_relative_alpha_calibrated_experts_sensitivity,trend,5.430128624445452,2.631693724941754,8.061822349387207,0.8735372641968895,0.78,0.8317884080984519,4.0,4.0,4.0,"['Tier_2', 'Expert_trend']",['Coverage_Below_80_Cap'],2020-10-30,oos_isotonic,800.0,0.2335354297044335,0.08128649563038806
2020-12-16,v2_relative_alpha_calibrated_experts_sensitivity,trend,5.124334809130708,2.631693724941754,7.756028534072462,0.8710489010773692,0.78,0.818429932512902,4.0,4.0,4.0,"['Tier_2', 'Expert_trend']",['Coverage_Below_80_Cap'],2020-10-30,oos_isotonic,800.0,0.2335354297044335,0.08128649563038806
2020-12-17,v2_relative_alpha_calibrated_experts_sensitivity,trend,4.213871010143429,2.631693724941754,6.8455647350851825,0.8243824511927369,0.7530679487453242,0.779034339023422,2.0,4.0,2.0,"['Tier_1', 'Expert_trend']",['Coverage_Below_80_Cap'],2020-10-30,oos_isotonic,800.0,0.2335354297044335,0.08128649563038806
2020-12-18,v2_relative_alpha_calibrated_experts_sensitivity,trend,4.8528266321522695,2.67483128796544,7.527657920117709,0.852046032483954,0.78,0.8141028185788012,4.0,4.0,4.0,"['Tier_2', 'Expert_trend']",['Coverage_Below_80_Cap'],2020-10-30,oos_isotonic,800.0,0.2335354297044335,0.08128649563038806
2020-12-21,v2_relative_alpha_calibrated_experts_sensitivity,trend,5.024948302450622,2.712235270754911,7.737183573205534,0.8681559866920426,0.78,0.8248560936879715,4.0,4.0,4.0,"['Tier_2', 'Expert_trend']",['Coverage_Below_80_Cap'],2020-10-30,oos_isotonic,800.0,0.2335354297044335,0.08128649563038806
2020-12-22,v2_relative_alpha_calibrated_experts_sensitivity,trend,5.140000228764331,2.7459936902400766,7.885993919004407,0.8728505019212999,0.78,0.8282999206034141,4.0,4.0,4.0,"['Tier_2', 'Expert_trend']",['Coverage_Below_80_Cap'],2020-10-30,oos_isotonic,800.0,0.2335354297044335,0.08128649563038806
2020-12-23,v2_relative_alpha_calibrated_experts_sensitivity,trend,5.407085618803265,2.778107724248372,8.185193343051637,0.8807376960963905,0.78,0.8393906312028583,4.0,4.0,4.0,"['Tier_2', 'Expert_trend']",['Coverage_Below_80_Cap'],2020-10-30,oos_isotonic,800.0,0.2335354297044335,0.08128649563038806
2020-12-24,v2_relative_alpha_calibrated_experts_sensitivity,trend,5.645247777458954,2.8038604066580066,8.44910818411696,0.8791273199184699,0.78,0.8379019452163559,4.0,4.0,4.0,"['Tier_2', 'Expert_trend']",['Coverage_Below_80_Cap'],2020-10-30,oos_isotonic,800.0,0.2335354297044335,0.08128649563038806
2020-12-28,v2_relative_alpha_calibrated_experts_sensitivity,trend,5.362778893406629,2.8310756999849915,8.19385459339162,0.8712160087915855,0.78,0.8300019849146487,4.0,4.0,4.0,"['Tier_2', 'Expert_trend']",['Coverage_Below_80_Cap'],2020-10-30,oos_isotonic,800.0,0.2335354297044335,0.08128649563038806
2020-12-29,v2_relative_alpha_calibrated_experts_sensitivity,trend,4.2780204988157005,2.8570648827150578,7.135085381530757,0.8304897514489837,0.78,0.784016474791584,2.0,4.0,2.0,"['Tier_1', 'Expert_trend']",['Coverage_Below_80_Cap'],2020-10-30,oos_isotonic,800.0,0.2335354297044335,0.08128649563038806
2020-12-30,v2_relative_alpha_calibrated_experts_sensitivity,trend,4.563409982983468,2.8997998834755663,7.463209866459033,0.8416423696077372,0.78,0.8034487892020643,4.0,4.0,4.0,"['Tier_2', 'Expert_trend']",['Coverage_Below_80_Cap'],2020-10-30,oos_isotonic,800.0,0.2335354297044335,0.08128649563038806
2020-12-31,v2_relative_alpha_calibrated_experts_sensitivity,trend,4.276912521827109,2.934068889818185,7.210981411645294,0.8311228715525385,0.78,0.7807413656212783,2.0,4.0,2.0,"['Tier_1', 'Expert_trend']",['Coverage_Below_80_Cap'],2020-10-30,oos_isotonic,800.0,0.2335354297044335,0.08128649563038806
2021-01-04,v2_relative_alpha_calibrated_experts_sensitivity,trend,5.737044334938056,2.972311550406243,8.7093558853443,0.8792681137844338,0.78,0.8593399464131094,4.0,4.0,4.0,"['Tier_2', 'Expert_trend']",['Coverage_Below_80_Cap'],2020-12-02,oos_isotonic,822.0,0.2302584987195168,0.07676443446651826
2021-01-05,v2_relative_alpha_calibrated_experts_sensitivity,trend,5.113914205115257,2.998395739709269,8.112309944824524,0.8640152532457833,0.78,0.8256411057596117,4.0,4.0,4.0,"['Tier_2', 'Expert_trend']",['Coverage_Below_80_Cap'],2020-12-02,oos_isotonic,822.0,0.2302584987195168,0.07676443446651826
2021-01-06,v2_relative_alpha_calibrated_experts_sensitivity,trend,5.924069245420256,3.026970437055959,8.951039682476216,0.8812015857884945,0.78,0.8574356365593028,4.0,4.0,4.0,"['Tier_2', 'Expert_trend']",['Coverage_Below_80_Cap'],2020-12-02,oos_isotonic,822.0,0.2302584987195168,0.07676443446651826
2021-01-07,v2_relative_alpha_calibrated_experts_sensitivity,trend,4.373097844016513,3.0444365157610473,7.417534359777561,0.8352288031663151,0.78,0.7985119208269443,2.0,4.0,2.0,"['Tier_1', 'Expert_trend']",['Coverage_Below_80_Cap'],2020-12-02,oos_isotonic,822.0,0.2302584987195168,0.07676443446651826
2021-01-08,v2_relative_alpha_calibrated_experts_sensitivity,trend,4.620219077023882,3.0823520756637124,7.702571152687594,0.8397208188829057,0.78,0.8026611757273693,4.0,4.0,4.0,"['Tier_2', 'Expert_trend']",['Coverage_Below_80_Cap'],2020-12-02,oos_isotonic,822.0,0.2302584987195168,0.07676443446651826
2021-01-11,v2_relative_alpha_calibrated_experts_sensitivity,trend,5.367472689255493,3.1404532167279857,8.507925905983479,0.8631018806469626,0.78,0.8389316337190443,4.0,4.0,4.0,"['Tier_2', 'Expert_trend']",['Coverage_Below_80_Cap'],2020-12-02,oos_isotonic,822.0,0.2302584987195168,0.07676443446651826
2021-01-12,v2_relative_alpha_calibrated_experts_sensitivity,trend,5.983114179704006,3.174573511334743,9.157687691038749,0.887311050883115,0.78,0.8682871096028151,4.0,4.0,4.0,"['Tier_2', 'Expert_trend']",['Coverage_Below_80_Cap'],2020-12-02,oos_isotonic,822.0,0.2302584987195168,0.07676443446651826
2021-01-13,v2_relative_alpha_calibrated_experts_sensitivity,trend,5.853474638193962,3.2075183573823947,9.060992995576356,0.8847463389316936,0.78,0.860581639976808,4.0,4.0,4.0,"['Tier_2', 'Expert_trend']",['Coverage_Below_80_Cap'],2020-12-02,oos_isotonic,822.0,0.2302584987195168,0.07676443446651826
2021-01-14,v2_relative_alpha_calibrated_experts_sensitivity,trend,5.910457728742931,3.2217157444694386,9.13217347321237,0.8877055533635771,0.78,0.866000395047938,4.0,4.0,4.0,"['Tier_2', 'Expert_trend']",['Coverage_Below_80_Cap'],2020-12-02,oos_isotonic,822.0,0.2302584987195168,0.07676443446651826
2021-01-15,v2_relative_alpha_calibrated_experts_sensitivity,pullback,3.789893873534915,3.2283025462114714,7.018196419746387,0.8335416656518356,0.78,0.6577855327421501,0.0,4.0,0.0,"['No_Alpha_Tier', 'Expert_pullback']",['Coverage_Below_80_Cap'],2020-12-02,oos_isotonic,822.0,0.2302584987195168,0.07676443446651826
2021-01-19,v2_relative_alpha_calibrated_experts_sensitivity,trend,5.47065448776596,3.248495834443127,8.719150322209087,0.8765048697944695,0.78,0.8420032506315233,4.0,4.0,4.0,"['Tier_2', 'Expert_trend']",['Coverage_Below_80_Cap'],2020-12-02,oos_isotonic,822.0,0.2302584987195168,0.07676443446651826
2021-01-20,v2_relative_alpha_calibrated_experts_sensitivity,trend,4.61254037053004,3.252468384180503,7.8650087547105425,0.838158619955468,0.78,0.8009925153740909,4.0,4.0,4.0,"['Tier_2', 'Expert_trend']",['Coverage_Below_80_Cap'],2020-12-02,oos_isotonic,822.0,0.2302584987195168,0.07676443446651826
2021-01-21,v2_relative_alpha_calibrated_experts_sensitivity,trend,4.51376453402845,3.293836695527959,7.807601229556409,0.826864333657092,0.78,0.7865848276049964,2.0,4.0,2.0,"['Tier_1', 'Expert_trend']",['Coverage_Below_80_Cap'],2020-12-02,oos_isotonic,822.0,0.2302584987195168,0.07676443446651826
2021-01-22,v2_relative_alpha_calibrated_experts_sensitivity,trend,4.563033790866364,3.339386516696445,7.90242030756281,0.8344611595492368,0.78,0.7920509373448862,2.0,4.0,2.0,"['Tier_1', 'Expert_trend']",['Coverage_Below_80_Cap'],2020-12-02,oos_isotonic,822.0,0.2302584987195168,0.07676443446651826
2021-01-25,v2_relative_alpha_calibrated_experts_sensitivity,trend,4.540567303472697,3.378249601295725,7.918816904768422,0.817155928216776,0.7492457420924575,0.7750142310911242,2.0,4.0,2.0,"['Tier_1', 'Expert_trend']",['Coverage_Below_80_Cap'],2020-12-02,oos_isotonic,822.0,0.2302584987195168,0.07676443446651826
2021-01-26,v2_relative_alpha_calibrated_experts_sensitivity,trend,3.186808056808231,3.421621960746579,6.60843001755481,0.7402460025077704,0.7283761768750662,0.6916563576750407,0.0,4.0,0.0,"['No_Alpha_Tier', 'Expert_trend']",['Coverage_Below_80_Cap'],2020-12-02,oos_isotonic,822.0,0.2302584987195168,0.07676443446651826
2021-01-27,v2_relative_alpha_calibrated_experts_sensitivity,pullback,2.1002157575730798,3.462572690971747,5.5627884485448265,0.6608991910067579,0.7283761768750662,0.595956450032268,0.0,2.0,0.0,"['No_Alpha_Tier', 'Expert_pullback']","['Coverage_Below_80_Cap', 'VIX_Backwardation_Cap']",2020-12-02,oos_isotonic,822.0,0.2302584987195168,0.07676443446651826
2021-01-28,v2_relative_alpha_calibrated_experts_sensitivity,pullback,0.5319209858981272,3.481317670534249,4.013238656432376,0.5768908959944786,0.6015534344001497,0.5168791181649417,0.0,4.0,0.0,"['No_Alpha_Tier', 'Expert_pullback']",['Coverage_Below_80_Cap'],2020-12-02,oos_isotonic,822.0,0.2302584987195168,0.07676443446651826
2021-01-29,v2_relative_alpha_calibrated_experts_sensitivity,pullback,3.060880981551521,6.226017234389132,9.286898215940653,0.7537569071778132,0.7283761768750662,0.6248936348208524,0.0,4.0,0.0,"['No_Alpha_Tier', 'Expert_pullback']",['Coverage_Below_80_Cap'],2020-12-02,oos_isotonic,822.0,0.2302584987195168,0.07676443446651826
2021-02-01,v2_relative_alpha_calibrated_experts_sensitivity,trend,5.254614150955808,3.5095170388031214,8.76413118975893,0.8287289922235146,0.78,0.8106644343239354,4.0,4.0,4.0,"['Tier_2', 'Expert_trend']",['Coverage_Below_80_Cap'],2020-12-30,oos_isotonic,841.0,0.22991640293109347,0.07860826105143325
2021-02-02,v2_relative_alpha_calibrated_experts_sensitivity,trend,4.306100881552355,3.5315770775101054,7.837677959062461,0.7694409176413337,0.7315101070154578,0.7345165791013571,2.0,4.0,2.0,"['Tier_1', 'Expert_trend']",['Coverage_Below_80_Cap'],2020-12-30,oos_isotonic,841.0,0.22991640293109347,0.07860826105143325
2021-02-03,v2_relative_alpha_calibrated_experts_sensitivity,trend,4.606653161576555,1.794506797870104,6.401159959446659,0.7887492215314955,0.7423993992114651,0.7644881333908079,2.0,4.0,2.0,"['Tier_1', 'Expert_trend']",['Coverage_Below_80_Cap'],2020-12-30,oos_isotonic,841.0,0.22991640293109347,0.07860826105143325
2021-02-04,v2_relative_alpha_calibrated_experts_sensitivity,trend,4.759929188878333,3.6060608356355965,8.365990024513929,0.7854145090761497,0.7423993992114651,0.7526926592991028,2.0,4.0,2.0,"['Tier_1', 'Expert_trend']",['Coverage_Below_80_Cap'],2020-12-30,oos_isotonic,841.0,0.22991640293109347,0.07860826105143325
2021-02-05,v2_relative_alpha_calibrated_experts_sensitivity,trend,4.646587157595436,1.794506797870104,6.441093955465539,0.7724359615045766,0.7315101070154578,0.7430856723995394,2.0,4.0,2.0,"['Tier_1', 'Expert_trend']",['Coverage_Below_80_Cap'],2020-12-30,oos_isotonic,841.0,0.22991640293109347,0.07860826105143325
2021-02-08,v2_relative_alpha_calibrated_experts_sensitivity,trend,3.0807754865194013,1.794506797870104,4.875282284389505,0.6926387604372299,0.7315101070154578,0.6742117352091677,0.0,4.0,0.0,"['No_Alpha_Tier', 'Expert_trend']",['Coverage_Below_80_Cap'],2020-12-30,oos_isotonic,841.0,0.22991640293109347,0.07860826105143325
2021-02-09,v2_relative_alpha_calibrated_experts_sensitivity,trend,4.113754444254416,1.794506797870104,5.908261242124519,0.7395148263551488,0.7315101070154578,0.7100814430263238,2.0,4.0,2.0,"['Tier_1', 'Expert_trend']",['Coverage_Below_80_Cap'],2020-12-30,oos_isotonic,841.0,0.22991640293109347,0.07860826105143325
2021-02-10,v2_relative_alpha_calibrated_experts_sensitivity,trend,4.616416886382428,1.794506797870104,6.4109236842525315,0.7634847216337779,0.7315101070154578,0.7339193857725634,2.0,4.0,2.0,"['Tier_1', 'Expert_trend']",['Coverage_Below_80_Cap'],2020-12-30,oos_isotonic,841.0,0.22991640293109347,0.07860826105143325
2021-02-11,v2_relative_alpha_calibrated_experts_sensitivity,trend,4.952525488978522,1.794506797870104,6.747032286848626,0.7714842641812552,0.7315101070154578,0.7397546088923042,2.0,4.0,2.0,"['Tier_1', 'Expert_trend']",['Coverage_Below_80_Cap'],2020-12-30,oos_isotonic,841.0,0.22991640293109347,0.07860826105143325
2021-02-12,v2_relative_alpha_calibrated_experts_sensitivity,trend,4.952198015614148,1.794506797870104,6.746704813484253,0.7618348188648463,0.7315101070154578,0.7342661069150564,2.0,4.0,2.0,"['Tier_1', 'Expert_trend']",['Coverage_Below_80_Cap'],2020-12-30,oos_isotonic,841.0,0.22991640293109347,0.07860826105143325
2021-02-16,v2_relative_alpha_calibrated_experts_sensitivity,trend,5.710351114701958,1.794506797870104,7.504857912572064,0.8049247917506177,0.7423993992114651,0.772435148569489,2.0,4.0,2.0,"['Tier_1', 'Expert_trend']",['Coverage_Below_80_Cap'],2020-12-30,oos_isotonic,841.0,0.22991640293109347,0.07860826105143325
2021-02-17,v2_relative_alpha_calibrated_experts_sensitivity,trend,6.316007953190736,1.794506797870104,8.11051475106084,0.8454224096452481,0.78,0.8211550915947716,4.0,4.0,4.0,"['Tier_2', 'Expert_trend']",['Coverage_Below_80_Cap'],2020-12-30,oos_isotonic,841.0,0.22991640293109347,0.07860826105143325
2021-02-18,v2_relative_alpha_calibrated_experts_sensitivity,trend,6.671202642022673,1.794506797870104,8.465709439892777,0.8665386917500837,0.78,0.8432824600750084,4.0,4.0,4.0,"['Tier_2', 'Expert_trend']",['Coverage_Below_80_Cap'],2020-12-30,oos_isotonic,841.0,0.22991640293109347,0.07860826105143325
2021-02-19,v2_relative_alpha_calibrated_experts_sensitivity,trend,6.20775986511852,1.794506797870104,8.002266662988625,0.8649856857991234,0.78,0.8516049752922141,4.0,4.0,4.0,"['Tier_2', 'Expert_trend']",['Coverage_Below_80_Cap'],2020-12-30,oos_isotonic,841.0,0.22991640293109347,0.07860826105143325
2021-02-22,v2_relative_alpha_calibrated_experts_sensitivity,pullback,3.376035061058838,4.457905579825925,7.833940640884762,0.7351602701518141,0.7315101070154578,0.6147737479987374,0.0,4.0,0.0,"['No_Alpha_Tier', 'Expert_pullback']",['Coverage_Below_80_Cap'],2020-12-30,oos_isotonic,841.0,0.22991640293109347,0.07860826105143325
2021-02-23,v2_relative_alpha_calibrated_experts_sensitivity,pullback,3.513787101530909,4.457905579825925,7.971692681356835,0.7646253780631429,0.7315101070154578,0.6175639548370659,0.0,4.0,0.0,"['No_Alpha_Tier', 'Expert_pullback']",['Coverage_Below_80_Cap'],2020-12-30,oos_isotonic,841.0,0.22991640293109347,0.07860826105143325
2021-02-24,v2_relative_alpha_calibrated_experts_sensitivity,pullback,2.710055151468835,4.457905579825925,7.167960731294759,0.7210638646638812,0.7315101070154578,0.6022748032963314,0.0,4.0,0.0,"['No_Alpha_Tier', 'Expert_pullback']",['Coverage_Below_80_Cap'],2020-12-30,oos_isotonic,841.0,0.22991640293109347,0.07860826105143325
2021-02-25,v2_relative_alpha_calibrated_experts_sensitivity,pullback,7.2100999749920875,6.271540429110531,13.481640404102619,0.9255386646062236,0.78,0.8179229081339677,4.0,4.0,4.0,"['Tier_2', 'Expert_pullback']",['Coverage_Below_80_Cap'],2020-12-30,oos_isotonic,841.0,0.22991640293109347,0.07860826105143325
2021-02-26,v2_relative_alpha_calibrated_experts_sensitivity,pullback,6.00146619285712,6.271540429110531,12.273006621967651,0.8980863721682453,0.78,0.7743807209488932,2.0,4.0,2.0,"['Tier_1', 'Expert_pullback']",['Coverage_Below_80_Cap'],2020-12-30,oos_isotonic,841.0,0.22991640293109347,0.07860826105143325
2021-03-01,v2_relative_alpha_calibrated_experts_sensitivity,pullback,3.200612191122726,6.269378373309747,9.469990564432473,0.7988960614353994,0.729468438538206,0.6312100260549337,0.0,4.0,0.0,"['No_Alpha_Tier', 'Expert_pullback']",['Coverage_Below_80_Cap'],2021-01-28,oos_isotonic,860.0,0.22577860334468933,0.06565103639684525
2021-03-02,v2_relative_alpha_calibrated_experts_sensitivity,pullback,4.900149715546416,6.27609369473894,11.176243410285355,0.8806008546574575,0.78,0.7370373065894237,2.0,4.0,2.0,"['Tier_1', 'Expert_pullback']",['Coverage_Below_80_Cap'],2021-01-28,oos_isotonic,860.0,0.22577860334468933,0.06565103639684525
2021-03-03,v2_relative_alpha_calibrated_experts_sensitivity,pullback,6.804513404216254,6.27609369473894,13.080607098955193,0.9280369301857714,0.78,0.8094628899142663,4.0,4.0,4.0,"['Tier_2', 'Expert_pullback']",['Coverage_Below_80_Cap'],2021-01-28,oos_isotonic,860.0,0.22577860334468933,0.06565103639684525
2021-03-04,v2_relative_alpha_calibrated_experts_sensitivity,pullback,10.388453391765136,5.132239205601214,15.520692597366349,0.9738326803760631,0.78,0.9308791720644534,6.0,4.0,4.0,"['Tier_3', 'Expert_pullback']",['Coverage_Below_80_Cap'],2021-01-28,oos_isotonic,860.0,0.22577860334468933,0.06565103639684525
2021-03-05,v2_relative_alpha_calibrated_experts_sensitivity,pullback,8.090227079057778,6.276481303590565,14.36670838264834,0.9514808982599161,0.78,0.853357738606425,4.0,4.0,4.0,"['Tier_2', 'Expert_pullback']",['Coverage_Below_80_Cap'],2021-01-28,oos_isotonic,860.0,0.22577860334468933,0.06565103639684525
2021-03-08,v2_relative_alpha_calibrated_experts_sensitivity,pullback,9.479190864391212,5.11068547516103,14.589876339552244,0.972071433535804,0.78,0.8901193577968298,4.0,4.0,4.0,"['Tier_2', 'Expert_pullback']",['Coverage_Below_80_Cap'],2021-01-28,oos_isotonic,860.0,0.22577860334468933,0.06565103639684525
2021-03-09,v2_relative_alpha_calibrated_experts_sensitivity,pullback,4.825200011348339,6.276481303590565,11.101681314938903,0.879967421960284,0.78,0.7345335584634868,2.0,4.0,2.0,"['Tier_1', 'Expert_pullback']",['Coverage_Below_80_Cap'],2021-01-28,oos_isotonic,860.0,0.22577860334468933,0.06565103639684525
2021-03-10,v2_relative_alpha_calibrated_experts_sensitivity,pullback,6.502002171307088,6.277454919168257,12.779457090475344,0.9161013170865988,0.78,0.8164477955197159,4.0,4.0,4.0,"['Tier_2', 'Expert_pullback']",['Coverage_Below_80_Cap'],2021-01-28,oos_isotonic,860.0,0.22577860334468933,0.06565103639684525
2021-03-11,v2_relative_alpha_calibrated_experts_sensitivity,pullback,4.42926387414143,6.277454919168257,10.706718793309687,0.8611052808243345,0.78,0.7259128688083144,2.0,4.0,2.0,"['Tier_1', 'Expert_pullback']",['Coverage_Below_80_Cap'],2021-01-28,oos_isotonic,860.0,0.22577860334468933,0.06565103639684525
2021-03-12,v2_relative_alpha_calibrated_experts_sensitivity,pullback,3.8411996148875858,6.277454919168257,10.118654534055842,0.8478771063083368,0.7523255813953489,0.7055460619204961,2.0,4.0,2.0,"['Tier_1', 'Expert_pullback']",['Coverage_Below_80_Cap'],2021-01-28,oos_isotonic,860.0,0.22577860334468933,0.06565103639684525
2021-03-15,v2_relative_alpha_calibrated_experts_sensitivity,pullback,3.9759062614562564,6.277454919168257,10.253361180624514,0.8446952720597656,0.7523255813953489,0.7061725447955635,2.0,4.0,2.0,"['Tier_1', 'Expert_pullback']",['Coverage_Below_80_Cap'],2021-01-28,oos_isotonic,860.0,0.22577860334468933,0.06565103639684525
2021-03-16,v2_relative_alpha_calibrated_experts_sensitivity,pullback,1.9769203580842185,6.277454919168257,8.254375277252477,0.748169831962405,0.729468438538206,0.583646817368015,0.0,4.0,0.0,"['No_Alpha_Tier', 'Expert_pullback']",['Coverage_Below_80_Cap'],2021-01-28,oos_isotonic,860.0,0.22577860334468933,0.06565103639684525
2021-03-17,v2_relative_alpha_calibrated_experts_sensitivity,pullback,2.5931748484746575,6.277454919168257,8.870629767642916,0.7890981499925847,0.729468438538206,0.6094275192500838,0.0,4.0,0.0,"['No_Alpha_Tier', 'Expert_pullback']",['Coverage_Below_80_Cap'],2021-01-28,oos_isotonic,860.0,0.22577860334468933,0.06565103639684525
2021-03-18,v2_relative_alpha_calibrated_experts_sensitivity,pullback,5.200045207013986,6.277454919168257,11.477500126182242,0.8927251655897293,0.78,0.7466025239807281,2.0,4.0,2.0,"['Tier_1', 'Expert_pullback']",['Coverage_Below_80_Cap'],2021-01-28,oos_isotonic,860.0,0.22577860334468933,0.06565103639684525
2021-03-19,v2_relative_alpha_calibrated_experts_sensitivity,pullback,3.673622728511129,6.277454919168257,9.951077647679387,0.8317249865495403,0.729468438538206,0.6708052284537344,0.0,4.0,0.0,"['No_Alpha_Tier', 'Expert_pullback']",['Coverage_Below_80_Cap'],2021-01-28,oos_isotonic,860.0,0.22577860334468933,0.06565103639684525
2021-03-22,v2_relative_alpha_calibrated_experts_sensitivity,pullback,1.6834493088459122,6.277454919168257,7.9609042280141695,0.7093755213517257,0.729468438538206,0.5621609583557736,0.0,4.0,0.0,"['No_Alpha_Tier', 'Expert_pullback']",['Coverage_Below_80_Cap'],2021-01-28,oos_isotonic,860.0,0.22577860334468933,0.06565103639684525
2021-03-23,v2_relative_alpha_calibrated_experts_sensitivity,pullback,1.4609395622834866,6.2826619669083925,7.74360152919188,0.6943780471086463,0.729468438538206,0.5546331203330374,0.0,4.0,0.0,"['No_Alpha_Tier', 'Expert_pullback']",['Coverage_Below_80_Cap'],2021-01-28,oos_isotonic,860.0,0.22577860334468933,0.06565103639684525
2021-03-24,v2_relative_alpha_calibrated_experts_sensitivity,pullback,3.866145371061437,6.287786102420798,10.153931473482235,0.8377823249992076,0.729468438538206,0.684203723381028,0.0,4.0,0.0,"['No_Alpha_Tier', 'Expert_pullback']",['Coverage_Below_80_Cap'],2021-01-28,oos_isotonic,860.0,0.22577860334468933,0.06565103639684525
2021-03-25,v2_relative_alpha_calibrated_experts_sensitivity,pullback,5.78578623996825,6.2894475317094525,12.075233771677702,0.905193501119075,0.78,0.7814151176838766,2.0,4.0,2.0,"['Tier_1', 'Expert_pullback']",['Coverage_Below_80_Cap'],2021-01-28,oos_isotonic,860.0,0.22577860334468933,0.06565103639684525
2021-03-26,v2_relative_alpha_calibrated_experts_sensitivity,pullback,4.43065649132031,6.275080034387237,10.705736525707547,0.8609802403340214,0.78,0.7267856363080597,2.0,4.0,2.0,"['Tier_1', 'Expert_pullback']",['Coverage_Below_80_Cap'],2021-01-28,oos_isotonic,860.0,0.22577860334468933,0.06565103639684525
2021-03-29,v2_relative_alpha_calibrated_experts_sensitivity,pullback,3.1302310929411687,6.2670199332325875,9.397251026173755,0.819230431336374,0.729468438538206,0.6797605566148965,0.0,4.0,0.0,"['No_Alpha_Tier', 'Expert_pullback']",['Coverage_Below_80_Cap'],2021-01-28,oos_isotonic,860.0,0.22577860334468933,0.06565103639684525
2021-03-30,v2_relative_alpha_calibrated_experts_sensitivity,pullback,4.845097190983672,6.2467336188911915,11.091830809874864,0.8793131348024021,0.78,0.7412100260549337,2.0,4.0,2.0,"['Tier_1', 'Expert_pullback']",['Coverage_Below_80_Cap'],2021-01-28,oos_isotonic,860.0,0.22577860334468933,0.06565103639684525
2021-03-31,v2_relative_alpha_calibrated_experts_sensitivity,pullback,4.008082026901734,6.229902541158416,10.23798456806015,0.855549073127383,0.7523255813953489,0.712684094845781,2.0,4.0,2.0,"['Tier_1', 'Expert_pullback']",['Coverage_Below_80_Cap'],2021-01-28,oos_isotonic,860.0,0.22577860334468933,0.06565103639684525
2021-04-01,v2_relative_alpha_calibrated_experts_sensitivity,pullback,0.7308756773148942,6.238879719155801,6.969755396470696,0.6984543785526424,0.6661480131961199,0.5543945868945869,0.0,4.0,0.0,"['No_Alpha_Tier', 'Expert_pullback']",['Coverage_Below_80_Cap'],2021-03-03,oos_isotonic,883.0,0.2343930827317194,0.0788569611549749
2021-04-05,v2_relative_alpha_calibrated_experts_sensitivity,trend,2.868691512072374,3.530147991736378,6.398839503808753,0.6269278289265094,0.6661480131961199,0.6157933393581381,0.0,4.0,0.0,"['No_Alpha_Tier', 'Expert_trend']",['Coverage_Below_80_Cap'],2021-03-03,oos_isotonic,883.0,0.2343930827317194,0.0788569611549749
2021-04-06,v2_relative_alpha_calibrated_experts_sensitivity,trend,3.150955708624284,3.5399368148758428,6.6908925235001275,0.6437838659360424,0.6661480131961199,0.6494569828471091,0.0,4.0,0.0,"['No_Alpha_Tier', 'Expert_trend']",['Coverage_Below_80_Cap'],2021-03-03,oos_isotonic,883.0,0.2343930827317194,0.0788569611549749
2021-04-07,v2_relative_alpha_calibrated_experts_sensitivity,trend,4.341410337397651,3.5446554690797023,7.886065806477354,0.7330810630238294,0.6661480131961199,0.7171026217270575,2.0,4.0,2.0,"['Tier_1', 'Expert_trend']",['Coverage_Below_80_Cap'],2021-03-03,oos_isotonic,883.0,0.2343930827317194,0.0788569611549749
2021-04-08,v2_relative_alpha_calibrated_experts_sensitivity,trend,2.9593043097847453,3.5456089857342636,6.5049132955190085,0.664631465996607,0.6661480131961199,0.6616450004817658,0.0,4.0,0.0,"['No_Alpha_Tier', 'Expert_trend']",['Coverage_Below_80_Cap'],2021-03-03,oos_isotonic,883.0,0.2343930827317194,0.0788569611549749
2021-04-09,v2_relative_alpha_calibrated_experts_sensitivity,trend,3.3741477388403953,3.551249359585841,6.925397098426236,0.6933185573716967,0.6661480131961199,0.679683770365925,0.0,4.0,0.0,"['No_Alpha_Tier', 'Expert_trend']",['Coverage_Below_80_Cap'],2021-03-03,oos_isotonic,883.0,0.2343930827317194,0.0788569611549749
2021-04-12,v2_relative_alpha_calibrated_experts_sensitivity,trend,4.103268025188218,3.5597731887275748,7.6630412139157915,0.7365913300791634,0.6661480131961199,0.7213955488904786,2.0,4.0,2.0,"['Tier_1', 'Expert_trend']",['Coverage_Below_80_Cap'],2021-03-03,oos_isotonic,883.0,0.2343930827317194,0.0788569611549749
2021-04-13,v2_relative_alpha_calibrated_experts_sensitivity,trend,3.4741434106851847,3.5650917153495785,7.039235126034763,0.7147448356122494,0.6661480131961199,0.7016022654390308,2.0,4.0,2.0,"['Tier_1', 'Expert_trend']",['Coverage_Below_80_Cap'],2021-03-03,oos_isotonic,883.0,0.2343930827317194,0.0788569611549749
2021-04-14,v2_relative_alpha_calibrated_experts_sensitivity,trend,4.315319989827819,3.5768598676130297,7.892179857440848,0.7984137576667865,0.6661480131961199,0.7664400571747414,2.0,4.0,2.0,"['Tier_1', 'Expert_trend']",['Coverage_Below_80_Cap'],2021-03-03,oos_isotonic,883.0,0.2343930827317194,0.0788569611549749
2021-04-15,v2_relative_alpha_calibrated_experts_sensitivity,trend,3.5995842049502285,3.5868903824585257,7.186474587408753,0.7431043303331245,0.6661480131961199,0.7206023727236568,2.0,4.0,2.0,"['Tier_1', 'Expert_trend']",['Coverage_Below_80_Cap'],2021-03-03,oos_isotonic,883.0,0.2343930827317194,0.0788569611549749
2021-04-16,v2_relative_alpha_calibrated_experts_sensitivity,trend,4.108796467746742,3.5970044388459743,7.705800906592716,0.7881012679451369,0.6661480131961199,0.7468789777883345,2.0,4.0,2.0,"['Tier_1', 'Expert_trend']",['Coverage_Below_80_Cap'],2021-03-03,oos_isotonic,883.0,0.2343930827317194,0.0788569611549749
2021-04-19,v2_relative_alpha_calibrated_experts_sensitivity,trend,5.547820621452551,3.598814413991601,9.146635035444154,0.859500586662028,0.6661480131961199,0.8456708115699364,4.0,4.0,4.0,"['Tier_2', 'Expert_trend']",['Coverage_Below_80_Cap'],2021-03-03,oos_isotonic,883.0,0.2343930827317194,0.0788569611549749
2021-04-20,v2_relative_alpha_calibrated_experts_sensitivity,trend,5.7293499661173914,3.5943369665271203,9.323686932644511,0.8714398817433939,0.6661480131961199,0.849956750397086,4.0,4.0,4.0,"['Tier_2', 'Expert_trend']",['Coverage_Below_80_Cap'],2021-03-03,oos_isotonic,883.0,0.2343930827317194,0.0788569611549749
2021-04-21,v2_relative_alpha_calibrated_experts_sensitivity,trend,5.661391322564844,3.588325813891223,9.249717136456068,0.8489963353462608,0.6661480131961199,0.8221298824850743,4.0,4.0,4.0,"['Tier_2', 'Expert_trend']",['Coverage_Below_80_Cap'],2021-03-03,oos_isotonic,883.0,0.2343930827317194,0.0788569611549749
2021-04-22,v2_relative_alpha_calibrated_experts_sensitivity,trend,6.459872750398178,3.5824938824752928,10.04236663287347,0.8904662124929492,0.7318484962879074,0.8671377351887483,4.0,4.0,4.0,"['Tier_2', 'Expert_trend']",['Coverage_Below_80_Cap'],2021-03-03,oos_isotonic,883.0,0.2343930827317194,0.0788569611549749
2021-04-23,v2_relative_alpha_calibrated_experts_sensitivity,trend,5.435795318364972,3.5719602164917235,9.007755534856695,0.8256268768642825,0.6661480131961199,0.7899658695903056,2.0,4.0,2.0,"['Tier_1', 'Expert_trend']",['Coverage_Below_80_Cap'],2021-03-03,oos_isotonic,883.0,0.2343930827317194,0.0788569611549749
2021-04-26,v2_relative_alpha_calibrated_experts_sensitivity,trend,5.648570597053749,3.575991472584357,9.224562069638106,0.8398967018964778,0.6661480131961199,0.8124663017740068,4.0,4.0,4.0,"['Tier_2', 'Expert_trend']",['Coverage_Below_80_Cap'],2021-03-03,oos_isotonic,883.0,0.2343930827317194,0.0788569611549749
2021-04-27,v2_relative_alpha_calibrated_experts_sensitivity,trend,5.717846771237412,3.580185460233745,9.298032231471156,0.8409612559818977,0.6661480131961199,0.8206092868820574,4.0,4.0,4.0,"['Tier_2', 'Expert_trend']",['Coverage_Below_80_Cap'],2021-03-03,oos_isotonic,883.0,0.2343930827317194,0.0788569611549749
2021-04-28,v2_relative_alpha_calibrated_experts_sensitivity,trend,5.732068741062904,3.580185460233745,9.31225420129665,0.8433043916260705,0.6661480131961199,0.8195175838252888,4.0,4.0,4.0,"['Tier_2', 'Expert_trend']",['Coverage_Below_80_Cap'],2021-03-03,oos_isotonic,883.0,0.2343930827317194,0.0788569611549749
2021-04-29,v2_relative_alpha_calibrated_experts_sensitivity,trend,5.893470954842305,3.5803710599688787,9.473842014811185,0.84591654996424,0.6661480131961199,0.8214461069657394,4.0,4.0,4.0,"['Tier_2', 'Expert_trend']",['Coverage_Below_80_Cap'],2021-03-03,oos_isotonic,883.0,0.2343930827317194,0.0788569611549749
2021-04-30,v2_relative_alpha_calibrated_experts_sensitivity,trend,6.3689541942479995,3.5761641316311987,9.945118325879198,0.8704835674052709,0.6661480131961199,0.8495563850983997,4.0,4.0,4.0,"['Tier_2', 'Expert_trend']",['Coverage_Below_80_Cap'],2021-03-03,oos_isotonic,883.0,0.2343930827317194,0.0788569611549749
2021-05-03,v2_relative_alpha_calibrated_experts_sensitivity,trend,7.442122777263633,3.583313662549311,11.025436439812944,0.9082654975710696,0.7638374899436847,0.8911951102311135,4.0,4.0,4.0,"['Tier_2', 'Expert_trend']",['Coverage_Below_80_Cap'],2021-04-01,oos_isotonic,904.0,0.2374370043437693,0.10989982112194177
2021-05-04,v2_relative_alpha_calibrated_experts_sensitivity,pullback,4.418435207980945,6.733281040793562,11.151716248774507,0.8443832798946496,0.6438891917963344,0.648826516191553,0.0,4.0,0.0,"['No_Alpha_Tier', 'Expert_pullback']",['Coverage_Below_80_Cap'],2021-04-01,oos_isotonic,904.0,0.2374370043437693,0.10989982112194177
2021-05-05,v2_relative_alpha_calibrated_experts_sensitivity,pullback,4.313862321836786,6.733281040793562,11.047143362630349,0.8337432963707261,0.6438891917963344,0.6371116147137205,0.0,4.0,0.0,"['No_Alpha_Tier', 'Expert_pullback']",['Coverage_Below_80_Cap'],2021-04-01,oos_isotonic,904.0,0.2374370043437693,0.10989982112194177
2021-05-06,v2_relative_alpha_calibrated_experts_sensitivity,pullback,3.9122885163575982,6.733281040793562,10.64556955715116,0.811957513404216,0.6438891917963344,0.6118658140192199,0.0,4.0,0.0,"['No_Alpha_Tier', 'Expert_pullback']",['Coverage_Below_80_Cap'],2021-04-01,oos_isotonic,904.0,0.2374370043437693,0.10989982112194177
2021-05-07,v2_relative_alpha_calibrated_experts_sensitivity,pullback,3.539196089774442,3.557938212682417,7.097134302456859,0.7964980767442369,0.6438891917963344,0.6047156383751918,0.0,4.0,0.0,"['No_Alpha_Tier', 'Expert_pullback']",['Coverage_Below_80_Cap'],2021-04-01,oos_isotonic,904.0,0.2374370043437693,0.10989982112194177
2021-05-10,v2_relative_alpha_calibrated_experts_sensitivity,pullback,5.532273884641357,6.733281040793562,12.265554925434918,0.8972729179305741,0.7638374899436847,0.7401127049180328,2.0,4.0,2.0,"['Tier_1', 'Expert_pullback']",['Coverage_Below_80_Cap'],2021-04-01,oos_isotonic,904.0,0.2374370043437693,0.10989982112194177
2021-05-11,v2_relative_alpha_calibrated_experts_sensitivity,pullback,6.545628501379499,6.733281040793562,13.278909542173063,0.9232066410878381,0.78,0.7887883085681984,2.0,4.0,2.0,"['Tier_1', 'Expert_pullback']",['Coverage_Below_80_Cap'],2021-04-01,oos_isotonic,904.0,0.2374370043437693,0.10989982112194177
2021-05-12,v2_relative_alpha_calibrated_experts_sensitivity,pullback,7.835374186434228,6.733281040793562,14.56865522722779,0.9486364395957072,0.78,0.8426976500040377,4.0,4.0,4.0,"['Tier_2', 'Expert_pullback']",['Coverage_Below_80_Cap'],2021-04-01,oos_isotonic,904.0,0.2374370043437693,0.10989982112194177
2021-05-13,v2_relative_alpha_calibrated_experts_sensitivity,pullback,6.9564475636182594,6.733281040793562,13.689728604411822,0.9274847935185943,0.78,0.7910580533796333,2.0,4.0,2.0,"['Tier_1', 'Expert_pullback']",['Coverage_Below_80_Cap'],2021-04-01,oos_isotonic,904.0,0.2374370043437693,0.10989982112194177
2021-05-14,v2_relative_alpha_calibrated_experts_sensitivity,pullback,5.256430674117211,6.733281040793562,11.989711714910772,0.8787724079566102,0.6438891917963344,0.7132033331987402,2.0,4.0,2.0,"['Tier_1', 'Expert_pullback']",['Coverage_Below_80_Cap'],2021-04-01,oos_isotonic,904.0,0.2374370043437693,0.10989982112194177
2021-05-17,v2_relative_alpha_calibrated_experts_sensitivity,pullback,6.876885266850155,6.733281040793562,13.610166307643718,0.9279284516967139,0.78,0.793605901235565,2.0,4.0,2.0,"['Tier_1', 'Expert_pullback']",['Coverage_Below_80_Cap'],2021-04-01,oos_isotonic,904.0,0.2374370043437693,0.10989982112194177
2021-05-18,v2_relative_alpha_calibrated_experts_sensitivity,pullback,7.898409036517386,6.733281040793562,14.63169007731095,0.9503045321339028,0.78,0.8335681983364289,4.0,4.0,4.0,"['Tier_2', 'Expert_pullback']",['Coverage_Below_80_Cap'],2021-04-01,oos_isotonic,904.0,0.2374370043437693,0.10989982112194177
2021-05-19,v2_relative_alpha_calibrated_experts_sensitivity,pullback,9.326517189960343,6.733281040793562,16.059798230753906,0.9716668909485826,0.78,0.8662412682710168,4.0,4.0,4.0,"['Tier_2', 'Expert_pullback']",['Coverage_Below_80_Cap'],2021-04-01,oos_isotonic,904.0,0.2374370043437693,0.10989982112194177
2021-05-20,v2_relative_alpha_calibrated_experts_sensitivity,pullback,7.366755957190646,6.733281040793562,14.100036997984208,0.9436438929621911,0.78,0.8259642756198013,4.0,4.0,4.0,"['Tier_2', 'Expert_pullback']",['Coverage_Below_80_Cap'],2021-04-01,oos_isotonic,904.0,0.2374370043437693,0.10989982112194177
2021-05-21,v2_relative_alpha_calibrated_experts_sensitivity,pullback,6.220258802711622,6.733281040793562,12.953539843505185,0.9169588866090115,0.78,0.7740099834450458,2.0,4.0,2.0,"['Tier_1', 'Expert_pullback']",['Coverage_Below_80_Cap'],2021-04-01,oos_isotonic,904.0,0.2374370043437693,0.10989982112194177
2021-05-24,v2_relative_alpha_calibrated_experts_sensitivity,pullback,6.623624144742207,3.3625526356969777,9.986176780439186,0.9289724860131466,0.78,0.7952838569005896,2.0,4.0,2.0,"['Tier_1', 'Expert_pullback']",['Coverage_Below_80_Cap'],2021-04-01,oos_isotonic,904.0,0.2374370043437693,0.10989982112194177
2021-05-25,v2_relative_alpha_calibrated_experts_sensitivity,pullback,7.193435897749856,3.353506685101379,10.546942582851235,0.9409599906309595,0.78,0.8117401376887668,4.0,4.0,4.0,"['Tier_2', 'Expert_pullback']",['Coverage_Below_80_Cap'],2021-04-01,oos_isotonic,904.0,0.2374370043437693,0.10989982112194177
2021-05-26,v2_relative_alpha_calibrated_experts_sensitivity,pullback,7.551253170961286,3.3451090672908204,10.896362238252106,0.9453451791544971,0.78,0.8261409290963418,4.0,4.0,4.0,"['Tier_2', 'Expert_pullback']",['Coverage_Below_80_Cap'],2021-04-01,oos_isotonic,904.0,0.2374370043437693,0.10989982112194177
2021-05-27,v2_relative_alpha_calibrated_experts_sensitivity,pullback,6.786200443420593,3.3392344349364613,10.125434878357053,0.929989823806191,0.78,0.7952838569005896,2.0,4.0,2.0,"['Tier_1', 'Expert_pullback']",['Coverage_Below_80_Cap'],2021-04-01,oos_isotonic,904.0,0.2374370043437693,0.10989982112194177
2021-05-28,v2_relative_alpha_calibrated_experts_sensitivity,pullback,6.504776798681995,3.330512127101041,9.835288925783036,0.92676234137873,0.78,0.7901891706371639,2.0,4.0,2.0,"['Tier_1', 'Expert_pullback']",['Coverage_Below_80_Cap'],2021-04-01,oos_isotonic,904.0,0.2374370043437693,0.10989982112194177
2021-06-01,v2_relative_alpha_calibrated_experts_sensitivity,pullback,3.8651712584429685,3.324862658872558,7.190033917315526,0.7762709012859115,0.605503512880562,0.6085947787428876,0.0,4.0,0.0,"['No_Alpha_Tier', 'Expert_pullback']",['Coverage_Below_80_Cap'],2021-04-30,oos_isotonic,924.0,0.24163809144814907,0.10865186542478009
2021-06-02,v2_relative_alpha_calibrated_experts_sensitivity,pullback,3.4738305343713582,3.3189488246895937,6.792779359060952,0.748689282348993,0.605503512880562,0.5864150065839545,0.0,4.0,0.0,"['No_Alpha_Tier', 'Expert_pullback']",['Coverage_Below_80_Cap'],2021-04-30,oos_isotonic,924.0,0.24163809144814907,0.10865186542478009
2021-06-03,v2_relative_alpha_calibrated_experts_sensitivity,pullback,3.3518145980391987,6.656804263368066,10.008618861407264,0.7345422422911154,0.605503512880562,0.5759676600988198,0.0,4.0,0.0,"['No_Alpha_Tier', 'Expert_pullback']",['Coverage_Below_80_Cap'],2021-04-30,oos_isotonic,924.0,0.24163809144814907,0.10865186542478009
2021-06-04,v2_relative_alpha_calibrated_experts_sensitivity,trend,5.741897594317161,3.320398840000415,9.062296434317577,0.8604584765058252,0.605503512880562,0.8348788078196039,2.0,4.0,2.0,"['Tier_1', 'Expert_trend']",['Coverage_Below_80_Cap'],2021-04-30,oos_isotonic,924.0,0.24163809144814907,0.10865186542478009
2021-06-07,v2_relative_alpha_calibrated_experts_sensitivity,trend,5.823539091844914,3.323107760263681,9.146646852108594,0.8699212807078325,0.605503512880562,0.8559905852125851,2.0,4.0,2.0,"['Tier_1', 'Expert_trend']",['Coverage_Below_80_Cap'],2021-04-30,oos_isotonic,924.0,0.24163809144814907,0.10865186542478009
2021-06-08,v2_relative_alpha_calibrated_experts_sensitivity,trend,6.144252780112478,3.3257404326374425,9.469993212749921,0.8773009993026266,0.605503512880562,0.8580592406932027,2.0,4.0,2.0,"['Tier_1', 'Expert_trend']",['Coverage_Below_80_Cap'],2021-04-30,oos_isotonic,924.0,0.24163809144814907,0.10865186542478009
2021-06-09,v2_relative_alpha_calibrated_experts_sensitivity,trend,6.25867253976518,3.3282009548066123,9.586873494571792,0.8772898082377473,0.605503512880562,0.8543829368956207,2.0,4.0,2.0,"['Tier_1', 'Expert_trend']",['Coverage_Below_80_Cap'],2021-04-30,oos_isotonic,924.0,0.24163809144814907,0.10865186542478009
2021-06-10,v2_relative_alpha_calibrated_experts_sensitivity,trend,6.157397313392977,3.329552921963736,9.486950235356712,0.8594637825903768,0.605503512880562,0.8272622889701904,2.0,4.0,2.0,"['Tier_1', 'Expert_trend']",['Coverage_Below_80_Cap'],2021-04-30,oos_isotonic,924.0,0.24163809144814907,0.10865186542478009
2021-06-11,v2_relative_alpha_calibrated_experts_sensitivity,trend,4.848120784911878,3.331383124222421,8.179503909134299,0.8131521948643297,0.605503512880562,0.7627112543991448,2.0,4.0,2.0,"['Tier_1', 'Expert_trend']",['Coverage_Below_80_Cap'],2021-04-30,oos_isotonic,924.0,0.24163809144814907,0.10865186542478009
2021-06-14,v2_relative_alpha_calibrated_experts_sensitivity,trend,4.052239390063553,1.6542732198601935,5.706512609923746,0.7685958591958535,0.605503512880562,0.7276887842302311,2.0,4.0,2.0,"['Tier_1', 'Expert_trend']",['Coverage_Below_80_Cap'],2021-04-30,oos_isotonic,924.0,0.24163809144814907,0.10865186542478009
2021-06-15,v2_relative_alpha_calibrated_experts_sensitivity,trend,4.772732270452328,1.6542732198601935,6.427005490312521,0.8181646838552639,0.605503512880562,0.7772976617998145,2.0,4.0,2.0,"['Tier_1', 'Expert_trend']",['Coverage_Below_80_Cap'],2021-04-30,oos_isotonic,924.0,0.24163809144814907,0.10865186542478009
2021-06-16,v2_relative_alpha_calibrated_experts_sensitivity,trend,4.625552073148809,1.6542732198601935,6.279825293009002,0.8189939307253369,0.605503512880562,0.7886268304971435,2.0,4.0,2.0,"['Tier_1', 'Expert_trend']",['Coverage_Below_80_Cap'],2021-04-30,oos_isotonic,924.0,0.24163809144814907,0.10865186542478009
2021-06-17,v2_relative_alpha_calibrated_experts_sensitivity,trend,3.9202692784955833,1.6542732198601935,5.574542498355776,0.7589697919283056,0.605503512880562,0.7161825080796035,2.0,4.0,2.0,"['Tier_1', 'Expert_trend']",['Coverage_Below_80_Cap'],2021-04-30,oos_isotonic,924.0,0.24163809144814907,0.10865186542478009
2021-06-18,v2_relative_alpha_calibrated_experts_sensitivity,trend,4.620661424169216,1.6542732198601935,6.274934644029409,0.7965610519201443,0.605503512880562,0.7419999573280152,2.0,4.0,2.0,"['Tier_1', 'Expert_trend']",['Coverage_Below_80_Cap'],2021-04-30,oos_isotonic,924.0,0.24163809144814907,0.10865186542478009
2021-06-21,v2_relative_alpha_calibrated_experts_sensitivity,trend,4.3830444712077545,1.6542732198601935,6.037317691067948,0.7791885574508184,0.605503512880562,0.7364065210279307,2.0,4.0,2.0,"['Tier_1', 'Expert_trend']",['Coverage_Below_80_Cap'],2021-04-30,oos_isotonic,924.0,0.24163809144814907,0.10865186542478009
2021-06-22,v2_relative_alpha_calibrated_experts_sensitivity,trend,3.6332068229546586,1.6542732198601935,5.287480042814852,0.7419039072762446,0.605503512880562,0.7019339579913025,2.0,4.0,2.0,"['Tier_1', 'Expert_trend']",['Coverage_Below_80_Cap'],2021-04-30,oos_isotonic,924.0,0.24163809144814907,0.10865186542478009
2021-06-23,v2_relative_alpha_calibrated_experts_sensitivity,trend,3.7161284071068694,1.6542732198601935,5.3704016269670625,0.7443868731773369,0.605503512880562,0.7071048293457487,2.0,4.0,2.0,"['Tier_1', 'Expert_trend']",['Coverage_Below_80_Cap'],2021-04-30,oos_isotonic,924.0,0.24163809144814907,0.10865186542478009
2021-06-24,v2_relative_alpha_calibrated_experts_sensitivity,trend,2.8164802601950876,1.6542732198601935,4.470753480055281,0.6960837058950347,0.605503512880562,0.6639458410161623,0.0,4.0,0.0,"['No_Alpha_Tier', 'Expert_trend']",['Coverage_Below_80_Cap'],2021-04-30,oos_isotonic,924.0,0.24163809144814907,0.10865186542478009
2021-06-25,v2_relative_alpha_calibrated_experts_sensitivity,trend,2.0822206107693506,1.6542732198601935,3.736493830629544,0.6793911969106341,0.605503512880562,0.6460458604057133,0.0,4.0,0.0,"['No_Alpha_Tier', 'Expert_trend']",['Coverage_Below_80_Cap'],2021-04-30,oos_isotonic,924.0,0.24163809144814907,0.10865186542478009
2021-06-28,v2_relative_alpha_calibrated_experts_sensitivity,trend,1.6160105598697052,1.6542732198601935,3.270283779729899,0.6391673740631143,0.605503512880562,0.6105026984415742,0.0,4.0,0.0,"['No_Alpha_Tier', 'Expert_trend']",['Coverage_Below_80_Cap'],2021-04-30,oos_isotonic,924.0,0.24163809144814907,0.10865186542478009
2021-06-29,v2_relative_alpha_calibrated_experts_sensitivity,trend,1.732196046250882,1.6542732198601935,3.3864692661110753,0.6422297896363857,0.605503512880562,0.6146492362837642,0.0,4.0,0.0,"['No_Alpha_Tier', 'Expert_trend']","['Liquidity_Below_45_Penalty', 'Coverage_Below_80_Cap']",2021-04-30,oos_isotonic,924.0,0.24163809144814907,0.10865186542478009
2021-06-30,v2_relative_alpha_calibrated_experts_sensitivity,trend,2.4716720140049335,1.6542732198601935,4.125945233865127,0.6888194182713482,0.605503512880562,0.654628431819526,0.0,4.0,0.0,"['No_Alpha_Tier', 'Expert_trend']","['Liquidity_Below_45_Penalty', 'Coverage_Below_80_Cap']",2021-04-30,oos_isotonic,924.0,0.24163809144814907,0.10865186542478009
2021-07-01,v2_relative_alpha_calibrated_experts_sensitivity,trend,3.0807862500541106,1.6542732198601935,4.735059469914304,0.7113299537722424,0.6039513013049501,0.662434512503957,0.0,4.0,0.0,"['No_Alpha_Tier', 'Expert_trend']","['Risk_Above_55_Penalty', 'Liquidity_Below_45_Penalty', 'Coverage_Below_80_Cap']",2021-06-02,oos_isotonic,946.0,0.24126170616668507,0.10323535722716813
2021-07-02,v2_relative_alpha_calibrated_experts_sensitivity,trend,2.1899703982942422,1.6542732198601935,3.8442436181544357,0.6894254392905181,0.6039513013049501,0.6452930120291231,0.0,4.0,0.0,"['No_Alpha_Tier', 'Expert_trend']",['Coverage_Below_80_Cap'],2021-06-02,oos_isotonic,946.0,0.24126170616668507,0.10323535722716813
2021-07-06,v2_relative_alpha_calibrated_experts_sensitivity,trend,2.227572212455987,1.6542732198601935,3.8818454323161804,0.6905262376360677,0.6039513013049501,0.6461160572966129,0.0,4.0,0.0,"['No_Alpha_Tier', 'Expert_trend']",['Coverage_Below_80_Cap'],2021-06-02,oos_isotonic,946.0,0.24126170616668507,0.10323535722716813
2021-07-07,v2_relative_alpha_calibrated_experts_sensitivity,trend,1.6588144674266263,1.6542732198601935,3.31308768728682,0.6592627294727025,0.6039513013049501,0.6111635406774296,0.0,4.0,0.0,"['No_Alpha_Tier', 'Expert_trend']","['Liquidity_Below_45_Penalty', 'Coverage_Below_80_Cap']",2021-06-02,oos_isotonic,946.0,0.24126170616668507,0.10323535722716813
2021-07-08,v2_relative_alpha_calibrated_experts_sensitivity,trend,1.7945017705833275,1.6542732198601935,3.4487749904435203,0.6736388586492286,0.6039513013049501,0.6278507834757835,0.0,4.0,0.0,"['No_Alpha_Tier', 'Expert_trend']","['Liquidity_Below_45_Penalty', 'Coverage_Below_80_Cap']",2021-06-02,oos_isotonic,946.0,0.24126170616668507,0.10323535722716813
2021-07-09,v2_relative_alpha_calibrated_experts_sensitivity,trend,1.0239635331838466,1.6542732198601935,2.67823675304404,0.6337988897377358,0.6039513013049501,0.5908847736625514,0.0,4.0,0.0,"['No_Alpha_Tier', 'Expert_trend']","['Liquidity_Below_45_Penalty', 'Coverage_Below_80_Cap']",2021-06-02,oos_isotonic,946.0,0.24126170616668507,0.10323535722716813
2021-07-12,v2_relative_alpha_calibrated_experts_sensitivity,trend,2.187294692982799,1.6542732198601935,3.8415679128429927,0.6899172829076243,0.6039513013049501,0.6435598686293131,0.0,4.0,0.0,"['No_Alpha_Tier', 'Expert_trend']","['Liquidity_Below_45_Penalty', 'Coverage_Below_80_Cap']",2021-06-02,oos_isotonic,946.0,0.24126170616668507,0.10323535722716813
2021-07-13,v2_relative_alpha_calibrated_experts_sensitivity,trend,2.2220625041335724,1.6542732198601935,3.876335723993766,0.685801805249709,0.6039513013049501,0.6481170861031973,0.0,4.0,0.0,"['No_Alpha_Tier', 'Expert_trend']","['Liquidity_Below_45_Penalty', 'Coverage_Below_80_Cap']",2021-06-02,oos_isotonic,946.0,0.24126170616668507,0.10323535722716813
2021-07-14,v2_relative_alpha_calibrated_experts_sensitivity,trend,1.5091604378286945,1.65530561467869,3.164466052507384,0.6442057859355408,0.6039513013049501,0.5974101772712883,0.0,4.0,0.0,"['No_Alpha_Tier', 'Expert_trend']","['Liquidity_Below_45_Penalty', 'Coverage_Below_80_Cap']",2021-06-02,oos_isotonic,946.0,0.24126170616668507,0.10323535722716813
2021-07-15,v2_relative_alpha_calibrated_experts_sensitivity,trend,1.4325818228113951,1.656520963985258,3.089102786796653,0.6411383834249507,0.6039513013049501,0.5973231244064577,0.0,4.0,0.0,"['No_Alpha_Tier', 'Expert_trend']","['Risk_Above_55_Penalty', 'Liquidity_Below_45_Penalty', 'Coverage_Below_80_Cap']",2021-06-02,oos_isotonic,946.0,0.24126170616668507,0.10323535722716813
2021-07-16,v2_relative_alpha_calibrated_experts_sensitivity,trend,2.4495075721301816,1.658057138179457,4.107564710309639,0.7158183403027162,0.6039513013049501,0.6568000158277936,0.0,4.0,0.0,"['No_Alpha_Tier', 'Expert_trend']",['Coverage_Below_80_Cap'],2021-06-02,oos_isotonic,946.0,0.24126170616668507,0.10323535722716813
2021-07-19,v2_relative_alpha_calibrated_experts_sensitivity,pullback,-2.986424167954704,1.6579493158170966,-1.3284748521376073,0.23243943653317492,0.49454513482297363,0.21154979692043124,0.0,4.0,0.0,"['No_Alpha_Tier', 'Expert_pullback']",['Coverage_Below_80_Cap'],2021-06-02,oos_isotonic,946.0,0.24126170616668507,0.10323535722716813
2021-07-20,v2_relative_alpha_calibrated_experts_sensitivity,trend,1.9096800978469775,1.6577709484665109,3.5674510463134883,0.6661035817647533,0.6039513013049501,0.6222374564735677,0.0,4.0,0.0,"['No_Alpha_Tier', 'Expert_trend']","['Risk_Above_55_Penalty', 'Liquidity_Below_45_Penalty', 'Coverage_Below_80_Cap']",2021-06-02,oos_isotonic,946.0,0.24126170616668507,0.10323535722716813
2021-07-21,v2_relative_alpha_calibrated_experts_sensitivity,trend,0.6895574693874161,1.6580882242318118,2.347645693619228,0.5828537907573679,0.6039513013049501,0.547877888572333,0.0,4.0,0.0,"['No_Alpha_Tier', 'Expert_trend']","['Risk_Above_55_Penalty', 'Liquidity_Below_45_Penalty', 'Coverage_Below_80_Cap']",2021-06-02,oos_isotonic,946.0,0.24126170616668507,0.10323535722716813
2021-07-22,v2_relative_alpha_calibrated_experts_sensitivity,trend,-0.6529779013142736,1.659181341727833,1.0062034404135594,0.49454625686273673,0.5298714872793785,0.46823856441912,0.0,4.0,0.0,"['No_Alpha_Tier', 'Expert_trend']","['Risk_Above_55_Penalty', 'Liquidity_Below_45_Penalty', 'Coverage_Below_80_Cap']",2021-06-02,oos_isotonic,946.0,0.24126170616668507,0.10323535722716813
2021-07-23,v2_relative_alpha_calibrated_experts_sensitivity,trend,-0.2504693375977113,1.6613879869988608,1.4109186494011494,0.5102092949207412,0.5298714872793785,0.4782280785058563,0.0,4.0,0.0,"['No_Alpha_Tier', 'Expert_trend']",['Coverage_Below_80_Cap'],2021-06-02,oos_isotonic,946.0,0.24126170616668507,0.10323535722716813
2021-07-26,v2_relative_alpha_calibrated_experts_sensitivity,trend,-1.3461135201321883,1.6642003696396248,0.3180868495074365,0.44601270807682813,0.49454513482297363,0.4215404400126623,0.0,4.0,0.0,"['No_Alpha_Tier', 'Expert_trend']",['Coverage_Below_80_Cap'],2021-06-02,oos_isotonic,946.0,0.24126170616668507,0.10323535722716813
2021-07-27,v2_relative_alpha_calibrated_experts_sensitivity,trend,-0.8359088756079037,1.666918599680411,0.8310097240725074,0.49868812259404716,0.5298714872793785,0.47862278410889525,0.0,4.0,0.0,"['No_Alpha_Tier', 'Expert_trend']",['Coverage_Below_80_Cap'],2021-06-02,oos_isotonic,946.0,0.24126170616668507,0.10323535722716813
2021-07-28,v2_relative_alpha_calibrated_experts_sensitivity,trend,-1.6514555507514679,1.6675433801079536,0.016087829356485617,0.4287851133963749,0.49454513482297363,0.4175156299461855,0.0,4.0,0.0,"['No_Alpha_Tier', 'Expert_trend']",['Coverage_Below_80_Cap'],2021-06-02,oos_isotonic,946.0,0.24126170616668507,0.10323535722716813
2021-07-29,v2_relative_alpha_calibrated_experts_sensitivity,trend,-2.060646291721122,1.6685866254209827,-0.39205966630013916,0.3990717929699537,0.49454513482297363,0.3849190804051915,0.0,4.0,0.0,"['No_Alpha_Tier', 'Expert_trend']",['Coverage_Below_80_Cap'],2021-06-02,oos_isotonic,946.0,0.24126170616668507,0.10323535722716813
2021-07-30,v2_relative_alpha_calibrated_experts_sensitivity,trend,-1.1452629849521199,1.6691052682606726,0.5238422833085528,0.43999488113652496,0.49454513482297363,0.42444484013928463,0.0,4.0,0.0,"['No_Alpha_Tier', 'Expert_trend']",['Coverage_Below_80_Cap'],2021-06-02,oos_isotonic,946.0,0.24126170616668507,0.10323535722716813
2021-08-02,v2_relative_alpha_calibrated_experts_sensitivity,trend,-0.13261234129082253,1.6689259161343346,1.5363135748435122,0.5079308327684608,0.5314688077338693,0.48082604911810284,0.0,4.0,0.0,"['No_Alpha_Tier', 'Expert_trend']",['Coverage_Below_80_Cap'],2021-07-01,oos_isotonic,967.0,0.23854639007592604,0.09127005821701212
2021-08-03,v2_relative_alpha_calibrated_experts_sensitivity,trend,-0.1601394113831412,1.6676413801730656,1.5075019687899243,0.5049299746078145,0.5314688077338693,0.4758146518466436,0.0,4.0,0.0,"['No_Alpha_Tier', 'Expert_trend']",['Coverage_Below_80_Cap'],2021-07-01,oos_isotonic,967.0,0.23854639007592604,0.09127005821701212
2021-08-04,v2_relative_alpha_calibrated_experts_sensitivity,trend,-1.0292482181279998,1.6662208123513902,0.6369725942233904,0.43737299466043084,0.4930576186841284,0.41212100624725323,0.0,4.0,0.0,"['No_Alpha_Tier', 'Expert_trend']",['Coverage_Below_80_Cap'],2021-07-01,oos_isotonic,967.0,0.23854639007592604,0.09127005821701212
2021-08-05,v2_relative_alpha_calibrated_experts_sensitivity,trend,-0.9622227240821299,1.664990742418338,0.7027680183362082,0.4296077936641997,0.4930576186841284,0.4136941076225562,0.0,4.0,0.0,"['No_Alpha_Tier', 'Expert_trend']",['Coverage_Below_80_Cap'],2021-07-01,oos_isotonic,967.0,0.23854639007592604,0.09127005821701212
2021-08-06,v2_relative_alpha_calibrated_experts_sensitivity,trend,-0.9594708124640392,1.6647676880785285,0.7052968756144893,0.43672233532316485,0.4930576186841284,0.427902377025184,0.0,4.0,0.0,"['No_Alpha_Tier', 'Expert_trend']",['Coverage_Below_80_Cap'],2021-07-01,oos_isotonic,967.0,0.23854639007592604,0.09127005821701212
2021-08-09,v2_relative_alpha_calibrated_experts_sensitivity,trend,-1.3768746736221549,1.6640531890485004,0.2871785154263456,0.4142611759857717,0.4930576186841284,0.39440752459328315,0.0,4.0,0.0,"['No_Alpha_Tier', 'Expert_trend']",['Coverage_Below_80_Cap'],2021-07-01,oos_isotonic,967.0,0.23854639007592604,0.09127005821701212
2021-08-10,v2_relative_alpha_calibrated_experts_sensitivity,trend,-0.8325750788824992,1.6632847180991412,0.8307096392166421,0.44457519460650563,0.4930576186841284,0.43381109678839297,0.0,4.0,0.0,"['No_Alpha_Tier', 'Expert_trend']",['Coverage_Below_80_Cap'],2021-07-01,oos_isotonic,967.0,0.23854639007592604,0.09127005821701212
2021-08-11,v2_relative_alpha_calibrated_experts_sensitivity,trend,-1.1429941901882748,1.6606460783499317,0.517651888161657,0.42542467595456396,0.4930576186841284,0.40557778166997294,0.0,4.0,0.0,"['No_Alpha_Tier', 'Expert_trend']",['Coverage_Below_80_Cap'],2021-07-01,oos_isotonic,967.0,0.23854639007592604,0.09127005821701212
2021-08-12,v2_relative_alpha_calibrated_experts_sensitivity,trend,-1.3995308735758758,1.658205912988181,0.25867503941230524,0.4015853032510692,0.4930576186841284,0.38747373993332024,0.0,4.0,0.0,"['No_Alpha_Tier', 'Expert_trend']",['Coverage_Below_80_Cap'],2021-07-01,oos_isotonic,967.0,0.23854639007592604,0.09127005821701212
2021-08-13,v2_relative_alpha_calibrated_experts_sensitivity,trend,-0.2748661086321187,1.6565476249807907,1.381681516348672,0.47381477975099084,0.5314688077338693,0.44772937665094525,0.0,4.0,0.0,"['No_Alpha_Tier', 'Expert_trend']",['Coverage_Below_80_Cap'],2021-07-01,oos_isotonic,967.0,0.23854639007592604,0.09127005821701212
2021-08-16,v2_relative_alpha_calibrated_experts_sensitivity,trend,-0.19535975226263372,1.656511067429715,1.4611513151670812,0.4683033398254869,0.5314688077338693,0.456242457996844,0.0,4.0,0.0,"['No_Alpha_Tier', 'Expert_trend']",['Coverage_Below_80_Cap'],2021-07-01,oos_isotonic,967.0,0.23854639007592604,0.09127005821701212
2021-08-17,v2_relative_alpha_calibrated_experts_sensitivity,trend,-0.866555442044168,1.6579120454911933,0.7913566034470253,0.44125073287446126,0.4930576186841284,0.4239413999217921,0.0,4.0,0.0,"['No_Alpha_Tier', 'Expert_trend']",['Coverage_Below_80_Cap'],2021-07-01,oos_isotonic,967.0,0.23854639007592604,0.09127005821701212
2021-08-18,v2_relative_alpha_calibrated_experts_sensitivity,pullback,-4.449463023028093,1.658320826214842,-2.7911421968132513,0.14756635473055046,0.4930576186841284,0.1713626207973297,0.0,4.0,0.0,"['No_Alpha_Tier', 'Expert_pullback']",['Coverage_Below_80_Cap'],2021-07-01,oos_isotonic,967.0,0.23854639007592604,0.09127005821701212
2021-08-19,v2_relative_alpha_calibrated_experts_sensitivity,trend,-0.5334120156304007,1.6574568074607956,1.1240447918303949,0.45120204506831096,0.4930576186841284,0.4395667188752844,0.0,4.0,0.0,"['No_Alpha_Tier', 'Expert_trend']",['Coverage_Below_80_Cap'],2021-07-01,oos_isotonic,967.0,0.23854639007592604,0.09127005821701212
2021-08-20,v2_relative_alpha_calibrated_experts_sensitivity,trend,-0.9511160814133255,1.6560078669184832,0.7048917855051576,0.4344433832942876,0.4930576186841284,0.42904040308581076,0.0,4.0,0.0,"['No_Alpha_Tier', 'Expert_trend']",['Coverage_Below_80_Cap'],2021-07-01,oos_isotonic,967.0,0.23854639007592604,0.09127005821701212
2021-08-23,v2_relative_alpha_calibrated_experts_sensitivity,trend,-2.0949728463983646,1.6535862954367375,-0.4413865509616272,0.35945962687182054,0.4930576186841284,0.3542322687059529,0.0,4.0,0.0,"['No_Alpha_Tier', 'Expert_trend']",['Coverage_Below_80_Cap'],2021-07-01,oos_isotonic,967.0,0.23854639007592604,0.09127005821701212
2021-08-24,v2_relative_alpha_calibrated_experts_sensitivity,trend,-1.9498905413678431,1.6520364506638348,-0.29785409070400837,0.37783221778777304,0.4930576186841284,0.3702260336333264,0.0,4.0,0.0,"['No_Alpha_Tier', 'Expert_trend']",['Coverage_Below_80_Cap'],2021-07-01,oos_isotonic,967.0,0.23854639007592604,0.09127005821701212
2021-08-25,v2_relative_alpha_calibrated_experts_sensitivity,trend,-3.0692916256183773,1.651349717853386,-1.4179419077649913,0.31459756711327236,0.4930576186841284,0.3216905070620241,0.0,4.0,0.0,"['No_Alpha_Tier', 'Expert_trend']",['Coverage_Below_80_Cap'],2021-07-01,oos_isotonic,967.0,0.23854639007592604,0.09127005821701212
2021-08-26,v2_relative_alpha_calibrated_experts_sensitivity,trend,-2.7752099615206616,1.6501793873474433,-1.1250305741732185,0.3570628303198222,0.4930576186841284,0.35051705292503366,0.0,4.0,0.0,"['No_Alpha_Tier', 'Expert_trend']",['Coverage_Below_80_Cap'],2021-07-01,oos_isotonic,967.0,0.23854639007592604,0.09127005821701212
2021-08-27,v2_relative_alpha_calibrated_experts_sensitivity,trend,-1.8622921873851501,1.6486306039018894,-0.21366158348326073,0.3861424503876484,0.4930576186841284,0.37523714389039464,0.0,4.0,0.0,"['No_Alpha_Tier', 'Expert_trend']",['Coverage_Below_80_Cap'],2021-07-01,oos_isotonic,967.0,0.23854639007592604,0.09127005821701212
2021-08-30,v2_relative_alpha_calibrated_experts_sensitivity,trend,-2.2110107275956303,1.6481158264469917,-0.5628949011486386,0.36463275442423093,0.4930576186841284,0.3601188743603604,0.0,4.0,0.0,"['No_Alpha_Tier', 'Expert_trend']",['Coverage_Below_80_Cap'],2021-07-01,oos_isotonic,967.0,0.23854639007592604,0.09127005821701212
2021-08-31,v2_relative_alpha_calibrated_experts_sensitivity,trend,-1.7421351561143839,1.6488778176602392,-0.09325733845414463,0.39789250106430163,0.4930576186841284,0.38178360963018687,0.0,4.0,0.0,"['No_Alpha_Tier', 'Expert_trend']",['Coverage_Below_80_Cap'],2021-07-01,oos_isotonic,967.0,0.23854639007592604,0.09127005821701212
2021-09-01,v2_relative_alpha_calibrated_experts_sensitivity,trend,-1.3261232832167797,1.6496710867284738,0.32354780351169404,0.4149345120495946,0.4887990113470396,0.40382989993217033,0.0,4.0,0.0,"['No_Alpha_Tier', 'Expert_trend']",['Coverage_Below_80_Cap'],2021-08-03,oos_isotonic,989.0,0.23299867222511797,0.07595877755080806
2021-09-02,v2_relative_alpha_calibrated_experts_sensitivity,trend,-2.0501435983732748,1.6498967278707914,-0.4002468705024832,0.3705194329502972,0.4887990113470396,0.35912114565743075,0.0,4.0,0.0,"['No_Alpha_Tier', 'Expert_trend']",['Coverage_Below_80_Cap'],2021-08-03,oos_isotonic,989.0,0.23299867222511797,0.07595877755080806
2021-09-03,v2_relative_alpha_calibrated_experts_sensitivity,trend,-1.5030204080054927,1.6501368938026624,0.1471164857971696,0.3990674645028469,0.4887990113470396,0.3807642298065167,0.0,4.0,0.0,"['No_Alpha_Tier', 'Expert_trend']",['Coverage_Below_80_Cap'],2021-08-03,oos_isotonic,989.0,0.23299867222511797,0.07595877755080806
2021-09-07,v2_relative_alpha_calibrated_experts_sensitivity,trend,-1.199520388848908,1.6513406514515037,0.45182026260259556,0.4136444353310668,0.4887990113470396,0.3934626425049294,0.0,4.0,0.0,"['No_Alpha_Tier', 'Expert_trend']",['Coverage_Below_80_Cap'],2021-08-03,oos_isotonic,989.0,0.23299867222511797,0.07595877755080806
2021-09-08,v2_relative_alpha_calibrated_experts_sensitivity,trend,-1.9457857798865323,1.6526645659379446,-0.2931212139485877,0.37193433154772915,0.4887990113470396,0.3599161301807231,0.0,4.0,0.0,"['No_Alpha_Tier', 'Expert_trend']",['Coverage_Below_80_Cap'],2021-08-03,oos_isotonic,989.0,0.23299867222511797,0.07595877755080806
2021-09-09,v2_relative_alpha_calibrated_experts_sensitivity,trend,-1.6101531418193795,1.6536833274025928,0.04353018558321334,0.39463233625381144,0.4887990113470396,0.3872728168478906,0.0,4.0,0.0,"['No_Alpha_Tier', 'Expert_trend']",['Coverage_Below_80_Cap'],2021-08-03,oos_isotonic,989.0,0.23299867222511797,0.07595877755080806
2021-09-10,v2_relative_alpha_calibrated_experts_sensitivity,trend,-1.475763302212336,1.6552448728630733,0.17948157065073733,0.41006806055577305,0.4887990113470396,0.3966870427893132,0.0,4.0,0.0,"['No_Alpha_Tier', 'Expert_trend']",['Coverage_Below_80_Cap'],2021-08-03,oos_isotonic,989.0,0.23299867222511797,0.07595877755080806
2021-09-13,v2_relative_alpha_calibrated_experts_sensitivity,trend,-1.5168443826356204,1.6566589116628534,0.13981452902723288,0.41527547052426284,0.4887990113470396,0.39827301064697324,0.0,4.0,0.0,"['No_Alpha_Tier', 'Expert_trend']",['Coverage_Below_80_Cap'],2021-08-03,oos_isotonic,989.0,0.23299867222511797,0.07595877755080806
2021-09-14,v2_relative_alpha_calibrated_experts_sensitivity,trend,-1.4513412025871735,1.6555938011585078,0.20425259857133443,0.43614303019759115,0.4887990113470396,0.410713714115868,0.0,4.0,0.0,"['No_Alpha_Tier', 'Expert_trend']",['Coverage_Below_80_Cap'],2021-08-03,oos_isotonic,989.0,0.23299867222511797,0.07595877755080806
2021-09-15,v2_relative_alpha_calibrated_experts_sensitivity,trend,-1.6226777490964863,1.656948938860274,0.034271189763787624,0.4078794132055225,0.4887990113470396,0.39376481392566176,0.0,4.0,0.0,"['No_Alpha_Tier', 'Expert_trend']",['Coverage_Below_80_Cap'],2021-08-03,oos_isotonic,989.0,0.23299867222511797,0.07595877755080806
2021-09-16,v2_relative_alpha_calibrated_experts_sensitivity,trend,-2.0215721717208943,1.6573514043443014,-0.364220767376593,0.3669091570294297,0.4887990113470396,0.35601959820441886,0.0,4.0,0.0,"['No_Alpha_Tier', 'Expert_trend']",['Coverage_Below_80_Cap'],2021-08-03,oos_isotonic,989.0,0.23299867222511797,0.07595877755080806
2021-09-17,v2_relative_alpha_calibrated_experts_sensitivity,pullback,-1.9035646191373004,1.6581882333784623,-0.245376385758838,0.3408764975640511,0.4887990113470396,0.29075630252100837,0.0,4.0,0.0,"['No_Alpha_Tier', 'Expert_pullback']",['Coverage_Below_80_Cap'],2021-08-03,oos_isotonic,989.0,0.23299867222511797,0.07595877755080806
2021-09-20,v2_relative_alpha_calibrated_experts_sensitivity,pullback,-0.9695694640013002,4.3965690086088856,3.4269995446075856,0.4284582455243988,0.4887990113470396,0.3427871148459384,0.0,4.0,0.0,"['No_Alpha_Tier', 'Expert_pullback']",['Coverage_Below_80_Cap'],2021-08-03,oos_isotonic,989.0,0.23299867222511797,0.07595877755080806
2021-09-21,v2_relative_alpha_calibrated_experts_sensitivity,pullback,-1.6379874332848356,4.3965690086088856,2.7585815753240506,0.3578310071624317,0.4887990113470396,0.30938375350140057,0.0,4.0,0.0,"['No_Alpha_Tier', 'Expert_pullback']",['Coverage_Below_80_Cap'],2021-08-03,oos_isotonic,989.0,0.23299867222511797,0.07595877755080806
2021-09-22,v2_relative_alpha_calibrated_experts_sensitivity,pullback,-2.5604695977821654,4.3965690086088856,1.8360994108267206,0.25996230303134615,0.4887990113470396,0.24416433239962654,0.0,4.0,0.0,"['No_Alpha_Tier', 'Expert_pullback']",['Coverage_Below_80_Cap'],2021-08-03,oos_isotonic,989.0,0.23299867222511797,0.07595877755080806
2021-09-23,v2_relative_alpha_calibrated_experts_sensitivity,pullback,-1.7019078356105652,1.644992874858609,-0.05691496075195639,0.3273960416312187,0.4887990113470396,0.2957516339869281,0.0,4.0,0.0,"['No_Alpha_Tier', 'Expert_pullback']",['Coverage_Below_80_Cap'],2021-08-03,oos_isotonic,989.0,0.23299867222511797,0.07595877755080806
2021-09-24,v2_relative_alpha_calibrated_experts_sensitivity,pullback,-0.34480473584804283,1.6429960787962117,1.2981913429481688,0.45864738914005365,0.4887990113470396,0.36995798319327733,0.0,4.0,0.0,"['No_Alpha_Tier', 'Expert_pullback']",['Coverage_Below_80_Cap'],2021-08-03,oos_isotonic,989.0,0.23299867222511797,0.07595877755080806
2021-09-27,v2_relative_alpha_calibrated_experts_sensitivity,pullback,1.3583196749236663,1.6439770983698951,3.002296773293561,0.6030282440542778,0.6307292627663421,0.47154528478057894,0.0,4.0,0.0,"['No_Alpha_Tier', 'Expert_pullback']",['Coverage_Below_80_Cap'],2021-08-03,oos_isotonic,989.0,0.23299867222511797,0.07595877755080806
2021-09-28,v2_relative_alpha_calibrated_experts_sensitivity,pullback,3.5162714395076318,4.3965690086088856,7.912840448116517,0.8007642528519827,0.6307292627663421,0.5952380952380952,0.0,4.0,0.0,"['No_Alpha_Tier', 'Expert_pullback']",['Coverage_Below_80_Cap'],2021-08-03,oos_isotonic,989.0,0.23299867222511797,0.07595877755080806
2021-09-29,v2_relative_alpha_calibrated_experts_sensitivity,pullback,3.148493646717222,4.3965690086088856,7.545062655326109,0.7665376962665789,0.6307292627663421,0.5761671335200746,0.0,4.0,0.0,"['No_Alpha_Tier', 'Expert_pullback']",['Coverage_Below_80_Cap'],2021-08-03,oos_isotonic,989.0,0.23299867222511797,0.07595877755080806
2021-09-30,v2_relative_alpha_calibrated_experts_sensitivity,pullback,2.0433065291170633,4.3965690086088856,6.439875537725949,0.6943235323199275,0.6307292627663421,0.5249766573295985,0.0,4.0,0.0,"['No_Alpha_Tier', 'Expert_pullback']",['Coverage_Below_80_Cap'],2021-08-03,oos_isotonic,989.0,0.23299867222511797,0.07595877755080806
2021-10-01,v2_relative_alpha_calibrated_experts_sensitivity,pullback,1.6214927133564632,4.3965690086088856,6.018061721965349,0.6398500505068658,0.6438026514515858,0.4857858443924018,0.0,4.0,0.0,"['No_Alpha_Tier', 'Expert_pullback']",['Coverage_Below_80_Cap'],2021-09-01,oos_isotonic,1010.0,0.231717902200369,0.07806388438924931
2021-10-04,v2_relative_alpha_calibrated_experts_sensitivity,pullback,1.425005186490049,4.3965690086088856,5.821574195098935,0.6427645730257165,0.6438026514515858,0.48484907624251894,0.0,2.0,0.0,"['No_Alpha_Tier', 'Expert_pullback']","['Coverage_Below_80_Cap', 'Weak_Regime_Cap']",2021-09-01,oos_isotonic,1010.0,0.231717902200369,0.07806388438924931
2021-10-05,v2_relative_alpha_calibrated_experts_sensitivity,pullback,3.7161570050363255,4.3965690086088856,8.112726013645212,0.8017130432392403,0.6438026514515858,0.5925904241478013,0.0,2.0,0.0,"['No_Alpha_Tier', 'Expert_pullback']","['Coverage_Below_80_Cap', 'Weak_Regime_Cap']",2021-09-01,oos_isotonic,1010.0,0.231717902200369,0.07806388438924931
2021-10-06,v2_relative_alpha_calibrated_experts_sensitivity,pullback,2.335195762530152,4.3965690086088856,6.731764771139037,0.7079198708233025,0.6438026514515858,0.5285714285714286,0.0,2.0,0.0,"['No_Alpha_Tier', 'Expert_pullback']","['Coverage_Below_80_Cap', 'Weak_Regime_Cap']",2021-09-01,oos_isotonic,1010.0,0.231717902200369,0.07806388438924931
2021-10-07,v2_relative_alpha_calibrated_experts_sensitivity,pullback,1.826128017938976,4.3965690086088856,6.222697026547862,0.663208406875912,0.6438026514515858,0.5070778037991153,0.0,4.0,0.0,"['No_Alpha_Tier', 'Expert_pullback']",['Coverage_Below_80_Cap'],2021-09-01,oos_isotonic,1010.0,0.231717902200369,0.07806388438924931
2021-10-08,v2_relative_alpha_calibrated_experts_sensitivity,pullback,0.6190599276220731,4.3965690086088856,5.015628936230959,0.5733461771676793,0.5347491378351318,0.4431889149102264,0.0,4.0,0.0,"['No_Alpha_Tier', 'Expert_pullback']",['Coverage_Below_80_Cap'],2021-09-01,oos_isotonic,1010.0,0.231717902200369,0.07806388438924931
2021-10-11,v2_relative_alpha_calibrated_experts_sensitivity,pullback,4.150709156154522,4.3965690086088856,8.547278164763409,0.8274989334641786,0.6438026514515858,0.6394158209731982,0.0,2.0,0.0,"['No_Alpha_Tier', 'Expert_pullback']","['Coverage_Below_80_Cap', 'Weak_Regime_Cap']",2021-09-01,oos_isotonic,1010.0,0.231717902200369,0.07806388438924931
2021-10-12,v2_relative_alpha_calibrated_experts_sensitivity,pullback,3.1247785671841157,4.3965690086088856,7.521347575793003,0.7565041933401557,0.6438026514515858,0.5681173562321103,0.0,2.0,0.0,"['No_Alpha_Tier', 'Expert_pullback']","['Coverage_Below_80_Cap', 'Weak_Regime_Cap']",2021-09-01,oos_isotonic,1010.0,0.231717902200369,0.07806388438924931
2021-10-13,v2_relative_alpha_calibrated_experts_sensitivity,pullback,2.0556123889231284,4.3965690086088856,6.452181397532014,0.6821858528014261,0.6438026514515858,0.5123015873015873,0.0,2.0,0.0,"['No_Alpha_Tier', 'Expert_pullback']","['Coverage_Below_80_Cap', 'Weak_Regime_Cap']",2021-09-01,oos_isotonic,1010.0,0.231717902200369,0.07806388438924931
2021-10-14,v2_relative_alpha_calibrated_experts_sensitivity,pullback,0.6589541940036776,4.3965690086088856,5.055523202612563,0.5688951407885973,0.5347491378351318,0.4322144158209732,0.0,4.0,0.0,"['No_Alpha_Tier', 'Expert_pullback']",['Coverage_Below_80_Cap'],2021-09-01,oos_isotonic,1010.0,0.231717902200369,0.07806388438924931
2021-10-15,v2_relative_alpha_calibrated_experts_sensitivity,pullback,1.069604281342856,4.3965690086088856,5.466173289951741,0.593678159914953,0.6438026514515858,0.45933515482695814,0.0,4.0,0.0,"['No_Alpha_Tier', 'Expert_pullback']",['Coverage_Below_80_Cap'],2021-09-01,oos_isotonic,1010.0,0.231717902200369,0.07806388438924931
2021-10-18,v2_relative_alpha_calibrated_experts_sensitivity,pullback,3.369027246260499,1.570791738840475,4.939818985100974,0.7494380450209102,0.6438026514515858,0.5695875618006766,0.0,4.0,0.0,"['No_Alpha_Tier', 'Expert_pullback']",['Coverage_Below_80_Cap'],2021-09-01,oos_isotonic,1010.0,0.231717902200369,0.07806388438924931
2021-10-19,v2_relative_alpha_calibrated_experts_sensitivity,trend,2.2642885401784474,1.5664516211129624,3.83074016129141,0.6759431272820816,0.6438026514515858,0.6195228494623657,0.0,4.0,0.0,"['No_Alpha_Tier', 'Expert_trend']",['Coverage_Below_80_Cap'],2021-09-01,oos_isotonic,1010.0,0.231717902200369,0.07806388438924931
2021-10-20,v2_relative_alpha_calibrated_experts_sensitivity,trend,1.8683256160571622,1.5627573855627697,3.431083001619932,0.6601701032402737,0.6438026514515858,0.5994707661290324,0.0,4.0,0.0,"['No_Alpha_Tier', 'Expert_trend']",['Coverage_Below_80_Cap'],2021-09-01,oos_isotonic,1010.0,0.231717902200369,0.07806388438924931
2021-10-21,v2_relative_alpha_calibrated_experts_sensitivity,trend,1.547274226717954,1.559938079789257,3.1072123065072113,0.6313824740415939,0.6438026514515858,0.5809475806451613,0.0,4.0,0.0,"['No_Alpha_Tier', 'Expert_trend']",['Coverage_Below_80_Cap'],2021-09-01,oos_isotonic,1010.0,0.231717902200369,0.07806388438924931
2021-10-22,v2_relative_alpha_calibrated_experts_sensitivity,trend,1.279898220482881,1.5567160445904098,2.836614265073291,0.629134429903653,0.6438026514515858,0.5666582661290323,0.0,4.0,0.0,"['No_Alpha_Tier', 'Expert_trend']",['Coverage_Below_80_Cap'],2021-09-01,oos_isotonic,1010.0,0.231717902200369,0.07806388438924931
2021-10-25,v2_relative_alpha_calibrated_experts_sensitivity,trend,0.2073318394084085,1.553062799893203,1.7603946393016114,0.5381871263378692,0.5347491378351318,0.4983618951612903,0.0,4.0,0.0,"['No_Alpha_Tier', 'Expert_trend']",['Coverage_Below_80_Cap'],2021-09-01,oos_isotonic,1010.0,0.231717902200369,0.07806388438924931
2021-10-26,v2_relative_alpha_calibrated_experts_sensitivity,trend,0.9424900585316411,1.551633474141389,2.49412353267303,0.5648750717385492,0.5347491378351318,0.5376764112903225,0.0,4.0,0.0,"['No_Alpha_Tier', 'Expert_trend']",['Coverage_Below_80_Cap'],2021-09-01,oos_isotonic,1010.0,0.231717902200369,0.07806388438924931
2021-10-27,v2_relative_alpha_calibrated_experts_sensitivity,trend,0.3414044512668682,1.5504688623463807,1.891873313613249,0.5245460407767255,0.5347491378351318,0.5034022177419355,0.0,4.0,0.0,"['No_Alpha_Tier', 'Expert_trend']",['Coverage_Below_80_Cap'],2021-09-01,oos_isotonic,1010.0,0.231717902200369,0.07806388438924931
2021-10-28,v2_relative_alpha_calibrated_experts_sensitivity,trend,-1.1473053936838866,1.5490621641873772,0.4017567705034905,0.4008098488246436,0.49083545323109024,0.3953293010752688,0.0,4.0,0.0,"['No_Alpha_Tier', 'Expert_trend']",['Coverage_Below_80_Cap'],2021-09-01,oos_isotonic,1010.0,0.231717902200369,0.07806388438924931
2021-10-29,v2_relative_alpha_calibrated_experts_sensitivity,trend,-1.480245576786292,1.548099525144083,0.06785394835779092,0.39212368735883235,0.49083545323109024,0.3905073924731183,0.0,4.0,0.0,"['No_Alpha_Tier', 'Expert_trend']",['Coverage_Below_80_Cap'],2021-09-01,oos_isotonic,1010.0,0.231717902200369,0.07806388438924931
2021-11-01,v2_relative_alpha_calibrated_experts_sensitivity,trend,0.015432485593048769,1.5474420722318911,1.56287455782494,0.5198233241336877,0.5361542192046557,0.48420405917175946,0.0,4.0,0.0,"['No_Alpha_Tier', 'Expert_trend']",['Coverage_Below_80_Cap'],2021-10-01,oos_isotonic,1031.0,0.23349353611450577,0.07075342378651216
2021-11-02,v2_relative_alpha_calibrated_experts_sensitivity,trend,-1.967371450805431,1.5465508361955718,-0.4208206146098591,0.3629588907642452,0.4900248931572968,0.3663288011156229,0.0,4.0,0.0,"['No_Alpha_Tier', 'Expert_trend']",['Coverage_Below_80_Cap'],2021-10-01,oos_isotonic,1031.0,0.23349353611450577,0.07075342378651216
2021-11-03,v2_relative_alpha_calibrated_experts_sensitivity,trend,-2.4564203213134483,1.545556574436606,-0.9108637468768426,0.33105366885271015,0.4900248931572968,0.3474324268897912,0.0,4.0,0.0,"['No_Alpha_Tier', 'Expert_trend']",['Coverage_Below_80_Cap'],2021-10-01,oos_isotonic,1031.0,0.23349353611450577,0.07075342378651216
2021-11-04,v2_relative_alpha_calibrated_experts_sensitivity,trend,-2.753771214478106,1.5459590392014493,-1.2078121752766564,0.32501273880113685,0.4900248931572968,0.3298041165935223,0.0,4.0,0.0,"['No_Alpha_Tier', 'Expert_trend']",['Coverage_Below_80_Cap'],2021-10-01,oos_isotonic,1031.0,0.23349353611450577,0.07075342378651216
2021-11-05,v2_relative_alpha_calibrated_experts_sensitivity,trend,-1.9386700606316718,1.547747121259384,-0.3909229393722877,0.3982401581286322,0.4900248931572968,0.38652331733727086,0.0,4.0,0.0,"['No_Alpha_Tier', 'Expert_trend']",['Coverage_Below_80_Cap'],2021-10-01,oos_isotonic,1031.0,0.23349353611450577,0.07075342378651216
2021-11-08,v2_relative_alpha_calibrated_experts_sensitivity,trend,-1.6335424568795818,1.549285349550295,-0.08425710732928686,0.42701854723489435,0.4900248931572968,0.41107846957330163,0.0,4.0,0.0,"['No_Alpha_Tier', 'Expert_trend']",['Coverage_Below_80_Cap'],2021-10-01,oos_isotonic,1031.0,0.23349353611450577,0.07075342378651216
2021-11-09,v2_relative_alpha_calibrated_experts_sensitivity,trend,-1.0716838468315912,1.5500296410384202,0.4783457942068291,0.4760354266734021,0.5111542192046556,0.451175608055453,0.0,4.0,0.0,"['No_Alpha_Tier', 'Expert_trend']",['Coverage_Below_80_Cap'],2021-10-01,oos_isotonic,1031.0,0.23349353611450577,0.07075342378651216
2021-11-10,v2_relative_alpha_calibrated_experts_sensitivity,pullback,-0.6141171835451842,1.549965623045936,0.9358484395007518,0.3993959440938856,0.4900248931572968,0.331598825955037,0.0,4.0,0.0,"['No_Alpha_Tier', 'Expert_pullback']",['Coverage_Below_80_Cap'],2021-10-01,oos_isotonic,1031.0,0.23349353611450577,0.07075342378651216
2021-11-11,v2_relative_alpha_calibrated_experts_sensitivity,pullback,-0.1517152990675324,1.5503103587567346,1.3985950596892023,0.4261996331147817,0.4900248931572968,0.3449801474758934,0.0,4.0,0.0,"['No_Alpha_Tier', 'Expert_pullback']",['Coverage_Below_80_Cap'],2021-10-01,oos_isotonic,1031.0,0.23349353611450577,0.07075342378651216
2021-11-12,v2_relative_alpha_calibrated_experts_sensitivity,trend,-0.9327008897698694,1.5521063609002315,0.6194054711303622,0.49595204141537336,0.5111542192046556,0.46232380405507023,0.0,4.0,0.0,"['No_Alpha_Tier', 'Expert_trend']",['Coverage_Below_80_Cap'],2021-10-01,oos_isotonic,1031.0,0.23349353611450577,0.07075342378651216
2021-11-15,v2_relative_alpha_calibrated_experts_sensitivity,trend,-1.9603540268167672,1.553616214024078,-0.4067378127926891,0.41794389750205785,0.4900248931572968,0.39838552561420776,0.0,4.0,0.0,"['No_Alpha_Tier', 'Expert_trend']",['Coverage_Below_80_Cap'],2021-10-01,oos_isotonic,1031.0,0.23349353611450577,0.07075342378651216
2021-11-16,v2_relative_alpha_calibrated_experts_sensitivity,trend,-1.9000812329840997,1.557027147587084,-0.34305408539701576,0.41955971402769465,0.4900248931572968,0.39917883461165116,0.0,4.0,0.0,"['No_Alpha_Tier', 'Expert_trend']",['Coverage_Below_80_Cap'],2021-10-01,oos_isotonic,1031.0,0.23349353611450577,0.07075342378651216
2021-11-17,v2_relative_alpha_calibrated_experts_sensitivity,trend,-1.1664684330623347,1.558551791548,0.3920833584856653,0.4747360503645891,0.5111542192046556,0.4553832902670112,0.0,4.0,0.0,"['No_Alpha_Tier', 'Expert_trend']",['Coverage_Below_80_Cap'],2021-10-01,oos_isotonic,1031.0,0.23349353611450577,0.07075342378651216
2021-11-18,v2_relative_alpha_calibrated_experts_sensitivity,trend,-1.687316318324088,1.5600861343576016,-0.12723018396648655,0.42665500924857436,0.4900248931572968,0.4065922234526886,0.0,4.0,0.0,"['No_Alpha_Tier', 'Expert_trend']",['Coverage_Below_80_Cap'],2021-10-01,oos_isotonic,1031.0,0.23349353611450577,0.07075342378651216
2021-11-19,v2_relative_alpha_calibrated_experts_sensitivity,trend,-1.1168543498336327,1.5640144701112308,0.4471601202775982,0.46067908483367753,0.4900248931572968,0.4386419411290213,0.0,4.0,0.0,"['No_Alpha_Tier', 'Expert_trend']",['Coverage_Below_80_Cap'],2021-10-01,oos_isotonic,1031.0,0.23349353611450577,0.07075342378651216
2021-11-22,v2_relative_alpha_calibrated_experts_sensitivity,trend,-0.3206419822543267,1.570161420005849,1.2495194377515222,0.5439022084903913,0.5361542192046557,0.5060620975349658,0.0,4.0,0.0,"['No_Alpha_Tier', 'Expert_trend']",['Coverage_Below_80_Cap'],2021-10-01,oos_isotonic,1031.0,0.23349353611450577,0.07075342378651216
2021-11-23,v2_relative_alpha_calibrated_experts_sensitivity,trend,-0.2595345746774314,1.5742708140333146,1.314736239355883,0.549454850905546,0.5361542192046557,0.515945989363302,0.0,4.0,0.0,"['No_Alpha_Tier', 'Expert_trend']",['Coverage_Below_80_Cap'],2021-10-01,oos_isotonic,1031.0,0.23349353611450577,0.07075342378651216
2021-11-24,v2_relative_alpha_calibrated_experts_sensitivity,trend,-0.6638823797827222,1.5780279966030362,0.9141456168203138,0.5132550723880536,0.5361542192046557,0.48908713068919785,0.0,4.0,0.0,"['No_Alpha_Tier', 'Expert_trend']",['Coverage_Below_80_Cap'],2021-10-01,oos_isotonic,1031.0,0.23349353611450577,0.07075342378651216
2021-11-26,v2_relative_alpha_calibrated_experts_sensitivity,pullback,-1.825246285626105,4.59653490264394,2.7712886170178352,0.3489042705344304,0.4900248931572968,0.2908930484653684,0.0,4.0,0.0,"['No_Alpha_Tier', 'Expert_pullback']",['Coverage_Below_80_Cap'],2021-10-01,oos_isotonic,1031.0,0.23349353611450577,0.07075342378651216
2021-11-29,v2_relative_alpha_calibrated_experts_sensitivity,trend,-2.292362637397188,1.586588204987444,-0.7057744324097445,0.38809800200207867,0.4900248931572968,0.3784116388444554,0.0,4.0,0.0,"['No_Alpha_Tier', 'Expert_trend']",['Coverage_Below_80_Cap'],2021-10-01,oos_isotonic,1031.0,0.23349353611450577,0.07075342378651216
2021-11-30,v2_relative_alpha_calibrated_experts_sensitivity,pullback,-3.3055486187966285,1.5909357632473986,-1.7146128555492297,0.26223493480001536,0.4900248931572968,0.22904163177844405,0.0,4.0,0.0,"['No_Alpha_Tier', 'Expert_pullback']",['Coverage_Below_80_Cap'],2021-10-01,oos_isotonic,1031.0,0.23349353611450577,0.07075342378651216
2021-12-01,v2_relative_alpha_calibrated_experts_sensitivity,pullback,-1.6437852480436048,4.59653490264394,2.9527496546003356,0.39051746404878623,0.5080317602326101,0.31289833999757666,0.0,2.0,0.0,"['No_Alpha_Tier', 'Expert_pullback']","['Coverage_Below_80_Cap', 'VIX_Backwardation_Cap']",2021-11-01,oos_isotonic,1052.0,0.23461687988598964,0.0661194945574134
2021-12-02,v2_relative_alpha_calibrated_experts_sensitivity,pullback,-3.2229373749111576,4.59653490264394,1.3735975277327825,0.28539598000426614,0.5038090711569798,0.22391554586211077,0.0,4.0,0.0,"['No_Alpha_Tier', 'Expert_pullback']",['Coverage_Below_80_Cap'],2021-11-01,oos_isotonic,1052.0,0.23461687988598964,0.0661194945574134
2021-12-03,v2_relative_alpha_calibrated_experts_sensitivity,pullback,1.213479172544333,4.59653490264394,5.810014075188273,0.6341337788790897,0.6302293917604688,0.4786895674300255,0.0,4.0,0.0,"['No_Alpha_Tier', 'Expert_pullback']",['Coverage_Below_80_Cap'],2021-11-01,oos_isotonic,1052.0,0.23461687988598964,0.0661194945574134
2021-12-06,v2_relative_alpha_calibrated_experts_sensitivity,pullback,0.5921107553263121,4.59653490264394,5.188645657970252,0.5841335792935284,0.6065811857833862,0.43641100205985706,0.0,4.0,0.0,"['No_Alpha_Tier', 'Expert_pullback']",['Coverage_Below_80_Cap'],2021-11-01,oos_isotonic,1052.0,0.23461687988598964,0.0661194945574134
2021-12-07,v2_relative_alpha_calibrated_experts_sensitivity,trend,-3.1146791443112125,1.5889326281666358,-1.5257465161445765,0.36662149128271004,0.5080317602326101,0.34470764698928125,0.0,4.0,0.0,"['No_Alpha_Tier', 'Expert_trend']",['Coverage_Below_80_Cap'],2021-11-01,oos_isotonic,1052.0,0.23461687988598964,0.0661194945574134
2021-12-08,v2_relative_alpha_calibrated_experts_sensitivity,trend,-3.1033472272467844,1.5938982398332473,-1.509448987413537,0.44416619967161547,0.5415376425855514,0.4330146595208071,0.0,4.0,0.0,"['No_Alpha_Tier', 'Expert_trend']",['Coverage_Below_80_Cap'],2021-11-01,oos_isotonic,1052.0,0.23461687988598964,0.0661194945574134
2021-12-09,v2_relative_alpha_calibrated_experts_sensitivity,pullback,2.066101652080054,1.5990140248455293,3.6651156769255837,0.6816650716084183,0.6302293917604688,0.5018326669090027,0.0,4.0,0.0,"['No_Alpha_Tier', 'Expert_pullback']",['Coverage_Below_80_Cap'],2021-11-01,oos_isotonic,1052.0,0.23461687988598964,0.0661194945574134
2021-12-10,v2_relative_alpha_calibrated_experts_sensitivity,trend,-2.059501080284966,1.6065168918022934,-0.4529841884826725,0.48933835102351064,0.5415376425855514,0.45996847414880204,0.0,4.0,0.0,"['No_Alpha_Tier', 'Expert_trend']",['Coverage_Below_80_Cap'],2021-11-01,oos_isotonic,1052.0,0.23461687988598964,0.0661194945574134
2021-12-13,v2_relative_alpha_calibrated_experts_sensitivity,pullback,1.2506837369024275,1.6163598032457407,2.867043540148168,0.6164872403516971,0.6302293917604688,0.4540591300133285,0.0,4.0,0.0,"['No_Alpha_Tier', 'Expert_pullback']",['Coverage_Below_80_Cap'],2021-11-01,oos_isotonic,1052.0,0.23461687988598964,0.0661194945574134
2021-12-14,v2_relative_alpha_calibrated_experts_sensitivity,pullback,0.40624461327999895,4.59653490264394,5.002779515923939,0.5323963735241234,0.5415376425855514,0.3916636374651642,0.0,4.0,0.0,"['No_Alpha_Tier', 'Expert_pullback']","['Liquidity_Below_45_Penalty', 'Coverage_Below_80_Cap']",2021-11-01,oos_isotonic,1052.0,0.23461687988598964,0.0661194945574134
2021-12-15,v2_relative_alpha_calibrated_experts_sensitivity,trend,-0.8721405601021742,4.041967054150806,3.1698264940486323,0.49486837188266786,0.5415376425855514,0.4618249034520807,0.0,4.0,0.0,"['No_Alpha_Tier', 'Expert_trend']","['Liquidity_Below_45_Penalty', 'Coverage_Below_80_Cap']",2021-11-01,oos_isotonic,1052.0,0.23461687988598964,0.0661194945574134
2021-12-16,v2_relative_alpha_calibrated_experts_sensitivity,pullback,0.6477283900543302,7.2258585155946395,7.8735869056489705,0.5628914849703734,0.5415376425855514,0.42466072943172184,0.0,4.0,0.0,"['No_Alpha_Tier', 'Expert_pullback']",['Coverage_Below_80_Cap'],2021-11-01,oos_isotonic,1052.0,0.23461687988598964,0.0661194945574134
2021-12-17,v2_relative_alpha_calibrated_experts_sensitivity,pullback,0.9445415044155328,7.2258585155946395,8.170400020010172,0.5977776843306515,0.6302293917604688,0.44245728825881503,0.0,4.0,0.0,"['No_Alpha_Tier', 'Expert_pullback']","['Liquidity_Below_45_Penalty', 'Coverage_Below_80_Cap']",2021-11-01,oos_isotonic,1052.0,0.23461687988598964,0.0661194945574134
2021-12-20,v2_relative_alpha_calibrated_experts_sensitivity,pullback,1.4983808899907403,7.2258585155946395,8.72423940558538,0.6421658909159336,0.6302293917604688,0.479637707500303,0.0,3.0,0.0,"['No_Alpha_Tier', 'Expert_pullback']","['Risk_Above_55_Penalty', 'Liquidity_Below_45_Penalty', 'Coverage_Below_80_Cap']",2021-11-01,oos_isotonic,1052.0,0.23461687988598964,0.0661194945574134
2021-12-21,v2_relative_alpha_calibrated_experts_sensitivity,pullback,-1.3176544757001307,7.2258585155946395,5.908204039894509,0.42636045530017863,0.5080317602326101,0.3295044226341936,0.0,4.0,0.0,"['No_Alpha_Tier', 'Expert_pullback']","['Liquidity_Below_45_Penalty', 'Coverage_Below_80_Cap']",2021-11-01,oos_isotonic,1052.0,0.23461687988598964,0.0661194945574134
2021-12-22,v2_relative_alpha_calibrated_experts_sensitivity,pullback,-3.2416528878777413,4.041967054150806,0.8003141662730653,0.2562731616541994,0.5038090711569798,0.22828062522719011,0.0,4.0,0.0,"['No_Alpha_Tier', 'Expert_pullback']","['Liquidity_Below_45_Penalty', 'Coverage_Below_80_Cap']",2021-11-01,oos_isotonic,1052.0,0.23461687988598964,0.0661194945574134
2021-12-23,v2_relative_alpha_calibrated_experts_sensitivity,trend,0.08303629389888609,4.041967054150806,4.125003348049693,0.5540510969755215,0.5415376425855514,0.505695489832913,0.0,4.0,0.0,"['No_Alpha_Tier', 'Expert_trend']","['Liquidity_Below_45_Penalty', 'Coverage_Below_80_Cap']",2021-11-01,oos_isotonic,1052.0,0.23461687988598964,0.0661194945574134
2021-12-27,v2_relative_alpha_calibrated_experts_sensitivity,trend,1.2415076223743453,4.041967054150806,5.2834746765251515,0.6155317879926842,0.6302293917604688,0.5702080706179067,0.0,4.0,0.0,"['No_Alpha_Tier', 'Expert_trend']",['Coverage_Below_80_Cap'],2021-11-01,oos_isotonic,1052.0,0.23461687988598964,0.0661194945574134
2021-12-28,v2_relative_alpha_calibrated_experts_sensitivity,trend,0.7907390449219882,4.041967054150806,4.832706099072795,0.6231025554494685,0.6302293917604688,0.5608961715794452,0.0,4.0,0.0,"['No_Alpha_Tier', 'Expert_trend']",['Coverage_Below_80_Cap'],2021-11-01,oos_isotonic,1052.0,0.23461687988598964,0.0661194945574134
2021-12-29,v2_relative_alpha_calibrated_experts_sensitivity,trend,0.7650751567697074,4.041967054150806,4.807042210920514,0.5974479721890726,0.6302293917604688,0.5499527112232031,0.0,4.0,0.0,"['No_Alpha_Tier', 'Expert_trend']",['Coverage_Below_80_Cap'],2021-11-01,oos_isotonic,1052.0,0.23461687988598964,0.0661194945574134
2021-12-30,v2_relative_alpha_calibrated_experts_sensitivity,trend,1.9771570902097129,4.041967054150806,6.01912414436052,0.6604950703653605,0.6302293917604688,0.6056978542717528,0.0,4.0,0.0,"['No_Alpha_Tier', 'Expert_trend']",['Coverage_Below_80_Cap'],2021-11-01,oos_isotonic,1052.0,0.23461687988598964,0.0661194945574134
2021-12-31,v2_relative_alpha_calibrated_experts_sensitivity,trend,1.647136344609036,4.041967054150806,5.689103398759842,0.6554494291900634,0.6302293917604688,0.5931077593001262,0.0,4.0,0.0,"['No_Alpha_Tier', 'Expert_trend']","['Liquidity_Below_45_Penalty', 'Coverage_Below_80_Cap']",2021-11-01,oos_isotonic,1052.0,0.23461687988598964,0.0661194945574134
2022-01-03,v2_relative_alpha_calibrated_experts_sensitivity,trend,1.9470972574505374,4.041967054150806,5.989064311601345,0.6557813311174787,0.6381666636727802,0.5943970860895167,0.0,4.0,0.0,"['No_Alpha_Tier', 'Expert_trend']","['Liquidity_Below_45_Penalty', 'Coverage_Below_80_Cap']",2021-12-02,oos_isotonic,1074.0,0.2336565774431444,0.06640293900996168
2022-01-04,v2_relative_alpha_calibrated_experts_sensitivity,trend,2.2808609925560397,4.041967054150806,6.322828046706847,0.7178373130296204,0.6381666636727802,0.6696884185428601,0.0,4.0,0.0,"['No_Alpha_Tier', 'Expert_trend']",['Coverage_Below_80_Cap'],2021-12-02,oos_isotonic,1074.0,0.2336565774431444,0.06640293900996168
2022-01-05,v2_relative_alpha_calibrated_experts_sensitivity,pullback,0.04262112758874739,7.2258585155946395,7.268479643183387,0.5150721932115571,0.5417542779219637,0.39783717574415256,0.0,4.0,0.0,"['No_Alpha_Tier', 'Expert_pullback']",['Coverage_Below_80_Cap'],2021-12-02,oos_isotonic,1074.0,0.2336565774431444,0.06640293900996168
2022-01-06,v2_relative_alpha_calibrated_experts_sensitivity,pullback,-0.35745588247309584,7.2258585155946395,6.868402633121544,0.48487889754823293,0.5417542779219637,0.37110137924091413,0.0,4.0,0.0,"['No_Alpha_Tier', 'Expert_pullback']",['Coverage_Below_80_Cap'],2021-12-02,oos_isotonic,1074.0,0.2336565774431444,0.06640293900996168
2022-01-07,v2_relative_alpha_calibrated_experts_sensitivity,pullback,-0.02859739342855042,7.2258585155946395,7.197261122166089,0.5307387335287101,0.5417542779219637,0.4064431692338669,0.0,0.0,0.0,"['No_Alpha_Tier', 'Expert_pullback']",['Hard_Risk_Cap_Zero'],2021-12-02,oos_isotonic,1074.0,0.2336565774431444,0.06640293900996168
2022-01-10,v2_relative_alpha_calibrated_experts_sensitivity,pullback,-2.1046300513615446,7.2258585155946395,5.121228464233095,0.3284682805157711,0.5033391713434667,0.27570639954360887,0.0,0.0,0.0,"['No_Alpha_Tier', 'Expert_pullback']",['Hard_Risk_Cap_Zero'],2021-12-02,oos_isotonic,1074.0,0.2336565774431444,0.06640293900996168
2022-01-11,v2_relative_alpha_calibrated_experts_sensitivity,pullback,2.019714781574517,7.2258585155946395,9.245573297169157,0.6971180525842802,0.6381666636727802,0.5242155777039499,0.0,0.0,0.0,"['No_Alpha_Tier', 'Expert_pullback']",['Hard_Risk_Cap_Zero'],2021-12-02,oos_isotonic,1074.0,0.2336565774431444,0.06640293900996168
2022-01-12,v2_relative_alpha_calibrated_experts_sensitivity,pullback,1.6205221832642887,7.2258585155946395,8.846380698858928,0.6651212970335212,0.6381666636727802,0.5064238732843385,0.0,0.0,0.0,"['No_Alpha_Tier', 'Expert_pullback']",['Hard_Risk_Cap_Zero'],2021-12-02,oos_isotonic,1074.0,0.2336565774431444,0.06640293900996168
2022-01-13,v2_relative_alpha_calibrated_experts_sensitivity,pullback,4.320031374921614,7.2258585155946395,11.545889890516253,0.8143865987827736,0.6381666636727802,0.6553810530554717,0.0,0.0,0.0,"['No_Alpha_Tier', 'Expert_pullback']",['Hard_Risk_Cap_Zero'],2021-12-02,oos_isotonic,1074.0,0.2336565774431444,0.06640293900996168
2022-01-14,v2_relative_alpha_calibrated_experts_sensitivity,pullback,2.8825806743845597,7.2258585155946395,10.1084391899792,0.6959464488217726,0.6381666636727802,0.5320757407966711,0.0,0.0,0.0,"['No_Alpha_Tier', 'Expert_pullback']",['Hard_Risk_Cap_Zero'],2021-12-02,oos_isotonic,1074.0,0.2336565774431444,0.06640293900996168
2022-01-18,v2_relative_alpha_calibrated_experts_sensitivity,pullback,3.8958199291571174,7.20798366166901,11.103803590826129,0.7781192591512246,0.6381666636727802,0.6109374475653545,0.0,0.0,0.0,"['No_Alpha_Tier', 'Expert_pullback']",['Hard_Risk_Cap_Zero'],2021-12-02,oos_isotonic,1074.0,0.2336565774431444,0.06640293900996168
2022-01-19,v2_relative_alpha_calibrated_experts_sensitivity,pullback,2.0410983764994617,4.987325826146368,7.02842420264583,0.640049656729024,0.6381666636727802,0.48811201718178465,0.0,0.0,0.0,"['No_Alpha_Tier', 'Expert_pullback']",['Hard_Risk_Cap_Zero'],2021-12-02,oos_isotonic,1074.0,0.2336565774431444,0.06640293900996168
2022-01-20,v2_relative_alpha_calibrated_experts_sensitivity,risk_off,0.0,4.9798388026104385,4.9798388026104385,0.01,0.4928385671216272,0.0,0.0,0.0,0.0,['Risk_Off_Expert'],['Hard_Risk_Cap_Zero'],2021-12-02,oos_isotonic,1074.0,0.2336565774431444,0.06640293900996168
2022-01-21,v2_relative_alpha_calibrated_experts_sensitivity,risk_off,0.0,4.9798388026104385,4.9798388026104385,0.01,0.4928385671216272,0.0,0.0,0.0,0.0,['Risk_Off_Expert'],['Hard_Risk_Cap_Zero'],2021-12-02,oos_isotonic,1074.0,0.2336565774431444,0.06640293900996168
2022-01-24,v2_relative_alpha_calibrated_experts_sensitivity,risk_off,0.0,4.9798388026104385,4.9798388026104385,0.01,0.4928385671216272,0.0,0.0,0.0,0.0,['Risk_Off_Expert'],['Hard_Risk_Cap_Zero'],2021-12-02,oos_isotonic,1074.0,0.2336565774431444,0.06640293900996168
2022-01-25,v2_relative_alpha_calibrated_experts_sensitivity,risk_off,0.0,4.9798388026104385,4.9798388026104385,0.01,0.4928385671216272,0.0,0.0,0.0,0.0,['Risk_Off_Expert'],['Hard_Risk_Cap_Zero'],2021-12-02,oos_isotonic,1074.0,0.2336565774431444,0.06640293900996168
2022-01-26,v2_relative_alpha_calibrated_experts_sensitivity,risk_off,0.0,4.9798388026104385,4.9798388026104385,0.01,0.4928385671216272,0.0,0.0,0.0,0.0,['Risk_Off_Expert'],['Hard_Risk_Cap_Zero'],2021-12-02,oos_isotonic,1074.0,0.2336565774431444,0.06640293900996168
2022-01-27,v2_relative_alpha_calibrated_experts_sensitivity,risk_off,0.0,4.9798388026104385,4.9798388026104385,0.01,0.4928385671216272,0.0,0.0,0.0,0.0,['Risk_Off_Expert'],['Hard_Risk_Cap_Zero'],2021-12-02,oos_isotonic,1074.0,0.2336565774431444,0.06640293900996168
2022-01-28,v2_relative_alpha_calibrated_experts_sensitivity,risk_off,0.0,4.9798388026104385,4.9798388026104385,0.01,0.4928385671216272,0.0,0.0,0.0,0.0,['Risk_Off_Expert'],['Hard_Risk_Cap_Zero'],2021-12-02,oos_isotonic,1074.0,0.2336565774431444,0.06640293900996168
2022-01-31,v2_relative_alpha_calibrated_experts_sensitivity,risk_off,0.0,4.9798388026104385,4.9798388026104385,0.01,0.4928385671216272,0.0,0.0,0.0,0.0,['Risk_Off_Expert'],['Hard_Risk_Cap_Zero'],2021-12-02,oos_isotonic,1074.0,0.2336565774431444,0.06640293900996168
2022-02-01,v2_relative_alpha_calibrated_experts_sensitivity,pullback,4.210857653697688,4.835555742179403,9.04641339587709,0.8460193782054414,0.6337217668219615,0.6608359511059752,0.0,0.0,0.0,"['No_Alpha_Tier', 'Expert_pullback']",['Hard_Risk_Cap_Zero'],2021-12-31,oos_isotonic,1094.0,0.23405993998900243,0.06289348753988311
2022-02-02,v2_relative_alpha_calibrated_experts_sensitivity,pullback,3.5913788620363567,7.120350132910666,10.711728994947023,0.7982078840620981,0.6337217668219615,0.6187811397393259,0.0,0.0,0.0,"['No_Alpha_Tier', 'Expert_pullback']",['Hard_Risk_Cap_Zero'],2021-12-31,oos_isotonic,1094.0,0.23405993998900243,0.06289348753988311
2022-02-03,v2_relative_alpha_calibrated_experts_sensitivity,risk_off,0.0,4.9798388026104385,4.9798388026104385,0.01,0.4921511765983419,0.0,0.0,0.0,0.0,['Risk_Off_Expert'],['Hard_Risk_Cap_Zero'],2021-12-31,oos_isotonic,1094.0,0.23405993998900243,0.06289348753988311
2022-02-04,v2_relative_alpha_calibrated_experts_sensitivity,risk_off,0.0,4.9798388026104385,4.9798388026104385,0.01,0.4921511765983419,0.0,0.0,0.0,0.0,['Risk_Off_Expert'],['Hard_Risk_Cap_Zero'],2021-12-31,oos_isotonic,1094.0,0.23405993998900243,0.06289348753988311
2022-02-07,v2_relative_alpha_calibrated_experts_sensitivity,risk_off,0.0,4.9798388026104385,4.9798388026104385,0.01,0.4921511765983419,0.0,0.0,0.0,0.0,['Risk_Off_Expert'],['Hard_Risk_Cap_Zero'],2021-12-31,oos_isotonic,1094.0,0.23405993998900243,0.06289348753988311
2022-02-08,v2_relative_alpha_calibrated_experts_sensitivity,risk_off,0.0,4.9798388026104385,4.9798388026104385,0.01,0.4921511765983419,0.0,0.0,0.0,0.0,['Risk_Off_Expert'],['Hard_Risk_Cap_Zero'],2021-12-31,oos_isotonic,1094.0,0.23405993998900243,0.06289348753988311
2022-02-09,v2_relative_alpha_calibrated_experts_sensitivity,pullback,3.0042262703422122,4.755011627133568,7.7592378974757805,0.7639265950942684,0.6337217668219615,0.5776895240265412,0.0,0.0,0.0,"['No_Alpha_Tier', 'Expert_pullback']",['Hard_Risk_Cap_Zero'],2021-12-31,oos_isotonic,1094.0,0.23405993998900243,0.06289348753988311
2022-02-10,v2_relative_alpha_calibrated_experts_sensitivity,risk_off,0.0,4.9798388026104385,4.9798388026104385,0.01,0.4921511765983419,0.0,0.0,0.0,0.0,['Risk_Off_Expert'],['Hard_Risk_Cap_Zero'],2021-12-31,oos_isotonic,1094.0,0.23405993998900243,0.06289348753988311
2022-02-11,v2_relative_alpha_calibrated_experts_sensitivity,risk_off,0.0,4.9798388026104385,4.9798388026104385,0.01,0.4921511765983419,0.0,0.0,0.0,0.0,['Risk_Off_Expert'],['Hard_Risk_Cap_Zero'],2021-12-31,oos_isotonic,1094.0,0.23405993998900243,0.06289348753988311
2022-02-14,v2_relative_alpha_calibrated_experts_sensitivity,risk_off,0.0,4.9798388026104385,4.9798388026104385,0.01,0.4921511765983419,0.0,0.0,0.0,0.0,['Risk_Off_Expert'],['Hard_Risk_Cap_Zero'],2021-12-31,oos_isotonic,1094.0,0.23405993998900243,0.06289348753988311
2022-02-15,v2_relative_alpha_calibrated_experts_sensitivity,risk_off,0.0,4.9798388026104385,4.9798388026104385,0.01,0.4921511765983419,0.0,0.0,0.0,0.0,['Risk_Off_Expert'],['Hard_Risk_Cap_Zero'],2021-12-31,oos_isotonic,1094.0,0.23405993998900243,0.06289348753988311
2022-02-16,v2_relative_alpha_calibrated_experts_sensitivity,risk_off,0.0,4.9798388026104385,4.9798388026104385,0.01,0.4921511765983419,0.0,0.0,0.0,0.0,['Risk_Off_Expert'],['Hard_Risk_Cap_Zero'],2021-12-31,oos_isotonic,1094.0,0.23405993998900243,0.06289348753988311
2022-02-17,v2_relative_alpha_calibrated_experts_sensitivity,risk_off,0.0,4.9798388026104385,4.9798388026104385,0.01,0.4921511765983419,0.0,0.0,0.0,0.0,['Risk_Off_Expert'],['Hard_Risk_Cap_Zero'],2021-12-31,oos_isotonic,1094.0,0.23405993998900243,0.06289348753988311
2022-02-18,v2_relative_alpha_calibrated_experts_sensitivity,risk_off,0.0,4.93648815582247,4.93648815582247,0.01,0.4921511765983419,0.0,0.0,0.0,0.0,['Risk_Off_Expert'],['Hard_Risk_Cap_Zero'],2021-12-31,oos_isotonic,1094.0,0.23405993998900243,0.06289348753988311
2022-02-22,v2_relative_alpha_calibrated_experts_sensitivity,risk_off,0.0,4.90624618760439,4.90624618760439,0.01,0.4921511765983419,0.0,0.0,0.0,0.0,['Risk_Off_Expert'],['Hard_Risk_Cap_Zero'],2021-12-31,oos_isotonic,1094.0,0.23405993998900243,0.06289348753988311
2022-02-23,v2_relative_alpha_calibrated_experts_sensitivity,risk_off,0.0,4.866281652424352,4.866281652424352,0.01,0.4921511765983419,0.0,0.0,0.0,0.0,['Risk_Off_Expert'],['Hard_Risk_Cap_Zero'],2021-12-31,oos_isotonic,1094.0,0.23405993998900243,0.06289348753988311
2022-02-24,v2_relative_alpha_calibrated_experts_sensitivity,risk_off,0.0,4.825547307264971,4.825547307264971,0.01,0.4921511765983419,0.0,0.0,0.0,0.0,['Risk_Off_Expert'],['Hard_Risk_Cap_Zero'],2021-12-31,oos_isotonic,1094.0,0.23405993998900243,0.06289348753988311
2022-02-25,v2_relative_alpha_calibrated_experts_sensitivity,risk_off,0.0,4.810100436200586,4.810100436200586,0.01,0.4921511765983419,0.0,0.0,0.0,0.0,['Risk_Off_Expert'],['Hard_Risk_Cap_Zero'],2021-12-31,oos_isotonic,1094.0,0.23405993998900243,0.06289348753988311
2022-02-28,v2_relative_alpha_calibrated_experts_sensitivity,risk_off,0.0,4.813258381019564,4.813258381019564,0.01,0.4921511765983419,0.0,0.0,0.0,0.0,['Risk_Off_Expert'],['Hard_Risk_Cap_Zero'],2021-12-31,oos_isotonic,1094.0,0.23405993998900243,0.06289348753988311
2022-03-01,v2_relative_alpha_calibrated_experts_sensitivity,risk_off,0.0,4.796645144354912,4.796645144354912,0.01,0.4823345853526414,0.0,0.0,0.0,0.0,['Risk_Off_Expert'],['Hard_Risk_Cap_Zero'],2022-01-28,oos_isotonic,1113.0,0.2341180984981799,0.07118805374720216
2022-03-02,v2_relative_alpha_calibrated_experts_sensitivity,risk_off,0.0,4.748902284920373,4.748902284920373,0.01,0.4823345853526414,0.0,0.0,0.0,0.0,['Risk_Off_Expert'],['Hard_Risk_Cap_Zero'],2022-01-28,oos_isotonic,1113.0,0.2341180984981799,0.07118805374720216
2022-03-03,v2_relative_alpha_calibrated_experts_sensitivity,risk_off,0.0,4.748902284920373,4.748902284920373,0.01,0.4823345853526414,0.0,0.0,0.0,0.0,['Risk_Off_Expert'],['Hard_Risk_Cap_Zero'],2022-01-28,oos_isotonic,1113.0,0.2341180984981799,0.07118805374720216
2022-03-04,v2_relative_alpha_calibrated_experts_sensitivity,risk_off,0.0,4.748902284920373,4.748902284920373,0.01,0.4823345853526414,0.0,0.0,0.0,0.0,['Risk_Off_Expert'],['Hard_Risk_Cap_Zero'],2022-01-28,oos_isotonic,1113.0,0.2341180984981799,0.07118805374720216
2022-03-07,v2_relative_alpha_calibrated_experts_sensitivity,risk_off,0.0,4.711514374502587,4.711514374502587,0.01,0.4823345853526414,0.0,0.0,0.0,0.0,['Risk_Off_Expert'],['Hard_Risk_Cap_Zero'],2022-01-28,oos_isotonic,1113.0,0.2341180984981799,0.07118805374720216
2022-03-08,v2_relative_alpha_calibrated_experts_sensitivity,risk_off,0.0,4.643180926483452,4.643180926483452,0.01,0.4823345853526414,0.0,0.0,0.0,0.0,['Risk_Off_Expert'],['Hard_Risk_Cap_Zero'],2022-01-28,oos_isotonic,1113.0,0.2341180984981799,0.07118805374720216
2022-03-09,v2_relative_alpha_calibrated_experts_sensitivity,risk_off,0.0,4.578477808659026,4.578477808659026,0.01,0.4823345853526414,0.0,0.0,0.0,0.0,['Risk_Off_Expert'],['Hard_Risk_Cap_Zero'],2022-01-28,oos_isotonic,1113.0,0.2341180984981799,0.07118805374720216
2022-03-10,v2_relative_alpha_calibrated_experts_sensitivity,risk_off,0.0,4.530076616493689,4.530076616493689,0.01,0.4823345853526414,0.0,0.0,0.0,0.0,['Risk_Off_Expert'],['Hard_Risk_Cap_Zero'],2022-01-28,oos_isotonic,1113.0,0.2341180984981799,0.07118805374720216
2022-03-11,v2_relative_alpha_calibrated_experts_sensitivity,risk_off,0.0,4.530076616493689,4.530076616493689,0.01,0.4823345853526414,0.0,0.0,0.0,0.0,['Risk_Off_Expert'],['Hard_Risk_Cap_Zero'],2022-01-28,oos_isotonic,1113.0,0.2341180984981799,0.07118805374720216
2022-03-14,v2_relative_alpha_calibrated_experts_sensitivity,risk_off,0.0,4.464442746068559,4.464442746068559,0.01,0.4823345853526414,0.0,0.0,0.0,0.0,['Risk_Off_Expert'],['Hard_Risk_Cap_Zero'],2022-01-28,oos_isotonic,1113.0,0.2341180984981799,0.07118805374720216
2022-03-15,v2_relative_alpha_calibrated_experts_sensitivity,risk_off,0.0,4.4078660707250945,4.4078660707250945,0.01,0.4823345853526414,0.0,0.0,0.0,0.0,['Risk_Off_Expert'],['Hard_Risk_Cap_Zero'],2022-01-28,oos_isotonic,1113.0,0.2341180984981799,0.07118805374720216
2022-03-16,v2_relative_alpha_calibrated_experts_sensitivity,risk_off,0.0,4.283874041241897,4.283874041241897,0.01,0.4823345853526414,0.0,0.0,0.0,0.0,['Risk_Off_Expert'],['Hard_Risk_Cap_Zero'],2022-01-28,oos_isotonic,1113.0,0.2341180984981799,0.07118805374720216
2022-03-17,v2_relative_alpha_calibrated_experts_sensitivity,risk_off,0.0,4.274916594078701,4.274916594078701,0.01,0.4823345853526414,0.0,0.0,0.0,0.0,['Risk_Off_Expert'],['Hard_Risk_Cap_Zero'],2022-01-28,oos_isotonic,1113.0,0.2341180984981799,0.07118805374720216
2022-03-18,v2_relative_alpha_calibrated_experts_sensitivity,risk_off,0.0,4.26862773754096,4.26862773754096,0.01,0.4823345853526414,0.0,0.0,0.0,0.0,['Risk_Off_Expert'],['Hard_Risk_Cap_Zero'],2022-01-28,oos_isotonic,1113.0,0.2341180984981799,0.07118805374720216
2022-03-21,v2_relative_alpha_calibrated_experts_sensitivity,risk_off,0.0,4.263433406171068,4.263433406171068,0.01,0.4823345853526414,0.0,0.0,0.0,0.0,['Risk_Off_Expert'],['Hard_Risk_Cap_Zero'],2022-01-28,oos_isotonic,1113.0,0.2341180984981799,0.07118805374720216
2022-03-22,v2_relative_alpha_calibrated_experts_sensitivity,risk_off,0.0,4.263091574175758,4.263091574175758,0.01,0.4823345853526414,0.0,0.0,0.0,0.0,['Risk_Off_Expert'],['Hard_Risk_Cap_Zero'],2022-01-28,oos_isotonic,1113.0,0.2341180984981799,0.07118805374720216
2022-03-23,v2_relative_alpha_calibrated_experts_sensitivity,risk_off,0.0,4.26476411146476,4.26476411146476,0.01,0.4823345853526414,0.0,0.0,0.0,0.0,['Risk_Off_Expert'],['Hard_Risk_Cap_Zero'],2022-01-28,oos_isotonic,1113.0,0.2341180984981799,0.07118805374720216
2022-03-24,v2_relative_alpha_calibrated_experts_sensitivity,risk_off,0.0,4.264375126492785,4.264375126492785,0.01,0.4823345853526414,0.0,0.0,0.0,0.0,['Risk_Off_Expert'],['Hard_Risk_Cap_Zero'],2022-01-28,oos_isotonic,1113.0,0.2341180984981799,0.07118805374720216
2022-03-25,v2_relative_alpha_calibrated_experts_sensitivity,risk_off,0.0,4.26444510593138,4.26444510593138,0.01,0.4823345853526414,0.0,0.0,0.0,0.0,['Risk_Off_Expert'],['Hard_Risk_Cap_Zero'],2022-01-28,oos_isotonic,1113.0,0.2341180984981799,0.07118805374720216
2022-03-28,v2_relative_alpha_calibrated_experts_sensitivity,risk_off,0.0,4.2671351176126056,4.2671351176126056,0.01,0.4823345853526414,0.0,0.0,0.0,0.0,['Risk_Off_Expert'],['Hard_Risk_Cap_Zero'],2022-01-28,oos_isotonic,1113.0,0.2341180984981799,0.07118805374720216
2022-03-29,v2_relative_alpha_calibrated_experts_sensitivity,risk_off,0.0,4.271674644201533,4.271674644201533,0.01,0.4823345853526414,0.0,0.0,0.0,0.0,['Risk_Off_Expert'],['Hard_Risk_Cap_Zero'],2022-01-28,oos_isotonic,1113.0,0.2341180984981799,0.07118805374720216
2022-03-30,v2_relative_alpha_calibrated_experts_sensitivity,risk_off,0.0,4.277654241730381,4.277654241730381,0.01,0.4823345853526414,0.0,0.0,0.0,0.0,['Risk_Off_Expert'],['Hard_Risk_Cap_Zero'],2022-01-28,oos_isotonic,1113.0,0.2341180984981799,0.07118805374720216
2022-03-31,v2_relative_alpha_calibrated_experts_sensitivity,risk_off,0.0,4.280896941826008,4.280896941826008,0.01,0.4823345853526414,0.0,0.0,0.0,0.0,['Risk_Off_Expert'],['Hard_Risk_Cap_Zero'],2022-01-28,oos_isotonic,1113.0,0.2341180984981799,0.07118805374720216
2022-04-01,v2_relative_alpha_calibrated_experts_sensitivity,risk_off,0.0,4.28253001312224,4.28253001312224,0.01,0.4556004905839532,0.0,0.0,0.0,0.0,['Risk_Off_Expert'],['Hard_Risk_Cap_Zero'],2022-03-03,oos_isotonic,1136.0,0.2381104844986118,0.06668072127029698
2022-04-04,v2_relative_alpha_calibrated_experts_sensitivity,risk_off,0.0,4.287671905293885,4.287671905293885,0.01,0.4556004905839532,0.0,0.0,0.0,0.0,['Risk_Off_Expert'],['Hard_Risk_Cap_Zero'],2022-03-03,oos_isotonic,1136.0,0.2381104844986118,0.06668072127029698
2022-04-05,v2_relative_alpha_calibrated_experts_sensitivity,risk_off,0.0,4.297003056853867,4.297003056853867,0.01,0.4556004905839532,0.0,0.0,0.0,0.0,['Risk_Off_Expert'],['Hard_Risk_Cap_Zero'],2022-03-03,oos_isotonic,1136.0,0.2381104844986118,0.06668072127029698
2022-04-06,v2_relative_alpha_calibrated_experts_sensitivity,risk_off,0.0,4.300252495383729,4.300252495383729,0.01,0.4556004905839532,0.0,0.0,0.0,0.0,['Risk_Off_Expert'],['Hard_Risk_Cap_Zero'],2022-03-03,oos_isotonic,1136.0,0.2381104844986118,0.06668072127029698
2022-04-07,v2_relative_alpha_calibrated_experts_sensitivity,risk_off,0.0,4.298639348884949,4.298639348884949,0.01,0.4556004905839532,0.0,0.0,0.0,0.0,['Risk_Off_Expert'],['Hard_Risk_Cap_Zero'],2022-03-03,oos_isotonic,1136.0,0.2381104844986118,0.06668072127029698
2022-04-08,v2_relative_alpha_calibrated_experts_sensitivity,risk_off,0.0,4.298515792409642,4.298515792409642,0.01,0.4556004905839532,0.0,0.0,0.0,0.0,['Risk_Off_Expert'],['Hard_Risk_Cap_Zero'],2022-03-03,oos_isotonic,1136.0,0.2381104844986118,0.06668072127029698
2022-04-11,v2_relative_alpha_calibrated_experts_sensitivity,risk_off,0.0,4.2977893744651015,4.2977893744651015,0.01,0.4556004905839532,0.0,0.0,0.0,0.0,['Risk_Off_Expert'],['Hard_Risk_Cap_Zero'],2022-03-03,oos_isotonic,1136.0,0.2381104844986118,0.06668072127029698
2022-04-12,v2_relative_alpha_calibrated_experts_sensitivity,risk_off,0.0,4.295552428107785,4.295552428107785,0.01,0.4556004905839532,0.0,0.0,0.0,0.0,['Risk_Off_Expert'],['Hard_Risk_Cap_Zero'],2022-03-03,oos_isotonic,1136.0,0.2381104844986118,0.06668072127029698
2022-04-13,v2_relative_alpha_calibrated_experts_sensitivity,risk_off,0.0,4.296211398500045,4.296211398500045,0.01,0.4556004905839532,0.0,0.0,0.0,0.0,['Risk_Off_Expert'],['Hard_Risk_Cap_Zero'],2022-03-03,oos_isotonic,1136.0,0.2381104844986118,0.06668072127029698
2022-04-14,v2_relative_alpha_calibrated_experts_sensitivity,risk_off,0.0,4.296024777565209,4.296024777565209,0.01,0.4556004905839532,0.0,0.0,0.0,0.0,['Risk_Off_Expert'],['Hard_Risk_Cap_Zero'],2022-03-03,oos_isotonic,1136.0,0.2381104844986118,0.06668072127029698
2022-04-18,v2_relative_alpha_calibrated_experts_sensitivity,risk_off,0.0,4.289171511401638,4.289171511401638,0.01,0.4556004905839532,0.0,0.0,0.0,0.0,['Risk_Off_Expert'],['Hard_Risk_Cap_Zero'],2022-03-03,oos_isotonic,1136.0,0.2381104844986118,0.06668072127029698
2022-04-19,v2_relative_alpha_calibrated_experts_sensitivity,risk_off,0.0,4.283007820679718,4.283007820679718,0.01,0.4556004905839532,0.0,0.0,0.0,0.0,['Risk_Off_Expert'],['Hard_Risk_Cap_Zero'],2022-03-03,oos_isotonic,1136.0,0.2381104844986118,0.06668072127029698
2022-04-20,v2_relative_alpha_calibrated_experts_sensitivity,risk_off,0.0,4.279960055144402,4.279960055144402,0.01,0.4556004905839532,0.0,0.0,0.0,0.0,['Risk_Off_Expert'],['Hard_Risk_Cap_Zero'],2022-03-03,oos_isotonic,1136.0,0.2381104844986118,0.06668072127029698
2022-04-21,v2_relative_alpha_calibrated_experts_sensitivity,risk_off,0.0,4.2718858146582255,4.2718858146582255,0.01,0.4556004905839532,0.0,0.0,0.0,0.0,['Risk_Off_Expert'],['Hard_Risk_Cap_Zero'],2022-03-03,oos_isotonic,1136.0,0.2381104844986118,0.06668072127029698
2022-04-22,v2_relative_alpha_calibrated_experts_sensitivity,risk_off,0.0,9.274213453723865,9.274213453723865,0.01,0.4556004905839532,0.0,0.0,0.0,0.0,['Risk_Off_Expert'],['Hard_Risk_Cap_Zero'],2022-03-03,oos_isotonic,1136.0,0.2381104844986118,0.06668072127029698
2022-04-25,v2_relative_alpha_calibrated_experts_sensitivity,risk_off,0.0,8.980637921829334,8.980637921829334,0.01,0.4556004905839532,0.0,0.0,0.0,0.0,['Risk_Off_Expert'],['Hard_Risk_Cap_Zero'],2022-03-03,oos_isotonic,1136.0,0.2381104844986118,0.06668072127029698
2022-04-26,v2_relative_alpha_calibrated_experts_sensitivity,risk_off,0.0,8.717684463184352,8.717684463184352,0.01,0.4556004905839532,0.0,0.0,0.0,0.0,['Risk_Off_Expert'],['Hard_Risk_Cap_Zero'],2022-03-03,oos_isotonic,1136.0,0.2381104844986118,0.06668072127029698
2022-04-27,v2_relative_alpha_calibrated_experts_sensitivity,risk_off,0.0,8.392488856139405,8.392488856139405,0.01,0.4556004905839532,0.0,0.0,0.0,0.0,['Risk_Off_Expert'],['Hard_Risk_Cap_Zero'],2022-03-03,oos_isotonic,1136.0,0.2381104844986118,0.06668072127029698
2022-04-28,v2_relative_alpha_calibrated_experts_sensitivity,risk_off,0.0,8.378482295837548,8.378482295837548,0.01,0.4556004905839532,0.0,0.0,0.0,0.0,['Risk_Off_Expert'],['Hard_Risk_Cap_Zero'],2022-03-03,oos_isotonic,1136.0,0.2381104844986118,0.06668072127029698
2022-04-29,v2_relative_alpha_calibrated_experts_sensitivity,risk_off,0.0,8.366268867042,8.366268867042,0.01,0.4556004905839532,0.0,0.0,0.0,0.0,['Risk_Off_Expert'],['Hard_Risk_Cap_Zero'],2022-03-03,oos_isotonic,1136.0,0.2381104844986118,0.06668072127029698
2022-05-02,v2_relative_alpha_calibrated_experts_sensitivity,risk_off,0.0,8.350468250786305,8.350468250786305,0.01,0.4736470416512832,0.0,0.0,0.0,0.0,['Risk_Off_Expert'],['Hard_Risk_Cap_Zero'],2022-03-31,oos_isotonic,1156.0,0.23636938650198755,0.05961955901778373
2022-05-03,v2_relative_alpha_calibrated_experts_sensitivity,risk_off,0.0,8.338957072890578,8.338957072890578,0.01,0.4736470416512832,0.0,0.0,0.0,0.0,['Risk_Off_Expert'],['Hard_Risk_Cap_Zero'],2022-03-31,oos_isotonic,1156.0,0.23636938650198755,0.05961955901778373
2022-05-04,v2_relative_alpha_calibrated_experts_sensitivity,risk_off,0.0,8.327833581570502,8.327833581570502,0.01,0.4736470416512832,0.0,0.0,0.0,0.0,['Risk_Off_Expert'],['Hard_Risk_Cap_Zero'],2022-03-31,oos_isotonic,1156.0,0.23636938650198755,0.05961955901778373
2022-05-05,v2_relative_alpha_calibrated_experts_sensitivity,risk_off,0.0,8.319794166589304,8.319794166589304,0.01,0.4736470416512832,0.0,0.0,0.0,0.0,['Risk_Off_Expert'],['Hard_Risk_Cap_Zero'],2022-03-31,oos_isotonic,1156.0,0.23636938650198755,0.05961955901778373
2022-05-06,v2_relative_alpha_calibrated_experts_sensitivity,risk_off,0.0,8.307878998674454,8.307878998674454,0.01,0.4736470416512832,0.0,0.0,0.0,0.0,['Risk_Off_Expert'],['Hard_Risk_Cap_Zero'],2022-03-31,oos_isotonic,1156.0,0.23636938650198755,0.05961955901778373
2022-05-09,v2_relative_alpha_calibrated_experts_sensitivity,risk_off,0.0,8.294306815944411,8.294306815944411,0.01,0.4736470416512832,0.0,0.0,0.0,0.0,['Risk_Off_Expert'],['Hard_Risk_Cap_Zero'],2022-03-31,oos_isotonic,1156.0,0.23636938650198755,0.05961955901778373
2022-05-10,v2_relative_alpha_calibrated_experts_sensitivity,risk_off,0.0,8.279972251048031,8.279972251048031,0.01,0.4736470416512832,0.0,0.0,0.0,0.0,['Risk_Off_Expert'],['Hard_Risk_Cap_Zero'],2022-03-31,oos_isotonic,1156.0,0.23636938650198755,0.05961955901778373
2022-05-11,v2_relative_alpha_calibrated_experts_sensitivity,risk_off,0.0,7.988840891944962,7.988840891944962,0.01,0.4736470416512832,0.0,0.0,0.0,0.0,['Risk_Off_Expert'],['Hard_Risk_Cap_Zero'],2022-03-31,oos_isotonic,1156.0,0.23636938650198755,0.05961955901778373
2022-05-12,v2_relative_alpha_calibrated_experts_sensitivity,risk_off,0.0,7.9764406589862435,7.9764406589862435,0.01,0.4736470416512832,0.0,0.0,0.0,0.0,['Risk_Off_Expert'],['Hard_Risk_Cap_Zero'],2022-03-31,oos_isotonic,1156.0,0.23636938650198755,0.05961955901778373
2022-05-13,v2_relative_alpha_calibrated_experts_sensitivity,risk_off,0.0,7.961194434118428,7.961194434118428,0.01,0.4736470416512832,0.0,0.0,0.0,0.0,['Risk_Off_Expert'],['Hard_Risk_Cap_Zero'],2022-03-31,oos_isotonic,1156.0,0.23636938650198755,0.05961955901778373
2022-05-16,v2_relative_alpha_calibrated_experts_sensitivity,risk_off,0.0,7.947689706668301,7.947689706668301,0.01,0.4736470416512832,0.0,0.0,0.0,0.0,['Risk_Off_Expert'],['Hard_Risk_Cap_Zero'],2022-03-31,oos_isotonic,1156.0,0.23636938650198755,0.05961955901778373
2022-05-17,v2_relative_alpha_calibrated_experts_sensitivity,risk_off,0.0,7.934002343999613,7.934002343999613,0.01,0.4736470416512832,0.0,0.0,0.0,0.0,['Risk_Off_Expert'],['Hard_Risk_Cap_Zero'],2022-03-31,oos_isotonic,1156.0,0.23636938650198755,0.05961955901778373
2022-05-18,v2_relative_alpha_calibrated_experts_sensitivity,risk_off,0.0,7.923063891626088,7.923063891626088,0.01,0.4736470416512832,0.0,0.0,0.0,0.0,['Risk_Off_Expert'],['Hard_Risk_Cap_Zero'],2022-03-31,oos_isotonic,1156.0,0.23636938650198755,0.05961955901778373
2022-05-19,v2_relative_alpha_calibrated_experts_sensitivity,risk_off,0.0,7.909802234076521,7.909802234076521,0.01,0.4736470416512832,0.0,0.0,0.0,0.0,['Risk_Off_Expert'],['Hard_Risk_Cap_Zero'],2022-03-31,oos_isotonic,1156.0,0.23636938650198755,0.05961955901778373
2022-05-20,v2_relative_alpha_calibrated_experts_sensitivity,risk_off,0.0,7.609898247062998,7.609898247062998,0.01,0.4736470416512832,0.0,0.0,0.0,0.0,['Risk_Off_Expert'],['Hard_Risk_Cap_Zero'],2022-03-31,oos_isotonic,1156.0,0.23636938650198755,0.05961955901778373
2022-05-23,v2_relative_alpha_calibrated_experts_sensitivity,risk_off,0.0,7.346450428420292,7.346450428420292,0.01,0.4736470416512832,0.0,0.0,0.0,0.0,['Risk_Off_Expert'],['Hard_Risk_Cap_Zero'],2022-03-31,oos_isotonic,1156.0,0.23636938650198755,0.05961955901778373
2022-05-24,v2_relative_alpha_calibrated_experts_sensitivity,risk_off,0.0,7.097895029775915,7.097895029775915,0.01,0.4736470416512832,0.0,0.0,0.0,0.0,['Risk_Off_Expert'],['Hard_Risk_Cap_Zero'],2022-03-31,oos_isotonic,1156.0,0.23636938650198755,0.05961955901778373
2022-05-25,v2_relative_alpha_calibrated_experts_sensitivity,risk_off,0.0,6.877955664889475,6.877955664889475,0.01,0.4736470416512832,0.0,0.0,0.0,0.0,['Risk_Off_Expert'],['Hard_Risk_Cap_Zero'],2022-03-31,oos_isotonic,1156.0,0.23636938650198755,0.05961955901778373
2022-05-26,v2_relative_alpha_calibrated_experts_sensitivity,risk_off,0.0,6.68455059448962,6.68455059448962,0.01,0.4736470416512832,0.0,0.0,0.0,0.0,['Risk_Off_Expert'],['Hard_Risk_Cap_Zero'],2022-03-31,oos_isotonic,1156.0,0.23636938650198755,0.05961955901778373
2022-05-27,v2_relative_alpha_calibrated_experts_sensitivity,risk_off,0.0,6.490788468571976,6.490788468571976,0.01,0.4736470416512832,0.0,0.0,0.0,0.0,['Risk_Off_Expert'],['Hard_Risk_Cap_Zero'],2022-03-31,oos_isotonic,1156.0,0.23636938650198755,0.05961955901778373
2022-05-31,v2_relative_alpha_calibrated_experts_sensitivity,risk_off,0.0,6.393881368121868,6.393881368121868,0.01,0.4736470416512832,0.0,0.0,0.0,0.0,['Risk_Off_Expert'],['Hard_Risk_Cap_Zero'],2022-03-31,oos_isotonic,1156.0,0.23636938650198755,0.05961955901778373
2022-06-01,v2_relative_alpha_calibrated_experts_sensitivity,risk_off,0.0,6.278837847631308,6.278837847631308,0.01,0.4246864974830804,0.0,0.0,0.0,0.0,['Risk_Off_Expert'],['Hard_Risk_Cap_Zero'],2022-05-02,oos_isotonic,1177.0,0.2388781166987105,0.060827938701549775
2022-06-02,v2_relative_alpha_calibrated_experts_sensitivity,risk_off,0.0,6.159497024527474,6.159497024527474,0.01,0.4246864974830804,0.0,0.0,0.0,0.0,['Risk_Off_Expert'],['Hard_Risk_Cap_Zero'],2022-05-02,oos_isotonic,1177.0,0.2388781166987105,0.060827938701549775
2022-06-03,v2_relative_alpha_calibrated_experts_sensitivity,risk_off,0.0,6.03837792621077,6.03837792621077,0.01,0.4246864974830804,0.0,0.0,0.0,0.0,['Risk_Off_Expert'],['Hard_Risk_Cap_Zero'],2022-05-02,oos_isotonic,1177.0,0.2388781166987105,0.060827938701549775
2022-06-06,v2_relative_alpha_calibrated_experts_sensitivity,risk_off,0.0,5.9439159675897555,5.9439159675897555,0.01,0.4246864974830804,0.0,0.0,0.0,0.0,['Risk_Off_Expert'],['Hard_Risk_Cap_Zero'],2022-05-02,oos_isotonic,1177.0,0.2388781166987105,0.060827938701549775
2022-06-07,v2_relative_alpha_calibrated_experts_sensitivity,risk_off,0.0,5.869537343978848,5.869537343978848,0.01,0.4246864974830804,0.0,0.0,0.0,0.0,['Risk_Off_Expert'],['Hard_Risk_Cap_Zero'],2022-05-02,oos_isotonic,1177.0,0.2388781166987105,0.060827938701549775
2022-06-08,v2_relative_alpha_calibrated_experts_sensitivity,risk_off,0.0,5.84960534652939,5.84960534652939,0.01,0.4246864974830804,0.0,0.0,0.0,0.0,['Risk_Off_Expert'],['Hard_Risk_Cap_Zero'],2022-05-02,oos_isotonic,1177.0,0.2388781166987105,0.060827938701549775
2022-06-09,v2_relative_alpha_calibrated_experts_sensitivity,risk_off,0.0,5.808225887892899,5.808225887892899,0.01,0.4246864974830804,0.0,0.0,0.0,0.0,['Risk_Off_Expert'],['Hard_Risk_Cap_Zero'],2022-05-02,oos_isotonic,1177.0,0.2388781166987105,0.060827938701549775
2022-06-10,v2_relative_alpha_calibrated_experts_sensitivity,risk_off,0.0,5.769573260432473,5.769573260432473,0.01,0.4246864974830804,0.0,0.0,0.0,0.0,['Risk_Off_Expert'],['Hard_Risk_Cap_Zero'],2022-05-02,oos_isotonic,1177.0,0.2388781166987105,0.060827938701549775
2022-06-13,v2_relative_alpha_calibrated_experts_sensitivity,risk_off,0.0,5.692800182883127,5.692800182883127,0.01,0.4246864974830804,0.0,0.0,0.0,0.0,['Risk_Off_Expert'],['Hard_Risk_Cap_Zero'],2022-05-02,oos_isotonic,1177.0,0.2388781166987105,0.060827938701549775
2022-06-14,v2_relative_alpha_calibrated_experts_sensitivity,risk_off,0.0,5.535623209424219,5.535623209424219,0.01,0.4246864974830804,0.0,0.0,0.0,0.0,['Risk_Off_Expert'],['Hard_Risk_Cap_Zero'],2022-05-02,oos_isotonic,1177.0,0.2388781166987105,0.060827938701549775
2022-06-15,v2_relative_alpha_calibrated_experts_sensitivity,risk_off,0.0,5.396798522398839,5.396798522398839,0.01,0.4246864974830804,0.0,0.0,0.0,0.0,['Risk_Off_Expert'],['Hard_Risk_Cap_Zero'],2022-05-02,oos_isotonic,1177.0,0.2388781166987105,0.060827938701549775
2022-06-16,v2_relative_alpha_calibrated_experts_sensitivity,risk_off,0.0,5.26032417356221,5.26032417356221,0.01,0.4246864974830804,0.0,0.0,0.0,0.0,['Risk_Off_Expert'],['Hard_Risk_Cap_Zero'],2022-05-02,oos_isotonic,1177.0,0.2388781166987105,0.060827938701549775
2022-06-17,v2_relative_alpha_calibrated_experts_sensitivity,risk_off,0.0,5.13408297376655,5.13408297376655,0.01,0.4246864974830804,0.0,0.0,0.0,0.0,['Risk_Off_Expert'],['Hard_Risk_Cap_Zero'],2022-05-02,oos_isotonic,1177.0,0.2388781166987105,0.060827938701549775
2022-06-21,v2_relative_alpha_calibrated_experts_sensitivity,risk_off,0.0,13.286611379540458,13.286611379540458,0.01,0.4246864974830804,0.0,0.0,0.0,0.0,['Risk_Off_Expert'],['Hard_Risk_Cap_Zero'],2022-05-02,oos_isotonic,1177.0,0.2388781166987105,0.060827938701549775
2022-06-22,v2_relative_alpha_calibrated_experts_sensitivity,risk_off,0.0,12.669835293559084,12.669835293559084,0.01,0.4246864974830804,0.0,0.0,0.0,0.0,['Risk_Off_Expert'],['Hard_Risk_Cap_Zero'],2022-05-02,oos_isotonic,1177.0,0.2388781166987105,0.060827938701549775
2022-06-23,v2_relative_alpha_calibrated_experts_sensitivity,risk_off,0.0,12.064896952302767,12.064896952302767,0.01,0.4246864974830804,0.0,0.0,0.0,0.0,['Risk_Off_Expert'],['Hard_Risk_Cap_Zero'],2022-05-02,oos_isotonic,1177.0,0.2388781166987105,0.060827938701549775
2022-06-24,v2_relative_alpha_calibrated_experts_sensitivity,risk_off,0.0,11.517589328253669,11.517589328253669,0.01,0.4246864974830804,0.0,0.0,0.0,0.0,['Risk_Off_Expert'],['Hard_Risk_Cap_Zero'],2022-05-02,oos_isotonic,1177.0,0.2388781166987105,0.060827938701549775
2022-06-27,v2_relative_alpha_calibrated_experts_sensitivity,risk_off,0.0,11.493151191175006,11.493151191175006,0.01,0.4246864974830804,0.0,0.0,0.0,0.0,['Risk_Off_Expert'],['Hard_Risk_Cap_Zero'],2022-05-02,oos_isotonic,1177.0,0.2388781166987105,0.060827938701549775
2022-06-28,v2_relative_alpha_calibrated_experts_sensitivity,risk_off,0.0,11.43941644526492,11.43941644526492,0.01,0.4246864974830804,0.0,0.0,0.0,0.0,['Risk_Off_Expert'],['Hard_Risk_Cap_Zero'],2022-05-02,oos_isotonic,1177.0,0.2388781166987105,0.060827938701549775
2022-06-29,v2_relative_alpha_calibrated_experts_sensitivity,risk_off,0.0,11.336200442667579,11.336200442667579,0.01,0.4246864974830804,0.0,0.0,0.0,0.0,['Risk_Off_Expert'],['Hard_Risk_Cap_Zero'],2022-05-02,oos_isotonic,1177.0,0.2388781166987105,0.060827938701549775
2022-06-30,v2_relative_alpha_calibrated_experts_sensitivity,risk_off,0.0,11.23889273445619,11.23889273445619,0.01,0.4246864974830804,0.0,0.0,0.0,0.0,['Risk_Off_Expert'],['Hard_Risk_Cap_Zero'],2022-05-02,oos_isotonic,1177.0,0.2388781166987105,0.060827938701549775
2022-07-01,v2_relative_alpha_calibrated_experts_sensitivity,risk_off,0.0,11.140275364997441,11.140275364997441,0.01,0.42744695408667155,0.0,0.0,0.0,0.0,['Risk_Off_Expert'],['Hard_Risk_Cap_Zero'],2022-06-01,oos_isotonic,1198.0,0.2363279519022925,0.04817398763735425
2022-07-05,v2_relative_alpha_calibrated_experts_sensitivity,risk_off,0.0,11.029129546863418,11.029129546863418,0.01,0.42744695408667155,0.0,0.0,0.0,0.0,['Risk_Off_Expert'],['Hard_Risk_Cap_Zero'],2022-06-01,oos_isotonic,1198.0,0.2363279519022925,0.04817398763735425
2022-07-06,v2_relative_alpha_calibrated_experts_sensitivity,risk_off,0.0,10.952980138896528,10.952980138896528,0.01,0.42744695408667155,0.0,0.0,0.0,0.0,['Risk_Off_Expert'],['Hard_Risk_Cap_Zero'],2022-06-01,oos_isotonic,1198.0,0.2363279519022925,0.04817398763735425
2022-07-07,v2_relative_alpha_calibrated_experts_sensitivity,risk_off,0.0,10.88106876156952,10.88106876156952,0.01,0.42744695408667155,0.0,0.0,0.0,0.0,['Risk_Off_Expert'],['Hard_Risk_Cap_Zero'],2022-06-01,oos_isotonic,1198.0,0.2363279519022925,0.04817398763735425
2022-07-08,v2_relative_alpha_calibrated_experts_sensitivity,risk_off,0.0,10.820213704613721,10.820213704613721,0.01,0.42744695408667155,0.0,0.0,0.0,0.0,['Risk_Off_Expert'],['Hard_Risk_Cap_Zero'],2022-06-01,oos_isotonic,1198.0,0.2363279519022925,0.04817398763735425
2022-07-11,v2_relative_alpha_calibrated_experts_sensitivity,risk_off,0.0,10.393538850372364,10.393538850372364,0.01,0.42744695408667155,0.0,0.0,0.0,0.0,['Risk_Off_Expert'],['Hard_Risk_Cap_Zero'],2022-06-01,oos_isotonic,1198.0,0.2363279519022925,0.04817398763735425
2022-07-12,v2_relative_alpha_calibrated_experts_sensitivity,risk_off,0.0,10.345983385372461,10.345983385372461,0.01,0.42744695408667155,0.0,0.0,0.0,0.0,['Risk_Off_Expert'],['Hard_Risk_Cap_Zero'],2022-06-01,oos_isotonic,1198.0,0.2363279519022925,0.04817398763735425
2022-07-13,v2_relative_alpha_calibrated_experts_sensitivity,risk_off,0.0,10.318851799005706,10.318851799005706,0.01,0.42744695408667155,0.0,0.0,0.0,0.0,['Risk_Off_Expert'],['Hard_Risk_Cap_Zero'],2022-06-01,oos_isotonic,1198.0,0.2363279519022925,0.04817398763735425
2022-07-14,v2_relative_alpha_calibrated_experts_sensitivity,risk_off,0.0,10.326513684662112,10.326513684662112,0.01,0.42744695408667155,0.0,0.0,0.0,0.0,['Risk_Off_Expert'],['Hard_Risk_Cap_Zero'],2022-06-01,oos_isotonic,1198.0,0.2363279519022925,0.04817398763735425
2022-07-15,v2_relative_alpha_calibrated_experts_sensitivity,risk_off,0.0,10.335398159345537,10.335398159345537,0.01,0.42744695408667155,0.0,0.0,0.0,0.0,['Risk_Off_Expert'],['Hard_Risk_Cap_Zero'],2022-06-01,oos_isotonic,1198.0,0.2363279519022925,0.04817398763735425
2022-07-18,v2_relative_alpha_calibrated_experts_sensitivity,risk_off,0.0,10.339135654538595,10.339135654538595,0.01,0.42744695408667155,0.0,0.0,0.0,0.0,['Risk_Off_Expert'],['Hard_Risk_Cap_Zero'],2022-06-01,oos_isotonic,1198.0,0.2363279519022925,0.04817398763735425
2022-07-19,v2_relative_alpha_calibrated_experts_sensitivity,risk_off,0.0,10.367044906524397,10.367044906524397,0.01,0.42744695408667155,0.0,0.0,0.0,0.0,['Risk_Off_Expert'],['Hard_Risk_Cap_Zero'],2022-06-01,oos_isotonic,1198.0,0.2363279519022925,0.04817398763735425
2022-07-20,v2_relative_alpha_calibrated_experts_sensitivity,risk_off,0.0,2.9917323248871237,2.9917323248871237,0.01,0.42744695408667155,0.0,0.0,0.0,0.0,['Risk_Off_Expert'],['Hard_Risk_Cap_Zero'],2022-06-01,oos_isotonic,1198.0,0.2363279519022925,0.04817398763735425
2022-07-21,v2_relative_alpha_calibrated_experts_sensitivity,risk_off,0.0,2.984365217226902,2.984365217226902,0.01,0.42744695408667155,0.0,0.0,0.0,0.0,['Risk_Off_Expert'],['Hard_Risk_Cap_Zero'],2022-06-01,oos_isotonic,1198.0,0.2363279519022925,0.04817398763735425
2022-07-22,v2_relative_alpha_calibrated_experts_sensitivity,risk_off,0.0,2.97869361475108,2.97869361475108,0.01,0.42744695408667155,0.0,0.0,0.0,0.0,['Risk_Off_Expert'],['Hard_Risk_Cap_Zero'],2022-06-01,oos_isotonic,1198.0,0.2363279519022925,0.04817398763735425
2022-07-25,v2_relative_alpha_calibrated_experts_sensitivity,risk_off,0.0,2.9701136197916753,2.9701136197916753,0.01,0.42744695408667155,0.0,0.0,0.0,0.0,['Risk_Off_Expert'],['Hard_Risk_Cap_Zero'],2022-06-01,oos_isotonic,1198.0,0.2363279519022925,0.04817398763735425
2022-07-26,v2_relative_alpha_calibrated_experts_sensitivity,risk_off,0.0,9.221332206669299,9.221332206669299,0.01,0.42744695408667155,0.0,0.0,0.0,0.0,['Risk_Off_Expert'],['Hard_Risk_Cap_Zero'],2022-06-01,oos_isotonic,1198.0,0.2363279519022925,0.04817398763735425
2022-07-27,v2_relative_alpha_calibrated_experts_sensitivity,risk_off,0.0,2.9426397179002555,2.9426397179002555,0.01,0.42744695408667155,0.0,0.0,0.0,0.0,['Risk_Off_Expert'],['Hard_Risk_Cap_Zero'],2022-06-01,oos_isotonic,1198.0,0.2363279519022925,0.04817398763735425
2022-07-28,v2_relative_alpha_calibrated_experts_sensitivity,risk_off,0.0,2.937546183533114,2.937546183533114,0.01,0.42744695408667155,0.0,0.0,0.0,0.0,['Risk_Off_Expert'],['Hard_Risk_Cap_Zero'],2022-06-01,oos_isotonic,1198.0,0.2363279519022925,0.04817398763735425
2022-07-29,v2_relative_alpha_calibrated_experts_sensitivity,risk_off,0.0,2.932969888462626,2.932969888462626,0.01,0.42744695408667155,0.0,0.0,0.0,0.0,['Risk_Off_Expert'],['Hard_Risk_Cap_Zero'],2022-06-01,oos_isotonic,1198.0,0.2363279519022925,0.04817398763735425
2022-08-01,v2_relative_alpha_calibrated_experts_sensitivity,risk_off,0.0,2.9312858641099697,2.9312858641099697,0.01,0.4085435073093876,0.0,0.0,0.0,0.0,['Risk_Off_Expert'],['Hard_Risk_Cap_Zero'],2022-06-30,oos_isotonic,1218.0,0.23548880896051805,0.03928769379616197
2022-08-02,v2_relative_alpha_calibrated_experts_sensitivity,risk_off,0.0,2.927792641367889,2.927792641367889,0.01,0.4085435073093876,0.0,0.0,0.0,0.0,['Risk_Off_Expert'],['Hard_Risk_Cap_Zero'],2022-06-30,oos_isotonic,1218.0,0.23548880896051805,0.03928769379616197
2022-08-03,v2_relative_alpha_calibrated_experts_sensitivity,risk_off,0.0,2.9269417969953153,2.9269417969953153,0.01,0.4085435073093876,0.0,0.0,0.0,0.0,['Risk_Off_Expert'],['Hard_Risk_Cap_Zero'],2022-06-30,oos_isotonic,1218.0,0.23548880896051805,0.03928769379616197
2022-08-04,v2_relative_alpha_calibrated_experts_sensitivity,risk_off,0.0,2.929448483219517,2.929448483219517,0.01,0.4085435073093876,0.0,0.0,0.0,0.0,['Risk_Off_Expert'],['Hard_Risk_Cap_Zero'],2022-06-30,oos_isotonic,1218.0,0.23548880896051805,0.03928769379616197
2022-08-05,v2_relative_alpha_calibrated_experts_sensitivity,risk_off,0.0,2.933010933011394,2.933010933011394,0.01,0.4085435073093876,0.0,0.0,0.0,0.0,['Risk_Off_Expert'],['Hard_Risk_Cap_Zero'],2022-06-30,oos_isotonic,1218.0,0.23548880896051805,0.03928769379616197
2022-08-08,v2_relative_alpha_calibrated_experts_sensitivity,risk_off,0.0,2.9371494257262176,2.9371494257262176,0.01,0.4085435073093876,0.0,0.0,0.0,0.0,['Risk_Off_Expert'],['Hard_Risk_Cap_Zero'],2022-06-30,oos_isotonic,1218.0,0.23548880896051805,0.03928769379616197
2022-08-09,v2_relative_alpha_calibrated_experts_sensitivity,risk_off,0.0,2.9434157324305805,2.9434157324305805,0.01,0.4085435073093876,0.0,0.0,0.0,0.0,['Risk_Off_Expert'],['Hard_Risk_Cap_Zero'],2022-06-30,oos_isotonic,1218.0,0.23548880896051805,0.03928769379616197
2022-08-10,v2_relative_alpha_calibrated_experts_sensitivity,risk_off,0.0,2.948904818355384,2.948904818355384,0.01,0.4085435073093876,0.0,0.0,0.0,0.0,['Risk_Off_Expert'],['Hard_Risk_Cap_Zero'],2022-06-30,oos_isotonic,1218.0,0.23548880896051805,0.03928769379616197
2022-08-11,v2_relative_alpha_calibrated_experts_sensitivity,risk_off,0.0,2.9563802430155786,2.9563802430155786,0.01,0.4085435073093876,0.0,0.0,0.0,0.0,['Risk_Off_Expert'],['Hard_Risk_Cap_Zero'],2022-06-30,oos_isotonic,1218.0,0.23548880896051805,0.03928769379616197
2022-08-12,v2_relative_alpha_calibrated_experts_sensitivity,risk_off,0.0,2.9634624799674945,2.9634624799674945,0.01,0.4085435073093876,0.0,0.0,0.0,0.0,['Risk_Off_Expert'],['Hard_Risk_Cap_Zero'],2022-06-30,oos_isotonic,1218.0,0.23548880896051805,0.03928769379616197
2022-08-15,v2_relative_alpha_calibrated_experts_sensitivity,risk_off,0.0,2.970807191992312,2.970807191992312,0.01,0.4085435073093876,0.0,0.0,0.0,0.0,['Risk_Off_Expert'],['Hard_Risk_Cap_Zero'],2022-06-30,oos_isotonic,1218.0,0.23548880896051805,0.03928769379616197
2022-08-16,v2_relative_alpha_calibrated_experts_sensitivity,risk_off,0.0,2.982928537686923,2.982928537686923,0.01,0.4085435073093876,0.0,0.0,0.0,0.0,['Risk_Off_Expert'],['Hard_Risk_Cap_Zero'],2022-06-30,oos_isotonic,1218.0,0.23548880896051805,0.03928769379616197
2022-08-17,v2_relative_alpha_calibrated_experts_sensitivity,risk_off,0.0,2.991276778347827,2.991276778347827,0.01,0.4085435073093876,0.0,0.0,0.0,0.0,['Risk_Off_Expert'],['Hard_Risk_Cap_Zero'],2022-06-30,oos_isotonic,1218.0,0.23548880896051805,0.03928769379616197
2022-08-18,v2_relative_alpha_calibrated_experts_sensitivity,risk_off,0.0,2.9954471899587922,2.9954471899587922,0.01,0.4085435073093876,0.0,0.0,0.0,0.0,['Risk_Off_Expert'],['Hard_Risk_Cap_Zero'],2022-06-30,oos_isotonic,1218.0,0.23548880896051805,0.03928769379616197
2022-08-19,v2_relative_alpha_calibrated_experts_sensitivity,risk_off,0.0,2.998701997384767,2.998701997384767,0.01,0.4085435073093876,0.0,0.0,0.0,0.0,['Risk_Off_Expert'],['Hard_Risk_Cap_Zero'],2022-06-30,oos_isotonic,1218.0,0.23548880896051805,0.03928769379616197
2022-08-22,v2_relative_alpha_calibrated_experts_sensitivity,risk_off,0.0,3.000802686138162,3.000802686138162,0.01,0.4085435073093876,0.0,0.0,0.0,0.0,['Risk_Off_Expert'],['Hard_Risk_Cap_Zero'],2022-06-30,oos_isotonic,1218.0,0.23548880896051805,0.03928769379616197
2022-08-23,v2_relative_alpha_calibrated_experts_sensitivity,risk_off,0.0,3.000478232797817,3.000478232797817,0.01,0.4085435073093876,0.0,0.0,0.0,0.0,['Risk_Off_Expert'],['Hard_Risk_Cap_Zero'],2022-06-30,oos_isotonic,1218.0,0.23548880896051805,0.03928769379616197
2022-08-24,v2_relative_alpha_calibrated_experts_sensitivity,risk_off,0.0,4.690887463855859,4.690887463855859,0.01,0.4085435073093876,0.0,0.0,0.0,0.0,['Risk_Off_Expert'],['Hard_Risk_Cap_Zero'],2022-06-30,oos_isotonic,1218.0,0.23548880896051805,0.03928769379616197
2022-08-25,v2_relative_alpha_calibrated_experts_sensitivity,risk_off,0.0,2.9942994207165445,2.9942994207165445,0.01,0.4085435073093876,0.0,0.0,0.0,0.0,['Risk_Off_Expert'],['Hard_Risk_Cap_Zero'],2022-06-30,oos_isotonic,1218.0,0.23548880896051805,0.03928769379616197
2022-08-26,v2_relative_alpha_calibrated_experts_sensitivity,risk_off,0.0,2.993835101617872,2.993835101617872,0.01,0.4085435073093876,0.0,0.0,0.0,0.0,['Risk_Off_Expert'],['Hard_Risk_Cap_Zero'],2022-06-30,oos_isotonic,1218.0,0.23548880896051805,0.03928769379616197
2022-08-29,v2_relative_alpha_calibrated_experts_sensitivity,risk_off,0.0,2.9892800891408666,2.9892800891408666,0.01,0.4085435073093876,0.0,0.0,0.0,0.0,['Risk_Off_Expert'],['Hard_Risk_Cap_Zero'],2022-06-30,oos_isotonic,1218.0,0.23548880896051805,0.03928769379616197
2022-08-30,v2_relative_alpha_calibrated_experts_sensitivity,risk_off,0.0,8.346328801616867,8.346328801616867,0.01,0.4085435073093876,0.0,0.0,0.0,0.0,['Risk_Off_Expert'],['Hard_Risk_Cap_Zero'],2022-06-30,oos_isotonic,1218.0,0.23548880896051805,0.03928769379616197
2022-08-31,v2_relative_alpha_calibrated_experts_sensitivity,risk_off,0.0,8.25328031176163,8.25328031176163,0.01,0.4085435073093876,0.0,0.0,0.0,0.0,['Risk_Off_Expert'],['Hard_Risk_Cap_Zero'],2022-06-30,oos_isotonic,1218.0,0.23548880896051805,0.03928769379616197
2022-09-01,v2_relative_alpha_calibrated_experts_sensitivity,risk_off,0.0,8.156018897123799,8.156018897123799,0.01,0.42930310621096257,0.0,0.0,0.0,0.0,['Risk_Off_Expert'],['Hard_Risk_Cap_Zero'],2022-08-03,oos_isotonic,1241.0,0.23521616129198683,0.02711836466200566
2022-09-02,v2_relative_alpha_calibrated_experts_sensitivity,risk_off,0.0,8.055498080275678,8.055498080275678,0.01,0.42930310621096257,0.0,0.0,0.0,0.0,['Risk_Off_Expert'],['Hard_Risk_Cap_Zero'],2022-08-03,oos_isotonic,1241.0,0.23521616129198683,0.02711836466200566
2022-09-06,v2_relative_alpha_calibrated_experts_sensitivity,risk_off,0.0,7.9522509375101285,7.9522509375101285,0.01,0.42930310621096257,0.0,0.0,0.0,0.0,['Risk_Off_Expert'],['Hard_Risk_Cap_Zero'],2022-08-03,oos_isotonic,1241.0,0.23521616129198683,0.02711836466200566
2022-09-07,v2_relative_alpha_calibrated_experts_sensitivity,risk_off,0.0,1.2180121040628975,1.2180121040628975,0.01,0.42930310621096257,0.0,0.0,0.0,0.0,['Risk_Off_Expert'],['Hard_Risk_Cap_Zero'],2022-08-03,oos_isotonic,1241.0,0.23521616129198683,0.02711836466200566
2022-09-08,v2_relative_alpha_calibrated_experts_sensitivity,risk_off,0.0,1.2180121040628975,1.2180121040628975,0.01,0.42930310621096257,0.0,0.0,0.0,0.0,['Risk_Off_Expert'],['Hard_Risk_Cap_Zero'],2022-08-03,oos_isotonic,1241.0,0.23521616129198683,0.02711836466200566
2022-09-09,v2_relative_alpha_calibrated_experts_sensitivity,risk_off,0.0,4.690887463855859,4.690887463855859,0.01,0.42930310621096257,0.0,0.0,0.0,0.0,['Risk_Off_Expert'],['Hard_Risk_Cap_Zero'],2022-08-03,oos_isotonic,1241.0,0.23521616129198683,0.02711836466200566
2022-09-12,v2_relative_alpha_calibrated_experts_sensitivity,risk_off,0.0,4.690887463855859,4.690887463855859,0.01,0.42930310621096257,0.0,0.0,0.0,0.0,['Risk_Off_Expert'],['Hard_Risk_Cap_Zero'],2022-08-03,oos_isotonic,1241.0,0.23521616129198683,0.02711836466200566
2022-09-13,v2_relative_alpha_calibrated_experts_sensitivity,risk_off,0.0,1.2180121040628975,1.2180121040628975,0.01,0.42930310621096257,0.0,0.0,0.0,0.0,['Risk_Off_Expert'],['Hard_Risk_Cap_Zero'],2022-08-03,oos_isotonic,1241.0,0.23521616129198683,0.02711836466200566
2022-09-14,v2_relative_alpha_calibrated_experts_sensitivity,risk_off,0.0,1.2180121040628975,1.2180121040628975,0.01,0.42930310621096257,0.0,0.0,0.0,0.0,['Risk_Off_Expert'],['Hard_Risk_Cap_Zero'],2022-08-03,oos_isotonic,1241.0,0.23521616129198683,0.02711836466200566
2022-09-15,v2_relative_alpha_calibrated_experts_sensitivity,risk_off,0.0,1.2180121040628975,1.2180121040628975,0.01,0.42930310621096257,0.0,0.0,0.0,0.0,['Risk_Off_Expert'],['Hard_Risk_Cap_Zero'],2022-08-03,oos_isotonic,1241.0,0.23521616129198683,0.02711836466200566
2022-09-16,v2_relative_alpha_calibrated_experts_sensitivity,risk_off,0.0,1.2180121040628975,1.2180121040628975,0.01,0.42930310621096257,0.0,0.0,0.0,0.0,['Risk_Off_Expert'],['Hard_Risk_Cap_Zero'],2022-08-03,oos_isotonic,1241.0,0.23521616129198683,0.02711836466200566
2022-09-19,v2_relative_alpha_calibrated_experts_sensitivity,risk_off,0.0,1.2180121040628975,1.2180121040628975,0.01,0.42930310621096257,0.0,0.0,0.0,0.0,['Risk_Off_Expert'],['Hard_Risk_Cap_Zero'],2022-08-03,oos_isotonic,1241.0,0.23521616129198683,0.02711836466200566
2022-09-20,v2_relative_alpha_calibrated_experts_sensitivity,risk_off,0.0,1.2180121040628975,1.2180121040628975,0.01,0.42930310621096257,0.0,0.0,0.0,0.0,['Risk_Off_Expert'],['Hard_Risk_Cap_Zero'],2022-08-03,oos_isotonic,1241.0,0.23521616129198683,0.02711836466200566
2022-09-21,v2_relative_alpha_calibrated_experts_sensitivity,risk_off,0.0,1.2180121040628975,1.2180121040628975,0.01,0.42930310621096257,0.0,0.0,0.0,0.0,['Risk_Off_Expert'],['Hard_Risk_Cap_Zero'],2022-08-03,oos_isotonic,1241.0,0.23521616129198683,0.02711836466200566
2022-09-22,v2_relative_alpha_calibrated_experts_sensitivity,risk_off,0.0,1.2180121040628975,1.2180121040628975,0.01,0.42930310621096257,0.0,0.0,0.0,0.0,['Risk_Off_Expert'],['Hard_Risk_Cap_Zero'],2022-08-03,oos_isotonic,1241.0,0.23521616129198683,0.02711836466200566
2022-09-23,v2_relative_alpha_calibrated_experts_sensitivity,risk_off,0.0,1.2180121040628975,1.2180121040628975,0.01,0.42930310621096257,0.0,0.0,0.0,0.0,['Risk_Off_Expert'],['Hard_Risk_Cap_Zero'],2022-08-03,oos_isotonic,1241.0,0.23521616129198683,0.02711836466200566
2022-09-26,v2_relative_alpha_calibrated_experts_sensitivity,risk_off,0.0,1.2180121040628975,1.2180121040628975,0.01,0.42930310621096257,0.0,0.0,0.0,0.0,['Risk_Off_Expert'],['Hard_Risk_Cap_Zero'],2022-08-03,oos_isotonic,1241.0,0.23521616129198683,0.02711836466200566
2022-09-27,v2_relative_alpha_calibrated_experts_sensitivity,risk_off,0.0,1.2180121040628975,1.2180121040628975,0.01,0.42930310621096257,0.0,0.0,0.0,0.0,['Risk_Off_Expert'],['Hard_Risk_Cap_Zero'],2022-08-03,oos_isotonic,1241.0,0.23521616129198683,0.02711836466200566
2022-09-28,v2_relative_alpha_calibrated_experts_sensitivity,risk_off,0.0,1.2180121040628975,1.2180121040628975,0.01,0.42930310621096257,0.0,0.0,0.0,0.0,['Risk_Off_Expert'],['Hard_Risk_Cap_Zero'],2022-08-03,oos_isotonic,1241.0,0.23521616129198683,0.02711836466200566
2022-09-29,v2_relative_alpha_calibrated_experts_sensitivity,risk_off,0.0,1.2180121040628975,1.2180121040628975,0.01,0.42930310621096257,0.0,0.0,0.0,0.0,['Risk_Off_Expert'],['Hard_Risk_Cap_Zero'],2022-08-03,oos_isotonic,1241.0,0.23521616129198683,0.02711836466200566
2022-09-30,v2_relative_alpha_calibrated_experts_sensitivity,risk_off,0.0,1.2180121040628975,1.2180121040628975,0.01,0.42930310621096257,0.0,0.0,0.0,0.0,['Risk_Off_Expert'],['Hard_Risk_Cap_Zero'],2022-08-03,oos_isotonic,1241.0,0.23521616129198683,0.02711836466200566
2022-10-03,v2_relative_alpha_calibrated_experts_sensitivity,risk_off,0.0,1.2180121040628975,1.2180121040628975,0.01,0.42676494221546246,0.0,0.0,0.0,0.0,['Risk_Off_Expert'],['Hard_Risk_Cap_Zero'],2022-09-01,oos_isotonic,1262.0,0.23460182136791344,0.021309977459070338
2022-10-04,v2_relative_alpha_calibrated_experts_sensitivity,risk_off,0.0,1.2180121040628975,1.2180121040628975,0.01,0.42676494221546246,0.0,0.0,0.0,0.0,['Risk_Off_Expert'],['Hard_Risk_Cap_Zero'],2022-09-01,oos_isotonic,1262.0,0.23460182136791344,0.021309977459070338
2022-10-05,v2_relative_alpha_calibrated_experts_sensitivity,risk_off,0.0,1.2180121040628975,1.2180121040628975,0.01,0.42676494221546246,0.0,0.0,0.0,0.0,['Risk_Off_Expert'],['Hard_Risk_Cap_Zero'],2022-09-01,oos_isotonic,1262.0,0.23460182136791344,0.021309977459070338
2022-10-06,v2_relative_alpha_calibrated_experts_sensitivity,risk_off,0.0,1.1830537012994875,1.1830537012994875,0.01,0.42676494221546246,0.0,0.0,0.0,0.0,['Risk_Off_Expert'],['Hard_Risk_Cap_Zero'],2022-09-01,oos_isotonic,1262.0,0.23460182136791344,0.021309977459070338
2022-10-07,v2_relative_alpha_calibrated_experts_sensitivity,risk_off,0.0,1.1422997093686105,1.1422997093686105,0.01,0.42676494221546246,0.0,0.0,0.0,0.0,['Risk_Off_Expert'],['Hard_Risk_Cap_Zero'],2022-09-01,oos_isotonic,1262.0,0.23460182136791344,0.021309977459070338
2022-10-10,v2_relative_alpha_calibrated_experts_sensitivity,risk_off,0.0,1.1422997093686105,1.1422997093686105,0.01,0.42676494221546246,0.0,0.0,0.0,0.0,['Risk_Off_Expert'],['Hard_Risk_Cap_Zero'],2022-09-01,oos_isotonic,1262.0,0.23460182136791344,0.021309977459070338
2022-10-11,v2_relative_alpha_calibrated_experts_sensitivity,risk_off,0.0,1.1422997093686105,1.1422997093686105,0.01,0.42676494221546246,0.0,0.0,0.0,0.0,['Risk_Off_Expert'],['Hard_Risk_Cap_Zero'],2022-09-01,oos_isotonic,1262.0,0.23460182136791344,0.021309977459070338
2022-10-12,v2_relative_alpha_calibrated_experts_sensitivity,risk_off,0.0,1.0834390340571138,1.0834390340571138,0.01,0.42676494221546246,0.0,0.0,0.0,0.0,['Risk_Off_Expert'],['Hard_Risk_Cap_Zero'],2022-09-01,oos_isotonic,1262.0,0.23460182136791344,0.021309977459070338
2022-10-13,v2_relative_alpha_calibrated_experts_sensitivity,risk_off,0.0,1.0218109332457765,1.0218109332457765,0.01,0.42676494221546246,0.0,0.0,0.0,0.0,['Risk_Off_Expert'],['Hard_Risk_Cap_Zero'],2022-09-01,oos_isotonic,1262.0,0.23460182136791344,0.021309977459070338
2022-10-14,v2_relative_alpha_calibrated_experts_sensitivity,risk_off,0.0,0.9796608938710483,0.9796608938710483,0.01,0.42676494221546246,0.0,0.0,0.0,0.0,['Risk_Off_Expert'],['Hard_Risk_Cap_Zero'],2022-09-01,oos_isotonic,1262.0,0.23460182136791344,0.021309977459070338
2022-10-17,v2_relative_alpha_calibrated_experts_sensitivity,risk_off,0.0,7.96787516976494,7.96787516976494,0.01,0.42676494221546246,0.0,0.0,0.0,0.0,['Risk_Off_Expert'],['Hard_Risk_Cap_Zero'],2022-09-01,oos_isotonic,1262.0,0.23460182136791344,0.021309977459070338
2022-10-18,v2_relative_alpha_calibrated_experts_sensitivity,risk_off,0.0,7.867661531555342,7.867661531555342,0.01,0.42676494221546246,0.0,0.0,0.0,0.0,['Risk_Off_Expert'],['Hard_Risk_Cap_Zero'],2022-09-01,oos_isotonic,1262.0,0.23460182136791344,0.021309977459070338
2022-10-19,v2_relative_alpha_calibrated_experts_sensitivity,risk_off,0.0,0.8540031201427666,0.8540031201427666,0.01,0.42676494221546246,0.0,0.0,0.0,0.0,['Risk_Off_Expert'],['Hard_Risk_Cap_Zero'],2022-09-01,oos_isotonic,1262.0,0.23460182136791344,0.021309977459070338
2022-10-20,v2_relative_alpha_calibrated_experts_sensitivity,risk_off,0.0,0.8287672184123431,0.8287672184123431,0.01,0.42676494221546246,0.0,0.0,0.0,0.0,['Risk_Off_Expert'],['Hard_Risk_Cap_Zero'],2022-09-01,oos_isotonic,1262.0,0.23460182136791344,0.021309977459070338
2022-10-21,v2_relative_alpha_calibrated_experts_sensitivity,risk_off,0.0,0.8073366141778199,0.8073366141778199,0.01,0.42676494221546246,0.0,0.0,0.0,0.0,['Risk_Off_Expert'],['Hard_Risk_Cap_Zero'],2022-09-01,oos_isotonic,1262.0,0.23460182136791344,0.021309977459070338
2022-10-24,v2_relative_alpha_calibrated_experts_sensitivity,risk_off,0.0,0.8050288528581602,0.8050288528581602,0.01,0.42676494221546246,0.0,0.0,0.0,0.0,['Risk_Off_Expert'],['Hard_Risk_Cap_Zero'],2022-09-01,oos_isotonic,1262.0,0.23460182136791344,0.021309977459070338
2022-10-25,v2_relative_alpha_calibrated_experts_sensitivity,risk_off,0.0,0.8100525379675643,0.8100525379675643,0.01,0.42676494221546246,0.0,0.0,0.0,0.0,['Risk_Off_Expert'],['Hard_Risk_Cap_Zero'],2022-09-01,oos_isotonic,1262.0,0.23460182136791344,0.021309977459070338
2022-10-26,v2_relative_alpha_calibrated_experts_sensitivity,risk_off,0.0,0.8247957527884403,0.8247957527884403,0.01,0.42676494221546246,0.0,0.0,0.0,0.0,['Risk_Off_Expert'],['Hard_Risk_Cap_Zero'],2022-09-01,oos_isotonic,1262.0,0.23460182136791344,0.021309977459070338
2022-10-27,v2_relative_alpha_calibrated_experts_sensitivity,risk_off,0.0,0.8191669479326456,0.8191669479326456,0.01,0.42676494221546246,0.0,0.0,0.0,0.0,['Risk_Off_Expert'],['Hard_Risk_Cap_Zero'],2022-09-01,oos_isotonic,1262.0,0.23460182136791344,0.021309977459070338
2022-10-28,v2_relative_alpha_calibrated_experts_sensitivity,risk_off,0.0,0.8187161574366563,0.8187161574366563,0.01,0.42676494221546246,0.0,0.0,0.0,0.0,['Risk_Off_Expert'],['Hard_Risk_Cap_Zero'],2022-09-01,oos_isotonic,1262.0,0.23460182136791344,0.021309977459070338
2022-10-31,v2_relative_alpha_calibrated_experts_sensitivity,risk_off,0.0,0.8408564170891414,0.8408564170891414,0.01,0.42676494221546246,0.0,0.0,0.0,0.0,['Risk_Off_Expert'],['Hard_Risk_Cap_Zero'],2022-09-01,oos_isotonic,1262.0,0.23460182136791344,0.021309977459070338
2022-11-01,v2_relative_alpha_calibrated_experts_sensitivity,risk_off,0.0,0.8460062757649344,0.8460062757649344,0.01,0.4114954933349321,0.0,0.0,0.0,0.0,['Risk_Off_Expert'],['Hard_Risk_Cap_Zero'],2022-10-03,oos_isotonic,1283.0,0.2333672108068837,0.024853466020284307
2022-11-02,v2_relative_alpha_calibrated_experts_sensitivity,risk_off,0.0,6.991375727288713,6.991375727288713,0.01,0.4114954933349321,0.0,0.0,0.0,0.0,['Risk_Off_Expert'],['Hard_Risk_Cap_Zero'],2022-10-03,oos_isotonic,1283.0,0.2333672108068837,0.024853466020284307
2022-11-03,v2_relative_alpha_calibrated_experts_sensitivity,risk_off,0.0,0.8037963026009669,0.8037963026009669,0.01,0.4114954933349321,0.0,0.0,0.0,0.0,['Risk_Off_Expert'],['Hard_Risk_Cap_Zero'],2022-10-03,oos_isotonic,1283.0,0.2333672108068837,0.024853466020284307
2022-11-04,v2_relative_alpha_calibrated_experts_sensitivity,risk_off,0.0,6.878833199019869,6.878833199019869,0.01,0.4114954933349321,0.0,0.0,0.0,0.0,['Risk_Off_Expert'],['Hard_Risk_Cap_Zero'],2022-10-03,oos_isotonic,1283.0,0.2333672108068837,0.024853466020284307
2022-11-07,v2_relative_alpha_calibrated_experts_sensitivity,risk_off,0.0,0.7616742278614536,0.7616742278614536,0.01,0.4114954933349321,0.0,0.0,0.0,0.0,['Risk_Off_Expert'],['Hard_Risk_Cap_Zero'],2022-10-03,oos_isotonic,1283.0,0.2333672108068837,0.024853466020284307
2022-11-08,v2_relative_alpha_calibrated_experts_sensitivity,risk_off,0.0,0.7620064064197019,0.7620064064197019,0.01,0.4114954933349321,0.0,0.0,0.0,0.0,['Risk_Off_Expert'],['Hard_Risk_Cap_Zero'],2022-10-03,oos_isotonic,1283.0,0.2333672108068837,0.024853466020284307
2022-11-09,v2_relative_alpha_calibrated_experts_sensitivity,risk_off,0.0,6.727877328634918,6.727877328634918,0.01,0.4114954933349321,0.0,0.0,0.0,0.0,['Risk_Off_Expert'],['Hard_Risk_Cap_Zero'],2022-10-03,oos_isotonic,1283.0,0.2333672108068837,0.024853466020284307
2022-11-10,v2_relative_alpha_calibrated_experts_sensitivity,risk_off,0.0,6.683310739357235,6.683310739357235,0.01,0.4114954933349321,0.0,0.0,0.0,0.0,['Risk_Off_Expert'],['Hard_Risk_Cap_Zero'],2022-10-03,oos_isotonic,1283.0,0.2333672108068837,0.024853466020284307
2022-11-11,v2_relative_alpha_calibrated_experts_sensitivity,risk_off,0.0,6.653428451342812,6.653428451342812,0.01,0.4114954933349321,0.0,0.0,0.0,0.0,['Risk_Off_Expert'],['Hard_Risk_Cap_Zero'],2022-10-03,oos_isotonic,1283.0,0.2333672108068837,0.024853466020284307
2022-11-14,v2_relative_alpha_calibrated_experts_sensitivity,risk_off,0.0,6.624762681563738,6.624762681563738,0.01,0.4114954933349321,0.0,0.0,0.0,0.0,['Risk_Off_Expert'],['Hard_Risk_Cap_Zero'],2022-10-03,oos_isotonic,1283.0,0.2333672108068837,0.024853466020284307
2022-11-15,v2_relative_alpha_calibrated_experts_sensitivity,risk_off,0.0,6.612673554390243,6.612673554390243,0.01,0.4114954933349321,0.0,0.0,0.0,0.0,['Risk_Off_Expert'],['Hard_Risk_Cap_Zero'],2022-10-03,oos_isotonic,1283.0,0.2333672108068837,0.024853466020284307
2022-11-16,v2_relative_alpha_calibrated_experts_sensitivity,risk_off,0.0,6.604368995613864,6.604368995613864,0.01,0.4114954933349321,0.0,0.0,0.0,0.0,['Risk_Off_Expert'],['Hard_Risk_Cap_Zero'],2022-10-03,oos_isotonic,1283.0,0.2333672108068837,0.024853466020284307
2022-11-17,v2_relative_alpha_calibrated_experts_sensitivity,risk_off,0.0,6.573113942376348,6.573113942376348,0.01,0.4114954933349321,0.0,0.0,0.0,0.0,['Risk_Off_Expert'],['Hard_Risk_Cap_Zero'],2022-10-03,oos_isotonic,1283.0,0.2333672108068837,0.024853466020284307
2022-11-18,v2_relative_alpha_calibrated_experts_sensitivity,risk_off,0.0,0.1496009820830333,0.1496009820830333,0.01,0.4114954933349321,0.0,0.0,0.0,0.0,['Risk_Off_Expert'],['Hard_Risk_Cap_Zero'],2022-10-03,oos_isotonic,1283.0,0.2333672108068837,0.024853466020284307
2022-11-21,v2_relative_alpha_calibrated_experts_sensitivity,risk_off,0.0,6.502426120799545,6.502426120799545,0.01,0.4114954933349321,0.0,0.0,0.0,0.0,['Risk_Off_Expert'],['Hard_Risk_Cap_Zero'],2022-10-03,oos_isotonic,1283.0,0.2333672108068837,0.024853466020284307
2022-11-22,v2_relative_alpha_calibrated_experts_sensitivity,risk_off,0.0,-3.7495227928923622,-3.7495227928923622,0.01,0.4114954933349321,0.0,0.0,0.0,0.0,['Risk_Off_Expert'],['Hard_Risk_Cap_Zero'],2022-10-03,oos_isotonic,1283.0,0.2333672108068837,0.024853466020284307
2022-11-23,v2_relative_alpha_calibrated_experts_sensitivity,risk_off,0.0,-3.783658437028403,-3.783658437028403,0.01,0.4114954933349321,0.0,0.0,0.0,0.0,['Risk_Off_Expert'],['Hard_Risk_Cap_Zero'],2022-10-03,oos_isotonic,1283.0,0.2333672108068837,0.024853466020284307
2022-11-25,v2_relative_alpha_calibrated_experts_sensitivity,risk_off,0.0,-3.7835339015567784,-3.7835339015567784,0.01,0.4114954933349321,0.0,0.0,0.0,0.0,['Risk_Off_Expert'],['Hard_Risk_Cap_Zero'],2022-10-03,oos_isotonic,1283.0,0.2333672108068837,0.024853466020284307
2022-11-28,v2_relative_alpha_calibrated_experts_sensitivity,risk_off,0.0,-3.7836502334538897,-3.7836502334538897,0.01,0.4114954933349321,0.0,0.0,0.0,0.0,['Risk_Off_Expert'],['Hard_Risk_Cap_Zero'],2022-10-03,oos_isotonic,1283.0,0.2333672108068837,0.024853466020284307
2022-11-29,v2_relative_alpha_calibrated_experts_sensitivity,risk_off,0.0,6.1667874009725505,6.1667874009725505,0.01,0.4114954933349321,0.0,0.0,0.0,0.0,['Risk_Off_Expert'],['Hard_Risk_Cap_Zero'],2022-10-03,oos_isotonic,1283.0,0.2333672108068837,0.024853466020284307
2022-11-30,v2_relative_alpha_calibrated_experts_sensitivity,risk_off,0.0,-3.7838131214689747,-3.7838131214689747,0.01,0.4114954933349321,0.0,0.0,0.0,0.0,['Risk_Off_Expert'],['Hard_Risk_Cap_Zero'],2022-10-03,oos_isotonic,1283.0,0.2333672108068837,0.024853466020284307
2022-12-01,v2_relative_alpha_calibrated_experts_sensitivity,risk_off,0.0,-3.783078545857157,-3.783078545857157,0.01,0.3935750488869365,0.0,0.0,0.0,0.0,['Risk_Off_Expert'],['Hard_Risk_Cap_Zero'],2022-11-01,oos_isotonic,1304.0,0.2318308042156059,0.03013233869589168
2022-12-02,v2_relative_alpha_calibrated_experts_sensitivity,risk_off,0.0,-3.782082811246554,-3.782082811246554,0.01,0.3935750488869365,0.0,0.0,0.0,0.0,['Risk_Off_Expert'],['Hard_Risk_Cap_Zero'],2022-11-01,oos_isotonic,1304.0,0.2318308042156059,0.03013233869589168
2022-12-05,v2_relative_alpha_calibrated_experts_sensitivity,risk_off,0.0,-3.7805479657513565,-3.7805479657513565,0.01,0.3935750488869365,0.0,0.0,0.0,0.0,['Risk_Off_Expert'],['Hard_Risk_Cap_Zero'],2022-11-01,oos_isotonic,1304.0,0.2318308042156059,0.03013233869589168
2022-12-06,v2_relative_alpha_calibrated_experts_sensitivity,risk_off,0.0,-3.7792386034053367,-3.7792386034053367,0.01,0.3935750488869365,0.0,0.0,0.0,0.0,['Risk_Off_Expert'],['Hard_Risk_Cap_Zero'],2022-11-01,oos_isotonic,1304.0,0.2318308042156059,0.03013233869589168
2022-12-07,v2_relative_alpha_calibrated_experts_sensitivity,risk_off,0.0,-3.7781988133382556,-3.7781988133382556,0.01,0.3935750488869365,0.0,0.0,0.0,0.0,['Risk_Off_Expert'],['Hard_Risk_Cap_Zero'],2022-11-01,oos_isotonic,1304.0,0.2318308042156059,0.03013233869589168
2022-12-08,v2_relative_alpha_calibrated_experts_sensitivity,risk_off,0.0,-3.776917787027187,-3.776917787027187,0.01,0.3935750488869365,0.0,0.0,0.0,0.0,['Risk_Off_Expert'],['Hard_Risk_Cap_Zero'],2022-11-01,oos_isotonic,1304.0,0.2318308042156059,0.03013233869589168
2022-12-09,v2_relative_alpha_calibrated_experts_sensitivity,risk_off,0.0,-3.775256683694437,-3.775256683694437,0.01,0.3935750488869365,0.0,0.0,0.0,0.0,['Risk_Off_Expert'],['Hard_Risk_Cap_Zero'],2022-11-01,oos_isotonic,1304.0,0.2318308042156059,0.03013233869589168
2022-12-12,v2_relative_alpha_calibrated_experts_sensitivity,risk_off,0.0,2.7585400811165126,2.7585400811165126,0.01,0.3935750488869365,0.0,0.0,0.0,0.0,['Risk_Off_Expert'],['Hard_Risk_Cap_Zero'],2022-11-01,oos_isotonic,1304.0,0.2318308042156059,0.03013233869589168
2022-12-13,v2_relative_alpha_calibrated_experts_sensitivity,risk_off,0.0,2.775221139623729,2.775221139623729,0.01,0.3935750488869365,0.0,0.0,0.0,0.0,['Risk_Off_Expert'],['Hard_Risk_Cap_Zero'],2022-11-01,oos_isotonic,1304.0,0.2318308042156059,0.03013233869589168
2022-12-14,v2_relative_alpha_calibrated_experts_sensitivity,risk_off,0.0,2.7957534578634853,2.7957534578634853,0.01,0.3935750488869365,0.0,0.0,0.0,0.0,['Risk_Off_Expert'],['Hard_Risk_Cap_Zero'],2022-11-01,oos_isotonic,1304.0,0.2318308042156059,0.03013233869589168
2022-12-15,v2_relative_alpha_calibrated_experts_sensitivity,risk_off,0.0,-3.7685099214793607,-3.7685099214793607,0.01,0.3935750488869365,0.0,0.0,0.0,0.0,['Risk_Off_Expert'],['Hard_Risk_Cap_Zero'],2022-11-01,oos_isotonic,1304.0,0.2318308042156059,0.03013233869589168
2022-12-16,v2_relative_alpha_calibrated_experts_sensitivity,risk_off,0.0,-3.7675987204700347,-3.7675987204700347,0.01,0.3935750488869365,0.0,0.0,0.0,0.0,['Risk_Off_Expert'],['Hard_Risk_Cap_Zero'],2022-11-01,oos_isotonic,1304.0,0.2318308042156059,0.03013233869589168
2022-12-19,v2_relative_alpha_calibrated_experts_sensitivity,risk_off,0.0,-3.7663282785256222,-3.7663282785256222,0.01,0.3935750488869365,0.0,0.0,0.0,0.0,['Risk_Off_Expert'],['Hard_Risk_Cap_Zero'],2022-11-01,oos_isotonic,1304.0,0.2318308042156059,0.03013233869589168
2022-12-20,v2_relative_alpha_calibrated_experts_sensitivity,risk_off,0.0,-3.797136228733358,-3.797136228733358,0.01,0.3935750488869365,0.0,0.0,0.0,0.0,['Risk_Off_Expert'],['Hard_Risk_Cap_Zero'],2022-11-01,oos_isotonic,1304.0,0.2318308042156059,0.03013233869589168
2022-12-21,v2_relative_alpha_calibrated_experts_sensitivity,risk_off,0.0,-3.7960898032240764,-3.7960898032240764,0.01,0.3935750488869365,0.0,0.0,0.0,0.0,['Risk_Off_Expert'],['Hard_Risk_Cap_Zero'],2022-11-01,oos_isotonic,1304.0,0.2318308042156059,0.03013233869589168
2022-12-22,v2_relative_alpha_calibrated_experts_sensitivity,risk_off,0.0,-3.8118790027083245,-3.8118790027083245,0.01,0.3935750488869365,0.0,0.0,0.0,0.0,['Risk_Off_Expert'],['Hard_Risk_Cap_Zero'],2022-11-01,oos_isotonic,1304.0,0.2318308042156059,0.03013233869589168
2022-12-23,v2_relative_alpha_calibrated_experts_sensitivity,risk_off,0.0,-3.8724610942489983,-3.8724610942489983,0.01,0.3935750488869365,0.0,0.0,0.0,0.0,['Risk_Off_Expert'],['Hard_Risk_Cap_Zero'],2022-11-01,oos_isotonic,1304.0,0.2318308042156059,0.03013233869589168
2022-12-27,v2_relative_alpha_calibrated_experts_sensitivity,risk_off,0.0,5.676781621364263,5.676781621364263,0.01,0.3935750488869365,0.0,0.0,0.0,0.0,['Risk_Off_Expert'],['Hard_Risk_Cap_Zero'],2022-11-01,oos_isotonic,1304.0,0.2318308042156059,0.03013233869589168
2022-12-28,v2_relative_alpha_calibrated_experts_sensitivity,risk_off,0.0,5.652323025437874,5.652323025437874,0.01,0.3935750488869365,0.0,0.0,0.0,0.0,['Risk_Off_Expert'],['Hard_Risk_Cap_Zero'],2022-11-01,oos_isotonic,1304.0,0.2318308042156059,0.03013233869589168
2022-12-29,v2_relative_alpha_calibrated_experts_sensitivity,risk_off,0.0,5.576242334399473,5.576242334399473,0.01,0.3935750488869365,0.0,0.0,0.0,0.0,['Risk_Off_Expert'],['Hard_Risk_Cap_Zero'],2022-11-01,oos_isotonic,1304.0,0.2318308042156059,0.03013233869589168
2022-12-30,v2_relative_alpha_calibrated_experts_sensitivity,risk_off,0.0,5.556366477003617,5.556366477003617,0.01,0.3935750488869365,0.0,0.0,0.0,0.0,['Risk_Off_Expert'],['Hard_Risk_Cap_Zero'],2022-11-01,oos_isotonic,1304.0,0.2318308042156059,0.03013233869589168
2023-01-03,v2_relative_alpha_calibrated_experts_sensitivity,risk_off,0.0,5.5379498882407034,5.5379498882407034,0.01,0.3767199440903125,0.0,0.0,0.0,0.0,['Risk_Off_Expert'],['Hard_Risk_Cap_Zero'],2022-12-01,oos_isotonic,1325.0,0.23020923031517118,0.03418453906784184
2023-01-04,v2_relative_alpha_calibrated_experts_sensitivity,risk_off,0.0,5.519353638558772,5.519353638558772,0.01,0.3767199440903125,0.0,0.0,0.0,0.0,['Risk_Off_Expert'],['Hard_Risk_Cap_Zero'],2022-12-01,oos_isotonic,1325.0,0.23020923031517118,0.03418453906784184
2023-01-05,v2_relative_alpha_calibrated_experts_sensitivity,risk_off,0.0,5.501257466704168,5.501257466704168,0.01,0.3767199440903125,0.0,0.0,0.0,0.0,['Risk_Off_Expert'],['Hard_Risk_Cap_Zero'],2022-12-01,oos_isotonic,1325.0,0.23020923031517118,0.03418453906784184
2023-01-06,v2_relative_alpha_calibrated_experts_sensitivity,risk_off,0.0,-4.2675303438387395,-4.2675303438387395,0.01,0.3767199440903125,0.0,0.0,0.0,0.0,['Risk_Off_Expert'],['Hard_Risk_Cap_Zero'],2022-12-01,oos_isotonic,1325.0,0.23020923031517118,0.03418453906784184
2023-01-09,v2_relative_alpha_calibrated_experts_sensitivity,risk_off,0.0,-4.270381510838301,-4.270381510838301,0.01,0.3767199440903125,0.0,0.0,0.0,0.0,['Risk_Off_Expert'],['Hard_Risk_Cap_Zero'],2022-12-01,oos_isotonic,1325.0,0.23020923031517118,0.03418453906784184
2023-01-10,v2_relative_alpha_calibrated_experts_sensitivity,risk_off,0.0,-4.279422701895648,-4.279422701895648,0.01,0.3767199440903125,0.0,0.0,0.0,0.0,['Risk_Off_Expert'],['Hard_Risk_Cap_Zero'],2022-12-01,oos_isotonic,1325.0,0.23020923031517118,0.03418453906784184
2023-01-11,v2_relative_alpha_calibrated_experts_sensitivity,risk_off,0.0,-4.2722972296857735,-4.2722972296857735,0.01,0.3767199440903125,0.0,0.0,0.0,0.0,['Risk_Off_Expert'],['Hard_Risk_Cap_Zero'],2022-12-01,oos_isotonic,1325.0,0.23020923031517118,0.03418453906784184
2023-01-12,v2_relative_alpha_calibrated_experts_sensitivity,risk_off,0.0,3.955272006966947,3.955272006966947,0.01,0.3767199440903125,0.0,0.0,0.0,0.0,['Risk_Off_Expert'],['Hard_Risk_Cap_Zero'],2022-12-01,oos_isotonic,1325.0,0.23020923031517118,0.03418453906784184
2023-01-13,v2_relative_alpha_calibrated_experts_sensitivity,risk_off,0.0,3.955272006966947,3.955272006966947,0.01,0.3767199440903125,0.0,0.0,0.0,0.0,['Risk_Off_Expert'],['Hard_Risk_Cap_Zero'],2022-12-01,oos_isotonic,1325.0,0.23020923031517118,0.03418453906784184
2023-01-17,v2_relative_alpha_calibrated_experts_sensitivity,risk_off,0.0,3.955272006966947,3.955272006966947,0.01,0.3767199440903125,0.0,0.0,0.0,0.0,['Risk_Off_Expert'],['Hard_Risk_Cap_Zero'],2022-12-01,oos_isotonic,1325.0,0.23020923031517118,0.03418453906784184
2023-01-18,v2_relative_alpha_calibrated_experts_sensitivity,risk_off,0.0,3.955272006966947,3.955272006966947,0.01,0.3767199440903125,0.0,0.0,0.0,0.0,['Risk_Off_Expert'],"['Risk_Above_55_Penalty', 'Coverage_Below_80_Cap', 'Weak_Regime_Cap']",2022-12-01,oos_isotonic,1325.0,0.23020923031517118,0.03418453906784184
2023-01-19,v2_relative_alpha_calibrated_experts_sensitivity,risk_off,0.0,3.955272006966947,3.955272006966947,0.01,0.3767199440903125,0.0,0.0,0.0,0.0,['Risk_Off_Expert'],['Hard_Risk_Cap_Zero'],2022-12-01,oos_isotonic,1325.0,0.23020923031517118,0.03418453906784184
2023-01-20,v2_relative_alpha_calibrated_experts_sensitivity,risk_off,0.0,3.955272006966947,3.955272006966947,0.01,0.3767199440903125,0.0,0.0,0.0,0.0,['Risk_Off_Expert'],"['Risk_Above_55_Penalty', 'Coverage_Below_80_Cap', 'Weak_Regime_Cap']",2022-12-01,oos_isotonic,1325.0,0.23020923031517118,0.03418453906784184
2023-01-23,v2_relative_alpha_calibrated_experts_sensitivity,risk_off,0.0,2.846209479387055,2.846209479387055,0.01,0.3767199440903125,0.0,0.0,0.0,0.0,['Risk_Off_Expert'],"['Risk_Above_55_Penalty', 'Coverage_Below_80_Cap', 'Weak_Regime_Cap']",2022-12-01,oos_isotonic,1325.0,0.23020923031517118,0.03418453906784184
2023-01-24,v2_relative_alpha_calibrated_experts_sensitivity,risk_off,0.0,3.7438281103220907,3.7438281103220907,0.01,0.3767199440903125,0.0,0.0,0.0,0.0,['Risk_Off_Expert'],"['Risk_Above_55_Penalty', 'Coverage_Below_80_Cap', 'Weak_Regime_Cap']",2022-12-01,oos_isotonic,1325.0,0.23020923031517118,0.03418453906784184
2023-01-25,v2_relative_alpha_calibrated_experts_sensitivity,risk_off,0.0,3.7438281103220907,3.7438281103220907,0.01,0.3767199440903125,0.0,0.0,0.0,0.0,['Risk_Off_Expert'],"['Risk_Above_55_Penalty', 'Coverage_Below_80_Cap', 'Weak_Regime_Cap']",2022-12-01,oos_isotonic,1325.0,0.23020923031517118,0.03418453906784184
2023-01-26,v2_relative_alpha_calibrated_experts_sensitivity,risk_off,0.0,-0.6027853493268377,-0.6027853493268377,0.01,0.3767199440903125,0.0,0.0,2.0,0.0,['Risk_Off_Expert'],"['Risk_Above_55_Penalty', 'Coverage_Below_80_Cap', 'Weak_Regime_Cap']",2022-12-01,oos_isotonic,1325.0,0.23020923031517118,0.03418453906784184
2023-01-27,v2_relative_alpha_calibrated_experts_sensitivity,risk_off,0.0,-0.6027853493268377,-0.6027853493268377,0.01,0.3767199440903125,0.0,0.0,0.0,0.0,['Risk_Off_Expert'],"['Risk_Above_55_Penalty', 'Coverage_Below_80_Cap', 'Weak_Regime_Cap']",2022-12-01,oos_isotonic,1325.0,0.23020923031517118,0.03418453906784184
2023-01-30,v2_relative_alpha_calibrated_experts_sensitivity,risk_off,0.0,3.7438281103220907,3.7438281103220907,0.01,0.3767199440903125,0.0,0.0,0.0,0.0,['Risk_Off_Expert'],"['Risk_Above_55_Penalty', 'Coverage_Below_80_Cap', 'Weak_Regime_Cap']",2022-12-01,oos_isotonic,1325.0,0.23020923031517118,0.03418453906784184
2023-01-31,v2_relative_alpha_calibrated_experts_sensitivity,risk_off,0.0,-0.6027853493268377,-0.6027853493268377,0.01,0.3767199440903125,0.0,0.0,0.0,0.0,['Risk_Off_Expert'],"['Risk_Above_55_Penalty', 'Coverage_Below_80_Cap', 'Weak_Regime_Cap']",2022-12-01,oos_isotonic,1325.0,0.23020923031517118,0.03418453906784184
2023-02-01,v2_relative_alpha_calibrated_experts_sensitivity,risk_off,0.0,-0.6027853493268377,-0.6027853493268377,0.01,0.38435008952133065,0.0,0.0,0.0,0.0,['Risk_Off_Expert'],"['Risk_Above_55_Penalty', 'Coverage_Below_80_Cap', 'Weak_Regime_Cap']",2022-12-30,oos_isotonic,1345.0,0.23103454578670585,0.03693636159522014
2023-02-02,v2_relative_alpha_calibrated_experts_sensitivity,risk_off,0.0,-0.6027853493268377,-0.6027853493268377,0.01,0.38435008952133065,0.0,0.0,0.0,0.0,['Risk_Off_Expert'],"['Risk_Above_55_Penalty', 'Coverage_Below_80_Cap']",2022-12-30,oos_isotonic,1345.0,0.23103454578670585,0.03693636159522014
2023-02-03,v2_relative_alpha_calibrated_experts_sensitivity,risk_off,0.0,-0.6027853493268377,-0.6027853493268377,0.01,0.38435008952133065,0.0,0.0,0.0,0.0,['Risk_Off_Expert'],"['Risk_Above_55_Penalty', 'Coverage_Below_80_Cap']",2022-12-30,oos_isotonic,1345.0,0.23103454578670585,0.03693636159522014
2023-02-06,v2_relative_alpha_calibrated_experts_sensitivity,risk_off,0.0,-0.6027853493268377,-0.6027853493268377,0.01,0.38435008952133065,0.0,0.0,2.0,0.0,['Risk_Off_Expert'],"['Risk_Above_55_Penalty', 'Coverage_Below_80_Cap']",2022-12-30,oos_isotonic,1345.0,0.23103454578670585,0.03693636159522014
2023-02-07,v2_relative_alpha_calibrated_experts_sensitivity,risk_off,0.0,-0.6027853493268377,-0.6027853493268377,0.01,0.38435008952133065,0.0,0.0,0.0,0.0,['Risk_Off_Expert'],"['Risk_Above_55_Penalty', 'Coverage_Below_80_Cap']",2022-12-30,oos_isotonic,1345.0,0.23103454578670585,0.03693636159522014
2023-02-08,v2_relative_alpha_calibrated_experts_sensitivity,risk_off,0.0,-0.6027853493268377,-0.6027853493268377,0.01,0.38435008952133065,0.0,0.0,0.0,0.0,['Risk_Off_Expert'],"['Risk_Above_55_Penalty', 'Coverage_Below_80_Cap']",2022-12-30,oos_isotonic,1345.0,0.23103454578670585,0.03693636159522014
2023-02-09,v2_relative_alpha_calibrated_experts_sensitivity,risk_off,0.0,2.943003347919617,2.943003347919617,0.01,0.38435008952133065,0.0,0.0,0.0,0.0,['Risk_Off_Expert'],"['Risk_Above_55_Penalty', 'Coverage_Below_80_Cap']",2022-12-30,oos_isotonic,1345.0,0.23103454578670585,0.03693636159522014
2023-02-10,v2_relative_alpha_calibrated_experts_sensitivity,risk_off,0.0,2.9432729775658375,2.9432729775658375,0.01,0.38435008952133065,0.0,0.0,2.0,0.0,['Risk_Off_Expert'],"['Risk_Above_55_Penalty', 'Coverage_Below_80_Cap']",2022-12-30,oos_isotonic,1345.0,0.23103454578670585,0.03693636159522014
2023-02-13,v2_relative_alpha_calibrated_experts_sensitivity,risk_off,0.0,-0.6027853493268377,-0.6027853493268377,0.01,0.38435008952133065,0.0,0.0,2.0,0.0,['Risk_Off_Expert'],"['Risk_Above_55_Penalty', 'Coverage_Below_80_Cap']",2022-12-30,oos_isotonic,1345.0,0.23103454578670585,0.03693636159522014
2023-02-14,v2_relative_alpha_calibrated_experts_sensitivity,risk_off,0.0,-0.6027853493268377,-0.6027853493268377,0.01,0.38435008952133065,0.0,0.0,2.0,0.0,['Risk_Off_Expert'],"['Risk_Above_55_Penalty', 'Coverage_Below_80_Cap']",2022-12-30,oos_isotonic,1345.0,0.23103454578670585,0.03693636159522014
2023-02-15,v2_relative_alpha_calibrated_experts_sensitivity,risk_off,0.0,-0.6027853493268377,-0.6027853493268377,0.01,0.38435008952133065,0.0,0.0,2.0,0.0,['Risk_Off_Expert'],"['Risk_Above_55_Penalty', 'Coverage_Below_80_Cap']",2022-12-30,oos_isotonic,1345.0,0.23103454578670585,0.03693636159522014
2023-02-16,v2_relative_alpha_calibrated_experts_sensitivity,risk_off,0.0,-0.6027853493268377,-0.6027853493268377,0.01,0.38435008952133065,0.0,0.0,2.0,0.0,['Risk_Off_Expert'],"['Risk_Above_55_Penalty', 'Coverage_Below_80_Cap']",2022-12-30,oos_isotonic,1345.0,0.23103454578670585,0.03693636159522014
2023-02-17,v2_relative_alpha_calibrated_experts_sensitivity,risk_off,0.0,2.9578261757291684,2.9578261757291684,0.01,0.38435008952133065,0.0,0.0,0.0,0.0,['Risk_Off_Expert'],"['Risk_Above_55_Penalty', 'Liquidity_Below_45_Penalty', 'Coverage_Below_80_Cap']",2022-12-30,oos_isotonic,1345.0,0.23103454578670585,0.03693636159522014
2023-02-21,v2_relative_alpha_calibrated_experts_sensitivity,risk_off,0.0,2.961884297128128,2.961884297128128,0.01,0.38435008952133065,0.0,0.0,0.0,0.0,['Risk_Off_Expert'],['Hard_Risk_Cap_Zero'],2022-12-30,oos_isotonic,1345.0,0.23103454578670585,0.03693636159522014
2023-02-22,v2_relative_alpha_calibrated_experts_sensitivity,risk_off,0.0,2.9613328098470038,2.9613328098470038,0.01,0.38435008952133065,0.0,0.0,0.0,0.0,['Risk_Off_Expert'],['Hard_Risk_Cap_Zero'],2022-12-30,oos_isotonic,1345.0,0.23103454578670585,0.03693636159522014
2023-02-23,v2_relative_alpha_calibrated_experts_sensitivity,risk_off,0.0,2.9590587975604157,2.9590587975604157,0.01,0.38435008952133065,0.0,0.0,0.0,0.0,['Risk_Off_Expert'],['Hard_Risk_Cap_Zero'],2022-12-30,oos_isotonic,1345.0,0.23103454578670585,0.03693636159522014
2023-02-24,v2_relative_alpha_calibrated_experts_sensitivity,risk_off,0.0,2.960285885986437,2.960285885986437,0.01,0.38435008952133065,0.0,0.0,0.0,0.0,['Risk_Off_Expert'],['Hard_Risk_Cap_Zero'],2022-12-30,oos_isotonic,1345.0,0.23103454578670585,0.03693636159522014
2023-02-27,v2_relative_alpha_calibrated_experts_sensitivity,risk_off,0.0,2.958427209752959,2.958427209752959,0.01,0.38435008952133065,0.0,0.0,0.0,0.0,['Risk_Off_Expert'],['Hard_Risk_Cap_Zero'],2022-12-30,oos_isotonic,1345.0,0.23103454578670585,0.03693636159522014
2023-02-28,v2_relative_alpha_calibrated_experts_sensitivity,risk_off,0.0,2.9576215582152514,2.9576215582152514,0.01,0.38435008952133065,0.0,0.0,0.0,0.0,['Risk_Off_Expert'],['Hard_Risk_Cap_Zero'],2022-12-30,oos_isotonic,1345.0,0.23103454578670585,0.03693636159522014
2023-03-01,v2_relative_alpha_calibrated_experts_sensitivity,risk_off,0.0,2.953016467911327,2.953016467911327,0.01,0.36825198550389393,0.0,0.0,0.0,0.0,['Risk_Off_Expert'],['Hard_Risk_Cap_Zero'],2023-01-30,oos_isotonic,1364.0,0.23471226459682124,0.05159499027889033
2023-03-02,v2_relative_alpha_calibrated_experts_sensitivity,risk_off,0.0,2.945727285097086,2.945727285097086,0.01,0.36825198550389393,0.0,0.0,0.0,0.0,['Risk_Off_Expert'],['Hard_Risk_Cap_Zero'],2023-01-30,oos_isotonic,1364.0,0.23471226459682124,0.05159499027889033
2023-03-03,v2_relative_alpha_calibrated_experts_sensitivity,risk_off,0.0,2.938422068733151,2.938422068733151,0.01,0.36825198550389393,0.0,0.0,0.0,0.0,['Risk_Off_Expert'],['Hard_Risk_Cap_Zero'],2023-01-30,oos_isotonic,1364.0,0.23471226459682124,0.05159499027889033
2023-03-06,v2_relative_alpha_calibrated_experts_sensitivity,risk_off,0.0,2.931137706434561,2.931137706434561,0.01,0.36825198550389393,0.0,0.0,0.0,0.0,['Risk_Off_Expert'],['Hard_Risk_Cap_Zero'],2023-01-30,oos_isotonic,1364.0,0.23471226459682124,0.05159499027889033
2023-03-07,v2_relative_alpha_calibrated_experts_sensitivity,risk_off,0.0,2.923660509224152,2.923660509224152,0.01,0.36825198550389393,0.0,0.0,0.0,0.0,['Risk_Off_Expert'],['Hard_Risk_Cap_Zero'],2023-01-30,oos_isotonic,1364.0,0.23471226459682124,0.05159499027889033
2023-03-08,v2_relative_alpha_calibrated_experts_sensitivity,risk_off,0.0,2.9162813693949574,2.9162813693949574,0.01,0.36825198550389393,0.0,0.0,0.0,0.0,['Risk_Off_Expert'],['Hard_Risk_Cap_Zero'],2023-01-30,oos_isotonic,1364.0,0.23471226459682124,0.05159499027889033
2023-03-09,v2_relative_alpha_calibrated_experts_sensitivity,risk_off,0.0,2.905694580863942,2.905694580863942,0.01,0.36825198550389393,0.0,0.0,0.0,0.0,['Risk_Off_Expert'],['Hard_Risk_Cap_Zero'],2023-01-30,oos_isotonic,1364.0,0.23471226459682124,0.05159499027889033
2023-03-10,v2_relative_alpha_calibrated_experts_sensitivity,risk_off,0.0,4.234999270021503,4.234999270021503,0.01,0.36825198550389393,0.0,0.0,0.0,0.0,['Risk_Off_Expert'],['Hard_Risk_Cap_Zero'],2023-01-30,oos_isotonic,1364.0,0.23471226459682124,0.05159499027889033
2023-03-13,v2_relative_alpha_calibrated_experts_sensitivity,pullback,4.426693839449727,5.596665881196731,10.023359720646457,0.7899025955342166,0.586883415196608,0.6339973160078837,0.0,0.0,0.0,"['No_Alpha_Tier', 'Expert_pullback']",['Hard_Risk_Cap_Zero'],2023-01-30,oos_isotonic,1364.0,0.23471226459682124,0.05159499027889033
2023-03-14,v2_relative_alpha_calibrated_experts_sensitivity,pullback,5.50872569035853,5.596665881196731,11.105391571555263,0.8194697931255052,0.586883415196608,0.6943655148279836,0.0,0.0,0.0,"['No_Alpha_Tier', 'Expert_pullback']",['Hard_Risk_Cap_Zero'],2023-01-30,oos_isotonic,1364.0,0.23471226459682124,0.05159499027889033
2023-03-15,v2_relative_alpha_calibrated_experts_sensitivity,pullback,5.229954215907358,5.596665881196731,10.82662009710409,0.8031179465751306,0.586883415196608,0.675067925138739,0.0,0.0,0.0,"['No_Alpha_Tier', 'Expert_pullback']",['Hard_Risk_Cap_Zero'],2023-01-30,oos_isotonic,1364.0,0.23471226459682124,0.05159499027889033
2023-03-16,v2_relative_alpha_calibrated_experts_sensitivity,trend,1.893407603630294,3.047005308649231,4.940412912279525,0.5963749238686097,0.5596388331532645,0.5960634648370498,0.0,0.0,0.0,"['No_Alpha_Tier', 'Expert_trend']","['Risk_Above_55_Penalty', 'Coverage_Below_80_Cap', 'Weak_Regime_Cap']",2023-01-30,oos_isotonic,1364.0,0.23471226459682124,0.05159499027889033
2023-03-17,v2_relative_alpha_calibrated_experts_sensitivity,pullback,10.453708419399401,3.047005308649231,13.50071372804863,0.9581650139582465,0.78,0.9232620078109783,6.0,2.0,2.0,"['Tier_3', 'Expert_pullback']","['Risk_Above_55_Penalty', 'Coverage_Below_80_Cap', 'Weak_Regime_Cap']",2023-01-30,oos_isotonic,1364.0,0.23471226459682124,0.05159499027889033
2023-03-20,v2_relative_alpha_calibrated_experts_sensitivity,trend,0.21632300331183182,3.047005308649231,3.2633283119610628,0.5742483212908487,0.5596388331532645,0.551060606060606,0.0,2.0,0.0,"['No_Alpha_Tier', 'Expert_trend']","['Risk_Above_55_Penalty', 'Coverage_Below_80_Cap', 'Weak_Regime_Cap']",2023-01-30,oos_isotonic,1364.0,0.23471226459682124,0.05159499027889033
2023-03-21,v2_relative_alpha_calibrated_experts_sensitivity,trend,-0.3273066524611097,3.047005308649231,2.7196986561881213,0.5382705435651038,0.46360422608765517,0.5178130360205833,0.0,2.0,0.0,"['No_Alpha_Tier', 'Expert_trend']","['Risk_Above_55_Penalty', 'Coverage_Below_80_Cap', 'Weak_Regime_Cap']",2023-01-30,oos_isotonic,1364.0,0.23471226459682124,0.05159499027889033
2023-03-22,v2_relative_alpha_calibrated_experts_sensitivity,trend,-0.9921256937098061,3.047005308649231,2.054879614939425,0.4674718575548812,0.46360422608765517,0.4587964551172099,0.0,2.0,0.0,"['No_Alpha_Tier', 'Expert_trend']","['Risk_Above_55_Penalty', 'Coverage_Below_80_Cap', 'Weak_Regime_Cap']",2023-01-30,oos_isotonic,1364.0,0.23471226459682124,0.05159499027889033
2023-03-23,v2_relative_alpha_calibrated_experts_sensitivity,trend,-1.242581877733239,3.047005308649231,1.8044234309159919,0.4479197093575754,0.46360422608765517,0.43426815323041734,0.0,0.0,0.0,"['No_Alpha_Tier', 'Expert_trend']","['Risk_Above_55_Penalty', 'Coverage_Below_80_Cap', 'Weak_Regime_Cap']",2023-01-30,oos_isotonic,1364.0,0.23471226459682124,0.05159499027889033
2023-03-24,v2_relative_alpha_calibrated_experts_sensitivity,trend,-1.060014043053198,3.047005308649231,1.9869912655960331,0.4392469917847437,0.46360422608765517,0.42792452830188676,0.0,2.0,0.0,"['No_Alpha_Tier', 'Expert_trend']","['Risk_Above_55_Penalty', 'Coverage_Below_80_Cap']",2023-01-30,oos_isotonic,1364.0,0.23471226459682124,0.05159499027889033
2023-03-27,v2_relative_alpha_calibrated_experts_sensitivity,trend,-0.8033349897833721,3.047005308649231,2.243670318865859,0.4571238055711302,0.46360422608765517,0.44057747284162385,0.0,4.0,0.0,"['No_Alpha_Tier', 'Expert_trend']","['Risk_Above_55_Penalty', 'Coverage_Below_80_Cap']",2023-01-30,oos_isotonic,1364.0,0.23471226459682124,0.05159499027889033
2023-03-28,v2_relative_alpha_calibrated_experts_sensitivity,trend,-0.324117606575365,3.047005308649231,2.7228877020738658,0.4964483105136735,0.46360422608765517,0.4834248141795312,0.0,2.0,0.0,"['No_Alpha_Tier', 'Expert_trend']","['Risk_Above_55_Penalty', 'Coverage_Below_80_Cap', 'Weak_Regime_Cap']",2023-01-30,oos_isotonic,1364.0,0.23471226459682124,0.05159499027889033
2023-03-29,v2_relative_alpha_calibrated_experts_sensitivity,trend,0.19569511975387122,3.047005308649231,3.2427004284031025,0.5528776290482313,0.46360422608765517,0.53357918810749,0.0,4.0,0.0,"['No_Alpha_Tier', 'Expert_trend']","['Risk_Above_55_Penalty', 'Coverage_Below_80_Cap']",2023-01-30,oos_isotonic,1364.0,0.23471226459682124,0.05159499027889033
2023-03-30,v2_relative_alpha_calibrated_experts_sensitivity,trend,-0.692412824811681,3.047005308649231,2.35459248383755,0.5302582433164398,0.46360422608765517,0.508902229845626,0.0,4.0,0.0,"['No_Alpha_Tier', 'Expert_trend']","['Risk_Above_55_Penalty', 'Coverage_Below_80_Cap']",2023-01-30,oos_isotonic,1364.0,0.23471226459682124,0.05159499027889033
2023-03-31,v2_relative_alpha_calibrated_experts_sensitivity,trend,-1.3229062278406347,3.047005308649231,1.7240990808085963,0.48489582764279693,0.46360422608765517,0.46962835906232137,0.0,4.0,0.0,"['No_Alpha_Tier', 'Expert_trend']","['Risk_Above_55_Penalty', 'Coverage_Below_80_Cap']",2023-01-30,oos_isotonic,1364.0,0.23471226459682124,0.05159499027889033
2023-04-03,v2_relative_alpha_calibrated_experts_sensitivity,trend,-0.6305745558435021,3.047005308649231,2.416430752805729,0.5253807335353186,0.46488824801730355,0.5095645863570392,0.0,4.0,0.0,"['No_Alpha_Tier', 'Expert_trend']","['Risk_Above_55_Penalty', 'Coverage_Below_80_Cap']",2023-03-03,oos_isotonic,1387.0,0.23584271184548117,0.045072770688487175
2023-04-04,v2_relative_alpha_calibrated_experts_sensitivity,trend,-1.0094653970384615,3.047005308649231,2.0375399116107697,0.5374170269583785,0.46488824801730355,0.5104499274310595,0.0,4.0,0.0,"['No_Alpha_Tier', 'Expert_trend']",['Coverage_Below_80_Cap'],2023-03-03,oos_isotonic,1387.0,0.23584271184548117,0.045072770688487175
2023-04-05,v2_relative_alpha_calibrated_experts_sensitivity,trend,-1.8523947195372832,3.047005308649231,1.1946105891119478,0.4729246747809791,0.46488824801730355,0.46323657474600877,0.0,4.0,0.0,"['No_Alpha_Tier', 'Expert_trend']",['Coverage_Below_80_Cap'],2023-03-03,oos_isotonic,1387.0,0.23584271184548117,0.045072770688487175
2023-04-06,v2_relative_alpha_calibrated_experts_sensitivity,trend,-2.436814336016437,3.047005308649231,0.6101909726327941,0.4328165627120564,0.4614013239824343,0.4409433962264151,0.0,4.0,0.0,"['No_Alpha_Tier', 'Expert_trend']",['Coverage_Below_80_Cap'],2023-03-03,oos_isotonic,1387.0,0.23584271184548117,0.045072770688487175
2023-04-10,v2_relative_alpha_calibrated_experts_sensitivity,trend,-0.7554725106501414,3.047005308649231,2.2915327979990896,0.551389204274111,0.46488824801730355,0.5242960812772134,0.0,4.0,0.0,"['No_Alpha_Tier', 'Expert_trend']",['Coverage_Below_80_Cap'],2023-03-03,oos_isotonic,1387.0,0.23584271184548117,0.045072770688487175
2023-04-11,v2_relative_alpha_calibrated_experts_sensitivity,trend,-0.35409029552529214,3.047005308649231,2.692915013123939,0.5825161694439913,0.5609228550829128,0.5520319303338171,0.0,4.0,0.0,"['No_Alpha_Tier', 'Expert_trend']",['Coverage_Below_80_Cap'],2023-03-03,oos_isotonic,1387.0,0.23584271184548117,0.045072770688487175
2023-04-12,v2_relative_alpha_calibrated_experts_sensitivity,pullback,2.8600388889178143,3.047005308649231,5.907044197567045,0.7318121357906355,0.5881674371262564,0.6244995576199956,0.0,4.0,0.0,"['No_Alpha_Tier', 'Expert_pullback']","['Risk_Above_55_Penalty', 'Coverage_Below_80_Cap']",2023-03-03,oos_isotonic,1387.0,0.23584271184548117,0.045072770688487175
2023-04-13,v2_relative_alpha_calibrated_experts_sensitivity,trend,1.6433659935057368,3.047005308649231,4.690371302154968,0.6840602389740208,0.5881674371262564,0.652656023222061,0.0,4.0,0.0,"['No_Alpha_Tier', 'Expert_trend']","['Risk_Above_55_Penalty', 'Coverage_Below_80_Cap']",2023-03-03,oos_isotonic,1387.0,0.23584271184548117,0.045072770688487175
2023-04-14,v2_relative_alpha_calibrated_experts_sensitivity,trend,2.2894250748907603,3.047005308649231,5.336430383539992,0.7090431518182168,0.5881674371262564,0.6741654571843252,0.0,4.0,0.0,"['No_Alpha_Tier', 'Expert_trend']","['Risk_Above_55_Penalty', 'Coverage_Below_80_Cap']",2023-03-03,oos_isotonic,1387.0,0.23584271184548117,0.045072770688487175
2023-04-17,v2_relative_alpha_calibrated_experts_sensitivity,trend,3.8902287378872566,3.0564163029236617,6.946645040810918,0.796422506175281,0.5881674371262564,0.7638606676342526,2.0,4.0,2.0,"['Tier_1', 'Expert_trend']",['Coverage_Below_80_Cap'],2023-03-03,oos_isotonic,1387.0,0.23584271184548117,0.045072770688487175
2023-04-18,v2_relative_alpha_calibrated_experts_sensitivity,trend,3.545619824563663,3.067379418871964,6.6129992434356275,0.7792873629884844,0.5881674371262564,0.7507256894049347,2.0,4.0,2.0,"['Tier_1', 'Expert_trend']",['Coverage_Below_80_Cap'],2023-03-03,oos_isotonic,1387.0,0.23584271184548117,0.045072770688487175
2023-04-19,v2_relative_alpha_calibrated_experts_sensitivity,trend,3.7903349583457335,3.07722156409784,6.867556522443574,0.7874364808575208,0.5881674371262564,0.7624963715529753,2.0,4.0,2.0,"['Tier_1', 'Expert_trend']",['Coverage_Below_80_Cap'],2023-03-03,oos_isotonic,1387.0,0.23584271184548117,0.045072770688487175
2023-04-20,v2_relative_alpha_calibrated_experts_sensitivity,trend,3.010084847872822,3.0827420510620636,6.092826898934886,0.7531171337559222,0.5881674371262564,0.7302322206095792,2.0,4.0,2.0,"['Tier_1', 'Expert_trend']","['Risk_Above_55_Penalty', 'Coverage_Below_80_Cap']",2023-03-03,oos_isotonic,1387.0,0.23584271184548117,0.045072770688487175
2023-04-21,v2_relative_alpha_calibrated_experts_sensitivity,trend,2.1863312041527916,3.089938995946669,5.276270200099461,0.6991382290142719,0.5881674371262564,0.6720609579100145,0.0,2.0,0.0,"['No_Alpha_Tier', 'Expert_trend']","['Risk_Above_55_Penalty', 'Coverage_Below_80_Cap']",2023-03-03,oos_isotonic,1387.0,0.23584271184548117,0.045072770688487175
2023-04-24,v2_relative_alpha_calibrated_experts_sensitivity,trend,2.960702308946566,3.0940162733024903,6.054718582249056,0.7387824729978052,0.5881674371262564,0.7124383164005805,2.0,4.0,2.0,"['Tier_1', 'Expert_trend']","['Risk_Above_55_Penalty', 'Coverage_Below_80_Cap']",2023-03-03,oos_isotonic,1387.0,0.23584271184548117,0.045072770688487175
2023-04-25,v2_relative_alpha_calibrated_experts_sensitivity,pullback,-0.9265398329648502,5.645606123115919,4.719066290151068,0.46834723118844584,0.46488824801730355,0.3651432205264322,0.0,2.0,0.0,"['No_Alpha_Tier', 'Expert_pullback']","['Risk_Above_55_Penalty', 'Coverage_Below_80_Cap']",2023-03-03,oos_isotonic,1387.0,0.23584271184548117,0.045072770688487175
2023-04-26,v2_relative_alpha_calibrated_experts_sensitivity,pullback,-1.1650867276869754,3.0954744568934442,1.9303877292064688,0.4530151373829706,0.46488824801730355,0.34441218756912184,0.0,2.0,0.0,"['No_Alpha_Tier', 'Expert_pullback']","['Risk_Above_55_Penalty', 'Coverage_Below_80_Cap']",2023-03-03,oos_isotonic,1387.0,0.23584271184548117,0.045072770688487175
2023-04-27,v2_relative_alpha_calibrated_experts_sensitivity,trend,0.7945568607618543,3.0976490639033676,3.8922059246652223,0.6139207700322741,0.5881674371262564,0.5772714078374456,0.0,2.0,0.0,"['No_Alpha_Tier', 'Expert_trend']","['Risk_Above_55_Penalty', 'Coverage_Below_80_Cap']",2023-03-03,oos_isotonic,1387.0,0.23584271184548117,0.045072770688487175
2023-04-28,v2_relative_alpha_calibrated_experts_sensitivity,trend,1.382665344816214,3.102229056370199,4.484894401186413,0.6422309728248599,0.5881674371262564,0.5994484760522497,0.0,0.0,0.0,"['No_Alpha_Tier', 'Expert_trend']","['Risk_Above_55_Penalty', 'Liquidity_Below_45_Penalty', 'Coverage_Below_80_Cap']",2023-03-03,oos_isotonic,1387.0,0.23584271184548117,0.045072770688487175
2023-05-01,v2_relative_alpha_calibrated_experts_sensitivity,trend,0.9067185651753625,3.1060639010206983,4.01278246619606,0.6125517093992553,0.5895489917161744,0.5846654100191837,0.0,0.0,0.0,"['No_Alpha_Tier', 'Expert_trend']","['Risk_Above_55_Penalty', 'Liquidity_Below_45_Penalty', 'Coverage_Below_80_Cap']",2023-03-30,oos_isotonic,1406.0,0.23693489543652166,0.04094555570699567
2023-05-02,v2_relative_alpha_calibrated_experts_sensitivity,trend,1.8320473902374987,3.1050567531035327,4.937104143341031,0.6584731343797794,0.5895489917161744,0.6183380988805517,0.0,2.0,0.0,"['No_Alpha_Tier', 'Expert_trend']","['Risk_Above_55_Penalty', 'Coverage_Below_80_Cap']",2023-03-30,oos_isotonic,1406.0,0.23693489543652166,0.04094555570699567
2023-05-03,v2_relative_alpha_calibrated_experts_sensitivity,trend,2.197355701153391,3.102362813527468,5.299718514680859,0.6764799459884953,0.5895489917161744,0.6354826861902334,0.0,2.0,0.0,"['No_Alpha_Tier', 'Expert_trend']","['Risk_Above_55_Penalty', 'Coverage_Below_80_Cap']",2023-03-30,oos_isotonic,1406.0,0.23693489543652166,0.04094555570699567
2023-05-04,v2_relative_alpha_calibrated_experts_sensitivity,trend,0.6034505722918236,3.098846481780885,3.7022970540727083,0.581706302244396,0.5623044096728308,0.5532137089920109,0.0,2.0,0.0,"['No_Alpha_Tier', 'Expert_trend']","['Risk_Above_55_Penalty', 'Coverage_Below_80_Cap']",2023-03-30,oos_isotonic,1406.0,0.23693489543652166,0.04094555570699567
2023-05-05,v2_relative_alpha_calibrated_experts_sensitivity,trend,0.308814076840572,3.097052329965104,3.405866406805676,0.5535307593173102,0.4662698026072215,0.518334456424079,0.0,2.0,0.0,"['No_Alpha_Tier', 'Expert_trend']","['Risk_Above_55_Penalty', 'Coverage_Below_80_Cap']",2023-03-30,oos_isotonic,1406.0,0.23693489543652166,0.04094555570699567
2023-05-08,v2_relative_alpha_calibrated_experts_sensitivity,trend,-1.3210599453269958,3.0990871943545812,1.7780272490275855,0.4324598565354213,0.46278287857235223,0.432713963963964,0.0,2.0,0.0,"['No_Alpha_Tier', 'Expert_trend']","['Risk_Above_55_Penalty', 'Coverage_Below_80_Cap']",2023-03-30,oos_isotonic,1406.0,0.23693489543652166,0.04094555570699567
2023-05-09,v2_relative_alpha_calibrated_experts_sensitivity,trend,-1.002237238299204,3.101917841499945,2.099680603200741,0.4620341256753497,0.4662698026072215,0.4417015735411962,0.0,2.0,0.0,"['No_Alpha_Tier', 'Expert_trend']","['Risk_Above_55_Penalty', 'Coverage_Below_80_Cap']",2023-03-30,oos_isotonic,1406.0,0.23693489543652166,0.04094555570699567
2023-05-10,v2_relative_alpha_calibrated_experts_sensitivity,trend,-1.5574018970696608,3.104746447581048,1.547344550511387,0.41520040196451563,0.4560360101610909,0.4090302566717662,0.0,2.0,0.0,"['No_Alpha_Tier', 'Expert_trend']","['Risk_Above_55_Penalty', 'Coverage_Below_80_Cap']",2023-03-30,oos_isotonic,1406.0,0.23693489543652166,0.04094555570699567
2023-05-11,v2_relative_alpha_calibrated_experts_sensitivity,trend,-1.0222304561050939,3.1128349236227706,2.0906044675176765,0.45312244605882024,0.4662698026072215,0.43382597557125857,0.0,4.0,0.0,"['No_Alpha_Tier', 'Expert_trend']","['Risk_Above_55_Penalty', 'Coverage_Below_80_Cap']",2023-03-30,oos_isotonic,1406.0,0.23693489543652166,0.04094555570699567
2023-05-12,v2_relative_alpha_calibrated_experts_sensitivity,trend,-1.8469076402624396,3.116534481542615,1.2696268412801752,0.3870838407593262,0.4560360101610909,0.38269893883101436,0.0,4.0,0.0,"['No_Alpha_Tier', 'Expert_trend']","['Risk_Above_55_Penalty', 'Coverage_Below_80_Cap']",2023-03-30,oos_isotonic,1406.0,0.23693489543652166,0.04094555570699567
2023-05-15,v2_relative_alpha_calibrated_experts_sensitivity,trend,-1.652153847311769,1.260825068472939,-0.39132877883883005,0.40604301059312653,0.4560360101610909,0.39868962628396587,0.0,4.0,0.0,"['No_Alpha_Tier', 'Expert_trend']","['Risk_Above_55_Penalty', 'Coverage_Below_80_Cap']",2023-03-30,oos_isotonic,1406.0,0.23693489543652166,0.04094555570699567
2023-05-16,v2_relative_alpha_calibrated_experts_sensitivity,trend,-1.5120618892295723,1.260825068472939,-0.2512368207566335,0.42779010973408693,0.4560360101610909,0.4088073079818363,0.0,4.0,0.0,"['No_Alpha_Tier', 'Expert_trend']","['Risk_Above_55_Penalty', 'Coverage_Below_80_Cap']",2023-03-30,oos_isotonic,1406.0,0.23693489543652166,0.04094555570699567
2023-05-17,v2_relative_alpha_calibrated_experts_sensitivity,trend,-3.2082113857220067,1.260825068472939,-1.947386317249068,0.30303073137646946,0.4560360101610909,0.3269717831038586,0.0,4.0,0.0,"['No_Alpha_Tier', 'Expert_trend']","['Risk_Above_55_Penalty', 'Coverage_Below_80_Cap']",2023-03-30,oos_isotonic,1406.0,0.23693489543652166,0.04094555570699567
2023-05-18,v2_relative_alpha_calibrated_experts_sensitivity,trend,-3.2079961777109465,1.260825068472939,-1.9471711092380075,0.30895552603607884,0.4560360101610909,0.3298997110317865,0.0,4.0,0.0,"['No_Alpha_Tier', 'Expert_trend']",['Coverage_Below_80_Cap'],2023-03-30,oos_isotonic,1406.0,0.23693489543652166,0.04094555570699567
2023-05-19,v2_relative_alpha_calibrated_experts_sensitivity,trend,-4.2949577847333735,1.260825068472939,-3.0341327162604346,0.23397152701568302,0.4560360101610909,0.27224235691216825,0.0,4.0,0.0,"['No_Alpha_Tier', 'Expert_trend']",['Coverage_Below_80_Cap'],2023-03-30,oos_isotonic,1406.0,0.23693489543652166,0.04094555570699567
2023-05-22,v2_relative_alpha_calibrated_experts_sensitivity,trend,-5.264275501812422,1.260825068472939,-4.003450433339484,0.20506149635464224,0.4560360101610909,0.2533682098540589,0.0,4.0,0.0,"['No_Alpha_Tier', 'Expert_trend']",['Coverage_Below_80_Cap'],2023-03-30,oos_isotonic,1406.0,0.23693489543652166,0.04094555570699567
2023-05-23,v2_relative_alpha_calibrated_experts_sensitivity,trend,-5.126048670812814,1.260825068472939,-3.8652236023398747,0.19854922851909543,0.4560360101610909,0.2530511643719191,0.0,4.0,0.0,"['No_Alpha_Tier', 'Expert_trend']",['Coverage_Below_80_Cap'],2023-03-30,oos_isotonic,1406.0,0.23693489543652166,0.04094555570699567
2023-05-24,v2_relative_alpha_calibrated_experts_sensitivity,trend,-4.8240615315002255,1.260825068472939,-3.563236463027286,0.21364041820849622,0.4560360101610909,0.2601100932468857,0.0,4.0,0.0,"['No_Alpha_Tier', 'Expert_trend']",['Coverage_Below_80_Cap'],2023-03-30,oos_isotonic,1406.0,0.23693489543652166,0.04094555570699567
2023-05-25,v2_relative_alpha_calibrated_experts_sensitivity,trend,-6.566242075051032,1.260825068472939,-5.305417006578093,0.1707642089670987,0.4560360101610909,0.22987224083922198,0.0,4.0,0.0,"['No_Alpha_Tier', 'Expert_trend']",['Coverage_Below_80_Cap'],2023-03-30,oos_isotonic,1406.0,0.23693489543652166,0.04094555570699567
2023-05-26,v2_relative_alpha_calibrated_experts_sensitivity,trend,-7.3460095548434285,3.2068705307541507,-4.139139024089278,0.12940268161122526,0.4560360101610909,0.20178601782375366,0.0,4.0,0.0,"['No_Alpha_Tier', 'Expert_trend']",['Coverage_Below_80_Cap'],2023-03-30,oos_isotonic,1406.0,0.23693489543652166,0.04094555570699567
2023-05-30,v2_relative_alpha_calibrated_experts_sensitivity,trend,-7.389895392180143,1.260825068472939,-6.129070323707205,0.12595387043655976,0.4560360101610909,0.19818362837230763,0.0,4.0,0.0,"['No_Alpha_Tier', 'Expert_trend']",['Coverage_Below_80_Cap'],2023-03-30,oos_isotonic,1406.0,0.23693489543652166,0.04094555570699567
2023-05-31,v2_relative_alpha_calibrated_experts_sensitivity,trend,-6.058578089286389,3.2434813275844925,-2.8150967617018963,0.19576635465839684,0.4560360101610909,0.2457780894101649,0.0,4.0,0.0,"['No_Alpha_Tier', 'Expert_trend']",['Coverage_Below_80_Cap'],2023-03-30,oos_isotonic,1406.0,0.23693489543652166,0.04094555570699567
2023-06-01,v2_relative_alpha_calibrated_experts_sensitivity,trend,-8.957202594163457,1.260825068472939,-7.696377525690519,0.1167707319028948,0.45471758542724877,0.157725327961177,0.0,4.0,0.0,"['No_Alpha_Tier', 'Expert_trend']",['Coverage_Below_80_Cap'],2023-05-02,oos_isotonic,1428.0,0.2374737140579511,0.035707584021985934
2023-06-02,v2_relative_alpha_calibrated_experts_sensitivity,trend,-7.834876943606485,1.260825068472939,-6.574051875133547,0.137114548421591,0.45471758542724877,0.20114761194949876,0.0,4.0,0.0,"['No_Alpha_Tier', 'Expert_trend']",['Coverage_Below_80_Cap'],2023-05-02,oos_isotonic,1428.0,0.2374737140579511,0.035707584021985934
2023-06-05,v2_relative_alpha_calibrated_experts_sensitivity,trend,-7.3393632230730015,1.260825068472939,-6.078538154600063,0.1525040827138054,0.45471758542724877,0.20992416685812915,0.0,4.0,0.0,"['No_Alpha_Tier', 'Expert_trend']",['Coverage_Below_80_Cap'],2023-05-02,oos_isotonic,1428.0,0.2374737140579511,0.035707584021985934
2023-06-06,v2_relative_alpha_calibrated_experts_sensitivity,trend,-6.0137950946949275,1.260825068472939,-4.752970026221988,0.20500185143013497,0.45471758542724877,0.24643361482984127,0.0,4.0,0.0,"['No_Alpha_Tier', 'Expert_trend']",['Coverage_Below_80_Cap'],2023-05-02,oos_isotonic,1428.0,0.2374737140579511,0.035707584021985934
2023-06-07,v2_relative_alpha_calibrated_experts_sensitivity,trend,-4.792933800096873,1.260825068472939,-3.532108731623934,0.24834089796562892,0.45471758542724877,0.28422719682153647,0.0,4.0,0.0,"['No_Alpha_Tier', 'Expert_trend']",['Coverage_Below_80_Cap'],2023-05-02,oos_isotonic,1428.0,0.2374737140579511,0.035707584021985934
2023-06-08,v2_relative_alpha_calibrated_experts_sensitivity,trend,-4.194406686705759,1.260825068472939,-2.93358161823282,0.2812103465275288,0.45471758542724877,0.31190004539061145,0.0,4.0,0.0,"['No_Alpha_Tier', 'Expert_trend']",['Coverage_Below_80_Cap'],2023-05-02,oos_isotonic,1428.0,0.2374737140579511,0.035707584021985934
2023-06-09,v2_relative_alpha_calibrated_experts_sensitivity,trend,-3.8808322018483854,1.260825068472939,-2.6200071333754464,0.313244028095943,0.45471758542724877,0.3341401140929443,0.0,4.0,0.0,"['No_Alpha_Tier', 'Expert_trend']",['Coverage_Below_80_Cap'],2023-05-02,oos_isotonic,1428.0,0.2374737140579511,0.035707584021985934
2023-06-12,v2_relative_alpha_calibrated_experts_sensitivity,trend,-4.3072357986514636,1.260825068472939,-3.046410730178525,0.3106280133024231,0.45471758542724877,0.34463027665857854,0.0,4.0,0.0,"['No_Alpha_Tier', 'Expert_trend']",['Coverage_Below_80_Cap'],2023-05-02,oos_isotonic,1428.0,0.2374737140579511,0.035707584021985934
2023-06-13,v2_relative_alpha_calibrated_experts_sensitivity,trend,-4.731607841594738,1.260825068472939,-3.4707827731218,0.29508884867315754,0.45471758542724877,0.3253905974188993,0.0,4.0,0.0,"['No_Alpha_Tier', 'Expert_trend']",['Coverage_Below_80_Cap'],2023-05-02,oos_isotonic,1428.0,0.2374737140579511,0.035707584021985934
2023-06-14,v2_relative_alpha_calibrated_experts_sensitivity,trend,-5.1511393309776805,1.26870739012723,-3.8824319408504504,0.2724865546119238,0.45471758542724877,0.30463918666748857,0.0,4.0,0.0,"['No_Alpha_Tier', 'Expert_trend']",['Coverage_Below_80_Cap'],2023-05-02,oos_isotonic,1428.0,0.2374737140579511,0.035707584021985934
2023-06-15,v2_relative_alpha_calibrated_experts_sensitivity,trend,-5.404802073773114,1.2770362424089017,-4.127765831364212,0.27210435349140316,0.45471758542724877,0.31035596606351323,0.0,4.0,0.0,"['No_Alpha_Tier', 'Expert_trend']",['Coverage_Below_80_Cap'],2023-05-02,oos_isotonic,1428.0,0.2374737140579511,0.035707584021985934
2023-06-16,v2_relative_alpha_calibrated_experts_sensitivity,trend,-5.4436499663698825,1.2853293273152069,-4.158320639054676,0.274514907008421,0.45471758542724877,0.3060087503012031,0.0,4.0,0.0,"['No_Alpha_Tier', 'Expert_trend']",['Coverage_Below_80_Cap'],2023-05-02,oos_isotonic,1428.0,0.2374737140579511,0.035707584021985934
2023-06-20,v2_relative_alpha_calibrated_experts_sensitivity,trend,-6.0770606213183935,1.2916222021838781,-4.785438419134515,0.24443807823291444,0.45471758542724877,0.2763900594560972,0.0,4.0,0.0,"['No_Alpha_Tier', 'Expert_trend']",['Coverage_Below_80_Cap'],2023-05-02,oos_isotonic,1428.0,0.2374737140579511,0.035707584021985934
2023-06-21,v2_relative_alpha_calibrated_experts_sensitivity,pullback,-1.7016353276148748,1.2939478998408125,-0.4076874277740623,0.4747415934336857,0.4678235677832777,0.3873034859876966,0.0,4.0,0.0,"['No_Alpha_Tier', 'Expert_pullback']",['Coverage_Below_80_Cap'],2023-05-02,oos_isotonic,1428.0,0.2374737140579511,0.035707584021985934
2023-06-22,v2_relative_alpha_calibrated_experts_sensitivity,trend,-5.463914028350871,1.2952211576729407,-4.168692870677931,0.27530058038855043,0.45471758542724877,0.30766695059147886,0.0,4.0,0.0,"['No_Alpha_Tier', 'Expert_trend']",['Coverage_Below_80_Cap'],2023-05-02,oos_isotonic,1428.0,0.2374737140579511,0.035707584021985934
2023-06-23,v2_relative_alpha_calibrated_experts_sensitivity,trend,-6.358545059203173,1.2984111933228772,-5.060133865880296,0.25208968364198314,0.45471758542724877,0.2849644019927039,0.0,0.0,0.0,"['No_Alpha_Tier', 'Expert_trend']",['Hard_Risk_Cap_Zero'],2023-05-02,oos_isotonic,1428.0,0.2374737140579511,0.035707584021985934
2023-06-26,v2_relative_alpha_calibrated_experts_sensitivity,pullback,-1.9684614531204907,4.304525326253655,2.3360638731331647,0.43919287467209567,0.4678235677832777,0.3632746639325587,0.0,4.0,0.0,"['No_Alpha_Tier', 'Expert_pullback']","['Liquidity_Below_45_Penalty', 'Coverage_Below_80_Cap']",2023-05-02,oos_isotonic,1428.0,0.2374737140579511,0.035707584021985934
2023-06-27,v2_relative_alpha_calibrated_experts_sensitivity,trend,-2.433344447005894,1.3020515092900795,-1.1312929377158145,0.41174711343407777,0.45471758542724877,0.4327672442295084,0.0,4.0,0.0,"['No_Alpha_Tier', 'Expert_trend']","['Liquidity_Below_45_Penalty', 'Coverage_Below_80_Cap']",2023-05-02,oos_isotonic,1428.0,0.2374737140579511,0.035707584021985934
2023-06-28,v2_relative_alpha_calibrated_experts_sensitivity,trend,-1.0942296688029194,1.3020515092900795,0.20782184048716013,0.4794209990691637,0.4678235677832777,0.4929473637020807,0.0,3.0,0.0,"['No_Alpha_Tier', 'Expert_trend']","['Risk_Above_55_Penalty', 'Liquidity_Below_45_Penalty', 'Coverage_Below_80_Cap']",2023-05-02,oos_isotonic,1428.0,0.2374737140579511,0.035707584021985934
2023-06-29,v2_relative_alpha_calibrated_experts_sensitivity,trend,-1.8874790849634862,1.3025243392678763,-0.5849547456956098,0.45534578595385033,0.4678235677832777,0.47264519391877885,0.0,3.0,0.0,"['No_Alpha_Tier', 'Expert_trend']","['Risk_Above_55_Penalty', 'Liquidity_Below_45_Penalty', 'Coverage_Below_80_Cap']",2023-05-02,oos_isotonic,1428.0,0.2374737140579511,0.035707584021985934
2023-06-30,v2_relative_alpha_calibrated_experts_sensitivity,trend,-1.8600026275218051,1.3025243392678763,-0.5574782882539289,0.4186227979880085,0.45471758542724877,0.44954881171862304,0.0,0.0,0.0,"['No_Alpha_Tier', 'Expert_trend']",['Hard_Risk_Cap_Zero'],2023-05-02,oos_isotonic,1428.0,0.2374737140579511,0.035707584021985934
2023-07-03,v2_relative_alpha_calibrated_experts_sensitivity,trend,-2.898674647672841,1.3042931154274267,-1.594381532245414,0.3536940140653432,0.49984319523579746,0.40041159758140893,0.0,0.0,0.0,"['No_Alpha_Tier', 'Expert_trend']",['Hard_Risk_Cap_Zero'],2023-06-01,oos_isotonic,1449.0,0.24180246079820367,0.058288151164659525
2023-07-05,v2_relative_alpha_calibrated_experts_sensitivity,trend,-2.357486277826636,1.3051594990904856,-1.0523267787361503,0.382241925109857,0.49984319523579746,0.4138194798572157,0.0,0.0,0.0,"['No_Alpha_Tier', 'Expert_trend']",['Hard_Risk_Cap_Zero'],2023-06-01,oos_isotonic,1449.0,0.24180246079820367,0.058288151164659525
2023-07-06,v2_relative_alpha_calibrated_experts_sensitivity,trend,-1.4889972424557634,1.3063400564768217,-0.1826571859789416,0.4154802310273794,0.49984319523579746,0.4334668900706637,0.0,0.0,0.0,"['No_Alpha_Tier', 'Expert_trend']",['Hard_Risk_Cap_Zero'],2023-06-01,oos_isotonic,1449.0,0.24180246079820367,0.058288151164659525
2023-07-07,v2_relative_alpha_calibrated_experts_sensitivity,trend,-0.6249197146006201,1.306790336468435,0.6818706218678149,0.4547562262058872,0.49984319523579746,0.4867705980913528,0.0,0.0,0.0,"['No_Alpha_Tier', 'Expert_trend']",['Hard_Risk_Cap_Zero'],2023-06-01,oos_isotonic,1449.0,0.24180246079820367,0.058288151164659525
2023-07-10,v2_relative_alpha_calibrated_experts_sensitivity,trend,-1.8664867268343897,1.3079377824532676,-0.5585489443811221,0.3934865945578828,0.49984319523579746,0.4247359219057333,0.0,0.0,0.0,"['No_Alpha_Tier', 'Expert_trend']",['Hard_Risk_Cap_Zero'],2023-06-01,oos_isotonic,1449.0,0.24180246079820367,0.058288151164659525
2023-07-11,v2_relative_alpha_calibrated_experts_sensitivity,trend,-1.9640797573892275,1.3076254242261764,-0.6564543331630512,0.38798317231738355,0.49984319523579746,0.4231915203613317,0.0,0.0,0.0,"['No_Alpha_Tier', 'Expert_trend']",['Hard_Risk_Cap_Zero'],2023-06-01,oos_isotonic,1449.0,0.24180246079820367,0.058288151164659525
2023-07-12,v2_relative_alpha_calibrated_experts_sensitivity,trend,-1.6373112438119608,1.3075099936389345,-0.3298012501730264,0.40788007821384803,0.49984319523579746,0.4328877394915131,0.0,0.0,0.0,"['No_Alpha_Tier', 'Expert_trend']",['Hard_Risk_Cap_Zero'],2023-06-01,oos_isotonic,1449.0,0.24180246079820367,0.058288151164659525
2023-07-13,v2_relative_alpha_calibrated_experts_sensitivity,trend,-2.6208381886796617,1.3072632495495158,-1.3135749391301457,0.36642240330753845,0.49984319523579746,0.4033073504771618,0.0,0.0,0.0,"['No_Alpha_Tier', 'Expert_trend']",['Hard_Risk_Cap_Zero'],2023-06-01,oos_isotonic,1449.0,0.24180246079820367,0.058288151164659525
2023-07-14,v2_relative_alpha_calibrated_experts_sensitivity,trend,-1.3342275041151466,1.3081337533754365,-0.026093750739710105,0.4120800363243746,0.49984319523579746,0.4479019450717564,0.0,0.0,0.0,"['No_Alpha_Tier', 'Expert_trend']",['Hard_Risk_Cap_Zero'],2023-06-01,oos_isotonic,1449.0,0.24180246079820367,0.058288151164659525
2023-07-17,v2_relative_alpha_calibrated_experts_sensitivity,trend,-0.0053941407202776764,1.309237928290301,1.3038437875700235,0.46633083572518774,0.49984319523579746,0.4899868871566985,0.0,0.0,0.0,"['No_Alpha_Tier', 'Expert_trend']",['Hard_Risk_Cap_Zero'],2023-06-01,oos_isotonic,1449.0,0.24180246079820367,0.058288151164659525
2023-07-18,v2_relative_alpha_calibrated_experts_sensitivity,trend,-0.033901573504298635,1.3098356135206328,1.2759340400163341,0.465358404954169,0.49984319523579746,0.48631893348874483,0.0,0.0,0.0,"['No_Alpha_Tier', 'Expert_trend']",['Hard_Risk_Cap_Zero'],2023-06-01,oos_isotonic,1449.0,0.24180246079820367,0.058288151164659525
2023-07-19,v2_relative_alpha_calibrated_experts_sensitivity,trend,-1.3321464886221486,1.3115186434519297,-0.020627845170219025,0.4160060655068352,0.49984319523579746,0.4537371603409339,0.0,0.0,0.0,"['No_Alpha_Tier', 'Expert_trend']",['Hard_Risk_Cap_Zero'],2023-06-01,oos_isotonic,1449.0,0.24180246079820367,0.058288151164659525
2023-07-20,v2_relative_alpha_calibrated_experts_sensitivity,pullback,0.4051910149297474,1.3123191585047747,1.7175101734345222,0.5628649288350658,0.49984319523579746,0.43977272727272726,0.0,0.0,0.0,"['No_Alpha_Tier', 'Expert_pullback']",['Hard_Risk_Cap_Zero'],2023-06-01,oos_isotonic,1449.0,0.24180246079820367,0.058288151164659525
2023-07-21,v2_relative_alpha_calibrated_experts_sensitivity,pullback,0.9134209689156746,1.3123277642019486,2.2257487331176233,0.6164763383781091,0.5953909402295638,0.5132575757575757,0.0,0.0,0.0,"['No_Alpha_Tier', 'Expert_pullback']",['Hard_Risk_Cap_Zero'],2023-06-01,oos_isotonic,1449.0,0.24180246079820367,0.058288151164659525
2023-07-24,v2_relative_alpha_calibrated_experts_sensitivity,pullback,0.8471605917426043,1.3116917245009212,2.158852316243526,0.6405913574456663,0.5953909402295638,0.546969696969697,0.0,0.0,0.0,"['No_Alpha_Tier', 'Expert_pullback']",['Hard_Risk_Cap_Zero'],2023-06-01,oos_isotonic,1449.0,0.24180246079820367,0.058288151164659525
2023-07-25,v2_relative_alpha_calibrated_experts_sensitivity,trend,-4.225195031385806,1.3115576401124671,-2.913637391273339,0.3206794798646126,0.49984319523579746,0.37680119472572304,0.0,0.0,0.0,"['No_Alpha_Tier', 'Expert_trend']",['Hard_Risk_Cap_Zero'],2023-06-01,oos_isotonic,1449.0,0.24180246079820367,0.058288151164659525
2023-07-26,v2_relative_alpha_calibrated_experts_sensitivity,pullback,2.8151033247710404,1.3115576401124671,4.1266609648835075,0.7351495536535895,0.5953909402295638,0.5973484848484849,0.0,3.0,0.0,"['No_Alpha_Tier', 'Expert_pullback']","['Risk_Above_55_Penalty', 'Liquidity_Below_45_Penalty', 'Coverage_Below_80_Cap']",2023-06-01,oos_isotonic,1449.0,0.24180246079820367,0.058288151164659525
2023-07-27,v2_relative_alpha_calibrated_experts_sensitivity,pullback,3.2535979040360368,1.3125863190948244,4.566184223130861,0.7694331492097795,0.5953909402295638,0.6318181818181818,0.0,3.0,0.0,"['No_Alpha_Tier', 'Expert_pullback']","['Risk_Above_55_Penalty', 'Liquidity_Below_45_Penalty', 'Coverage_Below_80_Cap']",2023-06-01,oos_isotonic,1449.0,0.24180246079820367,0.058288151164659525
2023-07-28,v2_relative_alpha_calibrated_experts_sensitivity,trend,-2.180461559301788,1.312334794948223,-0.8681267643535652,0.3805652728330292,0.49984319523579746,0.41353901070882204,0.0,4.0,0.0,"['No_Alpha_Tier', 'Expert_trend']","['Liquidity_Below_45_Penalty', 'Coverage_Below_80_Cap']",2023-06-01,oos_isotonic,1449.0,0.24180246079820367,0.058288151164659525
2023-07-31,v2_relative_alpha_calibrated_experts_sensitivity,trend,-2.6453834221143118,1.3134897527746487,-1.331893669339663,0.3676459436660715,0.49984319523579746,0.404917316238071,0.0,4.0,0.0,"['No_Alpha_Tier', 'Expert_trend']","['Liquidity_Below_45_Penalty', 'Coverage_Below_80_Cap']",2023-06-01,oos_isotonic,1449.0,0.24180246079820367,0.058288151164659525
2023-08-01,v2_relative_alpha_calibrated_experts_sensitivity,trend,-1.7446608782837456,1.3133357274295427,-0.43132515085420287,0.4046499761613103,0.4604189119160631,0.42524151452957015,0.0,3.0,0.0,"['No_Alpha_Tier', 'Expert_trend']","['Risk_Above_55_Penalty', 'Liquidity_Below_45_Penalty', 'Coverage_Below_80_Cap']",2023-06-30,oos_isotonic,1469.0,0.23665443852978235,0.0411409166578898
2023-08-02,v2_relative_alpha_calibrated_experts_sensitivity,pullback,4.039292565618286,1.312429143792111,5.3517217094103975,0.7917538093320592,0.609354102430625,0.6361305361305362,0.0,4.0,0.0,"['No_Alpha_Tier', 'Expert_pullback']",['Coverage_Below_80_Cap'],2023-06-30,oos_isotonic,1469.0,0.23665443852978235,0.0411409166578898
2023-08-03,v2_relative_alpha_calibrated_experts_sensitivity,pullback,4.481911659006426,4.311898250179624,8.79380990918605,0.8099846909183394,0.609354102430625,0.6718065268065269,0.0,4.0,0.0,"['No_Alpha_Tier', 'Expert_pullback']",['Coverage_Below_80_Cap'],2023-06-30,oos_isotonic,1469.0,0.23665443852978235,0.0411409166578898
2023-08-04,v2_relative_alpha_calibrated_experts_sensitivity,pullback,4.022220505234766,4.311898250179624,8.33411875541439,0.7820845560076078,0.609354102430625,0.6264219114219115,0.0,4.0,0.0,"['No_Alpha_Tier', 'Expert_pullback']","['Liquidity_Below_45_Penalty', 'Coverage_Below_80_Cap']",2023-06-30,oos_isotonic,1469.0,0.23665443852978235,0.0411409166578898
2023-08-07,v2_relative_alpha_calibrated_experts_sensitivity,pullback,2.9165857176363774,1.3084972830026989,4.225083000639077,0.733719419065471,0.609354102430625,0.5728030303030303,0.0,4.0,0.0,"['No_Alpha_Tier', 'Expert_pullback']","['Liquidity_Below_45_Penalty', 'Coverage_Below_80_Cap']",2023-06-30,oos_isotonic,1469.0,0.23665443852978235,0.0411409166578898
2023-08-08,v2_relative_alpha_calibrated_experts_sensitivity,pullback,3.3795916505610686,4.311898250179624,7.691489900740693,0.7577545285475642,0.609354102430625,0.5967132867132867,0.0,4.0,0.0,"['No_Alpha_Tier', 'Expert_pullback']","['Liquidity_Below_45_Penalty', 'Coverage_Below_80_Cap']",2023-06-30,oos_isotonic,1469.0,0.23665443852978235,0.0411409166578898
2023-08-09,v2_relative_alpha_calibrated_experts_sensitivity,pullback,3.887093050753866,4.311898250179624,8.198991300933491,0.779170845246791,0.609354102430625,0.6240792540792541,0.0,4.0,0.0,"['No_Alpha_Tier', 'Expert_pullback']",['Coverage_Below_80_Cap'],2023-06-30,oos_isotonic,1469.0,0.23665443852978235,0.0411409166578898
2023-08-10,v2_relative_alpha_calibrated_experts_sensitivity,pullback,2.9484755619839995,4.311898250179624,7.260373812163623,0.7350556163086276,0.609354102430625,0.5769696969696969,0.0,4.0,0.0,"['No_Alpha_Tier', 'Expert_pullback']","['Liquidity_Below_45_Penalty', 'Coverage_Below_80_Cap']",2023-06-30,oos_isotonic,1469.0,0.23665443852978235,0.0411409166578898
2023-08-11,v2_relative_alpha_calibrated_experts_sensitivity,pullback,4.638417221596951,4.311898250179624,8.950315471776575,0.818068489380553,0.609354102430625,0.6887296037296038,0.0,4.0,0.0,"['No_Alpha_Tier', 'Expert_pullback']",['Coverage_Below_80_Cap'],2023-06-30,oos_isotonic,1469.0,0.23665443852978235,0.0411409166578898
2023-08-14,v2_relative_alpha_calibrated_experts_sensitivity,pullback,4.19986843280737,4.311898250179624,8.511766682986995,0.8026016634625894,0.609354102430625,0.6514452214452215,0.0,4.0,0.0,"['No_Alpha_Tier', 'Expert_pullback']",['Coverage_Below_80_Cap'],2023-06-30,oos_isotonic,1469.0,0.23665443852978235,0.0411409166578898
2023-08-15,v2_relative_alpha_calibrated_experts_sensitivity,pullback,5.1024412122089196,4.311898250179624,9.414339462388543,0.8387422198788399,0.609354102430625,0.728904428904429,2.0,4.0,2.0,"['Tier_1', 'Expert_pullback']",['Coverage_Below_80_Cap'],2023-06-30,oos_isotonic,1469.0,0.23665443852978235,0.0411409166578898
2023-08-16,v2_relative_alpha_calibrated_experts_sensitivity,pullback,5.427245514734985,4.311898250179624,9.73914376491461,0.8476545853241535,0.609354102430625,0.7418298368298368,2.0,3.0,2.0,"['Tier_1', 'Expert_pullback']","['Risk_Above_55_Penalty', 'Liquidity_Below_45_Penalty', 'Coverage_Below_80_Cap']",2023-06-30,oos_isotonic,1469.0,0.23665443852978235,0.0411409166578898
2023-08-17,v2_relative_alpha_calibrated_experts_sensitivity,pullback,5.783634963746604,4.311898250179624,10.095533213926227,0.8606968824115346,0.609354102430625,0.7476748251748253,2.0,3.0,2.0,"['Tier_1', 'Expert_pullback']","['Risk_Above_55_Penalty', 'Liquidity_Below_45_Penalty', 'Coverage_Below_80_Cap']",2023-06-30,oos_isotonic,1469.0,0.23665443852978235,0.0411409166578898
2023-08-18,v2_relative_alpha_calibrated_experts_sensitivity,pullback,4.43612531262708,4.311898250179624,8.748023562806704,0.8085717058339789,0.609354102430625,0.6618356643356643,0.0,1.0,0.0,"['No_Alpha_Tier', 'Expert_pullback']","['Risk_Above_55_Penalty', 'Liquidity_Below_45_Penalty', 'Coverage_Below_80_Cap']",2023-06-30,oos_isotonic,1469.0,0.23665443852978235,0.0411409166578898
2023-08-21,v2_relative_alpha_calibrated_experts_sensitivity,pullback,3.243471964181727,4.311898250179624,7.555370214361351,0.7586763114553503,0.609354102430625,0.5875990675990677,0.0,1.0,0.0,"['No_Alpha_Tier', 'Expert_pullback']","['Risk_Above_55_Penalty', 'Liquidity_Below_45_Penalty', 'Coverage_Below_80_Cap']",2023-06-30,oos_isotonic,1469.0,0.23665443852978235,0.0411409166578898
2023-08-22,v2_relative_alpha_calibrated_experts_sensitivity,pullback,3.596727159407377,4.311898250179624,7.908625409587001,0.7747254840891187,0.609354102430625,0.6058041958041959,0.0,1.0,0.0,"['No_Alpha_Tier', 'Expert_pullback']","['Risk_Above_55_Penalty', 'Liquidity_Below_45_Penalty', 'Coverage_Below_80_Cap']",2023-06-30,oos_isotonic,1469.0,0.23665443852978235,0.0411409166578898
2023-08-23,v2_relative_alpha_calibrated_experts_sensitivity,pullback,2.777836949915298,4.311898250179624,7.089735200094922,0.7344215460220411,0.609354102430625,0.5715734265734266,0.0,1.0,0.0,"['No_Alpha_Tier', 'Expert_pullback']","['Risk_Above_55_Penalty', 'Liquidity_Below_45_Penalty', 'Coverage_Below_80_Cap']",2023-06-30,oos_isotonic,1469.0,0.23665443852978235,0.0411409166578898
2023-08-24,v2_relative_alpha_calibrated_experts_sensitivity,pullback,4.2003630757038115,4.311898250179624,8.512261325883436,0.8070501120732116,0.609354102430625,0.6690850815850817,0.0,1.0,0.0,"['No_Alpha_Tier', 'Expert_pullback']","['Risk_Above_55_Penalty', 'Liquidity_Below_45_Penalty', 'Coverage_Below_80_Cap']",2023-06-30,oos_isotonic,1469.0,0.23665443852978235,0.0411409166578898
2023-08-25,v2_relative_alpha_calibrated_experts_sensitivity,pullback,4.89698722454438,4.311898250179624,9.208885474724005,0.8332937976149049,0.609354102430625,0.7121212121212122,2.0,1.0,1.0,"['Tier_1', 'Expert_pullback']","['Risk_Above_55_Penalty', 'Liquidity_Below_45_Penalty', 'Coverage_Below_80_Cap']",2023-06-30,oos_isotonic,1469.0,0.23665443852978235,0.0411409166578898
2023-08-28,v2_relative_alpha_calibrated_experts_sensitivity,pullback,4.958646226725983,4.311898250179624,9.270544476905606,0.837022068895698,0.609354102430625,0.7162179487179487,2.0,1.0,1.0,"['Tier_1', 'Expert_pullback']","['Risk_Above_55_Penalty', 'Liquidity_Below_45_Penalty', 'Coverage_Below_80_Cap']",2023-06-30,oos_isotonic,1469.0,0.23665443852978235,0.0411409166578898
2023-08-29,v2_relative_alpha_calibrated_experts_sensitivity,pullback,3.175384655691399,1.2758798488135643,4.451264504504963,0.7615683237607755,0.609354102430625,0.6100932400932402,0.0,1.0,0.0,"['No_Alpha_Tier', 'Expert_pullback']","['Risk_Above_55_Penalty', 'Liquidity_Below_45_Penalty', 'Coverage_Below_80_Cap']",2023-06-30,oos_isotonic,1469.0,0.23665443852978235,0.0411409166578898
2023-08-30,v2_relative_alpha_calibrated_experts_sensitivity,pullback,3.178791780725128,1.271795277462172,4.4505870581873,0.76164889605887,0.609354102430625,0.6000291375291376,0.0,1.0,0.0,"['No_Alpha_Tier', 'Expert_pullback']","['Risk_Above_55_Penalty', 'Liquidity_Below_45_Penalty', 'Coverage_Below_80_Cap']",2023-06-30,oos_isotonic,1469.0,0.23665443852978235,0.0411409166578898
2023-08-31,v2_relative_alpha_calibrated_experts_sensitivity,pullback,2.922901569435442,1.2697457161815877,4.19264728561703,0.7486952518479426,0.609354102430625,0.5859207459207461,0.0,1.0,0.0,"['No_Alpha_Tier', 'Expert_pullback']","['Risk_Above_55_Penalty', 'Liquidity_Below_45_Penalty', 'Coverage_Below_80_Cap']",2023-06-30,oos_isotonic,1469.0,0.23665443852978235,0.0411409166578898
2023-09-01,v2_relative_alpha_calibrated_experts_sensitivity,pullback,1.823057497052836,1.2683804647975674,3.0914379618504033,0.6873472601310839,0.610708090206592,0.5298368298368299,0.0,1.0,0.0,"['No_Alpha_Tier', 'Expert_pullback']","['Risk_Above_55_Penalty', 'Liquidity_Below_45_Penalty', 'Coverage_Below_80_Cap']",2023-08-03,oos_isotonic,1492.0,0.2378947662174849,0.03843607894849668
2023-09-05,v2_relative_alpha_calibrated_experts_sensitivity,trend,1.2682961783068956,1.2678448765601935,2.536141054867089,0.6302163502119749,0.610708090206592,0.6040451781831092,0.0,4.0,0.0,"['No_Alpha_Tier', 'Expert_trend']","['Liquidity_Below_45_Penalty', 'Coverage_Below_80_Cap']",2023-08-03,oos_isotonic,1492.0,0.2378947662174849,0.03843607894849668
2023-09-06,v2_relative_alpha_calibrated_experts_sensitivity,pullback,1.5328484209021178,1.2656425490877796,2.7984909699898974,0.6559762243819312,0.610708090206592,0.5037937062937063,0.0,4.0,0.0,"['No_Alpha_Tier', 'Expert_pullback']","['Liquidity_Below_45_Penalty', 'Coverage_Below_80_Cap']",2023-08-03,oos_isotonic,1492.0,0.2378947662174849,0.03843607894849668
2023-09-07,v2_relative_alpha_calibrated_experts_sensitivity,pullback,1.4639049285352885,4.299372577780771,5.76327750631606,0.6369968715435683,0.610708090206592,0.48871212121212126,0.0,1.0,0.0,"['No_Alpha_Tier', 'Expert_pullback']","['Risk_Above_55_Penalty', 'Liquidity_Below_45_Penalty', 'Coverage_Below_80_Cap']",2023-08-03,oos_isotonic,1492.0,0.2378947662174849,0.03843607894849668
2023-09-08,v2_relative_alpha_calibrated_experts_sensitivity,pullback,1.8087875763464278,4.2952890747763,6.104076651122728,0.6549752609031642,0.610708090206592,0.5053787878787879,0.0,3.0,0.0,"['No_Alpha_Tier', 'Expert_pullback']","['Risk_Above_55_Penalty', 'Liquidity_Below_45_Penalty', 'Coverage_Below_80_Cap']",2023-08-03,oos_isotonic,1492.0,0.2378947662174849,0.03843607894849668
2023-09-11,v2_relative_alpha_calibrated_experts_sensitivity,pullback,1.5706654330113115,1.2582132257621776,2.828878658773489,0.6444127152421628,0.610708090206592,0.4996736596736597,0.0,4.0,0.0,"['No_Alpha_Tier', 'Expert_pullback']","['Liquidity_Below_45_Penalty', 'Coverage_Below_80_Cap']",2023-08-03,oos_isotonic,1492.0,0.2378947662174849,0.03843607894849668
2023-09-12,v2_relative_alpha_calibrated_experts_sensitivity,pullback,0.8652017404973918,4.2913672185139955,5.156568959011388,0.5983780356908234,0.6000638325035108,0.460897435897436,0.0,4.0,0.0,"['No_Alpha_Tier', 'Expert_pullback']","['Liquidity_Below_45_Penalty', 'Coverage_Below_80_Cap']",2023-08-03,oos_isotonic,1492.0,0.2378947662174849,0.03843607894849668
2023-09-13,v2_relative_alpha_calibrated_experts_sensitivity,pullback,0.6338145505080623,1.2522632525328117,1.886077803040874,0.5955064252586122,0.6000638325035108,0.4619638694638695,0.0,4.0,0.0,"['No_Alpha_Tier', 'Expert_pullback']","['Liquidity_Below_45_Penalty', 'Coverage_Below_80_Cap']",2023-08-03,oos_isotonic,1492.0,0.2378947662174849,0.03843607894849668
2023-09-14,v2_relative_alpha_calibrated_experts_sensitivity,pullback,0.18666726873491227,1.2489751141630818,1.435642382897994,0.567539009725955,0.5212000062712635,0.44529720279720286,0.0,1.0,0.0,"['No_Alpha_Tier', 'Expert_pullback']","['Risk_Above_55_Penalty', 'Liquidity_Below_45_Penalty', 'Coverage_Below_80_Cap']",2023-08-03,oos_isotonic,1492.0,0.2378947662174849,0.03843607894849668
2023-09-15,v2_relative_alpha_calibrated_experts_sensitivity,pullback,0.6136288460507738,4.287535224441311,4.901164070492085,0.5870592371182081,0.6000638325035108,0.4555477855477856,0.0,1.0,0.0,"['No_Alpha_Tier', 'Expert_pullback']","['Risk_Above_55_Penalty', 'Liquidity_Below_45_Penalty', 'Coverage_Below_80_Cap']",2023-08-03,oos_isotonic,1492.0,0.2378947662174849,0.03843607894849668
2023-09-18,v2_relative_alpha_calibrated_experts_sensitivity,pullback,-0.3855745646984913,4.28890111570946,3.9033265510109687,0.5250938456900898,0.5212000062712635,0.40997668997669,0.0,4.0,0.0,"['No_Alpha_Tier', 'Expert_pullback']","['Liquidity_Below_45_Penalty', 'Coverage_Below_80_Cap']",2023-08-03,oos_isotonic,1492.0,0.2378947662174849,0.03843607894849668
2023-09-19,v2_relative_alpha_calibrated_experts_sensitivity,pullback,-0.7072573191631065,4.290807484691707,3.5835501655286004,0.506894716891972,0.5212000062712635,0.3917715617715618,0.0,1.0,0.0,"['No_Alpha_Tier', 'Expert_pullback']","['Risk_Above_55_Penalty', 'Liquidity_Below_45_Penalty', 'Coverage_Below_80_Cap']",2023-08-03,oos_isotonic,1492.0,0.2378947662174849,0.03843607894849668
2023-09-20,v2_relative_alpha_calibrated_experts_sensitivity,pullback,-1.9400706151646037,4.288404960871945,2.348334345707341,0.41199436228413877,0.479509281569213,0.3367074592074592,0.0,1.0,0.0,"['No_Alpha_Tier', 'Expert_pullback']","['Risk_Above_55_Penalty', 'Liquidity_Below_45_Penalty', 'Coverage_Below_80_Cap']",2023-08-03,oos_isotonic,1492.0,0.2378947662174849,0.03843607894849668
2023-09-21,v2_relative_alpha_calibrated_experts_sensitivity,pullback,-1.5552593950744702,4.276726394410828,2.7214669993363576,0.4401173161177646,0.5212000062712635,0.3386013986013986,0.0,0.0,0.0,"['No_Alpha_Tier', 'Expert_pullback']","['Risk_Above_55_Penalty', 'Liquidity_Below_45_Penalty', 'Coverage_Below_80_Cap']",2023-08-03,oos_isotonic,1492.0,0.2378947662174849,0.03843607894849668
2023-09-22,v2_relative_alpha_calibrated_experts_sensitivity,pullback,-2.567899934162549,4.263619630782797,1.6957196966202484,0.33844573465885697,0.479509281569213,0.3018589743589744,0.0,0.0,0.0,"['No_Alpha_Tier', 'Expert_pullback']",['Hard_Risk_Cap_Zero'],2023-08-03,oos_isotonic,1492.0,0.2378947662174849,0.03843607894849668
2023-09-25,v2_relative_alpha_calibrated_experts_sensitivity,pullback,-3.471467254109073,4.255482441597678,0.7840151874886057,0.26994792178148014,0.479509281569213,0.23022144522144522,0.0,0.0,0.0,"['No_Alpha_Tier', 'Expert_pullback']",['Hard_Risk_Cap_Zero'],2023-08-03,oos_isotonic,1492.0,0.2378947662174849,0.03843607894849668
2023-09-26,v2_relative_alpha_calibrated_experts_sensitivity,pullback,-1.2776390407005185,4.246735150232564,2.9690961095320456,0.4197221711008312,0.479509281569213,0.34423076923076923,0.0,0.0,0.0,"['No_Alpha_Tier', 'Expert_pullback']","['Risk_Above_55_Penalty', 'Liquidity_Below_45_Penalty', 'Coverage_Below_80_Cap']",2023-08-03,oos_isotonic,1492.0,0.2378947662174849,0.03843607894849668
2023-09-27,v2_relative_alpha_calibrated_experts_sensitivity,pullback,-0.4130022261424541,4.233041947821066,3.820039721678612,0.46702853936544414,0.5212000062712635,0.37635198135198134,0.0,0.0,0.0,"['No_Alpha_Tier', 'Expert_pullback']","['Risk_Above_55_Penalty', 'Liquidity_Below_45_Penalty', 'Coverage_Below_80_Cap']",2023-08-03,oos_isotonic,1492.0,0.2378947662174849,0.03843607894849668
2023-09-28,v2_relative_alpha_calibrated_experts_sensitivity,pullback,-0.607501123274987,4.233041947821066,3.6255408245460794,0.45516503405794156,0.5212000062712635,0.37026806526806527,0.0,0.0,0.0,"['No_Alpha_Tier', 'Expert_pullback']","['Risk_Above_55_Penalty', 'Liquidity_Below_45_Penalty', 'Coverage_Below_80_Cap']",2023-08-03,oos_isotonic,1492.0,0.2378947662174849,0.03843607894849668
2023-09-29,v2_relative_alpha_calibrated_experts_sensitivity,pullback,0.1694050590893605,4.233041947821066,4.4024470069104265,0.5168644751015691,0.5212000062712635,0.3937762237762238,0.0,0.0,0.0,"['No_Alpha_Tier', 'Expert_pullback']",['Hard_Risk_Cap_Zero'],2023-08-03,oos_isotonic,1492.0,0.2378947662174849,0.03843607894849668
2023-10-02,v2_relative_alpha_calibrated_experts_sensitivity,pullback,-1.0790181734440074,4.233041947821066,3.1540237743770585,0.4300385356149066,0.511089947089947,0.3579157684420842,0.0,0.0,0.0,"['No_Alpha_Tier', 'Expert_pullback']",['Hard_Risk_Cap_Zero'],2023-08-31,oos_isotonic,1512.0,0.2372377226560194,0.03393959236587193
2023-10-03,v2_relative_alpha_calibrated_experts_sensitivity,pullback,1.0646497675631368,4.233041947821066,5.297691715384203,0.5968995970731009,0.5994708994708995,0.47556964964859694,0.0,0.0,0.0,"['No_Alpha_Tier', 'Expert_pullback']","['Risk_Above_55_Penalty', 'Liquidity_Below_45_Penalty', 'Coverage_Below_80_Cap', 'Weak_Regime_Cap']",2023-08-31,oos_isotonic,1512.0,0.2372377226560194,0.03393959236587193
2023-10-04,v2_relative_alpha_calibrated_experts_sensitivity,pullback,1.6901832344318584,4.233041947821066,5.923225182252924,0.6477985865425533,0.6101151571739807,0.5108711025816289,0.0,2.0,0.0,"['No_Alpha_Tier', 'Expert_pullback']","['Risk_Above_55_Penalty', 'Coverage_Below_80_Cap', 'Weak_Regime_Cap']",2023-08-31,oos_isotonic,1512.0,0.2372377226560194,0.03393959236587193
2023-10-05,v2_relative_alpha_calibrated_experts_sensitivity,pullback,0.8652992261271222,4.233041947821066,5.098341173948189,0.5824928414299757,0.5994708994708995,0.4617510559615823,0.0,0.0,0.0,"['No_Alpha_Tier', 'Expert_pullback']","['Risk_Above_55_Penalty', 'Liquidity_Below_45_Penalty', 'Coverage_Below_80_Cap', 'Weak_Regime_Cap']",2023-08-31,oos_isotonic,1512.0,0.2372377226560194,0.03393959236587193
2023-10-06,v2_relative_alpha_calibrated_experts_sensitivity,pullback,1.4061697579007046,4.219064031122094,5.625233789022799,0.6150627297018822,0.6101151571739807,0.4911513486513487,0.0,0.0,0.0,"['No_Alpha_Tier', 'Expert_pullback']","['Risk_Above_55_Penalty', 'Liquidity_Below_45_Penalty', 'Coverage_Below_80_Cap', 'Weak_Regime_Cap']",2023-08-31,oos_isotonic,1512.0,0.2372377226560194,0.03393959236587193
2023-10-09,v2_relative_alpha_calibrated_experts_sensitivity,pullback,1.803562511656255,4.20851813034411,6.012080642000366,0.656893003129239,0.6101151571739807,0.5176537935748462,0.0,2.0,0.0,"['No_Alpha_Tier', 'Expert_pullback']","['Risk_Above_55_Penalty', 'Coverage_Below_80_Cap']",2023-08-31,oos_isotonic,1512.0,0.2372377226560194,0.03393959236587193
2023-10-10,v2_relative_alpha_calibrated_experts_sensitivity,pullback,-0.5213804500715554,4.20851813034411,3.687137680272555,0.49672517112877995,0.511089947089947,0.391551080498449,0.0,1.0,0.0,"['No_Alpha_Tier', 'Expert_pullback']","['Risk_Above_55_Penalty', 'Liquidity_Below_45_Penalty', 'Coverage_Below_80_Cap']",2023-08-31,oos_isotonic,1512.0,0.2372377226560194,0.03393959236587193
2023-10-11,v2_relative_alpha_calibrated_experts_sensitivity,pullback,-0.8488998171155351,4.200266817858876,3.351367000743341,0.4705720016541064,0.511089947089947,0.3805249136828084,0.0,2.0,0.0,"['No_Alpha_Tier', 'Expert_pullback']","['Risk_Above_55_Penalty', 'Coverage_Below_80_Cap']",2023-08-31,oos_isotonic,1512.0,0.2372377226560194,0.03393959236587193
2023-10-12,v2_relative_alpha_calibrated_experts_sensitivity,pullback,-0.23863185769144404,4.200266817858876,3.9616349601674323,0.5287023508554283,0.511089947089947,0.40608461713724875,0.0,1.0,0.0,"['No_Alpha_Tier', 'Expert_pullback']","['Risk_Above_55_Penalty', 'Liquidity_Below_45_Penalty', 'Coverage_Below_80_Cap']",2023-08-31,oos_isotonic,1512.0,0.2372377226560194,0.03393959236587193
2023-10-13,v2_relative_alpha_calibrated_experts_sensitivity,pullback,0.9004527440905599,4.200266817858876,5.100719561949436,0.581113022298263,0.5994708994708995,0.46126391152706947,0.0,4.0,0.0,"['No_Alpha_Tier', 'Expert_pullback']","['Risk_Above_55_Penalty', 'Coverage_Below_80_Cap']",2023-08-31,oos_isotonic,1512.0,0.2372377226560194,0.03393959236587193
2023-10-16,v2_relative_alpha_calibrated_experts_sensitivity,pullback,0.8709097046087441,4.19126225640752,5.062171961016264,0.5902105381433447,0.5994708994708995,0.4574802828750198,0.0,4.0,0.0,"['No_Alpha_Tier', 'Expert_pullback']","['Risk_Above_55_Penalty', 'Coverage_Below_80_Cap']",2023-08-31,oos_isotonic,1512.0,0.2372377226560194,0.03393959236587193
2023-10-17,v2_relative_alpha_calibrated_experts_sensitivity,pullback,1.037929290312833,4.184572169676788,5.222501459989621,0.5988038734514677,0.5994708994708995,0.47468386876281615,0.0,4.0,0.0,"['No_Alpha_Tier', 'Expert_pullback']","['Risk_Above_55_Penalty', 'Coverage_Below_80_Cap']",2023-08-31,oos_isotonic,1512.0,0.2372377226560194,0.03393959236587193
2023-10-18,v2_relative_alpha_calibrated_experts_sensitivity,pullback,0.7107855986517692,4.1776784324701,4.888464031121869,0.560714567473048,0.511089947089947,0.450062656641604,0.0,4.0,0.0,"['No_Alpha_Tier', 'Expert_pullback']","['Risk_Above_55_Penalty', 'Coverage_Below_80_Cap']",2023-08-31,oos_isotonic,1512.0,0.2372377226560194,0.03393959236587193
2023-10-19,v2_relative_alpha_calibrated_experts_sensitivity,pullback,0.7597836628144432,4.171123413779296,4.930907076593739,0.5448231819604578,0.511089947089947,0.44432387787650945,0.0,2.0,0.0,"['No_Alpha_Tier', 'Expert_pullback']","['Risk_Above_55_Penalty', 'Coverage_Below_80_Cap', 'Weak_Regime_Cap']",2023-08-31,oos_isotonic,1512.0,0.2372377226560194,0.03393959236587193
2023-10-20,v2_relative_alpha_calibrated_experts_sensitivity,pullback,-1.2461612032269795,4.16661765774479,2.9204564545178098,0.4258792140528589,0.46503563776291046,0.3574601714075399,0.0,2.0,0.0,"['No_Alpha_Tier', 'Expert_pullback']","['Risk_Above_55_Penalty', 'Coverage_Below_80_Cap', 'Weak_Regime_Cap']",2023-08-31,oos_isotonic,1512.0,0.2372377226560194,0.03393959236587193
2023-10-23,v2_relative_alpha_calibrated_experts_sensitivity,pullback,-2.7475836692272644,4.158828490744559,1.4112448215172952,0.30896837276886024,0.46503563776291046,0.304288693762378,0.0,2.0,0.0,"['No_Alpha_Tier', 'Expert_pullback']","['Risk_Above_55_Penalty', 'Coverage_Below_80_Cap', 'Weak_Regime_Cap']",2023-08-31,oos_isotonic,1512.0,0.2372377226560194,0.03393959236587193
2023-10-24,v2_relative_alpha_calibrated_experts_sensitivity,pullback,-1.8220934128688069,4.150723314882483,2.3286299020136765,0.3906539953469875,0.46503563776291046,0.33947622552885715,0.0,2.0,0.0,"['No_Alpha_Tier', 'Expert_pullback']","['Risk_Above_55_Penalty', 'Coverage_Below_80_Cap', 'Weak_Regime_Cap']",2023-08-31,oos_isotonic,1512.0,0.2372377226560194,0.03393959236587193
2023-10-25,v2_relative_alpha_calibrated_experts_sensitivity,pullback,-0.9673254510911375,4.148078216960191,3.1807527658690535,0.4600005286192867,0.511089947089947,0.3667020698599646,0.0,2.0,0.0,"['No_Alpha_Tier', 'Expert_pullback']","['Risk_Above_55_Penalty', 'Coverage_Below_80_Cap', 'Weak_Regime_Cap']",2023-08-31,oos_isotonic,1512.0,0.2372377226560194,0.03393959236587193
2023-10-26,v2_relative_alpha_calibrated_experts_sensitivity,pullback,-0.9970223321263377,4.139576151163148,3.14255381903681,0.4628692954918221,0.511089947089947,0.37511089787405577,0.0,0.0,0.0,"['No_Alpha_Tier', 'Expert_pullback']","['Risk_Above_55_Penalty', 'Coverage_Below_80_Cap', 'Weak_Regime_Cap']",2023-08-31,oos_isotonic,1512.0,0.2372377226560194,0.03393959236587193
2023-10-27,v2_relative_alpha_calibrated_experts_sensitivity,pullback,-2.3049042872274805,4.125341396961903,1.820437109734422,0.36720356651538855,0.46503563776291046,0.32617018945966314,0.0,0.0,0.0,"['No_Alpha_Tier', 'Expert_pullback']","['Risk_Above_55_Penalty', 'Coverage_Below_80_Cap', 'Weak_Regime_Cap']",2023-08-31,oos_isotonic,1512.0,0.2372377226560194,0.03393959236587193
2023-10-30,v2_relative_alpha_calibrated_experts_sensitivity,pullback,-3.1481046342582073,4.0847504952769675,0.9366458610187602,0.31448247818026664,0.46503563776291046,0.2996635382161698,0.0,0.0,0.0,"['No_Alpha_Tier', 'Expert_pullback']","['Risk_Above_55_Penalty', 'Coverage_Below_80_Cap', 'Weak_Regime_Cap']",2023-08-31,oos_isotonic,1512.0,0.2372377226560194,0.03393959236587193
2023-10-31,v2_relative_alpha_calibrated_experts_sensitivity,pullback,-2.5340136985266644,4.048331898299609,1.5143181997729447,0.3460674816331391,0.46503563776291046,0.3114131044394203,0.0,0.0,0.0,"['No_Alpha_Tier', 'Expert_pullback']",['Hard_Risk_Cap_Zero'],2023-08-31,oos_isotonic,1512.0,0.2372377226560194,0.03393959236587193
2023-11-01,v2_relative_alpha_calibrated_experts_sensitivity,pullback,-3.602384983499407,4.040513965420775,0.43812898192136795,0.25319232518356205,0.4572936205660081,0.24600511438562367,0.0,0.0,0.0,"['No_Alpha_Tier', 'Expert_pullback']","['Risk_Above_55_Penalty', 'Coverage_Below_80_Cap', 'Weak_Regime_Cap']",2023-10-03,oos_isotonic,1534.0,0.23771759703682588,0.03654165909097054
2023-11-02,v2_relative_alpha_calibrated_experts_sensitivity,pullback,-3.4341806958277252,4.014499389817038,0.580318693989313,0.2670112227881826,0.4572936205660081,0.2655376267832389,0.0,0.0,0.0,"['No_Alpha_Tier', 'Expert_pullback']","['Risk_Above_55_Penalty', 'Coverage_Below_80_Cap', 'Weak_Regime_Cap']",2023-10-03,oos_isotonic,1534.0,0.23771759703682588,0.03654165909097054
2023-11-03,v2_relative_alpha_calibrated_experts_sensitivity,pullback,-2.5902914923113984,1.094542101260618,-1.4957493910507804,0.3261017725584751,0.4572936205660081,0.2943338213021168,0.0,0.0,0.0,"['No_Alpha_Tier', 'Expert_pullback']","['Risk_Above_55_Penalty', 'Coverage_Below_80_Cap', 'Weak_Regime_Cap']",2023-10-03,oos_isotonic,1534.0,0.23771759703682588,0.03654165909097054
2023-11-06,v2_relative_alpha_calibrated_experts_sensitivity,pullback,-2.1944267338101833,1.0946959347754162,-1.0997307990347673,0.3643740134722534,0.4572936205660081,0.313226233471957,0.0,0.0,0.0,"['No_Alpha_Tier', 'Expert_pullback']","['Risk_Above_55_Penalty', 'Coverage_Below_80_Cap', 'Weak_Regime_Cap']",2023-10-03,oos_isotonic,1534.0,0.23771759703682588,0.03654165909097054
2023-11-07,v2_relative_alpha_calibrated_experts_sensitivity,trend,-2.5306623165791313,1.0948931906053476,-1.4357691259737837,0.29117535249636006,0.4572936205660081,0.3405424991054912,0.0,2.0,0.0,"['No_Alpha_Tier', 'Expert_trend']","['Risk_Above_55_Penalty', 'Coverage_Below_80_Cap', 'Weak_Regime_Cap']",2023-10-03,oos_isotonic,1534.0,0.23771759703682588,0.03654165909097054
2023-11-08,v2_relative_alpha_calibrated_experts_sensitivity,trend,-1.7725086213495396,1.0951271786294816,-0.677381442720058,0.35890163603048175,0.4572936205660081,0.3911747180251118,0.0,2.0,0.0,"['No_Alpha_Tier', 'Expert_trend']","['Risk_Above_55_Penalty', 'Coverage_Below_80_Cap', 'Weak_Regime_Cap']",2023-10-03,oos_isotonic,1534.0,0.23771759703682588,0.03654165909097054
2023-11-09,v2_relative_alpha_calibrated_experts_sensitivity,trend,-1.0100163591989095,1.0948516994660404,0.08483534026713091,0.408519602719083,0.4572936205660081,0.456642762430164,0.0,2.0,0.0,"['No_Alpha_Tier', 'Expert_trend']","['Risk_Above_55_Penalty', 'Coverage_Below_80_Cap', 'Weak_Regime_Cap']",2023-10-03,oos_isotonic,1534.0,0.23771759703682588,0.03654165909097054
2023-11-10,v2_relative_alpha_calibrated_experts_sensitivity,trend,-2.6218332315440644,4.681086300108942,2.0592530685648773,0.305472284089705,0.4572936205660081,0.33708227609802416,0.0,2.0,0.0,"['No_Alpha_Tier', 'Expert_trend']","['Risk_Above_55_Penalty', 'Coverage_Below_80_Cap', 'Weak_Regime_Cap']",2023-10-03,oos_isotonic,1534.0,0.23771759703682588,0.03654165909097054
2023-11-13,v2_relative_alpha_calibrated_experts_sensitivity,trend,-1.4271219908126302,4.681086300108942,3.253964309296311,0.3871696047534944,0.4572936205660081,0.44145030857629286,0.0,2.0,0.0,"['No_Alpha_Tier', 'Expert_trend']","['Risk_Above_55_Penalty', 'Coverage_Below_80_Cap']",2023-10-03,oos_isotonic,1534.0,0.23771759703682588,0.03654165909097054
2023-11-14,v2_relative_alpha_calibrated_experts_sensitivity,trend,-2.255785891370964,4.681086300108942,2.4253004087379777,0.3264428251166209,0.4572936205660081,0.36899275389432873,0.0,2.0,0.0,"['No_Alpha_Tier', 'Expert_trend']","['Risk_Above_55_Penalty', 'Coverage_Below_80_Cap']",2023-10-03,oos_isotonic,1534.0,0.23771759703682588,0.03654165909097054
2023-11-15,v2_relative_alpha_calibrated_experts_sensitivity,trend,-2.1040953601029324,4.681086300108942,2.576990940006009,0.33272702507198204,0.4572936205660081,0.37758520049858635,0.0,4.0,0.0,"['No_Alpha_Tier', 'Expert_trend']",['Coverage_Below_80_Cap'],2023-10-03,oos_isotonic,1534.0,0.23771759703682588,0.03654165909097054
2023-11-16,v2_relative_alpha_calibrated_experts_sensitivity,trend,-2.5322483156531503,4.681086300108942,2.148837984455791,0.2984244112685399,0.4572936205660081,0.33712633503972095,0.0,4.0,0.0,"['No_Alpha_Tier', 'Expert_trend']",['Coverage_Below_80_Cap'],2023-10-03,oos_isotonic,1534.0,0.23771759703682588,0.03654165909097054
2023-11-17,v2_relative_alpha_calibrated_experts_sensitivity,trend,-2.4357846905559417,1.0937064790306352,-1.3420782115253067,0.315887753005105,0.4572936205660081,0.34889329972007144,0.0,4.0,0.0,"['No_Alpha_Tier', 'Expert_trend']",['Coverage_Below_80_Cap'],2023-10-03,oos_isotonic,1534.0,0.23771759703682588,0.03654165909097054
2023-11-20,v2_relative_alpha_calibrated_experts_sensitivity,trend,-2.5957883198052247,1.0932114731053737,-1.502576846699851,0.2887251507429646,0.4572936205660081,0.3333751394381316,0.0,4.0,0.0,"['No_Alpha_Tier', 'Expert_trend']",['Coverage_Below_80_Cap'],2023-10-03,oos_isotonic,1534.0,0.23771759703682588,0.03654165909097054
2023-11-21,v2_relative_alpha_calibrated_experts_sensitivity,trend,-2.880026216964162,1.0932114731053737,-1.7868147438587885,0.2743684101707264,0.4572936205660081,0.3253899532049138,0.0,4.0,0.0,"['No_Alpha_Tier', 'Expert_trend']",['Coverage_Below_80_Cap'],2023-10-03,oos_isotonic,1534.0,0.23771759703682588,0.03654165909097054
2023-11-22,v2_relative_alpha_calibrated_experts_sensitivity,trend,-2.0557250931162776,1.0928387867729075,-0.9628863063433704,0.3422440386113695,0.4572936205660081,0.38343771412669053,0.0,4.0,0.0,"['No_Alpha_Tier', 'Expert_trend']",['Coverage_Below_80_Cap'],2023-10-03,oos_isotonic,1534.0,0.23771759703682588,0.03654165909097054
2023-11-24,v2_relative_alpha_calibrated_experts_sensitivity,trend,-1.2310465353307776,1.094470143307739,-0.1365763920230384,0.40449969362781507,0.4572936205660081,0.44561914038291983,0.0,4.0,0.0,"['No_Alpha_Tier', 'Expert_trend']",['Coverage_Below_80_Cap'],2023-10-03,oos_isotonic,1534.0,0.23771759703682588,0.03654165909097054
2023-11-27,v2_relative_alpha_calibrated_experts_sensitivity,trend,-1.157513910357583,1.0959957429759648,-0.06151816738161828,0.4060411964241712,0.4572936205660081,0.44262154210973104,0.0,4.0,0.0,"['No_Alpha_Tier', 'Expert_trend']",['Coverage_Below_80_Cap'],2023-10-03,oos_isotonic,1534.0,0.23771759703682588,0.03654165909097054
2023-11-28,v2_relative_alpha_calibrated_experts_sensitivity,trend,-1.9011185014080487,1.0965787400260472,-0.8045397613820015,0.3603501863172882,0.4572936205660081,0.40502707496801993,0.0,4.0,0.0,"['No_Alpha_Tier', 'Expert_trend']",['Coverage_Below_80_Cap'],2023-10-03,oos_isotonic,1534.0,0.23771759703682588,0.03654165909097054
2023-11-29,v2_relative_alpha_calibrated_experts_sensitivity,trend,-2.127087542185409,1.0960839341613557,-1.0310036080240534,0.34039307291940496,0.4572936205660081,0.3789929994457554,0.0,4.0,0.0,"['No_Alpha_Tier', 'Expert_trend']",['Coverage_Below_80_Cap'],2023-10-03,oos_isotonic,1534.0,0.23771759703682588,0.03654165909097054
2023-11-30,v2_relative_alpha_calibrated_experts_sensitivity,trend,-1.6587756008950103,1.094954167979058,-0.5638214329159523,0.37120772473734254,0.4572936205660081,0.40899407519486264,0.0,4.0,0.0,"['No_Alpha_Tier', 'Expert_trend']",['Coverage_Below_80_Cap'],2023-10-03,oos_isotonic,1534.0,0.23771759703682588,0.03654165909097054
2023-12-01,v2_relative_alpha_calibrated_experts_sensitivity,trend,-0.5643561818781444,1.093653403119927,0.5292972212417826,0.453559538755431,0.5008834706054301,0.4569012660501033,0.0,4.0,0.0,"['No_Alpha_Tier', 'Expert_trend']",['Coverage_Below_80_Cap'],2023-11-01,oos_isotonic,1555.0,0.2376920893057232,0.03608551946252769
2023-12-04,v2_relative_alpha_calibrated_experts_sensitivity,trend,0.7684209075112038,1.0929626832779809,1.8613835907891847,0.5740319197298402,0.5974264009826241,0.5309818862051421,0.0,4.0,0.0,"['No_Alpha_Tier', 'Expert_trend']",['Coverage_Below_80_Cap'],2023-11-01,oos_isotonic,1555.0,0.2376920893057232,0.03608551946252769
2023-12-05,v2_relative_alpha_calibrated_experts_sensitivity,trend,0.9076260132486673,1.0927578378452067,2.0003838510938743,0.5612204853074646,0.5008834706054301,0.5440907844721798,0.0,4.0,0.0,"['No_Alpha_Tier', 'Expert_trend']",['Coverage_Below_80_Cap'],2023-11-01,oos_isotonic,1555.0,0.2376920893057232,0.03608551946252769
2023-12-06,v2_relative_alpha_calibrated_experts_sensitivity,trend,1.3064029250821725,1.0901612137797478,2.3965641388619203,0.5935206598453364,0.5974264009826241,0.5722014007362846,0.0,4.0,0.0,"['No_Alpha_Tier', 'Expert_trend']",['Coverage_Below_80_Cap'],2023-11-01,oos_isotonic,1555.0,0.2376920893057232,0.03608551946252769
2023-12-07,v2_relative_alpha_calibrated_experts_sensitivity,trend,0.13681586862357942,1.0886354645214935,1.225451333145073,0.48683368012851724,0.5008834706054301,0.48961430666546946,0.0,4.0,0.0,"['No_Alpha_Tier', 'Expert_trend']",['Coverage_Below_80_Cap'],2023-11-01,oos_isotonic,1555.0,0.2376920893057232,0.03608551946252769
2023-12-08,v2_relative_alpha_calibrated_experts_sensitivity,trend,0.0744344773654561,1.0881252789788711,1.1625597563443273,0.4870484762277685,0.5008834706054301,0.49328427763311483,0.0,4.0,0.0,"['No_Alpha_Tier', 'Expert_trend']",['Coverage_Below_80_Cap'],2023-11-01,oos_isotonic,1555.0,0.2376920893057232,0.03608551946252769
2023-12-11,v2_relative_alpha_calibrated_experts_sensitivity,trend,0.04955580036900904,1.0882102090193848,1.137766009388394,0.4814060222031742,0.5008834706054301,0.4895731525545479,0.0,4.0,0.0,"['No_Alpha_Tier', 'Expert_trend']",['Coverage_Below_80_Cap'],2023-11-01,oos_isotonic,1555.0,0.2376920893057232,0.03608551946252769
2023-12-12,v2_relative_alpha_calibrated_experts_sensitivity,trend,-0.4035671859456532,1.0875450941763996,0.6839779082307462,0.45933656384136096,0.5008834706054301,0.46016260513004703,0.0,4.0,0.0,"['No_Alpha_Tier', 'Expert_trend']",['Coverage_Below_80_Cap'],2023-11-01,oos_isotonic,1555.0,0.2376920893057232,0.03608551946252769
2023-12-13,v2_relative_alpha_calibrated_experts_sensitivity,trend,0.04531716528687829,1.086847345684763,1.1321645109716412,0.48588694490045986,0.5008834706054301,0.49030621651551887,0.0,4.0,0.0,"['No_Alpha_Tier', 'Expert_trend']",['Coverage_Below_80_Cap'],2023-11-01,oos_isotonic,1555.0,0.2376920893057232,0.03608551946252769
2023-12-14,v2_relative_alpha_calibrated_experts_sensitivity,trend,-0.09232823078026764,1.0864675152235155,0.994139284443248,0.4951620221334295,0.5008834706054301,0.48843382119661194,0.0,4.0,0.0,"['No_Alpha_Tier', 'Expert_trend']",['Coverage_Below_80_Cap'],2023-11-01,oos_isotonic,1555.0,0.2376920893057232,0.03608551946252769
2023-12-15,v2_relative_alpha_calibrated_experts_sensitivity,trend,0.2672230719145744,1.0864675152235155,1.35369058713809,0.521574987929935,0.5008834706054301,0.5148610218191614,0.0,4.0,0.0,"['No_Alpha_Tier', 'Expert_trend']",['Coverage_Below_80_Cap'],2023-11-01,oos_isotonic,1555.0,0.2376920893057232,0.03608551946252769
2023-12-18,v2_relative_alpha_calibrated_experts_sensitivity,trend,-0.4249019892769294,1.086274751250547,0.6613727619736177,0.4686166234269313,0.5008834706054301,0.46369405285684356,0.0,4.0,0.0,"['No_Alpha_Tier', 'Expert_trend']",['Coverage_Below_80_Cap'],2023-11-01,oos_isotonic,1555.0,0.2376920893057232,0.03608551946252769
2023-12-19,v2_relative_alpha_calibrated_experts_sensitivity,trend,-0.44850900545087247,1.088733348054926,0.6402243426040535,0.4603736656419576,0.5008834706054301,0.4554609200562689,0.0,4.0,0.0,"['No_Alpha_Tier', 'Expert_trend']",['Coverage_Below_80_Cap'],2023-11-01,oos_isotonic,1555.0,0.2376920893057232,0.03608551946252769
2023-12-20,v2_relative_alpha_calibrated_experts_sensitivity,trend,-0.35794617779770815,1.091336104228538,0.73338992643083,0.49328696840414477,0.5008834706054301,0.482566549938643,0.0,4.0,0.0,"['No_Alpha_Tier', 'Expert_trend']",['Coverage_Below_80_Cap'],2023-11-01,oos_isotonic,1555.0,0.2376920893057232,0.03608551946252769
2023-12-21,v2_relative_alpha_calibrated_experts_sensitivity,trend,-1.3339115749768922,1.092426019831324,-0.2414855551455682,0.4053996271278437,0.45757818857851773,0.4163675915117776,0.0,4.0,0.0,"['No_Alpha_Tier', 'Expert_trend']",['Coverage_Below_80_Cap'],2023-11-01,oos_isotonic,1555.0,0.2376920893057232,0.03608551946252769
2023-12-22,v2_relative_alpha_calibrated_experts_sensitivity,trend,-0.8041281486234907,1.0944113615023732,0.2902832128788824,0.4447856204427745,0.5008834706054301,0.44963961569542965,0.0,4.0,0.0,"['No_Alpha_Tier', 'Expert_trend']",['Coverage_Below_80_Cap'],2023-11-01,oos_isotonic,1555.0,0.2376920893057232,0.03608551946252769
2023-12-26,v2_relative_alpha_calibrated_experts_sensitivity,trend,-1.4554685980468294,1.0974875202485794,-0.35798107779825006,0.40242600227503794,0.45757818857851773,0.41106671455508664,0.0,4.0,0.0,"['No_Alpha_Tier', 'Expert_trend']",['Coverage_Below_80_Cap'],2023-11-01,oos_isotonic,1555.0,0.2376920893057232,0.03608551946252769
2023-12-27,v2_relative_alpha_calibrated_experts_sensitivity,trend,-1.7304949645128902,1.1017977072175704,-0.6286972572953197,0.38767142762440876,0.45757818857851773,0.40140442967884826,0.0,4.0,0.0,"['No_Alpha_Tier', 'Expert_trend']",['Coverage_Below_80_Cap'],2023-11-01,oos_isotonic,1555.0,0.2376920893057232,0.03608551946252769
2023-12-28,v2_relative_alpha_calibrated_experts_sensitivity,trend,-2.384263774762536,1.1053810306407574,-1.2788827441217787,0.35244732162625686,0.45757818857851773,0.36469462153183085,0.0,4.0,0.0,"['No_Alpha_Tier', 'Expert_trend']",['Coverage_Below_80_Cap'],2023-11-01,oos_isotonic,1555.0,0.2376920893057232,0.03608551946252769
2023-12-29,v2_relative_alpha_calibrated_experts_sensitivity,trend,-2.299829104622033,1.109961375823993,-1.18986772879804,0.3555630988144033,0.45757818857851773,0.36806546945616714,0.0,4.0,0.0,"['No_Alpha_Tier', 'Expert_trend']",['Coverage_Below_80_Cap'],2023-11-01,oos_isotonic,1555.0,0.2376920893057232,0.03608551946252769
2024-01-02,v2_relative_alpha_calibrated_experts_sensitivity,pullback,-1.6343799661380634,1.1136921691425785,-0.5206877969954847,0.3863683542469908,0.4940918060918061,0.3064963822429855,0.0,4.0,0.0,"['No_Alpha_Tier', 'Expert_pullback']",['Coverage_Below_80_Cap'],2023-11-30,oos_isotonic,1575.0,0.24053045016177835,0.04649975385740806
2024-01-03,v2_relative_alpha_calibrated_experts_sensitivity,pullback,0.6448717931439013,4.376835307566789,5.02170710071069,0.5260666915725671,0.5188462779051014,0.4316480220085864,0.0,4.0,0.0,"['No_Alpha_Tier', 'Expert_pullback']",['Coverage_Below_80_Cap'],2023-11-30,oos_isotonic,1575.0,0.24053045016177835,0.04649975385740806
2024-01-04,v2_relative_alpha_calibrated_experts_sensitivity,pullback,1.0671597860121809,4.385320466972101,5.452480252984282,0.5382781548261071,0.5188462779051014,0.4458711585987379,0.0,4.0,0.0,"['No_Alpha_Tier', 'Expert_pullback']",['Coverage_Below_80_Cap'],2023-11-30,oos_isotonic,1575.0,0.24053045016177835,0.04649975385740806
2024-01-05,v2_relative_alpha_calibrated_experts_sensitivity,pullback,-0.5381497524916969,4.391591904298672,3.8534421518069752,0.4264476043734619,0.4940918060918061,0.3750165168001161,0.0,4.0,0.0,"['No_Alpha_Tier', 'Expert_pullback']",['Coverage_Below_80_Cap'],2023-11-30,oos_isotonic,1575.0,0.24053045016177835,0.04649975385740806
2024-01-08,v2_relative_alpha_calibrated_experts_sensitivity,trend,-1.6670743382746391,1.1224958957183353,-0.5445784425563038,0.40114854027191077,0.4940918060918061,0.4085822885217616,0.0,4.0,0.0,"['No_Alpha_Tier', 'Expert_trend']",['Coverage_Below_80_Cap'],2023-11-30,oos_isotonic,1575.0,0.24053045016177835,0.04649975385740806
2024-01-09,v2_relative_alpha_calibrated_experts_sensitivity,trend,-1.279404019219573,1.125043174368135,-0.15436084485143803,0.41757875966536,0.4940918060918061,0.4251285722320671,0.0,4.0,0.0,"['No_Alpha_Tier', 'Expert_trend']",['Coverage_Below_80_Cap'],2023-11-30,oos_isotonic,1575.0,0.24053045016177835,0.04649975385740806
2024-01-10,v2_relative_alpha_calibrated_experts_sensitivity,trend,-1.978391624351471,1.12775276590272,-0.8506388584487511,0.3822496543502082,0.4940918060918061,0.39118014402986717,0.0,4.0,0.0,"['No_Alpha_Tier', 'Expert_trend']",['Coverage_Below_80_Cap'],2023-11-30,oos_isotonic,1575.0,0.24053045016177835,0.04649975385740806
2024-01-11,v2_relative_alpha_calibrated_experts_sensitivity,trend,-1.6354948388444164,1.1313366142408605,-0.504158224603556,0.3953550637333642,0.4940918060918061,0.40538342587154536,0.0,4.0,0.0,"['No_Alpha_Tier', 'Expert_trend']",['Coverage_Below_80_Cap'],2023-11-30,oos_isotonic,1575.0,0.24053045016177835,0.04649975385740806
2024-01-12,v2_relative_alpha_calibrated_experts_sensitivity,trend,-0.7065740286683201,1.1340985601550138,0.42752453148669367,0.4473871048931846,0.5188462779051014,0.4537770122384108,0.0,4.0,0.0,"['No_Alpha_Tier', 'Expert_trend']",['Coverage_Below_80_Cap'],2023-11-30,oos_isotonic,1575.0,0.24053045016177835,0.04649975385740806
2024-01-16,v2_relative_alpha_calibrated_experts_sensitivity,trend,-1.1250373536449783,1.1371625778654706,0.01212522422049233,0.42714265930941697,0.4940918060918061,0.43333703268927126,0.0,4.0,0.0,"['No_Alpha_Tier', 'Expert_trend']",['Coverage_Below_80_Cap'],2023-11-30,oos_isotonic,1575.0,0.24053045016177835,0.04649975385740806
2024-01-17,v2_relative_alpha_calibrated_experts_sensitivity,trend,-0.4011221031218742,1.1415759510605819,0.7404538479387077,0.48420769899629035,0.5188462779051014,0.48720126041220846,0.0,4.0,0.0,"['No_Alpha_Tier', 'Expert_trend']",['Coverage_Below_80_Cap'],2023-11-30,oos_isotonic,1575.0,0.24053045016177835,0.04649975385740806
2024-01-18,v2_relative_alpha_calibrated_experts_sensitivity,trend,-1.1503970707139357,1.1453207367264493,-0.005076333987486491,0.42627770587021974,0.4940918060918061,0.4344618843227693,0.0,4.0,0.0,"['No_Alpha_Tier', 'Expert_trend']",['Coverage_Below_80_Cap'],2023-11-30,oos_isotonic,1575.0,0.24053045016177835,0.04649975385740806
2024-01-19,v2_relative_alpha_calibrated_experts_sensitivity,trend,-1.701090557204434,1.1502060336512285,-0.5508845235532054,0.39721018717272927,0.4940918060918061,0.40882461745762877,0.0,4.0,0.0,"['No_Alpha_Tier', 'Expert_trend']",['Coverage_Below_80_Cap'],2023-11-30,oos_isotonic,1575.0,0.24053045016177835,0.04649975385740806
2024-01-22,v2_relative_alpha_calibrated_experts_sensitivity,trend,-1.74979546738125,1.1565247578327091,-0.5932707095485407,0.3954289250529103,0.4940918060918061,0.4051175188220575,0.0,4.0,0.0,"['No_Alpha_Tier', 'Expert_trend']",['Coverage_Below_80_Cap'],2023-11-30,oos_isotonic,1575.0,0.24053045016177835,0.04649975385740806
2024-01-23,v2_relative_alpha_calibrated_experts_sensitivity,trend,-1.8414010920947823,1.164857782074953,-0.6765433100198291,0.3948255854233573,0.4940918060918061,0.41515375078483074,0.0,4.0,0.0,"['No_Alpha_Tier', 'Expert_trend']",['Coverage_Below_80_Cap'],2023-11-30,oos_isotonic,1575.0,0.24053045016177835,0.04649975385740806
2024-01-24,v2_relative_alpha_calibrated_experts_sensitivity,trend,-2.501826074587017,1.1721433940597388,-1.3296826805272781,0.3623473477596322,0.4940918060918061,0.37071154727704475,0.0,4.0,0.0,"['No_Alpha_Tier', 'Expert_trend']",['Coverage_Below_80_Cap'],2023-11-30,oos_isotonic,1575.0,0.24053045016177835,0.04649975385740806
2024-01-25,v2_relative_alpha_calibrated_experts_sensitivity,trend,-2.2285414147061102,1.1787632162119175,-1.0497781984941927,0.38158268699208786,0.4940918060918061,0.3928250418274649,0.0,4.0,0.0,"['No_Alpha_Tier', 'Expert_trend']",['Coverage_Below_80_Cap'],2023-11-30,oos_isotonic,1575.0,0.24053045016177835,0.04649975385740806
2024-01-26,v2_relative_alpha_calibrated_experts_sensitivity,trend,-2.1801816588135,1.1822151952843025,-0.9979664635291975,0.38066705020066827,0.4940918060918061,0.3889942591789289,0.0,4.0,0.0,"['No_Alpha_Tier', 'Expert_trend']",['Coverage_Below_80_Cap'],2023-11-30,oos_isotonic,1575.0,0.24053045016177835,0.04649975385740806
2024-01-29,v2_relative_alpha_calibrated_experts_sensitivity,trend,-2.2788807793153456,1.1860954207892498,-1.0927853585260956,0.3801361438149132,0.4940918060918061,0.3934289843149722,0.0,4.0,0.0,"['No_Alpha_Tier', 'Expert_trend']",['Coverage_Below_80_Cap'],2023-11-30,oos_isotonic,1575.0,0.24053045016177835,0.04649975385740806
2024-01-30,v2_relative_alpha_calibrated_experts_sensitivity,trend,-1.4637043024904595,1.1898707928523045,-0.273833509638155,0.4261160909384448,0.4940918060918061,0.4370863269149206,0.0,4.0,0.0,"['No_Alpha_Tier', 'Expert_trend']",['Coverage_Below_80_Cap'],2023-11-30,oos_isotonic,1575.0,0.24053045016177835,0.04649975385740806
2024-01-31,v2_relative_alpha_calibrated_experts_sensitivity,pullback,-0.23921231175671742,1.1922799494510627,0.9530676376943454,0.5029695491212081,0.5188462779051014,0.4085192419725163,0.0,4.0,0.0,"['No_Alpha_Tier', 'Expert_pullback']",['Coverage_Below_80_Cap'],2023-11-30,oos_isotonic,1575.0,0.24053045016177835,0.04649975385740806
2024-02-01,v2_relative_alpha_calibrated_experts_sensitivity,trend,-0.30849578490122737,1.194398742211784,0.8859029573105568,0.5062394065308905,0.5340038239929721,0.4985631448872413,0.0,4.0,0.0,"['No_Alpha_Tier', 'Expert_trend']",['Coverage_Below_80_Cap'],2024-01-02,oos_isotonic,1596.0,0.2403289494228716,0.0434559278762607
2024-02-02,v2_relative_alpha_calibrated_experts_sensitivity,trend,-1.6741019987195496,1.1991222127713947,-0.4749797859481548,0.42014312076384047,0.500382230344686,0.4277604263206673,0.0,4.0,0.0,"['No_Alpha_Tier', 'Expert_trend']",['Coverage_Below_80_Cap'],2024-01-02,oos_isotonic,1596.0,0.2403289494228716,0.0434559278762607
2024-02-05,v2_relative_alpha_calibrated_experts_sensitivity,trend,-1.0034129371247427,1.2046231635369513,0.2012102264122087,0.4671279247849549,0.5340038239929721,0.4663757182576459,0.0,4.0,0.0,"['No_Alpha_Tier', 'Expert_trend']",['Coverage_Below_80_Cap'],2024-01-02,oos_isotonic,1596.0,0.2403289494228716,0.0434559278762607
2024-02-06,v2_relative_alpha_calibrated_experts_sensitivity,trend,-0.5180600037846101,1.209871802116375,0.6918117983317649,0.5004613866552916,0.5340038239929721,0.489451467408094,0.0,4.0,0.0,"['No_Alpha_Tier', 'Expert_trend']",['Coverage_Below_80_Cap'],2024-01-02,oos_isotonic,1596.0,0.2403289494228716,0.0434559278762607
2024-02-07,v2_relative_alpha_calibrated_experts_sensitivity,trend,-1.563785292554329,1.2178138792408681,-0.34597141331346065,0.4285653974515512,0.5051378446115288,0.4393943157244362,0.0,4.0,0.0,"['No_Alpha_Tier', 'Expert_trend']",['Coverage_Below_80_Cap'],2024-01-02,oos_isotonic,1596.0,0.2403289494228716,0.0434559278762607
2024-02-08,v2_relative_alpha_calibrated_experts_sensitivity,trend,-1.2966345886145332,1.2267420692406474,-0.0698925193738856,0.44377277939779197,0.5340038239929721,0.44475526722273717,0.0,4.0,0.0,"['No_Alpha_Tier', 'Expert_trend']",['Coverage_Below_80_Cap'],2024-01-02,oos_isotonic,1596.0,0.2403289494228716,0.0434559278762607
2024-02-09,v2_relative_alpha_calibrated_experts_sensitivity,trend,-1.814596948516714,1.2285753546502538,-0.5860215938664602,0.41600979660863213,0.500382230344686,0.4217186592523942,0.0,4.0,0.0,"['No_Alpha_Tier', 'Expert_trend']",['Coverage_Below_80_Cap'],2024-01-02,oos_isotonic,1596.0,0.2403289494228716,0.0434559278762607
2024-02-12,v2_relative_alpha_calibrated_experts_sensitivity,trend,-1.2600524813510845,1.2306612759158448,-0.02939120543523962,0.4358789283925313,0.5340038239929721,0.448355452579549,0.0,4.0,0.0,"['No_Alpha_Tier', 'Expert_trend']",['Coverage_Below_80_Cap'],2024-01-02,oos_isotonic,1596.0,0.2403289494228716,0.0434559278762607
2024-02-13,v2_relative_alpha_calibrated_experts_sensitivity,trend,-0.25901843938060265,1.232147286918419,0.9731288475378164,0.4869086701119731,0.5340038239929721,0.49097803521779426,0.0,4.0,0.0,"['No_Alpha_Tier', 'Expert_trend']",['Coverage_Below_80_Cap'],2024-01-02,oos_isotonic,1596.0,0.2403289494228716,0.0434559278762607
2024-02-14,v2_relative_alpha_calibrated_experts_sensitivity,trend,-0.9518127851787935,1.2331558158925136,0.28134303071372013,0.45213208266455784,0.5340038239929721,0.46436061167747916,0.0,4.0,0.0,"['No_Alpha_Tier', 'Expert_trend']",['Coverage_Below_80_Cap'],2024-01-02,oos_isotonic,1596.0,0.2403289494228716,0.0434559278762607
2024-02-15,v2_relative_alpha_calibrated_experts_sensitivity,trend,-0.8214512815769969,1.2334000189301912,0.4119487373531943,0.46437062226108106,0.5340038239929721,0.46774776027185666,0.0,4.0,0.0,"['No_Alpha_Tier', 'Expert_trend']",['Coverage_Below_80_Cap'],2024-01-02,oos_isotonic,1596.0,0.2403289494228716,0.0434559278762607
2024-02-16,v2_relative_alpha_calibrated_experts_sensitivity,trend,0.3334713481274901,1.2379436895290294,1.5714150376565195,0.5586919425219993,0.5340038239929721,0.5529144578313253,0.0,4.0,0.0,"['No_Alpha_Tier', 'Expert_trend']",['Coverage_Below_80_Cap'],2024-01-02,oos_isotonic,1596.0,0.2403289494228716,0.0434559278762607
2024-02-20,v2_relative_alpha_calibrated_experts_sensitivity,pullback,0.20947759742127228,1.2391679999573733,1.4486455973786454,0.5553390212435523,0.5340038239929721,0.4473395676969075,0.0,4.0,0.0,"['No_Alpha_Tier', 'Expert_pullback']",['Coverage_Below_80_Cap'],2024-01-02,oos_isotonic,1596.0,0.2403289494228716,0.0434559278762607
2024-02-21,v2_relative_alpha_calibrated_experts_sensitivity,pullback,1.0841136120790111,1.2403486197975373,2.3244622318765487,0.6283817301377217,0.6039613740232935,0.4983734304478814,0.0,4.0,0.0,"['No_Alpha_Tier', 'Expert_pullback']",['Coverage_Below_80_Cap'],2024-01-02,oos_isotonic,1596.0,0.2403289494228716,0.0434559278762607
2024-02-22,v2_relative_alpha_calibrated_experts_sensitivity,trend,-2.1697108598536112,1.2409924453920556,-0.9287184144615556,0.39142744709156685,0.500382230344686,0.4122308310163732,0.0,4.0,0.0,"['No_Alpha_Tier', 'Expert_trend']",['Coverage_Below_80_Cap'],2024-01-02,oos_isotonic,1596.0,0.2403289494228716,0.0434559278762607
2024-02-23,v2_relative_alpha_calibrated_experts_sensitivity,trend,-1.6780268059926475,1.2452155157488851,-0.4328112902437623,0.42111391632946465,0.500382230344686,0.43750658016682115,0.0,4.0,0.0,"['No_Alpha_Tier', 'Expert_trend']",['Coverage_Below_80_Cap'],2024-01-02,oos_isotonic,1596.0,0.2403289494228716,0.0434559278762607
2024-02-26,v2_relative_alpha_calibrated_experts_sensitivity,trend,-1.2915753130736647,1.2503013033630526,-0.041274009710612174,0.4385144685487958,0.5340038239929721,0.4563015137472969,0.0,4.0,0.0,"['No_Alpha_Tier', 'Expert_trend']",['Coverage_Below_80_Cap'],2024-01-02,oos_isotonic,1596.0,0.2403289494228716,0.0434559278762607
2024-02-27,v2_relative_alpha_calibrated_experts_sensitivity,trend,-1.4988362538508284,1.25526632031147,-0.2435699335393584,0.42910445973919475,0.5051378446115288,0.4454085264133457,0.0,4.0,0.0,"['No_Alpha_Tier', 'Expert_trend']",['Coverage_Below_80_Cap'],2024-01-02,oos_isotonic,1596.0,0.2403289494228716,0.0434559278762607
2024-02-28,v2_relative_alpha_calibrated_experts_sensitivity,trend,-1.4942867709335705,1.2593316425107959,-0.23495512842277455,0.4288320514950139,0.5051378446115288,0.44601368551127596,0.0,4.0,0.0,"['No_Alpha_Tier', 'Expert_trend']",['Coverage_Below_80_Cap'],2024-01-02,oos_isotonic,1596.0,0.2403289494228716,0.0434559278762607
2024-02-29,v2_relative_alpha_calibrated_experts_sensitivity,trend,-2.2659601981279933,1.263327363450906,-1.0026328346770874,0.3867571982385022,0.500382230344686,0.3998494284831634,0.0,4.0,0.0,"['No_Alpha_Tier', 'Expert_trend']",['Coverage_Below_80_Cap'],2024-01-02,oos_isotonic,1596.0,0.2403289494228716,0.0434559278762607
2024-03-01,v2_relative_alpha_calibrated_experts_sensitivity,trend,-2.030380385683972,1.2685580622626575,-0.7618223234213144,0.3938091517743213,0.5174920054117212,0.41735033519291176,0.0,4.0,0.0,"['No_Alpha_Tier', 'Expert_trend']",['Coverage_Below_80_Cap'],2024-01-31,oos_isotonic,1616.0,0.24116453691560416,0.040444590449180126
2024-03-04,v2_relative_alpha_calibrated_experts_sensitivity,trend,-0.9261408233115846,1.2759860740881053,0.34984525077652057,0.45249983621456125,0.5370811119573495,0.4660830090791181,0.0,4.0,0.0,"['No_Alpha_Tier', 'Expert_trend']",['Coverage_Below_80_Cap'],2024-01-31,oos_isotonic,1616.0,0.24116453691560416,0.040444590449180126
2024-03-05,v2_relative_alpha_calibrated_experts_sensitivity,pullback,0.5539033770742697,1.2823519773754706,1.8362553544497402,0.5523936982084791,0.5370811119573495,0.4561015345806181,0.0,4.0,0.0,"['No_Alpha_Tier', 'Expert_pullback']",['Coverage_Below_80_Cap'],2024-01-31,oos_isotonic,1616.0,0.24116453691560416,0.040444590449180126
2024-03-06,v2_relative_alpha_calibrated_experts_sensitivity,trend,-0.15324994159001595,1.2864511671488559,1.1332012255588397,0.515450630213901,0.5370811119573495,0.5151547825543419,0.0,4.0,0.0,"['No_Alpha_Tier', 'Expert_trend']",['Coverage_Below_80_Cap'],2024-01-31,oos_isotonic,1616.0,0.24116453691560416,0.040444590449180126
2024-03-07,v2_relative_alpha_calibrated_experts_sensitivity,trend,-1.5158640662697145,1.2926478267106811,-0.22321623955903325,0.431647889776853,0.5370811119573495,0.45049614801618926,0.0,4.0,0.0,"['No_Alpha_Tier', 'Expert_trend']",['Coverage_Below_80_Cap'],2024-01-31,oos_isotonic,1616.0,0.24116453691560416,0.040444590449180126
2024-03-08,v2_relative_alpha_calibrated_experts_sensitivity,trend,-0.35002010961465646,1.300733225662895,0.9507131160482385,0.5148659035689487,0.5370811119573495,0.5239901239198037,0.0,4.0,0.0,"['No_Alpha_Tier', 'Expert_trend']",['Coverage_Below_80_Cap'],2024-01-31,oos_isotonic,1616.0,0.24116453691560416,0.040444590449180126
2024-03-11,v2_relative_alpha_calibrated_experts_sensitivity,trend,0.1882982842661806,1.3051778058078964,1.4934760900740771,0.5531180012125676,0.5370811119573495,0.5532761395777663,0.0,4.0,0.0,"['No_Alpha_Tier', 'Expert_trend']",['Coverage_Below_80_Cap'],2024-01-31,oos_isotonic,1616.0,0.24116453691560416,0.040444590449180126
2024-03-12,v2_relative_alpha_calibrated_experts_sensitivity,trend,-1.087075332158981,1.309376168805199,0.22230083664621803,0.4477592476088213,0.5370811119573495,0.4547934930383011,0.0,4.0,0.0,"['No_Alpha_Tier', 'Expert_trend']",['Coverage_Below_80_Cap'],2024-01-31,oos_isotonic,1616.0,0.24116453691560416,0.040444590449180126
2024-03-13,v2_relative_alpha_calibrated_experts_sensitivity,trend,-0.5387544677784619,1.3140988848311532,0.7753444170526914,0.49361322561443977,0.5370811119573495,0.48958167299548394,0.0,4.0,0.0,"['No_Alpha_Tier', 'Expert_trend']",['Coverage_Below_80_Cap'],2024-01-31,oos_isotonic,1616.0,0.24116453691560416,0.040444590449180126
2024-03-14,v2_relative_alpha_calibrated_experts_sensitivity,trend,-0.09902387975183352,1.3173246695753753,1.2183007898235418,0.5383110511594211,0.5370811119573495,0.5405052115075086,0.0,4.0,0.0,"['No_Alpha_Tier', 'Expert_trend']",['Coverage_Below_80_Cap'],2024-01-31,oos_isotonic,1616.0,0.24116453691560416,0.040444590449180126
2024-03-15,v2_relative_alpha_calibrated_experts_sensitivity,pullback,-0.10877654988796104,1.3185454920622433,1.2097689421742823,0.5267414869522322,0.5370811119573495,0.4137902039100273,0.0,4.0,0.0,"['No_Alpha_Tier', 'Expert_pullback']",['Coverage_Below_80_Cap'],2024-01-31,oos_isotonic,1616.0,0.24116453691560416,0.040444590449180126
2024-03-18,v2_relative_alpha_calibrated_experts_sensitivity,trend,-0.41550028140300316,1.3191749831437678,0.9036747017407646,0.5294971578596711,0.5370811119573495,0.5364625818448893,0.0,4.0,0.0,"['No_Alpha_Tier', 'Expert_trend']",['Coverage_Below_80_Cap'],2024-01-31,oos_isotonic,1616.0,0.24116453691560416,0.040444590449180126
2024-03-19,v2_relative_alpha_calibrated_experts_sensitivity,trend,-0.44716534652807693,1.3216848286625087,0.8745194821344316,0.5214774994320476,0.5370811119573495,0.5300368790336443,0.0,4.0,0.0,"['No_Alpha_Tier', 'Expert_trend']",['Coverage_Below_80_Cap'],2024-01-31,oos_isotonic,1616.0,0.24116453691560416,0.040444590449180126
2024-03-20,v2_relative_alpha_calibrated_experts_sensitivity,trend,-1.2828633630428004,1.326940941577571,0.044077578534770616,0.4511660927107565,0.5370811119573495,0.4585196818402013,0.0,4.0,0.0,"['No_Alpha_Tier', 'Expert_trend']",['Coverage_Below_80_Cap'],2024-01-31,oos_isotonic,1616.0,0.24116453691560416,0.040444590449180126
2024-03-21,v2_relative_alpha_calibrated_experts_sensitivity,trend,-1.3502893506205804,1.3337038540791575,-0.01658549654142312,0.44427804848097996,0.5370811119573495,0.458439204287969,0.0,4.0,0.0,"['No_Alpha_Tier', 'Expert_trend']",['Coverage_Below_80_Cap'],2024-01-31,oos_isotonic,1616.0,0.24116453691560416,0.040444590449180126
2024-03-22,v2_relative_alpha_calibrated_experts_sensitivity,trend,-1.560728979796663,1.3398354986134742,-0.2208934811831889,0.427117367313695,0.5174920054117212,0.43817136249277266,0.0,3.0,0.0,"['No_Alpha_Tier', 'Expert_trend']","['Risk_Above_55_Penalty', 'Liquidity_Below_45_Penalty', 'Coverage_Below_80_Cap']",2024-01-31,oos_isotonic,1616.0,0.24116453691560416,0.040444590449180126
2024-03-25,v2_relative_alpha_calibrated_experts_sensitivity,trend,-0.15632788512932422,1.344474277639466,1.1881463925101416,0.504091118955575,0.5370811119573495,0.5051591580329099,0.0,3.0,0.0,"['No_Alpha_Tier', 'Expert_trend']","['Risk_Above_55_Penalty', 'Liquidity_Below_45_Penalty', 'Coverage_Below_80_Cap']",2024-01-31,oos_isotonic,1616.0,0.24116453691560416,0.040444590449180126
2024-03-26,v2_relative_alpha_calibrated_experts_sensitivity,trend,-0.2823722330333447,1.3486877839051579,1.0663155508718132,0.5116203803787285,0.5370811119573495,0.5090994327504571,0.0,4.0,0.0,"['No_Alpha_Tier', 'Expert_trend']",['Coverage_Below_80_Cap'],2024-01-31,oos_isotonic,1616.0,0.24116453691560416,0.040444590449180126
2024-03-27,v2_relative_alpha_calibrated_experts_sensitivity,trend,0.05755108593373873,1.3511843780279273,1.408735463961666,0.5233995477106365,0.5370811119573495,0.5177339709030675,0.0,4.0,0.0,"['No_Alpha_Tier', 'Expert_trend']","['Liquidity_Below_45_Penalty', 'Coverage_Below_80_Cap']",2024-01-31,oos_isotonic,1616.0,0.24116453691560416,0.040444590449180126
2024-03-28,v2_relative_alpha_calibrated_experts_sensitivity,trend,-0.43922367991751626,1.355986493844983,0.9167628139274668,0.5195415752693832,0.5370811119573495,0.5251504070757739,0.0,4.0,0.0,"['No_Alpha_Tier', 'Expert_trend']",['Coverage_Below_80_Cap'],2024-01-31,oos_isotonic,1616.0,0.24116453691560416,0.040444590449180126
2024-04-01,v2_relative_alpha_calibrated_experts_sensitivity,trend,-0.11329214815529193,1.3619849953898147,1.2486928472345227,0.5328700185147666,0.5596311257574147,0.5326431734844517,0.0,3.0,0.0,"['No_Alpha_Tier', 'Expert_trend']","['Risk_Above_55_Penalty', 'Liquidity_Below_45_Penalty', 'Coverage_Below_80_Cap']",2024-02-29,oos_isotonic,1636.0,0.23982765669822032,0.0318026274972812
2024-04-02,v2_relative_alpha_calibrated_experts_sensitivity,trend,0.8777274503554203,1.3636339579815413,2.2413614083369615,0.5961907950891907,0.6076914047514071,0.584720554947061,0.0,4.0,0.0,"['No_Alpha_Tier', 'Expert_trend']",['Coverage_Below_80_Cap'],2024-02-29,oos_isotonic,1636.0,0.23982765669822032,0.0318026274972812
2024-04-03,v2_relative_alpha_calibrated_experts_sensitivity,trend,1.1981420074101783,1.3640484480724226,2.562190455482601,0.6128494793623014,0.6076914047514071,0.5998226709208375,0.0,4.0,0.0,"['No_Alpha_Tier', 'Expert_trend']",['Coverage_Below_80_Cap'],2024-02-29,oos_isotonic,1636.0,0.23982765669822032,0.0318026274972812
2024-04-04,v2_relative_alpha_calibrated_experts_sensitivity,pullback,1.3815577668464734,1.3651400323298197,2.7466977991762933,0.6367459079757414,0.6076914047514071,0.541396420459234,0.0,4.0,0.0,"['No_Alpha_Tier', 'Expert_pullback']",['Coverage_Below_80_Cap'],2024-02-29,oos_isotonic,1636.0,0.23982765669822032,0.0318026274972812
2024-04-05,v2_relative_alpha_calibrated_experts_sensitivity,trend,2.69252240421708,1.3667506024912703,4.05927300670835,0.7138714166665513,0.6076914047514071,0.6815677127482261,0.0,4.0,0.0,"['No_Alpha_Tier', 'Expert_trend']",['Coverage_Below_80_Cap'],2024-02-29,oos_isotonic,1636.0,0.23982765669822032,0.0318026274972812
2024-04-08,v2_relative_alpha_calibrated_experts_sensitivity,trend,1.887975229716559,1.3675877365648947,3.2555629662814534,0.6668101692671997,0.6076914047514071,0.6403403209676652,0.0,4.0,0.0,"['No_Alpha_Tier', 'Expert_trend']",['Coverage_Below_80_Cap'],2024-02-29,oos_isotonic,1636.0,0.23982765669822032,0.0318026274972812
2024-04-09,v2_relative_alpha_calibrated_experts_sensitivity,trend,1.9047489796754622,1.3688972727982969,3.2736462524737586,0.653658233426492,0.6076914047514071,0.6419629188691526,0.0,4.0,0.0,"['No_Alpha_Tier', 'Expert_trend']",['Coverage_Below_80_Cap'],2024-02-29,oos_isotonic,1636.0,0.23982765669822032,0.0318026274972812
2024-04-10,v2_relative_alpha_calibrated_experts_sensitivity,trend,2.5238388335670834,1.3707898816632178,3.894628715230301,0.703605527673171,0.6076914047514071,0.6739191644046543,0.0,4.0,0.0,"['No_Alpha_Tier', 'Expert_trend']",['Coverage_Below_80_Cap'],2024-02-29,oos_isotonic,1636.0,0.23982765669822032,0.0318026274972812
2024-04-11,v2_relative_alpha_calibrated_experts_sensitivity,trend,1.1414201622087197,1.3708847422713328,2.5123049044800525,0.5918819185417267,0.6076914047514071,0.5869226915567408,0.0,4.0,0.0,"['No_Alpha_Tier', 'Expert_trend']",['Coverage_Below_80_Cap'],2024-02-29,oos_isotonic,1636.0,0.23982765669822032,0.0318026274972812
2024-04-12,v2_relative_alpha_calibrated_experts_sensitivity,trend,1.6506986954612364,1.3747727519853177,3.025471447446554,0.6505094794503954,0.6076914047514071,0.6339433433338095,0.0,4.0,0.0,"['No_Alpha_Tier', 'Expert_trend']",['Coverage_Below_80_Cap'],2024-02-29,oos_isotonic,1636.0,0.23982765669822032,0.0318026274972812
2024-04-15,v2_relative_alpha_calibrated_experts_sensitivity,pullback,2.677264122610575,5.033508183935847,7.710772306546423,0.7237149068544924,0.6076914047514071,0.6095421123720429,0.0,4.0,0.0,"['No_Alpha_Tier', 'Expert_pullback']",['Coverage_Below_80_Cap'],2024-02-29,oos_isotonic,1636.0,0.23982765669822032,0.0318026274972812
2024-04-16,v2_relative_alpha_calibrated_experts_sensitivity,pullback,3.1386887821372347,5.038567361019855,8.177256143157091,0.7401587899871114,0.6076914047514071,0.6302087269221248,0.0,4.0,0.0,"['No_Alpha_Tier', 'Expert_pullback']",['Coverage_Below_80_Cap'],2024-02-29,oos_isotonic,1636.0,0.23982765669822032,0.0318026274972812
2024-04-17,v2_relative_alpha_calibrated_experts_sensitivity,pullback,3.5456241125249157,5.0434414675854145,8.589065580110331,0.7639850800674388,0.6076914047514071,0.6539150412806782,0.0,4.0,0.0,"['No_Alpha_Tier', 'Expert_pullback']",['Coverage_Below_80_Cap'],2024-02-29,oos_isotonic,1636.0,0.23982765669822032,0.0318026274972812
2024-04-18,v2_relative_alpha_calibrated_experts_sensitivity,pullback,3.4136612912243782,5.04716670451668,8.46082799574106,0.7540571255230659,0.6076914047514071,0.6219635574780784,0.0,4.0,0.0,"['No_Alpha_Tier', 'Expert_pullback']","['Risk_Above_55_Penalty', 'Coverage_Below_80_Cap']",2024-02-29,oos_isotonic,1636.0,0.23982765669822032,0.0318026274972812
2024-04-19,v2_relative_alpha_calibrated_experts_sensitivity,pullback,3.2222409358843294,5.051830744297016,8.274071680181345,0.7248573589092044,0.6076914047514071,0.6007702396928596,0.0,0.0,0.0,"['No_Alpha_Tier', 'Expert_pullback']","['Risk_Above_55_Penalty', 'Liquidity_Below_45_Penalty', 'Coverage_Below_80_Cap']",2024-02-29,oos_isotonic,1636.0,0.23982765669822032,0.0318026274972812
2024-04-22,v2_relative_alpha_calibrated_experts_sensitivity,pullback,3.180294265778542,5.056379341021139,8.23667360679968,0.7138256683626438,0.6076914047514071,0.6238414917503791,0.0,0.0,0.0,"['No_Alpha_Tier', 'Expert_pullback']","['Risk_Above_55_Penalty', 'Liquidity_Below_45_Penalty', 'Coverage_Below_80_Cap']",2024-02-29,oos_isotonic,1636.0,0.23982765669822032,0.0318026274972812
2024-04-23,v2_relative_alpha_calibrated_experts_sensitivity,pullback,2.048529844857609,5.061162357349771,7.10969220220738,0.6547797921123246,0.6076914047514071,0.5448122282880137,0.0,0.0,0.0,"['No_Alpha_Tier', 'Expert_pullback']","['Risk_Above_55_Penalty', 'Liquidity_Below_45_Penalty', 'Coverage_Below_80_Cap']",2024-02-29,oos_isotonic,1636.0,0.23982765669822032,0.0318026274972812
2024-04-24,v2_relative_alpha_calibrated_experts_sensitivity,pullback,2.4651268600204967,5.066096977952786,7.531223837973283,0.6949051288712504,0.6076914047514071,0.5850353741319332,0.0,0.0,0.0,"['No_Alpha_Tier', 'Expert_pullback']","['Risk_Above_55_Penalty', 'Liquidity_Below_45_Penalty', 'Coverage_Below_80_Cap']",2024-02-29,oos_isotonic,1636.0,0.23982765669822032,0.0318026274972812
2024-04-25,v2_relative_alpha_calibrated_experts_sensitivity,pullback,3.3082131880801864,5.070928374217325,8.37914156229751,0.7539465585658004,0.6076914047514071,0.662586480957903,0.0,0.0,0.0,"['No_Alpha_Tier', 'Expert_pullback']","['Risk_Above_55_Penalty', 'Liquidity_Below_45_Penalty', 'Coverage_Below_80_Cap']",2024-02-29,oos_isotonic,1636.0,0.23982765669822032,0.0318026274972812
2024-04-26,v2_relative_alpha_calibrated_experts_sensitivity,pullback,1.6446712194162765,5.074626297407327,6.719297516823603,0.68902747714621,0.6076914047514071,0.571591575354067,0.0,0.0,0.0,"['No_Alpha_Tier', 'Expert_pullback']",['Hard_Risk_Cap_Zero'],2024-02-29,oos_isotonic,1636.0,0.23982765669822032,0.0318026274972812
2024-04-29,v2_relative_alpha_calibrated_experts_sensitivity,pullback,1.100971661077409,5.078168179530275,6.179139840607684,0.6610259820984075,0.6076914047514071,0.5269102899853639,0.0,0.0,0.0,"['No_Alpha_Tier', 'Expert_pullback']",['Hard_Risk_Cap_Zero'],2024-02-29,oos_isotonic,1636.0,0.23982765669822032,0.0318026274972812
2024-04-30,v2_relative_alpha_calibrated_experts_sensitivity,pullback,1.9712039036262408,5.078168179530275,7.049372083156516,0.6906034933780627,0.6076914047514071,0.5607360164688409,0.0,0.0,0.0,"['No_Alpha_Tier', 'Expert_pullback']",['Hard_Risk_Cap_Zero'],2024-02-29,oos_isotonic,1636.0,0.23982765669822032,0.0318026274972812
2024-05-01,v2_relative_alpha_calibrated_experts_sensitivity,pullback,2.5654427265098256,5.078168179530275,7.6436109060401005,0.7129374584541391,0.6078337095284237,0.5639637826961771,0.0,0.0,0.0,"['No_Alpha_Tier', 'Expert_pullback']",['Hard_Risk_Cap_Zero'],2024-04-02,oos_isotonic,1658.0,0.23798398484147584,0.01729405349682663
2024-05-02,v2_relative_alpha_calibrated_experts_sensitivity,pullback,2.236479956463808,5.078168179530275,7.314648135994083,0.7023615804243227,0.6078337095284237,0.5454929577464789,0.0,0.0,0.0,"['No_Alpha_Tier', 'Expert_pullback']",['Hard_Risk_Cap_Zero'],2024-04-02,oos_isotonic,1658.0,0.23798398484147584,0.01729405349682663
2024-05-03,v2_relative_alpha_calibrated_experts_sensitivity,pullback,-0.3126276999393089,1.3232449566932136,1.0106172567539047,0.5095189221107518,0.5695713484768685,0.3883299798792757,0.0,0.0,0.0,"['No_Alpha_Tier', 'Expert_pullback']",['Hard_Risk_Cap_Zero'],2024-04-02,oos_isotonic,1658.0,0.23798398484147584,0.01729405349682663
2024-05-06,v2_relative_alpha_calibrated_experts_sensitivity,trend,-0.891532042796233,1.322911074544484,0.4313790317482512,0.4808330903498184,0.5695713484768685,0.49603593657498524,0.0,0.0,0.0,"['No_Alpha_Tier', 'Expert_trend']",['Hard_Risk_Cap_Zero'],2024-04-02,oos_isotonic,1658.0,0.23798398484147584,0.01729405349682663
2024-05-07,v2_relative_alpha_calibrated_experts_sensitivity,trend,-1.101169098023381,1.3216095609577467,0.2204404629343657,0.459028596762986,0.5695713484768685,0.4668618697899166,0.0,0.0,0.0,"['No_Alpha_Tier', 'Expert_trend']",['Hard_Risk_Cap_Zero'],2024-04-02,oos_isotonic,1658.0,0.23798398484147584,0.01729405349682663
2024-05-08,v2_relative_alpha_calibrated_experts_sensitivity,trend,-0.735355017363389,1.319858130137936,0.5845031127745469,0.4738638853564841,0.5695713484768685,0.4936542984687755,0.0,0.0,0.0,"['No_Alpha_Tier', 'Expert_trend']",['Hard_Risk_Cap_Zero'],2024-04-02,oos_isotonic,1658.0,0.23798398484147584,0.01729405349682663
2024-05-09,v2_relative_alpha_calibrated_experts_sensitivity,trend,-0.2526797110423129,1.3188991004030308,1.066219389360718,0.5202593610132193,0.5695713484768685,0.5277972447559162,0.0,0.0,0.0,"['No_Alpha_Tier', 'Expert_trend']",['Hard_Risk_Cap_Zero'],2024-04-02,oos_isotonic,1658.0,0.23798398484147584,0.01729405349682663
2024-05-10,v2_relative_alpha_calibrated_experts_sensitivity,trend,1.0354401453829807,1.3177490746389984,2.3531892200219793,0.602998675015787,0.6078337095284237,0.6010200163202611,0.0,0.0,0.0,"['No_Alpha_Tier', 'Expert_trend']",['Hard_Risk_Cap_Zero'],2024-04-02,oos_isotonic,1658.0,0.23798398484147584,0.01729405349682663
2024-05-13,v2_relative_alpha_calibrated_experts_sensitivity,trend,1.3258949965223736,1.3166933037552158,2.6425883002775894,0.6338378894902315,0.6078337095284237,0.6173682778924463,0.0,0.0,0.0,"['No_Alpha_Tier', 'Expert_trend']",['Hard_Risk_Cap_Zero'],2024-04-02,oos_isotonic,1658.0,0.23798398484147584,0.01729405349682663
2024-05-14,v2_relative_alpha_calibrated_experts_sensitivity,trend,0.14131332225445892,1.3164643343982954,1.4577776566527543,0.5565881375347752,0.5695713484768685,0.5705211283380535,0.0,0.0,0.0,"['No_Alpha_Tier', 'Expert_trend']",['Hard_Risk_Cap_Zero'],2024-04-02,oos_isotonic,1658.0,0.23798398484147584,0.01729405349682663
2024-05-15,v2_relative_alpha_calibrated_experts_sensitivity,trend,-0.40702519125437786,1.3172894266410735,0.9102642353866955,0.5255333198841126,0.5695713484768685,0.5408150530408486,0.0,0.0,0.0,"['No_Alpha_Tier', 'Expert_trend']",['Hard_Risk_Cap_Zero'],2024-04-02,oos_isotonic,1658.0,0.23798398484147584,0.01729405349682663
2024-05-16,v2_relative_alpha_calibrated_experts_sensitivity,trend,-0.03637819445644801,1.3197522465252325,1.2833740520687846,0.5501646691932742,0.5695713484768685,0.5456215299444791,0.0,0.0,0.0,"['No_Alpha_Tier', 'Expert_trend']",['Hard_Risk_Cap_Zero'],2024-04-02,oos_isotonic,1658.0,0.23798398484147584,0.01729405349682663
2024-05-17,v2_relative_alpha_calibrated_experts_sensitivity,trend,1.2486814484838855,1.3226229569104222,2.5713044053943075,0.6356426034838244,0.6078337095284237,0.6171010736171779,0.0,1.0,0.0,"['No_Alpha_Tier', 'Expert_trend']","['Risk_Above_55_Penalty', 'Liquidity_Below_45_Penalty', 'Coverage_Below_80_Cap']",2024-04-02,oos_isotonic,1658.0,0.23798398484147584,0.01729405349682663
2024-05-20,v2_relative_alpha_calibrated_experts_sensitivity,trend,0.5227885427681116,1.323696350569124,1.8464848933372358,0.5862399563058687,0.6078337095284237,0.5787540600649611,0.0,1.0,0.0,"['No_Alpha_Tier', 'Expert_trend']","['Risk_Above_55_Penalty', 'Liquidity_Below_45_Penalty', 'Coverage_Below_80_Cap']",2024-04-02,oos_isotonic,1658.0,0.23798398484147584,0.01729405349682663
2024-05-21,v2_relative_alpha_calibrated_experts_sensitivity,trend,-0.6111220621386925,1.3250877385358124,0.71396567639712,0.49704980180186376,0.5695713484768685,0.5052344837517401,0.0,0.0,0.0,"['No_Alpha_Tier', 'Expert_trend']",['Hard_Risk_Cap_Zero'],2024-04-02,oos_isotonic,1658.0,0.23798398484147584,0.01729405349682663
2024-05-22,v2_relative_alpha_calibrated_experts_sensitivity,trend,-0.4347509601902191,1.3263203317772487,0.8915693715870298,0.5279968830957056,0.5695713484768685,0.5472983567737084,0.0,1.0,0.0,"['No_Alpha_Tier', 'Expert_trend']","['Risk_Above_55_Penalty', 'Liquidity_Below_45_Penalty', 'Coverage_Below_80_Cap']",2024-04-02,oos_isotonic,1658.0,0.23798398484147584,0.01729405349682663
2024-05-23,v2_relative_alpha_calibrated_experts_sensitivity,trend,-0.2534165183479693,1.3277212271651244,1.0743047088171551,0.5343273141479079,0.5695713484768685,0.5508552136834189,0.0,0.0,0.0,"['No_Alpha_Tier', 'Expert_trend']",['Hard_Risk_Cap_Zero'],2024-04-02,oos_isotonic,1658.0,0.23798398484147584,0.01729405349682663
2024-05-24,v2_relative_alpha_calibrated_experts_sensitivity,trend,-0.46936330871569926,1.3292274370857022,0.8598641283700029,0.5278029228146852,0.5695713484768685,0.5311892990287845,0.0,3.0,0.0,"['No_Alpha_Tier', 'Expert_trend']","['Risk_Above_55_Penalty', 'Liquidity_Below_45_Penalty', 'Coverage_Below_80_Cap']",2024-04-02,oos_isotonic,1658.0,0.23798398484147584,0.01729405349682663
2024-05-28,v2_relative_alpha_calibrated_experts_sensitivity,trend,-0.49741963909328524,1.330823338018589,0.8334036989253039,0.52369715342786,0.5695713484768685,0.5404326469223508,0.0,3.0,0.0,"['No_Alpha_Tier', 'Expert_trend']","['Risk_Above_55_Penalty', 'Liquidity_Below_45_Penalty', 'Coverage_Below_80_Cap']",2024-04-02,oos_isotonic,1658.0,0.23798398484147584,0.01729405349682663
2024-05-29,v2_relative_alpha_calibrated_experts_sensitivity,trend,0.9195793748358962,1.3322457480230385,2.2518251228589348,0.613358002912213,0.6078337095284237,0.6040680650890414,0.0,1.0,0.0,"['No_Alpha_Tier', 'Expert_trend']","['Risk_Above_55_Penalty', 'Liquidity_Below_45_Penalty', 'Coverage_Below_80_Cap']",2024-04-02,oos_isotonic,1658.0,0.23798398484147584,0.01729405349682663
2024-05-30,v2_relative_alpha_calibrated_experts_sensitivity,trend,0.2515160819747229,1.3332956762130663,1.5848117581877892,0.5688727179152591,0.5695713484768685,0.5640890254244069,0.0,1.0,0.0,"['No_Alpha_Tier', 'Expert_trend']","['Risk_Above_55_Penalty', 'Liquidity_Below_45_Penalty', 'Coverage_Below_80_Cap']",2024-04-02,oos_isotonic,1658.0,0.23798398484147584,0.01729405349682663
2024-05-31,v2_relative_alpha_calibrated_experts_sensitivity,trend,1.0769859431281508,1.3347712961540548,2.4117572392822058,0.6188625683545943,0.6078337095284237,0.6063369013904222,0.0,1.0,0.0,"['No_Alpha_Tier', 'Expert_trend']","['Risk_Above_55_Penalty', 'Liquidity_Below_45_Penalty', 'Coverage_Below_80_Cap']",2024-04-02,oos_isotonic,1658.0,0.23798398484147584,0.01729405349682663
2024-06-03,v2_relative_alpha_calibrated_experts_sensitivity,trend,0.9430775630776761,1.3362761088510884,2.2793536719287646,0.6247016100995556,0.6087917222963952,0.5932883534136546,0.0,3.0,0.0,"['No_Alpha_Tier', 'Expert_trend']","['Risk_Above_55_Penalty', 'Liquidity_Below_45_Penalty', 'Coverage_Below_80_Cap']",2024-05-02,oos_isotonic,1680.0,0.23938060303096143,0.025246262790574805
2024-06-04,v2_relative_alpha_calibrated_experts_sensitivity,trend,1.0502724812605375,1.338118036846358,2.3883905181068954,0.6320547354032956,0.6087917222963952,0.6005084337349398,0.0,3.0,0.0,"['No_Alpha_Tier', 'Expert_trend']","['Risk_Above_55_Penalty', 'Liquidity_Below_45_Penalty', 'Coverage_Below_80_Cap']",2024-05-02,oos_isotonic,1680.0,0.23938060303096143,0.025246262790574805
2024-06-05,v2_relative_alpha_calibrated_experts_sensitivity,trend,0.4003655089154566,1.3404735366306533,1.7408390455461098,0.5894860986319943,0.6087917222963952,0.569017785427424,0.0,1.0,0.0,"['No_Alpha_Tier', 'Expert_trend']","['Risk_Above_55_Penalty', 'Liquidity_Below_45_Penalty', 'Coverage_Below_80_Cap']",2024-05-02,oos_isotonic,1680.0,0.23938060303096143,0.025246262790574805
2024-06-06,v2_relative_alpha_calibrated_experts_sensitivity,trend,0.5196077955932793,1.3457244831451296,1.8653322787384088,0.5937777357366514,0.6087917222963952,0.5728234844138459,0.0,3.0,0.0,"['No_Alpha_Tier', 'Expert_trend']","['Risk_Above_55_Penalty', 'Liquidity_Below_45_Penalty', 'Coverage_Below_80_Cap']",2024-05-02,oos_isotonic,1680.0,0.23938060303096143,0.025246262790574805
2024-06-07,v2_relative_alpha_calibrated_experts_sensitivity,trend,0.6511852924604822,1.350091448815187,2.001276741275669,0.6013756771946079,0.6087917222963952,0.577116848345764,0.0,1.0,0.0,"['No_Alpha_Tier', 'Expert_trend']","['Risk_Above_55_Penalty', 'Liquidity_Below_45_Penalty', 'Coverage_Below_80_Cap']",2024-05-02,oos_isotonic,1680.0,0.23938060303096143,0.025246262790574805
2024-06-10,v2_relative_alpha_calibrated_experts_sensitivity,trend,0.9635168891374893,1.3562223351042588,2.319739224241748,0.6119738419465743,0.6087917222963952,0.5951707401032702,0.0,1.0,0.0,"['No_Alpha_Tier', 'Expert_trend']","['Risk_Above_55_Penalty', 'Liquidity_Below_45_Penalty', 'Coverage_Below_80_Cap']",2024-05-02,oos_isotonic,1680.0,0.23938060303096143,0.025246262790574805
2024-06-11,v2_relative_alpha_calibrated_experts_sensitivity,trend,0.7781334779569422,1.3648492248189652,2.142982702775907,0.5687983952359916,0.5699261083743843,0.5541872633390705,0.0,0.0,0.0,"['No_Alpha_Tier', 'Expert_trend']",['Hard_Risk_Cap_Zero'],2024-05-02,oos_isotonic,1680.0,0.23938060303096143,0.025246262790574805
2024-06-12,v2_relative_alpha_calibrated_experts_sensitivity,trend,0.557624814889383,1.3749375533865595,1.9325623682759425,0.5784084562102596,0.6087917222963952,0.5544821189519985,0.0,1.0,0.0,"['No_Alpha_Tier', 'Expert_trend']","['Risk_Above_55_Penalty', 'Liquidity_Below_45_Penalty', 'Coverage_Below_80_Cap']",2024-05-02,oos_isotonic,1680.0,0.23938060303096143,0.025246262790574805
2024-06-13,v2_relative_alpha_calibrated_experts_sensitivity,trend,0.7704727054672461,1.3851338354852785,2.1556065409525247,0.5936934676643425,0.6087917222963952,0.5682838018741634,0.0,1.0,0.0,"['No_Alpha_Tier', 'Expert_trend']","['Risk_Above_55_Penalty', 'Liquidity_Below_45_Penalty', 'Coverage_Below_80_Cap']",2024-05-02,oos_isotonic,1680.0,0.23938060303096143,0.025246262790574805
2024-06-14,v2_relative_alpha_calibrated_experts_sensitivity,trend,1.0739087786926278,1.3942998782523923,2.46820865694502,0.6086249372238866,0.6087917222963952,0.5987440428380187,0.0,3.0,0.0,"['No_Alpha_Tier', 'Expert_trend']","['Risk_Above_55_Penalty', 'Liquidity_Below_45_Penalty', 'Coverage_Below_80_Cap']",2024-05-02,oos_isotonic,1680.0,0.23938060303096143,0.025246262790574805
2024-06-17,v2_relative_alpha_calibrated_experts_sensitivity,trend,1.4329415283200395,1.4039955578280057,2.836937086148045,0.6237097940520479,0.6087917222963952,0.6082752342704151,0.0,4.0,0.0,"['No_Alpha_Tier', 'Expert_trend']",['Coverage_Below_80_Cap'],2024-05-02,oos_isotonic,1680.0,0.23938060303096143,0.025246262790574805
2024-06-18,v2_relative_alpha_calibrated_experts_sensitivity,trend,1.5977786271740513,1.4149613417787892,3.0127399689528405,0.6448978798240427,0.6087917222963952,0.620330694205393,0.0,4.0,0.0,"['No_Alpha_Tier', 'Expert_trend']",['Coverage_Below_80_Cap'],2024-05-02,oos_isotonic,1680.0,0.23938060303096143,0.025246262790574805
2024-06-20,v2_relative_alpha_calibrated_experts_sensitivity,trend,0.19950073839831006,1.4233332351436163,1.6228339735419262,0.5570697747973454,0.5699261083743843,0.5479225473321859,0.0,3.0,0.0,"['No_Alpha_Tier', 'Expert_trend']","['Risk_Above_55_Penalty', 'Liquidity_Below_45_Penalty', 'Coverage_Below_80_Cap']",2024-05-02,oos_isotonic,1680.0,0.23938060303096143,0.025246262790574805
2024-06-21,v2_relative_alpha_calibrated_experts_sensitivity,trend,0.85612110806854,1.4312505074628432,2.2873716155313835,0.5901174756792982,0.6087917222963952,0.5642162937464144,0.0,3.0,0.0,"['No_Alpha_Tier', 'Expert_trend']","['Risk_Above_55_Penalty', 'Liquidity_Below_45_Penalty', 'Coverage_Below_80_Cap']",2024-05-02,oos_isotonic,1680.0,0.23938060303096143,0.025246262790574805
2024-06-24,v2_relative_alpha_calibrated_experts_sensitivity,pullback,-0.6849083497856334,1.4372455137730433,0.75233716398741,0.5105959770872981,0.5699261083743843,0.3703156923068079,0.0,3.0,0.0,"['No_Alpha_Tier', 'Expert_pullback']","['Risk_Above_55_Penalty', 'Liquidity_Below_45_Penalty', 'Coverage_Below_80_Cap']",2024-05-02,oos_isotonic,1680.0,0.23938060303096143,0.025246262790574805
2024-06-25,v2_relative_alpha_calibrated_experts_sensitivity,trend,0.5770484234924023,1.4412195523406857,2.018267975833088,0.5696103399571242,0.5726231071669878,0.5534376745075541,0.0,3.0,0.0,"['No_Alpha_Tier', 'Expert_trend']","['Risk_Above_55_Penalty', 'Liquidity_Below_45_Penalty', 'Coverage_Below_80_Cap']",2024-05-02,oos_isotonic,1680.0,0.23938060303096143,0.025246262790574805
2024-06-26,v2_relative_alpha_calibrated_experts_sensitivity,trend,0.4284392305020305,1.447085627272508,1.8755248577745385,0.5643224955821444,0.5699261083743843,0.5490597054886212,0.0,1.0,0.0,"['No_Alpha_Tier', 'Expert_trend']","['Risk_Above_55_Penalty', 'Liquidity_Below_45_Penalty', 'Coverage_Below_80_Cap']",2024-05-02,oos_isotonic,1680.0,0.23938060303096143,0.025246262790574805
2024-06-27,v2_relative_alpha_calibrated_experts_sensitivity,trend,-0.04093081154973501,1.4519340527627749,1.41100324121304,0.5449185491042847,0.5699261083743843,0.5365716580608146,0.0,1.0,0.0,"['No_Alpha_Tier', 'Expert_trend']","['Risk_Above_55_Penalty', 'Liquidity_Below_45_Penalty', 'Coverage_Below_80_Cap']",2024-05-02,oos_isotonic,1680.0,0.23938060303096143,0.025246262790574805
2024-06-28,v2_relative_alpha_calibrated_experts_sensitivity,trend,-0.6502059099144901,1.4579700671566345,0.8077641572421443,0.5032584521529714,0.5699261083743843,0.48902413463377326,0.0,0.0,0.0,"['No_Alpha_Tier', 'Expert_trend']",['Hard_Risk_Cap_Zero'],2024-05-02,oos_isotonic,1680.0,0.23938060303096143,0.025246262790574805
2024-07-01,v2_relative_alpha_calibrated_experts_sensitivity,trend,-0.2664208710300989,1.4641406748696466,1.1977198038395476,0.5166533062475785,0.5954831513395376,0.49115256432338217,0.0,0.0,0.0,"['No_Alpha_Tier', 'Expert_trend']",['Hard_Risk_Cap_Zero'],2024-05-30,oos_isotonic,1699.0,0.23897044958989405,0.020300354997812093
2024-07-02,v2_relative_alpha_calibrated_experts_sensitivity,trend,0.19982408392316392,1.472935859294536,1.6727599432176998,0.5339200436608142,0.5954831513395376,0.513735250352241,0.0,1.0,0.0,"['No_Alpha_Tier', 'Expert_trend']","['Risk_Above_55_Penalty', 'Liquidity_Below_45_Penalty', 'Coverage_Below_80_Cap']",2024-05-30,oos_isotonic,1699.0,0.23897044958989405,0.020300354997812093
2024-07-03,v2_relative_alpha_calibrated_experts_sensitivity,trend,0.6394475794343806,1.481283266075638,2.120730845510019,0.5530808815809858,0.5954831513395376,0.5438506498456916,0.0,4.0,0.0,"['No_Alpha_Tier', 'Expert_trend']","['Liquidity_Below_45_Penalty', 'Coverage_Below_80_Cap']",2024-05-30,oos_isotonic,1699.0,0.23897044958989405,0.020300354997812093
2024-07-05,v2_relative_alpha_calibrated_experts_sensitivity,trend,0.359275262274439,1.4900722443442513,1.8493475066186906,0.5362531098339829,0.5954831513395376,0.5057423412892254,0.0,0.0,0.0,"['No_Alpha_Tier', 'Expert_trend']",['Hard_Risk_Cap_Zero'],2024-05-30,oos_isotonic,1699.0,0.23897044958989405,0.020300354997812093
2024-07-08,v2_relative_alpha_calibrated_experts_sensitivity,trend,-0.7682818045960441,1.501534939872616,0.7332531352765719,0.45690573780124144,0.5814971373535235,0.45428121673476185,0.0,4.0,0.0,"['No_Alpha_Tier', 'Expert_trend']","['Liquidity_Below_45_Penalty', 'Coverage_Below_80_Cap']",2024-05-30,oos_isotonic,1699.0,0.23897044958989405,0.020300354997812093
2024-07-09,v2_relative_alpha_calibrated_experts_sensitivity,trend,-0.15727571616523991,1.5144583696636038,1.357182653498364,0.48922879515439954,0.5954831513395376,0.48512942795320024,0.0,0.0,0.0,"['No_Alpha_Tier', 'Expert_trend']",['Hard_Risk_Cap_Zero'],2024-05-30,oos_isotonic,1699.0,0.23897044958989405,0.020300354997812093
2024-07-10,v2_relative_alpha_calibrated_experts_sensitivity,trend,-0.6608213046418904,1.5263005960995384,0.865479291457648,0.47803267507747654,0.5814971373535235,0.4539285052090245,0.0,0.0,0.0,"['No_Alpha_Tier', 'Expert_trend']",['Hard_Risk_Cap_Zero'],2024-05-30,oos_isotonic,1699.0,0.23897044958989405,0.020300354997812093
2024-07-11,v2_relative_alpha_calibrated_experts_sensitivity,pullback,-3.1430917610776947,1.539587547560823,-1.6035042135168716,0.30746483819054216,0.5119194709254633,0.27520978814060837,0.0,0.0,0.0,"['No_Alpha_Tier', 'Expert_pullback']",['Hard_Risk_Cap_Zero'],2024-05-30,oos_isotonic,1699.0,0.23897044958989405,0.020300354997812093
2024-07-12,v2_relative_alpha_calibrated_experts_sensitivity,trend,1.0098870507377735,1.5436236743915515,2.553510725129325,0.6029727366064597,0.6110954460215996,0.5630880588207059,0.0,0.0,0.0,"['No_Alpha_Tier', 'Expert_trend']",['Hard_Risk_Cap_Zero'],2024-05-30,oos_isotonic,1699.0,0.23897044958989405,0.020300354997812093
2024-07-15,v2_relative_alpha_calibrated_experts_sensitivity,trend,0.4715624292110465,1.5472087326063433,2.01877116181739,0.5749029134465145,0.6110954460215996,0.5391864528655989,0.0,0.0,0.0,"['No_Alpha_Tier', 'Expert_trend']",['Hard_Risk_Cap_Zero'],2024-05-30,oos_isotonic,1699.0,0.23897044958989405,0.020300354997812093
2024-07-16,v2_relative_alpha_calibrated_experts_sensitivity,trend,0.37499593559504296,1.5498104107360426,1.9248063463310858,0.5628218214766791,0.5954831513395376,0.5342693765453188,0.0,0.0,0.0,"['No_Alpha_Tier', 'Expert_trend']",['Hard_Risk_Cap_Zero'],2024-05-30,oos_isotonic,1699.0,0.23897044958989405,0.020300354997812093
2024-07-17,v2_relative_alpha_calibrated_experts_sensitivity,pullback,-0.4918727862177787,5.258560604694121,4.766687818476342,0.48706959077145456,0.5954831513395376,0.3863125813705764,0.0,0.0,0.0,"['No_Alpha_Tier', 'Expert_pullback']",['Hard_Risk_Cap_Zero'],2024-05-30,oos_isotonic,1699.0,0.23897044958989405,0.020300354997812093
2024-07-18,v2_relative_alpha_calibrated_experts_sensitivity,pullback,-0.4812758440181444,5.276942672438775,4.7956668284206305,0.48702891616341276,0.5954831513395376,0.38766570008285006,0.0,0.0,0.0,"['No_Alpha_Tier', 'Expert_pullback']",['Hard_Risk_Cap_Zero'],2024-05-30,oos_isotonic,1699.0,0.23897044958989405,0.020300354997812093
2024-07-19,v2_relative_alpha_calibrated_experts_sensitivity,pullback,-0.5386671654627356,5.292203234789958,4.753536069327223,0.48419285718131727,0.5954831513395376,0.382384009942005,0.0,0.0,0.0,"['No_Alpha_Tier', 'Expert_pullback']",['Hard_Risk_Cap_Zero'],2024-05-30,oos_isotonic,1699.0,0.23897044958989405,0.020300354997812093
2024-07-22,v2_relative_alpha_calibrated_experts_sensitivity,pullback,-1.9324181918997305,5.3026439398509915,3.370225747951261,0.4036000831826504,0.5119194709254633,0.33219020002367144,0.0,0.0,0.0,"['No_Alpha_Tier', 'Expert_pullback']",['Hard_Risk_Cap_Zero'],2024-05-30,oos_isotonic,1699.0,0.23897044958989405,0.020300354997812093
2024-07-23,v2_relative_alpha_calibrated_experts_sensitivity,pullback,-0.6867391294690408,5.315268157294916,4.628529027825875,0.4811060919826199,0.5851100434864668,0.38787992661853476,0.0,3.0,0.0,"['No_Alpha_Tier', 'Expert_pullback']","['Risk_Above_55_Penalty', 'Liquidity_Below_45_Penalty', 'Coverage_Below_80_Cap']",2024-05-30,oos_isotonic,1699.0,0.23897044958989405,0.020300354997812093
2024-07-24,v2_relative_alpha_calibrated_experts_sensitivity,pullback,3.9297412847254556,5.3280716093866936,9.25781289411215,0.7677570766210582,0.6110954460215996,0.619221801396615,0.0,3.0,0.0,"['No_Alpha_Tier', 'Expert_pullback']","['Risk_Above_55_Penalty', 'Liquidity_Below_45_Penalty', 'Coverage_Below_80_Cap']",2024-05-30,oos_isotonic,1699.0,0.23897044958989405,0.020300354997812093
2024-07-25,v2_relative_alpha_calibrated_experts_sensitivity,pullback,4.937460372949556,3.5771570106127983,8.514617383562355,0.828628100762891,0.6110954460215996,0.6896668244762694,0.0,0.0,0.0,"['No_Alpha_Tier', 'Expert_pullback']",['Hard_Risk_Cap_Zero'],2024-05-30,oos_isotonic,1699.0,0.23897044958989405,0.020300354997812093
2024-07-26,v2_relative_alpha_calibrated_experts_sensitivity,pullback,6.351668822066693,3.562320251651361,9.913989073718055,0.8735614001284464,0.6110954460215996,0.7687347615102379,2.0,4.0,2.0,"['Tier_1', 'Expert_pullback']",['Coverage_Below_80_Cap'],2024-05-30,oos_isotonic,1699.0,0.23897044958989405,0.020300354997812093
2024-07-29,v2_relative_alpha_calibrated_experts_sensitivity,pullback,6.2573987420156225,3.5496424493302614,9.807041191345883,0.8729722652629311,0.6110954460215996,0.7849532489051959,2.0,4.0,2.0,"['Tier_1', 'Expert_pullback']",['Coverage_Below_80_Cap'],2024-05-30,oos_isotonic,1699.0,0.23897044958989405,0.020300354997812093
2024-07-30,v2_relative_alpha_calibrated_experts_sensitivity,pullback,6.295653400078025,3.5390229532684088,9.834676353346433,0.8786515960535219,0.6110954460215996,0.7837175997159428,2.0,4.0,2.0,"['Tier_1', 'Expert_pullback']",['Coverage_Below_80_Cap'],2024-05-30,oos_isotonic,1699.0,0.23897044958989405,0.020300354997812093
2024-07-31,v2_relative_alpha_calibrated_experts_sensitivity,pullback,5.534903885149791,3.5227785145192576,9.057682399669048,0.8384334348146993,0.6110954460215996,0.7403651319682804,2.0,4.0,2.0,"['Tier_1', 'Expert_pullback']",['Coverage_Below_80_Cap'],2024-05-30,oos_isotonic,1699.0,0.23897044958989405,0.020300354997812093
2024-08-01,v2_relative_alpha_calibrated_experts_sensitivity,pullback,5.8438845690371775,3.509670952842106,9.353555521879283,0.8548700006860572,0.6242322890187859,0.7544851478016585,2.0,4.0,2.0,"['Tier_1', 'Expert_pullback']",['Coverage_Below_80_Cap'],2024-07-02,oos_isotonic,1721.0,0.23618367055094175,0.018364509882487265
2024-08-02,v2_relative_alpha_calibrated_experts_sensitivity,pullback,5.028356436340407,3.4924862198869673,8.520842656227375,0.82215523385086,0.6242322890187859,0.6859400839778741,0.0,2.0,0.0,"['No_Alpha_Tier', 'Expert_pullback']","['Coverage_Below_80_Cap', 'VIX_Backwardation_Cap']",2024-07-02,oos_isotonic,1721.0,0.23618367055094175,0.018364509882487265
2024-08-05,v2_relative_alpha_calibrated_experts_sensitivity,trend,5.03074192101476,3.4750424865833978,8.505784407598158,0.7898415130725613,0.6242322890187859,0.7797096171802054,2.0,2.0,2.0,"['Tier_1', 'Expert_trend']","['Risk_Above_55_Penalty', 'Coverage_Below_80_Cap', 'VIX_Backwardation_Cap']",2024-07-02,oos_isotonic,1721.0,0.23618367055094175,0.018364509882487265
2024-08-06,v2_relative_alpha_calibrated_experts_sensitivity,trend,3.084647674055785,3.451409619012398,6.536057293068183,0.7507173482182528,0.6242322890187859,0.7349187675070028,2.0,2.0,2.0,"['Tier_1', 'Expert_trend']","['Coverage_Below_80_Cap', 'VIX_Backwardation_Cap']",2024-07-02,oos_isotonic,1721.0,0.23618367055094175,0.018364509882487265
2024-08-07,v2_relative_alpha_calibrated_experts_sensitivity,trend,5.602245796607843,3.427435668631793,9.029681465239637,0.8204982866363306,0.6242322890187859,0.7968664799253035,2.0,2.0,2.0,"['Tier_1', 'Expert_trend']","['Coverage_Below_80_Cap', 'Weak_Regime_Cap', 'VIX_Backwardation_Cap']",2024-07-02,oos_isotonic,1721.0,0.23618367055094175,0.018364509882487265
2024-08-08,v2_relative_alpha_calibrated_experts_sensitivity,pullback,3.8887647637349754,3.4024541391254424,7.291218902860417,0.7933298969957567,0.6242322890187859,0.6292024953253919,0.0,2.0,0.0,"['No_Alpha_Tier', 'Expert_pullback']","['Coverage_Below_80_Cap', 'Weak_Regime_Cap']",2024-07-02,oos_isotonic,1721.0,0.23618367055094175,0.018364509882487265
2024-08-09,v2_relative_alpha_calibrated_experts_sensitivity,pullback,4.811156721942153,3.3815827851742037,8.192739507116356,0.8211873195344308,0.6242322890187859,0.6702240210334861,0.0,4.0,0.0,"['No_Alpha_Tier', 'Expert_pullback']",['Coverage_Below_80_Cap'],2024-07-02,oos_isotonic,1721.0,0.23618367055094175,0.018364509882487265
2024-08-12,v2_relative_alpha_calibrated_experts_sensitivity,pullback,7.314598874937482,3.358130371426765,10.672729246364247,0.898414895186003,0.7320420943895668,0.8009837686796746,4.0,4.0,4.0,"['Tier_2', 'Expert_pullback']",['Coverage_Below_80_Cap'],2024-07-02,oos_isotonic,1721.0,0.23618367055094175,0.018364509882487265
2024-08-13,v2_relative_alpha_calibrated_experts_sensitivity,pullback,4.844305439208549,5.86399524870037,10.708300687908919,0.8183700213451197,0.6242322890187859,0.6579869771266842,0.0,4.0,0.0,"['No_Alpha_Tier', 'Expert_pullback']",['Coverage_Below_80_Cap'],2024-07-02,oos_isotonic,1721.0,0.23618367055094175,0.018364509882487265
2024-08-14,v2_relative_alpha_calibrated_experts_sensitivity,pullback,4.967019570032171,5.86399524870037,10.83101481873254,0.8206221087071165,0.6242322890187859,0.6586167361480029,0.0,4.0,0.0,"['No_Alpha_Tier', 'Expert_pullback']",['Coverage_Below_80_Cap'],2024-07-02,oos_isotonic,1721.0,0.23618367055094175,0.018364509882487265
2024-08-15,v2_relative_alpha_calibrated_experts_sensitivity,pullback,3.9303994766997765,5.86399524870037,9.794394725400146,0.7811040840456643,0.6242322890187859,0.5917344972582634,0.0,4.0,0.0,"['No_Alpha_Tier', 'Expert_pullback']",['Coverage_Below_80_Cap'],2024-07-02,oos_isotonic,1721.0,0.23618367055094175,0.018364509882487265
2024-08-16,v2_relative_alpha_calibrated_experts_sensitivity,pullback,2.580821672153773,5.86399524870037,8.444816920854143,0.7065890577447503,0.6242322890187859,0.5253936275260143,0.0,4.0,0.0,"['No_Alpha_Tier', 'Expert_pullback']",['Coverage_Below_80_Cap'],2024-07-02,oos_isotonic,1721.0,0.23618367055094175,0.018364509882487265
2024-08-19,v2_relative_alpha_calibrated_experts_sensitivity,pullback,1.274246884669615,5.86399524870037,7.138242133369984,0.6234439814315772,0.6242322890187859,0.46642753381775187,0.0,4.0,0.0,"['No_Alpha_Tier', 'Expert_pullback']",['Coverage_Below_80_Cap'],2024-07-02,oos_isotonic,1721.0,0.23618367055094175,0.018364509882487265
2024-08-20,v2_relative_alpha_calibrated_experts_sensitivity,pullback,1.5368110278864748,5.86399524870037,7.400806276586843,0.6379833560036506,0.6242322890187859,0.4758559860497085,0.0,4.0,0.0,"['No_Alpha_Tier', 'Expert_pullback']",['Coverage_Below_80_Cap'],2024-07-02,oos_isotonic,1721.0,0.23618367055094175,0.018364509882487265
2024-08-21,v2_relative_alpha_calibrated_experts_sensitivity,pullback,3.1344926407096576,5.86399524870037,8.998487889410027,0.7381775861594401,0.6242322890187859,0.5599254013560115,0.0,4.0,0.0,"['No_Alpha_Tier', 'Expert_pullback']",['Coverage_Below_80_Cap'],2024-07-02,oos_isotonic,1721.0,0.23618367055094175,0.018364509882487265
2024-08-22,v2_relative_alpha_calibrated_experts_sensitivity,pullback,4.174144124401803,5.86399524870037,10.038139373102172,0.7842565070022456,0.6242322890187859,0.6265027027189263,0.0,4.0,0.0,"['No_Alpha_Tier', 'Expert_pullback']",['Coverage_Below_80_Cap'],2024-07-02,oos_isotonic,1721.0,0.23618367055094175,0.018364509882487265
2024-08-23,v2_relative_alpha_calibrated_experts_sensitivity,pullback,2.7311476017839924,3.1699991188399577,5.9011467206239505,0.7084332610628487,0.6242322890187859,0.535665385088675,0.0,4.0,0.0,"['No_Alpha_Tier', 'Expert_pullback']",['Coverage_Below_80_Cap'],2024-07-02,oos_isotonic,1721.0,0.23618367055094175,0.018364509882487265
2024-08-26,v2_relative_alpha_calibrated_experts_sensitivity,pullback,3.561827786507288,3.1475002424209158,6.709328028928203,0.7570312045797629,0.6242322890187859,0.5780467490838368,0.0,4.0,0.0,"['No_Alpha_Tier', 'Expert_pullback']",['Coverage_Below_80_Cap'],2024-07-02,oos_isotonic,1721.0,0.23618367055094175,0.018364509882487265
2024-08-27,v2_relative_alpha_calibrated_experts_sensitivity,pullback,3.830657717118287,3.125303431806168,6.955961148924455,0.7698709266797901,0.6242322890187859,0.5923617801628535,0.0,4.0,0.0,"['No_Alpha_Tier', 'Expert_pullback']",['Coverage_Below_80_Cap'],2024-07-02,oos_isotonic,1721.0,0.23618367055094175,0.018364509882487265
2024-08-28,v2_relative_alpha_calibrated_experts_sensitivity,pullback,3.8641369698557324,3.111312767258334,6.975449737114067,0.7631883729427329,0.6242322890187859,0.5792814309253473,0.0,4.0,0.0,"['No_Alpha_Tier', 'Expert_pullback']",['Coverage_Below_80_Cap'],2024-07-02,oos_isotonic,1721.0,0.23618367055094175,0.018364509882487265
2024-08-29,v2_relative_alpha_calibrated_experts_sensitivity,pullback,3.630557717122861,3.0929389894316053,6.7234967065544655,0.7356038055910091,0.6242322890187859,0.5601027063205506,0.0,4.0,0.0,"['No_Alpha_Tier', 'Expert_pullback']","['Liquidity_Below_45_Penalty', 'Coverage_Below_80_Cap']",2024-07-02,oos_isotonic,1721.0,0.23618367055094175,0.018364509882487265
2024-08-30,v2_relative_alpha_calibrated_experts_sensitivity,pullback,2.6781648158662272,3.082722052483596,5.760886868349823,0.6576217604490067,0.6242322890187859,0.5023047394374863,0.0,3.0,0.0,"['No_Alpha_Tier', 'Expert_pullback']","['Liquidity_Below_45_Penalty', 'Coverage_Below_80_Cap']",2024-07-02,oos_isotonic,1721.0,0.23618367055094175,0.018364509882487265
2024-09-03,v2_relative_alpha_calibrated_experts_sensitivity,pullback,6.324022939378679,3.0700300598995085,9.394052999278188,0.8589959204204902,0.6247080246451645,0.7348899853834079,2.0,3.0,2.0,"['Tier_1', 'Expert_pullback']","['Liquidity_Below_45_Penalty', 'Coverage_Below_80_Cap']",2024-08-02,oos_isotonic,1743.0,0.2370005521276953,0.02054262599050448
2024-09-04,v2_relative_alpha_calibrated_experts_sensitivity,pullback,5.52908730883269,3.059712959233668,8.588800268066358,0.8255515314797298,0.6247080246451645,0.7016514197903255,2.0,3.0,2.0,"['Tier_1', 'Expert_pullback']","['Liquidity_Below_45_Penalty', 'Coverage_Below_80_Cap']",2024-08-02,oos_isotonic,1743.0,0.2370005521276953,0.02054262599050448
2024-09-05,v2_relative_alpha_calibrated_experts_sensitivity,pullback,6.148663808764548,5.86399524870037,12.012659057464917,0.8474723642809908,0.6247080246451645,0.733225547221797,2.0,3.0,2.0,"['Tier_1', 'Expert_pullback']","['Liquidity_Below_45_Penalty', 'Coverage_Below_80_Cap']",2024-08-02,oos_isotonic,1743.0,0.2370005521276953,0.02054262599050448
2024-09-06,v2_relative_alpha_calibrated_experts_sensitivity,pullback,6.335912520601515,3.0398747050870583,9.375787225688573,0.8553494866062744,0.6247080246451645,0.7337170001170528,2.0,0.0,0.0,"['Tier_1', 'Expert_pullback']","['Risk_Above_55_Penalty', 'Liquidity_Below_45_Penalty', 'Coverage_Below_80_Cap']",2024-08-02,oos_isotonic,1743.0,0.2370005521276953,0.02054262599050448
2024-09-09,v2_relative_alpha_calibrated_experts_sensitivity,pullback,3.5714895678221503,3.0227997426853648,6.594289310507515,0.7293940640649459,0.6247080246451645,0.5567014786168563,0.0,0.0,0.0,"['No_Alpha_Tier', 'Expert_pullback']","['Risk_Above_55_Penalty', 'Liquidity_Below_45_Penalty', 'Coverage_Below_80_Cap']",2024-08-02,oos_isotonic,1743.0,0.2370005521276953,0.02054262599050448
2024-09-10,v2_relative_alpha_calibrated_experts_sensitivity,pullback,3.954144714533879,5.86399524870037,9.818139963234248,0.7502722348332987,0.6247080246451645,0.5899334787489158,0.0,0.0,0.0,"['No_Alpha_Tier', 'Expert_pullback']","['Risk_Above_55_Penalty', 'Liquidity_Below_45_Penalty', 'Coverage_Below_80_Cap']",2024-08-02,oos_isotonic,1743.0,0.2370005521276953,0.02054262599050448
2024-09-11,v2_relative_alpha_calibrated_experts_sensitivity,pullback,2.7808903770801328,5.86399524870037,8.644885625780502,0.6868117212631797,0.6247080246451645,0.5143318011423151,0.0,1.0,0.0,"['No_Alpha_Tier', 'Expert_pullback']","['Liquidity_Below_45_Penalty', 'Coverage_Below_80_Cap']",2024-08-02,oos_isotonic,1743.0,0.2370005521276953,0.02054262599050448
2024-09-12,v2_relative_alpha_calibrated_experts_sensitivity,pullback,2.1111793282618447,5.860122502747125,7.9713018310089705,0.6241463718901602,0.6247080246451645,0.4884044579105177,0.0,3.0,0.0,"['No_Alpha_Tier', 'Expert_pullback']","['Liquidity_Below_45_Penalty', 'Coverage_Below_80_Cap']",2024-08-02,oos_isotonic,1743.0,0.2370005521276953,0.02054262599050448
2024-09-13,v2_relative_alpha_calibrated_experts_sensitivity,pullback,1.9975378790223315,5.859552067354269,7.8570899463765995,0.6407786240312607,0.6247080246451645,0.4829280568036185,0.0,3.0,0.0,"['No_Alpha_Tier', 'Expert_pullback']","['Liquidity_Below_45_Penalty', 'Coverage_Below_80_Cap']",2024-08-02,oos_isotonic,1743.0,0.2370005521276953,0.02054262599050448
2024-09-16,v2_relative_alpha_calibrated_experts_sensitivity,pullback,3.5284837301894467,5.852000114261197,9.380483844450643,0.7087352844320891,0.6247080246451645,0.5508159742543888,0.0,3.0,0.0,"['No_Alpha_Tier', 'Expert_pullback']","['Liquidity_Below_45_Penalty', 'Coverage_Below_80_Cap']",2024-08-02,oos_isotonic,1743.0,0.2370005521276953,0.02054262599050448
2024-09-17,v2_relative_alpha_calibrated_experts_sensitivity,pullback,4.25363866980517,5.842619505705132,10.096258175510304,0.7634988703389445,0.6247080246451645,0.6068251906609882,0.0,4.0,0.0,"['No_Alpha_Tier', 'Expert_pullback']",['Coverage_Below_80_Cap'],2024-08-02,oos_isotonic,1743.0,0.2370005521276953,0.02054262599050448
2024-09-18,v2_relative_alpha_calibrated_experts_sensitivity,pullback,4.349869747908676,5.829210649798473,10.17908039770715,0.7828716974687444,0.6247080246451645,0.6067699845130154,0.0,3.0,0.0,"['No_Alpha_Tier', 'Expert_pullback']","['Liquidity_Below_45_Penalty', 'Coverage_Below_80_Cap']",2024-08-02,oos_isotonic,1743.0,0.2370005521276953,0.02054262599050448
2024-09-19,v2_relative_alpha_calibrated_experts_sensitivity,pullback,1.237847685119617,5.815220803484864,7.05306848860448,0.5958305852560029,0.6247080246451645,0.4260379806292638,0.0,1.0,0.0,"['No_Alpha_Tier', 'Expert_pullback']","['Liquidity_Below_45_Penalty', 'Coverage_Below_80_Cap']",2024-08-02,oos_isotonic,1743.0,0.2370005521276953,0.02054262599050448
2024-09-20,v2_relative_alpha_calibrated_experts_sensitivity,pullback,1.4875853879634793,2.954277582456884,4.441862970420363,0.6124357573874373,0.6247080246451645,0.44886383759075343,0.0,0.0,0.0,"['No_Alpha_Tier', 'Expert_pullback']",['Hard_Risk_Cap_Zero'],2024-08-02,oos_isotonic,1743.0,0.2370005521276953,0.02054262599050448
2024-09-23,v2_relative_alpha_calibrated_experts_sensitivity,pullback,2.09112758910813,2.951934570006203,5.043062159114333,0.6413246485623054,0.6247080246451645,0.4804313995612021,0.0,3.0,0.0,"['No_Alpha_Tier', 'Expert_pullback']","['Liquidity_Below_45_Penalty', 'Coverage_Below_80_Cap']",2024-08-02,oos_isotonic,1743.0,0.2370005521276953,0.02054262599050448
2024-09-24,v2_relative_alpha_calibrated_experts_sensitivity,pullback,1.2592025359676664,2.948915621422036,4.208118157389702,0.5891471530570118,0.6247080246451645,0.43950057100752443,0.0,0.0,0.0,"['No_Alpha_Tier', 'Expert_pullback']",['Hard_Risk_Cap_Zero'],2024-08-02,oos_isotonic,1743.0,0.2370005521276953,0.02054262599050448
2024-09-25,v2_relative_alpha_calibrated_experts_sensitivity,pullback,1.7802769892925296,2.946777210931649,4.727054200224179,0.6027532954877126,0.6247080246451645,0.47771095389020457,0.0,3.0,0.0,"['No_Alpha_Tier', 'Expert_pullback']","['Liquidity_Below_45_Penalty', 'Coverage_Below_80_Cap']",2024-08-02,oos_isotonic,1743.0,0.2370005521276953,0.02054262599050448
2024-09-26,v2_relative_alpha_calibrated_experts_sensitivity,pullback,1.5823698732254305,2.946494945521666,4.528864818747097,0.590424164363589,0.6247080246451645,0.46596800782152753,0.0,3.0,0.0,"['No_Alpha_Tier', 'Expert_pullback']","['Liquidity_Below_45_Penalty', 'Coverage_Below_80_Cap']",2024-08-02,oos_isotonic,1743.0,0.2370005521276953,0.02054262599050448
2024-09-27,v2_relative_alpha_calibrated_experts_sensitivity,pullback,1.9251613174705826,2.943779818140396,4.868941135610978,0.6107824894818205,0.6247080246451645,0.47416485459942437,0.0,3.0,0.0,"['No_Alpha_Tier', 'Expert_pullback']","['Liquidity_Below_45_Penalty', 'Coverage_Below_80_Cap']",2024-08-02,oos_isotonic,1743.0,0.2370005521276953,0.02054262599050448
2024-09-30,v2_relative_alpha_calibrated_experts_sensitivity,pullback,1.4063346692605414,2.9385143587689138,4.344849028029455,0.5937867665958003,0.6247080246451645,0.46188361576070813,0.0,3.0,0.0,"['No_Alpha_Tier', 'Expert_pullback']","['Liquidity_Below_45_Penalty', 'Coverage_Below_80_Cap']",2024-08-02,oos_isotonic,1743.0,0.2370005521276953,0.02054262599050448
2024-10-01,v2_relative_alpha_calibrated_experts_sensitivity,pullback,3.11415212521882,2.932252683231244,6.046404808450064,0.700711861956007,0.6138380942691776,0.5830137374098576,0.0,3.0,0.0,"['No_Alpha_Tier', 'Expert_pullback']","['Liquidity_Below_45_Penalty', 'Coverage_Below_80_Cap']",2024-08-30,oos_isotonic,1763.0,0.23913274799719716,0.022362592413641795
2024-10-02,v2_relative_alpha_calibrated_experts_sensitivity,pullback,4.075347253507486,2.924045404328601,6.999392657836087,0.7585582831892776,0.6138380942691776,0.660114577745992,0.0,4.0,0.0,"['No_Alpha_Tier', 'Expert_pullback']",['Coverage_Below_80_Cap'],2024-08-30,oos_isotonic,1763.0,0.23913274799719716,0.022362592413641795
2024-10-03,v2_relative_alpha_calibrated_experts_sensitivity,pullback,3.8187343187181586,2.9123170962937817,6.73105141501194,0.7025955155362111,0.6138380942691776,0.5936814619464807,0.0,3.0,0.0,"['No_Alpha_Tier', 'Expert_pullback']","['Liquidity_Below_45_Penalty', 'Coverage_Below_80_Cap']",2024-08-30,oos_isotonic,1763.0,0.23913274799719716,0.022362592413641795
2024-10-04,v2_relative_alpha_calibrated_experts_sensitivity,trend,2.2183752257578164,2.897444668450148,5.115819894207964,0.6537835268537273,0.6138380942691776,0.6239184751191313,0.0,4.0,0.0,"['No_Alpha_Tier', 'Expert_trend']","['Liquidity_Below_45_Penalty', 'Coverage_Below_80_Cap']",2024-08-30,oos_isotonic,1763.0,0.23913274799719716,0.022362592413641795
2024-10-07,v2_relative_alpha_calibrated_experts_sensitivity,pullback,3.849432695068463,2.889875873575707,6.73930856864417,0.7319903725701506,0.6138380942691776,0.6348530901722391,0.0,2.0,0.0,"['No_Alpha_Tier', 'Expert_pullback']","['Liquidity_Below_45_Penalty', 'Coverage_Below_80_Cap', 'VIX_Backwardation_Cap']",2024-08-30,oos_isotonic,1763.0,0.23913274799719716,0.022362592413641795
2024-10-08,v2_relative_alpha_calibrated_experts_sensitivity,trend,1.4450738768076086,2.8795360590110914,4.3246099358187,0.6213590524161366,0.6138380942691776,0.5909855167565035,0.0,3.0,0.0,"['No_Alpha_Tier', 'Expert_trend']","['Liquidity_Below_45_Penalty', 'Coverage_Below_80_Cap']",2024-08-30,oos_isotonic,1763.0,0.23913274799719716,0.022362592413641795
2024-10-09,v2_relative_alpha_calibrated_experts_sensitivity,trend,1.7555690923134353,2.870889473989415,4.62645856630285,0.623395679414004,0.6138380942691776,0.5880841809233653,0.0,3.0,0.0,"['No_Alpha_Tier', 'Expert_trend']","['Liquidity_Below_45_Penalty', 'Coverage_Below_80_Cap']",2024-08-30,oos_isotonic,1763.0,0.23913274799719716,0.022362592413641795
2024-10-10,v2_relative_alpha_calibrated_experts_sensitivity,trend,-0.20052604953724887,2.8599966466220943,2.6594705970848453,0.5252014369587512,0.5687516491827325,0.48997668932114685,0.0,3.0,0.0,"['No_Alpha_Tier', 'Expert_trend']","['Liquidity_Below_45_Penalty', 'Coverage_Below_80_Cap']",2024-08-30,oos_isotonic,1763.0,0.23913274799719716,0.022362592413641795
2024-10-11,v2_relative_alpha_calibrated_experts_sensitivity,trend,-1.4595236853065523,2.8527905478108155,1.3932668625042632,0.4350778396930294,0.5687516491827325,0.401891414733224,0.0,3.0,0.0,"['No_Alpha_Tier', 'Expert_trend']","['Liquidity_Below_45_Penalty', 'Coverage_Below_80_Cap']",2024-08-30,oos_isotonic,1763.0,0.23913274799719716,0.022362592413641795
2024-10-14,v2_relative_alpha_calibrated_experts_sensitivity,trend,-0.8563897983027683,2.8475607011134656,1.9911709028106974,0.49034905440920173,0.5687516491827325,0.4629339895320678,0.0,3.0,0.0,"['No_Alpha_Tier', 'Expert_trend']","['Liquidity_Below_45_Penalty', 'Coverage_Below_80_Cap']",2024-08-30,oos_isotonic,1763.0,0.23913274799719716,0.022362592413641795
2024-10-15,v2_relative_alpha_calibrated_experts_sensitivity,trend,-0.3882502256961101,2.840915365944766,2.452665140248656,0.5234350162055144,0.5687516491827325,0.48796100304663703,0.0,3.0,0.0,"['No_Alpha_Tier', 'Expert_trend']","['Liquidity_Below_45_Penalty', 'Coverage_Below_80_Cap']",2024-08-30,oos_isotonic,1763.0,0.23913274799719716,0.022362592413641795
2024-10-16,v2_relative_alpha_calibrated_experts_sensitivity,trend,0.12916025617066318,2.832732525648736,2.9618927818193996,0.5551458241179557,0.5687516491827325,0.5172011561596751,0.0,3.0,0.0,"['No_Alpha_Tier', 'Expert_trend']","['Liquidity_Below_45_Penalty', 'Coverage_Below_80_Cap']",2024-08-30,oos_isotonic,1763.0,0.23913274799719716,0.022362592413641795
2024-10-17,v2_relative_alpha_calibrated_experts_sensitivity,trend,-0.14085222549651505,2.8267896902055485,2.6859374647090335,0.5389090225533066,0.5687516491827325,0.5080562456058121,0.0,3.0,0.0,"['No_Alpha_Tier', 'Expert_trend']","['Liquidity_Below_45_Penalty', 'Coverage_Below_80_Cap']",2024-08-30,oos_isotonic,1763.0,0.23913274799719716,0.022362592413641795
2024-10-18,v2_relative_alpha_calibrated_experts_sensitivity,trend,-0.655465647966308,2.825752848256337,2.170287200290029,0.48354900902909087,0.5687516491827325,0.4569667994687915,0.0,4.0,0.0,"['No_Alpha_Tier', 'Expert_trend']","['Liquidity_Below_45_Penalty', 'Coverage_Below_80_Cap']",2024-08-30,oos_isotonic,1763.0,0.23913274799719716,0.022362592413641795
2024-10-21,v2_relative_alpha_calibrated_experts_sensitivity,trend,-0.6288851678663118,2.8259624642942365,2.1970772964279246,0.5029209130947414,0.5687516491827325,0.4692327161940474,0.0,4.0,0.0,"['No_Alpha_Tier', 'Expert_trend']","['Liquidity_Below_45_Penalty', 'Coverage_Below_80_Cap']",2024-08-30,oos_isotonic,1763.0,0.23913274799719716,0.022362592413641795
2024-10-22,v2_relative_alpha_calibrated_experts_sensitivity,trend,-0.8801829111296547,2.832022749629781,1.9518398385001265,0.46926647214182593,0.5687516491827325,0.44212011561596753,0.0,4.0,0.0,"['No_Alpha_Tier', 'Expert_trend']","['Liquidity_Below_45_Penalty', 'Coverage_Below_80_Cap']",2024-08-30,oos_isotonic,1763.0,0.23913274799719716,0.022362592413641795
2024-10-23,v2_relative_alpha_calibrated_experts_sensitivity,trend,-0.23730524769370467,2.836874325405068,2.5995690777113634,0.5142266635752403,0.5687516491827325,0.484449152409968,0.0,4.0,0.0,"['No_Alpha_Tier', 'Expert_trend']","['Liquidity_Below_45_Penalty', 'Coverage_Below_80_Cap']",2024-08-30,oos_isotonic,1763.0,0.23913274799719716,0.022362592413641795
2024-10-24,v2_relative_alpha_calibrated_experts_sensitivity,trend,0.19822565369663733,2.842264800018865,3.040490453715502,0.5444505372509867,0.5687516491827325,0.5081340520271854,0.0,3.0,0.0,"['No_Alpha_Tier', 'Expert_trend']","['Liquidity_Below_45_Penalty', 'Coverage_Below_80_Cap']",2024-08-30,oos_isotonic,1763.0,0.23913274799719716,0.022362592413641795
2024-10-25,v2_relative_alpha_calibrated_experts_sensitivity,trend,0.1972858574150099,2.8464192143415152,3.0437050717565253,0.5340290159273983,0.5687516491827325,0.49870610108585267,0.0,4.0,0.0,"['No_Alpha_Tier', 'Expert_trend']",['Coverage_Below_80_Cap'],2024-08-30,oos_isotonic,1763.0,0.23913274799719716,0.022362592413641795
2024-10-28,v2_relative_alpha_calibrated_experts_sensitivity,trend,0.15025549563151025,2.8496563356138966,2.999911831245407,0.5406828818717624,0.5687516491827325,0.4996472775564409,0.0,4.0,0.0,"['No_Alpha_Tier', 'Expert_trend']","['Liquidity_Below_45_Penalty', 'Coverage_Below_80_Cap']",2024-08-30,oos_isotonic,1763.0,0.23913274799719716,0.022362592413641795
2024-10-29,v2_relative_alpha_calibrated_experts_sensitivity,trend,-0.687621361942537,2.8483721969249243,2.1607508349823874,0.4783898066026396,0.5687516491827325,0.44262816967424423,0.0,4.0,0.0,"['No_Alpha_Tier', 'Expert_trend']","['Liquidity_Below_45_Penalty', 'Coverage_Below_80_Cap']",2024-08-30,oos_isotonic,1763.0,0.23913274799719716,0.022362592413641795
2024-10-30,v2_relative_alpha_calibrated_experts_sensitivity,trend,0.0013735117036115245,2.8497166679535573,2.851090179657169,0.5284157077054741,0.5687516491827325,0.49239262557612695,0.0,4.0,0.0,"['No_Alpha_Tier', 'Expert_trend']","['Liquidity_Below_45_Penalty', 'Coverage_Below_80_Cap']",2024-08-30,oos_isotonic,1763.0,0.23913274799719716,0.022362592413641795
2024-10-31,v2_relative_alpha_calibrated_experts_sensitivity,pullback,-2.846011038629275,2.8502282390145433,0.0042172003852682105,0.3477707356485614,0.5086783891094725,0.28504305977710237,0.0,2.0,0.0,"['No_Alpha_Tier', 'Expert_pullback']","['Liquidity_Below_45_Penalty', 'Coverage_Below_80_Cap', 'VIX_Backwardation_Cap']",2024-08-30,oos_isotonic,1763.0,0.23913274799719716,0.022362592413641795
2024-11-01,v2_relative_alpha_calibrated_experts_sensitivity,pullback,-0.22479005310924474,2.852799946467155,2.62800989335791,0.47260122132617416,0.5552617631001104,0.3776880937179976,0.0,4.0,0.0,"['No_Alpha_Tier', 'Expert_pullback']",['Coverage_Below_80_Cap'],2024-10-03,oos_isotonic,1786.0,0.24035051216138237,0.02571814831670896
2024-11-04,v2_relative_alpha_calibrated_experts_sensitivity,pullback,2.683571659274665,2.8566582869852595,5.540229946259924,0.6624317333042067,0.617377583223048,0.5278249229086058,0.0,2.0,0.0,"['No_Alpha_Tier', 'Expert_pullback']","['Coverage_Below_80_Cap', 'VIX_Backwardation_Cap']",2024-10-03,oos_isotonic,1786.0,0.24035051216138237,0.02571814831670896
2024-11-05,v2_relative_alpha_calibrated_experts_sensitivity,trend,-1.2193798865730516,2.8575808923766504,1.6382010058035985,0.4440451471733282,0.5552617631001104,0.4207401880383247,0.0,2.0,0.0,"['No_Alpha_Tier', 'Expert_trend']","['Coverage_Below_80_Cap', 'VIX_Backwardation_Cap']",2024-10-03,oos_isotonic,1786.0,0.24035051216138237,0.02571814831670896
2024-11-06,v2_relative_alpha_calibrated_experts_sensitivity,trend,-0.6934053885879241,2.8587571567603507,2.165351768172427,0.48272975739734186,0.5552617631001104,0.432881969652156,0.0,4.0,0.0,"['No_Alpha_Tier', 'Expert_trend']",['Coverage_Below_80_Cap'],2024-10-03,oos_isotonic,1786.0,0.24035051216138237,0.02571814831670896
2024-11-07,v2_relative_alpha_calibrated_experts_sensitivity,trend,-1.623950605206597,2.8610073904526674,1.2370567852460705,0.40257013334950936,0.5203128179229886,0.3698293493945668,0.0,4.0,0.0,"['No_Alpha_Tier', 'Expert_trend']","['Liquidity_Below_45_Penalty', 'Coverage_Below_80_Cap']",2024-10-03,oos_isotonic,1786.0,0.24035051216138237,0.02571814831670896
2024-11-08,v2_relative_alpha_calibrated_experts_sensitivity,trend,-1.2740675032818112,2.8637749727940776,1.5897074695122666,0.41802174655732754,0.5203128179229886,0.3861297088005162,0.0,4.0,0.0,"['No_Alpha_Tier', 'Expert_trend']","['Liquidity_Below_45_Penalty', 'Coverage_Below_80_Cap']",2024-10-03,oos_isotonic,1786.0,0.24035051216138237,0.02571814831670896
2024-11-11,v2_relative_alpha_calibrated_experts_sensitivity,trend,-0.9444137764264933,2.86614422765548,1.9217304512289868,0.44377173902428146,0.5552617631001104,0.41203673827897436,0.0,4.0,0.0,"['No_Alpha_Tier', 'Expert_trend']","['Liquidity_Below_45_Penalty', 'Coverage_Below_80_Cap']",2024-10-03,oos_isotonic,1786.0,0.24035051216138237,0.02571814831670896
2024-11-12,v2_relative_alpha_calibrated_experts_sensitivity,trend,-0.36822319967169165,2.86923812625917,2.501014926587479,0.48715532927344807,0.5552617631001104,0.44569452286843597,0.0,4.0,0.0,"['No_Alpha_Tier', 'Expert_trend']","['Liquidity_Below_45_Penalty', 'Coverage_Below_80_Cap']",2024-10-03,oos_isotonic,1786.0,0.24035051216138237,0.02571814831670896
2024-11-13,v2_relative_alpha_calibrated_experts_sensitivity,trend,-2.0125263368206214,2.872396099634011,0.8598697628133894,0.3773620173942687,0.5203128179229886,0.34712744122682015,0.0,4.0,0.0,"['No_Alpha_Tier', 'Expert_trend']","['Liquidity_Below_45_Penalty', 'Coverage_Below_80_Cap']",2024-10-03,oos_isotonic,1786.0,0.24035051216138237,0.02571814831670896
2024-11-14,v2_relative_alpha_calibrated_experts_sensitivity,trend,-0.9780911745894506,2.876482951515209,1.8983917769257583,0.463037719116631,0.5552617631001104,0.42287148324415413,0.0,3.0,0.0,"['No_Alpha_Tier', 'Expert_trend']","['Liquidity_Below_45_Penalty', 'Coverage_Below_80_Cap']",2024-10-03,oos_isotonic,1786.0,0.24035051216138237,0.02571814831670896
2024-11-15,v2_relative_alpha_calibrated_experts_sensitivity,pullback,-2.3672116221687736,2.8784155119720594,0.5112038898032856,0.34239931134681406,0.5203128179229886,0.26421327500239233,0.0,3.0,0.0,"['No_Alpha_Tier', 'Expert_pullback']","['Liquidity_Below_45_Penalty', 'Coverage_Below_80_Cap']",2024-10-03,oos_isotonic,1786.0,0.24035051216138237,0.02571814831670896
2024-11-18,v2_relative_alpha_calibrated_experts_sensitivity,pullback,-2.6369881429482884,2.876996563283058,0.24000842033476966,0.33159455144828737,0.5203128179229886,0.2561468514289224,0.0,3.0,0.0,"['No_Alpha_Tier', 'Expert_pullback']","['Liquidity_Below_45_Penalty', 'Coverage_Below_80_Cap']",2024-10-03,oos_isotonic,1786.0,0.24035051216138237,0.02571814831670896
2024-11-19,v2_relative_alpha_calibrated_experts_sensitivity,pullback,-3.550260270824468,2.8735287435761347,-0.6767315272483334,0.2828910617734178,0.5203128179229886,0.2235921804545643,0.0,3.0,0.0,"['No_Alpha_Tier', 'Expert_pullback']","['Liquidity_Below_45_Penalty', 'Coverage_Below_80_Cap']",2024-10-03,oos_isotonic,1786.0,0.24035051216138237,0.02571814831670896
2024-11-20,v2_relative_alpha_calibrated_experts_sensitivity,pullback,-3.408750866410325,2.8721322356609282,-0.536618630749397,0.29115603632986875,0.5203128179229886,0.23150584951931247,0.0,3.0,0.0,"['No_Alpha_Tier', 'Expert_pullback']","['Liquidity_Below_45_Penalty', 'Coverage_Below_80_Cap']",2024-10-03,oos_isotonic,1786.0,0.24035051216138237,0.02571814831670896
2024-11-21,v2_relative_alpha_calibrated_experts_sensitivity,trend,0.22715556733968228,2.8667673868177657,3.093922954157448,0.5526702246410599,0.5552617631001104,0.5012370824482626,0.0,3.0,0.0,"['No_Alpha_Tier', 'Expert_trend']","['Liquidity_Below_45_Penalty', 'Coverage_Below_80_Cap']",2024-10-03,oos_isotonic,1786.0,0.24035051216138237,0.02571814831670896
2024-11-22,v2_relative_alpha_calibrated_experts_sensitivity,trend,0.6750589579513404,2.8587558091143066,3.533814767065647,0.5558945376412459,0.5552617631001104,0.5135254945192833,0.0,4.0,0.0,"['No_Alpha_Tier', 'Expert_trend']",['Coverage_Below_80_Cap'],2024-10-03,oos_isotonic,1786.0,0.24035051216138237,0.02571814831670896
2024-11-25,v2_relative_alpha_calibrated_experts_sensitivity,trend,0.7771145516863956,2.8487528249075527,3.6258673765939484,0.5705127071250106,0.565050291650953,0.5203823057549766,0.0,4.0,0.0,"['No_Alpha_Tier', 'Expert_trend']","['Liquidity_Below_45_Penalty', 'Coverage_Below_80_Cap']",2024-10-03,oos_isotonic,1786.0,0.24035051216138237,0.02571814831670896
2024-11-26,v2_relative_alpha_calibrated_experts_sensitivity,trend,0.22067872908686026,2.8425775040069277,3.063256233093788,0.535270680396001,0.5552617631001104,0.49539449508393607,0.0,4.0,0.0,"['No_Alpha_Tier', 'Expert_trend']",['Coverage_Below_80_Cap'],2024-10-03,oos_isotonic,1786.0,0.24035051216138237,0.02571814831670896
2024-11-27,v2_relative_alpha_calibrated_experts_sensitivity,trend,1.0709900484715331,2.838475624044608,3.909465672516141,0.5810782449915508,0.5957866741321389,0.5354110313427084,0.0,4.0,0.0,"['No_Alpha_Tier', 'Expert_trend']",['Coverage_Below_80_Cap'],2024-10-03,oos_isotonic,1786.0,0.24035051216138237,0.02571814831670896
2024-11-29,v2_relative_alpha_calibrated_experts_sensitivity,trend,-0.1712290785976825,2.832808696957025,2.6615796183593425,0.5118039790653232,0.5552617631001104,0.46666041515420403,0.0,3.0,0.0,"['No_Alpha_Tier', 'Expert_trend']","['Liquidity_Below_45_Penalty', 'Coverage_Below_80_Cap']",2024-10-03,oos_isotonic,1786.0,0.24035051216138237,0.02571814831670896
2024-12-02,v2_relative_alpha_calibrated_experts_sensitivity,trend,-1.9137696239334607,2.8291423505939073,0.9153727266604464,0.40603039757918136,0.5053298123065565,0.3752131867126952,0.0,4.0,0.0,"['No_Alpha_Tier', 'Expert_trend']",['Coverage_Below_80_Cap'],2024-10-31,oos_isotonic,1806.0,0.2377404712599059,0.016608336254834204
2024-12-03,v2_relative_alpha_calibrated_experts_sensitivity,trend,-0.9383026924195879,2.8310078386184294,1.8927051461988416,0.4679283861790233,0.5557237046933314,0.42579121038232626,0.0,4.0,0.0,"['No_Alpha_Tier', 'Expert_trend']",['Coverage_Below_80_Cap'],2024-10-31,oos_isotonic,1806.0,0.2377404712599059,0.016608336254834204
2024-12-04,v2_relative_alpha_calibrated_experts_sensitivity,trend,-0.8105009055732612,2.832567665589469,2.022066760016208,0.4796606134594714,0.5557237046933314,0.42704442056651654,0.0,4.0,0.0,"['No_Alpha_Tier', 'Expert_trend']",['Coverage_Below_80_Cap'],2024-10-31,oos_isotonic,1806.0,0.2377404712599059,0.016608336254834204
2024-12-05,v2_relative_alpha_calibrated_experts_sensitivity,trend,0.2018690621605661,2.833572499268377,3.0354415614289434,0.5352726703332449,0.5557237046933314,0.47914732935537224,0.0,4.0,0.0,"['No_Alpha_Tier', 'Expert_trend']",['Coverage_Below_80_Cap'],2024-10-31,oos_isotonic,1806.0,0.2377404712599059,0.016608336254834204
2024-12-06,v2_relative_alpha_calibrated_experts_sensitivity,trend,0.2305862166218779,2.8295213503029895,3.0601075669248674,0.5400193602494902,0.5557237046933314,0.4823988553835836,0.0,4.0,0.0,"['No_Alpha_Tier', 'Expert_trend']",['Coverage_Below_80_Cap'],2024-10-31,oos_isotonic,1806.0,0.2377404712599059,0.016608336254834204
2024-12-09,v2_relative_alpha_calibrated_experts_sensitivity,trend,0.7722807052312409,2.8242428222500546,3.5965235274812954,0.5869776993323277,0.5962486157253599,0.51901915060622,0.0,4.0,0.0,"['No_Alpha_Tier', 'Expert_trend']",['Coverage_Below_80_Cap'],2024-10-31,oos_isotonic,1806.0,0.2377404712599059,0.016608336254834204
2024-12-10,v2_relative_alpha_calibrated_experts_sensitivity,trend,0.9130280881403616,2.8173542415162314,3.730382329656593,0.605278471104791,0.619859726836471,0.5390983287990673,0.0,4.0,0.0,"['No_Alpha_Tier', 'Expert_trend']","['Liquidity_Below_45_Penalty', 'Coverage_Below_80_Cap']",2024-10-31,oos_isotonic,1806.0,0.2377404712599059,0.016608336254834204
2024-12-11,v2_relative_alpha_calibrated_experts_sensitivity,trend,-0.9977474433382385,2.8072078441865655,1.809460400848327,0.4927840736710658,0.5557237046933314,0.4467926735404617,0.0,4.0,0.0,"['No_Alpha_Tier', 'Expert_trend']","['Liquidity_Below_45_Penalty', 'Coverage_Below_80_Cap']",2024-10-31,oos_isotonic,1806.0,0.2377404712599059,0.016608336254834204
2024-12-12,v2_relative_alpha_calibrated_experts_sensitivity,trend,-0.5344375237515089,2.8011362255383463,2.2666987017868374,0.5176398518572823,0.5557237046933314,0.46252524328814315,0.0,4.0,0.0,"['No_Alpha_Tier', 'Expert_trend']","['Liquidity_Below_45_Penalty', 'Coverage_Below_80_Cap']",2024-10-31,oos_isotonic,1806.0,0.2377404712599059,0.016608336254834204
2024-12-13,v2_relative_alpha_calibrated_experts_sensitivity,trend,-0.7666832262783804,2.7961500552894405,2.02946682901106,0.506224836746118,0.5557237046933314,0.45738913909909085,0.0,4.0,0.0,"['No_Alpha_Tier', 'Expert_trend']","['Liquidity_Below_45_Penalty', 'Coverage_Below_80_Cap']",2024-10-31,oos_isotonic,1806.0,0.2377404712599059,0.016608336254834204
2024-12-16,v2_relative_alpha_calibrated_experts_sensitivity,trend,-0.7181396468081139,2.7919601203551334,2.0738204735470194,0.4938846953808377,0.5557237046933314,0.4507982594514681,0.0,4.0,0.0,"['No_Alpha_Tier', 'Expert_trend']",['Coverage_Below_80_Cap'],2024-10-31,oos_isotonic,1806.0,0.2377404712599059,0.016608336254834204
2024-12-17,v2_relative_alpha_calibrated_experts_sensitivity,trend,-0.43476055637020816,2.793062748030015,2.3583021916598073,0.5079770349657072,0.5557237046933314,0.4679709349732898,0.0,4.0,0.0,"['No_Alpha_Tier', 'Expert_trend']",['Coverage_Below_80_Cap'],2024-10-31,oos_isotonic,1806.0,0.2377404712599059,0.016608336254834204
2024-12-18,v2_relative_alpha_calibrated_experts_sensitivity,pullback,-1.6839166815692843,2.7929897501839647,1.1090730686146806,0.40694870305818853,0.5053298123065565,0.32617691960069756,0.0,2.0,0.0,"['No_Alpha_Tier', 'Expert_pullback']","['Coverage_Below_80_Cap', 'VIX_Backwardation_Cap']",2024-10-31,oos_isotonic,1806.0,0.2377404712599059,0.016608336254834204
2024-12-19,v2_relative_alpha_calibrated_experts_sensitivity,pullback,-4.470024798457758,2.787600573128253,-1.6824242253295052,0.24225914296759418,0.48132004429678843,0.24322595900371377,0.0,4.0,0.0,"['No_Alpha_Tier', 'Expert_pullback']",['Coverage_Below_80_Cap'],2024-10-31,oos_isotonic,1806.0,0.2377404712599059,0.016608336254834204
2024-12-20,v2_relative_alpha_calibrated_experts_sensitivity,pullback,-4.643085515845706,2.7798807508060475,-1.8632047650396586,0.24603337227974886,0.48132004429678843,0.23871631682319336,0.0,4.0,0.0,"['No_Alpha_Tier', 'Expert_pullback']",['Coverage_Below_80_Cap'],2024-10-31,oos_isotonic,1806.0,0.2377404712599059,0.016608336254834204
2024-12-23,v2_relative_alpha_calibrated_experts_sensitivity,pullback,-3.8637684296596713,2.774725840958255,-1.089042588701416,0.2703512706747372,0.48132004429678843,0.25389543658495606,0.0,4.0,0.0,"['No_Alpha_Tier', 'Expert_pullback']",['Coverage_Below_80_Cap'],2024-10-31,oos_isotonic,1806.0,0.2377404712599059,0.016608336254834204
2024-12-24,v2_relative_alpha_calibrated_experts_sensitivity,trend,-0.037987596354500074,2.769292336131322,2.731304739776822,0.5559279070560592,0.5557237046933314,0.4957071168926179,0.0,4.0,0.0,"['No_Alpha_Tier', 'Expert_trend']",['Coverage_Below_80_Cap'],2024-10-31,oos_isotonic,1806.0,0.2377404712599059,0.016608336254834204
2024-12-26,v2_relative_alpha_calibrated_experts_sensitivity,trend,-0.6896036070564814,2.768506426096926,2.078902819040445,0.5181406611765161,0.5557237046933314,0.4663970874008368,0.0,4.0,0.0,"['No_Alpha_Tier', 'Expert_trend']",['Coverage_Below_80_Cap'],2024-10-31,oos_isotonic,1806.0,0.2377404712599059,0.016608336254834204
2024-12-27,v2_relative_alpha_calibrated_experts_sensitivity,pullback,-0.9465008844403535,2.7675826391595333,1.8210817547191795,0.4193559460006274,0.5053298123065565,0.33277628026488837,0.0,4.0,0.0,"['No_Alpha_Tier', 'Expert_pullback']",['Coverage_Below_80_Cap'],2024-10-31,oos_isotonic,1806.0,0.2377404712599059,0.016608336254834204
2024-12-30,v2_relative_alpha_calibrated_experts_sensitivity,pullback,-1.6212896894174698,2.7682870397047763,1.1469973502873063,0.37566713092163406,0.5053298123065565,0.30541201238695026,0.0,4.0,0.0,"['No_Alpha_Tier', 'Expert_pullback']",['Coverage_Below_80_Cap'],2024-10-31,oos_isotonic,1806.0,0.2377404712599059,0.016608336254834204
2024-12-31,v2_relative_alpha_calibrated_experts_sensitivity,pullback,-0.9962063129345808,2.7653659736737315,1.7691596607391507,0.42301931049902985,0.5053298123065565,0.3368923847486399,0.0,4.0,0.0,"['No_Alpha_Tier', 'Expert_pullback']",['Coverage_Below_80_Cap'],2024-10-31,oos_isotonic,1806.0,0.2377404712599059,0.016608336254834204
2025-01-02,v2_relative_alpha_calibrated_experts_sensitivity,pullback,0.6342221058872922,2.7575063626579266,3.3917284685452187,0.5197257828453046,0.5567725711792468,0.4102146566389113,0.0,3.0,0.0,"['No_Alpha_Tier', 'Expert_pullback']","['Liquidity_Below_45_Penalty', 'Coverage_Below_80_Cap']",2024-12-02,oos_isotonic,1827.0,0.2382014150492638,0.023434975891377094
2025-01-03,v2_relative_alpha_calibrated_experts_sensitivity,pullback,1.2165259543644178,2.7513567339048572,3.9678826882692753,0.5870468656163416,0.6240831964969896,0.45348341391351055,0.0,4.0,0.0,"['No_Alpha_Tier', 'Expert_pullback']",['Coverage_Below_80_Cap'],2024-12-02,oos_isotonic,1827.0,0.2382014150492638,0.023434975891377094
2025-01-06,v2_relative_alpha_calibrated_experts_sensitivity,pullback,0.4396720810872899,2.7454312646394694,3.1851033457267595,0.5294652051575329,0.5567725711792468,0.41058230369773485,0.0,4.0,0.0,"['No_Alpha_Tier', 'Expert_pullback']",['Coverage_Below_80_Cap'],2024-12-02,oos_isotonic,1827.0,0.2382014150492638,0.023434975891377094
2025-01-07,v2_relative_alpha_calibrated_experts_sensitivity,pullback,2.6384767433623826,2.7395100166927278,5.37798676005511,0.6753835999267036,0.6325347890545424,0.5251275852806876,0.0,4.0,0.0,"['No_Alpha_Tier', 'Expert_pullback']",['Coverage_Below_80_Cap'],2024-12-02,oos_isotonic,1827.0,0.2382014150492638,0.023434975891377094
2025-01-08,v2_relative_alpha_calibrated_experts_sensitivity,pullback,1.7621769496155157,2.7314150155463146,4.493591965161831,0.6246607581654009,0.6325347890545424,0.4679251723520459,0.0,4.0,0.0,"['No_Alpha_Tier', 'Expert_pullback']",['Coverage_Below_80_Cap'],2024-12-02,oos_isotonic,1827.0,0.2382014150492638,0.023434975891377094
2025-01-10,v2_relative_alpha_calibrated_experts_sensitivity,pullback,4.503092210470553,2.7256021064820835,7.228694316952636,0.7796493569263427,0.6325347890545424,0.6327782254454293,0.0,4.0,0.0,"['No_Alpha_Tier', 'Expert_pullback']",['Coverage_Below_80_Cap'],2024-12-02,oos_isotonic,1827.0,0.2382014150492638,0.023434975891377094
2025-01-13,v2_relative_alpha_calibrated_experts_sensitivity,pullback,2.849832877971119,2.715763299787575,5.565596177758694,0.6856368319245119,0.6325347890545424,0.5489009759154804,0.0,4.0,0.0,"['No_Alpha_Tier', 'Expert_pullback']",['Coverage_Below_80_Cap'],2024-12-02,oos_isotonic,1827.0,0.2382014150492638,0.023434975891377094
2025-01-14,v2_relative_alpha_calibrated_experts_sensitivity,pullback,2.9308994978236904,2.7018286341185376,5.632728131942228,0.691204839148472,0.6325347890545424,0.5479116304055869,0.0,4.0,0.0,"['No_Alpha_Tier', 'Expert_pullback']",['Coverage_Below_80_Cap'],2024-12-02,oos_isotonic,1827.0,0.2382014150492638,0.023434975891377094
2025-01-15,v2_relative_alpha_calibrated_experts_sensitivity,pullback,1.4447575894851232,2.6871434203891313,4.131901009874254,0.6007680621878673,0.6240831964969896,0.4517895514370132,0.0,4.0,0.0,"['No_Alpha_Tier', 'Expert_pullback']",['Coverage_Below_80_Cap'],2024-12-02,oos_isotonic,1827.0,0.2382014150492638,0.023434975891377094
2025-01-16,v2_relative_alpha_calibrated_experts_sensitivity,pullback,2.6815730995813367,2.675300900351869,5.356873999933205,0.6813430886561833,0.6325347890545424,0.5408765332617065,0.0,4.0,0.0,"['No_Alpha_Tier', 'Expert_pullback']",['Coverage_Below_80_Cap'],2024-12-02,oos_isotonic,1827.0,0.2382014150492638,0.023434975891377094
2025-01-17,v2_relative_alpha_calibrated_experts_sensitivity,pullback,2.092301897237702,2.660706998558035,4.7530088957957375,0.6435179761858667,0.6325347890545424,0.4926381054704987,0.0,4.0,0.0,"['No_Alpha_Tier', 'Expert_pullback']",['Coverage_Below_80_Cap'],2024-12-02,oos_isotonic,1827.0,0.2382014150492638,0.023434975891377094
2025-01-21,v2_relative_alpha_calibrated_experts_sensitivity,pullback,5.554187509873105,2.6458128092176554,8.200000319090762,0.8264955266420401,0.6325347890545424,0.734362968931865,2.0,4.0,2.0,"['Tier_1', 'Expert_pullback']",['Coverage_Below_80_Cap'],2024-12-02,oos_isotonic,1827.0,0.2382014150492638,0.023434975891377094
2025-01-22,v2_relative_alpha_calibrated_experts_sensitivity,trend,1.0686828472821344,2.6396215771651006,3.7083044244472356,0.6177332134185523,0.6325347890545424,0.5299676145761949,0.0,4.0,0.0,"['No_Alpha_Tier', 'Expert_trend']",['Coverage_Below_80_Cap'],2024-12-02,oos_isotonic,1827.0,0.2382014150492638,0.023434975891377094
2025-01-23,v2_relative_alpha_calibrated_experts_sensitivity,trend,0.7988212179064156,2.6342887834077366,3.433110001314152,0.6105889663379527,0.6325347890545424,0.5371608886469568,0.0,4.0,0.0,"['No_Alpha_Tier', 'Expert_trend']",['Coverage_Below_80_Cap'],2024-12-02,oos_isotonic,1827.0,0.2382014150492638,0.023434975891377094
2025-01-24,v2_relative_alpha_calibrated_experts_sensitivity,trend,2.2201534460065893,2.630769064515369,4.850922510521959,0.6677689056426201,0.6325347890545424,0.5950094855756067,0.0,4.0,0.0,"['No_Alpha_Tier', 'Expert_trend']",['Coverage_Below_80_Cap'],2024-12-02,oos_isotonic,1827.0,0.2382014150492638,0.023434975891377094
2025-01-27,v2_relative_alpha_calibrated_experts_sensitivity,pullback,2.283761232157603,2.623615656164496,4.907376888322099,0.6571560880604207,0.6325347890545424,0.5153314978959621,0.0,4.0,0.0,"['No_Alpha_Tier', 'Expert_pullback']",['Coverage_Below_80_Cap'],2024-12-02,oos_isotonic,1827.0,0.2382014150492638,0.023434975891377094
2025-01-28,v2_relative_alpha_calibrated_experts_sensitivity,pullback,-0.0761310955756584,2.6114132477295002,2.5352821521538416,0.5131397323367013,0.5567725711792468,0.3910102739726028,0.0,4.0,0.0,"['No_Alpha_Tier', 'Expert_pullback']",['Coverage_Below_80_Cap'],2024-12-02,oos_isotonic,1827.0,0.2382014150492638,0.023434975891377094
2025-01-29,v2_relative_alpha_calibrated_experts_sensitivity,pullback,-0.7867565995548997,2.6041162832000064,1.8173596836451065,0.4637328181454767,0.5567725711792468,0.36442217297878055,0.0,4.0,0.0,"['No_Alpha_Tier', 'Expert_pullback']",['Coverage_Below_80_Cap'],2024-12-02,oos_isotonic,1827.0,0.2382014150492638,0.023434975891377094
2025-01-30,v2_relative_alpha_calibrated_experts_sensitivity,pullback,-0.5963206606253614,2.595207449142771,1.9988867885174093,0.4670277487213125,0.5567725711792468,0.3611452457695407,0.0,4.0,0.0,"['No_Alpha_Tier', 'Expert_pullback']",['Coverage_Below_80_Cap'],2024-12-02,oos_isotonic,1827.0,0.2382014150492638,0.023434975891377094
2025-01-31,v2_relative_alpha_calibrated_experts_sensitivity,pullback,-2.6352732810731214,2.5890761239554347,-0.04619715711768682,0.3143240641042727,0.5174347137148553,0.2668026457158206,0.0,4.0,0.0,"['No_Alpha_Tier', 'Expert_pullback']",['Coverage_Below_80_Cap'],2024-12-02,oos_isotonic,1827.0,0.2382014150492638,0.023434975891377094
2025-02-03,v2_relative_alpha_calibrated_experts_sensitivity,pullback,-0.20744155624871416,2.5812569522532036,2.3738153960044897,0.469054292892716,0.5627580624873533,0.38857221914775875,0.0,4.0,0.0,"['No_Alpha_Tier', 'Expert_pullback']",['Coverage_Below_80_Cap'],2024-12-31,oos_isotonic,1847.0,0.2392430730336419,0.03158797471378347
2025-02-04,v2_relative_alpha_calibrated_experts_sensitivity,pullback,-0.7973341567197842,2.573246373881576,1.7759122171617916,0.4238685492013924,0.5323826470956512,0.3614001106806862,0.0,4.0,0.0,"['No_Alpha_Tier', 'Expert_pullback']",['Coverage_Below_80_Cap'],2024-12-31,oos_isotonic,1847.0,0.2392430730336419,0.03158797471378347
2025-02-05,v2_relative_alpha_calibrated_experts_sensitivity,trend,0.5480228080837406,2.5649311114419655,3.1129539195257063,0.5739334302455754,0.6139365136658045,0.5088219411224505,0.0,4.0,0.0,"['No_Alpha_Tier', 'Expert_trend']",['Coverage_Below_80_Cap'],2024-12-31,oos_isotonic,1847.0,0.2392430730336419,0.03158797471378347
2025-02-06,v2_relative_alpha_calibrated_experts_sensitivity,trend,0.30669951132140827,2.5550275011242305,2.8617270124456384,0.5536030070185551,0.5627580624873533,0.4714564792875489,0.0,4.0,0.0,"['No_Alpha_Tier', 'Expert_trend']",['Coverage_Below_80_Cap'],2024-12-31,oos_isotonic,1847.0,0.2392430730336419,0.03158797471378347
2025-02-07,v2_relative_alpha_calibrated_experts_sensitivity,pullback,-0.9456885409647559,2.545474842853035,1.5997863018882792,0.41489953349832087,0.5323826470956512,0.35158796040091006,0.0,4.0,0.0,"['No_Alpha_Tier', 'Expert_pullback']",['Coverage_Below_80_Cap'],2024-12-31,oos_isotonic,1847.0,0.2392430730336419,0.03158797471378347
2025-02-10,v2_relative_alpha_calibrated_experts_sensitivity,trend,0.647017034521777,2.533586961914971,3.1806039964367483,0.5844583702571616,0.6167330517594205,0.5053563136542764,0.0,3.0,0.0,"['No_Alpha_Tier', 'Expert_trend']","['Liquidity_Below_45_Penalty', 'Coverage_Below_80_Cap']",2024-12-31,oos_isotonic,1847.0,0.2392430730336419,0.03158797471378347
2025-02-11,v2_relative_alpha_calibrated_experts_sensitivity,trend,1.1034032117913464,2.5255332191853364,3.6289364309766827,0.6097936931532433,0.6347942134708726,0.5309173860001534,0.0,3.0,0.0,"['No_Alpha_Tier', 'Expert_trend']","['Liquidity_Below_45_Penalty', 'Coverage_Below_80_Cap']",2024-12-31,oos_isotonic,1847.0,0.2392430730336419,0.03158797471378347
2025-02-12,v2_relative_alpha_calibrated_experts_sensitivity,trend,1.1671214093827718,2.5201312825510374,3.687252691933809,0.6001288852826908,0.6245185242478151,0.5121172840082009,0.0,3.0,0.0,"['No_Alpha_Tier', 'Expert_trend']","['Liquidity_Below_45_Penalty', 'Coverage_Below_80_Cap']",2024-12-31,oos_isotonic,1847.0,0.2392430730336419,0.03158797471378347
2025-02-13,v2_relative_alpha_calibrated_experts_sensitivity,trend,0.08293068486937673,2.5155860558760708,2.5985167407454473,0.5173220750804881,0.5627580624873533,0.4565289490268268,0.0,4.0,0.0,"['No_Alpha_Tier', 'Expert_trend']",['Coverage_Below_80_Cap'],2024-12-31,oos_isotonic,1847.0,0.2392430730336419,0.03158797471378347
2025-02-14,v2_relative_alpha_calibrated_experts_sensitivity,trend,-0.7752993630047867,2.5153417577825055,1.7400423947777188,0.4453448538311473,0.5627580624873533,0.41112444313845,0.0,4.0,0.0,"['No_Alpha_Tier', 'Expert_trend']",['Coverage_Below_80_Cap'],2024-12-31,oos_isotonic,1847.0,0.2392430730336419,0.03158797471378347
2025-02-18,v2_relative_alpha_calibrated_experts_sensitivity,trend,-0.49475769419803517,2.5195905329977104,2.0248328387996755,0.4700144708705061,0.5627580624873533,0.4221174705788458,0.0,4.0,0.0,"['No_Alpha_Tier', 'Expert_trend']",['Coverage_Below_80_Cap'],2024-12-31,oos_isotonic,1847.0,0.2392430730336419,0.03158797471378347
2025-02-19,v2_relative_alpha_calibrated_experts_sensitivity,trend,-0.37249236541499414,2.5221323566525005,2.1496399912375064,0.48167470285736047,0.5627580624873533,0.4343515296719881,0.0,4.0,0.0,"['No_Alpha_Tier', 'Expert_trend']",['Coverage_Below_80_Cap'],2024-12-31,oos_isotonic,1847.0,0.2392430730336419,0.03158797471378347
2025-02-20,v2_relative_alpha_calibrated_experts_sensitivity,trend,0.42494628578370364,2.5277344632895953,2.952680749073299,0.5664498392327961,0.5627580624873533,0.4927929573727537,0.0,4.0,0.0,"['No_Alpha_Tier', 'Expert_trend']",['Coverage_Below_80_Cap'],2024-12-31,oos_isotonic,1847.0,0.2392430730336419,0.03158797471378347
2025-02-21,v2_relative_alpha_calibrated_experts_sensitivity,pullback,-0.48372609812275597,2.5312093189877447,2.0474832208649887,0.43966662057008676,0.5627580624873533,0.371123101518785,0.0,4.0,0.0,"['No_Alpha_Tier', 'Expert_pullback']",['Coverage_Below_80_Cap'],2024-12-31,oos_isotonic,1847.0,0.2392430730336419,0.03158797471378347
2025-02-24,v2_relative_alpha_calibrated_experts_sensitivity,pullback,-0.8482571064822912,2.5270878077048953,1.6788307012226038,0.4025514945068342,0.5323826470956512,0.32906444075508823,0.0,4.0,0.0,"['No_Alpha_Tier', 'Expert_pullback']",['Coverage_Below_80_Cap'],2024-12-31,oos_isotonic,1847.0,0.2392430730336419,0.03158797471378347
2025-02-25,v2_relative_alpha_calibrated_experts_sensitivity,pullback,0.2914151906353542,2.524692724411766,2.8161079150471204,0.48466934094158903,0.5627580624873533,0.39795701900018454,0.0,4.0,0.0,"['No_Alpha_Tier', 'Expert_pullback']",['Coverage_Below_80_Cap'],2024-12-31,oos_isotonic,1847.0,0.2392430730336419,0.03158797471378347
2025-02-26,v2_relative_alpha_calibrated_experts_sensitivity,pullback,0.27054793757229895,2.5273979159821365,2.797945853554435,0.481911168429708,0.5627580624873533,0.39615845784910536,0.0,4.0,0.0,"['No_Alpha_Tier', 'Expert_pullback']",['Coverage_Below_80_Cap'],2024-12-31,oos_isotonic,1847.0,0.2392430730336419,0.03158797471378347
2025-02-27,v2_relative_alpha_calibrated_experts_sensitivity,pullback,1.237867821419802,2.5314598957466434,3.769327717166446,0.558090936982953,0.5627580624873533,0.42968855684683027,0.0,0.0,0.0,"['No_Alpha_Tier', 'Expert_pullback']","['Risk_Above_55_Penalty', 'Coverage_Below_80_Cap', 'Weak_Regime_Cap']",2024-12-31,oos_isotonic,1847.0,0.2392430730336419,0.03158797471378347
2025-02-28,v2_relative_alpha_calibrated_experts_sensitivity,pullback,0.2472787513183315,2.5315171415888025,2.7787958929071337,0.495470540865927,0.5627580624873533,0.396889411547685,0.0,2.0,0.0,"['No_Alpha_Tier', 'Expert_pullback']","['Coverage_Below_80_Cap', 'Weak_Regime_Cap']",2024-12-31,oos_isotonic,1847.0,0.2392430730336419,0.03158797471378347
2025-03-03,v2_relative_alpha_calibrated_experts_sensitivity,pullback,-0.49200808563676635,2.5369802574873574,2.0449721718505907,0.4969408005857412,0.5555704515223562,0.38517146942960445,0.0,0.0,0.0,"['No_Alpha_Tier', 'Expert_pullback']",['Hard_Risk_Cap_Zero'],2025-01-30,oos_isotonic,1866.0,0.23636940887973532,0.013110570421808115
2025-03-04,v2_relative_alpha_calibrated_experts_sensitivity,pullback,1.060500272309615,2.534028451550762,3.594528723860377,0.5836720536029796,0.5956821313734497,0.4587793089957369,0.0,2.0,0.0,"['No_Alpha_Tier', 'Expert_pullback']","['Coverage_Below_80_Cap', 'Weak_Regime_Cap', 'VIX_Backwardation_Cap']",2025-01-30,oos_isotonic,1866.0,0.23636940887973532,0.013110570421808115
2025-03-05,v2_relative_alpha_calibrated_experts_sensitivity,pullback,-0.8805851909861648,2.531175885618643,1.6505906946324784,0.462639702677633,0.5555704515223562,0.3614922966920296,0.0,0.0,0.0,"['No_Alpha_Tier', 'Expert_pullback']","['Risk_Above_55_Penalty', 'Coverage_Below_80_Cap', 'Weak_Regime_Cap', 'VIX_Backwardation_Cap']",2025-01-30,oos_isotonic,1866.0,0.23636940887973532,0.013110570421808115
2025-03-06,v2_relative_alpha_calibrated_experts_sensitivity,risk_off,0.0,2.525044827725711,2.525044827725711,0.01,0.47309999656724966,0.0,0.0,0.0,0.0,['Risk_Off_Expert'],"['Risk_Above_55_Penalty', 'Coverage_Below_80_Cap', 'Weak_Regime_Cap', 'VIX_Backwardation_Cap']",2025-01-30,oos_isotonic,1866.0,0.23636940887973532,0.013110570421808115
2025-03-07,v2_relative_alpha_calibrated_experts_sensitivity,risk_off,0.0,2.5167020174796977,2.5167020174796977,0.01,0.47309999656724966,0.0,0.0,2.0,0.0,['Risk_Off_Expert'],"['Coverage_Below_80_Cap', 'Weak_Regime_Cap', 'VIX_Backwardation_Cap']",2025-01-30,oos_isotonic,1866.0,0.23636940887973532,0.013110570421808115
2025-03-10,v2_relative_alpha_calibrated_experts_sensitivity,risk_off,0.0,2.507955286297847,2.507955286297847,0.01,0.47309999656724966,0.0,0.0,0.0,0.0,['Risk_Off_Expert'],"['Risk_Above_55_Penalty', 'Coverage_Below_80_Cap', 'Weak_Regime_Cap', 'VIX_Backwardation_Cap']",2025-01-30,oos_isotonic,1866.0,0.23636940887973532,0.013110570421808115
2025-03-11,v2_relative_alpha_calibrated_experts_sensitivity,risk_off,0.0,2.495291700058973,2.495291700058973,0.01,0.47309999656724966,0.0,0.0,0.0,0.0,['Risk_Off_Expert'],"['Risk_Above_55_Penalty', 'Coverage_Below_80_Cap', 'Weak_Regime_Cap', 'VIX_Backwardation_Cap']",2025-01-30,oos_isotonic,1866.0,0.23636940887973532,0.013110570421808115
2025-03-12,v2_relative_alpha_calibrated_experts_sensitivity,risk_off,0.0,2.481024761360768,2.481024761360768,0.01,0.47309999656724966,0.0,0.0,0.0,0.0,['Risk_Off_Expert'],"['Risk_Above_55_Penalty', 'Coverage_Below_80_Cap', 'Weak_Regime_Cap', 'VIX_Backwardation_Cap']",2025-01-30,oos_isotonic,1866.0,0.23636940887973532,0.013110570421808115
2025-03-13,v2_relative_alpha_calibrated_experts_sensitivity,risk_off,0.0,2.470940310090902,2.470940310090902,0.01,0.47309999656724966,0.0,0.0,0.0,0.0,['Risk_Off_Expert'],['Hard_Risk_Cap_Zero'],2025-01-30,oos_isotonic,1866.0,0.23636940887973532,0.013110570421808115
2025-03-14,v2_relative_alpha_calibrated_experts_sensitivity,risk_off,0.0,1.1395134666905196,1.1395134666905196,0.01,0.47309999656724966,0.0,0.0,0.0,0.0,['Risk_Off_Expert'],"['Risk_Above_55_Penalty', 'Coverage_Below_80_Cap', 'Weak_Regime_Cap']",2025-01-30,oos_isotonic,1866.0,0.23636940887973532,0.013110570421808115
2025-03-17,v2_relative_alpha_calibrated_experts_sensitivity,risk_off,0.0,1.1395134666905196,1.1395134666905196,0.01,0.47309999656724966,0.0,0.0,0.0,0.0,['Risk_Off_Expert'],"['Risk_Above_55_Penalty', 'Coverage_Below_80_Cap', 'Weak_Regime_Cap']",2025-01-30,oos_isotonic,1866.0,0.23636940887973532,0.013110570421808115
2025-03-18,v2_relative_alpha_calibrated_experts_sensitivity,risk_off,0.0,1.1395134666905196,1.1395134666905196,0.01,0.47309999656724966,0.0,0.0,0.0,0.0,['Risk_Off_Expert'],"['Risk_Above_55_Penalty', 'Coverage_Below_80_Cap', 'Weak_Regime_Cap']",2025-01-30,oos_isotonic,1866.0,0.23636940887973532,0.013110570421808115
2025-03-19,v2_relative_alpha_calibrated_experts_sensitivity,risk_off,0.0,1.1395134666905196,1.1395134666905196,0.01,0.47309999656724966,0.0,0.0,0.0,0.0,['Risk_Off_Expert'],"['Risk_Above_55_Penalty', 'Coverage_Below_80_Cap', 'Weak_Regime_Cap']",2025-01-30,oos_isotonic,1866.0,0.23636940887973532,0.013110570421808115
2025-03-20,v2_relative_alpha_calibrated_experts_sensitivity,risk_off,0.0,1.1395134666905196,1.1395134666905196,0.01,0.47309999656724966,0.0,0.0,0.0,0.0,['Risk_Off_Expert'],['Hard_Risk_Cap_Zero'],2025-01-30,oos_isotonic,1866.0,0.23636940887973532,0.013110570421808115
2025-03-21,v2_relative_alpha_calibrated_experts_sensitivity,risk_off,0.0,1.1395134666905196,1.1395134666905196,0.01,0.47309999656724966,0.0,0.0,0.0,0.0,['Risk_Off_Expert'],"['Risk_Above_55_Penalty', 'Coverage_Below_80_Cap', 'Weak_Regime_Cap']",2025-01-30,oos_isotonic,1866.0,0.23636940887973532,0.013110570421808115
2025-03-24,v2_relative_alpha_calibrated_experts_sensitivity,risk_off,0.0,5.078825386193843,5.078825386193843,0.01,0.47309999656724966,0.0,0.0,0.0,0.0,['Risk_Off_Expert'],"['Risk_Above_55_Penalty', 'Coverage_Below_80_Cap', 'Weak_Regime_Cap']",2025-01-30,oos_isotonic,1866.0,0.23636940887973532,0.013110570421808115
2025-03-25,v2_relative_alpha_calibrated_experts_sensitivity,pullback,-6.351490211205508,5.924750983741927,-0.4267392274635809,0.23974766280340684,0.48153182670181804,0.2094118639037289,0.0,0.0,0.0,"['No_Alpha_Tier', 'Expert_pullback']","['Risk_Above_55_Penalty', 'Coverage_Below_80_Cap', 'Weak_Regime_Cap']",2025-01-30,oos_isotonic,1866.0,0.23636940887973532,0.013110570421808115
2025-03-26,v2_relative_alpha_calibrated_experts_sensitivity,risk_off,0.0,2.3622648037311422,2.3622648037311422,0.01,0.47309999656724966,0.0,0.0,0.0,0.0,['Risk_Off_Expert'],"['Risk_Above_55_Penalty', 'Coverage_Below_80_Cap', 'Weak_Regime_Cap']",2025-01-30,oos_isotonic,1866.0,0.23636940887973532,0.013110570421808115
2025-03-27,v2_relative_alpha_calibrated_experts_sensitivity,risk_off,0.0,1.1395134666905196,1.1395134666905196,0.01,0.47309999656724966,0.0,0.0,0.0,0.0,['Risk_Off_Expert'],"['Risk_Above_55_Penalty', 'Coverage_Below_80_Cap', 'Weak_Regime_Cap']",2025-01-30,oos_isotonic,1866.0,0.23636940887973532,0.013110570421808115
2025-03-28,v2_relative_alpha_calibrated_experts_sensitivity,risk_off,0.0,1.1395134666905196,1.1395134666905196,0.01,0.47309999656724966,0.0,0.0,0.0,0.0,['Risk_Off_Expert'],['Hard_Risk_Cap_Zero'],2025-01-30,oos_isotonic,1866.0,0.23636940887973532,0.013110570421808115
2025-03-31,v2_relative_alpha_calibrated_experts_sensitivity,risk_off,0.0,1.1395134666905196,1.1395134666905196,0.01,0.47309999656724966,0.0,0.0,0.0,0.0,['Risk_Off_Expert'],['Hard_Risk_Cap_Zero'],2025-01-30,oos_isotonic,1866.0,0.23636940887973532,0.013110570421808115
2025-04-01,v2_relative_alpha_calibrated_experts_sensitivity,risk_off,0.0,1.1395134666905196,1.1395134666905196,0.01,0.4719534315021824,0.0,0.0,0.0,0.0,['Risk_Off_Expert'],['Hard_Risk_Cap_Zero'],2025-03-03,oos_isotonic,1887.0,0.23689513333886225,0.013970459672530246
2025-04-02,v2_relative_alpha_calibrated_experts_sensitivity,risk_off,0.0,1.1395134666905196,1.1395134666905196,0.01,0.4719534315021824,0.0,0.0,0.0,0.0,['Risk_Off_Expert'],['Hard_Risk_Cap_Zero'],2025-03-03,oos_isotonic,1887.0,0.23689513333886225,0.013970459672530246
2025-04-03,v2_relative_alpha_calibrated_experts_sensitivity,risk_off,0.0,1.1395134666905196,1.1395134666905196,0.01,0.4719534315021824,0.0,0.0,0.0,0.0,['Risk_Off_Expert'],['Hard_Risk_Cap_Zero'],2025-03-03,oos_isotonic,1887.0,0.23689513333886225,0.013970459672530246
2025-04-04,v2_relative_alpha_calibrated_experts_sensitivity,risk_off,0.0,2.2344761407344005,2.2344761407344005,0.01,0.4719534315021824,0.0,0.0,0.0,0.0,['Risk_Off_Expert'],['Hard_Risk_Cap_Zero'],2025-03-03,oos_isotonic,1887.0,0.23689513333886225,0.013970459672530246
2025-04-07,v2_relative_alpha_calibrated_experts_sensitivity,risk_off,0.0,2.203176407619512,2.203176407619512,0.01,0.4719534315021824,0.0,0.0,0.0,0.0,['Risk_Off_Expert'],['Hard_Risk_Cap_Zero'],2025-03-03,oos_isotonic,1887.0,0.23689513333886225,0.013970459672530246
2025-04-08,v2_relative_alpha_calibrated_experts_sensitivity,risk_off,0.0,2.175773998717205,2.175773998717205,0.01,0.4719534315021824,0.0,0.0,0.0,0.0,['Risk_Off_Expert'],['Hard_Risk_Cap_Zero'],2025-03-03,oos_isotonic,1887.0,0.23689513333886225,0.013970459672530246
2025-04-09,v2_relative_alpha_calibrated_experts_sensitivity,risk_off,0.0,2.1461766793179944,2.1461766793179944,0.01,0.4719534315021824,0.0,0.0,0.0,0.0,['Risk_Off_Expert'],['Hard_Risk_Cap_Zero'],2025-03-03,oos_isotonic,1887.0,0.23689513333886225,0.013970459672530246
2025-04-10,v2_relative_alpha_calibrated_experts_sensitivity,risk_off,0.0,2.12845851805359,2.12845851805359,0.01,0.4719534315021824,0.0,0.0,0.0,0.0,['Risk_Off_Expert'],['Hard_Risk_Cap_Zero'],2025-03-03,oos_isotonic,1887.0,0.23689513333886225,0.013970459672530246
2025-04-11,v2_relative_alpha_calibrated_experts_sensitivity,risk_off,0.0,2.108641163896605,2.108641163896605,0.01,0.4719534315021824,0.0,0.0,0.0,0.0,['Risk_Off_Expert'],['Hard_Risk_Cap_Zero'],2025-03-03,oos_isotonic,1887.0,0.23689513333886225,0.013970459672530246
2025-04-14,v2_relative_alpha_calibrated_experts_sensitivity,risk_off,0.0,2.090284447155407,2.090284447155407,0.01,0.4719534315021824,0.0,0.0,0.0,0.0,['Risk_Off_Expert'],['Hard_Risk_Cap_Zero'],2025-03-03,oos_isotonic,1887.0,0.23689513333886225,0.013970459672530246
2025-04-15,v2_relative_alpha_calibrated_experts_sensitivity,risk_off,0.0,2.0717691851553868,2.0717691851553868,0.01,0.4719534315021824,0.0,0.0,0.0,0.0,['Risk_Off_Expert'],['Hard_Risk_Cap_Zero'],2025-03-03,oos_isotonic,1887.0,0.23689513333886225,0.013970459672530246
2025-04-16,v2_relative_alpha_calibrated_experts_sensitivity,risk_off,0.0,2.0535681539393704,2.0535681539393704,0.01,0.4719534315021824,0.0,0.0,0.0,0.0,['Risk_Off_Expert'],['Hard_Risk_Cap_Zero'],2025-03-03,oos_isotonic,1887.0,0.23689513333886225,0.013970459672530246
2025-04-17,v2_relative_alpha_calibrated_experts_sensitivity,risk_off,0.0,2.0275934632730954,2.0275934632730954,0.01,0.4719534315021824,0.0,0.0,0.0,0.0,['Risk_Off_Expert'],['Hard_Risk_Cap_Zero'],2025-03-03,oos_isotonic,1887.0,0.23689513333886225,0.013970459672530246
2025-04-21,v2_relative_alpha_calibrated_experts_sensitivity,risk_off,0.0,2.001382300504963,2.001382300504963,0.01,0.4719534315021824,0.0,0.0,0.0,0.0,['Risk_Off_Expert'],['Hard_Risk_Cap_Zero'],2025-03-03,oos_isotonic,1887.0,0.23689513333886225,0.013970459672530246
2025-04-22,v2_relative_alpha_calibrated_experts_sensitivity,risk_off,0.0,1.9713765622630035,1.9713765622630035,0.01,0.4719534315021824,0.0,0.0,0.0,0.0,['Risk_Off_Expert'],['Hard_Risk_Cap_Zero'],2025-03-03,oos_isotonic,1887.0,0.23689513333886225,0.013970459672530246
2025-04-23,v2_relative_alpha_calibrated_experts_sensitivity,risk_off,0.0,1.9451190022592866,1.9451190022592866,0.01,0.4719534315021824,0.0,0.0,0.0,0.0,['Risk_Off_Expert'],['Hard_Risk_Cap_Zero'],2025-03-03,oos_isotonic,1887.0,0.23689513333886225,0.013970459672530246
2025-04-24,v2_relative_alpha_calibrated_experts_sensitivity,risk_off,0.0,1.92457631358963,1.92457631358963,0.01,0.4719534315021824,0.0,0.0,0.0,0.0,['Risk_Off_Expert'],['Hard_Risk_Cap_Zero'],2025-03-03,oos_isotonic,1887.0,0.23689513333886225,0.013970459672530246
2025-04-25,v2_relative_alpha_calibrated_experts_sensitivity,risk_off,0.0,1.9096116897301292,1.9096116897301292,0.01,0.4719534315021824,0.0,0.0,0.0,0.0,['Risk_Off_Expert'],['Hard_Risk_Cap_Zero'],2025-03-03,oos_isotonic,1887.0,0.23689513333886225,0.013970459672530246
2025-04-28,v2_relative_alpha_calibrated_experts_sensitivity,risk_off,0.0,1.8990958580047048,1.8990958580047048,0.01,0.4719534315021824,0.0,0.0,0.0,0.0,['Risk_Off_Expert'],['Hard_Risk_Cap_Zero'],2025-03-03,oos_isotonic,1887.0,0.23689513333886225,0.013970459672530246
2025-04-29,v2_relative_alpha_calibrated_experts_sensitivity,risk_off,0.0,1.8924442401734867,1.8924442401734867,0.01,0.4719534315021824,0.0,0.0,0.0,0.0,['Risk_Off_Expert'],['Hard_Risk_Cap_Zero'],2025-03-03,oos_isotonic,1887.0,0.23689513333886225,0.013970459672530246
2025-04-30,v2_relative_alpha_calibrated_experts_sensitivity,risk_off,0.0,1.8872673268674214,1.8872673268674214,0.01,0.4719534315021824,0.0,0.0,0.0,0.0,['Risk_Off_Expert'],['Hard_Risk_Cap_Zero'],2025-03-03,oos_isotonic,1887.0,0.23689513333886225,0.013970459672530246
2025-05-01,v2_relative_alpha_calibrated_experts_sensitivity,risk_off,0.0,1.8819896160262382,1.8819896160262382,0.01,0.4703436166902213,0.0,0.0,0.0,0.0,['Risk_Off_Expert'],['Hard_Risk_Cap_Zero'],2025-04-01,oos_isotonic,1908.0,0.23838789187946063,0.01685727748529294
2025-05-02,v2_relative_alpha_calibrated_experts_sensitivity,risk_off,0.0,1.8762238927073758,1.8762238927073758,0.01,0.4703436166902213,0.0,0.0,0.0,0.0,['Risk_Off_Expert'],['Hard_Risk_Cap_Zero'],2025-04-01,oos_isotonic,1908.0,0.23838789187946063,0.01685727748529294
2025-05-05,v2_relative_alpha_calibrated_experts_sensitivity,risk_off,0.0,1.878823203957106,1.878823203957106,0.01,0.4703436166902213,0.0,0.0,0.0,0.0,['Risk_Off_Expert'],['Hard_Risk_Cap_Zero'],2025-04-01,oos_isotonic,1908.0,0.23838789187946063,0.01685727748529294
2025-05-06,v2_relative_alpha_calibrated_experts_sensitivity,risk_off,0.0,1.8857437647645283,1.8857437647645283,0.01,0.4703436166902213,0.0,0.0,0.0,0.0,['Risk_Off_Expert'],['Hard_Risk_Cap_Zero'],2025-04-01,oos_isotonic,1908.0,0.23838789187946063,0.01685727748529294
2025-05-07,v2_relative_alpha_calibrated_experts_sensitivity,risk_off,0.0,1.8942628171641465,1.8942628171641465,0.01,0.4703436166902213,0.0,0.0,0.0,0.0,['Risk_Off_Expert'],['Hard_Risk_Cap_Zero'],2025-04-01,oos_isotonic,1908.0,0.23838789187946063,0.01685727748529294
2025-05-08,v2_relative_alpha_calibrated_experts_sensitivity,risk_off,0.0,1.9034991096390979,1.9034991096390979,0.01,0.4703436166902213,0.0,0.0,0.0,0.0,['Risk_Off_Expert'],['Hard_Risk_Cap_Zero'],2025-04-01,oos_isotonic,1908.0,0.23838789187946063,0.01685727748529294
2025-05-09,v2_relative_alpha_calibrated_experts_sensitivity,risk_off,0.0,1.9039272571194592,1.9039272571194592,0.01,0.4703436166902213,0.0,0.0,0.0,0.0,['Risk_Off_Expert'],['Hard_Risk_Cap_Zero'],2025-04-01,oos_isotonic,1908.0,0.23838789187946063,0.01685727748529294
2025-05-12,v2_relative_alpha_calibrated_experts_sensitivity,risk_off,0.0,1.906952865594834,1.906952865594834,0.01,0.4703436166902213,0.0,0.0,0.0,0.0,['Risk_Off_Expert'],['Hard_Risk_Cap_Zero'],2025-04-01,oos_isotonic,1908.0,0.23838789187946063,0.01685727748529294
2025-05-13,v2_relative_alpha_calibrated_experts_sensitivity,risk_off,0.0,1.9123136999293904,1.9123136999293904,0.01,0.4703436166902213,0.0,0.0,0.0,0.0,['Risk_Off_Expert'],"['Risk_Above_55_Penalty', 'Coverage_Below_80_Cap', 'Weak_Regime_Cap']",2025-04-01,oos_isotonic,1908.0,0.23838789187946063,0.01685727748529294
2025-05-14,v2_relative_alpha_calibrated_experts_sensitivity,risk_off,0.0,1.9196848148841923,1.9196848148841923,0.01,0.4703436166902213,0.0,0.0,0.0,0.0,['Risk_Off_Expert'],"['Risk_Above_55_Penalty', 'Coverage_Below_80_Cap', 'Weak_Regime_Cap']",2025-04-01,oos_isotonic,1908.0,0.23838789187946063,0.01685727748529294
2025-05-15,v2_relative_alpha_calibrated_experts_sensitivity,risk_off,0.0,1.9249677540635977,1.9249677540635977,0.01,0.4703436166902213,0.0,0.0,2.0,0.0,['Risk_Off_Expert'],"['Coverage_Below_80_Cap', 'Weak_Regime_Cap']",2025-04-01,oos_isotonic,1908.0,0.23838789187946063,0.01685727748529294
2025-05-16,v2_relative_alpha_calibrated_experts_sensitivity,risk_off,0.0,1.9319683369231098,1.9319683369231098,0.01,0.4703436166902213,0.0,0.0,2.0,0.0,['Risk_Off_Expert'],"['Coverage_Below_80_Cap', 'Weak_Regime_Cap']",2025-04-01,oos_isotonic,1908.0,0.23838789187946063,0.01685727748529294
2025-05-19,v2_relative_alpha_calibrated_experts_sensitivity,risk_off,0.0,1.9382900352096972,1.9382900352096972,0.01,0.4703436166902213,0.0,0.0,2.0,0.0,['Risk_Off_Expert'],"['Coverage_Below_80_Cap', 'Weak_Regime_Cap']",2025-04-01,oos_isotonic,1908.0,0.23838789187946063,0.01685727748529294
2025-05-20,v2_relative_alpha_calibrated_experts_sensitivity,risk_off,0.0,1.9490661517475263,1.9490661517475263,0.01,0.4703436166902213,0.0,0.0,2.0,0.0,['Risk_Off_Expert'],"['Coverage_Below_80_Cap', 'Weak_Regime_Cap']",2025-04-01,oos_isotonic,1908.0,0.23838789187946063,0.01685727748529294
2025-05-21,v2_relative_alpha_calibrated_experts_sensitivity,risk_off,0.0,1.9566030605025038,1.9566030605025038,0.01,0.4703436166902213,0.0,0.0,2.0,0.0,['Risk_Off_Expert'],"['Coverage_Below_80_Cap', 'Weak_Regime_Cap']",2025-04-01,oos_isotonic,1908.0,0.23838789187946063,0.01685727748529294
2025-05-22,v2_relative_alpha_calibrated_experts_sensitivity,risk_off,0.0,1.9603554790486009,1.9603554790486009,0.01,0.4703436166902213,0.0,0.0,0.0,0.0,['Risk_Off_Expert'],"['Risk_Above_55_Penalty', 'Coverage_Below_80_Cap', 'Weak_Regime_Cap']",2025-04-01,oos_isotonic,1908.0,0.23838789187946063,0.01685727748529294
2025-05-23,v2_relative_alpha_calibrated_experts_sensitivity,risk_off,0.0,1.9605658457842519,1.9605658457842519,0.01,0.4703436166902213,0.0,0.0,2.0,0.0,['Risk_Off_Expert'],"['Coverage_Below_80_Cap', 'Weak_Regime_Cap']",2025-04-01,oos_isotonic,1908.0,0.23838789187946063,0.01685727748529294
2025-05-27,v2_relative_alpha_calibrated_experts_sensitivity,risk_off,0.0,1.9615726389204773,1.9615726389204773,0.01,0.4703436166902213,0.0,0.0,2.0,0.0,['Risk_Off_Expert'],"['Coverage_Below_80_Cap', 'Weak_Regime_Cap']",2025-04-01,oos_isotonic,1908.0,0.23838789187946063,0.01685727748529294
2025-05-28,v2_relative_alpha_calibrated_experts_sensitivity,risk_off,0.0,1.9616962937373736,1.9616962937373736,0.01,0.4703436166902213,0.0,0.0,2.0,0.0,['Risk_Off_Expert'],"['Coverage_Below_80_Cap', 'Weak_Regime_Cap']",2025-04-01,oos_isotonic,1908.0,0.23838789187946063,0.01685727748529294
2025-05-29,v2_relative_alpha_calibrated_experts_sensitivity,risk_off,0.0,1.9651023981360896,1.9651023981360896,0.01,0.4703436166902213,0.0,0.0,0.0,0.0,['Risk_Off_Expert'],"['Risk_Above_55_Penalty', 'Coverage_Below_80_Cap', 'Weak_Regime_Cap']",2025-04-01,oos_isotonic,1908.0,0.23838789187946063,0.01685727748529294
2025-05-30,v2_relative_alpha_calibrated_experts_sensitivity,risk_off,0.0,1.9670196918828688,1.9670196918828688,0.01,0.4703436166902213,0.0,0.0,0.0,0.0,['Risk_Off_Expert'],"['Risk_Above_55_Penalty', 'Coverage_Below_80_Cap', 'Weak_Regime_Cap']",2025-04-01,oos_isotonic,1908.0,0.23838789187946063,0.01685727748529294
2025-06-02,v2_relative_alpha_calibrated_experts_sensitivity,risk_off,0.0,1.968383776385929,1.968383776385929,0.01,0.4667152157512252,0.0,0.0,0.0,0.0,['Risk_Off_Expert'],"['Risk_Above_55_Penalty', 'Coverage_Below_80_Cap', 'Weak_Regime_Cap']",2025-05-01,oos_isotonic,1929.0,0.23890986056684474,0.020115864227841423
2025-06-03,v2_relative_alpha_calibrated_experts_sensitivity,risk_off,0.0,1.9695065319322624,1.9695065319322624,0.01,0.4667152157512252,0.0,0.0,2.0,0.0,['Risk_Off_Expert'],"['Coverage_Below_80_Cap', 'Weak_Regime_Cap']",2025-05-01,oos_isotonic,1929.0,0.23890986056684474,0.020115864227841423
2025-06-04,v2_relative_alpha_calibrated_experts_sensitivity,risk_off,0.0,1.9721812669315262,1.9721812669315262,0.01,0.4667152157512252,0.0,0.0,2.0,0.0,['Risk_Off_Expert'],"['Coverage_Below_80_Cap', 'Weak_Regime_Cap']",2025-05-01,oos_isotonic,1929.0,0.23890986056684474,0.020115864227841423
2025-06-05,v2_relative_alpha_calibrated_experts_sensitivity,risk_off,0.0,1.975668922678783,1.975668922678783,0.01,0.4667152157512252,0.0,0.0,2.0,0.0,['Risk_Off_Expert'],"['Coverage_Below_80_Cap', 'Weak_Regime_Cap']",2025-05-01,oos_isotonic,1929.0,0.23890986056684474,0.020115864227841423
2025-06-06,v2_relative_alpha_calibrated_experts_sensitivity,risk_off,0.0,1.9785035736360497,1.9785035736360497,0.01,0.4667152157512252,0.0,0.0,2.0,0.0,['Risk_Off_Expert'],"['Coverage_Below_80_Cap', 'Weak_Regime_Cap']",2025-05-01,oos_isotonic,1929.0,0.23890986056684474,0.020115864227841423
2025-06-09,v2_relative_alpha_calibrated_experts_sensitivity,risk_off,0.0,1.9792986693907735,1.9792986693907735,0.01,0.4667152157512252,0.0,0.0,2.0,0.0,['Risk_Off_Expert'],"['Coverage_Below_80_Cap', 'Weak_Regime_Cap']",2025-05-01,oos_isotonic,1929.0,0.23890986056684474,0.020115864227841423
2025-06-10,v2_relative_alpha_calibrated_experts_sensitivity,risk_off,0.0,1.982249295432105,1.982249295432105,0.01,0.4667152157512252,0.0,0.0,4.0,0.0,['Risk_Off_Expert'],['Coverage_Below_80_Cap'],2025-05-01,oos_isotonic,1929.0,0.23890986056684474,0.020115864227841423
2025-06-11,v2_relative_alpha_calibrated_experts_sensitivity,risk_off,0.0,1.9831915854747066,1.9831915854747066,0.01,0.4667152157512252,0.0,0.0,4.0,0.0,['Risk_Off_Expert'],['Coverage_Below_80_Cap'],2025-05-01,oos_isotonic,1929.0,0.23890986056684474,0.020115864227841423
2025-06-12,v2_relative_alpha_calibrated_experts_sensitivity,risk_off,0.0,1.9801684545597824,1.9801684545597824,0.01,0.4667152157512252,0.0,0.0,4.0,0.0,['Risk_Off_Expert'],['Coverage_Below_80_Cap'],2025-05-01,oos_isotonic,1929.0,0.23890986056684474,0.020115864227841423
2025-06-13,v2_relative_alpha_calibrated_experts_sensitivity,risk_off,0.0,1.979538809023116,1.979538809023116,0.01,0.4667152157512252,0.0,0.0,4.0,0.0,['Risk_Off_Expert'],['Coverage_Below_80_Cap'],2025-05-01,oos_isotonic,1929.0,0.23890986056684474,0.020115864227841423
2025-06-16,v2_relative_alpha_calibrated_experts_sensitivity,risk_off,0.0,1.9756199981960014,1.9756199981960014,0.01,0.4667152157512252,0.0,0.0,4.0,0.0,['Risk_Off_Expert'],['Coverage_Below_80_Cap'],2025-05-01,oos_isotonic,1929.0,0.23890986056684474,0.020115864227841423
2025-06-17,v2_relative_alpha_calibrated_experts_sensitivity,risk_off,0.0,1.9742552689060353,1.9742552689060353,0.01,0.4667152157512252,0.0,0.0,4.0,0.0,['Risk_Off_Expert'],['Coverage_Below_80_Cap'],2025-05-01,oos_isotonic,1929.0,0.23890986056684474,0.020115864227841423
2025-06-18,v2_relative_alpha_calibrated_experts_sensitivity,risk_off,0.0,1.9711982980347935,1.9711982980347935,0.01,0.4667152157512252,0.0,0.0,4.0,0.0,['Risk_Off_Expert'],['Coverage_Below_80_Cap'],2025-05-01,oos_isotonic,1929.0,0.23890986056684474,0.020115864227841423
2025-06-20,v2_relative_alpha_calibrated_experts_sensitivity,risk_off,0.0,1.9659935682997483,1.9659935682997483,0.01,0.4667152157512252,0.0,0.0,4.0,0.0,['Risk_Off_Expert'],['Coverage_Below_80_Cap'],2025-05-01,oos_isotonic,1929.0,0.23890986056684474,0.020115864227841423
2025-06-23,v2_relative_alpha_calibrated_experts_sensitivity,trend,0.8211834196585989,1.9612549792579184,2.782438398916517,0.5702767130206702,0.5148923274770679,0.5453222153006885,0.0,4.0,0.0,"['No_Alpha_Tier', 'Expert_trend']",['Coverage_Below_80_Cap'],2025-05-01,oos_isotonic,1929.0,0.23890986056684474,0.020115864227841423
2025-06-24,v2_relative_alpha_calibrated_experts_sensitivity,trend,-1.039153301515756,1.9585543291905494,0.9194010276747935,0.4742765702755749,0.5148923274770679,0.45205775598999326,0.0,4.0,0.0,"['No_Alpha_Tier', 'Expert_trend']",['Coverage_Below_80_Cap'],2025-05-01,oos_isotonic,1929.0,0.23890986056684474,0.020115864227841423
2025-06-25,v2_relative_alpha_calibrated_experts_sensitivity,trend,-0.3389657828487127,1.9593003914046485,1.6203346085559358,0.5103592057458215,0.5148923274770679,0.49922904132338514,0.0,4.0,0.0,"['No_Alpha_Tier', 'Expert_trend']",['Coverage_Below_80_Cap'],2025-05-01,oos_isotonic,1929.0,0.23890986056684474,0.020115864227841423
2025-06-26,v2_relative_alpha_calibrated_experts_sensitivity,trend,-2.843368743290054,1.9614225901253834,-0.8819461531646703,0.4596189331753433,0.5148923274770679,0.4278337149700205,0.0,4.0,0.0,"['No_Alpha_Tier', 'Expert_trend']",['Coverage_Below_80_Cap'],2025-05-01,oos_isotonic,1929.0,0.23890986056684474,0.020115864227841423
2025-06-27,v2_relative_alpha_calibrated_experts_sensitivity,trend,-2.2712928130207852,1.9648374863969285,-0.3064553266238567,0.5569940365152946,0.5148923274770679,0.5138595074161169,0.0,3.0,0.0,"['No_Alpha_Tier', 'Expert_trend']","['Liquidity_Below_45_Penalty', 'Coverage_Below_80_Cap']",2025-05-01,oos_isotonic,1929.0,0.23890986056684474,0.020115864227841423
2025-06-30,v2_relative_alpha_calibrated_experts_sensitivity,trend,-1.4275340001335608,1.9680427605855704,0.5405087604520095,0.5887462357900682,0.5783785939306935,0.5401080353521622,0.0,3.0,0.0,"['No_Alpha_Tier', 'Expert_trend']","['Liquidity_Below_45_Penalty', 'Coverage_Below_80_Cap']",2025-05-01,oos_isotonic,1929.0,0.23890986056684474,0.020115864227841423
2025-07-01,v2_relative_alpha_calibrated_experts_sensitivity,trend,-2.0159919329698854,1.9715069482433911,-0.04448498472649429,0.3707086864103061,0.4914397126731657,0.32851533868591104,0.0,0.0,0.0,"['No_Alpha_Tier', 'Expert_trend']",['Hard_Risk_Cap_Zero'],2025-05-30,oos_isotonic,1949.0,0.2392191240235975,0.016226739423922918
2025-07-02,v2_relative_alpha_calibrated_experts_sensitivity,trend,-4.825409100100589,1.9764746380889047,-2.8489344620116843,0.22685299263120995,0.4827085298774668,0.2649940494113936,0.0,4.0,0.0,"['No_Alpha_Tier', 'Expert_trend']",['Coverage_Below_80_Cap'],2025-05-30,oos_isotonic,1949.0,0.2392191240235975,0.016226739423922918
2025-07-03,v2_relative_alpha_calibrated_experts_sensitivity,trend,-4.972076951642225,1.988088974340561,-2.983987977301664,0.22118117840271245,0.4827085298774668,0.24006877969495538,0.0,4.0,0.0,"['No_Alpha_Tier', 'Expert_trend']",['Coverage_Below_80_Cap'],2025-05-30,oos_isotonic,1949.0,0.2392191240235975,0.016226739423922918
2025-07-07,v2_relative_alpha_calibrated_experts_sensitivity,trend,-4.697049715889082,1.9997945507088826,-2.6972551651802,0.22779043539095023,0.4827085298774668,0.27135061492227125,0.0,4.0,0.0,"['No_Alpha_Tier', 'Expert_trend']",['Coverage_Below_80_Cap'],2025-05-30,oos_isotonic,1949.0,0.2392191240235975,0.016226739423922918
2025-07-08,v2_relative_alpha_calibrated_experts_sensitivity,trend,-2.970518436815354,-0.07709456246315724,-3.047612999278511,0.2907420549584727,0.4914397126731657,0.2941892354653394,0.0,3.0,0.0,"['No_Alpha_Tier', 'Expert_trend']","['Liquidity_Below_45_Penalty', 'Coverage_Below_80_Cap']",2025-05-30,oos_isotonic,1949.0,0.2392191240235975,0.016226739423922918
2025-07-09,v2_relative_alpha_calibrated_experts_sensitivity,trend,-4.150088567704952,-0.07742830494715594,-4.2275168726521075,0.24708380481965822,0.4827085298774668,0.24568002449398912,0.0,3.0,0.0,"['No_Alpha_Tier', 'Expert_trend']","['Liquidity_Below_45_Penalty', 'Coverage_Below_80_Cap']",2025-05-30,oos_isotonic,1949.0,0.2392191240235975,0.016226739423922918
2025-07-10,v2_relative_alpha_calibrated_experts_sensitivity,trend,-3.526125264091981,-0.07756565983168939,-3.6036909239236707,0.2672327664349517,0.4827085298774668,0.2685856787761778,0.0,0.0,0.0,"['No_Alpha_Tier', 'Expert_trend']",['Hard_Risk_Cap_Zero'],2025-05-30,oos_isotonic,1949.0,0.2392191240235975,0.016226739423922918
2025-07-11,v2_relative_alpha_calibrated_experts_sensitivity,trend,-3.217872759228646,-0.07797490022798219,-3.2958476594566286,0.3004776847222123,0.4914397126731657,0.28082145535118597,0.0,3.0,0.0,"['No_Alpha_Tier', 'Expert_trend']","['Liquidity_Below_45_Penalty', 'Coverage_Below_80_Cap']",2025-05-30,oos_isotonic,1949.0,0.2392191240235975,0.016226739423922918
2025-07-14,v2_relative_alpha_calibrated_experts_sensitivity,trend,-3.397260070380001,-0.07809430175451737,-3.475354372134518,0.30200545263430945,0.4914397126731657,0.2911054515151439,0.0,3.0,0.0,"['No_Alpha_Tier', 'Expert_trend']","['Liquidity_Below_45_Penalty', 'Coverage_Below_80_Cap']",2025-05-30,oos_isotonic,1949.0,0.2392191240235975,0.016226739423922918
2025-07-15,v2_relative_alpha_calibrated_experts_sensitivity,trend,-2.7748344811478662,2.0524325468009046,-0.7224019343469615,0.30209867151075065,0.4914397126731657,0.29565098848934335,0.0,0.0,0.0,"['No_Alpha_Tier', 'Expert_trend']",['Hard_Risk_Cap_Zero'],2025-05-30,oos_isotonic,1949.0,0.2392191240235975,0.016226739423922918
2025-07-16,v2_relative_alpha_calibrated_experts_sensitivity,trend,-2.7347912334744486,2.0634050295353363,-0.6713862039391123,0.31901593697689595,0.4914397126731657,0.30262816960569233,0.0,3.0,0.0,"['No_Alpha_Tier', 'Expert_trend']","['Liquidity_Below_45_Penalty', 'Coverage_Below_80_Cap']",2025-05-30,oos_isotonic,1949.0,0.2392191240235975,0.016226739423922918
2025-07-17,v2_relative_alpha_calibrated_experts_sensitivity,trend,-3.6529440754000775,2.0735037176852753,-1.5794403577148022,0.2982202837815781,0.4914397126731657,0.2937349495654932,0.0,0.0,0.0,"['No_Alpha_Tier', 'Expert_trend']",['Hard_Risk_Cap_Zero'],2025-05-30,oos_isotonic,1949.0,0.2392191240235975,0.016226739423922918
2025-07-18,v2_relative_alpha_calibrated_experts_sensitivity,trend,-3.0757335284246254,2.085715751428454,-0.9900177769961716,0.3010164910701453,0.4914397126731657,0.29270755577148055,0.0,4.0,0.0,"['No_Alpha_Tier', 'Expert_trend']","['Liquidity_Below_45_Penalty', 'Coverage_Below_80_Cap']",2025-05-30,oos_isotonic,1949.0,0.2392191240235975,0.016226739423922918
2025-07-21,v2_relative_alpha_calibrated_experts_sensitivity,trend,-3.7711230407658856,2.0950008902234245,-1.676122150542461,0.2629424279607493,0.4827085298774668,0.2715263702590341,0.0,4.0,0.0,"['No_Alpha_Tier', 'Expert_trend']","['Liquidity_Below_45_Penalty', 'Coverage_Below_80_Cap']",2025-05-30,oos_isotonic,1949.0,0.2392191240235975,0.016226739423922918
2025-07-22,v2_relative_alpha_calibrated_experts_sensitivity,trend,-2.8434481074058384,2.104417627729939,-0.7390304796758996,0.31577854128742416,0.4914397126731657,0.30773625017607165,0.0,4.0,0.0,"['No_Alpha_Tier', 'Expert_trend']","['Liquidity_Below_45_Penalty', 'Coverage_Below_80_Cap']",2025-05-30,oos_isotonic,1949.0,0.2392191240235975,0.016226739423922918
2025-07-23,v2_relative_alpha_calibrated_experts_sensitivity,trend,-3.000647187495639,2.1121821005825754,-0.8884650869130637,0.30068910580275127,0.4914397126731657,0.2931960438496386,0.0,3.0,0.0,"['No_Alpha_Tier', 'Expert_trend']","['Liquidity_Below_45_Penalty', 'Coverage_Below_80_Cap']",2025-05-30,oos_isotonic,1949.0,0.2392191240235975,0.016226739423922918
2025-07-24,v2_relative_alpha_calibrated_experts_sensitivity,trend,-5.0051528128190474,2.1184828200222183,-2.8866699927968296,0.25878384943038285,0.4827085298774668,0.2522851989335331,0.0,4.0,0.0,"['No_Alpha_Tier', 'Expert_trend']","['Liquidity_Below_45_Penalty', 'Coverage_Below_80_Cap']",2025-05-30,oos_isotonic,1949.0,0.2392191240235975,0.016226739423922918
2025-07-25,v2_relative_alpha_calibrated_experts_sensitivity,trend,-7.357352050902449,2.12349683003307,-5.23385522086938,0.14726793962773826,0.4827085298774668,0.19455478969666762,0.0,4.0,0.0,"['No_Alpha_Tier', 'Expert_trend']",['Coverage_Below_80_Cap'],2025-05-30,oos_isotonic,1949.0,0.2392191240235975,0.016226739423922918
2025-07-28,v2_relative_alpha_calibrated_experts_sensitivity,trend,-7.857808827986172,2.128482765788913,-5.729326062197259,0.13060081535263024,0.4827085298774668,0.18010742689126238,0.0,4.0,0.0,"['No_Alpha_Tier', 'Expert_trend']",['Coverage_Below_80_Cap'],2025-05-30,oos_isotonic,1949.0,0.2392191240235975,0.016226739423922918
2025-07-29,v2_relative_alpha_calibrated_experts_sensitivity,trend,-8.515299577304429,2.134958423792827,-6.380341153511601,0.12042499673508236,0.4827085298774668,0.169373256679968,0.0,4.0,0.0,"['No_Alpha_Tier', 'Expert_trend']",['Coverage_Below_80_Cap'],2025-05-30,oos_isotonic,1949.0,0.2392191240235975,0.016226739423922918
2025-07-30,v2_relative_alpha_calibrated_experts_sensitivity,trend,-8.985728066739023,2.1397047635832447,-6.846023303155778,0.09055525172476486,0.4827085298774668,0.15678386078912143,0.0,4.0,0.0,"['No_Alpha_Tier', 'Expert_trend']",['Coverage_Below_80_Cap'],2025-05-30,oos_isotonic,1949.0,0.2392191240235975,0.016226739423922918
2025-07-31,v2_relative_alpha_calibrated_experts_sensitivity,trend,-8.204796887407264,2.1425938074400483,-6.062203079967216,0.12581817229902265,0.4827085298774668,0.17390000565116143,0.0,4.0,0.0,"['No_Alpha_Tier', 'Expert_trend']",['Coverage_Below_80_Cap'],2025-05-30,oos_isotonic,1949.0,0.2392191240235975,0.016226739423922918
2025-08-01,v2_relative_alpha_calibrated_experts_sensitivity,pullback,-2.762824564276774,2.143372088411911,-0.619452475864863,0.31727243731767735,0.4950075098834084,0.3034194824117117,0.0,4.0,0.0,"['No_Alpha_Tier', 'Expert_pullback']",['Coverage_Below_80_Cap'],2025-07-02,oos_isotonic,1971.0,0.2396134336014771,0.01834842845015093
2025-08-04,v2_relative_alpha_calibrated_experts_sensitivity,trend,-2.8442557069192933,2.140877118896392,-0.7033785880229012,0.3760347008158832,0.4950075098834084,0.37515898442882734,0.0,4.0,0.0,"['No_Alpha_Tier', 'Expert_trend']",['Coverage_Below_80_Cap'],2025-07-02,oos_isotonic,1971.0,0.2396134336014771,0.01834842845015093
2025-08-05,v2_relative_alpha_calibrated_experts_sensitivity,trend,-2.514517643718421,2.141353252699255,-0.37316439101916615,0.39930714756451985,0.4950075098834084,0.3863462863442194,0.0,4.0,0.0,"['No_Alpha_Tier', 'Expert_trend']",['Coverage_Below_80_Cap'],2025-07-02,oos_isotonic,1971.0,0.2396134336014771,0.01834842845015093
2025-08-06,v2_relative_alpha_calibrated_experts_sensitivity,trend,-2.7902807352747954,2.1422467992722334,-0.6480339360025622,0.37329819444446416,0.4950075098834084,0.34771996003858346,0.0,4.0,0.0,"['No_Alpha_Tier', 'Expert_trend']",['Coverage_Below_80_Cap'],2025-07-02,oos_isotonic,1971.0,0.2396134336014771,0.01834842845015093
2025-08-07,v2_relative_alpha_calibrated_experts_sensitivity,trend,-3.442948126241865,2.1443746966735033,-1.2985734295683615,0.33180484692466883,0.4950075098834084,0.31431497175141243,0.0,4.0,0.0,"['No_Alpha_Tier', 'Expert_trend']",['Coverage_Below_80_Cap'],2025-07-02,oos_isotonic,1971.0,0.2396134336014771,0.01834842845015093
2025-08-08,v2_relative_alpha_calibrated_experts_sensitivity,trend,-1.8150666504769228,2.1426384777267096,0.32757182724978684,0.39928829171838753,0.4950075098834084,0.35336209866335955,0.0,4.0,0.0,"['No_Alpha_Tier', 'Expert_trend']",['Coverage_Below_80_Cap'],2025-07-02,oos_isotonic,1971.0,0.2396134336014771,0.01834842845015093
2025-08-11,v2_relative_alpha_calibrated_experts_sensitivity,trend,-5.961897189455233,2.140367436685005,-3.821529752770228,0.2558302049923826,0.4950075098834084,0.2450119712002205,0.0,4.0,0.0,"['No_Alpha_Tier', 'Expert_trend']",['Coverage_Below_80_Cap'],2025-07-02,oos_isotonic,1971.0,0.2396134336014771,0.01834842845015093
2025-08-12,v2_relative_alpha_calibrated_experts_sensitivity,trend,-7.249504315041105,2.137813331780951,-5.1116909832601545,0.22942186959126032,0.4950075098834084,0.2116938817693262,0.0,4.0,0.0,"['No_Alpha_Tier', 'Expert_trend']",['Coverage_Below_80_Cap'],2025-07-02,oos_isotonic,1971.0,0.2396134336014771,0.01834842845015093
2025-08-13,v2_relative_alpha_calibrated_experts_sensitivity,trend,-7.005740143876643,2.1379174947225166,-4.867822649154126,0.24025308798236006,0.4950075098834084,0.22634947292269533,0.0,4.0,0.0,"['No_Alpha_Tier', 'Expert_trend']",['Coverage_Below_80_Cap'],2025-07-02,oos_isotonic,1971.0,0.2396134336014771,0.01834842845015093
2025-08-14,v2_relative_alpha_calibrated_experts_sensitivity,trend,-8.845193448147096,2.1406729402848996,-6.704520507862196,0.20401271271511048,0.4950075098834084,0.19202011850626982,0.0,4.0,0.0,"['No_Alpha_Tier', 'Expert_trend']",['Coverage_Below_80_Cap'],2025-07-02,oos_isotonic,1971.0,0.2396134336014771,0.01834842845015093
2025-08-15,v2_relative_alpha_calibrated_experts_sensitivity,trend,-8.547952235895435,2.143302672228833,-6.404649563666603,0.2024385331610226,0.4950075098834084,0.20880356896789307,0.0,4.0,0.0,"['No_Alpha_Tier', 'Expert_trend']",['Coverage_Below_80_Cap'],2025-07-02,oos_isotonic,1971.0,0.2396134336014771,0.01834842845015093
2025-08-18,v2_relative_alpha_calibrated_experts_sensitivity,trend,-8.752227552145872,2.145045461528246,-6.607182090617626,0.18529476858375302,0.4950075098834084,0.1889847733223095,0.0,4.0,0.0,"['No_Alpha_Tier', 'Expert_trend']",['Coverage_Below_80_Cap'],2025-07-02,oos_isotonic,1971.0,0.2396134336014771,0.01834842845015093
2025-08-19,v2_relative_alpha_calibrated_experts_sensitivity,trend,-9.096172764915405,2.1448125869016335,-6.951360178013771,0.20212619108732335,0.4950075098834084,0.21624810527766294,0.0,4.0,0.0,"['No_Alpha_Tier', 'Expert_trend']",['Coverage_Below_80_Cap'],2025-07-02,oos_isotonic,1971.0,0.2396134336014771,0.01834842845015093
2025-08-20,v2_relative_alpha_calibrated_experts_sensitivity,pullback,-3.7138004390405954,2.1417256067003896,-1.5720748323402058,0.2616398474667156,0.4950075098834084,0.2792815513772289,0.0,4.0,0.0,"['No_Alpha_Tier', 'Expert_pullback']",['Coverage_Below_80_Cap'],2025-07-02,oos_isotonic,1971.0,0.2396134336014771,0.01834842845015093
2025-08-21,v2_relative_alpha_calibrated_experts_sensitivity,pullback,-2.870523418838199,1.0583791543188996,-1.8121442645192998,0.29755141367832283,0.4950075098834084,0.29105495039200724,0.0,4.0,0.0,"['No_Alpha_Tier', 'Expert_pullback']",['Coverage_Below_80_Cap'],2025-07-02,oos_isotonic,1971.0,0.2396134336014771,0.01834842845015093
2025-08-22,v2_relative_alpha_calibrated_experts_sensitivity,trend,-5.646572950903775,1.0602814726963556,-4.5862914782074204,0.23966365077646895,0.4950075098834084,0.2577060079922833,0.0,4.0,0.0,"['No_Alpha_Tier', 'Expert_trend']",['Coverage_Below_80_Cap'],2025-07-02,oos_isotonic,1971.0,0.2396134336014771,0.01834842845015093
2025-08-25,v2_relative_alpha_calibrated_experts_sensitivity,trend,-5.15451681846699,1.081329165497006,-4.073187652969985,0.2618971888282338,0.4950075098834084,0.2750930997657435,0.0,4.0,0.0,"['No_Alpha_Tier', 'Expert_trend']",['Coverage_Below_80_Cap'],2025-07-02,oos_isotonic,1971.0,0.2396134336014771,0.01834842845015093
2025-08-26,v2_relative_alpha_calibrated_experts_sensitivity,trend,-6.513284410077078,1.0926771722864028,-5.420607237790675,0.214796617307446,0.4950075098834084,0.22393964448119058,0.0,4.0,0.0,"['No_Alpha_Tier', 'Expert_trend']",['Coverage_Below_80_Cap'],2025-07-02,oos_isotonic,1971.0,0.2396134336014771,0.01834842845015093
2025-08-27,v2_relative_alpha_calibrated_experts_sensitivity,trend,-7.349608865012834,1.1118095178859597,-6.237799347126875,0.19962990023129545,0.4950075098834084,0.20960133319553537,0.0,4.0,0.0,"['No_Alpha_Tier', 'Expert_trend']",['Coverage_Below_80_Cap'],2025-07-02,oos_isotonic,1971.0,0.2396134336014771,0.01834842845015093
2025-08-28,v2_relative_alpha_calibrated_experts_sensitivity,trend,-8.13759362755987,1.1300858236888232,-7.0075078038710465,0.16548380465464008,0.4950075098834084,0.18164401612236464,0.0,4.0,0.0,"['No_Alpha_Tier', 'Expert_trend']",['Coverage_Below_80_Cap'],2025-07-02,oos_isotonic,1971.0,0.2396134336014771,0.01834842845015093
2025-08-29,v2_relative_alpha_calibrated_experts_sensitivity,trend,-7.6134001115072625,1.1628738837340165,-6.450526227773246,0.1301402545678447,0.4950075098834084,0.17168397753892795,0.0,4.0,0.0,"['No_Alpha_Tier', 'Expert_trend']","['Liquidity_Below_45_Penalty', 'Coverage_Below_80_Cap']",2025-07-02,oos_isotonic,1971.0,0.2396134336014771,0.01834842845015093
2025-09-02,v2_relative_alpha_calibrated_experts_sensitivity,pullback,-1.917019631059313,1.2050197395404785,-0.7119998915188348,0.3551789400610906,0.5044232862017017,0.30538123275789164,0.0,4.0,0.0,"['No_Alpha_Tier', 'Expert_pullback']","['Liquidity_Below_45_Penalty', 'Coverage_Below_80_Cap']",2025-08-01,oos_isotonic,1992.0,0.2398593388335315,0.020913044656930523
2025-09-03,v2_relative_alpha_calibrated_experts_sensitivity,trend,-0.7577686300415805,1.2113787607208153,0.45361013067923484,0.501465825563137,0.5177463563452623,0.4157863145258104,0.0,4.0,0.0,"['No_Alpha_Tier', 'Expert_trend']",['Coverage_Below_80_Cap'],2025-08-01,oos_isotonic,1992.0,0.2398593388335315,0.020913044656930523
2025-09-04,v2_relative_alpha_calibrated_experts_sensitivity,trend,-3.0256211733403804,1.2357273716024963,-1.789893801737884,0.3557044507636995,0.5044232862017017,0.30501200480192076,0.0,4.0,0.0,"['No_Alpha_Tier', 'Expert_trend']",['Coverage_Below_80_Cap'],2025-08-01,oos_isotonic,1992.0,0.2398593388335315,0.020913044656930523
2025-09-05,v2_relative_alpha_calibrated_experts_sensitivity,trend,0.39284420594765757,1.2555434746375327,1.64838768058519,0.5739568714424655,0.5725956457408582,0.47947178871548624,0.0,4.0,0.0,"['No_Alpha_Tier', 'Expert_trend']","['Liquidity_Below_45_Penalty', 'Coverage_Below_80_Cap']",2025-08-01,oos_isotonic,1992.0,0.2398593388335315,0.020913044656930523
2025-09-08,v2_relative_alpha_calibrated_experts_sensitivity,trend,0.6845269475089009,1.2722146415010749,1.9567415890099755,0.5868930623435111,0.5725956457408582,0.4942977190876351,0.0,4.0,0.0,"['No_Alpha_Tier', 'Expert_trend']","['Liquidity_Below_45_Penalty', 'Coverage_Below_80_Cap']",2025-08-01,oos_isotonic,1992.0,0.2398593388335315,0.020913044656930523
2025-09-09,v2_relative_alpha_calibrated_experts_sensitivity,trend,-0.026812587810236828,1.2842676548695307,1.2574550670592939,0.5350344674893507,0.5177463563452623,0.44156662665066027,0.0,4.0,0.0,"['No_Alpha_Tier', 'Expert_trend']","['Liquidity_Below_45_Penalty', 'Coverage_Below_80_Cap']",2025-08-01,oos_isotonic,1992.0,0.2398593388335315,0.020913044656930523
2025-09-10,v2_relative_alpha_calibrated_experts_sensitivity,trend,0.8620665965635023,1.3023121657067083,2.1643787622702106,0.6002494718549001,0.5812326227988879,0.5001500600240096,0.0,3.0,0.0,"['No_Alpha_Tier', 'Expert_trend']","['Liquidity_Below_45_Penalty', 'Coverage_Below_80_Cap']",2025-08-01,oos_isotonic,1992.0,0.2398593388335315,0.020913044656930523
2025-09-11,v2_relative_alpha_calibrated_experts_sensitivity,trend,0.42802315148186,1.3064432617807564,1.7344664132626162,0.5797689074127191,0.5725956457408582,0.4854441776710684,0.0,3.0,0.0,"['No_Alpha_Tier', 'Expert_trend']","['Liquidity_Below_45_Penalty', 'Coverage_Below_80_Cap']",2025-08-01,oos_isotonic,1992.0,0.2398593388335315,0.020913044656930523
2025-09-12,v2_relative_alpha_calibrated_experts_sensitivity,trend,0.4771229079671543,1.3166269621516828,1.793749870118837,0.5649944619716742,0.5177463563452623,0.4827731092436975,0.0,0.0,0.0,"['No_Alpha_Tier', 'Expert_trend']",['Hard_Risk_Cap_Zero'],2025-08-01,oos_isotonic,1992.0,0.2398593388335315,0.020913044656930523
2025-09-15,v2_relative_alpha_calibrated_experts_sensitivity,trend,-0.11721703073984814,1.333861974012663,1.2166449432728148,0.5340433100158632,0.5177463563452623,0.45891356542617046,0.0,0.0,0.0,"['No_Alpha_Tier', 'Expert_trend']",['Hard_Risk_Cap_Zero'],2025-08-01,oos_isotonic,1992.0,0.2398593388335315,0.020913044656930523
2025-09-16,v2_relative_alpha_calibrated_experts_sensitivity,trend,-0.39353400898540825,1.3665758947655648,0.9730418857801567,0.5159863895925005,0.5177463563452623,0.4458883553421369,0.0,0.0,0.0,"['No_Alpha_Tier', 'Expert_trend']",['Hard_Risk_Cap_Zero'],2025-08-01,oos_isotonic,1992.0,0.2398593388335315,0.020913044656930523
2025-09-17,v2_relative_alpha_calibrated_experts_sensitivity,trend,-0.34950145863557863,1.398007298526808,1.0485058398912293,0.5084432273835005,0.5177463563452623,0.46221488595438176,0.0,0.0,0.0,"['No_Alpha_Tier', 'Expert_trend']",['Hard_Risk_Cap_Zero'],2025-08-01,oos_isotonic,1992.0,0.2398593388335315,0.020913044656930523
2025-09-18,v2_relative_alpha_calibrated_experts_sensitivity,trend,-0.7668880859344639,1.440522786633283,0.6736347006988193,0.4821322296742222,0.5177463563452623,0.4331332533013206,0.0,0.0,0.0,"['No_Alpha_Tier', 'Expert_trend']",['Hard_Risk_Cap_Zero'],2025-08-01,oos_isotonic,1992.0,0.2398593388335315,0.020913044656930523
2025-09-19,v2_relative_alpha_calibrated_experts_sensitivity,trend,0.05302840462023438,1.4970388858576873,1.5500672904779216,0.5432720646254741,0.5177463563452623,0.4888055222088836,0.0,0.0,0.0,"['No_Alpha_Tier', 'Expert_trend']",['Hard_Risk_Cap_Zero'],2025-08-01,oos_isotonic,1992.0,0.2398593388335315,0.020913044656930523
2025-09-22,v2_relative_alpha_calibrated_experts_sensitivity,trend,0.08130662714928857,1.5643000457744007,1.6456066729236891,0.5520042543855895,0.5177463563452623,0.48844537815126055,0.0,0.0,0.0,"['No_Alpha_Tier', 'Expert_trend']",['Hard_Risk_Cap_Zero'],2025-08-01,oos_isotonic,1992.0,0.2398593388335315,0.020913044656930523
2025-09-23,v2_relative_alpha_calibrated_experts_sensitivity,trend,0.4755350244324025,1.6204251922701707,2.095960216702573,0.5783878428487188,0.5725956457408582,0.5126650660264106,0.0,0.0,0.0,"['No_Alpha_Tier', 'Expert_trend']",['Hard_Risk_Cap_Zero'],2025-08-01,oos_isotonic,1992.0,0.2398593388335315,0.020913044656930523
2025-09-24,v2_relative_alpha_calibrated_experts_sensitivity,trend,0.8897468444452253,1.6731079290777842,2.5628547735230094,0.5929395596335919,0.5812326227988879,0.538655462184874,0.0,0.0,0.0,"['No_Alpha_Tier', 'Expert_trend']",['Hard_Risk_Cap_Zero'],2025-08-01,oos_isotonic,1992.0,0.2398593388335315,0.020913044656930523
2025-09-25,v2_relative_alpha_calibrated_experts_sensitivity,trend,0.3701027432319001,1.7166557620067457,2.086758505238646,0.571022327100106,0.5276113957050785,0.49879951980792314,0.0,0.0,0.0,"['No_Alpha_Tier', 'Expert_trend']",['Hard_Risk_Cap_Zero'],2025-08-01,oos_isotonic,1992.0,0.2398593388335315,0.020913044656930523
2025-09-26,v2_relative_alpha_calibrated_experts_sensitivity,trend,-0.056787854082504335,1.7548702238556555,1.6980823697731513,0.5406685917359175,0.5177463563452623,0.449609843937575,0.0,0.0,0.0,"['No_Alpha_Tier', 'Expert_trend']",['Hard_Risk_Cap_Zero'],2025-08-01,oos_isotonic,1992.0,0.2398593388335315,0.020913044656930523
2025-09-29,v2_relative_alpha_calibrated_experts_sensitivity,trend,0.03605157748332485,1.7905625388217101,1.8266141163050351,0.553636717997364,0.5177463563452623,0.46818727490996404,0.0,0.0,0.0,"['No_Alpha_Tier', 'Expert_trend']",['Hard_Risk_Cap_Zero'],2025-08-01,oos_isotonic,1992.0,0.2398593388335315,0.020913044656930523
2025-09-30,v2_relative_alpha_calibrated_experts_sensitivity,trend,-0.266720947594344,1.8419792846477545,1.5752583370534103,0.5270783717477824,0.5177463563452623,0.4430972388955582,0.0,0.0,0.0,"['No_Alpha_Tier', 'Expert_trend']",['Hard_Risk_Cap_Zero'],2025-08-01,oos_isotonic,1992.0,0.2398593388335315,0.020913044656930523
2025-10-01,v2_relative_alpha_calibrated_experts_sensitivity,trend,-6.003228235459791,1.9030725895137213,-4.10015564594607,0.14552155335756356,0.5312859680456131,0.19402743011509843,0.0,0.0,0.0,"['No_Alpha_Tier', 'Expert_trend']",['Hard_Risk_Cap_Zero'],2025-09-02,oos_isotonic,2013.0,0.24186108100114415,0.03332169947599246
2025-10-02,v2_relative_alpha_calibrated_experts_sensitivity,trend,-7.709289027751062,1.9578628628358388,-5.751426164915223,0.09091001433865796,0.5312859680456131,0.16356617399138754,0.0,4.0,0.0,"['No_Alpha_Tier', 'Expert_trend']","['Liquidity_Below_45_Penalty', 'Coverage_Below_80_Cap']",2025-09-02,oos_isotonic,2013.0,0.24186108100114415,0.03332169947599246
2025-10-03,v2_relative_alpha_calibrated_experts_sensitivity,trend,-6.019732269751773,2.0068521783990345,-4.012880091352739,0.1480655147990912,0.5312859680456131,0.192367679077754,0.0,0.0,0.0,"['No_Alpha_Tier', 'Expert_trend']",['Hard_Risk_Cap_Zero'],2025-09-02,oos_isotonic,2013.0,0.24186108100114415,0.03332169947599246
2025-10-06,v2_relative_alpha_calibrated_experts_sensitivity,trend,-7.160981834868709,2.0489839571080846,-5.111997877760624,0.1021906096671729,0.5312859680456131,0.16079799040118176,0.0,0.0,0.0,"['No_Alpha_Tier', 'Expert_trend']",['Hard_Risk_Cap_Zero'],2025-09-02,oos_isotonic,2013.0,0.24186108100114415,0.03332169947599246
2025-10-07,v2_relative_alpha_calibrated_experts_sensitivity,trend,-6.5188715137495326,2.093240547091531,-4.4256309666580025,0.12228590923281,0.5312859680456131,0.18122677606066423,0.0,0.0,0.0,"['No_Alpha_Tier', 'Expert_trend']",['Hard_Risk_Cap_Zero'],2025-09-02,oos_isotonic,2013.0,0.24186108100114415,0.03332169947599246
2025-10-08,v2_relative_alpha_calibrated_experts_sensitivity,trend,-7.845809054626479,2.1285261069246033,-5.717282947701876,0.08137770328963093,0.5312859680456131,0.14953212055856407,0.0,0.0,0.0,"['No_Alpha_Tier', 'Expert_trend']",['Hard_Risk_Cap_Zero'],2025-09-02,oos_isotonic,2013.0,0.24186108100114415,0.03332169947599246
2025-10-09,v2_relative_alpha_calibrated_experts_sensitivity,trend,-6.998285250346388,2.174072381752331,-4.824212868594057,0.10256575123006256,0.5312859680456131,0.15866075126395823,0.0,0.0,0.0,"['No_Alpha_Tier', 'Expert_trend']",['Hard_Risk_Cap_Zero'],2025-09-02,oos_isotonic,2013.0,0.24186108100114415,0.03332169947599246
2025-10-10,v2_relative_alpha_calibrated_experts_sensitivity,pullback,-0.6106102839114306,2.3313203272441947,1.7207100433327644,0.49973402121665633,0.5312859680456131,0.3667203384850444,0.0,0.0,0.0,"['No_Alpha_Tier', 'Expert_pullback']",['Hard_Risk_Cap_Zero'],2025-09-02,oos_isotonic,2013.0,0.24186108100114415,0.03332169947599246
2025-10-13,v2_relative_alpha_calibrated_experts_sensitivity,trend,-8.73371062512422,2.21380586102231,-6.519904764101908,0.05416577234690291,0.5312859680456131,0.14220492518993744,0.0,0.0,0.0,"['No_Alpha_Tier', 'Expert_trend']",['Hard_Risk_Cap_Zero'],2025-09-02,oos_isotonic,2013.0,0.24186108100114415,0.03332169947599246
2025-10-14,v2_relative_alpha_calibrated_experts_sensitivity,pullback,-2.407967196453056,2.226793118719052,-0.18117407773400387,0.3884692481307221,0.5312859680456131,0.29455647293882586,0.0,0.0,0.0,"['No_Alpha_Tier', 'Expert_pullback']",['Hard_Risk_Cap_Zero'],2025-09-02,oos_isotonic,2013.0,0.24186108100114415,0.03332169947599246
2025-10-15,v2_relative_alpha_calibrated_experts_sensitivity,trend,-9.187987784177901,2.233439094393635,-6.954548689784265,0.050797309268197505,0.5312859680456131,0.1313082940955662,0.0,0.0,0.0,"['No_Alpha_Tier', 'Expert_trend']",['Hard_Risk_Cap_Zero'],2025-09-02,oos_isotonic,2013.0,0.24186108100114415,0.03332169947599246
2025-10-16,v2_relative_alpha_calibrated_experts_sensitivity,trend,-9.083315965972984,2.246773741879836,-6.836542224093148,0.08415643427940693,0.5312859680456131,0.1379355261912638,0.0,0.0,0.0,"['No_Alpha_Tier', 'Expert_trend']",['Hard_Risk_Cap_Zero'],2025-09-02,oos_isotonic,2013.0,0.24186108100114415,0.03332169947599246
2025-10-17,v2_relative_alpha_calibrated_experts_sensitivity,trend,-10.95051004783148,-0.759333575134325,-11.709843622965804,0.030425305942748948,0.5312859680456131,0.10629811745543045,0.0,0.0,0.0,"['No_Alpha_Tier', 'Expert_trend']",['Hard_Risk_Cap_Zero'],2025-09-02,oos_isotonic,2013.0,0.24186108100114415,0.03332169947599246
2025-10-20,v2_relative_alpha_calibrated_experts_sensitivity,trend,-10.49328191781005,-0.6375586637062819,-11.130840581516333,0.03904533012777051,0.5312859680456131,0.11187416376453346,0.0,0.0,0.0,"['No_Alpha_Tier', 'Expert_trend']",['Hard_Risk_Cap_Zero'],2025-09-02,oos_isotonic,2013.0,0.24186108100114415,0.03332169947599246
2025-10-21,v2_relative_alpha_calibrated_experts_sensitivity,trend,-10.245139686843649,-0.5024723962643516,-10.747612083108,0.04149207917435413,0.5312859680456131,0.12103707958139823,0.0,0.0,0.0,"['No_Alpha_Tier', 'Expert_trend']",['Hard_Risk_Cap_Zero'],2025-09-02,oos_isotonic,2013.0,0.24186108100114415,0.03332169947599246
2025-10-22,v2_relative_alpha_calibrated_experts_sensitivity,trend,-8.921698663018539,-0.3734003982988237,-9.295099061317362,0.07077957031280922,0.5312859680456131,0.15032726236876004,0.0,0.0,0.0,"['No_Alpha_Tier', 'Expert_trend']",['Hard_Risk_Cap_Zero'],2025-09-02,oos_isotonic,2013.0,0.24186108100114415,0.03332169947599246
2025-10-23,v2_relative_alpha_calibrated_experts_sensitivity,trend,-9.902463094939217,-0.26560573163069623,-10.168068826569913,0.04668808305773145,0.5312859680456131,0.1277103688422464,0.0,0.0,0.0,"['No_Alpha_Tier', 'Expert_trend']",['Hard_Risk_Cap_Zero'],2025-09-02,oos_isotonic,2013.0,0.24186108100114415,0.03332169947599246
2025-10-24,v2_relative_alpha_calibrated_experts_sensitivity,trend,-10.039265169214595,-0.1447169817236152,-10.18398215093821,0.04578210034123277,0.5312859680456131,0.12202607318151075,0.0,0.0,0.0,"['No_Alpha_Tier', 'Expert_trend']",['Hard_Risk_Cap_Zero'],2025-09-02,oos_isotonic,2013.0,0.24186108100114415,0.03332169947599246
2025-10-27,v2_relative_alpha_calibrated_experts_sensitivity,trend,-9.865755751000794,-0.0032605325560954718,-9.869016283556888,0.053608124939873686,0.5312859680456131,0.11835404983247072,0.0,0.0,0.0,"['No_Alpha_Tier', 'Expert_trend']",['Hard_Risk_Cap_Zero'],2025-09-02,oos_isotonic,2013.0,0.24186108100114415,0.03332169947599246
2025-10-28,v2_relative_alpha_calibrated_experts_sensitivity,trend,-9.150237471739594,0.1908680097426443,-8.959369461996952,0.06792162146569303,0.5312859680456131,0.1326211855868966,0.0,0.0,0.0,"['No_Alpha_Tier', 'Expert_trend']",['Hard_Risk_Cap_Zero'],2025-09-02,oos_isotonic,2013.0,0.24186108100114415,0.03332169947599246
2025-10-29,v2_relative_alpha_calibrated_experts_sensitivity,trend,-9.06844093547685,0.36734420588759914,-8.701096729589251,0.06818264728144885,0.5312859680456131,0.13159237900253445,0.0,0.0,0.0,"['No_Alpha_Tier', 'Expert_trend']",['Hard_Risk_Cap_Zero'],2025-09-02,oos_isotonic,2013.0,0.24186108100114415,0.03332169947599246
2025-10-30,v2_relative_alpha_calibrated_experts_sensitivity,trend,-5.637893720906877,0.5513987936315833,-5.086494927275294,0.16341880750497836,0.5312859680456131,0.2063501474726479,0.0,0.0,0.0,"['No_Alpha_Tier', 'Expert_trend']",['Hard_Risk_Cap_Zero'],2025-09-02,oos_isotonic,2013.0,0.24186108100114415,0.03332169947599246
2025-10-31,v2_relative_alpha_calibrated_experts_sensitivity,trend,-6.157397022441019,0.6801410837381703,-5.477255938702849,0.13615037215694042,0.5312859680456131,0.18612582075163442,0.0,0.0,0.0,"['No_Alpha_Tier', 'Expert_trend']",['Hard_Risk_Cap_Zero'],2025-09-02,oos_isotonic,2013.0,0.24186108100114415,0.03332169947599246
2025-11-03,v2_relative_alpha_calibrated_experts_sensitivity,trend,-4.67381796790209,0.8113185949306807,-3.862499372971409,0.28305326343050363,0.520316825030492,0.27578031212484994,0.0,0.0,0.0,"['No_Alpha_Tier', 'Expert_trend']",['Hard_Risk_Cap_Zero'],2025-10-03,oos_isotonic,2036.0,0.23993565693243551,0.019031988864881392
2025-11-04,v2_relative_alpha_calibrated_experts_sensitivity,pullback,-3.530815613525342,0.9305535364512414,-2.6002620770741007,0.3142608240461926,0.520316825030492,0.26179022129366136,0.0,0.0,0.0,"['No_Alpha_Tier', 'Expert_pullback']",['Hard_Risk_Cap_Zero'],2025-10-03,oos_isotonic,2036.0,0.23993565693243551,0.019031988864881392
2025-11-05,v2_relative_alpha_calibrated_experts_sensitivity,trend,-0.7277356157295903,1.015548029427165,0.2878124136975747,0.4350013415090879,0.5254299796642885,0.36014480792316933,0.0,0.0,0.0,"['No_Alpha_Tier', 'Expert_trend']",['Hard_Risk_Cap_Zero'],2025-10-03,oos_isotonic,2036.0,0.23993565693243551,0.019031988864881392
2025-11-06,v2_relative_alpha_calibrated_experts_sensitivity,pullback,-2.406402210785309,2.361766387820778,-0.04463582296453106,0.39852938006387534,0.520316825030492,0.29820161377471993,0.0,0.0,0.0,"['No_Alpha_Tier', 'Expert_pullback']",['Hard_Risk_Cap_Zero'],2025-10-03,oos_isotonic,2036.0,0.23993565693243551,0.019031988864881392
2025-11-07,v2_relative_alpha_calibrated_experts_sensitivity,pullback,-0.0869770838504297,2.3565796436657847,2.269602559815355,0.5468317420873652,0.5254299796642885,0.43142838274317696,0.0,0.0,0.0,"['No_Alpha_Tier', 'Expert_pullback']",['Hard_Risk_Cap_Zero'],2025-10-03,oos_isotonic,2036.0,0.23993565693243551,0.019031988864881392
2025-11-10,v2_relative_alpha_calibrated_experts_sensitivity,trend,1.9475610437088742,1.5157961304243013,3.4633571741331757,0.561000719673597,0.5254299796642885,0.46826230492196885,0.0,0.0,0.0,"['No_Alpha_Tier', 'Expert_trend']",['Hard_Risk_Cap_Zero'],2025-10-03,oos_isotonic,2036.0,0.23993565693243551,0.019031988864881392
2025-11-11,v2_relative_alpha_calibrated_experts_sensitivity,pullback,-1.330195830300895,1.2478520799581252,-0.0823437503427697,0.47339297455378304,0.5254299796642885,0.3882046756240769,0.0,0.0,0.0,"['No_Alpha_Tier', 'Expert_pullback']",['Hard_Risk_Cap_Zero'],2025-10-03,oos_isotonic,2036.0,0.23993565693243551,0.019031988864881392
2025-11-12,v2_relative_alpha_calibrated_experts_sensitivity,pullback,-1.2429862989995546,1.326330755040871,0.08334445604131646,0.4733786958946521,0.5254299796642885,0.3882046756240769,0.0,0.0,0.0,"['No_Alpha_Tier', 'Expert_pullback']",['Hard_Risk_Cap_Zero'],2025-10-03,oos_isotonic,2036.0,0.23993565693243551,0.019031988864881392
2025-11-13,v2_relative_alpha_calibrated_experts_sensitivity,pullback,1.6086648172844047,2.3513881664485856,3.9600529837329903,0.6207661384307698,0.615098595648694,0.534433497832691,0.0,0.0,0.0,"['No_Alpha_Tier', 'Expert_pullback']",['Hard_Risk_Cap_Zero'],2025-10-03,oos_isotonic,2036.0,0.23993565693243551,0.019031988864881392
2025-11-14,v2_relative_alpha_calibrated_experts_sensitivity,pullback,-0.2526889928319558,2.348359943252345,2.0956709504203896,0.5253430663837682,0.5254299796642885,0.43533644321169995,0.0,0.0,0.0,"['No_Alpha_Tier', 'Expert_pullback']",['Hard_Risk_Cap_Zero'],2025-10-03,oos_isotonic,2036.0,0.23993565693243551,0.019031988864881392
2025-11-17,v2_relative_alpha_calibrated_experts_sensitivity,pullback,0.18145580296155392,2.3433041440262055,2.5247599469877593,0.5479253573912221,0.5254299796642885,0.45580580670725124,0.0,0.0,0.0,"['No_Alpha_Tier', 'Expert_pullback']",['Hard_Risk_Cap_Zero'],2025-10-03,oos_isotonic,2036.0,0.23993565693243551,0.019031988864881392
2025-11-18,v2_relative_alpha_calibrated_experts_sensitivity,pullback,0.3099182613782837,5.304111775715876,5.61403003709416,0.5839724574677173,0.5745527866818323,0.4636972731529845,0.0,0.0,0.0,"['No_Alpha_Tier', 'Expert_pullback']",['Hard_Risk_Cap_Zero'],2025-10-03,oos_isotonic,2036.0,0.23993565693243551,0.019031988864881392
2025-11-19,v2_relative_alpha_calibrated_experts_sensitivity,pullback,0.5339547852461487,5.304111775715876,5.838066560962026,0.5802614882851761,0.5745527866818323,0.4853286384976526,0.0,0.0,0.0,"['No_Alpha_Tier', 'Expert_pullback']",['Hard_Risk_Cap_Zero'],2025-10-03,oos_isotonic,2036.0,0.23993565693243551,0.019031988864881392
2025-11-20,v2_relative_alpha_calibrated_experts_sensitivity,pullback,1.5125129943749172,5.304111775715876,6.816624770090794,0.6473487943047984,0.6225060030561013,0.5517077314698078,0.0,0.0,0.0,"['No_Alpha_Tier', 'Expert_pullback']",['Hard_Risk_Cap_Zero'],2025-10-03,oos_isotonic,2036.0,0.23993565693243551,0.019031988864881392
2025-11-21,v2_relative_alpha_calibrated_experts_sensitivity,pullback,0.6546943138589181,5.304111775715876,5.958806089574795,0.5848374195778973,0.5745527866818323,0.4943439837661948,0.0,0.0,0.0,"['No_Alpha_Tier', 'Expert_pullback']",['Hard_Risk_Cap_Zero'],2025-10-03,oos_isotonic,2036.0,0.23993565693243551,0.019031988864881392
2025-11-24,v2_relative_alpha_calibrated_experts_sensitivity,pullback,-1.602027457594575,5.304111775715876,3.7020843181213015,0.4973240100719324,0.5254299796642885,0.40660278808400274,0.0,0.0,0.0,"['No_Alpha_Tier', 'Expert_pullback']",['Hard_Risk_Cap_Zero'],2025-10-03,oos_isotonic,2036.0,0.23993565693243551,0.019031988864881392
2025-11-25,v2_relative_alpha_calibrated_experts_sensitivity,pullback,-1.8907749166193806,5.304111775715876,3.4133368590964954,0.48466214195507584,0.5254299796642885,0.4046678193628952,0.0,0.0,0.0,"['No_Alpha_Tier', 'Expert_pullback']",['Hard_Risk_Cap_Zero'],2025-10-03,oos_isotonic,2036.0,0.23993565693243551,0.019031988864881392
2025-11-26,v2_relative_alpha_calibrated_experts_sensitivity,pullback,-1.5270789814691628,5.304111775715876,3.777032794246714,0.5020372401878572,0.5254299796642885,0.4141094220909429,0.0,0.0,0.0,"['No_Alpha_Tier', 'Expert_pullback']",['Hard_Risk_Cap_Zero'],2025-10-03,oos_isotonic,2036.0,0.23993565693243551,0.019031988864881392
2025-11-28,v2_relative_alpha_calibrated_experts_sensitivity,pullback,-1.3215806739711558,1.5157961304243013,0.1942154564531456,0.5068464035993913,0.5254299796642885,0.4203198732034149,0.0,0.0,0.0,"['No_Alpha_Tier', 'Expert_pullback']",['Hard_Risk_Cap_Zero'],2025-10-03,oos_isotonic,2036.0,0.23993565693243551,0.019031988864881392
2025-12-01,v2_relative_alpha_calibrated_experts_sensitivity,pullback,-1.8121020899253868,1.5803116087206648,-0.231790481204722,0.416409207790866,0.5333134860142159,0.30347048393825615,0.0,0.0,0.0,"['No_Alpha_Tier', 'Expert_pullback']",['Hard_Risk_Cap_Zero'],2025-10-30,oos_isotonic,2055.0,0.24044836724429977,0.020050714074532693
2025-12-02,v2_relative_alpha_calibrated_experts_sensitivity,pullback,-1.6237212301663786,1.6036952125001669,-0.02002601766621162,0.43476540590686236,0.5333134860142159,0.30928765123070506,0.0,0.0,0.0,"['No_Alpha_Tier', 'Expert_pullback']",['Hard_Risk_Cap_Zero'],2025-10-30,oos_isotonic,2055.0,0.24044836724429977,0.020050714074532693
2025-12-03,v2_relative_alpha_calibrated_experts_sensitivity,trend,-5.1070067520981155,1.6302070492005696,-3.476799702897546,0.19668264001004893,0.5333134860142159,0.21438573243549333,0.0,0.0,0.0,"['No_Alpha_Tier', 'Expert_trend']",['Hard_Risk_Cap_Zero'],2025-10-30,oos_isotonic,2055.0,0.24044836724429977,0.020050714074532693
2025-12-04,v2_relative_alpha_calibrated_experts_sensitivity,pullback,-1.376681260698511,1.667606285844115,0.29092502514560387,0.4498386137334568,0.5333134860142159,0.31525865665415104,0.0,0.0,0.0,"['No_Alpha_Tier', 'Expert_pullback']",['Hard_Risk_Cap_Zero'],2025-10-30,oos_isotonic,2055.0,0.24044836724429977,0.020050714074532693
2025-12-05,v2_relative_alpha_calibrated_experts_sensitivity,trend,-3.542734185047052,1.6994992818146561,-1.843234903232396,0.2602819224244285,0.5333134860142159,0.2500203872372731,0.0,0.0,0.0,"['No_Alpha_Tier', 'Expert_trend']",['Hard_Risk_Cap_Zero'],2025-10-30,oos_isotonic,2055.0,0.24044836724429977,0.020050714074532693
2025-12-08,v2_relative_alpha_calibrated_experts_sensitivity,trend,-3.3420381940216597,1.734586146554177,-1.607452047467483,0.2819202148587791,0.5333134860142159,0.2637133332953644,0.0,0.0,0.0,"['No_Alpha_Tier', 'Expert_trend']",['Hard_Risk_Cap_Zero'],2025-10-30,oos_isotonic,2055.0,0.24044836724429977,0.020050714074532693
2025-12-09,v2_relative_alpha_calibrated_experts_sensitivity,trend,-1.8898360902288314,1.7641945293141,-0.12564156091473128,0.36463034474634515,0.5333134860142159,0.33201889969669107,0.0,0.0,0.0,"['No_Alpha_Tier', 'Expert_trend']",['Hard_Risk_Cap_Zero'],2025-10-30,oos_isotonic,2055.0,0.24044836724429977,0.020050714074532693
2025-12-10,v2_relative_alpha_calibrated_experts_sensitivity,trend,-1.7720214206432845,1.7877780168405621,0.01575659619727776,0.37404566762755515,0.5333134860142159,0.33874121413433556,0.0,0.0,0.0,"['No_Alpha_Tier', 'Expert_trend']",['Hard_Risk_Cap_Zero'],2025-10-30,oos_isotonic,2055.0,0.24044836724429977,0.020050714074532693
2025-12-11,v2_relative_alpha_calibrated_experts_sensitivity,trend,-0.20682337288111285,1.8140436564698685,1.6072202835887557,0.45556079502774716,0.5333134860142159,0.42014650334095455,0.0,0.0,0.0,"['No_Alpha_Tier', 'Expert_trend']",['Hard_Risk_Cap_Zero'],2025-10-30,oos_isotonic,2055.0,0.24044836724429977,0.020050714074532693
2025-12-12,v2_relative_alpha_calibrated_experts_sensitivity,pullback,-0.5201001696429572,2.3420113041927775,1.8219111345498202,0.49555396915891925,0.5333134860142159,0.347569879015436,0.0,0.0,0.0,"['No_Alpha_Tier', 'Expert_pullback']",['Hard_Risk_Cap_Zero'],2025-10-30,oos_isotonic,2055.0,0.24044836724429977,0.020050714074532693
2025-12-15,v2_relative_alpha_calibrated_experts_sensitivity,pullback,0.41903299688031137,2.3456961633344666,2.764729160214778,0.5507997854648677,0.5333134860142159,0.4250547559449312,0.0,0.0,0.0,"['No_Alpha_Tier', 'Expert_pullback']",['Hard_Risk_Cap_Zero'],2025-10-30,oos_isotonic,2055.0,0.24044836724429977,0.020050714074532693
2025-12-16,v2_relative_alpha_calibrated_experts_sensitivity,pullback,0.949326069822304,2.349846613003583,3.299172682825887,0.5763917106841159,0.5751773594570367,0.4496871088861077,0.0,0.0,0.0,"['No_Alpha_Tier', 'Expert_pullback']",['Hard_Risk_Cap_Zero'],2025-10-30,oos_isotonic,2055.0,0.24044836724429977,0.020050714074532693
2025-12-17,v2_relative_alpha_calibrated_experts_sensitivity,pullback,2.8473958664987644,2.3503515914367443,5.197747457935509,0.6782939859053432,0.6240194647201946,0.5467876512307052,0.0,0.0,0.0,"['No_Alpha_Tier', 'Expert_pullback']",['Hard_Risk_Cap_Zero'],2025-10-30,oos_isotonic,2055.0,0.24044836724429977,0.020050714074532693
2025-12-18,v2_relative_alpha_calibrated_experts_sensitivity,pullback,1.2294103437535633,2.346084399984681,3.5754947437382443,0.5905849575905835,0.5920194647201946,0.4658635794743429,0.0,0.0,0.0,"['No_Alpha_Tier', 'Expert_pullback']",['Hard_Risk_Cap_Zero'],2025-10-30,oos_isotonic,2055.0,0.24044836724429977,0.020050714074532693
2025-12-19,v2_relative_alpha_calibrated_experts_sensitivity,pullback,1.8599702591025737,-0.3849532545496364,1.4750170045529374,0.6183785335673602,0.6157231684238984,0.5110841677096372,0.0,0.0,0.0,"['No_Alpha_Tier', 'Expert_pullback']",['Hard_Risk_Cap_Zero'],2025-10-30,oos_isotonic,2055.0,0.24044836724429977,0.020050714074532693
2025-12-22,v2_relative_alpha_calibrated_experts_sensitivity,pullback,1.447421537973456,-0.3849532545496364,1.0624682834238195,0.5880506871352111,0.5920194647201946,0.5001434084272007,0.0,4.0,0.0,"['No_Alpha_Tier', 'Expert_pullback']","['Liquidity_Below_45_Penalty', 'Coverage_Below_80_Cap']",2025-10-30,oos_isotonic,2055.0,0.24044836724429977,0.020050714074532693
2025-12-23,v2_relative_alpha_calibrated_experts_sensitivity,pullback,1.3812746095642008,-0.3849532545496364,0.9963213550145643,0.5870263109916225,0.5751773594570367,0.49930120984564047,0.0,4.0,0.0,"['No_Alpha_Tier', 'Expert_pullback']","['Liquidity_Below_45_Penalty', 'Coverage_Below_80_Cap']",2025-10-30,oos_isotonic,2055.0,0.24044836724429977,0.020050714074532693
2025-12-24,v2_relative_alpha_calibrated_experts_sensitivity,trend,1.0825874985073272,-0.3849532545496364,0.6976342439576908,0.5580788304586897,0.5333134860142159,0.5135916005004313,0.0,4.0,0.0,"['No_Alpha_Tier', 'Expert_trend']","['Liquidity_Below_45_Penalty', 'Coverage_Below_80_Cap']",2025-10-30,oos_isotonic,2055.0,0.24044836724429977,0.020050714074532693
2025-12-26,v2_relative_alpha_calibrated_experts_sensitivity,trend,0.05431767843661391,-0.3849532545496364,-0.33063557611302247,0.49485741728219323,0.5333134860142159,0.4295967841110754,0.0,4.0,0.0,"['No_Alpha_Tier', 'Expert_trend']","['Liquidity_Below_45_Penalty', 'Coverage_Below_80_Cap']",2025-10-30,oos_isotonic,2055.0,0.24044836724429977,0.020050714074532693
2025-12-29,v2_relative_alpha_calibrated_experts_sensitivity,pullback,1.2373591640873796,-0.3472520163387936,0.890107147748586,0.5806978684506636,0.5751773594570367,0.47788902795160626,0.0,4.0,0.0,"['No_Alpha_Tier', 'Expert_pullback']","['Liquidity_Below_45_Penalty', 'Coverage_Below_80_Cap']",2025-10-30,oos_isotonic,2055.0,0.24044836724429977,0.020050714074532693
2025-12-30,v2_relative_alpha_calibrated_experts_sensitivity,pullback,0.09149505970634164,-0.3146116810545495,-0.22311662134820784,0.5223526847592761,0.5333134860142159,0.3461827284105131,0.0,4.0,0.0,"['No_Alpha_Tier', 'Expert_pullback']",['Coverage_Below_80_Cap'],2025-10-30,oos_isotonic,2055.0,0.24044836724429977,0.020050714074532693
2025-12-31,v2_relative_alpha_calibrated_experts_sensitivity,pullback,0.5750205938991595,2.311940017303028,2.886960611202187,0.5515220629452434,0.5333134860142159,0.36443471005423445,0.0,4.0,0.0,"['No_Alpha_Tier', 'Expert_pullback']",['Coverage_Below_80_Cap'],2025-10-30,oos_isotonic,2055.0,0.24044836724429977,0.020050714074532693
2026-01-02,v2_relative_alpha_calibrated_experts_sensitivity,pullback,0.20053189518953063,2.3102862134156434,2.510818108605174,0.5296611271793041,0.5361284534493056,0.42045976664046913,0.0,4.0,0.0,"['No_Alpha_Tier', 'Expert_pullback']","['Liquidity_Below_45_Penalty', 'Coverage_Below_80_Cap']",2025-12-02,oos_isotonic,2077.0,0.23990569312940477,0.01904972802306644
2026-01-05,v2_relative_alpha_calibrated_experts_sensitivity,pullback,-0.7759444748531155,-0.22991034660868073,-1.0058548214617962,0.4484862245566504,0.528459006608159,0.3221831358442658,0.0,4.0,0.0,"['No_Alpha_Tier', 'Expert_pullback']",['Coverage_Below_80_Cap'],2025-12-02,oos_isotonic,2077.0,0.23990569312940477,0.01904972802306644
2026-01-06,v2_relative_alpha_calibrated_experts_sensitivity,trend,0.29969517899918363,-0.22991034660868073,0.06978483239050287,0.5851073227119263,0.592084737602311,0.4850309853182412,0.0,4.0,0.0,"['No_Alpha_Tier', 'Expert_trend']",['Coverage_Below_80_Cap'],2025-12-02,oos_isotonic,2077.0,0.23990569312940477,0.01904972802306644
2026-01-07,v2_relative_alpha_calibrated_experts_sensitivity,trend,-0.7631557538110224,1.7854417535383804,1.0222859997273581,0.5204113324309448,0.5361284534493056,0.4323790066099533,0.0,4.0,0.0,"['No_Alpha_Tier', 'Expert_trend']",['Coverage_Below_80_Cap'],2025-12-02,oos_isotonic,2077.0,0.23990569312940477,0.01904972802306644
2026-01-08,v2_relative_alpha_calibrated_experts_sensitivity,pullback,-1.4640465364425685,1.7818386850059733,0.3177921485634047,0.4083441267388889,0.5255678836697267,0.2930570249682607,0.0,4.0,0.0,"['No_Alpha_Tier', 'Expert_pullback']",['Coverage_Below_80_Cap'],2025-12-02,oos_isotonic,2077.0,0.23990569312940477,0.01904972802306644
2026-01-09,v2_relative_alpha_calibrated_experts_sensitivity,trend,-1.2047226665613946,1.7778512626628482,0.5731285961014536,0.4747820769975321,0.528459006608159,0.3817146325344602,0.0,4.0,0.0,"['No_Alpha_Tier', 'Expert_trend']",['Coverage_Below_80_Cap'],2025-12-02,oos_isotonic,2077.0,0.23990569312940477,0.01904972802306644
2026-01-12,v2_relative_alpha_calibrated_experts_sensitivity,trend,-1.8619251763207803,1.7869556043032668,-0.0749695720175133,0.41629658552298293,0.5255678836697267,0.3275065064208672,0.0,4.0,0.0,"['No_Alpha_Tier', 'Expert_trend']",['Coverage_Below_80_Cap'],2025-12-02,oos_isotonic,2077.0,0.23990569312940477,0.01904972802306644
2026-01-13,v2_relative_alpha_calibrated_experts_sensitivity,trend,-1.9149802281393582,1.7940677473904252,-0.12091248074893313,0.4169090066483012,0.5255678836697267,0.3189884266922584,0.0,4.0,0.0,"['No_Alpha_Tier', 'Expert_trend']",['Coverage_Below_80_Cap'],2025-12-02,oos_isotonic,2077.0,0.23990569312940477,0.01904972802306644
2026-01-14,v2_relative_alpha_calibrated_experts_sensitivity,pullback,-2.379966527338442,1.3232576254257462,-1.0567089019126956,0.32903234551862154,0.5255678836697267,0.26117450577353246,0.0,4.0,0.0,"['No_Alpha_Tier', 'Expert_pullback']",['Coverage_Below_80_Cap'],2025-12-02,oos_isotonic,2077.0,0.23990569312940477,0.01904972802306644
2026-01-15,v2_relative_alpha_calibrated_experts_sensitivity,pullback,-2.7087993491877413,1.3437086448124982,-1.365090704375243,0.3033847643603946,0.5255678836697267,0.25033439634846744,0.0,4.0,0.0,"['No_Alpha_Tier', 'Expert_pullback']",['Coverage_Below_80_Cap'],2025-12-02,oos_isotonic,2077.0,0.23990569312940477,0.01904972802306644
2026-01-16,v2_relative_alpha_calibrated_experts_sensitivity,pullback,-2.690975096682284,1.3585975249625586,-1.3323775717197255,0.30368795812333316,0.5255678836697267,0.24135217036454873,0.0,4.0,0.0,"['No_Alpha_Tier', 'Expert_pullback']",['Coverage_Below_80_Cap'],2025-12-02,oos_isotonic,2077.0,0.23990569312940477,0.01904972802306644
2026-01-20,v2_relative_alpha_calibrated_experts_sensitivity,pullback,-1.6107815940485732,2.3629943612303244,0.7522127671817511,0.37521819145670476,0.5255678836697267,0.2809201378393084,0.0,4.0,0.0,"['No_Alpha_Tier', 'Expert_pullback']",['Coverage_Below_80_Cap'],2025-12-02,oos_isotonic,2077.0,0.23990569312940477,0.01904972802306644
2026-01-21,v2_relative_alpha_calibrated_experts_sensitivity,pullback,-2.68879039497525,1.3703329591861457,-1.318457435789104,0.30462223833348834,0.5255678836697267,0.2467093132216916,0.0,4.0,0.0,"['No_Alpha_Tier', 'Expert_pullback']",['Coverage_Below_80_Cap'],2025-12-02,oos_isotonic,2077.0,0.23990569312940477,0.01904972802306644
2026-01-22,v2_relative_alpha_calibrated_experts_sensitivity,pullback,-2.0464026118965526,1.3756553952621586,-0.6707472166343943,0.33311885658253954,0.5255678836697267,0.2661617344779639,0.0,4.0,0.0,"['No_Alpha_Tier', 'Expert_pullback']",['Coverage_Below_80_Cap'],2025-12-02,oos_isotonic,2077.0,0.23990569312940477,0.01904972802306644
2026-01-23,v2_relative_alpha_calibrated_experts_sensitivity,trend,-1.8032607903352509,1.3824823071383794,-0.4207784831968717,0.3812061320227347,0.5255678836697267,0.31335824929852174,0.0,4.0,0.0,"['No_Alpha_Tier', 'Expert_trend']",['Coverage_Below_80_Cap'],2025-12-02,oos_isotonic,2077.0,0.23990569312940477,0.01904972802306644
2026-01-26,v2_relative_alpha_calibrated_experts_sensitivity,trend,-1.781026907470776,1.388080024223375,-0.392946883247401,0.38722383391202453,0.5255678836697267,0.31272840668013213,0.0,4.0,0.0,"['No_Alpha_Tier', 'Expert_trend']",['Coverage_Below_80_Cap'],2025-12-02,oos_isotonic,2077.0,0.23990569312940477,0.01904972802306644
2026-01-27,v2_relative_alpha_calibrated_experts_sensitivity,trend,-2.849101030877512,1.3873233253898194,-1.461777705487693,0.3025374947722212,0.5255678836697267,0.2693021235916187,0.0,4.0,0.0,"['No_Alpha_Tier', 'Expert_trend']",['Coverage_Below_80_Cap'],2025-12-02,oos_isotonic,2077.0,0.23990569312940477,0.01904972802306644
2026-01-28,v2_relative_alpha_calibrated_experts_sensitivity,trend,-2.4181580773167144,1.3929886961145885,-1.0251693812021256,0.3277062795373168,0.5255678836697267,0.2805471035112974,0.0,4.0,0.0,"['No_Alpha_Tier', 'Expert_trend']",['Coverage_Below_80_Cap'],2025-12-02,oos_isotonic,2077.0,0.23990569312940477,0.01904972802306644
2026-01-29,v2_relative_alpha_calibrated_experts_sensitivity,trend,-1.6364103879656164,1.4049620478054536,-0.23144834016016297,0.39312546551693145,0.5255678836697267,0.316067325802128,0.0,4.0,0.0,"['No_Alpha_Tier', 'Expert_trend']",['Coverage_Below_80_Cap'],2025-12-02,oos_isotonic,2077.0,0.23990569312940477,0.01904972802306644
2026-01-30,v2_relative_alpha_calibrated_experts_sensitivity,trend,0.422907631174182,1.4083191854846067,1.8312268166587888,0.5342512976888005,0.5361284534493056,0.4359353747190058,0.0,4.0,0.0,"['No_Alpha_Tier', 'Expert_trend']",['Coverage_Below_80_Cap'],2025-12-02,oos_isotonic,2077.0,0.23990569312940477,0.01904972802306644
2026-02-02,v2_relative_alpha_calibrated_experts_sensitivity,trend,0.07790322793678303,1.3973723903769524,1.4752756183137354,0.501650495592806,0.5381518110758641,0.40702500977071754,0.0,4.0,0.0,"['No_Alpha_Tier', 'Expert_trend']",['Coverage_Below_80_Cap'],2025-12-31,oos_isotonic,2097.0,0.24060303801203684,0.02293742410401577
2026-02-03,v2_relative_alpha_calibrated_experts_sensitivity,pullback,-1.8010137256712782,1.4023762590934807,-0.39863746657779753,0.33510771446395143,0.5342302424484131,0.2654128607964925,0.0,4.0,0.0,"['No_Alpha_Tier', 'Expert_pullback']",['Coverage_Below_80_Cap'],2025-12-31,oos_isotonic,2097.0,0.24060303801203684,0.02293742410401577
2026-02-04,v2_relative_alpha_calibrated_experts_sensitivity,pullback,-0.3929048155993934,2.5099561366959504,2.117051321096557,0.42577583017244536,0.5342302424484131,0.32539520155888446,0.0,4.0,0.0,"['No_Alpha_Tier', 'Expert_pullback']",['Coverage_Below_80_Cap'],2025-12-31,oos_isotonic,2097.0,0.24060303801203684,0.02293742410401577
2026-02-05,v2_relative_alpha_calibrated_experts_sensitivity,pullback,0.6253869522272208,2.5161297418918918,3.1415166941191126,0.48837418597988713,0.5342302424484131,0.358334855681403,0.0,4.0,0.0,"['No_Alpha_Tier', 'Expert_pullback']",['Coverage_Below_80_Cap'],2025-12-31,oos_isotonic,2097.0,0.24060303801203684,0.02293742410401577
2026-02-06,v2_relative_alpha_calibrated_experts_sensitivity,pullback,0.3679313923192725,2.5195343238375534,2.8874657161568256,0.546639644899501,0.5381518110758641,0.3896874619412983,0.0,2.0,0.0,"['No_Alpha_Tier', 'Expert_pullback']","['Coverage_Below_80_Cap', 'VIX_Backwardation_Cap']",2025-12-31,oos_isotonic,2097.0,0.24060303801203684,0.02293742410401577
2026-02-09,v2_relative_alpha_calibrated_experts_sensitivity,pullback,-0.8806942680645614,1.3494111210125896,0.4687168529480281,0.40305323515243563,0.5342302424484131,0.30584048836926075,0.0,4.0,0.0,"['No_Alpha_Tier', 'Expert_pullback']",['Coverage_Below_80_Cap'],2025-12-31,oos_isotonic,2097.0,0.24060303801203684,0.02293742410401577
2026-02-10,v2_relative_alpha_calibrated_experts_sensitivity,pullback,-0.655484141759443,2.5395412555333325,1.8840571137738897,0.42491952101219,0.5342302424484131,0.3163026732432103,0.0,4.0,0.0,"['No_Alpha_Tier', 'Expert_pullback']",['Coverage_Below_80_Cap'],2025-12-31,oos_isotonic,2097.0,0.24060303801203684,0.02293742410401577
2026-02-11,v2_relative_alpha_calibrated_experts_sensitivity,pullback,-1.3110793104984437,2.551095657519035,1.2400163470205912,0.3928795576612547,0.5342302424484131,0.29849394105468274,0.0,4.0,0.0,"['No_Alpha_Tier', 'Expert_pullback']",['Coverage_Below_80_Cap'],2025-12-31,oos_isotonic,2097.0,0.24060303801203684,0.02293742410401577
2026-02-12,v2_relative_alpha_calibrated_experts_sensitivity,pullback,-0.5044448721981372,2.5605232363912016,2.0560783641930644,0.44615484155548807,0.5342302424484131,0.32638183534283277,0.0,4.0,0.0,"['No_Alpha_Tier', 'Expert_pullback']",['Coverage_Below_80_Cap'],2025-12-31,oos_isotonic,2097.0,0.24060303801203684,0.02293742410401577
2026-02-13,v2_relative_alpha_calibrated_experts_sensitivity,pullback,-1.9769723985750183,2.567577543861509,0.5906051452864911,0.3388980388864349,0.5342302424484131,0.2781075691146023,0.0,4.0,0.0,"['No_Alpha_Tier', 'Expert_pullback']",['Coverage_Below_80_Cap'],2025-12-31,oos_isotonic,2097.0,0.24060303801203684,0.02293742410401577
2026-02-17,v2_relative_alpha_calibrated_experts_sensitivity,pullback,-1.0880925303652818,2.5773047632499755,1.4892122328846937,0.3977175409826387,0.5342302424484131,0.31146815247838266,0.0,4.0,0.0,"['No_Alpha_Tier', 'Expert_pullback']",['Coverage_Below_80_Cap'],2025-12-31,oos_isotonic,2097.0,0.24060303801203684,0.02293742410401577
2026-02-18,v2_relative_alpha_calibrated_experts_sensitivity,pullback,-0.4053734654791593,2.587288143298103,2.1819146778189435,0.43326141312298144,0.5342302424484131,0.3224135306296432,0.0,4.0,0.0,"['No_Alpha_Tier', 'Expert_pullback']",['Coverage_Below_80_Cap'],2025-12-31,oos_isotonic,2097.0,0.24060303801203684,0.02293742410401577
2026-02-19,v2_relative_alpha_calibrated_experts_sensitivity,pullback,-1.3031722403194026,2.6006807970419867,1.297508556722584,0.37473203872117633,0.5342302424484131,0.2967581597856534,0.0,4.0,0.0,"['No_Alpha_Tier', 'Expert_pullback']",['Coverage_Below_80_Cap'],2025-12-31,oos_isotonic,2097.0,0.24060303801203684,0.02293742410401577
2026-02-20,v2_relative_alpha_calibrated_experts_sensitivity,pullback,-1.3868257288373251,2.6148729424817057,1.2280472136443805,0.3696473470643509,0.5342302424484131,0.2927140421385946,0.0,4.0,0.0,"['No_Alpha_Tier', 'Expert_pullback']",['Coverage_Below_80_Cap'],2025-12-31,oos_isotonic,2097.0,0.24060303801203684,0.02293742410401577
2026-02-23,v2_relative_alpha_calibrated_experts_sensitivity,pullback,-0.6166497939086217,2.6263390098749233,2.0096892159663016,0.4261477551795417,0.5342302424484131,0.3181657228108635,0.0,4.0,0.0,"['No_Alpha_Tier', 'Expert_pullback']",['Coverage_Below_80_Cap'],2025-12-31,oos_isotonic,2097.0,0.24060303801203684,0.02293742410401577
2026-02-24,v2_relative_alpha_calibrated_experts_sensitivity,pullback,-0.9312223778392152,2.6317003513962645,1.700477973557049,0.40204774023888007,0.5342302424484131,0.3100774875167458,0.0,4.0,0.0,"['No_Alpha_Tier', 'Expert_pullback']",['Coverage_Below_80_Cap'],2025-12-31,oos_isotonic,2097.0,0.24060303801203684,0.02293742410401577
2026-02-25,v2_relative_alpha_calibrated_experts_sensitivity,pullback,-1.529999531068996,1.1934544542646708,-0.3365450768043253,0.3680728285711876,0.5342302424484131,0.307220344659603,0.0,4.0,0.0,"['No_Alpha_Tier', 'Expert_pullback']",['Coverage_Below_80_Cap'],2025-12-31,oos_isotonic,2097.0,0.24060303801203684,0.02293742410401577
2026-02-26,v2_relative_alpha_calibrated_experts_sensitivity,pullback,-0.13160230053253863,2.6501674970703806,2.5185651965378417,0.44958298110153727,0.5342302424484131,0.33053967239069537,0.0,4.0,0.0,"['No_Alpha_Tier', 'Expert_pullback']",['Coverage_Below_80_Cap'],2025-12-31,oos_isotonic,2097.0,0.24060303801203684,0.02293742410401577
2026-02-27,v2_relative_alpha_calibrated_experts_sensitivity,pullback,0.32590847487819313,2.6569777780334403,2.982886252911633,0.4803418184969912,0.5342302424484131,0.3457328583607356,0.0,4.0,0.0,"['No_Alpha_Tier', 'Expert_pullback']",['Coverage_Below_80_Cap'],2025-12-31,oos_isotonic,2097.0,0.24060303801203684,0.02293742410401577
2026-03-02,v2_relative_alpha_calibrated_experts_sensitivity,pullback,-0.014448835574650985,5.247096122434638,5.232647286859988,0.4653887178320576,0.5235242531132461,0.34246071228123887,0.0,4.0,0.0,"['No_Alpha_Tier', 'Expert_pullback']",['Coverage_Below_80_Cap'],2026-01-29,oos_isotonic,2116.0,0.24051561580036518,0.022532691520667343
2026-03-03,v2_relative_alpha_calibrated_experts_sensitivity,pullback,0.7134967041020327,5.247096122434638,5.960592826536671,0.5485816158931358,0.5235242531132461,0.38614044308983353,0.0,2.0,0.0,"['No_Alpha_Tier', 'Expert_pullback']","['Coverage_Below_80_Cap', 'VIX_Backwardation_Cap']",2026-01-29,oos_isotonic,2116.0,0.24051561580036518,0.022532691520667343
2026-03-04,v2_relative_alpha_calibrated_experts_sensitivity,pullback,0.06668768523562849,5.247096122434638,5.3137838076702675,0.45276117768656493,0.5235242531132461,0.34787372855157683,0.0,4.0,0.0,"['No_Alpha_Tier', 'Expert_pullback']",['Coverage_Below_80_Cap'],2026-01-29,oos_isotonic,2116.0,0.24051561580036518,0.022532691520667343
2026-03-05,v2_relative_alpha_calibrated_experts_sensitivity,pullback,1.186678635196053,5.247096122434638,6.433774757630692,0.5546325939191536,0.5235242531132461,0.4002553589168716,0.0,4.0,0.0,"['No_Alpha_Tier', 'Expert_pullback']",['Coverage_Below_80_Cap'],2026-01-29,oos_isotonic,2116.0,0.24051561580036518,0.022532691520667343
2026-03-06,v2_relative_alpha_calibrated_experts_sensitivity,pullback,2.50953919395934,5.247096122434638,7.756635316393979,0.6698397508420681,0.6152627081337235,0.4791630462838741,0.0,2.0,0.0,"['No_Alpha_Tier', 'Expert_pullback']","['Coverage_Below_80_Cap', 'VIX_Backwardation_Cap']",2026-01-29,oos_isotonic,2116.0,0.24051561580036518,0.022532691520667343
2026-03-09,v2_relative_alpha_calibrated_experts_sensitivity,pullback,1.1840206960060373,5.247096122434638,6.4311168184406755,0.5766481636786119,0.5532583822505224,0.3855645958827431,0.0,2.0,0.0,"['No_Alpha_Tier', 'Expert_pullback']","['Coverage_Below_80_Cap', 'VIX_Backwardation_Cap']",2026-01-29,oos_isotonic,2116.0,0.24051561580036518,0.022532691520667343
2026-03-10,v2_relative_alpha_calibrated_experts_sensitivity,pullback,0.6908858077335891,5.247096122434638,5.9379819301682275,0.5129517052478648,0.5235242531132461,0.36340258206451115,0.0,4.0,0.0,"['No_Alpha_Tier', 'Expert_pullback']",['Coverage_Below_80_Cap'],2026-01-29,oos_isotonic,2116.0,0.24051561580036518,0.022532691520667343
2026-03-11,v2_relative_alpha_calibrated_experts_sensitivity,pullback,0.883741856977561,5.247096122434638,6.130837979412199,0.5163746284271908,0.5235242531132461,0.3679201444851628,0.0,4.0,0.0,"['No_Alpha_Tier', 'Expert_pullback']",['Coverage_Below_80_Cap'],2026-01-29,oos_isotonic,2116.0,0.24051561580036518,0.022532691520667343
2026-03-12,v2_relative_alpha_calibrated_experts_sensitivity,pullback,1.654492203414297,5.247096122434638,6.901588325848936,0.6036311010167377,0.5911531190926276,0.3926567944643034,0.0,2.0,0.0,"['No_Alpha_Tier', 'Expert_pullback']","['Coverage_Below_80_Cap', 'VIX_Backwardation_Cap']",2026-01-29,oos_isotonic,2116.0,0.24051561580036518,0.022532691520667343
2026-03-13,v2_relative_alpha_calibrated_experts_sensitivity,pullback,3.199959102336884,5.247096122434638,8.447055224771523,0.6790771723305169,0.6231531190926276,0.47442548464357426,0.0,4.0,0.0,"['No_Alpha_Tier', 'Expert_pullback']",['Coverage_Below_80_Cap'],2026-01-29,oos_isotonic,2116.0,0.24051561580036518,0.022532691520667343
2026-03-16,v2_relative_alpha_calibrated_experts_sensitivity,pullback,2.341554259276634,5.247096122434638,7.588650381711272,0.5788178541023686,0.5532583822505224,0.4272796968932989,0.0,4.0,0.0,"['No_Alpha_Tier', 'Expert_pullback']",['Coverage_Below_80_Cap'],2026-01-29,oos_isotonic,2116.0,0.24051561580036518,0.022532691520667343
2026-03-17,v2_relative_alpha_calibrated_experts_sensitivity,pullback,1.8866281499009645,5.247096122434638,7.133724272335604,0.5482652504378953,0.5235242531132461,0.4077577675031439,0.0,4.0,0.0,"['No_Alpha_Tier', 'Expert_pullback']",['Coverage_Below_80_Cap'],2026-01-29,oos_isotonic,2116.0,0.24051561580036518,0.022532691520667343
2026-03-18,v2_relative_alpha_calibrated_experts_sensitivity,pullback,3.145474850953647,5.247096122434638,8.392570973388287,0.6228812574959937,0.6056985736380821,0.4907662230666031,0.0,4.0,0.0,"['No_Alpha_Tier', 'Expert_pullback']",['Coverage_Below_80_Cap'],2026-01-29,oos_isotonic,2116.0,0.24051561580036518,0.022532691520667343
2026-03-19,v2_relative_alpha_calibrated_experts_sensitivity,pullback,3.3574756558037615,5.247096122434638,8.6045717782384,0.6326182503674669,0.6056985736380821,0.4902054951783255,0.0,2.0,0.0,"['No_Alpha_Tier', 'Expert_pullback']","['Coverage_Below_80_Cap', 'Weak_Regime_Cap']",2026-01-29,oos_isotonic,2116.0,0.24051561580036518,0.022532691520667343
2026-03-20,v2_relative_alpha_calibrated_experts_sensitivity,risk_off,0.0,3.9013885539787854,3.9013885539787854,0.01,0.5205588876551203,0.0,0.0,2.0,0.0,['Risk_Off_Expert'],"['Coverage_Below_80_Cap', 'Weak_Regime_Cap']",2026-01-29,oos_isotonic,2116.0,0.24051561580036518,0.022532691520667343
2026-03-23,v2_relative_alpha_calibrated_experts_sensitivity,risk_off,0.0,3.9013885539787854,3.9013885539787854,0.01,0.5205588876551203,0.0,0.0,2.0,0.0,['Risk_Off_Expert'],"['Coverage_Below_80_Cap', 'Weak_Regime_Cap', 'VIX_Backwardation_Cap']",2026-01-29,oos_isotonic,2116.0,0.24051561580036518,0.022532691520667343
2026-03-24,v2_relative_alpha_calibrated_experts_sensitivity,risk_off,0.0,3.9013885539787854,3.9013885539787854,0.01,0.5205588876551203,0.0,0.0,2.0,0.0,['Risk_Off_Expert'],"['Coverage_Below_80_Cap', 'Weak_Regime_Cap', 'VIX_Backwardation_Cap']",2026-01-29,oos_isotonic,2116.0,0.24051561580036518,0.022532691520667343
2026-03-25,v2_relative_alpha_calibrated_experts_sensitivity,risk_off,0.0,3.9013885539787854,3.9013885539787854,0.01,0.5205588876551203,0.0,0.0,2.0,0.0,['Risk_Off_Expert'],"['Coverage_Below_80_Cap', 'Weak_Regime_Cap']",2026-01-29,oos_isotonic,2116.0,0.24051561580036518,0.022532691520667343
2026-03-26,v2_relative_alpha_calibrated_experts_sensitivity,risk_off,0.0,2.7798893244546234,2.7798893244546234,0.01,0.5205588876551203,0.0,0.0,2.0,0.0,['Risk_Off_Expert'],"['Coverage_Below_80_Cap', 'Weak_Regime_Cap', 'VIX_Backwardation_Cap']",2026-01-29,oos_isotonic,2116.0,0.24051561580036518,0.022532691520667343
2026-03-27,v2_relative_alpha_calibrated_experts_sensitivity,risk_off,0.0,2.772722356699691,2.772722356699691,0.01,0.5205588876551203,0.0,0.0,0.0,0.0,['Risk_Off_Expert'],"['Risk_Above_55_Penalty', 'Coverage_Below_80_Cap', 'Weak_Regime_Cap', 'VIX_Backwardation_Cap']",2026-01-29,oos_isotonic,2116.0,0.24051561580036518,0.022532691520667343
2026-03-30,v2_relative_alpha_calibrated_experts_sensitivity,risk_off,0.0,2.7635103388963476,2.7635103388963476,0.01,0.5205588876551203,0.0,0.0,0.0,0.0,['Risk_Off_Expert'],"['Risk_Above_55_Penalty', 'Coverage_Below_80_Cap', 'Weak_Regime_Cap', 'VIX_Backwardation_Cap']",2026-01-29,oos_isotonic,2116.0,0.24051561580036518,0.022532691520667343
2026-03-31,v2_relative_alpha_calibrated_experts_sensitivity,risk_off,0.0,2.7512727957205843,2.7512727957205843,0.01,0.5205588876551203,0.0,0.0,0.0,0.0,['Risk_Off_Expert'],"['Risk_Above_55_Penalty', 'Coverage_Below_80_Cap', 'Weak_Regime_Cap']",2026-01-29,oos_isotonic,2116.0,0.24051561580036518,0.022532691520667343
2026-04-01,v2_relative_alpha_calibrated_experts_sensitivity,risk_off,0.0,2.7385109313678484,2.7385109313678484,0.01,0.515411197049635,0.0,0.0,0.0,0.0,['Risk_Off_Expert'],"['Risk_Above_55_Penalty', 'Coverage_Below_80_Cap', 'Weak_Regime_Cap']",2026-03-03,oos_isotonic,2138.0,0.24099278827616902,0.02464261146210755
2026-04-02,v2_relative_alpha_calibrated_experts_sensitivity,risk_off,0.0,5.015110794751703,5.015110794751703,0.01,0.515411197049635,0.0,0.0,2.0,0.0,['Risk_Off_Expert'],"['Coverage_Below_80_Cap', 'Weak_Regime_Cap']",2026-03-03,oos_isotonic,2138.0,0.24099278827616902,0.02464261146210755
2026-04-06,v2_relative_alpha_calibrated_experts_sensitivity,risk_off,0.0,5.015110794751703,5.015110794751703,0.01,0.515411197049635,0.0,0.0,2.0,0.0,['Risk_Off_Expert'],"['Coverage_Below_80_Cap', 'Weak_Regime_Cap']",2026-03-03,oos_isotonic,2138.0,0.24099278827616902,0.02464261146210755
2026-04-07,v2_relative_alpha_calibrated_experts_sensitivity,risk_off,0.0,5.015110794751703,5.015110794751703,0.01,0.515411197049635,0.0,0.0,2.0,0.0,['Risk_Off_Expert'],"['Coverage_Below_80_Cap', 'Weak_Regime_Cap', 'VIX_Backwardation_Cap']",2026-03-03,oos_isotonic,2138.0,0.24099278827616902,0.02464261146210755
2026-04-08,v2_relative_alpha_calibrated_experts_sensitivity,pullback,-1.1506350760940947,5.895870418029814,4.745235341935719,0.4156448883370944,0.5181948934182602,0.31729100260793974,0.0,2.0,0.0,"['No_Alpha_Tier', 'Expert_pullback']","['Coverage_Below_80_Cap', 'Weak_Regime_Cap']",2026-03-03,oos_isotonic,2138.0,0.24099278827616902,0.02464261146210755
2026-04-09,v2_relative_alpha_calibrated_experts_sensitivity,pullback,-1.6004037401215636,5.895870418029814,4.295466677908251,0.36836662195558245,0.5181948934182602,0.28444798609098815,0.0,4.0,0.0,"['No_Alpha_Tier', 'Expert_pullback']",['Coverage_Below_80_Cap'],2026-03-03,oos_isotonic,2138.0,0.24099278827616902,0.02464261146210755
2026-04-10,v2_relative_alpha_calibrated_experts_sensitivity,pullback,-0.9128970790900821,5.895870418029814,4.982973338939732,0.39020429067710877,0.5181948934182602,0.2931827731092437,0.0,4.0,0.0,"['No_Alpha_Tier', 'Expert_pullback']",['Coverage_Below_80_Cap'],2026-03-03,oos_isotonic,2138.0,0.24099278827616902,0.02464261146210755
2026-04-13,v2_relative_alpha_calibrated_experts_sensitivity,pullback,-1.1521520401156615,4.811445643318073,3.659293603202411,0.34958026695525346,0.5181948934182602,0.2788050565053608,0.0,4.0,0.0,"['No_Alpha_Tier', 'Expert_pullback']",['Coverage_Below_80_Cap'],2026-03-03,oos_isotonic,2138.0,0.24099278827616902,0.02464261146210755
2026-04-14,v2_relative_alpha_calibrated_experts_sensitivity,trend,1.8480412340471417,-0.840696894668222,1.0073443393789197,0.6554878031907327,0.6141189435780463,0.5476204977265474,0.0,4.0,0.0,"['No_Alpha_Tier', 'Expert_trend']",['Coverage_Below_80_Cap'],2026-03-03,oos_isotonic,2138.0,0.24099278827616902,0.02464261146210755
2026-04-15,v2_relative_alpha_calibrated_experts_sensitivity,trend,-0.6826370491874942,-0.840696894668222,-1.523333943855716,0.517628315818286,0.5181948934182602,0.3897253846226764,0.0,4.0,0.0,"['No_Alpha_Tier', 'Expert_trend']",['Coverage_Below_80_Cap'],2026-03-03,oos_isotonic,2138.0,0.24099278827616902,0.02464261146210755
2026-04-16,v2_relative_alpha_calibrated_experts_sensitivity,trend,-1.266334298600372,-0.840696894668222,-2.107031193268594,0.4347561317205237,0.5181948934182602,0.335780750855507,0.0,4.0,0.0,"['No_Alpha_Tier', 'Expert_trend']",['Coverage_Below_80_Cap'],2026-03-03,oos_isotonic,2138.0,0.24099278827616902,0.02464261146210755
2026-04-17,v2_relative_alpha_calibrated_experts_sensitivity,trend,-2.5345691682495213,-0.840696894668222,-3.375266062917744,0.3407754631072866,0.5181948934182602,0.2607346182527119,0.0,4.0,0.0,"['No_Alpha_Tier', 'Expert_trend']",['Coverage_Below_80_Cap'],2026-03-03,oos_isotonic,2138.0,0.24099278827616902,0.02464261146210755
2026-04-20,v2_relative_alpha_calibrated_experts_sensitivity,trend,-2.056634385418432,-0.840696894668222,-2.897331280086654,0.363772100965379,0.5181948934182602,0.2872840694011293,0.0,4.0,0.0,"['No_Alpha_Tier', 'Expert_trend']",['Coverage_Below_80_Cap'],2026-03-03,oos_isotonic,2138.0,0.24099278827616902,0.02464261146210755
2026-04-21,v2_relative_alpha_calibrated_experts_sensitivity,trend,-1.7336163320326627,-0.840696894668222,-2.574313226700885,0.39435584439375626,0.5181948934182602,0.3022325730933174,0.0,4.0,0.0,"['No_Alpha_Tier', 'Expert_trend']",['Coverage_Below_80_Cap'],2026-03-03,oos_isotonic,2138.0,0.24099278827616902,0.02464261146210755
2026-04-22,v2_relative_alpha_calibrated_experts_sensitivity,trend,-2.347576956358454,-0.840696894668222,-3.1882738510266755,0.31599089899756283,0.5181948934182602,0.2668426459575517,0.0,4.0,0.0,"['No_Alpha_Tier', 'Expert_trend']",['Coverage_Below_80_Cap'],2026-03-03,oos_isotonic,2138.0,0.24099278827616902,0.02464261146210755
2026-04-23,v2_relative_alpha_calibrated_experts_sensitivity,trend,-1.7499054277458632,-0.840696894668222,-2.5906023224140853,0.35718394145493243,0.5181948934182602,0.2986730952132685,0.0,4.0,0.0,"['No_Alpha_Tier', 'Expert_trend']",['Coverage_Below_80_Cap'],2026-03-03,oos_isotonic,2138.0,0.24099278827616902,0.02464261146210755
2026-04-24,v2_relative_alpha_calibrated_experts_sensitivity,trend,-2.1565777674546753,-0.840696894668222,-2.9972746621228974,0.29769046391909887,0.5181948934182602,0.2815295406646255,0.0,4.0,0.0,"['No_Alpha_Tier', 'Expert_trend']","['Liquidity_Below_45_Penalty', 'Coverage_Below_80_Cap']",2026-03-03,oos_isotonic,2138.0,0.24099278827616902,0.02464261146210755
2026-04-27,v2_relative_alpha_calibrated_experts_sensitivity,trend,-1.869145311832001,-0.840696894668222,-2.709842206500223,0.30109287845677607,0.5181948934182602,0.29057125433283093,0.0,4.0,0.0,"['No_Alpha_Tier', 'Expert_trend']","['Liquidity_Below_45_Penalty', 'Coverage_Below_80_Cap']",2026-03-03,oos_isotonic,2138.0,0.24099278827616902,0.02464261146210755
2026-04-28,v2_relative_alpha_calibrated_experts_sensitivity,trend,-0.9987979760863019,-0.840696894668222,-1.8394948707545238,0.3732206829803133,0.5181948934182602,0.3417645404592406,0.0,4.0,0.0,"['No_Alpha_Tier', 'Expert_trend']","['Liquidity_Below_45_Penalty', 'Coverage_Below_80_Cap']",2026-03-03,oos_isotonic,2138.0,0.24099278827616902,0.02464261146210755
2026-04-29,v2_relative_alpha_calibrated_experts_sensitivity,trend,-0.4990655976549125,-0.840696894668222,-1.3397624923231344,0.38736566373151865,0.5181948934182602,0.36806531791998837,0.0,4.0,0.0,"['No_Alpha_Tier', 'Expert_trend']","['Liquidity_Below_45_Penalty', 'Coverage_Below_80_Cap']",2026-03-03,oos_isotonic,2138.0,0.24099278827616902,0.02464261146210755
2026-04-30,v2_relative_alpha_calibrated_experts_sensitivity,trend,-1.2103019697852664,-0.840696894668222,-2.0509988644534882,0.33986332043429474,0.5181948934182602,0.32956049216535693,0.0,4.0,0.0,"['No_Alpha_Tier', 'Expert_trend']","['Liquidity_Below_45_Penalty', 'Coverage_Below_80_Cap']",2026-03-03,oos_isotonic,2138.0,0.24099278827616902,0.02464261146210755
2026-05-01,v2_relative_alpha_calibrated_experts_sensitivity,trend,-4.022366580501558,-0.840696894668222,-4.863063475169779,0.256606518816909,0.5202147242906854,0.22590361445783133,0.0,4.0,0.0,"['No_Alpha_Tier', 'Expert_trend']",['Coverage_Below_80_Cap'],2026-04-01,oos_isotonic,2159.0,0.24121861627449595,0.025554685352308044
2026-05-04,v2_relative_alpha_calibrated_experts_sensitivity,trend,-4.810017929479243,-0.840696894668222,-5.650714824147466,0.21193239729806695,0.5202147242906854,0.20763052208835345,0.0,4.0,0.0,"['No_Alpha_Tier', 'Expert_trend']",['Coverage_Below_80_Cap'],2026-04-01,oos_isotonic,2159.0,0.24121861627449595,0.025554685352308044
2026-05-05,v2_relative_alpha_calibrated_experts_sensitivity,trend,-6.132026167591882,-0.840696894668222,-6.972723062260104,0.1310660011918731,0.5202147242906854,0.17590361445783131,0.0,4.0,0.0,"['No_Alpha_Tier', 'Expert_trend']",['Coverage_Below_80_Cap'],2026-04-01,oos_isotonic,2159.0,0.24121861627449595,0.025554685352308044
2026-05-06,v2_relative_alpha_calibrated_experts_sensitivity,trend,-7.123715086762758,-0.840696894668222,-7.96441198143098,0.09969591511399856,0.5202147242906854,0.15281124497991969,0.0,4.0,0.0,"['No_Alpha_Tier', 'Expert_trend']",['Coverage_Below_80_Cap'],2026-04-01,oos_isotonic,2159.0,0.24121861627449595,0.025554685352308044
2026-05-07,v2_relative_alpha_calibrated_experts_sensitivity,trend,-8.186893435483258,-0.840696894668222,-9.02759033015148,0.06901064181362182,0.5202147242906854,0.1283132530120482,0.0,4.0,0.0,"['No_Alpha_Tier', 'Expert_trend']",['Coverage_Below_80_Cap'],2026-04-01,oos_isotonic,2159.0,0.24121861627449595,0.025554685352308044
2026-05-08,v2_relative_alpha_calibrated_experts_sensitivity,trend,-9.766511876720136,-0.840696894668222,-10.607208771388358,0.0378791447893159,0.5202147242906854,0.11104417670682731,0.0,4.0,0.0,"['No_Alpha_Tier', 'Expert_trend']",['Coverage_Below_80_Cap'],2026-04-01,oos_isotonic,2159.0,0.24121861627449595,0.025554685352308044
2026-05-11,v2_relative_alpha_calibrated_experts_sensitivity,trend,-9.740301708762612,-0.840696894668222,-10.580998603430833,0.03595361010445668,0.5202147242906854,0.10742971887550201,0.0,4.0,0.0,"['No_Alpha_Tier', 'Expert_trend']",['Coverage_Below_80_Cap'],2026-04-01,oos_isotonic,2159.0,0.24121861627449595,0.025554685352308044
2026-05-12,v2_relative_alpha_calibrated_experts_sensitivity,trend,-9.724664844897251,-0.840696894668222,-10.565361739565473,0.03571342969587856,0.5202147242906854,0.10642570281124498,0.0,4.0,0.0,"['No_Alpha_Tier', 'Expert_trend']",['Coverage_Below_80_Cap'],2026-04-01,oos_isotonic,2159.0,0.24121861627449595,0.025554685352308044
2026-05-13,v2_relative_alpha_calibrated_experts_sensitivity,trend,-8.849683396031786,-0.7210698962221421,-9.570753292253928,0.05137566218854535,0.5202147242906854,0.11847389558232932,0.0,4.0,0.0,"['No_Alpha_Tier', 'Expert_trend']",['Coverage_Below_80_Cap'],2026-04-01,oos_isotonic,2159.0,0.24121861627449595,0.025554685352308044
2026-05-14,v2_relative_alpha_calibrated_experts_sensitivity,trend,-8.597931867109503,-0.6089926299094078,-9.20692449701891,0.058401129016062515,0.5202147242906854,0.12168674698795182,0.0,4.0,0.0,"['No_Alpha_Tier', 'Expert_trend']",['Coverage_Below_80_Cap'],2026-04-01,oos_isotonic,2159.0,0.24121861627449595,0.025554685352308044
2026-05-15,v2_relative_alpha_calibrated_experts_sensitivity,trend,-9.359482014107417,-0.4980382501670359,-9.857520264274454,0.04480497391204709,0.5202147242906854,0.11345381526104417,0.0,4.0,0.0,"['No_Alpha_Tier', 'Expert_trend']",['Coverage_Below_80_Cap'],2026-04-01,oos_isotonic,2159.0,0.24121861627449595,0.025554685352308044
2026-05-18,v2_relative_alpha_calibrated_experts_sensitivity,trend,-8.812215567172345,-0.41984980720966153,-9.232065374382007,0.05959469301211365,0.5202147242906854,0.13353413654618473,0.0,4.0,0.0,"['No_Alpha_Tier', 'Expert_trend']",['Coverage_Below_80_Cap'],2026-04-01,oos_isotonic,2159.0,0.24121861627449595,0.025554685352308044
2026-05-19,v2_relative_alpha_calibrated_experts_sensitivity,pullback,-8.409194050299169,-0.3452078885710117,-8.754401938870181,0.09919928042524068,0.5202147242906854,0.1556895098464918,0.0,4.0,0.0,"['No_Alpha_Tier', 'Expert_pullback']",['Coverage_Below_80_Cap'],2026-04-01,oos_isotonic,2159.0,0.24121861627449595,0.025554685352308044
2026-05-20,v2_relative_alpha_calibrated_experts_sensitivity,trend,-7.039881611724047,-0.2751773092951974,-7.3150589210192445,0.11488878770524248,0.5202147242906854,0.1676706827309237,0.0,4.0,0.0,"['No_Alpha_Tier', 'Expert_trend']",['Coverage_Below_80_Cap'],2026-04-01,oos_isotonic,2159.0,0.24121861627449595,0.025554685352308044
2026-05-21,v2_relative_alpha_calibrated_experts_sensitivity,trend,-7.827733593982764,-0.2073971570178407,-8.035130751000604,0.08241724031354364,0.5202147242906854,0.14799196787148594,0.0,8.0,0.0,"['No_Alpha_Tier', 'Expert_trend']",[],2026-04-01,oos_isotonic,2159.0,0.24121861627449595,0.025554685352308044
2026-05-22,v2_relative_alpha_calibrated_experts_sensitivity,trend,-7.875920699047832,-0.13432749247617048,-8.010248191524003,0.08056786495359593,0.5202147242906854,0.15240963855421685,0.0,8.0,0.0,"['No_Alpha_Tier', 'Expert_trend']",[],2026-04-01,oos_isotonic,2159.0,0.24121861627449595,0.025554685352308044
2026-05-26,v2_relative_alpha_calibrated_experts_sensitivity,trend,-9.394904526174624,-0.07730809054664707,-9.472212616721272,0.05413113711871237,0.5202147242906854,0.1136546184738956,0.0,8.0,0.0,"['No_Alpha_Tier', 'Expert_trend']",[],2026-04-01,oos_isotonic,2159.0,0.24121861627449595,0.025554685352308044
2026-05-27,v2_relative_alpha_calibrated_experts_sensitivity,trend,-9.883532294455065,-0.005965797022006083,-9.889498091477073,0.054846571430165816,0.5202147242906854,0.10843373493975905,0.0,8.0,0.0,"['No_Alpha_Tier', 'Expert_trend']",[],2026-04-01,oos_isotonic,2159.0,0.24121861627449595,0.025554685352308044
2026-05-28,v2_relative_alpha_calibrated_experts_sensitivity,trend,-10.381089511788907,0.07173882595780173,-10.309350685831106,0.056320770232719114,0.5202147242906854,0.1068273092369478,0.0,8.0,0.0,"['No_Alpha_Tier', 'Expert_trend']",[],2026-04-01,oos_isotonic,2159.0,0.24121861627449595,0.025554685352308044
2026-05-29,v2_relative_alpha_calibrated_experts_sensitivity,trend,-10.175154341380557,0.14941426166538802,-10.025740079715169,0.05488158588657724,0.5202147242906854,0.10783132530120482,0.0,8.0,0.0,"['No_Alpha_Tier', 'Expert_trend']",[],2026-04-01,oos_isotonic,2159.0,0.24121861627449595,0.025554685352308044
2026-06-01,v2_relative_alpha_calibrated_experts_sensitivity,trend,-8.668081525821272,0.21985289803514518,-8.448228627786126,0.08070677123414853,0.5211134021507045,0.12356091030789826,0.0,8.0,0.0,"['No_Alpha_Tier', 'Expert_trend']",[],2026-04-30,oos_isotonic,2179.0,0.2409650703068824,0.02189063798807342
2026-06-02,v2_relative_alpha_calibrated_experts_sensitivity,trend,-9.155456776893114,0.2851916145532323,-8.870265162339882,0.07654036427847026,0.5211134021507045,0.12356091030789826,0.0,8.0,0.0,"['No_Alpha_Tier', 'Expert_trend']",[],2026-04-30,oos_isotonic,2179.0,0.2409650703068824,0.02189063798807342
2026-06-03,v2_relative_alpha_calibrated_experts_sensitivity,trend,-9.014592170278899,0.35451757808374296,-8.660074592195155,0.08532325848642555,0.5211134021507045,0.12117995792694589,0.0,8.0,0.0,"['No_Alpha_Tier', 'Expert_trend']",[],2026-04-30,oos_isotonic,2179.0,0.2409650703068824,0.02189063798807342
2026-06-04,v2_relative_alpha_calibrated_experts_sensitivity,trend,-8.089576346614411,0.4085479634247861,-7.6810283831896236,0.09698557711969928,0.5211134021507045,0.13018741633199465,0.0,8.0,0.0,"['No_Alpha_Tier', 'Expert_trend']",[],2026-04-30,oos_isotonic,2179.0,0.2409650703068824,0.02189063798807342
2026-06-05,v2_relative_alpha_calibrated_experts_sensitivity,pullback,-7.575283875552899,3.816859249693865,-3.7584246258590337,0.15603904318477396,0.5211134021507045,0.15633267849839422,0.0,8.0,0.0,"['No_Alpha_Tier', 'Expert_pullback']",[],2026-04-30,oos_isotonic,2179.0,0.2409650703068824,0.02189063798807342
2026-06-08,v2_relative_alpha_calibrated_experts_sensitivity,pullback,-9.324402638715382,3.834253639034726,-5.490148999680656,0.1296891223635199,0.5211134021507045,0.13865354314870565,0.0,8.0,0.0,"['No_Alpha_Tier', 'Expert_pullback']",[],2026-04-30,oos_isotonic,2179.0,0.2409650703068824,0.02189063798807342
2026-06-09,v2_relative_alpha_calibrated_experts_sensitivity,pullback,-8.185044731277525,3.859644621203997,-4.325400110073529,0.14863582901893366,0.5211134021507045,0.15633267849839422,0.0,8.0,0.0,"['No_Alpha_Tier', 'Expert_pullback']",[],2026-04-30,oos_isotonic,2179.0,0.2409650703068824,0.02189063798807342
2026-06-10,v2_relative_alpha_calibrated_experts_sensitivity,pullback,-6.869216293523979,3.891553540772312,-2.977662752751667,0.1712778953627404,0.5211134021507045,0.16147713329802144,0.0,8.0,0.0,"['No_Alpha_Tier', 'Expert_pullback']",[],2026-04-30,oos_isotonic,2179.0,0.2409650703068824,0.02189063798807342
2026-06-11,v2_relative_alpha_calibrated_experts_sensitivity,pullback,-10.43666440614643,3.9206731121443723,-6.515991294002058,0.11999636402949401,0.5211134021507045,0.12476751124729295,0.0,8.0,0.0,"['No_Alpha_Tier', 'Expert_pullback']",[],2026-04-30,oos_isotonic,2179.0,0.2409650703068824,0.02189063798807342
2026-06-12,v2_relative_alpha_calibrated_experts_sensitivity,pullback,-9.712396379190386,3.9524667398037714,-5.759929639386614,0.1251806391363862,0.5211134021507045,0.13774940159708207,0.0,8.0,0.0,"['No_Alpha_Tier', 'Expert_pullback']",[],2026-04-30,oos_isotonic,2179.0,0.2409650703068824,0.02189063798807342
2026-06-15,v2_relative_alpha_calibrated_experts_sensitivity,trend,-8.04631927408602,0.3322119517935244,-7.714107322292496,0.12524199059477226,0.5211134021507045,0.1437368521705871,0.0,8.0,0.0,"['No_Alpha_Tier', 'Expert_trend']",[],2026-04-30,oos_isotonic,2179.0,0.2409650703068824,0.02189063798807342
2026-06-16,v2_relative_alpha_calibrated_experts_sensitivity,pullback,-9.711044311816638,0.40058162832614325,-9.310462683490496,0.158771384518141,0.5211134021507045,0.15065552776790683,0.0,8.0,0.0,"['No_Alpha_Tier', 'Expert_pullback']",[],2026-04-30,oos_isotonic,2179.0,0.2409650703068824,0.02189063798807342
2026-06-17,v2_relative_alpha_calibrated_experts_sensitivity,pullback,-8.437423264164702,4.0621670221659745,-4.375256241998728,0.16657396595270627,0.5211134021507045,0.1671792929123616,0.0,8.0,0.0,"['No_Alpha_Tier', 'Expert_pullback']",[],2026-04-30,oos_isotonic,2179.0,0.2409650703068824,0.02189063798807342
2026-06-18,v2_relative_alpha_calibrated_experts_sensitivity,trend,-10.122552302399935,0.48877759705808593,-9.633774705341848,0.07158467446961014,0.5211134021507045,0.10848154522853318,0.0,8.0,0.0,"['No_Alpha_Tier', 'Expert_trend']",[],2026-04-30,oos_isotonic,2179.0,0.2409650703068824,0.02189063798807342
2026-06-22,v2_relative_alpha_calibrated_experts_sensitivity,trend,-10.82520478631369,0.538993377270427,-10.286211409043263,0.08106937090526439,0.5211134021507045,0.10969592656339644,0.0,8.0,0.0,"['No_Alpha_Tier', 'Expert_trend']",[],2026-04-30,oos_isotonic,2179.0,0.2409650703068824,0.02189063798807342
2026-06-23,v2_relative_alpha_calibrated_experts_sensitivity,pullback,-9.789418244437144,4.16430018214458,-5.625118062292564,0.19016899464427514,0.5211134021507045,0.16396333818313474,0.0,8.0,0.0,"['No_Alpha_Tier', 'Expert_pullback']",[],2026-04-30,oos_isotonic,2179.0,0.2409650703068824,0.02189063798807342
2026-06-24,v2_relative_alpha_calibrated_experts_sensitivity,pullback,-9.835311326326797,4.195159288697221,-5.640152037629576,0.17647772437219617,0.5211134021507045,0.16459680717681213,0.0,8.0,0.0,"['No_Alpha_Tier', 'Expert_pullback']",[],2026-04-30,oos_isotonic,2179.0,0.2409650703068824,0.02189063798807342
2026-06-25,v2_relative_alpha_calibrated_experts_sensitivity,pullback,-9.348781226508637,4.230321654967641,-5.1184595715409955,0.18439454850060227,0.5211134021507045,0.18502417078452804,0.0,8.0,0.0,"['No_Alpha_Tier', 'Expert_pullback']",[],2026-04-30,oos_isotonic,2179.0,0.2409650703068824,0.02189063798807342
2026-06-26,v2_relative_alpha_calibrated_experts_sensitivity,pullback,-8.759017251825743,4.266754051514647,-4.492263200311094,0.1888245561637525,0.5211134021507045,0.19710191958269357,0.0,8.0,0.0,"['No_Alpha_Tier', 'Expert_pullback']",[],2026-04-30,oos_isotonic,2179.0,0.2409650703068824,0.02189063798807342
2026-06-29,v2_relative_alpha_calibrated_experts_sensitivity,pullback,-10.087377539568685,0.5226615271146184,-9.564716012454067,0.1902517041623478,0.5211134021507045,0.19534888398693906,0.0,8.0,0.0,"['No_Alpha_Tier', 'Expert_pullback']",[],2026-04-30,oos_isotonic,2179.0,0.2409650703068824,0.02189063798807342
2026-06-30,v2_relative_alpha_calibrated_experts_sensitivity,trend,-6.067391825282263,0.52873435999655,-5.538657465285713,0.2057829021905943,0.5211134021507045,0.1888888888888889,0.0,8.0,0.0,"['No_Alpha_Tier', 'Expert_trend']",[],2026-04-30,oos_isotonic,2179.0,0.2409650703068824,0.02189063798807342
2026-07-01,v2_relative_alpha_calibrated_experts_sensitivity,pullback,-8.625165249174453,0.5431502083013159,-8.082015040873138,0.21520774118085034,0.5385247905247905,0.19955414598271742,0.0,7.0,0.0,"['No_Alpha_Tier', 'Expert_pullback']",['Liquidity_Below_45_Penalty'],2026-06-01,oos_isotonic,2200.0,0.24167827202601166,0.028865334186435138
2026-07-02,v2_relative_alpha_calibrated_experts_sensitivity,pullback,-6.783952638946579,4.398790233788608,-2.3851624051579714,0.2711185540962782,0.5385247905247905,0.24721456150027576,0.0,8.0,0.0,"['No_Alpha_Tier', 'Expert_pullback']",[],2026-06-01,oos_isotonic,2200.0,0.24167827202601166,0.028865334186435138
2026-07-06,v2_relative_alpha_calibrated_experts_sensitivity,pullback,-7.434575094111932,4.424023887679296,-3.010551206432636,0.25054530055852886,0.5385247905247905,0.21620472513329658,0.0,8.0,0.0,"['No_Alpha_Tier', 'Expert_pullback']",[],2026-06-01,oos_isotonic,2200.0,0.24167827202601166,0.028865334186435138
2026-07-07,v2_relative_alpha_calibrated_experts_sensitivity,pullback,-2.7348915977049226,4.44749979813338,1.7126082004284584,0.3757903845243502,0.5385247905247905,0.3267098731384446,0.0,8.0,0.0,"['No_Alpha_Tier', 'Expert_pullback']",[],2026-06-01,oos_isotonic,2200.0,0.24167827202601166,0.028865334186435138
2026-07-08,v2_relative_alpha_calibrated_experts_sensitivity,pullback,-4.918248076518037,4.471631108191977,-0.4466169683260607,0.32644992207934115,0.5385247905247905,0.2948290126861556,0.0,8.0,0.0,"['No_Alpha_Tier', 'Expert_pullback']",[],2026-06-01,oos_isotonic,2200.0,0.24167827202601166,0.028865334186435138
2026-07-09,v2_relative_alpha_calibrated_experts_sensitivity,pullback,-6.1417043276606496,0.4473825803026174,-5.694321747358032,0.28359841173207734,0.5385247905247905,0.2580529509100938,0.0,8.0,0.0,"['No_Alpha_Tier', 'Expert_pullback']",[],2026-06-01,oos_isotonic,2200.0,0.24167827202601166,0.028865334186435138
2026-07-10,v2_relative_alpha_calibrated_experts_sensitivity,pullback,-5.357328918798589,0.4473825803026174,-4.909946338495971,0.28882935039899643,0.5385247905247905,0.25761858797573084,0.0,8.0,0.0,"['No_Alpha_Tier', 'Expert_pullback']",[],2026-06-01,oos_isotonic,2200.0,0.24167827202601166,0.028865334186435138
2026-07-13,v2_relative_alpha_calibrated_experts_sensitivity,pullback,-4.065980864880969,4.53866732781107,0.4726864629301004,0.34125024507327234,0.5385247905247905,0.29219985291413864,0.0,8.0,0.0,"['No_Alpha_Tier', 'Expert_pullback']",[],2026-06-01,oos_isotonic,2200.0,0.24167827202601166,0.028865334186435138
2026-07-14,v2_relative_alpha_calibrated_experts_sensitivity,pullback,-5.742110246183054,4.555219307650433,-1.1868909385326198,0.2777871855785692,0.5385247905247905,0.25535024820739105,0.0,8.0,0.0,"['No_Alpha_Tier', 'Expert_pullback']",[],2026-06-01,oos_isotonic,2200.0,0.24167827202601166,0.028865334186435138
2026-07-15,v2_relative_alpha_calibrated_experts_sensitivity,pullback,-4.841766981695217,3.748445548539043,-1.093321433156174,0.3022500595165535,0.5385247905247905,0.2769488876631734,0.0,8.0,0.0,"['No_Alpha_Tier', 'Expert_pullback']",[],2026-06-01,oos_isotonic,2200.0,0.24167827202601166,0.028865334186435138
2026-07-16,v2_relative_alpha_calibrated_experts_sensitivity,pullback,-2.885507973005434,3.763911928462302,0.8784039554568677,0.3632657466269383,0.5385247905247905,0.3069957712814856,0.0,8.0,0.0,"['No_Alpha_Tier', 'Expert_pullback']",[],2026-06-01,oos_isotonic,2200.0,0.24167827202601166,0.028865334186435138
2026-07-17,v2_relative_alpha_calibrated_experts_sensitivity,pullback,-1.8763067516592469,3.7759113353405116,1.8996045836812647,0.41488526574657564,0.5385247905247905,0.34442912300055156,0.0,8.0,0.0,"['No_Alpha_Tier', 'Expert_pullback']",[],2026-06-01,oos_isotonic,2200.0,0.24167827202601166,0.028865334186435138
2026-07-20,v2_relative_alpha_calibrated_experts_sensitivity,pullback,-2.1058541821080565,3.722942323070196,1.6170881409621398,0.4036674090163058,0.5385247905247905,0.33279784886927744,0.0,8.0,0.0,"['No_Alpha_Tier', 'Expert_pullback']",[],2026-06-01,oos_isotonic,2200.0,0.24167827202601166,0.028865334186435138
2026-07-21,v2_relative_alpha_calibrated_experts_sensitivity,pullback,-4.906532213343451,3.732150934930803,-1.174381278412648,0.29951779798127826,0.5385247905247905,0.2775785990071704,0.0,4.0,0.0,"['No_Alpha_Tier', 'Expert_pullback']",[],2026-06-01,oos_isotonic,2200.0,0.24167827202601166,0.028865334186435138
2026-07-22,v2_relative_alpha_calibrated_experts_sensitivity,pullback,-2.76202002051216,3.743542414351421,0.9815223938392608,0.380127214124562,0.5385247905247905,0.3099696635410921,0.0,4.0,0.0,"['No_Alpha_Tier', 'Expert_pullback']",[],2026-06-01,oos_isotonic,2200.0,0.24167827202601166,0.028865334186435138
2026-07-23,v2_relative_alpha_calibrated_experts_sensitivity,pullback,-0.9575878575228172,3.7314098744580497,2.7738220169352323,0.4827716127354031,0.5385247905247905,0.36671722743151314,0.0,4.0,0.0,"['No_Alpha_Tier', 'Expert_pullback']",[],2026-06-01,oos_isotonic,2200.0,0.24167827202601166,0.028865334186435138
