date,strategy,price,underlying_return,signal_target_margin_pct,effective_target_margin_pct,reference_equity,loan_change,loan_balance,asset_value,equity,strategy_return,actual_margin_pct,transaction_cost,interest_cost,maintenance_ratio,trade_direction
2017-07-03,return_alpha_raw,128.39364624023438,0.0,0.0,0.0,1000000.0,0.0,0.0,1000000.0,1000000.0,0.0,0.0,0.0,0.0,inf,0
2017-07-05,return_alpha_raw,129.6569366455078,0.009839197205364192,0.0,0.0,1000000.0,0.0,0.0,1009839.1972053642,1009839.1972053642,0.009839197205364192,0.0,0.0,0.0,inf,0
2017-07-06,return_alpha_raw,128.4879150390625,-0.009016267364402641,0.0,0.0,1000000.0,0.0,0.0,1000734.217008307,1000734.217008307,-0.009016267364402641,0.0,0.0,0.0,inf,0
2017-07-07,return_alpha_raw,129.873779296875,0.01078595023813067,0.0,0.0,1000000.0,0.0,0.0,1011528.0864745532,1011528.0864745532,0.01078595023813067,0.0,0.0,0.0,inf,0
2017-07-10,return_alpha_raw,130.7222442626953,0.0065329966557825525,0.0,0.0,1000000.0,0.0,0.0,1018136.3960807216,1018136.3960807216,0.0065329966557825525,0.0,0.0,0.0,inf,0
2017-07-11,return_alpha_raw,131.0899658203125,0.0028129991164949075,0.0,0.0,1000000.0,0.0,0.0,1021000.412863368,1021000.412863368,0.0028129991164949075,0.0,0.0,0.0,inf,0
2017-07-12,return_alpha_raw,132.64544677734375,0.011865751488282283,0.0,0.0,1000000.0,0.0,0.0,1033115.3500318384,1033115.3500318384,0.011865751488282283,0.0,0.0,0.0,inf,0
2017-07-13,return_alpha_raw,132.93771362304688,0.0022033688513538596,0.0,0.0,1000000.0,0.0,0.0,1035391.6842139541,1035391.6842139541,0.0022033688513538596,0.0,0.0,0.0,inf,0
2017-07-14,return_alpha_raw,133.98411560058594,0.007871370350976514,0.0,0.0,1000000.0,0.0,0.0,1043541.6356187235,1043541.6356187235,0.007871370350976514,0.0,0.0,0.0,inf,0
2017-07-17,return_alpha_raw,134.05014038085938,0.0004927806552104119,0.0,0.0,1000000.0,0.0,0.0,1044055.872749663,1044055.872749663,0.0004927806552104119,0.0,0.0,0.0,inf,0
2017-07-18,return_alpha_raw,134.94580078125,0.006681532729812201,0.0,0.0,1000000.0,0.0,0.0,1051031.7662351925,1051031.7662351925,0.006681532729812201,0.0,0.0,0.0,inf,0
2017-07-19,return_alpha_raw,135.7376708984375,0.005868060455405555,0.0,0.0,1000000.0,0.0,0.0,1057199.2841800123,1057199.2841800123,0.005868060455405555,0.0,0.0,0.0,inf,0
2017-07-20,return_alpha_raw,135.91680908203125,0.0013197381567551236,0.0,0.0,1000000.0,0.0,0.0,1058594.5104146388,1058594.5104146388,0.0013197381567551236,0.0,0.0,0.0,inf,0
2017-07-21,return_alpha_raw,135.8602294921875,-0.00041628103415525253,0.0,0.0,1000000.0,0.0,0.0,1058153.8375970924,1058153.8375970924,-0.0004162810341551415,0.0,0.0,0.0,inf,0
2017-07-24,return_alpha_raw,136.482421875,0.004579650609586761,0.0,0.0,1000000.0,0.0,0.0,1062999.8124644805,1062999.8124644805,0.004579650609586761,0.0,0.0,0.0,inf,0
2017-07-25,return_alpha_raw,136.13363647460938,-0.0025555334936103735,4.0,0.0,1000000.0,0.0,0.0,1060283.280840026,1060283.280840026,-0.0025555334936103735,0.0,0.0,0.0,inf,0
2017-07-26,return_alpha_raw,136.57667541503906,0.0032544413849719955,4.0,4.0,1000000.0,40000.0,40000.0,1103829.6479536765,1063829.6479536765,0.0033447354850686395,3.76000049227259,28.0,6.349206349206349,2759.5741198841915,1
2017-07-27,return_alpha_raw,135.7188262939453,-0.006281080707865039,4.0,4.0,1000000.0,0.0,40000.0,1096890.0556407962,1056890.0556407962,-0.006523217628150224,3.7846888412388227,0.0,6.349206349206349,2742.2251391019904,0
2017-07-28,return_alpha_raw,135.605712890625,-0.000833439298062677,4.0,4.0,1000000.0,0.0,40000.0,1095969.5151564218,1055969.5151564218,-0.0008709898247800663,3.787988140365469,0.0,6.349206349206349,2739.9237878910544,0
2017-07-31,return_alpha_raw,135.03057861328125,-0.0042412245405002436,4.0,4.0,1000000.0,0.0,40000.0,1091314.9131467512,1051314.9131467512,-0.004407894302688398,3.80475911639774,0.0,6.349206349206349,2728.2872828668783,0
2017-08-01,return_alpha_raw,135.3417510986328,0.0023044593939181013,4.0,4.0,1051314.9131467512,2052.5965258700526,42052.59652587005,1095879.015557314,1053826.419031444,0.002388918727667777,3.9904670984164508,1.4368175681090367,6.675015321566675,2605.9722968191695,1
2017-08-02,return_alpha_raw,135.70941162109375,0.0027165343988566626,4.0,4.0,1051314.9131467512,0.0,42052.59652587005,1098849.3335847391,1056796.737058869,0.0028186027355008303,3.979251170182928,0.0,6.675015321566675,2613.0356371900734,0
2017-08-03,return_alpha_raw,135.1814727783203,-0.0038902153982324217,4.0,4.0,1051314.9131467512,0.0,42052.59652587005,1094567.8979715689,1052515.3014456988,-0.004051333111687816,3.9954380205312026,0.0,6.675015321566675,2602.8544927022735,0
2017-08-04,return_alpha_raw,135.4265899658203,0.0018132454282544508,4.0,4.0,1051314.9131467512,0.0,42052.59652587005,1096545.9431931584,1054493.3466672883,0.0018793505603884597,3.9879432770985894,0.0,6.675015321566675,2607.5582336957045,0
2017-08-07,return_alpha_raw,136.28448486328125,0.006334759648584987,4.0,4.0,1051314.9131467512,0.0,42052.59652587005,1103485.6231715966,1061433.0266457265,0.006581056201417468,3.961869988044559,0.0,6.675015321566675,2624.060615359983,0
2017-08-08,return_alpha_raw,136.04881286621094,-0.001729265053954876,3.0,4.0,1051314.9131467512,0.0,42052.59652587005,1101570.7290305828,1059518.1325047128,-0.0018040649696619004,3.969030376710707,0.0,6.675015321566675,2619.507046022509,0
2017-08-09,return_alpha_raw,135.86962890625,-0.0013170564019338027,4.0,3.0,1051314.9131467512,-10513.149131467515,31539.447394402538,1089608.239755235,1058068.7923608324,-0.0013679238697444918,2.980850358891094,7.3592043920272605,5.006261491175006,3454.747402925687,-1
2017-08-10,return_alpha_raw,132.95655822753906,-0.02144019014522336,4.0,4.0,1051314.9131467512,10513.149131467515,42052.59652587005,1076520.7006891724,1034468.1041633023,-0.022305438330593508,4.065141917534809,7.3592043920272605,6.675015321566675,2559.938718711257,1
2017-08-11,return_alpha_raw,133.9652862548828,0.007586899366163191,4.0,4.0,1051314.9131467512,0.0,42052.59652587005,1084681.4798955712,1042628.8833697012,0.007888864986320243,4.0333235724257985,0.0,6.675015321566675,2579.3448431377915,0
2017-08-14,return_alpha_raw,135.69053649902344,0.012878338055861471,4.0,4.0,1051314.9131467512,0.0,42052.59652587005,1098643.699661277,1056591.103135407,0.013391360999496671,3.9800256126594338,0.0,6.675015321566675,2612.54664497449,0
2017-08-15,return_alpha_raw,135.78482055664062,0.0006948462291462842,4.0,4.0,1051314.9131467512,0.0,42052.59652587005,1099400.4130778406,1057347.8165519706,0.0007161837860625297,3.977177222818154,0.0,6.675015321566675,2614.3460901433464,0
2017-08-16,return_alpha_raw,136.0205078125,0.00173574082061001,4.0,4.0,1051314.9131467512,0.0,42052.59652587005,1101302.0122376939,1059249.4157118239,0.001798461329455936,3.9700372643217725,0.0,6.675015321566675,2618.868044355338,0
2017-08-17,return_alpha_raw,133.2393798828125,-0.020446386904548253,4.0,4.0,1051314.9131467512,0.0,42052.59652587005,1078777.690181403,1036725.0936555329,-0.02126441773031751,4.056291950799702,0.0,6.675015321566675,2565.3057820526183,0
2017-08-18,return_alpha_raw,133.14511108398438,-0.0007075145419547235,4.0,4.0,1051314.9131467512,0.0,42052.59652587005,1078007.764262742,1035955.1677368719,-0.000742651956022633,4.059306602788358,0.0,6.675015321566675,2563.474917891383,0
2017-08-21,return_alpha_raw,132.9754180908203,-0.001274496613375642,4.0,4.0,1051314.9131467512,0.0,42052.59652587005,1076627.172002675,1034574.575476805,-0.0013326756823685004,4.064723561033698,0.0,6.675015321566675,2560.1919047741844,0
2017-08-22,return_alpha_raw,135.0022735595703,0.015242331987749047,4.0,4.0,1051314.9131467512,0.0,42052.59652587005,1093030.8057700498,1050978.2092441798,0.01585543870514594,4.001281487664007,0.0,6.675015321566675,2599.199326723228,0
2017-08-23,return_alpha_raw,134.5215301513672,-0.0035610023114980294,4.0,4.0,1051314.9131467512,0.0,42052.59652587005,1089131.8455288426,1047079.2490029726,-0.003709839278219773,4.016180873215898,0.0,6.675015321566675,2589.9276988968495,0
2017-08-24,return_alpha_raw,134.1255645751953,-0.002943510795084814,4.0,4.0,1051314.9131467512,0.0,42052.59652587005,1085919.2991689364,1043866.7026430664,-0.0030681024029128867,4.028540849075178,0.0,6.675015321566675,2582.2883457407847,0
2017-08-25,return_alpha_raw,133.84280395507812,-0.002108178414851447,4.0,4.0,1051314.9131467512,0.0,42052.59652587005,1083623.3125268365,1041570.7160009665,-0.002199501752749189,4.037421164001986,0.0,6.675015321566675,2576.828548173499,0
2017-08-28,return_alpha_raw,134.257568359375,0.003098892073690296,4.0,4.0,1051314.9131467512,0.0,42052.59652587005,1086974.6692055706,1044922.0726797006,0.0032175987931009065,4.02447202766291,0.0,6.675015321566675,2584.79798872082,0
2017-08-29,return_alpha_raw,134.78555297851562,0.003932624622899006,4.0,4.0,1051314.9131467512,0.0,42052.59652587005,1091242.6575388345,1049190.0610129645,0.00408450394996307,4.00810092360858,0.0,6.675015321566675,2594.947155920611,0
2017-08-30,return_alpha_raw,136.36936950683594,0.011750640134056356,4.0,4.0,1051314.9131467512,0.0,42052.59652587005,1104058.7822911832,1062006.1857653132,0.012215255584841378,3.959731787773505,0.0,6.675015321566675,2625.423573100854,0
2017-08-31,return_alpha_raw,137.8306121826172,0.010715329117276573,4.0,4.0,1051314.9131467512,0.0,42052.59652587005,1115882.4604929313,1073829.8639670613,0.011133342121945944,3.916132148766536,0.0,6.675015321566675,2653.539977743013,0
2017-09-01,return_alpha_raw,137.64199829101562,-0.0013684470279480276,4.0,4.0,1073829.8639670613,900.5980328123987,42953.19455868245,1115247.3525451228,1072294.1579864405,-0.0014301203869926393,4.005728674241794,0.6304186229686791,6.8179673902670554,2596.424699032518,1
2017-09-05,return_alpha_raw,136.4070281982422,-0.008972334811373162,4.0,4.0,1073829.8639670613,0.0,42953.19455868245,1105234.1619332002,1062280.9673745178,-0.009338100499144297,4.043487163743833,0.0,6.8179673902670554,2573.1128343044065,0
2017-09-06,return_alpha_raw,136.82183837890625,0.003040973666409652,4.0,4.0,1073829.8639670613,0.0,42953.19455868245,1108588.3319474652,1065635.1373887828,0.0031575168126705133,4.030759971366405,0.0,6.8179673902670554,2580.9217296583543,0
2017-09-07,return_alpha_raw,137.14236450195312,0.0023426532404806633,4.0,4.0,1073829.8639670613,0.0,42953.19455868245,1111178.552028271,1068225.3574695885,0.002430681937865442,4.020986232758034,0.0,6.8179673902670554,2586.9520612958927,0
2017-09-08,return_alpha_raw,135.95452880859375,-0.008661333043754382,4.0,4.0,1073829.8639670613,0.0,42953.19455868245,1101547.446550687,1058594.2519920047,-0.00901598657084679,4.057569222377269,0.0,6.8179673902670554,2564.529734908909,0
2017-09-11,return_alpha_raw,137.51954650878906,0.011511331868897523,4.0,4.0,1073829.8639670613,0.0,42953.19455868245,1114220.9068098785,1071267.7122511961,0.011971971541828497,4.009566802720045,0.0,6.8179673902670554,2594.0350147592285,0
2017-09-12,return_alpha_raw,137.84950256347656,0.002399339316221605,4.0,4.0,1073829.8639670613,0.0,42953.19455868245,1116887.4828711534,1073934.288312471,0.002489178037179185,3.999611058715431,0.0,6.8179673902670554,2600.243111941923,0
2017-09-13,return_alpha_raw,138.0380401611328,0.0013677060428232135,4.0,4.0,1073829.8639670613,0.0,42953.19455868245,1118408.2386632396,1075455.0441045573,0.0014160603759805213,3.9939553767629623,0.0,6.8179673902670554,2603.7836071430625,0
2017-09-14,return_alpha_raw,137.2272186279297,-0.005873899196602972,4.0,4.0,1073829.8639670613,0.0,42953.19455868245,1111832.0034412914,1068878.808882609,-0.006114839721100274,4.018528031590889,0.0,6.8179673902670554,2588.4733716890646,0
2017-09-15,return_alpha_raw,137.69863891601562,0.003435326408269823,4.0,4.0,1073829.8639670613,0.0,42953.19455868245,1115644.6913168826,1072691.4967582002,0.003566997347039802,4.004244900653362,0.0,6.8179673902670554,2597.349749604058,0
2017-09-18,return_alpha_raw,137.51812744140625,-0.001310916912689808,4.0,4.0,1073829.8639670613,0.0,42953.19455868245,1114175.3558550926,1071222.1612964103,-0.0013697651806046096,4.009737299189162,0.0,6.8179673902670554,2593.928966873259,0
2017-09-19,return_alpha_raw,137.75439453125,0.001718079603319378,4.0,4.0,1073829.8639670613,0.0,42953.19455868245,1116082.7798411183,1073129.5852824359,0.0017806054196238819,4.002610229721478,0.0,6.8179673902670554,2598.369670307831,0
2017-09-20,return_alpha_raw,137.32923889160156,-0.0030863308651252197,4.0,4.0,1073829.8639670613,0.0,42953.19455868245,1112631.3611422696,1069678.1665835872,-0.0032162180096267923,4.015525033652819,0.0,6.8179673902670554,2590.3343687794813,0
2017-09-21,return_alpha_raw,136.48837280273438,-0.0061229938770061,4.0,4.0,1073829.8639670613,0.0,42953.19455868245,1105811.9081632404,1062858.713604558,-0.006375238078205947,4.041289214538387,0.0,6.8179673902670554,2574.4578942841736,0
2017-09-22,return_alpha_raw,136.3560028076172,-0.0009698261646690076,4.0,4.0,1073829.8639670613,0.0,42953.19455868245,1104732.644874111,1061779.4503154287,-0.0010154343896463525,4.045397049822551,0.0,6.8179673902670554,2571.9452446425857,0
2017-09-25,return_alpha_raw,134.919921875,-0.010531849739269128,4.0,4.0,1073829.8639670613,0.0,42953.19455868245,1093090.9486888414,1050137.754130159,-0.010964326143071634,4.090243817037229,0.0,6.8179673902670554,2544.842030772509,0
2017-09-26,return_alpha_raw,135.2694854736328,0.0025908968355072837,4.0,4.0,1073829.8639670613,0.0,42953.19455868245,1095916.2166013308,1052963.0220426484,0.0026903783826242034,4.079269039795655,0.0,6.8179673902670554,2551.419580921031,0
2017-09-27,return_alpha_raw,136.48837280273438,0.009010807757815709,4.0,4.0,1073829.8639670613,0.0,42953.19455868245,1105784.4889804078,1062831.2944217254,0.009371907818693792,4.041393472710342,0.0,6.8179673902670554,2574.394059258364,0
2017-09-28,return_alpha_raw,136.4410400390625,-0.0003467897132913844,2.0,4.0,1073829.8639670613,0.0,42953.19455868245,1105394.1963271222,1062441.0017684398,-0.0003672197604023264,4.042878097436619,0.0,6.8179673902670554,2573.485412864782,0
2017-09-29,return_alpha_raw,137.4236297607422,0.007201570153660297,2.0,2.0,1073829.8639670613,-21476.597279341226,21476.597279341226,1091704.9568106646,1070228.3595313234,0.00732968489536967,2.0067303476004223,15.033618095538857,3.4089836951335277,5083.23056306875,-1
2017-10-02,return_alpha_raw,137.54649353027344,0.0008940512613817564,1.0,2.0,1070228.3595313234,-72.03008871475686,21404.56719062647,1092605.4545005625,1071200.887309936,0.0009087105288805297,1.9981842289525078,0.0504210621003298,3.397550347718487,5104.543552644403,-1
2017-10-03,return_alpha_raw,137.83938598632812,0.002129406926612898,4.0,1.0,1070228.3595313234,-10702.283595313234,10702.283595313234,1084197.7766849468,1073495.4930896335,0.002142087265685211,0.9969565465534401,7.491598516719264,1.6987751738592436,10130.52744331818,-1
2017-10-04,return_alpha_raw,137.9716796875,0.0009597670522487611,4.0,4.0,1070228.3595313234,32106.850785939703,42809.13438125294,1117346.728405792,1074537.594024539,0.0009707548300050828,3.9839587390253106,22.474795550157793,6.795100695436974,2610.06615657032,1
2017-10-05,return_alpha_raw,139.32273864746094,0.009792291889328508,4.0,4.0,1070228.3595313234,0.0,42809.13438125294,1128281.3186112323,1085472.1842299793,0.010176089013774092,3.9438260144474557,0.0,6.795100695436974,2635.6088132100413,0
2017-10-06,return_alpha_raw,139.51170349121094,0.0013563101442339853,4.0,4.0,1070228.3595313234,0.0,42809.13438125294,1129804.822908519,1086995.688527266,0.0014035406152461682,3.9382984526142506,0.0,6.795100695436974,2639.167643163758,0
2017-10-09,return_alpha_raw,139.35110473632812,-0.001151148977927341,4.0,4.0,1070228.3595313234,0.0,42809.13438125294,1128497.454140675,1085688.319759422,-0.0012027359276974847,3.943040889556501,0.0,6.795100695436974,2636.113695012878,0
2017-10-10,return_alpha_raw,139.45504760742188,0.0007459063298451696,4.0,4.0,1070228.3595313234,0.0,42809.13438125294,1129332.4124342373,1086523.2780529843,0.0007690589263660286,3.940010789089173,0.0,6.795100695436974,2638.0641158883063,0
2017-10-11,return_alpha_raw,139.8707733154297,0.0029810732213733093,4.0,4.0,1070228.3595313234,0.0,42809.13438125294,1132692.2399462785,1089883.1055650255,0.0030922738425465113,3.927864755648222,0.0,6.795100695436974,2645.9125051645738,0
2017-10-12,return_alpha_raw,139.61570739746094,-0.001823582667935475,4.0,4.0,1070228.3595313234,0.0,42809.13438125294,1130619.886908712,1087810.752527459,-0.001901445234800736,3.935347603596364,0.0,6.795100695436974,2641.071591963409,0
2017-10-13,return_alpha_raw,140.1541748046875,0.003856782429885408,4.0,4.0,1070228.3595313234,0.0,42809.13438125294,1134973.6467227251,1092164.512341472,0.004002313641318089,3.919659895327966,0.0,6.795100695436974,2651.24175745949,0
2017-10-16,return_alpha_raw,140.63607788085938,0.0034383783204705587,4.0,4.0,1070228.3595313234,0.0,42809.13438125294,1138869.3204032264,1096060.1860219734,0.0035669293741740216,3.9057284378355037,0.0,6.795100695436974,2660.341856624792,0
2017-10-17,return_alpha_raw,140.8155975341797,0.0012764836450600558,4.0,4.0,1070228.3595313234,0.0,42809.13438125294,1140316.2733638864,1097507.1389826334,0.001320140060840469,3.900579127069381,0.0,6.795100695436974,2663.721866479169,0
2017-10-18,return_alpha_raw,140.64552307128906,-0.0012077814238535822,4.0,4.0,1070228.3595313234,0.0,42809.13438125294,1138932.225450904,1096123.091069651,-0.0012610832894128787,3.9055042932703543,0.0,6.795100695436974,2660.4887996746497,0
2017-10-19,return_alpha_raw,140.1258087158203,-0.003695207242432663,4.0,4.0,1070228.3595313234,0.0,42809.13438125294,1134716.8397420826,1091907.7053608296,-0.0038457229330949305,3.920581764473062,0.0,6.795100695436974,2650.6418691778085,0
2017-10-20,return_alpha_raw,140.50381469726562,0.0026976185537093134,4.0,4.0,1070228.3595313234,0.0,42809.13438125294,1137771.077841482,1094961.9434602289,0.002797157749143242,3.909645868236319,0.0,6.795100695436974,2657.776416847468,0
2017-10-23,return_alpha_raw,139.58731079101562,-0.006522982370441244,4.0,4.0,1070228.3595313234,0.0,42809.13438125294,1130342.6220584286,1087533.4876771756,-0.006784213668265426,3.936350913909553,0.0,6.795100695436974,2640.4239151199245,0
2017-10-24,return_alpha_raw,139.823486328125,0.0016919556353010012,4.0,4.0,1070228.3595313234,0.0,42809.13438125294,1132248.316526946,1089439.1821456929,0.0017523087703603668,3.9294652774410666,0.0,6.795100695436974,2644.875522226823,0
2017-10-25,return_alpha_raw,139.29440307617188,-0.0037839369182336435,4.0,4.0,1070228.3595313234,0.0,42809.13438125294,1127957.1652207363,1085148.0308394833,-0.00393886265202803,3.945004106779357,0.0,6.795100695436974,2634.851607078263,0
2017-10-26,return_alpha_raw,138.85032653808594,-0.003188042938402136,1.0,4.0,1070228.3595313234,0.0,42809.13438125294,1124354.3942446387,1081545.2598633857,-0.0033200732745286565,3.9581454396703037,0.0,6.795100695436974,2626.4357140027064,0
2017-10-27,return_alpha_raw,142.89413452148438,0.029123503589955524,1.0,1.0,1070228.3595313234,-32106.850785939703,10702.283595313234,1124032.7905962258,1113330.5070009124,0.029388735096986807,0.9612853980030625,22.474795550157793,1.6987751738592436,10502.737855764393,-1
2017-10-30,return_alpha_raw,143.2154083251953,0.00224833443854644,3.0,1.0,1070228.3595313234,0.0,10702.283595313234,1126558.293454205,1115856.0098588916,0.002268421499364459,0.9591097328647823,0.0,1.6987751738592436,10526.335649968663,0
2017-10-31,return_alpha_raw,143.75396728515625,0.0037604819639103226,3.0,3.0,1070228.3595313234,21404.56719062647,32106.850785939703,1152259.618410928,1120152.7676249882,0.0038506381899936493,2.866292144598676,14.983197033438527,5.0963255215777306,3588.827898734708,1
2017-11-01,return_alpha_raw,143.70672607421875,-0.00032862544129852456,4.0,3.0,1120152.7676249882,1497.732242809947,33604.58302874965,1153371.8145063946,1119767.231477645,-0.00034418175670869466,3.00103290077573,1.0484125699669629,5.334060798214231,3432.1860608109705,1
2017-11-02,return_alpha_raw,143.43267822265625,-0.0019069939107858591,3.0,4.0,1120152.7676249882,11201.527676249876,44806.110704999526,1162337.5697128724,1117531.459007873,-0.0019966403792881504,4.009382496021875,7.841069373374913,7.112081064285639,2594.149662677991,1
2017-11-03,return_alpha_raw,144.81214904785156,0.009617549098915212,1.0,3.0,1120152.7676249882,-11201.527676249876,33604.58302874965,1162193.8988983994,1128589.3158696499,0.009894895371977963,2.9775740879537906,7.841069373374913,5.334060798214231,3458.4386835096584,-1
2017-11-06,return_alpha_raw,145.30345153808594,0.0033926883446224743,3.0,1.0,1120152.7676249882,-22403.055352499767,11201.527676249882,1143640.2852924832,1132438.7576162333,0.003410843689954035,0.9891508570254988,15.682138746749837,1.7780202660714097,10209.681378704216,-1
2017-11-07,return_alpha_raw,145.3884735107422,0.0005851338819296004,3.0,3.0,1120152.7676249882,22403.055352499767,33604.58302874965,1166704.606735697,1133100.0237069475,0.0005839309951789495,2.965720794781377,15.682138746749837,5.334060798214231,3471.8615783375412,1
2017-11-08,return_alpha_raw,145.97427368164062,0.0040292064202405165,3.0,3.0,1120152.7676249882,0.0,33604.58302874965,1171400.1663668826,1137795.583338133,0.004143993939585311,2.953481584992491,0.0,5.334060798214231,3485.8345522832924,0
2017-11-09,return_alpha_raw,145.20896911621094,-0.005242735902209472,4.0,3.0,1120152.7676249882,0.0,33604.58302874965,1165253.4905980187,1131648.9075692692,-0.005402267207638811,2.9695237457464416,0.0,5.334060798214231,3467.543369311002,0
2017-11-10,return_alpha_raw,145.19949340820312,-6.525566613058142e-05,4.0,4.0,1120152.7676249882,11201.527676249876,44806.110704999526,1176363.2952796149,1131557.1845746154,-8.105251906331823e-05,3.95968593684847,7.841069373374913,7.112081064285639,2625.452816078399,1
2017-11-13,return_alpha_raw,145.37901306152344,0.001236365562348185,3.0,4.0,1120152.7676249882,0.0,44806.110704999526,1177810.5982656446,1133004.4875606452,0.0012790365398755998,3.954627823360782,0.0,7.112081064285639,2628.682962509895,0
2017-11-14,return_alpha_raw,144.8499755859375,-0.003639022335101827,3.0,3.0,1120152.7676249882,-11201.527676249876,33604.58302874965,1162350.6075288428,1128746.0245000932,-0.0037585579821669546,2.9771606986286114,7.841069373374913,5.334060798214231,3458.905014635711,-1
2017-11-15,return_alpha_raw,144.16966247558594,-0.0046966739731891805,4.0,3.0,1120152.7676249882,0.0,33604.58302874965,1156886.0916219433,1123281.5085931937,-0.004841227156764161,2.9916439264487034,0.0,5.334060798214231,3442.6437924618654,0
2017-11-16,return_alpha_raw,146.01205444335938,0.012779331907539326,3.0,4.0,1120152.7676249882,11201.527676249876,44806.110704999526,1182999.9453282265,1138193.8346232271,0.01327568015315217,3.936597558519684,7.841069373374913,7.112081064285639,2640.2647467373818,1
2017-11-17,return_alpha_raw,145.45457458496094,-0.003818039959260333,3.0,3.0,1120152.7676249882,-11201.527676249876,33604.58302874965,1167311.2992765282,1133706.7162477786,-0.003942314778865308,2.9641337170490187,7.841069373374913,5.334060798214231,3473.6669646454507,-1
2017-11-20,return_alpha_raw,145.34124755859375,-0.0007791231502382034,3.0,3.0,1120152.7676249882,0.0,33604.58302874965,1166396.485958929,1132791.9029301794,-0.0008069223763857991,2.9665274744483145,0.0,5.334060798214231,3470.9446772812043,0
2017-11-21,return_alpha_raw,146.91908264160156,0.01085607224041274,1.0,3.0,1120152.7676249882,0.0,33604.58302874965,1179053.6364106645,1145449.053381915,0.011173411832301694,2.933747505358951,0.0,5.334060798214231,3508.6096304243724,0
2017-11-22,return_alpha_raw,147.0985565185547,0.0012215831580635328,1.0,1.0,1120152.7676249882,-22403.055352499767,11201.527676249882,1158046.0466117004,1146844.5189354506,0.0012182694196791743,0.9767259198001498,15.682138746749837,1.7780202660714097,10338.28670590223,-1
2017-11-24,return_alpha_raw,147.63714599609375,0.0036614191891890524,1.0,1.0,1120152.7676249882,0.0,11201.527676249882,1162284.3606084632,1151082.8329322133,0.0036956308608397936,0.9731295920481802,0.0,1.7780202660714097,10376.123634214686,0
2017-11-27,return_alpha_raw,147.57101440429688,-0.0004479332850191309,3.0,1.0,1120152.7676249882,0.0,11201.527676249882,1161761.9567364235,1150560.4290601737,-0.0004538369065142378,0.9735714346963734,0.0,1.7780202660714097,10371.459950053577,0
2017-11-28,return_alpha_raw,147.9488983154297,0.002560691966903006,1.0,3.0,1120152.7676249882,22403.055352499767,33604.58302874965,1187176.2375661952,1153571.6545374456,0.002617181506695543,2.9130902182426004,15.682138746749837,5.334060798214231,3532.7807416938726,1
2017-11-29,return_alpha_raw,145.36956787109375,-0.01743392802315269,3.0,1.0,1120152.7676249882,-22403.055352499767,11201.527676249882,1144449.4236339487,1133247.8959576988,-0.01761811544155545,0.9884446038863862,15.682138746749837,1.7780202660714097,10216.904842903488,-1
2017-11-30,return_alpha_raw,146.58837890625,0.00838422410553652,3.0,3.0,1120152.7676249882,22403.055352499767,33604.58302874965,1176614.4839862608,1143009.9009575113,0.008614183211487658,2.940008043727245,15.682138746749837,5.334060798214231,3501.3512382511476,1
2017-12-01,return_alpha_raw,145.96481323242188,-0.004253854763118237,0.0,3.0,1143009.9009575113,685.713999975691,34290.29702872534,1172286.2130691719,1137995.9160404466,-0.004386650468088171,3.013217933860019,0.4799997999829837,5.442904290273864,3418.7111651063724,1
2017-12-04,return_alpha_raw,144.2830810546875,-0.011521490285857694,4.0,0.0,1143009.9009575113,-34290.29702872534,0.0,1124860.7804932476,1124860.7804932476,-0.011542339794066714,0.0,24.003207920107737,0.0,inf,-1
2017-12-05,return_alpha_raw,144.37747192382812,0.000654206081895703,4.0,4.0,1143009.9009575113,45720.39603830045,45720.39603830045,1171307.6954362476,1125587.2993979473,0.0006458745093602669,4.061914705572399,32.004277226810316,7.257205720365151,2561.893152576874,1
2017-12-06,return_alpha_raw,145.0294647216797,0.004515890111966625,3.0,4.0,1143009.9009575113,0.0,45720.39603830045,1176589.9350704183,1130869.539032118,0.004692874232852473,4.04294168869659,0.0,7.257205720365151,2573.446507516638,0
2017-12-07,return_alpha_raw,145.52072143554688,0.0033872890230266517,0.0,3.0,1143009.9009575113,-11430.099009575111,34290.29702872534,1169093.0981080725,1134802.8010793473,0.003478086473702069,3.021696544642888,8.001069306702577,5.442904290273864,3409.3991578104765,-1
2017-12-08,return_alpha_raw,146.16319274902344,0.004414981640680882,4.0,0.0,1143009.9009575113,-34290.29702872534,0.0,1139788.8254302635,1139788.8254302635,0.004393736379725066,0.0,24.003207920107737,0.0,inf,-1
2017-12-11,return_alpha_raw,147.29698181152344,0.007757008048167258,3.0,4.0,1143009.9009575113,45720.39603830045,45720.39603830045,1194665.716300289,1148945.3202619886,0.008033501142870492,3.9793361121724264,32.004277226810316,7.257205720365151,2612.9819945118256,1
2017-12-12,return_alpha_raw,147.0985565185547,-0.0013471103788307293,0.0,3.0,1143009.9009575113,-11430.099009575111,34290.29702872534,1181628.2351147858,1147337.9380860606,-0.0013990066781954802,2.9886832719858396,8.001069306702577,5.442904290273864,3445.9550878924247,-1
2017-12-13,return_alpha_raw,147.38201904296875,0.0019270245141957965,0.0,0.0,1143009.9009575113,-34290.29702872534,0.0,1149524.8369561292,1149524.8369561292,0.0019060634164305146,0.0,24.003207920107737,0.0,inf,-1
2017-12-14,return_alpha_raw,147.2781524658203,-0.0007047438881818691,0.0,0.0,1143009.9009575113,0.0,0.0,1148714.716352971,1148714.716352971,-0.0007047438881818691,0.0,0.0,0.0,inf,0
2017-12-15,return_alpha_raw,148.9504852294922,0.01135492763639867,1.0,0.0,1143009.9009575113,0.0,0.0,1161758.2888320251,1161758.2888320251,0.01135492763639867,0.0,0.0,0.0,inf,0
2017-12-18,return_alpha_raw,150.19931030273438,0.008384162504191162,0.0,1.0,1143009.9009575113,11430.099009575113,11430.099009575113,1183014.7074802923,1171584.6084707172,0.008458144635723697,0.9756102057789025,8.001069306702579,1.8143014300912879,10349.995275537583,1
2017-12-19,return_alpha_raw,149.30926513671875,-0.0059257606724137935,3.0,0.0,1143009.9009575113,-11430.099009575113,0.0,1164634.1248165513,1164634.1248165513,-0.005932549475226034,0.0,8.001069306702579,0.0,inf,-1
2017-12-20,return_alpha_raw,149.1483154296875,-0.0010779619528893392,3.0,3.0,1143009.9009575113,34290.29702872534,34290.29702872534,1197602.606696472,1163312.3096677468,-0.0011349617194265083,2.9476432720392154,24.003207920107737,5.442904290273864,3492.540778206814,1
2017-12-21,return_alpha_raw,149.16726684570312,0.00012706423107111675,3.0,3.0,1143009.9009575113,0.0,34290.29702872534,1197749.3362465305,1163459.0392178053,0.00012613083248513846,2.9472715302275487,0.0,5.442904290273864,3492.9686821994087,0
2017-12-22,return_alpha_raw,148.99679565429688,-0.0011428190313534925,3.0,3.0,1143009.9009575113,0.0,34290.29702872534,1196375.0826059866,1162084.7855772614,-0.0011811792200847604,2.9507569029648524,0.0,5.442904290273864,3488.960978097596,0
2017-12-26,return_alpha_raw,148.19207763671875,-0.005400908214464151,4.0,3.0,1143009.9009575113,0.0,34290.29702872534,1189908.1276904694,1155617.830661744,-0.005564959627541111,2.9672696387082924,0.0,5.442904290273864,3470.1015470751704,0
2017-12-27,return_alpha_raw,148.2110137939453,0.00012778117108913634,4.0,4.0,1143009.9009575113,11430.099009575111,45720.39603830045,1201476.4758081133,1155756.079769813,0.00011963220400446062,3.9558862668848245,8.001069306702577,7.257205720365151,2627.8785398132245,1
2017-12-28,return_alpha_raw,148.39093017578125,0.0012139204586110175,4.0,4.0,1143009.9009575113,0.0,45720.39603830045,1202927.7154769164,1157207.319438616,0.001255662586773676,3.9509252378804787,0.0,7.257205720365151,2631.052702319576,0
2017-12-29,return_alpha_raw,147.47250366210938,-0.006189236178949287,4.0,4.0,1143009.9009575113,0.0,45720.39603830045,1195475.2545339055,1149754.8584956052,-0.0064400395830768176,3.9765342760215185,0.0,7.257205720365151,2614.7526227297844,0
2018-01-02,return_alpha_raw,150.05726623535156,0.01752708138165482,0.0,4.0,1149754.8584956052,269.7983015237551,45990.19433982421,1216695.4814883848,1170705.2871485606,0.018221648291504522,3.92841775335624,0.18885881106662855,7.300030847591144,2645.554120728761,1
2018-01-03,return_alpha_raw,151.51531982421875,0.009716647686892843,3.0,0.0,1149754.8584956052,-45990.19433982421,0.0,1182048.1120235673,1182048.1120235673,0.009688881565260488,0.0,32.19313603787695,0.0,inf,-1
2018-01-04,return_alpha_raw,151.78041076660156,0.0017495982762030238,3.0,3.0,1149754.8584956052,34492.64575486816,34492.64575486816,1218639.5532722196,1184146.9075173514,0.0017755584332275198,2.912868794901846,24.14485202840771,5.475023135693358,3533.0416864302892,1
2018-01-05,return_alpha_raw,153.30470275878906,0.010042745203341585,3.0,3.0,1149754.8584956052,0.0,34492.64575486816,1230872.5647773107,1196379.9190224425,0.010330653593259465,2.8830846461425033,0.0,5.475023135693358,3568.5072508640196,0
2018-01-08,return_alpha_raw,153.9011993408203,0.003890921617517362,3.0,3.0,1149754.8584956052,0.0,34492.64575486816,1235656.318424876,1201163.672670008,0.003998523856430181,2.8716024751394738,0.0,5.475023135693358,3582.376159852801,0
2018-01-09,return_alpha_raw,153.91065979003906,6.14709258879298e-05,0.0,3.0,1149754.8584956052,0.0,34492.64575486816,1235726.8003397132,1201234.154584845,5.8678027350378414e-05,2.871433985057564,0.0,5.475023135693358,3582.580498816353,0
2018-01-10,return_alpha_raw,153.55087280273438,-0.002337635273576888,1.0,0.0,1149754.8584956052,-34492.64575486816,0.0,1198402.0188430916,1198402.0188430916,-0.002357688324914675,0.0,24.14485202840771,0.0,inf,-1
2018-01-11,return_alpha_raw,154.60182189941406,0.006844305587437649,3.0,1.0,1149754.8584956052,11497.548584956052,11497.548584956052,1218170.561420997,1206673.012836041,0.006901685630448018,0.9528305069103509,8.048284009469237,1.825007711897786,10595.045999761289,1
2018-01-12,return_alpha_raw,155.73802185058594,0.007349201563168428,0.0,3.0,1149754.8584956052,22995.097169912107,34492.64575486816,1250265.5453010988,1215772.8995462307,0.007541302915859749,2.837096119492549,16.096568018938473,5.475023135693358,3624.730773587124,1
2018-01-16,return_alpha_raw,155.29298400878906,-0.0028576055898786867,1.0,0.0,1149754.8584956052,-34492.64575486816,0.0,1212274.6242569,1212274.6242569,-0.002877408511603008,0.0,24.14485202840771,0.0,inf,-1
2018-01-17,return_alpha_raw,156.9688262939453,0.010791487431662805,0.0,1.0,1149754.8584956052,11497.548584956052,11497.548584956052,1236968.5347196204,1225470.9861346644,0.010885620810427765,0.9382146713420934,8.048284009469237,1.825007711897786,10758.54148890599,1
2018-01-18,return_alpha_raw,156.99728393554688,0.00018129486136486683,0.0,0.0,1149754.8584956052,-11497.548584956052,0.0,1225685.1079840802,1225685.1079840802,0.00017472616801095242,0.0,8.048284009469237,0.0,inf,-1
2018-01-19,return_alpha_raw,157.4895477294922,0.0031354924213045088,0.0,0.0,1149754.8584956052,0.0,0.0,1229528.2343510701,1229528.2343510701,0.0031354924213045088,0.0,0.0,0.0,inf,0
2018-01-22,return_alpha_raw,159.17483520507812,0.010700948093905538,0.0,0.0,1149754.8584956052,0.0,0.0,1242685.3521668522,1242685.3521668522,0.010700948093905538,0.0,0.0,0.0,inf,0
2018-01-23,return_alpha_raw,160.49090576171875,0.008268081791603654,0.0,0.0,1149754.8584956052,0.0,0.0,1252959.9762997956,1252959.9762997956,0.008268081791603654,0.0,0.0,0.0,inf,0
2018-01-24,return_alpha_raw,159.4494171142578,-0.006489393542380761,0.0,0.0,1149754.8584956052,0.0,0.0,1244829.025920734,1244829.025920734,-0.006489393542380761,0.0,0.0,0.0,inf,0
2018-01-25,return_alpha_raw,159.3926544189453,-0.00035599186462897947,0.0,0.0,1149754.8584956052,0.0,0.0,1244385.8769146523,1244385.8769146523,-0.00035599186462897947,0.0,0.0,0.0,inf,0
2018-01-26,return_alpha_raw,161.83534240722656,0.015324972139938886,0.0,0.0,1149754.8584956052,0.0,0.0,1263456.0558097027,1263456.0558097027,0.015324972139938886,0.0,0.0,0.0,inf,0
2018-01-29,return_alpha_raw,161.0495147705078,-0.004855723261865563,0.0,0.0,1149754.8584956052,0.0,0.0,1257321.0628491626,1257321.0628491626,-0.004855723261865563,0.0,0.0,0.0,inf,0
2018-01-30,return_alpha_raw,159.7239990234375,-0.008230485816484112,0.0,0.0,1149754.8584956052,0.0,0.0,1246972.6996746159,1246972.6996746159,-0.008230485816484112,0.0,0.0,0.0,inf,0
2018-01-31,return_alpha_raw,160.38674926757812,0.004149346674217513,0.0,0.0,1149754.8584956052,0.0,0.0,1252146.8216988507,1252146.8216988507,0.004149346674217513,0.0,0.0,0.0,inf,0
2018-02-01,return_alpha_raw,159.0233917236328,-0.008500437537210637,1.0,0.0,1252146.8216988507,0.0,0.0,1241503.025853583,1241503.025853583,-0.008500437537210526,0.0,0.0,0.0,inf,0
2018-02-02,return_alpha_raw,155.8516387939453,-0.019945197340525245,2.0,1.0,1252146.8216988507,12521.468216988507,12521.468216988507,1229002.1503243002,1216480.6821073117,-0.020154879388286084,1.0293191171188634,8.765027751891955,1.9875346376172236,9815.160083678134,1
2018-02-05,return_alpha_raw,149.70692443847656,-0.039426690684932764,2.0,2.0,1252146.8216988507,12521.468216988507,25042.936433977015,1192562.0563340338,1167519.1199000569,-0.04024853244889892,2.1449701342896006,8.765027751891955,3.975069275234447,4762.069573901984,1
2018-02-06,return_alpha_raw,153.67396545410156,0.026498714274604485,2.0,2.0,1252146.8216988507,0.0,25042.936433977015,1224159.4424502891,1199116.5060163122,0.0270636990672668,2.0884489795886725,0.0,3.975069275234447,4888.242421880727,0
2018-02-07,return_alpha_raw,151.6857147216797,-0.012938110411523929,0.0,2.0,1252146.8216988507,0.0,25042.936433977015,1208317.1573532827,1183274.2209193057,-0.013211631244771649,2.116410210857187,0.0,3.975069275234447,4824.9819286922675,0
2018-02-08,return_alpha_raw,145.28538513183594,-0.042194676021979904,0.0,0.0,1252146.8216988507,-25042.936433977015,0.0,1133329.5581419638,1133329.5581419638,-0.04220886578475369,0.0,17.53005550378391,0.0,inf,-1
2018-02-09,return_alpha_raw,147.79446411132812,0.01727000260360234,1.0,0.0,1252146.8216988507,0.0,0.0,1152902.162561815,1152902.162561815,0.01727000260360234,0.0,0.0,0.0,inf,0
2018-02-12,return_alpha_raw,150.41702270507812,0.017744633464583215,1.0,1.0,1252146.8216988507,12521.468216988507,12521.468216988507,1186092.7378433428,1173571.2696263543,0.017927893394363403,1.0669542226417263,8.765027751891955,1.9875346376172236,9472.473333711067,1
2018-02-13,return_alpha_raw,151.19345092773438,0.0051618374615656215,1.0,1.0,1252146.8216988507,0.0,12521.468216988507,1192213.168235796,1179691.7000188075,0.005215218326196647,1.0614186924252227,0.0,1.9875346376172236,9521.352828402825,0
2018-02-14,return_alpha_raw,154.02432250976562,0.01872350663775979,4.0,1.0,1252146.8216988507,0.0,12521.468216988507,1214533.591870246,1202012.1236532575,0.018920556645515285,1.041708978685855,0.0,1.9875346376172236,9699.610068270005,0
2018-02-15,return_alpha_raw,156.8835906982422,0.018563744620887945,0.0,4.0,1252146.8216988507,37564.40465096552,50085.87286795403,1275306.89061194,1225221.017743986,0.019308369386649815,4.087905132428902,26.295083255675866,7.950138550468894,2546.2407213589913,1
2018-02-16,return_alpha_raw,156.18301391601562,-0.0044655835521644205,2.0,0.0,1252146.8216988507,-50085.87286795403,0.0,1219714.7873722299,1219714.7873722299,-0.004494071103917974,0.0,35.06011100756782,0.0,inf,-1
2018-02-20,return_alpha_raw,156.49539184570312,0.0020000762045446763,0.0,2.0,1252146.8216988507,25042.936433977015,25042.936433977015,1247225.793923789,1222182.857489812,0.0020234813442734367,2.0490335206804984,17.53005550378391,3.975069275234447,4980.349637559335,1
2018-02-21,return_alpha_raw,156.05044555664062,-0.0028431909963277935,0.0,0.0,1252146.8216988507,-25042.936433977015,0.0,1218690.477979323,1218690.477979323,-0.0028574934504169702,0.0,17.53005550378391,0.0,inf,-1
2018-02-22,return_alpha_raw,156.031494140625,-0.00012144416472525954,0.0,0.0,1252146.8216988507,0.0,0.0,1218542.4751321662,1218542.4751321662,-0.00012144416472514852,0.0,0.0,0.0,inf,0
2018-02-23,return_alpha_raw,159.22218322753906,0.020449006814216686,0.0,0.0,1252146.8216988507,0.0,0.0,1243460.4585095563,1243460.4585095563,0.020449006814216686,0.0,0.0,0.0,inf,0
2018-02-26,return_alpha_raw,161.3335418701172,0.013260455294479057,0.0,0.0,1252146.8216988507,0.0,0.0,1259949.3103300747,1259949.3103300747,0.013260455294479057,0.0,0.0,0.0,inf,0
2018-02-27,return_alpha_raw,159.3358154296875,-0.012382585897965148,0.0,0.0,1252146.8216988507,0.0,0.0,1244347.8797678307,1244347.8797678307,-0.012382585897965148,0.0,0.0,0.0,inf,0
2018-02-28,return_alpha_raw,158.313232421875,-0.006417785009948052,0.0,0.0,1252146.8216988507,0.0,0.0,1236361.922597896,1236361.922597896,-0.006417785009948052,0.0,0.0,0.0,inf,0
2018-03-01,return_alpha_raw,155.72853088378906,-0.01632650346749409,0.0,0.0,1236361.922597896,0.0,0.0,1216176.4553815238,1216176.4553815238,-0.01632650346749409,0.0,0.0,0.0,inf,0
2018-03-02,return_alpha_raw,157.158203125,0.009180541504483886,0.0,0.0,1236361.922597896,0.0,0.0,1227341.61380693,1227341.61380693,0.009180541504483886,0.0,0.0,0.0,inf,0
2018-03-05,return_alpha_raw,158.9002685546875,0.01108478841732441,0.0,0.0,1236361.922597896,0.0,0.0,1240946.4359117572,1240946.4359117572,0.01108478841732441,0.0,0.0,0.0,inf,0
2018-03-06,return_alpha_raw,159.572509765625,0.0042305857444548955,3.0,0.0,1236361.922597896,0.0,0.0,1246196.3662131575,1246196.3662131575,0.0042305857444548955,0.0,0.0,0.0,inf,0
2018-03-07,return_alpha_raw,159.94175720214844,0.002313978999677113,3.0,3.0,1236361.922597896,37090.85767793688,37090.85767793688,1286224.812460405,1249133.9547824683,0.002357243728961622,2.9693258706105787,25.963600374555817,5.887437726656648,3467.7677815617158,1
2018-03-08,return_alpha_raw,160.82228088378906,0.005505277027360256,1.0,3.0,1236361.922597896,0.0,37090.85767793688,1293299.9489347374,1256209.0912568006,0.005664033426714843,2.952602232867823,0.0,5.887437726656648,3486.842930849894,0
2018-03-09,return_alpha_raw,163.9467010498047,0.019427781703166724,0.0,1.0,1236361.922597896,-24727.23845195792,12363.61922597896,1293198.6563537014,1280835.0371277225,0.019603381349743598,0.9652780309402235,17.309066916370544,1.9624792422188826,10459.709513185084,-1
2018-03-12,return_alpha_raw,164.81776428222656,0.005313087892858892,0.0,0.0,1236361.922597896,-12363.61922597896,0.0,1287631.5257404803,1287631.5257404803,0.00530629504639335,0.0,8.654533458185272,0.0,inf,-1
2018-03-13,return_alpha_raw,162.57382202148438,-0.0136146869271917,0.0,0.0,1236361.922597896,0.0,0.0,1270100.8256399415,1270100.8256399415,-0.0136146869271917,0.0,0.0,0.0,inf,0
2018-03-14,return_alpha_raw,162.54547119140625,-0.00017438742428277365,0.0,0.0,1236361.922597896,0.0,0.0,1269879.3360283787,1269879.3360283787,-0.00017438742428277365,0.0,0.0,0.0,inf,0
2018-03-15,return_alpha_raw,162.4033966064453,-0.0008740605562220782,0.0,0.0,1236361.922597896,0.0,0.0,1268769.3845895948,1268769.3845895948,-0.0008740605562220782,0.0,0.0,0.0,inf,0
2018-03-16,return_alpha_raw,161.9205780029297,-0.0029729587779844246,0.0,0.0,1236361.922597896,0.0,0.0,1264997.3855104411,1264997.3855104411,-0.0029729587779845357,0.0,0.0,0.0,inf,0
2018-03-19,return_alpha_raw,158.4657745361328,-0.021336407696953552,0.0,0.0,1236361.922597896,0.0,0.0,1238006.88555761,1238006.88555761,-0.021336407696953552,0.0,0.0,0.0,inf,0
2018-03-20,return_alpha_raw,158.9873504638672,0.0032914105854160436,0.0,0.0,1236361.922597896,0.0,0.0,1242081.6745255524,1242081.6745255524,0.0032914105854160436,0.0,0.0,0.0,inf,0
2018-03-21,return_alpha_raw,158.29513549804688,-0.004353899626609814,4.0,0.0,1236361.922597896,0.0,0.0,1236673.7755866167,1236673.7755866167,-0.004353899626609814,0.0,0.0,0.0,inf,0
2018-03-22,return_alpha_raw,154.3879852294922,-0.024682693225294372,0.0,4.0,1236361.922597896,49454.47690391584,49454.47690391584,1254341.5298039005,1204887.0528999846,-0.025703401587499508,4.104490689387544,34.61813383274109,7.84991696887553,2536.355873788609,1
2018-03-23,return_alpha_raw,150.31964111328125,-0.026351429550450334,0.0,0.0,1236361.922597896,-49454.47690391584,0.0,1173102.850712723,1173102.850712723,-0.026379403870895324,0.0,34.61813383274109,0.0,inf,-1
2018-03-26,return_alpha_raw,155.90528869628906,0.0371584680593966,0.0,0.0,1236361.922597896,0.0,0.0,1216693.555521319,1216693.555521319,0.0371584680593966,0.0,0.0,0.0,inf,0
2018-03-27,return_alpha_raw,150.8601837158203,-0.03236006310406092,0.0,0.0,1236361.922597896,0.0,0.0,1177321.2752863448,1177321.2752863448,-0.03236006310406092,0.0,0.0,0.0,inf,0
2018-03-28,return_alpha_raw,149.12474060058594,-0.011503652405087106,0.0,0.0,1236361.922597896,0.0,0.0,1163777.7805663368,1163777.7805663368,-0.011503652405087106,0.0,0.0,0.0,inf,0
2018-03-29,return_alpha_raw,151.85597229003906,0.018315080907791215,0.0,0.0,1236361.922597896,0.0,0.0,1185092.464776099,1185092.464776099,0.018315080907791215,0.0,0.0,0.0,inf,0
2018-04-02,return_alpha_raw,147.4746551513672,-0.028851793397389303,0.0,0.0,1185092.464776099,0.0,0.0,1150900.421825576,1150900.421825576,-0.028851793397389303,0.0,0.0,0.0,inf,0
2018-04-03,return_alpha_raw,149.13424682617188,0.011253402648077282,0.0,0.0,1185092.464776099,0.0,0.0,1163851.9676802212,1163851.9676802212,0.011253402648077282,0.0,0.0,0.0,inf,0
2018-04-04,return_alpha_raw,151.486083984375,0.015769933521335266,0.0,0.0,1185092.464776099,0.0,0.0,1182205.8358392136,1182205.8358392136,0.015769933521335266,0.0,0.0,0.0,inf,0
2018-04-05,return_alpha_raw,152.3490753173828,0.005696835711304082,0.0,0.0,1185092.464776099,0.0,0.0,1188940.6682629345,1188940.6682629345,0.005696835711304082,0.0,0.0,0.0,inf,0
2018-04-06,return_alpha_raw,148.5367889404297,-0.025023364067101372,2.0,0.0,1185092.464776099,0.0,0.0,1159189.3730668083,1159189.3730668083,-0.025023364067101372,0.0,0.0,0.0,inf,0
2018-04-09,return_alpha_raw,149.57992553710938,0.007022749071935452,0.0,2.0,1185092.464776099,23701.84929552198,23701.84929552198,1191177.9005870703,1167476.0512915482,0.007148683741653228,2.030178629300468,16.591294506865385,3.7621983008765048,5025.674940951215,1
2018-04-10,return_alpha_raw,152.88014221191406,0.02206323250231823,0.0,0.0,1185092.464776099,-23701.84929552198,0.0,1193217.389499987,1193217.389499987,0.02204870770579137,0.0,16.591294506865385,0.0,inf,-1
2018-04-11,return_alpha_raw,151.9981689453125,-0.005769050537505538,0.0,0.0,1185092.464776099,0.0,0.0,1186333.6580777313,1186333.6580777313,-0.005769050537505427,0.0,0.0,0.0,inf,0
2018-04-12,return_alpha_raw,153.82850646972656,0.0120418393005286,0.0,0.0,1185092.464776099,0.0,0.0,1200619.2973451116,1200619.2973451116,0.0120418393005286,0.0,0.0,0.0,inf,0
2018-04-13,return_alpha_raw,153.03184509277344,-0.005178893010379104,0.0,0.0,1185092.464776099,0.0,0.0,1194401.4184579647,1194401.4184579647,-0.005178893010379215,0.0,0.0,0.0,inf,0
2018-04-16,return_alpha_raw,154.1983184814453,0.007622422561557096,0.0,0.0,1185092.464776099,0.0,0.0,1203505.6507775744,1203505.6507775744,0.007622422561557096,0.0,0.0,0.0,inf,0
2018-04-17,return_alpha_raw,157.51744079589844,0.021525022757316936,0.0,0.0,1185092.464776099,0.0,0.0,1229411.1372991211,1229411.1372991211,0.021525022757316936,0.0,0.0,0.0,inf,0
2018-04-18,return_alpha_raw,157.83987426757812,0.0020469699739311675,0.0,0.0,1185092.464776099,0.0,0.0,1231927.704982789,1231927.704982789,0.0020469699739311675,0.0,0.0,0.0,inf,0
2018-04-19,return_alpha_raw,156.3889923095703,-0.009192112986280088,0.0,0.0,1185092.464776099,0.0,0.0,1220603.6863276586,1220603.6863276586,-0.009192112986279977,0.0,0.0,0.0,inf,0
2018-04-20,return_alpha_raw,153.913818359375,-0.01582703433049648,0.0,0.0,1185092.464776099,0.0,0.0,1201285.1498802202,1201285.1498802202,-0.01582703433049648,0.0,0.0,0.0,inf,0
2018-04-23,return_alpha_raw,153.52496337890625,-0.0025264461931598925,0.0,0.0,1185092.464776099,0.0,0.0,1198250.1675864058,1198250.1675864058,-0.0025264461931598925,0.0,0.0,0.0,inf,0
2018-04-24,return_alpha_raw,150.27227783203125,-0.021186688309752122,0.0,0.0,1185092.464776099,0.0,0.0,1172863.2147686444,1172863.2147686444,-0.02118668830975201,0.0,0.0,0.0,inf,0
2018-04-25,return_alpha_raw,150.4524383544922,0.0011988939347968852,0.0,0.0,1185092.464776099,0.0,0.0,1174269.353363177,1174269.353363177,0.0011988939347968852,0.0,0.0,0.0,inf,0
2018-04-26,return_alpha_raw,153.61981201171875,0.02105232518574196,0.0,0.0,1185092.464776099,0.0,0.0,1198990.4536458296,1198990.4536458296,0.02105232518574196,0.0,0.0,0.0,inf,0
2018-04-27,return_alpha_raw,153.71466064453125,0.0006174244817149788,0.0,0.0,1185092.464776099,0.0,0.0,1199730.7397052532,1199730.7397052532,0.0006174244817149788,0.0,0.0,0.0,inf,0
2018-04-30,return_alpha_raw,152.6240692138672,-0.007094908358715846,0.0,0.0,1185092.464776099,0.0,0.0,1191218.76005191,1191218.76005191,-0.007094908358715846,0.0,0.0,0.0,inf,0
2018-05-01,return_alpha_raw,154.3690185546875,0.011432989238251645,0.0,0.0,1191218.76005191,0.0,0.0,1204837.951315987,1204837.951315987,0.011432989238251645,0.0,0.0,0.0,inf,0
2018-05-02,return_alpha_raw,153.45855712890625,-0.005897954358365709,0.0,0.0,1191218.76005191,0.0,0.0,1197731.8720698983,1197731.8720698983,-0.00589795435836582,0.0,0.0,0.0,inf,0
2018-05-03,return_alpha_raw,153.43960571289062,-0.00012349533561495374,0.0,0.0,1191218.76005191,0.0,0.0,1197583.9577703802,1197583.9577703802,-0.00012349533561506476,0.0,0.0,0.0,inf,0
2018-05-04,return_alpha_raw,156.35098266601562,0.01897409042208209,0.0,0.0,1191218.76005191,0.0,0.0,1220307.0240731502,1220307.0240731502,0.01897409042208209,0.0,0.0,0.0,inf,0
2018-05-07,return_alpha_raw,157.65020751953125,0.008309668614561394,0.0,0.0,1191218.76005191,0.0,0.0,1230447.3710512198,1230447.3710512198,0.008309668614561394,0.0,0.0,0.0,inf,0
2018-05-08,return_alpha_raw,157.48899841308594,-0.0010225746542410485,0.0,0.0,1191218.76005191,0.0,0.0,1229189.1467562052,1229189.1467562052,-0.0010225746542410485,0.0,0.0,0.0,inf,0
2018-05-09,return_alpha_raw,159.20550537109375,0.010899218201296135,0.0,0.0,1191218.76005191,0.0,0.0,1242586.3474773662,1242586.3474773662,0.010899218201296135,0.0,0.0,0.0,inf,0
2018-05-10,return_alpha_raw,160.85556030273438,0.010364308242949871,0.0,0.0,1191218.76005191,0.0,0.0,1255464.895401103,1255464.895401103,0.010364308242949871,0.0,0.0,0.0,inf,0
2018-05-11,return_alpha_raw,160.70388793945312,-0.0009429102916665988,0.0,0.0,1191218.76005191,0.0,0.0,1254281.1046304032,1254281.1046304032,-0.0009429102916664878,0.0,0.0,0.0,inf,0
2018-05-14,return_alpha_raw,160.9788818359375,0.0017111838425960535,0.0,0.0,1191218.76005191,0.0,0.0,1256427.4101907203,1256427.4101907203,0.0017111838425960535,0.0,0.0,0.0,inf,0
2018-05-15,return_alpha_raw,159.19602966308594,-0.011075068683037315,0.0,0.0,1191218.76005191,0.0,0.0,1242512.3903276075,1242512.3903276075,-0.011075068683037204,0.0,0.0,0.0,inf,0
2018-05-16,return_alpha_raw,160.24864196777344,0.006612051235920902,0.0,0.0,1191218.76005191,0.0,0.0,1250727.9459137202,1250727.9459137202,0.006612051235920902,0.0,0.0,0.0,inf,0
2018-05-17,return_alpha_raw,159.6322479248047,-0.0038464852831183727,0.0,0.0,1191218.76005191,0.0,0.0,1245917.0392765782,1245917.0392765782,-0.0038464852831183727,0.0,0.0,0.0,inf,0
2018-05-18,return_alpha_raw,158.8071746826172,-0.005168587506054201,0.0,0.0,1191218.76005191,0.0,0.0,1239477.4080337933,1239477.4080337933,-0.005168587506054201,0.0,0.0,0.0,inf,0
2018-05-21,return_alpha_raw,159.6986083984375,0.005613308829414576,0.0,0.0,1191218.76005191,0.0,0.0,1246434.9775121694,1246434.9775121694,0.005613308829414576,0.0,0.0,0.0,inf,0
2018-05-22,return_alpha_raw,159.49000549316406,-0.001306228697704026,0.0,0.0,1191218.76005191,0.0,0.0,1244806.848374721,1244806.848374721,-0.001306228697704026,0.0,0.0,0.0,inf,0
2018-05-23,return_alpha_raw,160.836669921875,0.008443566257000601,0.0,0.0,1191218.76005191,0.0,0.0,1255317.457476141,1255317.457476141,0.008443566257000601,0.0,0.0,0.0,inf,0
2018-05-24,return_alpha_raw,160.78924560546875,-0.0002948600989394201,0.0,0.0,1191218.76005191,0.0,0.0,1254947.314446429,1254947.314446429,-0.00029486009893953113,0.0,0.0,0.0,inf,0
2018-05-25,return_alpha_raw,160.95040893554688,0.0010023265515752833,0.0,0.0,1191218.76005191,0.0,0.0,1256205.1814605268,1256205.1814605268,0.0010023265515752833,0.0,0.0,0.0,inf,0
2018-05-29,return_alpha_raw,160.2391815185547,-0.004418922708528172,0.0,0.0,1191218.76005191,0.0,0.0,1250654.1078576,1250654.1078576,-0.004418922708528172,0.0,0.0,0.0,inf,0
2018-05-30,return_alpha_raw,161.3866424560547,0.00716092610200425,0.0,0.0,1191218.76005191,0.0,0.0,1259609.9495031363,1259609.9495031363,0.00716092610200425,0.0,0.0,0.0,inf,0
2018-05-31,return_alpha_raw,161.28237915039062,-0.0006460466868716264,0.0,0.0,1191218.76005191,0.0,0.0,1258796.1826685092,1258796.1826685092,-0.0006460466868717374,0.0,0.0,0.0,inf,0
2018-06-01,return_alpha_raw,163.8144073486328,0.015699348010492553,0.0,0.0,1258796.1826685092,0.0,0.0,1278558.4620145017,1278558.4620145017,0.015699348010492553,0.0,0.0,0.0,inf,0
2018-06-04,return_alpha_raw,165.2937469482422,0.009030582984444147,0.0,0.0,1258796.1826685092,0.0,0.0,1290104.5903061868,1290104.5903061868,0.009030582984444147,0.0,0.0,0.0,inf,0
2018-06-05,return_alpha_raw,165.80589294433594,0.00309839909584797,0.0,0.0,1258796.1826685092,0.0,0.0,1294101.849202341,1294101.849202341,0.00309839909584797,0.0,0.0,0.0,inf,0
2018-06-06,return_alpha_raw,166.77316284179688,0.005833748609801681,0.0,0.0,1258796.1826685092,0.0,0.0,1301651.3140660669,1301651.3140660669,0.005833748609801681,0.0,0.0,0.0,inf,0
2018-06-07,return_alpha_raw,165.41708374023438,-0.008131278908758754,0.0,0.0,1258796.1826685092,0.0,0.0,1291067.2241894433,1291067.2241894433,-0.008131278908758754,0.0,0.0,0.0,inf,0
2018-06-08,return_alpha_raw,165.426513671875,5.700699968480549e-05,0.0,0.0,1258796.1826685092,0.0,0.0,1291140.8240582857,1291140.8240582857,5.700699968480549e-05,0.0,0.0,0.0,inf,0
2018-06-11,return_alpha_raw,165.8722381591797,0.0026943957012162123,0.0,0.0,1258796.1826685092,0.0,0.0,1294619.668344293,1294619.668344293,0.0026943957012162123,0.0,0.0,0.0,inf,0
2018-06-12,return_alpha_raw,166.7447052001953,0.005259873808288296,0.0,0.0,1258796.1826685092,0.0,0.0,1301429.2044295121,1301429.2044295121,0.005259873808288296,0.0,0.0,0.0,inf,0
2018-06-13,return_alpha_raw,166.73524475097656,-5.6736129686374426e-05,0.0,0.0,1258796.1826685092,0.0,0.0,1301355.366373392,1301355.366373392,-5.6736129686374426e-05,0.0,0.0,0.0,inf,0
2018-06-14,return_alpha_raw,168.42327880859375,0.01012403862265776,0.0,0.0,1258796.1826685092,0.0,0.0,1314530.3383643592,1314530.3383643592,0.01012403862265776,0.0,0.0,0.0,inf,0
2018-06-15,return_alpha_raw,167.8352813720703,-0.0034911886330848407,0.0,0.0,1258796.1826685092,0.0,0.0,1309941.0649892164,1309941.0649892164,-0.0034911886330848407,0.0,0.0,0.0,inf,0
2018-06-18,return_alpha_raw,167.7383270263672,-0.0005776755930607669,0.0,0.0,1258796.1826685092,0.0,0.0,1309184.344007624,1309184.344007624,-0.0005776755930607669,0.0,0.0,0.0,inf,0
2018-06-19,return_alpha_raw,167.26315307617188,-0.002832828719703473,0.0,0.0,1258796.1826685092,0.0,0.0,1305475.6489985331,1305475.6489985331,-0.002832828719703473,0.0,0.0,0.0,inf,0
2018-06-20,return_alpha_raw,168.4511260986328,0.007102419155759598,0.0,0.0,1258796.1826685092,0.0,0.0,1314747.684255358,1314747.684255358,0.007102419155759598,0.0,0.0,0.0,inf,0
2018-06-21,return_alpha_raw,166.98756408691406,-0.008688348042635186,0.0,0.0,1258796.1826685092,0.0,0.0,1303324.698786299,1303324.698786299,-0.008688348042635075,0.0,0.0,0.0,inf,0
2018-06-22,return_alpha_raw,166.61692810058594,-0.0022195424452997603,0.0,0.0,1258796.1826685092,0.0,0.0,1300431.9142973353,1300431.9142973353,-0.0022195424452997603,0.0,0.0,0.0,inf,0
2018-06-25,return_alpha_raw,162.86302185058594,-0.0225301612074722,0.0,0.0,1258796.1826685092,0.0,0.0,1271132.9736288746,1271132.9736288746,-0.0225301612074722,0.0,0.0,0.0,inf,0
2018-06-26,return_alpha_raw,163.52825927734375,0.0040846437650414735,0.0,0.0,1258796.1826685092,0.0,0.0,1276325.0990041464,1276325.0990041464,0.0040846437650414735,0.0,0.0,0.0,inf,0
2018-06-27,return_alpha_raw,161.3043670654297,-0.013599436707403267,0.0,0.0,1258796.1826685092,0.0,0.0,1258967.7966021693,1258967.7966021693,-0.013599436707403267,0.0,0.0,0.0,inf,0
2018-06-28,return_alpha_raw,162.69195556640625,0.008602299653881706,0.0,0.0,1258796.1826685092,0.0,0.0,1269797.8148431284,1269797.8148431284,0.008602299653881706,0.0,0.0,0.0,inf,0
2018-06-29,return_alpha_raw,163.12908935546875,0.0026868801689710065,0.0,0.0,1258796.1826685092,0.0,0.0,1273209.609410433,1273209.609410433,0.0026868801689710065,0.0,0.0,0.0,inf,0
2018-07-02,return_alpha_raw,164.22201538085938,0.006699761702274154,0.0,0.0,1273209.609410433,0.0,0.0,1281739.8103905285,1281739.8103905285,0.006699761702274154,0.0,0.0,0.0,inf,0
2018-07-03,return_alpha_raw,162.3213348388672,-0.011573847377187363,0.0,0.0,1273209.609410433,0.0,0.0,1266905.1494478034,1266905.1494478034,-0.011573847377187474,0.0,0.0,0.0,inf,0
2018-07-05,return_alpha_raw,164.33604431152344,0.012411858703947898,0.0,0.0,1273209.609410433,0.0,0.0,1282629.7971540536,1282629.7971540536,0.012411858703947898,0.0,0.0,0.0,inf,0
2018-07-06,return_alpha_raw,166.8925323486328,0.015556465703063793,0.0,0.0,1273209.609410433,0.0,0.0,1302582.9836032083,1302582.9836032083,0.015556465703063793,0.0,0.0,0.0,inf,0
2018-07-09,return_alpha_raw,168.39407348632812,0.008997054071650412,0.0,0.0,1273209.609410433,0.0,0.0,1314302.393139498,1314302.393139498,0.008997054071650412,0.0,0.0,0.0,inf,0
2018-07-10,return_alpha_raw,168.51768493652344,0.0007340605737253814,0.0,0.0,1273209.609410433,0.0,0.0,1315267.1707082547,1315267.1707082547,0.0007340605737253814,0.0,0.0,0.0,inf,0
2018-07-11,return_alpha_raw,167.66233825683594,-0.005075708700898018,0.0,0.0,1273209.609410433,0.0,0.0,1308591.2576858853,1308591.2576858853,-0.005075708700898018,0.0,0.0,0.0,inf,0
2018-07-12,return_alpha_raw,170.55140686035156,0.01723147030843597,0.0,0.0,1273209.609410433,0.0,0.0,1331140.2090885786,1331140.2090885786,0.01723147030843597,0.0,0.0,0.0,inf,0
2018-07-13,return_alpha_raw,170.69395446777344,0.0008358043480614086,0.0,0.0,1273209.609410433,0.0,0.0,1332252.7818632142,1332252.7818632142,0.0008358043480614086,0.0,0.0,0.0,inf,0
2018-07-16,return_alpha_raw,170.28533935546875,-0.002393846422849344,0.0,0.0,1273209.609410433,0.0,0.0,1329063.57330702,1329063.57330702,-0.002393846422849344,0.0,0.0,0.0,inf,0
2018-07-17,return_alpha_raw,171.3212127685547,0.0060831626316553145,0.0,0.0,1273209.609410433,0.0,0.0,1337148.4831712553,1337148.4831712553,0.0060831626316553145,0.0,0.0,0.0,inf,0
2018-07-18,return_alpha_raw,170.998046875,-0.0018863157009708642,0.0,0.0,1273209.609410433,0.0,0.0,1334626.19899292,1334626.19899292,-0.0018863157009707532,0.0,0.0,0.0,inf,0
2018-07-19,return_alpha_raw,170.1427764892578,-0.005001638330801472,0.0,0.0,1273209.609410433,0.0,0.0,1327950.8814387452,1327950.8814387452,-0.005001638330801472,0.0,0.0,0.0,inf,0
2018-07-20,return_alpha_raw,170.104736328125,-0.0002235778792243348,0.0,0.0,1273209.609410433,0.0,0.0,1327653.980996959,1327653.980996959,-0.00022357787922444583,0.0,0.0,0.0,inf,0
2018-07-23,return_alpha_raw,170.6464080810547,0.003184342568127052,0.0,0.0,1273209.609410433,0.0,0.0,1331881.6860843909,1331881.6860843909,0.003184342568127052,0.0,0.0,0.0,inf,0
2018-07-24,return_alpha_raw,171.34971618652344,0.004121435155756137,0.0,0.0,1273209.609410433,0.0,0.0,1337370.9500887268,1337370.9500887268,0.004121435155756137,0.0,0.0,0.0,inf,0
2018-07-25,return_alpha_raw,173.74462890625,0.013976753349970839,0.0,0.0,1273209.609410433,0.0,0.0,1356063.0539955331,1356063.0539955331,0.013976753349970839,0.0,0.0,0.0,inf,0
2018-07-26,return_alpha_raw,171.1121063232422,-0.015151677491154425,0.0,0.0,1273209.609410433,0.0,0.0,1335516.4239437229,1335516.4239437229,-0.015151677491154425,0.0,0.0,0.0,inf,0
2018-07-27,return_alpha_raw,168.80271911621094,-0.01349634024531654,0.0,0.0,1273209.609410433,0.0,0.0,1317491.8398829699,1317491.8398829699,-0.013496340245316651,0.0,0.0,0.0,inf,0
2018-07-30,return_alpha_raw,166.4173583984375,-0.014131056242827733,0.0,0.0,1273209.609410433,0.0,0.0,1298874.288594117,1298874.288594117,-0.014131056242827844,0.0,0.0,0.0,inf,0
2018-07-31,return_alpha_raw,167.69081115722656,0.007652163037825455,0.0,0.0,1273209.609410433,0.0,0.0,1308813.4864160786,1308813.4864160786,0.007652163037825455,0.0,0.0,0.0,inf,0
2018-08-01,return_alpha_raw,168.3275604248047,0.0037971625468560255,0.0,0.0,1308813.4864160786,0.0,0.0,1313783.2639675178,1313783.2639675178,0.0037971625468560255,0.0,0.0,0.0,inf,0
2018-08-02,return_alpha_raw,170.61790466308594,0.013606472003165448,0.0,0.0,1308813.4864160786,0.0,0.0,1331659.2191669191,1331659.2191669191,0.013606472003165448,0.0,0.0,0.0,inf,0
2018-08-03,return_alpha_raw,171.14065551757812,0.0030638686808659443,0.0,0.0,1308813.4864160786,0.0,0.0,1335739.248142111,1335739.248142111,0.0030638686808659443,0.0,0.0,0.0,inf,0
2018-08-06,return_alpha_raw,172.1480255126953,0.005886210918560675,0.0,0.0,1308813.4864160786,0.0,0.0,1343601.6910888753,1343601.6910888753,0.005886210918560675,0.0,0.0,0.0,inf,0
2018-08-07,return_alpha_raw,172.77525329589844,0.003643537480811032,0.0,0.0,1308813.4864160786,0.0,0.0,1348497.1542096387,1348497.1542096387,0.003643537480811032,0.0,0.0,0.0,inf,0
2018-08-08,return_alpha_raw,172.9843292236328,0.0012101034363776186,0.0,0.0,1308813.4864160786,0.0,0.0,1350128.9752498933,1350128.9752498933,0.0012101034363776186,0.0,0.0,0.0,inf,0
2018-08-09,return_alpha_raw,172.87979125976562,-0.0006043204279622127,0.0,0.0,1308813.4864160786,0.0,0.0,1349313.064729766,1349313.064729766,-0.0006043204279623238,0.0,0.0,0.0,inf,0
2018-08-10,return_alpha_raw,171.5587921142578,-0.007641142645313015,0.0,0.0,1308813.4864160786,0.0,0.0,1339002.7711289814,1339002.7711289814,-0.007641142645313015,0.0,0.0,0.0,inf,0
2018-08-13,return_alpha_raw,171.3687286376953,-0.0011078620583661047,0.0,0.0,1308813.4864160786,0.0,0.0,1337519.3407628005,1337519.3407628005,-0.0011078620583661047,0.0,0.0,0.0,inf,0
2018-08-14,return_alpha_raw,172.44261169433594,0.006266505360560837,0.0,0.0,1308813.4864160786,0.0,0.0,1345900.9128815443,1345900.9128815443,0.006266505360560837,0.0,0.0,0.0,inf,0
2018-08-15,return_alpha_raw,170.3328094482422,-0.012234808005770037,0.0,0.0,1308813.4864160786,0.0,0.0,1329434.073617648,1329434.073617648,-0.012234808005769926,0.0,0.0,0.0,inf,0
2018-08-16,return_alpha_raw,170.8935546875,0.0032920565396310497,0.0,0.0,1308813.4864160786,0.0,0.0,1333810.6457537094,1333810.6457537094,0.0032920565396310497,0.0,0.0,0.0,inf,0
2018-08-17,return_alpha_raw,170.93154907226562,0.00022232778079378512,0.0,0.0,1308813.4864160786,0.0,0.0,1334107.1889145789,1334107.1889145789,0.00022232778079378512,0.0,0.0,0.0,inf,0
2018-08-20,return_alpha_raw,170.7794647216797,-0.0008897383274847348,0.0,0.0,1308813.4864160786,0.0,0.0,1332920.1826156287,1332920.1826156287,-0.0008897383274847348,0.0,0.0,0.0,inf,0
2018-08-21,return_alpha_raw,171.40673828125,0.003673003429262245,0.0,0.0,1308813.4864160786,0.0,0.0,1337816.0030173087,1337816.0030173087,0.003673003429262245,0.0,0.0,0.0,inf,0
2018-08-22,return_alpha_raw,172.0719757080078,0.003881045946199979,0.0,0.0,1308813.4864160786,0.0,0.0,1343008.1283925804,1343008.1283925804,0.003881045946199979,0.0,0.0,0.0,inf,0
2018-08-23,return_alpha_raw,171.8249053955078,-0.0014358544526695827,0.0,0.0,1308813.4864160786,0.0,0.0,1341079.7641914566,1341079.7641914566,-0.0014358544526694716,0.0,0.0,0.0,inf,0
2018-08-24,return_alpha_raw,173.42147827148438,0.009291859479285458,0.0,0.0,1308813.4864160786,0.0,0.0,1353540.888910837,1353540.888910837,0.009291859479285458,0.0,0.0,0.0,inf,0
2018-08-27,return_alpha_raw,175.18919372558594,0.01019317486922966,0.0,0.0,1308813.4864160786,0.0,0.0,1367337.7678841578,1367337.7678841578,0.01019317486922966,0.0,0.0,0.0,inf,0
2018-08-28,return_alpha_raw,175.44569396972656,0.0014641327965834172,0.0,0.0,1308813.4864160786,0.0,0.0,1369339.7319541243,1369339.7319541243,0.0014641327965834172,0.0,0.0,0.0,inf,0
2018-08-29,return_alpha_raw,177.47006225585938,0.011538432436433155,0.0,0.0,1308813.4864160786,0.0,0.0,1385139.7659338005,1385139.7659338005,0.011538432436433155,0.0,0.0,0.0,inf,0
2018-08-30,return_alpha_raw,177.15643310546875,-0.001767222856655426,0.0,0.0,1308813.4864160786,0.0,0.0,1382691.9152797798,1382691.9152797798,-0.001767222856655537,0.0,0.0,0.0,inf,0
2018-08-31,return_alpha_raw,177.38449096679688,0.001287324752087038,0.0,0.0,1308813.4864160786,0.0,0.0,1384471.8888068302,1384471.8888068302,0.001287324752087038,0.0,0.0,0.0,inf,0
2018-09-04,return_alpha_raw,176.6241912841797,-0.004286167739204982,0.0,0.0,1384471.8888068302,0.0,0.0,1378537.81006119,1378537.81006119,-0.004286167739205093,0.0,0.0,0.0,inf,0
2018-09-05,return_alpha_raw,174.34332275390625,-0.012913681380166242,0.0,0.0,1384471.8888068302,0.0,0.0,1360735.8120115476,1360735.8120115476,-0.012913681380166353,0.0,0.0,0.0,inf,0
2018-09-06,return_alpha_raw,172.78475952148438,-0.008939621017903021,0.0,0.0,1384471.8888068302,0.0,0.0,1348571.3495466758,1348571.3495466758,-0.008939621017903021,0.0,0.0,0.0,inf,0
2018-09-07,return_alpha_raw,172.1195068359375,-0.003850181505528849,0.0,0.0,1384471.8888068302,0.0,0.0,1343379.1050777652,1343379.1050777652,-0.003850181505528849,0.0,0.0,0.0,inf,0
2018-09-10,return_alpha_raw,172.69921875,0.0033680779402596173,0.0,0.0,1384471.8888068302,0.0,0.0,1347903.7106069834,1347903.7106069834,0.0033680779402596173,0.0,0.0,0.0,inf,0
2018-09-11,return_alpha_raw,174.0297088623047,0.0077040887731560925,0.0,0.0,1384471.8888068302,0.0,0.0,1358288.080451166,1358288.080451166,0.0077040887731560925,0.0,0.0,0.0,inf,0
2018-09-12,return_alpha_raw,173.51658630371094,-0.002948476797141275,0.0,0.0,1384471.8888068302,0.0,0.0,1354283.199562122,1354283.199562122,-0.002948476797141386,0.0,0.0,0.0,inf,0
2018-09-13,return_alpha_raw,175.36972045898438,0.01067986752591965,0.0,0.0,1384471.8888068302,0.0,0.0,1368746.7647260241,1368746.7647260241,0.01067986752591965,0.0,0.0,0.0,inf,0
2018-09-14,return_alpha_raw,174.85655212402344,-0.002926208319303125,0.0,0.0,1384471.8888068302,0.0,0.0,1364741.5265560637,1364741.5265560637,-0.002926208319303014,0.0,0.0,0.0,inf,0
2018-09-17,return_alpha_raw,172.3380889892578,-0.014403024102747408,0.0,0.0,1384471.8888068302,0.0,0.0,1345085.1214550564,1345085.1214550564,-0.014403024102747408,0.0,0.0,0.0,inf,0
2018-09-18,return_alpha_raw,173.7635955810547,0.008271570145388596,0.0,0.0,1384471.8888068302,0.0,0.0,1356211.0873886903,1356211.0873886903,0.008271570145388596,0.0,0.0,0.0,inf,0
2018-09-19,return_alpha_raw,173.63050842285156,-0.0007659093250118598,0.0,0.0,1384471.8888068302,0.0,0.0,1355172.3526701748,1355172.3526701748,-0.0007659093250118598,0.0,0.0,0.0,inf,0
2018-09-20,return_alpha_raw,175.55030822753906,0.011056811513862064,0.0,0.0,1384471.8888068302,0.0,0.0,1370156.237942446,1370156.237942446,0.011056811513862064,0.0,0.0,0.0,inf,0
2018-09-21,return_alpha_raw,174.59042358398438,-0.005467860770204558,0.0,0.0,1384471.8888068302,0.0,0.0,1362664.4143999494,1362664.4143999494,-0.005467860770204669,0.0,0.0,0.0,inf,0
2018-09-24,return_alpha_raw,175.07595825195312,0.002780992553896855,0.0,0.0,1384471.8888068302,0.0,0.0,1366453.9739898557,1366453.9739898557,0.002780992553896855,0.0,0.0,0.0,inf,0
2018-09-25,return_alpha_raw,175.31394958496094,0.0013593604477966093,0.0,0.0,1384471.8888068302,0.0,0.0,1368311.477475832,1368311.477475832,0.0013593604477966093,0.0,0.0,0.0,inf,0
2018-09-26,return_alpha_raw,175.43777465820312,0.0007063047380733156,0.0,0.0,1384471.8888068302,0.0,0.0,1369277.9223555333,1369277.9223555333,0.0007063047380733156,0.0,0.0,0.0,inf,0
2018-09-27,return_alpha_raw,176.92298889160156,0.008465760787789378,0.0,0.0,1384471.8888068302,0.0,0.0,1380869.9016981965,1380869.9016981965,0.008465760787789378,0.0,0.0,0.0,inf,0
2018-09-28,return_alpha_raw,176.8849334716797,-0.0002150959587574608,0.0,0.0,1384471.8888068302,0.0,0.0,1380572.8821627714,1380572.8821627714,-0.0002150959587574608,0.0,0.0,0.0,inf,0
2018-10-01,return_alpha_raw,177.24668884277344,0.002045145191247544,0.0,0.0,1380572.8821627714,0.0,0.0,1383396.3541538934,1383396.3541538934,0.002045145191247544,0.0,0.0,0.0,inf,0
2018-10-02,return_alpha_raw,176.8468475341797,-0.0022558464206258177,0.0,0.0,1380572.8821627714,0.0,0.0,1380275.6244400686,1380275.6244400686,-0.0022558464206258177,0.0,0.0,0.0,inf,0
2018-10-03,return_alpha_raw,177.0372314453125,0.0010765468188287386,1.0,0.0,1380572.8821627714,0.0,0.0,1381761.5557726664,1381761.5557726664,0.0010765468188287386,0.0,0.0,0.0,inf,0
2018-10-04,return_alpha_raw,173.63836669921875,-0.01919858731604529,0.0,1.0,1380572.8821627714,13805.728821627714,13805.728821627714,1368762.6943652353,1354956.9655436075,-0.0193988536712979,1.0189053359409734,9.6640101751394,2.191385527242494,9914.45444170224,1
2018-10-05,return_alpha_raw,171.51527404785156,-0.012227094113623327,0.0,0.0,1380572.8821627714,-13805.728821627714,0.0,1338380.2333585832,1338380.2333585832,-0.012234139243214814,0.0,9.6640101751394,0.0,inf,-1
2018-10-08,return_alpha_raw,170.46798706054688,-0.006106085846398157,0.0,0.0,1380572.8821627714,0.0,0.0,1330207.9687585733,1330207.9687585733,-0.006106085846398157,0.0,0.0,0.0,inf,0
2018-10-09,return_alpha_raw,171.02015686035156,0.0032391407285672358,0.0,0.0,1380572.8821627714,0.0,0.0,1334516.699567644,1334516.699567644,0.0032391407285672358,0.0,0.0,0.0,inf,0
2018-10-10,return_alpha_raw,163.4988250732422,-0.04397921230566404,0.0,0.0,1380572.8821627714,0.0,0.0,1275825.7063119044,1275825.7063119044,-0.04397921230566415,0.0,0.0,0.0,inf,0
2018-10-11,return_alpha_raw,161.47093200683594,-0.012403104826581024,0.0,0.0,1380572.8821627714,0.0,0.0,1260001.506336071,1260001.506336071,-0.012403104826581024,0.0,0.0,0.0,inf,0
2018-10-12,return_alpha_raw,165.9647216796875,0.02783033216567632,0.0,0.0,1380572.8821627714,0.0,0.0,1295067.7667866563,1295067.7667866563,0.02783033216567632,0.0,0.0,0.0,inf,0
2018-10-15,return_alpha_raw,163.955810546875,-0.012104446731093232,0.0,0.0,1380572.8821627714,0.0,0.0,1279391.6879904314,1279391.6879904314,-0.012104446731093232,0.0,0.0,0.0,inf,0
2018-10-16,return_alpha_raw,168.72569274902344,0.029092486483025315,0.0,0.0,1380572.8821627714,0.0,0.0,1316612.373379788,1316612.373379788,0.029092486483025315,0.0,0.0,0.0,inf,0
2018-10-17,return_alpha_raw,168.7923126220703,0.000394841306984306,0.0,0.0,1380572.8821627714,0.0,0.0,1317132.226330085,1317132.226330085,0.000394841306984306,0.0,0.0,0.0,inf,0
2018-10-18,return_alpha_raw,164.87936401367188,-0.023182030908952656,0.0,0.0,1380572.8821627714,0.0,0.0,1286598.4263481232,1286598.4263481232,-0.023182030908952656,0.0,0.0,0.0,inf,0
2018-10-19,return_alpha_raw,164.72703552246094,-0.0009238784496906627,0.0,0.0,1380572.8821627714,0.0,0.0,1285409.7657886143,1285409.7657886143,-0.0009238784496906627,0.0,0.0,0.0,inf,0
2018-10-22,return_alpha_raw,165.57432556152344,0.005143600359073908,0.0,0.0,1380572.8821627714,0.0,0.0,1292021.3999214817,1292021.3999214817,0.005143600359073908,0.0,0.0,0.0,inf,0
2018-10-23,return_alpha_raw,164.9650115966797,-0.0036800026983491163,0.0,0.0,1380572.8821627714,0.0,0.0,1287266.757683446,1287266.757683446,-0.0036800026983491163,0.0,0.0,0.0,inf,0
2018-10-24,return_alpha_raw,157.4150848388672,-0.04576683676579363,0.0,0.0,1380572.8821627714,0.0,0.0,1228352.6301105153,1228352.6301105153,-0.04576683676579363,0.0,0.0,0.0,inf,0
2018-10-25,return_alpha_raw,162.86093139648438,0.03459545546852549,0.0,0.0,1380572.8821627714,0.0,0.0,1270848.04882515,1270848.04882515,0.03459545546852549,0.0,0.0,0.0,inf,0
2018-10-26,return_alpha_raw,158.67184448242188,-0.025721865140659106,0.0,0.0,1380572.8821627714,0.0,0.0,1238159.4666989995,1238159.4666989995,-0.025721865140659217,0.0,0.0,0.0,inf,0
2018-10-29,return_alpha_raw,155.40625,-0.02058080621091951,0.0,0.0,1380572.8821627714,0.0,0.0,1212677.146656652,1212677.146656652,-0.02058080621091951,0.0,0.0,0.0,inf,0
2018-10-30,return_alpha_raw,157.96731567382812,0.016479811293484747,0.0,0.0,1380572.8821627714,0.0,0.0,1232661.837193475,1232661.837193475,0.016479811293484747,0.0,0.0,0.0,inf,0
2018-10-31,return_alpha_raw,161.68040466308594,0.02350542562187119,0.0,0.0,1380572.8821627714,0.0,0.0,1261636.0783245454,1261636.0783245454,0.02350542562187119,0.0,0.0,0.0,inf,0
2018-11-01,return_alpha_raw,163.81297302246094,0.01319002363841748,0.0,0.0,1261636.0783245454,0.0,0.0,1278277.0880207266,1278277.0880207266,0.01319002363841748,0.0,0.0,0.0,inf,0
2018-11-02,return_alpha_raw,161.261474609375,-0.01557567978902441,0.0,0.0,1261636.0783245454,0.0,0.0,1258367.0534160691,1258367.0534160691,-0.01557567978902441,0.0,0.0,0.0,inf,0
2018-11-05,return_alpha_raw,160.86155700683594,-0.0024799326901095986,0.0,0.0,1261636.0783245454,0.0,0.0,1255246.3878241458,1255246.3878241458,-0.0024799326901094876,0.0,0.0,0.0,inf,0
2018-11-06,return_alpha_raw,162.08026123046875,0.007576106102100022,0.0,0.0,1261636.0783245454,0.0,0.0,1264756.2676425793,1264756.2676425793,0.007576106102100022,0.0,0.0,0.0,inf,0
2018-11-07,return_alpha_raw,167.1643524169922,0.03136773810658022,0.0,0.0,1261636.0783245454,0.0,0.0,1304428.8110146476,1304428.8110146476,0.03136773810658022,0.0,0.0,0.0,inf,0
2018-11-08,return_alpha_raw,166.09800720214844,-0.006379022796581313,0.0,0.0,1261636.0783245454,0.0,0.0,1296107.8298926677,1296107.8298926677,-0.006379022796581313,0.0,0.0,0.0,inf,0
2018-11-09,return_alpha_raw,163.2989501953125,-0.016851839790162915,0.0,0.0,1261636.0783245454,0.0,0.0,1274266.0283925408,1274266.0283925408,-0.016851839790162915,0.0,0.0,0.0,inf,0
2018-11-12,return_alpha_raw,158.357666015625,-0.030259130103270748,0.0,0.0,1261636.0783245454,0.0,0.0,1235707.8468532327,1235707.8468532327,-0.030259130103270748,0.0,0.0,0.0,inf,0
2018-11-13,return_alpha_raw,158.49087524414062,0.0008411921687609958,0.0,0.0,1261636.0783245454,0.0,0.0,1236747.3146168822,1236747.3146168822,0.0008411921687609958,0.0,0.0,0.0,inf,0
2018-11-14,return_alpha_raw,157.28179931640625,-0.007628678470428696,0.0,0.0,1261636.0783245454,0.0,0.0,1227312.567004504,1227312.567004504,-0.007628678470428696,0.0,0.0,0.0,inf,0
2018-11-15,return_alpha_raw,160.0332794189453,0.01749395107697027,0.0,0.0,1261636.0783245454,0.0,0.0,1248783.1130078316,1248783.1130078316,0.01749395107697027,0.0,0.0,0.0,inf,0
2018-11-16,return_alpha_raw,159.47158813476562,-0.003509840492047056,0.0,0.0,1261636.0783245454,0.0,0.0,1244400.083472012,1244400.083472012,-0.003509840492047167,0.0,0.0,0.0,inf,0
2018-11-19,return_alpha_raw,154.29232788085938,-0.03247763638955792,0.0,0.0,1261636.0783245454,0.0,0.0,1203984.9100378726,1203984.9100378726,-0.03247763638955792,0.0,0.0,0.0,inf,0
2018-11-20,return_alpha_raw,151.5313262939453,-0.01789461358730704,0.0,0.0,1261636.0783245454,0.0,0.0,1182440.0653077962,1182440.0653077962,-0.01789461358730704,0.0,0.0,0.0,inf,0
2018-11-21,return_alpha_raw,152.6833038330078,0.0076022401917597016,0.0,0.0,1261636.0783245454,0.0,0.0,1191429.2586966262,1191429.2586966262,0.0076022401917597016,0.0,0.0,0.0,inf,0
2018-11-23,return_alpha_raw,151.57894897460938,-0.007232977219344794,0.0,0.0,1261636.0783245454,0.0,0.0,1182811.6780100127,1182811.6780100127,-0.007232977219344683,0.0,0.0,0.0,inf,0
2018-11-26,return_alpha_raw,155.08255004882812,0.02311403461971251,0.0,0.0,1261636.0783245454,0.0,0.0,1210151.2280841365,1210151.2280841365,0.02311403461971251,0.0,0.0,0.0,inf,0
2018-11-27,return_alpha_raw,155.60618591308594,0.003376497640082299,0.0,0.0,1261636.0783245454,0.0,0.0,1214237.3008499052,1214237.3008499052,0.003376497640082299,0.0,0.0,0.0,inf,0
2018-11-28,return_alpha_raw,160.6140594482422,0.032182997775894284,0.0,0.0,1261636.0783245454,0.0,0.0,1253315.0972025655,1253315.0972025655,0.032182997775894284,0.0,0.0,0.0,inf,0
2018-11-29,return_alpha_raw,160.09046936035156,-0.0032599268687268923,0.0,0.0,1261636.0783245454,0.0,0.0,1249229.3816422138,1249229.3816422138,-0.0032599268687268923,0.0,0.0,0.0,inf,0
2018-11-30,return_alpha_raw,161.25193786621094,0.007255075898646934,0.0,0.0,1261636.0783245454,0.0,0.0,1258292.6356208478,1258292.6356208478,0.007255075898646934,0.0,0.0,0.0,inf,0
2018-12-03,return_alpha_raw,164.07008361816406,0.017476662849728486,0.0,0.0,1258292.6356208478,0.0,0.0,1280283.3917798896,1280283.3917798896,0.017476662849728486,0.0,0.0,0.0,inf,0
2018-12-04,return_alpha_raw,157.77688598632812,-0.038356764944923905,0.0,0.0,1258292.6356208478,0.0,0.0,1231175.8626584983,1231175.8626584983,-0.038356764944924016,0.0,0.0,0.0,inf,0
2018-12-06,return_alpha_raw,158.89080810546875,0.007060109674348336,0.0,0.0,1258292.6356208478,0.0,0.0,1239868.0992772777,1239868.0992772777,0.007060109674348336,0.0,0.0,0.0,inf,0
2018-12-07,return_alpha_raw,153.6448974609375,-0.03301582204207254,0.0,0.0,1258292.6356208478,0.0,0.0,1198932.8347558964,1198932.8347558964,-0.03301582204207254,0.0,0.0,0.0,inf,0
2018-12-10,return_alpha_raw,155.25390625,0.010472256584189932,0.0,0.0,1258292.6356208478,0.0,0.0,1211488.3670286704,1211488.3670286704,0.010472256584189932,0.0,0.0,0.0,inf,0
2018-12-11,return_alpha_raw,155.76806640625,0.0033117373254496485,0.0,0.0,1258292.6356208478,0.0,0.0,1215500.4982731072,1215500.4982731072,0.0033117373254496485,0.0,0.0,0.0,inf,0
2018-12-12,return_alpha_raw,157.13900756835938,0.008801169544814691,0.0,0.0,1258292.6356208478,0.0,0.0,1226198.3242402156,1226198.3242402156,0.008801169544814691,0.0,0.0,0.0,inf,0
2018-12-13,return_alpha_raw,157.18658447265625,0.00030276953528662887,0.0,0.0,1258292.6356208478,0.0,0.0,1226569.579737015,1226569.579737015,0.00030276953528662887,0.0,0.0,0.0,inf,0
2018-12-14,return_alpha_raw,153.3592529296875,-0.024348970720427743,0.0,0.0,1258292.6356208478,0.0,0.0,1196703.8729534312,1196703.8729534312,-0.024348970720427632,0.0,0.0,0.0,inf,0
2018-12-17,return_alpha_raw,149.8842315673828,-0.022659352441537495,0.0,0.0,1258292.6356208478,0.0,0.0,1169587.3381280266,1169587.3381280266,-0.022659352441537384,0.0,0.0,0.0,inf,0
2018-12-18,return_alpha_raw,150.82681274414062,0.006288728086343509,0.0,0.0,1258292.6356208478,0.0,0.0,1176942.554870744,1176942.554870744,0.006288728086343509,0.0,0.0,0.0,inf,0
2018-12-19,return_alpha_raw,147.12322998046875,-0.02455520140145473,0.0,0.0,1258292.6356208478,0.0,0.0,1148042.4933979502,1148042.4933979502,-0.02455520140145473,0.0,0.0,0.0,inf,0
2018-12-20,return_alpha_raw,144.99063110351562,-0.014495323935154514,0.0,0.0,1258292.6356208478,0.0,0.0,1131401.2455648244,1131401.2455648244,-0.014495323935154514,0.0,0.0,0.0,inf,0
2018-12-21,return_alpha_raw,140.496826171875,-0.030993760751563904,0.0,0.0,1258292.6356208478,0.0,0.0,1096334.866045767,1096334.866045767,-0.030993760751563793,0.0,0.0,0.0,inf,0
2018-12-24,return_alpha_raw,137.0128173828125,-0.024797775750467044,0.0,0.0,1258292.6356208478,0.0,0.0,1069148.1998901458,1069148.1998901458,-0.024797775750466933,0.0,0.0,0.0,inf,0
2018-12-26,return_alpha_raw,145.56773376464844,0.062438803502110174,0.0,0.0,1258292.6356208478,0.0,0.0,1135904.5342577214,1135904.5342577214,0.062438803502110174,0.0,0.0,0.0,inf,0
2018-12-27,return_alpha_raw,146.13108825683594,0.0038700505779551975,0.0,0.0,1258292.6356208478,0.0,0.0,1140300.5422570275,1140300.5422570275,0.0038700505779551975,0.0,0.0,0.0,inf,0
2018-12-28,return_alpha_raw,146.05465698242188,-0.0005230322673005494,0.0,0.0,1258292.6356208478,0.0,0.0,1139704.1282790068,1139704.1282790068,-0.0005230322673004384,0.0,0.0,0.0,inf,0
2018-12-31,return_alpha_raw,147.28636169433594,0.008433176574864643,0.0,0.0,1258292.6356208478,0.0,0.0,1149315.454435886,1149315.454435886,0.008433176574864643,0.0,0.0,0.0,inf,0
2019-01-02,return_alpha_raw,147.8783721923828,0.004019452250952238,0.0,0.0,1149315.454435886,0.0,0.0,1153935.0730262725,1153935.0730262725,0.004019452250952238,0.0,0.0,0.0,inf,0
2019-01-03,return_alpha_raw,143.04713439941406,-0.03267034740336161,0.0,0.0,1149315.454435886,0.0,0.0,1116235.6133095806,1116235.6133095806,-0.03267034740336172,0.0,0.0,0.0,inf,0
2019-01-04,return_alpha_raw,149.16725158691406,0.04278392023157562,0.0,0.0,1149315.454435886,0.0,0.0,1163992.5487490615,1163992.5487490615,0.04278392023157562,0.0,0.0,0.0,inf,0
2019-01-07,return_alpha_raw,150.94325256347656,0.011906105111333387,0.0,0.0,1149315.454435886,0.0,0.0,1177851.1663832767,1177851.1663832767,0.011906105111333387,0.0,0.0,0.0,inf,0
2019-01-08,return_alpha_raw,152.30856323242188,0.009045191790677531,0.0,0.0,1149315.454435886,0.0,0.0,1188505.0560840867,1188505.0560840867,0.009045191790677531,0.0,0.0,0.0,inf,0
2019-01-09,return_alpha_raw,153.54983520507812,0.00814971887537319,0.0,0.0,1149315.454435886,0.0,0.0,1198191.0381731316,1198191.0381731316,0.00814971887537319,0.0,0.0,0.0,inf,0
2019-01-10,return_alpha_raw,153.98902893066406,0.0028602682966045734,0.0,0.0,1149315.454435886,0.0,0.0,1201618.186012894,1201618.186012894,0.0028602682966045734,0.0,0.0,0.0,inf,0
2019-01-11,return_alpha_raw,153.42568969726562,-0.0036583075905497475,0.0,0.0,1149315.454435886,0.0,0.0,1197222.2970820602,1197222.2970820602,-0.0036583075905498585,0.0,0.0,0.0,inf,0
2019-01-14,return_alpha_raw,152.06988525390625,-0.008836880225434274,0.0,0.0,1149315.454435886,0.0,0.0,1186642.5870395268,1186642.5870395268,-0.008836880225434274,0.0,0.0,0.0,inf,0
2019-01-15,return_alpha_raw,155.03932189941406,0.01952678954514786,0.0,0.0,1149315.454435886,0.0,0.0,1209813.9071019574,1209813.9071019574,0.01952678954514786,0.0,0.0,0.0,inf,0
2019-01-16,return_alpha_raw,155.01063537597656,-0.00018502740521597616,0.0,0.0,1149315.454435886,0.0,0.0,1209590.058373932,1209590.058373932,-0.00018502740521597616,0.0,0.0,0.0,inf,0
2019-01-17,return_alpha_raw,156.2327880859375,0.007884315208415371,0.0,0.0,1149315.454435886,0.0,0.0,1219126.8476671176,1219126.8476671176,0.007884315208415371,0.0,0.0,0.0,inf,0
2019-01-18,return_alpha_raw,157.77955627441406,0.009900406997958466,0.0,0.0,1149315.454435886,0.0,0.0,1231196.6996411602,1231196.6996411602,0.009900406997958466,0.0,0.0,0.0,inf,0
2019-01-22,return_alpha_raw,154.61912536621094,-0.020030674333412546,0.0,0.0,1149315.454435886,0.0,0.0,1206534.9995102757,1206534.9995102757,-0.020030674333412657,0.0,0.0,0.0,inf,0
2019-01-23,return_alpha_raw,154.81968688964844,0.0012971326992212706,0.0,0.0,1149315.454435886,0.0,0.0,1208100.0355108953,1208100.0355108953,0.0012971326992212706,0.0,0.0,0.0,inf,0
2019-01-24,return_alpha_raw,155.8221893310547,0.006475290459157179,0.0,0.0,1149315.454435886,0.0,0.0,1215922.8341445464,1215922.8341445464,0.006475290459157179,0.0,0.0,0.0,inf,0
2019-01-25,return_alpha_raw,157.68405151367188,0.011948633186391389,0.0,0.0,1149315.454435886,0.0,0.0,1230451.4500726971,1230451.4500726971,0.011948633186391389,0.0,0.0,0.0,inf,0
2019-01-28,return_alpha_raw,155.73631286621094,-0.012352160086982922,0.0,0.0,1149315.454435886,0.0,0.0,1215252.716782139,1215252.716782139,-0.012352160086982922,0.0,0.0,0.0,inf,0
2019-01-29,return_alpha_raw,154.26588439941406,-0.00944178297106646,0.0,0.0,1149315.454435886,0.0,0.0,1203778.564375283,1203778.564375283,-0.00944178297106657,0.0,0.0,0.0,inf,0
2019-01-30,return_alpha_raw,158.19007873535156,0.0254378623712892,0.0,0.0,1149315.454435886,0.0,0.0,1234400.1178213696,1234400.1178213696,0.0254378623712892,0.0,0.0,0.0,inf,0
2019-01-31,return_alpha_raw,160.5579833984375,0.014968730542497477,0.0,0.0,1149315.454435886,0.0,0.0,1252877.5205666649,1252877.5205666649,0.014968730542497477,0.0,0.0,0.0,inf,0
2019-02-01,return_alpha_raw,159.880126953125,-0.004221879416798302,0.0,0.0,1252877.5205666649,0.0,0.0,1247588.0227508151,1247588.0227508151,-0.004221879416798302,0.0,0.0,0.0,inf,0
2019-02-04,return_alpha_raw,161.8660888671875,0.012421568283122353,0.0,0.0,1252877.5205666649,0.0,0.0,1263085.02256462,1263085.02256462,0.012421568283122353,0.0,0.0,0.0,inf,0
2019-02-05,return_alpha_raw,163.2982635498047,0.008847898238848018,0.0,0.0,1252877.5205666649,0.0,0.0,1274260.6703112847,1274260.6703112847,0.008847898238848018,0.0,0.0,0.0,inf,0
2019-02-06,return_alpha_raw,162.81130981445312,-0.0029819896719418537,0.0,0.0,1252877.5205666649,0.0,0.0,1270460.8381530547,1270460.8381530547,-0.0029819896719418537,0.0,0.0,0.0,inf,0
2019-02-07,return_alpha_raw,160.6248321533203,-0.013429519507119125,0.0,0.0,1252877.5205666649,0.0,0.0,1253399.1595440474,1253399.1595440474,-0.013429519507119014,0.0,0.0,0.0,inf,0
2019-02-08,return_alpha_raw,160.93991088867188,0.001961581725114625,0.0,0.0,1252877.5205666649,0.0,0.0,1255857.8044296831,1255857.8044296831,0.001961581725114625,0.0,0.0,0.0,inf,0
2019-02-11,return_alpha_raw,160.7871551513672,-0.0009491476443674873,0.0,0.0,1252877.5205666649,0.0,0.0,1254665.8099529482,1254665.8099529482,-0.0009491476443674873,0.0,0.0,0.0,inf,0
2019-02-12,return_alpha_raw,163.16461181640625,0.014786359412857886,0.0,0.0,1252877.5205666649,0.0,0.0,1273217.749561937,1273217.749561937,0.014786359412857886,0.0,0.0,0.0,inf,0
2019-02-13,return_alpha_raw,163.2791748046875,0.0007021313445720878,0.0,0.0,1252877.5205666649,0.0,0.0,1274111.7156523701,1274111.7156523701,0.0007021313445720878,0.0,0.0,0.0,inf,0
2019-02-14,return_alpha_raw,163.47970581054688,0.0012281480850160342,0.0,0.0,1252877.5205666649,0.0,0.0,1275676.5135160452,1275676.5135160452,0.0012281480850160342,0.0,0.0,0.0,inf,0
2019-02-15,return_alpha_raw,164.16709899902344,0.004204761594525763,0.0,0.0,1252877.5205666649,0.0,0.0,1281040.429127116,1281040.429127116,0.004204761594525763,0.0,0.0,0.0,inf,0
2019-02-19,return_alpha_raw,164.49180603027344,0.001977905641445954,0.0,0.0,1252877.5205666649,0.0,0.0,1283574.2062188068,1283574.2062188068,0.001977905641445954,0.0,0.0,0.0,inf,0
2019-02-20,return_alpha_raw,164.46310424804688,-0.00017448761077665242,0.0,0.0,1252877.5205666649,0.0,0.0,1283350.238422309,1283350.238422309,-0.00017448761077676345,0.0,0.0,0.0,inf,0
2019-02-21,return_alpha_raw,163.86155700683594,-0.0036576425087031517,0.0,0.0,1252877.5205666649,0.0,0.0,1278656.2020367014,1278656.2020367014,-0.0036576425087030406,0.0,0.0,0.0,inf,0
2019-02-22,return_alpha_raw,165.0741424560547,0.007400060583875545,0.0,0.0,1252877.5205666649,0.0,0.0,1288118.3353977213,1288118.3353977213,0.007400060583875545,0.0,0.0,0.0,inf,0
2019-02-25,return_alpha_raw,165.6757049560547,0.0036441958204334046,0.0,0.0,1252877.5205666649,0.0,0.0,1292812.4908518014,1292812.4908518014,0.0036441958204334046,0.0,0.0,0.0,inf,0
2019-02-26,return_alpha_raw,165.84759521484375,0.001037510350927251,0.0,0.0,1252877.5205666649,0.0,0.0,1294153.797192868,1294153.797192868,0.001037510350927251,0.0,0.0,0.0,inf,0
2019-02-27,return_alpha_raw,165.7425537109375,-0.0006333616340362669,0.0,0.0,1252877.5205666649,0.0,0.0,1293334.1298291837,1293334.1298291837,-0.0006333616340363779,0.0,0.0,0.0,inf,0
2019-02-28,return_alpha_raw,165.36058044433594,-0.0023046179635178854,0.0,0.0,1252877.5205666649,0.0,0.0,1290353.4887607486,1290353.4887607486,-0.0023046179635178854,0.0,0.0,0.0,inf,0
2019-03-01,return_alpha_raw,166.50636291503906,0.006928994005852784,0.0,0.0,1290353.4887607486,0.0,0.0,1299294.3403498032,1299294.3403498032,0.006928994005852784,0.0,0.0,0.0,inf,0
2019-03-04,return_alpha_raw,166.5349884033203,0.0001719182845634215,0.0,0.0,1290353.4887607486,0.0,0.0,1299517.7128039391,1299517.7128039391,0.0001719182845634215,0.0,0.0,0.0,inf,0
2019-03-05,return_alpha_raw,166.6591339111328,0.0007454620137352652,0.0,0.0,1290353.4887607486,0.0,0.0,1300486.4538950105,1300486.4538950105,0.0007454620137352652,0.0,0.0,0.0,inf,0
2019-03-06,return_alpha_raw,165.71383666992188,-0.005672039803800932,0.0,0.0,1290353.4887607486,0.0,0.0,1293110.042964214,1293110.042964214,-0.005672039803801043,0.0,0.0,0.0,inf,0
2019-03-07,return_alpha_raw,163.68016052246094,-0.01227221690311675,0.0,0.0,1290353.4887607486,0.0,0.0,1277240.7160373586,1277240.7160373586,-0.01227221690311664,0.0,0.0,0.0,inf,0
2019-03-08,return_alpha_raw,163.43194580078125,-0.0015164618661626106,0.0,0.0,1290353.4887607486,0.0,0.0,1275303.8291975777,1275303.8291975777,-0.0015164618661627216,0.0,0.0,0.0,inf,0
2019-03-11,return_alpha_raw,166.83099365234375,0.020797940298072692,0.0,0.0,1290353.4887607486,0.0,0.0,1301827.5220991324,1301827.5220991324,0.020797940298072692,0.0,0.0,0.0,inf,0
2019-03-12,return_alpha_raw,167.74757385253906,0.005494064263054987,0.0,0.0,1290353.4887607486,0.0,0.0,1308979.8461649588,1308979.8461649588,0.005494064263054987,0.0,0.0,0.0,inf,0
2019-03-13,return_alpha_raw,169.0078887939453,0.00751316345423958,0.0,0.0,1290353.4887607486,0.0,0.0,1318814.4257075016,1318814.4257075016,0.00751316345423958,0.0,0.0,0.0,inf,0
2019-03-14,return_alpha_raw,168.72145080566406,-0.001694820225998317,0.0,0.0,1290353.4887607486,0.0,0.0,1316579.2723444742,1316579.2723444742,-0.001694820225998317,0.0,0.0,0.0,inf,0
2019-03-15,return_alpha_raw,170.287353515625,0.009280993628750567,0.0,0.0,1290353.4887607486,0.0,0.0,1328798.4361828484,1328798.4361828484,0.009280993628750567,0.0,0.0,0.0,inf,0
2019-03-18,return_alpha_raw,170.69290161132812,0.002381551461870135,0.0,0.0,1290353.4887607486,0.0,0.0,1331963.0380410703,1331963.0380410703,0.002381551461870135,0.0,0.0,0.0,inf,0
2019-03-19,return_alpha_raw,171.2667999267578,0.0033621686081384272,0.0,0.0,1290353.4887607486,0.0,0.0,1336441.3223547728,1336441.3223547728,0.0033621686081384272,0.0,0.0,0.0,inf,0
2019-03-20,return_alpha_raw,171.9459686279297,0.003965559591598167,0.0,0.0,1290353.4887607486,0.0,0.0,1341741.060059245,1341741.060059245,0.003965559591598167,0.0,0.0,0.0,inf,0
2019-03-21,return_alpha_raw,174.63381958007812,0.015631950976208175,0.0,0.0,1290353.4887607486,0.0,0.0,1362715.0905328568,1362715.0905328568,0.015631950976208175,0.0,0.0,0.0,inf,0
2019-03-22,return_alpha_raw,170.79811096191406,-0.02196429435825975,0.0,0.0,1290353.4887607486,0.0,0.0,1332784.0151579506,1332784.0151579506,-0.02196429435825975,0.0,0.0,0.0,inf,0
2019-03-25,return_alpha_raw,170.47288513183594,-0.00190415355443041,0.0,0.0,1290353.4887607486,0.0,0.0,1330246.1897381996,1330246.1897381996,-0.00190415355443041,0.0,0.0,0.0,inf,0
2019-03-26,return_alpha_raw,171.2667999267578,0.004657132389751517,0.0,0.0,1290353.4887607486,0.0,0.0,1336441.3223547728,1336441.3223547728,0.004657132389751517,0.0,0.0,0.0,inf,0
2019-03-27,return_alpha_raw,170.1668243408203,-0.006422585033456052,0.0,0.0,1290353.4887607486,0.0,0.0,1327857.9143197248,1327857.9143197248,-0.006422585033456052,0.0,0.0,0.0,inf,0
2019-03-28,return_alpha_raw,170.5589599609375,0.0023044187469338784,0.0,0.0,1290353.4887607486,0.0,0.0,1330917.8549907478,1330917.8549907478,0.0023044187469338784,0.0,0.0,0.0,inf,0
2019-03-29,return_alpha_raw,171.85032653808594,0.007571379289860847,0.0,0.0,1290353.4887607486,0.0,0.0,1340994.7388745307,1340994.7388745307,0.007571379289860847,0.0,0.0,0.0,inf,0
2019-04-01,return_alpha_raw,174.12680053710938,0.013246841276841614,0.0,0.0,1340994.7388745307,0.0,0.0,1358758.6833334812,1358758.6833334812,0.013246841276841614,0.0,0.0,0.0,inf,0
2019-04-02,return_alpha_raw,174.78683471679688,0.003790537571767061,0.0,0.0,1340994.7388745307,0.0,0.0,1363909.1091736215,1363909.1091736215,0.003790537571767061,0.0,0.0,0.0,inf,0
2019-04-03,return_alpha_raw,175.7911834716797,0.005746135036486688,0.0,0.0,1340994.7388745307,0.0,0.0,1371746.3150924274,1371746.3150924274,0.005746135036486688,0.0,0.0,0.0,inf,0
2019-04-04,return_alpha_raw,175.72425842285156,-0.00038070765271858154,0.0,0.0,1340994.7388745307,0.0,0.0,1371224.0807726833,1371224.0807726833,-0.00038070765271858154,0.0,0.0,0.0,inf,0
2019-04-05,return_alpha_raw,176.63294982910156,0.00517112101883721,0.0,0.0,1340994.7388745307,0.0,0.0,1378314.8464383027,1378314.8464383027,0.00517112101883721,0.0,0.0,0.0,inf,0
2019-04-08,return_alpha_raw,177.08251953125,0.002545219918386854,0.0,0.0,1340994.7388745307,0.0,0.0,1381822.9608392657,1381822.9608392657,0.002545219918386854,0.0,0.0,0.0,inf,0
2019-04-09,return_alpha_raw,176.4607696533203,-0.003511074269642811,0.0,0.0,1340994.7388745307,0.0,0.0,1376971.2777962612,1376971.2777962612,-0.003511074269642922,0.0,0.0,0.0,inf,0
2019-04-10,return_alpha_raw,177.40771484375,0.005366321320541045,0.0,0.0,1340994.7388745307,0.0,0.0,1384360.548122072,1384360.548122072,0.005366321320541045,0.0,0.0,0.0,inf,0
2019-04-11,return_alpha_raw,176.98687744140625,-0.00237214826150256,0.0,0.0,1340994.7388745307,0.0,0.0,1381076.6396545514,1381076.6396545514,-0.00237214826150256,0.0,0.0,0.0,inf,0
2019-04-12,return_alpha_raw,177.75213623046875,0.004323816545753978,0.0,0.0,1340994.7388745307,0.0,0.0,1387048.1616800441,1387048.1616800441,0.004323816545753978,0.0,0.0,0.0,inf,0
2019-04-15,return_alpha_raw,177.78079223632812,0.0001612132853481274,0.0,0.0,1340994.7388745307,0.0,0.0,1387271.7722711246,1387271.7722711246,0.0001612132853481274,0.0,0.0,0.0,inf,0
2019-04-16,return_alpha_raw,178.3929443359375,0.0034432971746218843,0.0,0.0,1340994.7388745307,0.0,0.0,1392048.5612450186,1392048.5612450186,0.0034432971746218843,0.0,0.0,0.0,inf,0
2019-04-17,return_alpha_raw,179.01470947265625,0.0034853684322171397,0.0,0.0,1340994.7388745307,0.0,0.0,1396900.3633564953,1396900.3633564953,0.0034853684322171397,0.0,0.0,0.0,inf,0
2019-04-18,return_alpha_raw,179.24429321289062,0.0012824853382757961,0.0,0.0,1340994.7388745307,0.0,0.0,1398691.8675915322,1398691.8675915322,0.0012824853382757961,0.0,0.0,0.0,inf,0
2019-04-22,return_alpha_raw,179.7512664794922,0.002828392790165113,0.0,0.0,1340994.7388745307,0.0,0.0,1402647.9175854907,1402647.9175854907,0.002828392790165113,0.0,0.0,0.0,inf,0
2019-04-23,return_alpha_raw,182.03733825683594,0.012717973130968563,0.0,0.0,1340994.7388745307,0.0,0.0,1420486.756113552,1420486.756113552,0.012717973130968563,0.0,0.0,0.0,inf,0
2019-04-24,return_alpha_raw,181.46340942382812,-0.0031528083112161154,0.0,0.0,1340994.7388745307,0.0,0.0,1416008.2336629047,1416008.2336629047,-0.0031528083112162264,0.0,0.0,0.0,inf,0
2019-04-25,return_alpha_raw,182.19998168945312,0.004059067709373032,0.0,0.0,1340994.7388745307,0.0,0.0,1421755.906960372,1421755.906960372,0.004059067709373032,0.0,0.0,0.0,inf,0
2019-04-26,return_alpha_raw,182.36253356933594,0.0008921618892359096,0.0,0.0,1340994.7388745307,0.0,0.0,1423024.3433963582,1423024.3433963582,0.0008921618892359096,0.0,0.0,0.0,inf,0
2019-04-29,return_alpha_raw,182.71652221679688,0.0019411259568091754,0.0,0.0,1340994.7388745307,0.0,0.0,1425786.6128864961,1425786.6128864961,0.0019411259568091754,0.0,0.0,0.0,inf,0
2019-04-30,return_alpha_raw,181.30079650878906,-0.007748208486192731,0.0,0.0,1340994.7388745307,0.0,0.0,1414739.320953029,1414739.320953029,-0.007748208486192731,0.0,0.0,0.0,inf,0
2019-05-01,return_alpha_raw,180.71731567382812,-0.00321830265612022,0.0,0.0,1414739.320953029,0.0,0.0,1410186.2616386882,1410186.2616386882,-0.00321830265612022,0.0,0.0,0.0,inf,0
2019-05-02,return_alpha_raw,179.9330291748047,-0.00433985252657787,0.0,0.0,1414739.320953029,0.0,0.0,1404066.26122817,1404066.26122817,-0.004339852526577981,0.0,0.0,0.0,inf,0
2019-05-03,return_alpha_raw,182.80258178710938,0.015947892532376162,0.0,0.0,1414739.320953029,0.0,0.0,1426458.1590705721,1426458.1590705721,0.015947892532376162,0.0,0.0,0.0,inf,0
2019-05-06,return_alpha_raw,181.68345642089844,-0.006122043547034051,0.0,0.0,1414739.320953029,0.0,0.0,1417725.32010272,1417725.32010272,-0.006122043547034051,0.0,0.0,0.0,inf,0
2019-05-07,return_alpha_raw,178.144287109375,-0.019479865592849532,0.0,0.0,1414739.320953029,0.0,0.0,1390108.2214195395,1390108.2214195395,-0.019479865592849532,0.0,0.0,0.0,inf,0
2019-05-08,return_alpha_raw,177.69471740722656,-0.002523626827687253,0.0,0.0,1414739.320953029,0.0,0.0,1386600.1070185765,1386600.1070185765,-0.002523626827687364,0.0,0.0,0.0,inf,0
2019-05-09,return_alpha_raw,176.73818969726562,-0.005382983376871264,0.0,0.0,1414739.320953029,0.0,0.0,1379136.0616921275,1379136.0616921275,-0.005382983376871264,0.0,0.0,0.0,inf,0
2019-05-10,return_alpha_raw,176.9582061767578,0.0012448723157629793,0.0,0.0,1414739.320953029,0.0,0.0,1380852.9099949985,1380852.9099949985,0.0012448723157629793,0.0,0.0,0.0,inf,0
2019-05-13,return_alpha_raw,170.8172607421875,-0.03470280111472379,0.0,0.0,1414739.320953029,0.0,0.0,1332933.4460907544,1332933.4460907544,-0.0347028011147239,0.0,0.0,0.0,inf,0
2019-05-14,return_alpha_raw,172.69204711914062,0.010975391882572794,0.0,0.0,1414739.320953029,0.0,0.0,1347562.9130149886,1347562.9130149886,0.010975391882572794,0.0,0.0,0.0,inf,0
2019-05-15,return_alpha_raw,175.1311798095703,0.014124174975741255,0.0,0.0,1414739.320953029,0.0,0.0,1366596.127389232,1366596.127389232,0.014124174975741255,0.0,0.0,0.0,inf,0
2019-05-16,return_alpha_raw,176.8912353515625,0.010049926825742794,0.0,0.0,1414739.320953029,0.0,0.0,1380330.318469837,1380330.318469837,0.010049926825742794,0.0,0.0,0.0,inf,0
2019-05-17,return_alpha_raw,175.08335876464844,-0.010220272266859287,0.0,0.0,1414739.320953029,0.0,0.0,1366222.9667968748,1366222.9667968748,-0.010220272266859287,0.0,0.0,0.0,inf,0
2019-05-20,return_alpha_raw,172.12774658203125,-0.016881171365864645,0.0,0.0,1414739.320953029,0.0,0.0,1343159.5227703967,1343159.5227703967,-0.016881171365864645,0.0,0.0,0.0,inf,0
2019-05-21,return_alpha_raw,173.92601013183594,0.010447261324876944,0.0,0.0,1414739.320953029,0.0,0.0,1357191.861305776,1357191.861305776,0.010447261324876944,0.0,0.0,0.0,inf,0
2019-05-22,return_alpha_raw,173.1511993408203,-0.004454829903982271,0.0,0.0,1414739.320953029,0.0,0.0,1351145.8024165898,1351145.8024165898,-0.00445482990398216,0.0,0.0,0.0,inf,0
2019-05-23,return_alpha_raw,170.5015869140625,-0.015302304788212706,0.0,0.0,1414739.320953029,0.0,0.0,1330470.1575346969,1330470.1575346969,-0.015302304788212706,0.0,0.0,0.0,inf,0
2019-05-24,return_alpha_raw,170.41549682617188,-0.0005049225021818149,0.0,0.0,1414739.320953029,0.0,0.0,1329798.3732136763,1329798.3732136763,-0.0005049225021818149,0.0,0.0,0.0,inf,0
2019-05-28,return_alpha_raw,169.7746124267578,-0.0037607166680844184,0.0,0.0,1414739.320953029,0.0,0.0,1324797.37830634,1324797.37830634,-0.0037607166680845294,0.0,0.0,0.0,inf,0
2019-05-29,return_alpha_raw,168.3780517578125,-0.008225968824094987,0.0,0.0,1414739.320953029,0.0,0.0,1313899.6363741492,1313899.6363741492,-0.008225968824094987,0.0,0.0,0.0,inf,0
2019-05-30,return_alpha_raw,169.08596801757812,0.004204326231211253,0.0,0.0,1414739.320953029,0.0,0.0,1319423.699080536,1319423.699080536,0.004204326231211253,0.0,0.0,0.0,inf,0
2019-05-31,return_alpha_raw,166.38848876953125,-0.015953300440438967,0.0,0.0,1414739.320953029,0.0,0.0,1298374.5364008688,1298374.5364008688,-0.015953300440438967,0.0,0.0,0.0,inf,0
2019-06-03,return_alpha_raw,162.72500610351562,-0.022017644929091196,0.0,0.0,1298374.5364008688,0.0,0.0,1269787.386873421,1269787.386873421,-0.022017644929091196,0.0,0.0,0.0,inf,0
2019-06-04,return_alpha_raw,167.3068084716797,0.028156719596307278,0.0,0.0,1298374.5364008688,0.0,0.0,1305540.4342725438,1305540.4342725438,0.028156719596307278,0.0,0.0,0.0,inf,0
2019-06-05,return_alpha_raw,168.55027770996094,0.007432269192390484,0.0,0.0,1298374.5364008688,0.0,0.0,1315243.5622216077,1315243.5622216077,0.007432269192390484,0.0,0.0,0.0,inf,0
2019-06-06,return_alpha_raw,169.889404296875,0.007944968143086761,0.0,0.0,1298374.5364008688,0.0,0.0,1325693.1304238583,1325693.1304238583,0.007944968143086761,0.0,0.0,0.0,inf,0
2019-06-07,return_alpha_raw,173.17025756835938,0.019311700368030094,0.0,0.0,1298374.5364008688,0.0,0.0,1351294.5189385596,1351294.5189385596,0.019311700368030094,0.0,0.0,0.0,inf,0
2019-06-10,return_alpha_raw,175.18856811523438,0.011655064646873603,0.0,0.0,1298374.5364008688,0.0,0.0,1367043.9439137545,1367043.9439137545,0.011655064646873603,0.0,0.0,0.0,inf,0
2019-06-11,return_alpha_raw,175.42771911621094,0.0013651062027018046,0.0,0.0,1298374.5364008688,0.0,0.0,1368910.1040809571,1368910.1040809571,0.0013651062027018046,0.0,0.0,0.0,inf,0
2019-06-12,return_alpha_raw,174.41378784179688,-0.005779766615687354,0.0,0.0,1298374.5364008688,0.0,0.0,1360998.123161513,1360998.123161513,-0.005779766615687354,0.0,0.0,0.0,inf,0
2019-06-13,return_alpha_raw,175.44683837890625,0.005922986650839901,0.0,0.0,1298374.5364008688,0.0,0.0,1369059.2968768168,1369059.2968768168,0.005922986650839901,0.0,0.0,0.0,inf,0
2019-06-14,return_alpha_raw,174.70077514648438,-0.0042523606541751136,0.0,0.0,1298374.5364008688,0.0,0.0,1363237.562989545,1363237.562989545,-0.004252360654175225,0.0,0.0,0.0,inf,0
2019-06-17,return_alpha_raw,175.7529754638672,0.006022871486978554,0.0,0.0,1298374.5364008688,0.0,0.0,1371448.167637653,1371448.167637653,0.006022871486978554,0.0,0.0,0.0,inf,0
2019-06-18,return_alpha_raw,178.30686950683594,0.014531156791105282,0.0,0.0,1298374.5364008688,0.0,0.0,1391376.8959924697,1391376.8959924697,0.014531156791105282,0.0,0.0,0.0,inf,0
2019-06-19,return_alpha_raw,178.9764862060547,0.0037554172818512477,0.0,0.0,1298374.5364008688,0.0,0.0,1396602.0968332484,1396602.0968332484,0.0037554172818512477,0.0,0.0,0.0,inf,0
2019-06-20,return_alpha_raw,180.640869140625,0.009299450278927202,0.0,0.0,1298374.5364008688,0.0,0.0,1409589.7285921946,1409589.7285921946,0.009299450278927202,0.0,0.0,0.0,inf,0
2019-06-21,return_alpha_raw,180.37301635742188,-0.0014827917097465226,0.0,0.0,1298374.5364008688,0.0,0.0,1407499.6006284943,1407499.6006284943,-0.0014827917097465226,0.0,0.0,0.0,inf,0
2019-06-24,return_alpha_raw,180.37875366210938,3.180799879798357e-05,0.0,0.0,1298374.5364008688,0.0,0.0,1407544.3703740994,1407544.3703740994,3.180799879798357e-05,0.0,0.0,0.0,inf,0
2019-06-25,return_alpha_raw,177.28228759765625,-0.01716646778840436,0.0,0.0,1298374.5364008688,0.0,0.0,1383381.8052793224,1383381.8052793224,-0.01716646778840436,0.0,0.0,0.0,inf,0
2019-06-26,return_alpha_raw,178.1067352294922,0.004650479430336807,0.0,0.0,1298374.5364008688,0.0,0.0,1389815.193909076,1389815.193909076,0.004650479430336807,0.0,0.0,0.0,inf,0
2019-06-27,return_alpha_raw,178.78738403320312,0.0038215781274857363,0.0,0.0,1298374.5364008688,0.0,0.0,1395126.4812553662,1395126.4812553662,0.0038215781274857363,0.0,0.0,0.0,inf,0
2019-06-28,return_alpha_raw,179.0175018310547,0.0012871031090695428,0.0,0.0,1298374.5364008688,0.0,0.0,1396922.1528869353,1396922.1528869353,0.0012871031090695428,0.0,0.0,0.0,inf,0
2019-07-01,return_alpha_raw,181.43328857421875,0.013494695873054408,0.0,0.0,1396922.1528869353,0.0,0.0,1415773.192498477,1415773.192498477,0.013494695873054408,0.0,0.0,0.0,inf,0
2019-07-02,return_alpha_raw,182.15223693847656,0.003962604491753563,0.0,0.0,1396922.1528869353,0.0,0.0,1421383.3417103756,1421383.3417103756,0.003962604491753563,0.0,0.0,0.0,inf,0
2019-07-03,return_alpha_raw,183.52308654785156,0.007525845591663138,1.0,0.0,1396922.1528869353,0.0,0.0,1432080.45326665,1432080.45326665,0.007525845591663138,0.0,0.0,0.0,inf,0
2019-07-05,return_alpha_raw,183.1492462158203,-0.0020370207316330324,1.0,1.0,1396922.1528869353,13969.221528869353,13969.221528869353,1443092.0657560846,1429122.8442272153,-0.002065253409952117,0.977468213127828,9.778455070208548,2.2173367506141832,10330.51170943014,1
2019-07-08,return_alpha_raw,181.8646697998047,-0.0070138231117909955,1.0,1.0,1396922.1528869353,0.0,13969.221528869353,1432968.2559360918,1418999.0344072224,-0.007083932540079996,0.9844419333734715,0.0,2.2173367506141832,10258.03945463004,0
2019-07-09,return_alpha_raw,182.77532958984375,0.005007348546815171,1.0,1.0,1396922.1528869353,0.0,13969.221528869353,1440141.4101133351,1426172.1885844658,0.00505508037941671,0.9794905300133764,0.0,2.2173367506141832,10309.389160570481,0
2019-07-10,return_alpha_raw,184.5968017578125,0.009965634706041726,0.0,1.0,1396922.1528869353,0.0,13969.221528869353,1454491.1159948178,1440521.8944659485,0.010061692407369982,0.9697333711160446,0.0,2.2173367506141832,10412.11289397128,0
2019-07-11,return_alpha_raw,184.46258544921875,-0.0007270781904977763,1.0,0.0,1396922.1528869353,-13969.221528869353,0.0,1439464.751068179,1439464.751068179,-0.0007338613885916612,0.0,9.778455070208548,0.0,inf,-1
2019-07-12,return_alpha_raw,185.5266876220703,0.005768661272204101,1.0,1.0,1396922.1528869353,13969.221528869353,13969.221528869353,1461806.2886660588,1447837.0671371894,0.005816270292688719,0.9648338094072089,9.778455070208548,2.2173367506141832,10464.479252798958,1
2019-07-15,return_alpha_raw,186.12100219726562,0.0032033912900226724,1.0,1.0,1396922.1528869353,0.0,13969.221528869353,1466486.8088621215,1452517.5873332522,0.003232767209999432,0.9617247770828116,0.0,2.2173367506141832,10497.985201476124,0
2019-07-16,return_alpha_raw,185.16236877441406,-0.005150592418557531,3.0,1.0,1396922.1528869353,0.0,13969.221528869353,1458931.3156857311,1444962.0941568618,-0.005201653489278479,0.9667534937669365,0.0,2.2173367506141832,10443.8984854714,0
2019-07-17,return_alpha_raw,184.25169372558594,-0.004918251234610316,3.0,3.0,1396922.1528869353,27938.443057738703,41907.66458660806,1479530.8469822302,1437623.1823956221,-0.005078964902205163,2.9150659991983496,19.55691014041709,6.652010251842549,3530.454062703906,1
2019-07-18,return_alpha_raw,184.46258544921875,0.0011445849933238161,3.0,3.0,1396922.1528869353,0.0,41907.66458660806,1481217.643776594,1439309.979189986,0.0011733233124084919,2.911649692736295,0.0,6.652010251842549,3534.4790944278234,0
2019-07-19,return_alpha_raw,183.11090087890625,-0.007327689607194654,4.0,3.0,1396922.1528869353,0.0,41907.66458660806,1470357.0886320472,1428449.424045439,-0.007545667925306088,2.9337870757736377,0.0,6.652010251842549,3508.563655684865,0
2019-07-22,return_alpha_raw,184.56802368164062,0.00795759725794798,3.0,4.0,1396922.1528869353,13969.221528869355,55876.88611547741,1496119.2555214732,1440242.3694059958,0.008255766821032129,3.879686315472229,9.77845507020855,8.869347002456733,2677.5279718156326,1
2019-07-23,return_alpha_raw,185.77590942382812,0.006544393324983355,3.0,3.0,1396922.1528869353,-13969.221528869355,41907.66458660806,1491833.3123223109,1449925.6477357028,0.0067233672161031155,2.890331973370756,9.77845507020855,6.652010251842549,3559.810185173236,-1
2019-07-24,return_alpha_raw,187.07968139648438,0.00701798191541525,4.0,3.0,1396922.1528869353,0.0,41907.66458660806,1502296.319518751,1460388.654932143,0.00721623706207275,2.869624085689388,0.0,6.652010251842549,3584.776995659219,0
2019-07-25,return_alpha_raw,185.30618286132812,-0.009479909960919852,4.0,4.0,1396922.1528869353,13969.221528869355,55876.88611547741,1501872.9251384446,1445996.0390229672,-0.009855332592846322,3.8642489057737937,9.77845507020855,8.869347002456733,2687.8250195163237,1
2019-07-26,return_alpha_raw,187.21388244628906,0.010294851232182323,3.0,4.0,1396922.1528869353,0.0,55876.88611547741,1517325.6141253852,1461448.7280099078,0.010686536179851158,3.8233901090438116,0.0,8.869347002456733,2715.479905214509,0
2019-07-29,return_alpha_raw,186.57154846191406,-0.0034310168454483314,3.0,3.0,1396922.1528869353,-13969.221528869355,41907.66458660806,1498181.9545735267,1456274.2899869187,-0.0035406223453594565,2.8777315423857757,9.77845507020855,6.652010251842549,3574.959304824357,-1
2019-07-30,return_alpha_raw,185.76634216308594,-0.004315804341370355,4.0,3.0,1396922.1528869353,0.0,41907.66458660806,1491709.4423795638,1449801.7777929557,-0.004444569432054624,2.8905789210994355,0.0,6.652010251842549,3559.5146069205007,0
2019-07-31,return_alpha_raw,183.19717407226562,-0.013830105394252779,4.0,4.0,1396922.1528869353,13969.221528869355,55876.88611547741,1484836.4567316934,1428959.570616216,-0.014375901241111766,3.910319596472656,9.77845507020855,8.869347002456733,2657.3357249419214,1
2019-08-01,return_alpha_raw,182.28643798828125,-0.004971343518787696,4.0,4.0,1428959.570616216,1281.4967091712242,57158.38282464864,1478719.9852375297,1421561.602412881,-0.005177171107888401,4.020816454779808,0.8970476964198569,9.072759178515657,2587.057072230279,1
2019-08-02,return_alpha_raw,179.6022186279297,-0.014725282856885569,4.0,4.0,1428959.570616216,0.0,57158.38282464864,1456936.342429599,1399777.9596049504,-0.01532374170134898,4.083389257020452,0.0,9.072759178515657,2548.9460520589096,0
2019-08-05,return_alpha_raw,173.25601196289062,-0.03533478992364836,2.0,4.0,1428959.570616216,0.0,57158.38282464864,1405446.7300785421,1348288.3472538935,-0.03678412850963053,4.2393292904344335,0.0,9.072759178515657,2458.863705766822,0
2019-08-06,return_alpha_raw,175.68136596679688,0.013998671540620178,2.0,2.0,1428959.570616216,-28579.19141232432,28579.19141232432,1396117.0332318712,1367537.841819547,0.014276986525070479,2.0898281962200707,20.005433988627022,4.5363795892578285,4885.082342217065,-1
2019-08-07,return_alpha_raw,176.63046264648438,0.00540237534279453,4.0,2.0,1428959.570616216,0.0,28579.19141232432,1403654.8450882693,1375075.653675945,0.005511958518360949,2.0783722943479144,0.0,4.5363795892578285,4911.457517594307,0
2019-08-08,return_alpha_raw,180.47462463378906,0.021763867510207202,4.0,4.0,1428959.570616216,28579.19141232432,57158.38282464864,1463375.4747258201,1406217.0919011715,0.022647072647949962,4.064691231093763,20.005433988627022,9.072759178515657,2560.2114727688954,1
2019-08-09,return_alpha_raw,178.77780151367188,-0.009402003874840026,4.0,4.0,1428959.570616216,0.0,57158.38282464864,1449607.7400829236,1392449.357258275,-0.009790618192730749,4.104880549278516,0.0,9.072759178515657,2536.124481565639,0
2019-08-12,return_alpha_raw,176.72630310058594,-0.011475129438422216,2.0,4.0,1428959.570616216,0.0,57158.38282464864,1432964.230871355,1375805.8480467063,-0.011952685478155978,4.154538440565504,0.0,9.072759178515657,2507.0062518518494,0
2019-08-13,return_alpha_raw,180.5992431640625,0.021914904547469805,4.0,2.0,1428959.570616216,-28579.19141232432,28579.19141232432,1435137.0233159158,1406557.8319035915,0.02235197931491939,2.0318532778454004,20.005433988627022,4.5363795892578285,5021.615211608247,-1
2019-08-14,return_alpha_raw,175.2020263671875,-0.02988504659442004,2.0,4.0,1428959.570616216,28579.19141232432,57158.38282464864,1419944.5071202384,1362786.1242955897,-0.031119735438650653,4.194229879922884,20.005433988627022,9.072759178515657,2484.2279241460797,1
2019-08-15,return_alpha_raw,175.00070190429688,-0.0011490989406063301,2.0,2.0,1428959.570616216,-28579.19141232432,28579.19141232432,1389741.980472283,1361162.7890599587,-0.001191188556069367,2.099615978487156,20.005433988627022,4.5363795892578285,4862.775718255552,-1
2019-08-16,return_alpha_raw,177.8095245361328,0.016050350663004753,2.0,2.0,1428959.570616216,0.0,28579.19141232432,1412043.2902103725,1383464.0987980482,0.016384013666353114,2.065770368537491,0.0,4.5363795892578285,4940.809100713225,0
2019-08-19,return_alpha_raw,180.63758850097656,0.01590501955517598,4.0,2.0,1428959.570616216,0.0,28579.19141232432,1434497.3299743342,1405918.13856201,0.01623030173567197,2.0327777719373805,0.0,4.5363795892578285,5019.376893062587,0
2019-08-20,return_alpha_raw,179.23797607421875,-0.007748179315127723,4.0,4.0,1428959.570616216,28579.19141232432,57158.38282464864,1451711.4189597243,1394553.0361350756,-0.008083758303708,4.09868834985723,20.005433988627022,9.072759178515657,2539.804919627112,1
2019-08-21,return_alpha_raw,180.82931518554688,0.0088783590742465,4.0,4.0,1428959.570616216,0.0,57158.38282464864,1464591.161450254,1407432.7786256054,0.009235749488757605,4.06118030592305,0.0,9.072759178515657,2562.3383466662262,0
2019-08-22,return_alpha_raw,180.24456787109375,-0.0032336975553610703,4.0,4.0,1428959.570616216,0.0,57158.38282464864,1459846.0438326905,1402687.6610080418,-0.0033714701615783493,4.074918772976997,0.0,9.072759178515657,2554.0366464027306,0
2019-08-23,return_alpha_raw,174.54063415527344,-0.03164552354165606,2.0,4.0,1428959.570616216,0.0,57158.38282464864,1413639.3787262111,1356480.9959015625,-0.03294152104629833,4.21372529341329,0.0,9.072759178515657,2473.196946566868,0
2019-08-26,return_alpha_raw,177.17684936523438,0.015103733424136179,2.0,2.0,1428959.570616216,-28579.19141232432,28579.19141232432,1405954.9231891402,1377375.7317768158,0.015403633326514843,2.0749016229186164,20.005433988627022,4.5363795892578285,4919.505604286777,-1
2019-08-27,return_alpha_raw,176.80300903320312,-0.0021099840829690297,2.0,2.0,1428959.570616216,0.0,28579.19141232432,1402983.8443002498,1374404.6528879255,-0.0021570576715894685,2.0793869805572305,0.0,4.5363795892578285,4909.109652749782,0
2019-08-28,return_alpha_raw,177.43569946289062,0.0035785048747032366,2.0,2.0,1428959.570616216,0.0,28579.19141232432,1407999.892446619,1379420.7010342947,0.0036496152249116953,2.071825614252094,0.0,4.5363795892578285,4926.661052556727,0
2019-08-29,return_alpha_raw,180.148681640625,0.015289945517991788,2.0,2.0,1428959.570616216,0.0,28579.19141232432,1429523.597711877,1400944.4062995526,0.015603437913552787,2.03999468385853,0.0,4.5363795892578285,5001.973558620059,0
2019-08-30,return_alpha_raw,179.71726989746094,-0.0023947538179861505,2.0,2.0,1428959.570616216,0.0,28579.19141232432,1426095.7042387659,1397516.5128264416,-0.0024468447553643857,2.044998477658316,0.0,4.5363795892578285,4989.979190327214,0
2019-09-03,return_alpha_raw,177.97251892089844,-0.009708310044760804,0.0,2.0,1397516.5128264416,-628.8611557954864,27950.330256528832,1411623.0965222525,1383672.7662657236,-0.009905962780160094,2.0200101453150365,0.4402028090568405,4.43656035817918,5050.470186099199,-1
2019-09-04,return_alpha_raw,180.54173278808594,0.014436014519350726,2.0,0.0,1397516.5128264416,-27950.330256528832,0.0,1403627.6387344247,1403627.6387344247,0.014421670322062985,0.0,19.565231179570183,0.0,inf,-1
2019-09-05,return_alpha_raw,183.84896850585938,0.018318400220825204,4.0,2.0,1397516.5128264416,27950.330256528832,27950.330256528832,1457777.826978973,1429827.4967224442,0.01866581795984179,1.954804360707752,19.565231179570183,4.43656035817918,5215.601438693037,1
2019-09-06,return_alpha_raw,183.66690063476562,-0.0009903121707639517,4.0,4.0,1397516.5128264416,27950.330256528832,55900.660513057665,1484228.4035827357,1428327.743069678,-0.0010489053093495349,3.9137138366380286,19.565231179570183,8.87312071635836,2655.1178285917376,1
2019-09-09,return_alpha_raw,183.28346252441406,-0.0020876821519085764,4.0,4.0,1397516.5128264416,0.0,55900.660513057665,1481120.9333145039,1425220.2728014463,-0.00217560030133801,3.922247078564075,0.0,8.87312071635836,2649.5589134738993,0
2019-09-10,return_alpha_raw,182.75621032714844,-0.0028767036043712,4.0,4.0,1397516.5128264416,0.0,55900.660513057665,1476851.314266412,1420950.6537533544,-0.002995760816466131,3.9340324989752093,0.0,8.87312071635836,2641.921044781642,0
2019-09-11,return_alpha_raw,184.47216796875,0.009389326023612865,4.0,4.0,1397516.5128264416,0.0,55900.660513057665,1490709.0796237441,1434808.4191106865,0.0097524606647863,3.8960365557170094,0.0,8.87312071635836,2666.711029783868,0
2019-09-12,return_alpha_raw,185.2390594482422,0.004157220506142201,4.0,4.0,1397516.5128264416,0.0,55900.660513057665,1496897.412857532,1440996.7523444744,0.004313003151754202,3.8793051005915418,0.0,8.87312071635836,2677.781262544968,0
2019-09-13,return_alpha_raw,184.57757568359375,-0.0035709734578589503,3.0,4.0,1397516.5128264416,0.0,55900.660513057665,1491543.1588063638,1435642.4982933062,-0.003715660040494173,3.893773037473636,0.0,8.87312071635836,2668.2031037145957,0
2019-09-16,return_alpha_raw,183.753173828125,-0.004466424767014754,3.0,3.0,1397516.5128264416,-13975.165128264423,41925.49538479324,1470952.1536333768,1429026.6582485836,-0.004608278211732819,2.933849774095689,9.782615589785097,6.654840537268769,3508.490812411258,-1
2019-09-17,return_alpha_raw,184.63514709472656,0.004799771607898906,1.0,3.0,1397516.5128264416,0.0,41925.49538479324,1478005.7331764267,1436080.2377916335,0.0049359327919709095,2.9194396163591225,0.0,6.654840537268769,3525.31489398337,0
2019-09-18,return_alpha_raw,184.55845642089844,-0.00041536335326652907,1.0,1.0,1397516.5128264416,-27950.330256528825,13975.165128264416,1449431.32766064,1435456.1625323757,-0.0004345685170192848,0.9735696214930016,19.565231179570176,2.21828017908959,10371.4790799087,-1
2019-09-19,return_alpha_raw,184.8651580810547,0.0016618130976171486,1.0,1.0,1397516.5128264416,0.0,13975.165128264416,1451837.793344864,1437862.6282165996,0.0016764466564960223,0.9719402155682981,0.0,2.21828017908959,10388.698666669483,0
2019-09-20,return_alpha_raw,182.9095458984375,-0.01057858713300508,1.0,1.0,1397516.5128264416,0.0,13975.165128264416,1436477.1824647964,1422502.017336532,-0.010682947437836599,0.9824355226174843,0.0,2.21828017908959,10278.785039609713,0
2019-09-23,return_alpha_raw,182.99024963378906,0.00044122210765529246,1.0,1.0,1397516.5128264416,0.0,13975.165128264416,1437108.769674663,1423133.6045463986,0.0004439974089098797,0.9819995173762185,0.0,2.21828017908959,10283.30439379315,0
2019-09-24,return_alpha_raw,180.5599822998047,-0.013280856979254185,1.0,1.0,1397516.5128264416,0.0,13975.165128264416,1418020.5153608026,1404045.3502325383,-0.01341283366008661,0.9953499811063685,0.0,2.21828017908959,10146.717425849174,0
2019-09-25,return_alpha_raw,182.58677673339844,0.01122504780836997,1.0,1.0,1397516.5128264416,0.0,13975.165128264416,1433935.645158798,1419960.4800305336,0.01133519639900471,0.9841939493952611,0.0,2.21828017908959,10260.59894103648,0
2019-09-26,return_alpha_raw,181.91441345214844,-0.0036824314075697417,0.0,1.0,1397516.5128264416,0.0,13975.165128264416,1428653.0572224522,1414677.892094188,-0.0037202358872918673,0.9878690553067583,0.0,2.21828017908959,10222.799116219656,0
2019-09-27,return_alpha_raw,179.6570281982422,-0.012409051108531521,0.0,0.0,1397516.5128264416,-13975.165128264416,0.0,1397113.4206064686,1397113.4206064686,-0.012415880382295463,0.0,9.782615589785092,0.0,inf,-1
2019-09-30,return_alpha_raw,181.3668212890625,0.009516984155686137,0.0,0.0,1397516.5128264416,0.0,0.0,1410409.7268940767,1410409.7268940767,0.009516984155686137,0.0,0.0,0.0,inf,0
2019-10-01,return_alpha_raw,179.88758850097656,-0.008156027533439136,0.0,0.0,1410409.7268940767,0.0,0.0,1398906.3863280981,1398906.3863280981,-0.008156027533439247,0.0,0.0,0.0,inf,0
2019-10-02,return_alpha_raw,176.79452514648438,-0.017194423363318334,0.0,0.0,1410409.7268940767,0.0,0.0,1374852.9976759232,1374852.9976759232,-0.017194423363318223,0.0,0.0,0.0,inf,0
2019-10-03,return_alpha_raw,178.73489379882812,0.010975275680828123,0.0,0.0,1410409.7268940767,0.0,0.0,1389942.3883460294,1389942.3883460294,0.010975275680828123,0.0,0.0,0.0,inf,0
2019-10-04,return_alpha_raw,181.3668212890625,0.014725314314935511,2.0,0.0,1410409.7268940767,0.0,0.0,1410409.726894077,1410409.726894077,0.014725314314935511,0.0,0.0,0.0,inf,0
2019-10-07,return_alpha_raw,180.81935119628906,-0.003018579081236039,0.0,2.0,1410409.7268940767,28208.194537881533,28208.194537881533,1434251.1758451257,1406042.9813072442,-0.0030960830059283406,2.00621139701259,19.745736176517074,4.477491196489132,5084.51958497036,1
2019-10-08,return_alpha_raw,178.11050415039062,-0.014980957668396022,0.0,0.0,1410409.7268940767,-28208.194537881533,0.0,1384959.660998196,1384959.660998196,-0.014994790763399157,0.0,19.745736176517074,0.0,inf,-1
2019-10-09,return_alpha_raw,179.84915161132812,0.009761622253729785,0.0,0.0,1410409.7268940767,0.0,0.0,1398479.1140455143,1398479.1140455143,0.009761622253729785,0.0,0.0,0.0,inf,0
2019-10-10,return_alpha_raw,181.24203491210938,0.007744731005411731,0.0,0.0,1410409.7268940767,0.0,0.0,1409309.9586004834,1409309.9586004834,0.007744731005411731,0.0,0.0,0.0,inf,0
2019-10-11,return_alpha_raw,183.576171875,0.012878562989113052,2.0,0.0,1410409.7268940767,0.0,0.0,1427459.845673504,1427459.845673504,0.012878562989113052,0.0,0.0,0.0,inf,0
2019-10-14,return_alpha_raw,183.55699157714844,-0.00010448141311403258,0.0,2.0,1410409.7268940767,28208.194537881533,28208.194537881533,1455491.7287932087,1427283.5342553272,-0.00012351410003663688,1.9763553534301028,19.745736176517074,4.477491196489132,5159.81881377977,1
2019-10-15,return_alpha_raw,185.89122009277344,0.012716641820989638,2.0,0.0,1410409.7268940767,-28208.194537881533,0.0,1445413.7909018174,1445413.7909018174,0.012702631405293596,0.0,19.745736176517074,0.0,inf,-1
2019-10-16,return_alpha_raw,185.43014526367188,-0.0024803475326670155,2.0,2.0,1410409.7268940767,28208.194537881533,28208.194537881533,1469942.7165329447,1441734.5219950632,-0.0025454779315884357,1.956545682130661,19.745736176517074,4.477491196489132,5211.048564483344,1
2019-10-17,return_alpha_raw,185.92002868652344,0.0026418758511728146,2.0,2.0,1410409.7268940767,0.0,28208.194537881533,1473821.6452071639,1445613.4506692823,0.0026904597309993505,1.951295799359217,0.0,4.477491196489132,5224.799634829268,0
2019-10-18,return_alpha_raw,184.13333129882812,-0.009610031798714003,2.0,2.0,1410409.7268940767,0.0,28208.194537881533,1459653.6948398936,1431445.500302012,-0.009800649240438997,1.970609047423046,0.0,4.477491196489132,5174.573271180777,0
2019-10-21,return_alpha_raw,185.76634216308594,0.008868632597580195,0.0,2.0,1410409.7268940767,0.0,28208.194537881533,1472594.3496879325,1444386.155150051,0.009040270723061905,1.952953816214827,0.0,4.477491196489132,5220.448787356264,0
2019-10-22,return_alpha_raw,184.2870330810547,-0.007963278303302901,0.0,0.0,1410409.7268940767,-28208.194537881533,0.0,1432864.5177237694,1432864.5177237694,-0.007976840116613149,0.0,19.745736176517074,0.0,inf,-1
2019-10-23,return_alpha_raw,184.64242553710938,0.0019284723950077076,0.0,0.0,1410409.7268940767,0.0,0.0,1435627.7573919857,1435627.7573919857,0.0019284723950077076,0.0,0.0,0.0,inf,0
2019-10-24,return_alpha_raw,186.43873596191406,0.009728589838328805,0.0,0.0,1410409.7268940767,0.0,0.0,1449594.3910041722,1449594.3910041722,0.009728589838328805,0.0,0.0,0.0,inf,0
2019-10-25,return_alpha_raw,187.92759704589844,0.007985792632108968,0.0,0.0,1410409.7268940767,0.0,0.0,1461170.5512113997,1461170.5512113997,0.007985792632108968,0.0,0.0,0.0,inf,0
2019-10-28,return_alpha_raw,189.78155517578125,0.009865278751103324,0.0,0.0,1410409.7268940767,0.0,0.0,1475585.4060020035,1475585.4060020035,0.009865278751103324,0.0,0.0,0.0,inf,0
2019-10-29,return_alpha_raw,188.31182861328125,-0.0077443066642525205,0.0,0.0,1410409.7268940767,0.0,0.0,1464158.0201086283,1464158.0201086283,-0.0077443066642525205,0.0,0.0,0.0,inf,0
2019-10-30,return_alpha_raw,189.2244110107422,0.004846123603499342,0.0,0.0,1410409.7268940767,0.0,0.0,1471253.5108491296,1471253.5108491296,0.004846123603499342,0.0,0.0,0.0,inf,0
2019-10-31,return_alpha_raw,189.31089782714844,0.00045705950909979975,0.0,0.0,1410409.7268940767,0.0,0.0,1471925.9612565597,1471925.9612565597,0.00045705950909979975,0.0,0.0,0.0,inf,0
2019-11-01,return_alpha_raw,191.03030395507812,0.009082446640233055,1.0,0.0,1471925.9612565597,0.0,0.0,1485294.650258046,1485294.650258046,0.009082446640233055,0.0,0.0,0.0,inf,0
2019-11-04,return_alpha_raw,192.2118377685547,0.006185059590097408,1.0,1.0,1471925.9612565597,14719.259612565596,14719.259612565596,1509278.8816893445,1494559.622076779,0.006237800571841534,0.9848559666099045,10.303481728795918,2.3363904146929517,10253.769017029208,1
2019-11-05,return_alpha_raw,192.31748962402344,0.0005496636247552811,1.0,1.0,1471925.9612565597,0.0,14719.259612565596,1510106.1409998056,1495386.88138724,0.0005535137563208448,0.9843111368551555,0.0,2.3363904146929517,10259.389267858638,0
2019-11-06,return_alpha_raw,191.88522338867188,-0.002247669913935768,1.0,1.0,1471925.9612565597,0.0,14719.259612565596,1506709.584469416,1491990.3248568503,-0.002271356377848366,0.9865519479141289,0.0,2.3363904146929517,10236.313674250041,0
2019-11-07,return_alpha_raw,192.52882385253906,0.0033540908075215814,1.0,1.0,1471925.9612565597,0.0,14719.259612565596,1511760.8888458747,1497041.629233309,0.003385614700245121,0.983223133220676,0.0,2.3363904146929517,10270.631326831877,0
2019-11-08,return_alpha_raw,193.2972412109375,0.003991180868517574,1.0,1.0,1471925.9612565597,0.0,14719.259612565596,1517792.2635927948,1503073.0039802291,0.004028862410465406,0.9792777578725783,0.0,2.3363904146929517,10311.607401075255,0
2019-11-11,return_alpha_raw,193.0379180908203,-0.0013415769334969019,3.0,1.0,1471925.9612565597,0.0,14719.259612565596,1515753.6921117038,1501034.4324991382,-0.0013562691071509203,0.980607725837365,0.0,2.3363904146929517,10297.757713422821,0
2019-11-12,return_alpha_raw,193.5950164794922,0.002885953154601273,3.0,3.0,1471925.9612565597,29438.51922513119,44157.77883769679,1549623.8880681752,1505466.1092304783,0.002952415104803263,2.9331632619925343,20.60696345759183,7.009171244078855,3509.2885757770187,1
2019-11-13,return_alpha_raw,193.6430206298828,0.0002479617051285299,3.0,3.0,1471925.9612565597,0.0,44157.77883769679,1550001.1262785245,1505843.3474408276,0.0002505790120657103,2.9324284569668344,0.0,7.009171244078855,3510.142871940183,0
2019-11-14,return_alpha_raw,193.4893798828125,-0.0007934225905511516,3.0,3.0,1471925.9612565597,0.0,44157.77883769679,1548764.3111983114,1504606.5323606145,-0.0008213437887247821,2.934838968724704,0.0,7.009171244078855,3507.341972273651,0
2019-11-15,return_alpha_raw,194.91102600097656,0.00734741162034358,3.0,3.0,1471925.9612565597,0.0,44157.77883769679,1560136.7109243392,1515978.9320866424,0.007558387845216563,2.9128227248459577,0.0,7.009171244078855,3533.0959844213803,0
2019-11-18,return_alpha_raw,195.0647430419922,0.0007886523618980679,3.0,3.0,1471925.9612565597,0.0,44157.77883769679,1561360.1072550495,1517202.3284173526,0.0008070008789808902,2.9104739697940833,0.0,7.009171244078855,3535.866495898434,0
2019-11-19,return_alpha_raw,195.35284423828125,0.0014769516612596068,3.0,3.0,1471925.9612565597,0.0,44157.77883769679,1563659.1514880403,1519501.3726503435,0.001515318154954981,2.90607034863522,0.0,7.009171244078855,3541.0729267776705,0
2019-11-20,return_alpha_raw,194.18099975585938,-0.005998604663224216,1.0,3.0,1471925.9612565597,0.0,44157.77883769679,1554272.3692389869,1510114.59040129,-0.00617754114475122,2.92413430863962,0.0,7.009171244078855,3519.8155571904117,0
2019-11-21,return_alpha_raw,193.7487335205078,-0.0022260995457590305,1.0,1.0,1471925.9612565597,-29438.51922513119,14719.259612565596,1521416.5205922616,1506697.260979696,-0.002262960336464226,0.9769221723410269,20.60696345759183,2.3363904146929517,10336.229950679399,-1
2019-11-22,return_alpha_raw,193.8736114501953,0.0006445354631146039,1.0,1.0,1471925.9612565597,0.0,14719.259612565596,1522394.791103537,1507675.5314909713,0.0006492814028475902,0.9762882865127763,0.0,2.3363904146929517,10342.876144421645,0
2019-11-25,return_alpha_raw,196.16940307617188,0.011841692166374873,3.0,1.0,1471925.9612565597,0.0,14719.259612565596,1540420.185185063,1525700.9255724973,0.01195575155597317,0.9647539282341594,0.0,2.3363904146929517,10465.337426822955,0
2019-11-26,return_alpha_raw,196.54400634765625,0.001909590719093579,3.0,3.0,1471925.9612565597,29438.51922513119,44157.77883769679,1572828.8365368564,1528671.0576991595,0.0019467328602083,2.888638377451834,20.60696345759183,7.009171244078855,3561.838656599633,1
2019-11-27,return_alpha_raw,197.91761779785156,0.0069888239062634305,3.0,3.0,1471925.9612565597,0.0,44157.77883769679,1583814.0511388616,1539656.2723011647,0.007186120615470637,2.868028379587525,0.0,7.009171244078855,3586.715846737257,0
2019-11-29,return_alpha_raw,197.01467895507812,-0.0045621953862423625,4.0,3.0,1471925.9612565597,0.0,44157.77883769679,1576581.372810846,1532423.593973149,-0.0046975928706514125,2.8815647978381698,0.0,7.009171244078855,3570.336675233637,0
2019-12-02,return_alpha_raw,194.9974822998047,-0.010238814011078734,4.0,4.0,1532423.593973149,17139.164921229174,61296.94375892596,1577381.125310848,1516084.181551922,-0.010662464664136007,4.043109512308218,11.997415444860422,9.72967361252793,2573.34383833966,1
2019-12-03,return_alpha_raw,193.4701385498047,-0.007832633180626103,4.0,4.0,1532423.593973149,0.0,61296.94375892596,1565016.3478966323,1503719.4041377064,-0.008155732751962796,4.076355175723499,0.0,9.72967361252793,2553.171906990448,0
2019-12-04,return_alpha_raw,194.44993591308594,0.0050643338068889765,4.0,4.0,1532423.593973149,0.0,61296.94375892596,1572932.3834220064,1511635.4396630805,0.0052643036351009975,4.055008380366372,0.0,9.72967361252793,2566.0861487779453,0
2019-12-05,return_alpha_raw,194.83416748046875,0.0019759922551711995,4.0,4.0,1532423.593973149,0.0,61296.94375892596,1576030.7559559436,1514733.8121970177,0.0020496823854749824,4.046713902162053,0.0,9.72967361252793,2571.1408421181595,0
2019-12-06,return_alpha_raw,196.91864013671875,0.01069870178935095,4.0,4.0,1532423.593973149,0.0,61296.94375892596,1592882.509351149,1531585.565592223,0.011125224286611113,4.0021886557297295,0.0,9.72967361252793,2598.632838230529,0
2019-12-09,return_alpha_raw,196.0253143310547,-0.004536522317256653,4.0,4.0,1532423.593973149,0.0,61296.94375892596,1585646.6326250972,1524349.6888661713,-0.004724435179208508,4.021186490648306,0.0,9.72967361252793,2586.8282093496673,0
2019-12-10,return_alpha_raw,195.8619842529297,-0.0008332091122127405,4.0,4.0,1532423.593973149,0.0,61296.94375892596,1584315.7277284318,1523018.783969506,-0.0008730968401714501,4.024700443888501,0.0,9.72967361252793,2584.656967498035,0
2019-12-11,return_alpha_raw,196.8994140625,0.005296738994692296,4.0,4.0,1532423.593973149,0.0,61296.94375892596,1592697.7049497827,1531400.7611908568,0.005503528459120277,4.002671626678563,0.0,9.72967361252793,2598.331347829812,0
2019-12-12,return_alpha_raw,198.3690948486328,0.0074641196528209,4.0,4.0,1532423.593973149,0.0,61296.94375892596,1604576.0615166884,1543279.1177577625,0.007756530405319095,3.97186374477642,0.0,9.72967361252793,2617.709730891816,0
2019-12-13,return_alpha_raw,199.02230834960938,0.0032929197034194946,4.0,4.0,1532423.593973149,0.0,61296.94375892596,1609850.0719716793,1548553.1282127535,0.0034174054416376,3.958336504067587,0.0,9.72967361252793,2626.313765826629,0
2019-12-16,return_alpha_raw,201.0203094482422,0.010039081122117599,4.0,4.0,1532423.593973149,0.0,61296.94375892596,1626001.7577650372,1564704.8140061114,0.010430178661031242,3.9174765240216454,0.0,9.72967361252793,2652.6636697580234,0
2019-12-17,return_alpha_raw,201.13555908203125,0.0005733233328781839,4.0,4.0,1532423.593973149,0.0,61296.94375892596,1626924.2528384523,1565627.3090795265,0.0005895649231455469,3.9151682781366435,0.0,9.72967361252793,2654.1686307183013,0
2019-12-18,return_alpha_raw,201.28927612304688,0.0007642459728014472,4.0,4.0,1532423.593973149,0.0,61296.94375892596,1628157.8934731246,1566860.9497141987,0.0007879529358729709,3.912085738693453,0.0,9.72967361252793,2656.1811953895904,0
2019-12-19,return_alpha_raw,202.54763793945312,0.006251509472551486,4.0,4.0,1532423.593973149,0.0,61296.94375892596,1638326.6082933687,1577029.6645344428,0.006489864223177433,3.8868605415245328,0.0,9.72967361252793,2672.770464277509,0
2019-12-20,return_alpha_raw,203.3641357421875,0.00403113959284207,4.0,4.0,1532423.593973149,0.0,61296.94375892596,1644921.201876454,1583624.2581175282,0.004181654747142716,3.870674716222794,0.0,9.72967361252793,2683.5289021027634,0
2019-12-23,return_alpha_raw,203.90130615234375,0.0026414215475891734,4.0,4.0,1532423.593973149,0.0,61296.94375892596,1649256.402509564,1587959.4587506382,0.0027375184554594423,3.8601076004265673,0.0,9.72967361252793,2690.6013601524824,0
2019-12-24,return_alpha_raw,204.00717163085938,0.0005191996094253692,4.0,4.0,1532423.593973149,0.0,61296.94375892596,1650102.9661159767,1588806.0223570508,0.0005331141180888732,3.8580508190666185,0.0,9.72967361252793,2691.9824463119194,0
2019-12-26,return_alpha_raw,205.80734252929688,0.008824056939012115,4.0,4.0,1532423.593973149,0.0,61296.94375892596,1664653.8389706041,1603356.8952116782,0.009158369649833409,3.8230380236605663,0.0,9.72967361252793,2715.720779681124,0
2019-12-27,return_alpha_raw,205.63404846191406,-0.0008420208203122614,4.0,4.0,1532423.593973149,0.0,61296.94375892596,1663242.4361059654,1601945.4923470395,-0.0008802799107633374,3.826406332285295,0.0,9.72967361252793,2713.418213226604,0
2019-12-30,return_alpha_raw,204.286376953125,-0.006553737179563757,4.0,4.0,1532423.593973149,0.0,61296.94375892596,1652332.2526402168,1591035.308881291,-0.006810583454848973,3.8526450932145466,0.0,9.72967361252793,2695.619310383003,0
2019-12-31,return_alpha_raw,204.67144775390625,0.0018849558473965633,4.0,4.0,1532423.593973149,0.0,61296.94375892596,1655437.0963080602,1594140.1525491343,0.001951461196688653,3.8451414488812756,0.0,9.72967361252793,2700.6845607485907,0
2020-01-02,return_alpha_raw,208.0889129638672,0.016697322696764383,4.0,4.0,1594140.1525491343,2468.66234303941,63765.60610196537,1685576.4676616665,1621810.8615597012,0.01735776428836555,3.9317535486623743,1.728063640127587,10.121524778089743,2643.3944107209136,1
2020-01-03,return_alpha_raw,206.1827850341797,-0.009160160926106053,4.0,4.0,1594140.1525491343,0.0,63765.60610196537,1670126.19443985,1606360.5883378848,-0.009526556757030069,3.969569881438899,0.0,10.121524778089743,2619.1646195116678,0
2020-01-06,return_alpha_raw,207.51129150390625,0.0064433433155262065,3.0,4.0,1594140.1525491343,0.0,63765.60610196537,1680877.2693661011,1617111.6632641358,0.006692815426563303,3.9431789127817343,0.0,10.121524778089743,2636.024923339188,0
2020-01-07,return_alpha_raw,207.48239135742188,-0.0001392702357299047,4.0,3.0,1594140.1525491343,-15941.401525491347,47824.204576474025,1664685.2432592828,1616861.0386828089,-0.00015498285432002934,2.9578425994749966,11.158981067843943,7.591143583567306,3480.842510610589,-1
2020-01-08,return_alpha_raw,209.0419158935547,0.007516418747296472,3.0,4.0,1594140.1525491343,15941.401525491347,63765.60610196537,1693237.57402342,1629471.9679214547,0.0077996370355484235,3.9132680621259426,11.158981067843943,10.121524778089743,2655.408891300778,1
2020-01-09,return_alpha_raw,210.813232421875,0.008473499301557608,1.0,3.0,1594140.1525491343,-15941.401525491347,47824.204576474025,1691489.8957638254,1643665.6911873515,0.008710627458048403,2.909606547906148,11.158981067843943,7.591143583567306,3536.890808207845,-1
2020-01-10,return_alpha_raw,210.27410888671875,-0.002557351495267479,3.0,1.0,1594140.1525491343,-31882.803050982682,15941.401525491343,1655338.1027642805,1639396.7012387891,-0.002597237364903915,0.9723943883408712,22.31796213568788,2.5303811945224357,10383.89316094502,-1
2020-01-13,return_alpha_raw,212.69996643066406,0.011536644034726207,1.0,3.0,1594140.1525491343,31882.803050982682,47824.204576474025,1706655.6062334983,1658831.4016570244,0.011854788047060083,2.883005743000881,22.31796213568788,7.591143583567306,3568.602178222211,1
2020-01-14,return_alpha_raw,211.8625030517578,-0.003937299064780242,3.0,1.0,1594140.1525491343,-31882.803050982682,15941.401525491343,1668153.961319987,1652212.5597944956,-0.003990063038303515,0.9648517335732005,22.31796213568788,2.5303811945224357,10464.286710628921,-1
2020-01-15,return_alpha_raw,211.94915771484375,0.0004090136849972392,1.0,3.0,1594140.1525491343,31882.803050982682,47824.204576474025,1700702.1844385245,1652877.9798620506,0.0004027448306274106,2.8933899028932215,22.31796213568788,7.591143583567306,3556.1536245082566,1
2020-01-16,return_alpha_raw,213.98036193847656,0.009583450321447362,1.0,1.0,1594140.1525491343,-31882.803050982682,15941.401525491343,1684787.3667981261,1668845.9652726348,0.009660716402015934,0.9552350460868951,22.31796213568788,2.5303811945224357,10568.62763354929,-1
2020-01-17,return_alpha_raw,215.03927612304688,0.004948651245270774,1.0,1.0,1594140.1525491343,0.0,15941.401525491343,1693122.2615176537,1677180.8599921623,0.0049944062501694475,0.9504879232622437,0.0,2.5303811945224357,10620.912212832985,0
2020-01-21,return_alpha_raw,214.9430389404297,-0.0004475330476936268,1.0,1.0,1594140.1525491343,0.0,15941.401525491343,1692362.0029706443,1676420.601445153,-0.00045329550625383686,0.9509189705584095,0.0,2.5303811945224357,10616.143130605216,0
2020-01-22,return_alpha_raw,215.51097106933594,0.002642244809163863,1.0,1.0,1594140.1525491343,0.0,15941.401525491343,1696831.107307025,1680889.7057815336,0.0026658610211114375,0.9483906927777483,0.0,2.5303811945224357,10644.177706669523,0
2020-01-23,return_alpha_raw,216.2041015625,0.0032162190617250896,1.0,1.0,1594140.1525491343,0.0,15941.401525491343,1702285.9574776795,1686344.555952188,0.003245216001913853,0.9453229157246629,0.0,2.5303811945224357,10678.395840890233,0
2020-01-24,return_alpha_raw,214.3846893310547,-0.008415253079365637,3.0,1.0,1594140.1525491343,0.0,15941.401525491343,1687958.25995086,1672016.8584253686,-0.00849630490770581,0.9534234924224537,0.0,2.5303811945224357,10588.518564391621,0
2020-01-27,return_alpha_raw,209.95645141601562,-0.020655569802379592,2.0,3.0,1594140.1525491343,31882.803050982682,47824.204576474025,1684287.3177605148,1636463.1131840409,-0.021263987299033893,2.9224126221472364,22.31796213568788,7.591143583567306,3521.830279617572,1
2020-01-28,return_alpha_raw,213.18138122558594,0.015359993883590217,3.0,2.0,1594140.1525491343,-15941.40152549134,31882.803050982686,1693955.308158768,1662072.5051077853,0.01564923261479234,1.918255849429089,11.158981067843937,5.060762389044871,5313.068946447472,-1
2020-01-29,return_alpha_raw,213.52789306640625,0.0016254320092505825,3.0,3.0,1594140.1525491343,15941.40152549134,47824.204576474025,1712657.262265876,1664833.057689402,0.0016609098418589596,2.8726126235653053,11.158981067843937,7.591143583567306,3581.151589311277,1
2020-01-30,return_alpha_raw,214.2884063720703,0.0035616578927584186,1.0,3.0,1594140.1525491343,0.0,47824.204576474025,1718749.5703780316,1670925.3658015577,0.0036594108244167867,2.8621388815611364,0.0,7.591143583567306,3593.8905531186388,0
2020-01-31,return_alpha_raw,210.8902130126953,-0.01585803645146666,2.0,1.0,1594140.1525491343,-31882.803050982682,15941.401525491343,1660091.8782177356,1644150.4766922442,-0.0160239886576079,0.9695828789079438,22.31796213568788,2.5303811945224357,10413.713471573627,-1
2020-02-03,return_alpha_raw,214.07664489746094,0.015109434616455086,3.0,2.0,1644150.4766922442,16941.608008353538,32883.00953384488,1702355.2562002165,1669472.2466663716,0.01540112680262129,1.9696649404927928,11.859125605847476,5.219525322832521,5177.005634013107,1
2020-02-04,return_alpha_raw,218.9766082763672,0.022888827416242652,0.0,3.0,1644150.4766922442,16441.504766922444,49324.514300767325,1758118.401622456,1708793.8873216887,0.0235533359322595,2.8865104601981613,11.50905333684571,7.829287984248782,3564.390702160661,1
2020-02-05,return_alpha_raw,219.69857788085938,0.0032970170201056526,0.0,0.0,1644150.4766922442,-49324.514300767325,0.0,1714393.168855396,1714393.168855396,0.0032767448287653878,0.0,34.52716001053713,0.0,inf,-1
2020-02-06,return_alpha_raw,221.59498596191406,0.008631863252583694,0.0,0.0,1644150.4766922442,0.0,0.0,1729191.5762501196,1729191.5762501196,0.008631863252583694,0.0,0.0,0.0,inf,0
2020-02-07,return_alpha_raw,220.64195251464844,-0.004300789763489576,0.0,0.0,1644150.4766922442,0.0,0.0,1721754.6868198707,1721754.6868198707,-0.004300789763489576,0.0,0.0,0.0,inf,0
2020-02-10,return_alpha_raw,223.30856323242188,0.012085692169518047,0.0,0.0,1644150.4766922442,0.0,0.0,1742563.2839562006,1742563.2839562006,0.012085692169518047,0.0,0.0,0.0,inf,0
2020-02-11,return_alpha_raw,223.3469696044922,0.00017198790549888265,0.0,0.0,1644150.4766922442,0.0,0.0,1742862.9837656075,1742862.9837656075,0.00017198790549888265,0.0,0.0,0.0,inf,0
2020-02-12,return_alpha_raw,225.522705078125,0.009741504339573881,0.0,0.0,1644150.4766922442,0.0,0.0,1759841.0910852428,1759841.0910852428,0.009741504339573881,0.0,0.0,0.0,inf,0
2020-02-13,return_alpha_raw,225.23388671875,-0.001280662003743438,0.0,0.0,1644150.4766922442,0.0,0.0,1757587.3294672635,1757587.3294672635,-0.001280662003743438,0.0,0.0,0.0,inf,0
2020-02-14,return_alpha_raw,225.8788604736328,0.002863573347150039,0.0,0.0,1644150.4766922442,0.0,0.0,1762620.3096992145,1762620.3096992145,0.002863573347150039,0.0,0.0,0.0,inf,0
2020-02-18,return_alpha_raw,225.96546936035156,0.00038343068730362084,0.0,0.0,1644150.4766922442,0.0,0.0,1763296.1524160178,1763296.1524160178,0.00038343068730362084,0.0,0.0,0.0,inf,0
2020-02-19,return_alpha_raw,228.1314697265625,0.009585536995286636,0.0,0.0,1644150.4766922442,0.0,0.0,1780198.292918648,1780198.292918648,0.009585536995286636,0.0,0.0,0.0,inf,0
2020-02-20,return_alpha_raw,226.0135955810547,-0.009283568584581015,0.0,0.0,1644150.4766922442,0.0,0.0,1763671.6999721837,1763671.6999721837,-0.009283568584581126,0.0,0.0,0.0,inf,0
2020-02-21,return_alpha_raw,221.67202758789062,-0.019209322262240036,0.0,0.0,1644150.4766922442,0.0,0.0,1729792.7619226254,1729792.7619226254,-0.019209322262240036,0.0,0.0,0.0,inf,0
2020-02-24,return_alpha_raw,213.1236114501953,-0.038563350688466835,2.0,0.0,1644150.4766922442,0.0,0.0,1663086.1570262315,1663086.1570262315,-0.038563350688466835,0.0,0.0,0.0,inf,0
2020-02-25,return_alpha_raw,207.32835388183594,-0.027192001528716925,2.0,2.0,1644150.4766922442,32883.00953384488,32883.00953384488,1649824.7586667135,1616941.7491328686,-0.027746252170046226,2.033654555056132,23.018106673691417,5.219525322832521,5017.255969130895,1
2020-02-26,return_alpha_raw,208.39691162109375,0.005153939242998229,2.0,2.0,1644150.4766922442,0.0,32883.00953384488,1658322.6357091533,1625439.6261753084,0.005255524540075163,2.0230225106065154,0.0,5.219525322832521,5043.098728546493,0
2020-02-27,return_alpha_raw,197.96165466308594,-0.05007395204100307,2.0,2.0,1644150.4766922442,0.0,32883.00953384488,1575278.6480548205,1542395.6385209756,-0.05109017050958509,2.131943887326915,0.0,5.219525322832521,4790.55497165934,0
2020-02-28,return_alpha_raw,198.1156768798828,0.0007780406617585722,2.0,2.0,1644150.4766922442,0.0,32883.00953384488,1576499.0593712844,1543616.0498374396,0.0007912440141715216,2.1302583331721534,0.0,5.219525322832521,4794.266345203808,0
2020-03-02,return_alpha_raw,208.3391571044922,0.051603590314601266,0.0,2.0,1543616.0498374396,-2010.688537096088,30872.320996748793,1655731.2431963084,1624858.9221995596,0.05263152865680287,1.9000000907744752,1.4074819759672617,4.900368412182348,5363.157643284014,-1
2020-03-03,return_alpha_raw,201.65830993652344,-0.032067169997323064,0.0,0.0,1543616.0498374396,-30872.320996748793,0.0,1572733.3772865974,1572733.3772865974,-0.03208004350457716,0.0,21.610624697724155,0.0,inf,-1
2020-03-04,return_alpha_raw,210.07196044921875,0.04172230995758963,2.0,0.0,1543616.0498374396,0.0,0.0,1638351.4467343956,1638351.4467343956,0.04172230995758963,0.0,0.0,0.0,inf,0
2020-03-05,return_alpha_raw,203.6894989013672,-0.03038226298361424,0.0,2.0,1543616.0498374396,30872.320996748793,30872.320996748793,1618483.11782801,1587610.7968312614,-0.03097055274939442,1.94457741521835,21.610624697724155,4.900368412182348,5242.505472777556,1
2020-03-06,return_alpha_raw,200.25279235839844,-0.016872281396464683,2.0,0.0,1543616.0498374396,-30872.320996748793,0.0,1560802.9347149022,1560802.9347149022,-0.016885663772169712,0.0,21.610624697724155,0.0,inf,-1
2020-03-09,return_alpha_raw,186.3423614501953,-0.06946435425133657,0.0,2.0,1543616.0498374396,30872.320996748793,30872.320996748793,1481085.5520707897,1450213.231074041,-0.07085436680131663,2.1288125315119677,21.610624697724155,4.900368412182348,4797.454497272054,1
2020-03-10,return_alpha_raw,196.48880004882812,0.05445052064205336,0.0,0.0,1543616.0498374396,-30872.320996748793,0.0,1529155.309213553,1529155.309213553,0.05443480754967789,0.0,21.610624697724155,0.0,inf,-1
2020-03-11,return_alpha_raw,187.93072509765625,-0.043555026795650265,0.0,0.0,1543616.0498374396,0.0,0.0,1462552.908746046,1462552.908746046,-0.043555026795650154,0.0,0.0,0.0,inf,0
2020-03-12,return_alpha_raw,170.6990966796875,-0.09169138473240346,0.0,0.0,1543616.0498374396,0.0,0.0,1328449.4072987165,1328449.4072987165,-0.09169138473240346,0.0,0.0,0.0,inf,0
2020-03-13,return_alpha_raw,185.1582794189453,0.08470567812312502,0.0,0.0,1543616.0498374396,0.0,0.0,1440976.6151962178,1440976.6151962178,0.08470567812312502,0.0,0.0,0.0,inf,0
2020-03-16,return_alpha_raw,162.97854614257812,-0.11978796382192869,0.0,0.0,1543616.0498374396,0.0,0.0,1268364.960546848,1268364.960546848,-0.1197879638219288,0.0,0.0,0.0,inf,0
2020-03-17,return_alpha_raw,175.33912658691406,0.0758417640658211,0.0,0.0,1543616.0498374396,0.0,0.0,1364559.9966339965,1364559.9966339965,0.0758417640658211,0.0,0.0,0.0,inf,0
2020-03-18,return_alpha_raw,170.00601196289062,-0.030415998572799197,0.0,0.0,1543616.0498374396,0.0,0.0,1323055.541723878,1323055.541723878,-0.030415998572799308,0.0,0.0,0.0,inf,0
2020-03-19,return_alpha_raw,171.0264129638672,0.006002146566436162,0.0,0.0,1543616.0498374396,0.0,0.0,1330996.7150008401,1330996.7150008401,0.006002146566436162,0.0,0.0,0.0,inf,0
2020-03-20,return_alpha_raw,164.32632446289062,-0.03917575294286324,0.0,0.0,1543616.0498374396,0.0,0.0,1278853.9165262047,1278853.9165262047,-0.03917575294286324,0.0,0.0,0.0,inf,0
2020-03-23,return_alpha_raw,164.44496154785156,0.000721960314932657,0.0,0.0,1543616.0498374396,0.0,0.0,1279777.1983025328,1279777.1983025328,0.000721960314932657,0.0,0.0,0.0,inf,0
2020-03-24,return_alpha_raw,177.17913818359375,0.07743731711741564,0.0,0.0,1543616.0498374396,0.0,0.0,1378879.7110471237,1378879.7110471237,0.07743731711741564,0.0,0.0,0.0,inf,0
2020-03-25,return_alpha_raw,175.86712646484375,-0.007405001131625788,0.0,0.0,1543616.0498374396,0.0,0.0,1368669.1052264438,1368669.1052264438,-0.007405001131625788,0.0,0.0,0.0,inf,0
2020-03-26,return_alpha_raw,185.12835693359375,0.0526603843191884,0.0,0.0,1543616.0498374396,0.0,0.0,1440743.746313468,1440743.746313468,0.0526603843191884,0.0,0.0,0.0,inf,0
2020-03-27,return_alpha_raw,178.76123046875,-0.034393037189476394,0.0,0.0,1543616.0498374396,0.0,0.0,1391192.1930660035,1391192.1930660035,-0.034393037189476394,0.0,0.0,0.0,inf,0
2020-03-30,return_alpha_raw,185.263427734375,0.036373643482845,0.0,0.0,1543616.0498374396,0.0,0.0,1441794.9219127037,1441794.9219127037,0.036373643482845,0.0,0.0,0.0,inf,0
2020-03-31,return_alpha_raw,183.6813201904297,-0.008539772599984952,0.0,0.0,1543616.0498374396,0.0,0.0,1429482.3211437562,1429482.3211437562,-0.008539772599984952,0.0,0.0,0.0,inf,0
2020-04-01,return_alpha_raw,175.8767852783203,-0.04248954060226762,0.0,0.0,1429482.3211437562,0.0,0.0,1368744.274019295,1368744.274019295,-0.042489540602267506,0.0,0.0,0.0,inf,0
2020-04-02,return_alpha_raw,179.4462127685547,0.020295046242662762,0.0,0.0,1429482.3211437562,0.0,0.0,1396523.0023548964,1396523.0023548964,0.020295046242662762,0.0,0.0,0.0,inf,0
2020-04-03,return_alpha_raw,176.8993682861328,-0.014192801526030197,0.0,0.0,1429482.3211437562,0.0,0.0,1376702.4285559375,1376702.4285559375,-0.014192801526030197,0.0,0.0,0.0,inf,0
2020-04-06,return_alpha_raw,189.5467987060547,0.07149505700588366,0.0,0.0,1429482.3211437562,0.0,0.0,1475129.8471656828,1475129.8471656828,0.07149505700588366,0.0,0.0,0.0,inf,0
2020-04-07,return_alpha_raw,189.46958923339844,-0.00040733725488018013,0.0,0.0,1429482.3211437562,0.0,0.0,1474528.9718231466,1474528.9718231466,-0.00040733725488018013,0.0,0.0,0.0,inf,0
2020-04-08,return_alpha_raw,193.49241638183594,0.021232046602908783,0.0,0.0,1429482.3211437562,0.0,0.0,1505836.2396702347,1505836.2396702347,0.021232046602908783,0.0,0.0,0.0,inf,0
2020-04-09,return_alpha_raw,193.772216796875,0.0014460536504279364,0.0,0.0,1429482.3211437562,0.0,0.0,1508013.7596615565,1508013.7596615565,0.0014460536504279364,0.0,0.0,0.0,inf,0
2020-04-13,return_alpha_raw,195.86563110351562,0.010803480195693327,0.0,0.0,1429482.3211437562,0.0,0.0,1524305.5564488932,1524305.5564488932,0.010803480195693327,0.0,0.0,0.0,inf,0
2020-04-14,return_alpha_raw,204.384033203125,0.043491050735222414,0.0,0.0,1429482.3211437562,0.0,0.0,1590599.2067403933,1590599.2067403933,0.043491050735222414,0.0,0.0,0.0,inf,0
2020-04-15,return_alpha_raw,202.03982543945312,-0.011469622782823263,0.0,0.0,1429482.3211437562,0.0,0.0,1572355.633840423,1572355.633840423,-0.011469622782823263,0.0,0.0,0.0,inf,0
2020-04-16,return_alpha_raw,205.72503662109375,0.018240023587552612,0.0,0.0,1429482.3211437562,0.0,0.0,1601035.4376896936,1601035.4376896936,0.018240023587552612,0.0,0.0,0.0,inf,0
2020-04-17,return_alpha_raw,207.69302368164062,0.009566103829022676,0.0,0.0,1429482.3211437562,0.0,0.0,1616351.108920578,1616351.108920578,0.009566103829022676,0.0,0.0,0.0,inf,0
2020-04-20,return_alpha_raw,205.2329864501953,-0.011844582874464549,0.0,0.0,1429482.3211437562,0.0,0.0,1597206.1042567354,1597206.1042567354,-0.011844582874464549,0.0,0.0,0.0,inf,0
2020-04-21,return_alpha_raw,197.66001892089844,-0.0368993681780031,0.0,0.0,1429482.3211437562,0.0,0.0,1538270.208159612,1538270.208159612,-0.03689936817800321,0.0,0.0,0.0,inf,0
2020-04-22,return_alpha_raw,203.52545166015625,0.0296743507932431,0.0,0.0,1429482.3211437562,0.0,0.0,1583917.3779313355,1583917.3779313355,0.0296743507932431,0.0,0.0,0.0,inf,0
2020-04-23,return_alpha_raw,203.0913543701172,-0.002132889456813003,0.0,0.0,1429482.3211437562,0.0,0.0,1580539.0572554828,1580539.0572554828,-0.002132889456813003,0.0,0.0,0.0,inf,0
2020-04-24,return_alpha_raw,206.29417419433594,0.01577034056497495,2.0,0.0,1429482.3211437562,0.0,0.0,1605464.6964646461,1605464.6964646461,0.01577034056497495,0.0,0.0,0.0,inf,0
2020-04-27,return_alpha_raw,207.95347595214844,0.008043376718187778,2.0,2.0,1429482.3211437562,28589.646422875125,28589.646422875125,1647172.9457836382,1618583.299360763,0.008171218541899394,1.7663376629529173,20.012752496012588,4.538039114742084,5761.431678517379,1
2020-04-28,return_alpha_raw,204.0367889404297,-0.018834438779085416,2.0,2.0,1429482.3211437562,0.0,28589.646422875125,1616144.8297385958,1587555.1833157206,-0.019169922275422246,1.8008600093612894,0.0,4.538039114742084,5652.9024732725875,0
2020-04-29,return_alpha_raw,211.27207946777344,0.03546071551565211,2.0,2.0,1429482.3211437562,0.0,28589.646422875125,1673449.9437389334,1644860.2973160583,0.036096454852455606,1.7381200378856034,0.0,4.538039114742084,5853.342566699161,0
2020-04-30,return_alpha_raw,211.18527221679688,-0.00041087895378910666,2.0,2.0,1429482.3211437562,0.0,28589.646422875125,1672757.8203377167,1644168.1739148416,-0.0004207794439115009,1.738851710941578,0.0,4.538039114742084,5850.921678413312,0
2020-05-01,return_alpha_raw,205.2329864501953,-0.0281851367006839,0.0,2.0,1644168.1739148416,4293.717055421705,32883.36347829683,1629775.4700874789,1596892.106609182,-0.02875379055239413,2.0592100957979493,3.005601938795193,5.21958150449156,4956.2310472380295,1
2020-05-04,return_alpha_raw,207.6254425048828,0.011657268629514883,0.0,0.0,1644168.1739148416,-32883.36347829683,0.0,1615484.2201827012,1615484.2201827012,0.011642686125487467,0.0,23.01835443480778,0.0,inf,-1
2020-05-05,return_alpha_raw,209.9794158935547,0.011337596010741802,0.0,0.0,1644168.1739148416,0.0,0.0,1633799.927632861,1633799.927632861,0.011337596010741802,0.0,0.0,0.0,inf,0
2020-05-06,return_alpha_raw,211.27207946777344,0.006156144252130069,0.0,0.0,1644168.1739148416,0.0,0.0,1643857.8356664886,1643857.8356664886,0.006156144252130069,0.0,0.0,0.0,inf,0
2020-05-07,return_alpha_raw,213.9926300048828,0.012876999857069915,0.0,0.0,1644168.1739148416,0.0,0.0,1665025.7927814093,1665025.7927814093,0.012876999857069915,0.0,0.0,0.0,inf,0
2020-05-08,return_alpha_raw,216.92530822753906,0.013704575819220244,0.0,0.0,1644168.1739148416,0.0,0.0,1687844.2649995394,1687844.2649995394,0.013704575819220244,0.0,0.0,0.0,inf,0
2020-05-11,return_alpha_raw,218.86441040039062,0.008939031543601983,0.0,0.0,1644168.1739148416,0.0,0.0,1702931.9581250579,1702931.9581250579,0.008939031543601983,0.0,0.0,0.0,inf,0
2020-05-12,return_alpha_raw,214.2820281982422,-0.020937082432751053,0.0,0.0,1644168.1739148416,0.0,0.0,1667277.5313404275,1667277.5313404275,-0.020937082432750942,0.0,0.0,0.0,inf,0
2020-05-13,return_alpha_raw,211.60011291503906,-0.012515819948847762,0.0,0.0,1644168.1739148416,0.0,0.0,1646410.1859534113,1646410.1859534113,-0.012515819948847762,0.0,0.0,0.0,inf,0
2020-05-14,return_alpha_raw,214.00222778320312,0.011352143602723741,0.0,0.0,1644168.1739148416,0.0,0.0,1665100.4708133414,1665100.4708133414,0.011352143602723741,0.0,0.0,0.0,inf,0
2020-05-15,return_alpha_raw,215.3914031982422,0.006491406325201288,0.0,0.0,1644168.1739148416,0.0,0.0,1675909.314541675,1675909.314541675,0.006491406325201288,0.0,0.0,0.0,inf,0
2020-05-18,return_alpha_raw,219.40463256835938,0.018632263454003706,0.0,0.0,1644168.1739148416,0.0,0.0,1707135.298415234,1707135.298415234,0.018632263454003706,0.0,0.0,0.0,inf,0
2020-05-19,return_alpha_raw,218.85475158691406,-0.0025062414362375662,2.0,0.0,1644168.1739148416,0.0,0.0,1702856.805193082,1702856.805193082,-0.0025062414362375662,0.0,0.0,0.0,inf,0
2020-05-20,return_alpha_raw,223.2248992919922,0.019968255993485284,3.0,2.0,1644168.1739148416,32883.36347829683,32883.36347829683,1770371.175125251,1737487.8116469542,0.020337004466999486,1.8925809584314084,23.01835443480778,5.21958150449156,5383.789819109302,1
2020-05-21,return_alpha_raw,220.7938232421875,-0.01089070286296645,4.0,3.0,1644168.1739148416,16441.681739148422,49325.04521744525,1767333.995762116,1718008.9505446707,-0.011210933954016955,2.871058686964782,11.509177217403895,7.829372256737341,3583.035733613573,1
2020-05-22,return_alpha_raw,221.555908203125,0.003451568299089436,3.0,4.0,1644168.1739148416,16441.681739148407,65766.72695659366,1789910.513017477,1724143.7860608834,0.0035708984602598193,3.8144572099087846,11.509177217403884,10.43916300898312,2721.604975413823,1
2020-05-26,return_alpha_raw,220.9578094482422,-0.002699538729224349,1.0,3.0,1644168.1739148416,-16441.681739148407,49325.04521744525,1768661.9760032159,1719336.9307857705,-0.002787966591867086,2.868841140689204,11.509177217403884,7.829372256737341,3585.7280377670627,-1
2020-05-27,return_alpha_raw,222.16371154785156,0.005457612485481489,4.0,1.0,1644168.1739148416,-32883.36347829684,16441.681739148415,1745226.0657822213,1728784.3840430728,0.005494823666112092,0.9510545034364891,23.018354434807787,2.60979075224578,10614.644496047847,-1
2020-05-28,return_alpha_raw,221.8743438720703,-0.0013024974860438299,3.0,4.0,1644168.1739148416,49325.045217445244,65766.72695659366,1792168.7909663743,1726402.0640097808,-0.0013780319022320686,3.8094675816039256,34.52753165221167,10.43916300898312,2725.0387451229158,1
2020-05-29,return_alpha_raw,225.12542724609375,0.01465281346768954,4.0,3.0,1644168.1739148416,-16441.681739148407,49325.04521744525,1801727.0001369508,1752401.9549195054,0.015060159769119341,2.814710693455654,11.509177217403884,7.829372256737341,3652.762997366127,-1
2020-06-01,return_alpha_raw,225.8006591796875,0.002999358810125141,3.0,4.0,1752401.9549195054,20771.032979334967,70096.07819678022,1827938.6489537982,1757842.570757018,0.0031046620452797047,3.987619788192592,14.539723085534476,11.126361618536542,2607.761655113199,1
2020-06-02,return_alpha_raw,227.31527709960938,0.006707765714344394,1.0,3.0,1752401.9549195054,-17524.019549195058,52572.05864758516,1822537.7727166605,1769965.7140690754,0.006896603548995017,2.970230340039991,12.26681368443654,8.344771213902407,3466.742257391849,-1
2020-06-03,return_alpha_raw,228.33787536621094,0.00449859015042553,0.0,1.0,1752401.9549195054,-35048.0390983901,17524.019549195054,1795503.4917434042,1777979.4721942092,0.004527634666273039,0.9856142786377964,24.53362736887307,2.7815904046341355,10245.956909046467,-1
2020-06-04,return_alpha_raw,226.73648071289062,-0.007013267732092099,3.0,0.0,1752401.9549195054,-17524.019549195054,0.0,1765497.8453503116,1765497.8453503116,-0.00702011864540486,0.0,12.266813684436539,0.0,inf,-1
2020-06-05,return_alpha_raw,231.23199462890625,0.019827042837928577,0.0,3.0,1752401.9549195054,52572.05864758516,52572.05864758516,1854070.9790106234,1801498.9203630383,0.020391457915137412,2.918239808713892,36.80044105330961,8.344771213902407,3526.723180918821,1
2020-06-08,return_alpha_raw,233.02639770507812,0.007760185086201465,0.0,0.0,1752401.9549195054,-52572.05864758516,0.0,1815441.7993983605,1815441.7993983605,0.007739598884973109,0.0,36.80044105330961,0.0,inf,-1
2020-06-09,return_alpha_raw,234.71463012695312,0.007244811911874649,0.0,0.0,1752401.9549195054,0.0,0.0,1828594.3337719569,1828594.3337719569,0.007244811911874649,0.0,0.0,0.0,inf,0
2020-06-10,return_alpha_raw,237.53155517578125,0.012001488988157671,0.0,0.0,1752401.9549195054,0.0,0.0,1850540.1885325285,1850540.1885325285,0.012001488988157671,0.0,0.0,0.0,inf,0
2020-06-11,return_alpha_raw,225.76210021972656,-0.04954901653948629,2.0,0.0,1752401.9549195054,0.0,0.0,1758847.742123946,1758847.742123946,-0.04954901653948629,0.0,0.0,0.0,inf,0
2020-06-12,return_alpha_raw,227.5564422607422,0.007947932975770788,0.0,2.0,1752401.9549195054,35048.03909839011,35048.03909839011,1808123.252857205,1773075.2137588148,0.008089086561687164,1.9766809003037347,24.533627368873077,5.563180809268271,5158.985493542944,1
2020-06-15,return_alpha_raw,230.32521057128906,0.012167391452597709,0.0,0.0,1752401.9549195054,-35048.03909839011,0.0,1794624.0818218999,1794624.0818218999,0.012153386328943583,0.0,24.533627368873077,0.0,inf,-1
2020-06-16,return_alpha_raw,234.28048706054688,0.017172572986896784,0.0,0.0,1752401.9549195054,0.0,0.0,1825442.3948510292,1825442.3948510292,0.017172572986896784,0.0,0.0,0.0,inf,0
2020-06-17,return_alpha_raw,235.02333068847656,0.003170744765174094,0.0,0.0,1752401.9549195054,0.0,0.0,1831230.40676863,1831230.40676863,0.003170744765174094,0.0,0.0,0.0,inf,0
2020-06-18,return_alpha_raw,235.66000366210938,0.002708977750284447,0.0,0.0,1752401.9549195054,0.0,0.0,1836191.1691962106,1836191.1691962106,0.002708977750284447,0.0,0.0,0.0,inf,0
2020-06-19,return_alpha_raw,235.62147521972656,-0.00016349164806961358,0.0,0.0,1752401.9549195054,0.0,0.0,1835890.9672757878,1835890.9672757878,-0.00016349164806961358,0.0,0.0,0.0,inf,0
2020-06-22,return_alpha_raw,238.4471893310547,0.011992600032289191,0.0,0.0,1752401.9549195054,0.0,0.0,1857908.0733492188,1857908.0733492188,0.011992600032289191,0.0,0.0,0.0,inf,0
2020-06-23,return_alpha_raw,240.47657775878906,0.00851085069791635,0.0,0.0,1752401.9549195054,0.0,0.0,1873720.4515719474,1873720.4515719474,0.00851085069791635,0.0,0.0,0.0,inf,0
2020-06-24,return_alpha_raw,235.51901245117188,-0.020615584909853046,0.0,0.0,1752401.9549195054,0.0,0.0,1835092.6085052378,1835092.6085052378,-0.020615584909853046,0.0,0.0,0.0,inf,0
2020-06-25,return_alpha_raw,237.76104736328125,0.00951954956321921,0.0,0.0,1752401.9549195054,0.0,0.0,1852561.8635450008,1852561.8635450008,0.00951954956321921,0.0,0.0,0.0,inf,0
2020-06-26,return_alpha_raw,232.1463165283203,-0.023615015568054898,0.0,0.0,1752401.9549195054,0.0,0.0,1808813.5862966008,1808813.5862966008,-0.023615015568054898,0.0,0.0,0.0,inf,0
2020-06-29,return_alpha_raw,234.6782684326172,0.010906707210183164,0.0,0.0,1752401.9549195054,0.0,0.0,1828541.7864801392,1828541.7864801392,0.010906707210183164,0.0,0.0,0.0,inf,0
2020-06-30,return_alpha_raw,239.27830505371094,0.019601459699770007,0.0,0.0,1752401.9549195054,0.0,0.0,1864383.8746171752,1864383.8746171752,0.019601459699770007,0.0,0.0,0.0,inf,0
2020-07-01,return_alpha_raw,242.07113647460938,0.011671895704341129,0.0,0.0,1864383.8746171752,0.0,0.0,1886144.7687545624,1886144.7687545624,0.011671895704341129,0.0,0.0,0.0,inf,0
2020-07-02,return_alpha_raw,243.71397399902344,0.0067865898774197575,0.0,0.0,1864383.8746171752,0.0,0.0,1898945.2597495404,1898945.2597495404,0.0067865898774197575,0.0,0.0,0.0,inf,0
2020-07-06,return_alpha_raw,249.70567321777344,0.024584963760732048,0.0,0.0,1864383.8746171752,0.0,0.0,1945630.7601440968,1945630.7601440968,0.024584963760732048,0.0,0.0,0.0,inf,0
2020-07-07,return_alpha_raw,247.98538208007812,-0.006889275343756496,0.0,0.0,1864383.8746171752,0.0,0.0,1932226.7741201818,1932226.7741201818,-0.006889275343756496,0.0,0.0,0.0,inf,0
2020-07-08,return_alpha_raw,251.2518310546875,0.013171941616924032,0.0,0.0,1864383.8746171752,0.0,0.0,1957677.9523795503,1957677.9523795503,0.013171941616924032,0.0,0.0,0.0,inf,0
2020-07-09,return_alpha_raw,253.36830139160156,0.008423701144901763,0.0,0.0,1864383.8746171752,0.0,0.0,1974168.8463883589,1974168.8463883589,0.008423701144901763,0.0,0.0,0.0,inf,0
2020-07-10,return_alpha_raw,255.09812927246094,0.006827325562662967,0.0,0.0,1864383.8746171752,0.0,0.0,1987647.139818319,1987647.139818319,0.006827325562662967,0.0,0.0,0.0,inf,0
2020-07-13,return_alpha_raw,249.85057067871094,-0.020570745103917543,0.0,0.0,1864383.8746171752,0.0,0.0,1946759.7571485855,1946759.7571485855,-0.020570745103917543,0.0,0.0,0.0,inf,0
2020-07-14,return_alpha_raw,251.61900329589844,0.007077961088436169,0.0,0.0,1864383.8746171752,0.0,0.0,1960538.8469582167,1960538.8469582167,0.007077961088436169,0.0,0.0,0.0,inf,0
2020-07-15,return_alpha_raw,252.13125610351562,0.002035827186767758,0.0,0.0,1864383.8746171752,0.0,0.0,1964530.1652435686,1964530.1652435686,0.002035827186767758,0.0,0.0,0.0,inf,0
2020-07-16,return_alpha_raw,250.4110565185547,-0.006822635208126204,0.0,0.0,1864383.8746171752,0.0,0.0,1951126.892570752,1951126.892570752,-0.006822635208126093,0.0,0.0,0.0,inf,0
2020-07-17,return_alpha_raw,250.7010498046875,0.001158069017257235,0.0,0.0,1864383.8746171752,0.0,0.0,1953386.4321737755,1953386.4321737755,0.001158069017257235,0.0,0.0,0.0,inf,0
2020-07-20,return_alpha_raw,257.81365966796875,0.028370881848410523,0.0,0.0,1864383.8746171752,0.0,0.0,2008805.7278452658,2008805.7278452658,0.028370881848410523,0.0,0.0,0.0,inf,0
2020-07-21,return_alpha_raw,255.12705993652344,-0.01042070360005487,0.0,0.0,1864383.8746171752,0.0,0.0,1987872.5587652978,1987872.5587652978,-0.01042070360005487,0.0,0.0,0.0,inf,0
2020-07-22,return_alpha_raw,256.02581787109375,0.0035227856064892205,0.0,0.0,1864383.8746171752,0.0,0.0,1994875.407602851,1994875.407602851,0.0035227856064892205,0.0,0.0,0.0,inf,0
2020-07-23,return_alpha_raw,249.3384552001953,-0.026119876216020743,0.0,0.0,1864383.8746171752,0.0,0.0,1942769.5088898807,1942769.5088898807,-0.026119876216020743,0.0,0.0,0.0,inf,0
2020-07-24,return_alpha_raw,246.970703125,-0.009496136780402509,0.0,0.0,1864383.8746171752,0.0,0.0,1924320.703900667,1924320.703900667,-0.009496136780402509,0.0,0.0,0.0,inf,0
2020-07-27,return_alpha_raw,251.37744140625,0.017843162065338536,0.0,0.0,1864383.8746171752,0.0,0.0,1958656.6700860527,1958656.6700860527,0.017843162065338536,0.0,0.0,0.0,inf,0
2020-07-28,return_alpha_raw,248.1787109375,-0.01272481114795243,0.0,0.0,1864383.8746171752,0.0,0.0,1933733.1338555303,1933733.1338555303,-0.01272481114795243,0.0,0.0,0.0,inf,0
2020-07-29,return_alpha_raw,251.03915405273438,0.011525739272433944,0.0,0.0,1864383.8746171752,0.0,0.0,1956020.8377788158,1956020.8377788158,0.011525739272433944,0.0,0.0,0.0,inf,0
2020-07-30,return_alpha_raw,252.35350036621094,0.00523562277938705,0.0,0.0,1864383.8746171752,0.0,0.0,1966261.8250340463,1966261.8250340463,0.00523562277938705,0.0,0.0,0.0,inf,0
2020-07-31,return_alpha_raw,256.85687255859375,0.017845491288401405,0.0,0.0,1864383.8746171752,0.0,0.0,2001350.7333034077,2001350.7333034077,0.017845491288401405,0.0,0.0,0.0,inf,0
2020-08-03,return_alpha_raw,260.3262939453125,0.013507216498275021,0.0,0.0,2001350.7333034077,0.0,0.0,2028383.4109471182,2028383.4109471182,0.013507216498275021,0.0,0.0,0.0,inf,0
2020-08-04,return_alpha_raw,261.2926330566406,0.0037120303780420194,0.0,0.0,2001350.7333034077,0.0,0.0,2035912.8317868705,2035912.8317868705,0.0037120303780420194,0.0,0.0,0.0,inf,0
2020-08-05,return_alpha_raw,261.9400329589844,0.002477681420904876,0.0,0.0,2001350.7333034077,0.0,0.0,2040957.1751847707,2040957.1751847707,0.002477681420904876,0.0,0.0,0.0,inf,0
2020-08-06,return_alpha_raw,265.4095458984375,0.013245447441767588,0.0,0.0,2001350.7333034077,0.0,0.0,2067990.5661795791,2067990.5661795791,0.013245447441767588,0.0,0.0,0.0,inf,0
2020-08-07,return_alpha_raw,262.34600830078125,-0.011542680529013638,0.0,0.0,2001350.7333034077,0.0,0.0,2044120.4117371542,2044120.4117371542,-0.011542680529013638,0.0,0.0,0.0,inf,0
2020-08-10,return_alpha_raw,261.2250671386719,-0.004272758596060688,0.0,0.0,2001350.7333034077,0.0,0.0,2035386.3786765211,2035386.3786765211,-0.004272758596060688,0.0,0.0,0.0,inf,0
2020-08-11,return_alpha_raw,256.277099609375,-0.018941396334947624,0.0,0.0,2001350.7333034077,0.0,0.0,1996833.3185832554,1996833.3185832554,-0.018941396334947624,0.0,0.0,0.0,inf,0
2020-08-12,return_alpha_raw,262.722900390625,0.02515168460652495,0.0,0.0,2001350.7333034077,0.0,0.0,2047057.040424062,2047057.040424062,0.02515168460652495,0.0,0.0,0.0,inf,0
2020-08-13,return_alpha_raw,263.322021484375,0.0022804296574800986,0.0,0.0,2001350.7333034077,0.0,0.0,2051725.2100095984,2051725.2100095984,0.0022804296574800986,0.0,0.0,0.0,inf,0
2020-08-14,return_alpha_raw,263.0128479003906,-0.0011741273374764605,0.0,0.0,2001350.7333034077,0.0,0.0,2049316.2233515366,2049316.2233515366,-0.0011741273374764605,0.0,0.0,0.0,inf,0
2020-08-17,return_alpha_raw,266.0666809082031,0.011610965137980767,0.0,0.0,2001350.7333034077,0.0,0.0,2073110.7625775696,2073110.7625775696,0.011610965137980767,0.0,0.0,0.0,inf,0
2020-08-18,return_alpha_raw,268.6275939941406,0.009625079988204277,0.0,0.0,2001350.7333034077,0.0,0.0,2093064.6194917858,2093064.6194917858,0.009625079988204277,0.0,0.0,0.0,inf,0
2020-08-19,return_alpha_raw,266.8204345703125,-0.006727378215164115,0.0,0.0,2001350.7333034077,0.0,0.0,2078983.782167686,2078983.782167686,-0.006727378215164115,0.0,0.0,0.0,inf,0
2020-08-20,return_alpha_raw,270.5216979980469,0.013871738998157745,0.0,0.0,2001350.7333034077,0.0,0.0,2107822.9025753187,2107822.9025753187,0.013871738998157745,0.0,0.0,0.0,inf,0
2020-08-21,return_alpha_raw,272.396484375,0.006930262492166772,0.0,0.0,2001350.7333034077,0.0,0.0,2122430.6685771667,2122430.6685771667,0.006930262492166772,0.0,0.0,0.0,inf,0
2020-08-24,return_alpha_raw,274.09735107421875,0.006244084622168744,0.0,0.0,2001350.7333034077,0.0,0.0,2135683.305276449,2135683.305276449,0.006244084622168744,0.0,0.0,0.0,inf,0
2020-08-25,return_alpha_raw,276.2522888183594,0.007861942976446823,0.0,0.0,2001350.7333034077,0.0,0.0,2152473.9256382817,2152473.9256382817,0.007861942976446823,0.0,0.0,0.0,inf,0
2020-08-26,return_alpha_raw,282.1473388671875,0.02133937088464899,0.0,0.0,2001350.7333034077,0.0,0.0,2198406.3650570135,2198406.3650570135,0.02133937088464899,0.0,0.0,0.0,inf,0
2020-08-27,return_alpha_raw,281.2679748535156,-0.0031166837057634567,0.0,0.0,2001350.7333034077,0.0,0.0,2191554.6277603935,2191554.6277603935,-0.0031166837057634567,0.0,0.0,0.0,inf,0
2020-08-28,return_alpha_raw,282.6981201171875,0.005084635975413532,0.0,0.0,2001350.7333034077,0.0,0.0,2202697.8852627883,2202697.8852627883,0.005084635975413532,0.0,0.0,0.0,inf,0
2020-08-31,return_alpha_raw,284.9692687988281,0.008033830153165278,0.0,0.0,2001350.7333034077,0.0,0.0,2220393.985951726,2220393.985951726,0.008033830153165278,0.0,0.0,0.0,inf,0
2020-09-01,return_alpha_raw,289.8398742675781,0.017091686725660082,0.0,0.0,2220393.985951726,0.0,0.0,2258344.2643671525,2258344.2643671525,0.017091686725660082,0.0,0.0,0.0,inf,0
2020-09-02,return_alpha_raw,292.5843811035156,0.009469045081781147,0.0,0.0,2220393.985951726,0.0,0.0,2279728.628016627,2279728.628016627,0.009469045081781147,0.0,0.0,0.0,inf,0
2020-09-03,return_alpha_raw,277.7502136230469,-0.0507004763019816,0.0,0.0,2220393.985951726,0.0,0.0,2164145.300736921,2164145.300736921,-0.0507004763019816,0.0,0.0,0.0,inf,0
2020-09-04,return_alpha_raw,274.0489501953125,-0.013325870678744467,0.0,0.0,2220393.985951726,0.0,0.0,2135306.1803292884,2135306.1803292884,-0.013325870678744356,0.0,0.0,0.0,inf,0
2020-09-08,return_alpha_raw,260.877197265625,-0.048063504422476755,0.0,0.0,2220393.985951726,0.0,0.0,2032675.8822876897,2032675.8822876897,-0.048063504422476755,0.0,0.0,0.0,inf,0
2020-09-09,return_alpha_raw,268.5405578613281,0.029375356206009506,0.0,0.0,2220393.985951726,0.0,0.0,2092386.4603812553,2092386.4603812553,0.029375356206009506,0.0,0.0,0.0,inf,0
2020-09-10,return_alpha_raw,263.1867980957031,-0.019936503477398837,0.0,0.0,2220393.985951726,0.0,0.0,2050671.590437802,2050671.590437802,-0.019936503477398837,0.0,0.0,0.0,inf,0
2020-09-11,return_alpha_raw,261.3602600097656,-0.006940082478123832,0.0,0.0,2220393.985951726,0.0,0.0,2036439.7604646182,2036439.7604646182,-0.006940082478123832,0.0,0.0,0.0,inf,0
2020-09-14,return_alpha_raw,265.9119567871094,0.01741541264602997,0.0,0.0,2220393.985951726,0.0,0.0,2071905.199221892,2071905.199221892,0.01741541264602997,0.0,0.0,0.0,inf,0
2020-09-15,return_alpha_raw,269.68084716796875,0.014173452094434325,0.0,0.0,2220393.985951726,0.0,0.0,2101271.248307273,2101271.248307273,0.014173452094434325,0.0,0.0,0.0,inf,0
2020-09-16,return_alpha_raw,265.3804626464844,-0.015946199244939008,0.0,0.0,2220393.985951726,0.0,0.0,2067763.9583141033,2067763.9583141033,-0.015946199244939008,0.0,0.0,0.0,inf,0
2020-09-17,return_alpha_raw,261.2347106933594,-0.015621918478028962,0.0,0.0,2220393.985951726,0.0,0.0,2035461.518325514,2035461.518325514,-0.015621918478028962,0.0,0.0,0.0,inf,0
2020-09-18,return_alpha_raw,257.900634765625,-0.012762760043966592,0.0,0.0,2220393.985951726,0.0,0.0,2009483.4113883974,2009483.4113883974,-0.012762760043966592,0.0,0.0,0.0,inf,0
2020-09-21,return_alpha_raw,258.51910400390625,0.0023980911828438423,0.0,0.0,2220393.985951726,0.0,0.0,2014302.335839319,2014302.335839319,0.0023980911828438423,0.0,0.0,0.0,inf,0
2020-09-22,return_alpha_raw,263.322021484375,0.018578578550218827,0.0,0.0,2220393.985951726,0.0,0.0,2051725.210009599,2051725.210009599,0.018578578550218827,0.0,0.0,0.0,inf,0
2020-09-23,return_alpha_raw,255.28170776367188,-0.030534148550808604,0.0,0.0,2220393.985951726,0.0,0.0,1989077.527661727,1989077.527661727,-0.030534148550808604,0.0,0.0,0.0,inf,0
2020-09-24,return_alpha_raw,256.4703674316406,0.004656266515849161,0.0,0.0,2220393.985951726,0.0,0.0,1998339.2027512065,1998339.2027512065,0.004656266515849161,0.0,0.0,0.0,inf,0
2020-09-25,return_alpha_raw,262.4330139160156,0.023248870986876335,0.0,0.0,2220393.985951726,0.0,0.0,2044798.3330639866,2044798.3330639866,0.023248870986876335,0.0,0.0,0.0,inf,0
2020-09-28,return_alpha_raw,267.88348388671875,0.020768995064193385,0.0,0.0,2220393.985951726,0.0,0.0,2087266.7395506634,2087266.7395506634,0.020768995064193385,0.0,0.0,0.0,inf,0
2020-09-29,return_alpha_raw,266.6754150390625,-0.004509680216668754,0.0,0.0,2220393.985951726,0.0,0.0,2077853.8340284012,2077853.8340284012,-0.004509680216668754,0.0,0.0,0.0,inf,0
2020-09-30,return_alpha_raw,268.5018615722656,0.006848949810148719,0.0,0.0,2220393.985951726,0.0,0.0,2092084.9506504869,2092084.9506504869,0.006848949810148719,0.0,0.0,0.0,inf,0
2020-10-01,return_alpha_raw,272.7637634277344,0.01587289499786837,0.0,0.0,2092084.9506504869,0.0,0.0,2125292.3953987826,2125292.3953987826,0.01587289499786837,0.0,0.0,0.0,inf,0
2020-10-02,return_alpha_raw,265.09051513671875,-0.028131479763251477,0.0,0.0,2092084.9506504869,0.0,0.0,2065504.7753866294,2065504.7753866294,-0.028131479763251477,0.0,0.0,0.0,inf,0
2020-10-05,return_alpha_raw,270.74395751953125,0.02132646043520925,0.0,0.0,2092084.9506504869,0.0,0.0,2109554.681257648,2109554.681257648,0.02132646043520925,0.0,0.0,0.0,inf,0
2020-10-06,return_alpha_raw,265.9119567871094,-0.017847123077800564,4.0,0.0,2092084.9506504869,0.0,0.0,2071905.1992218923,2071905.1992218923,-0.017847123077800564,0.0,0.0,0.0,inf,0
2020-10-07,return_alpha_raw,270.511962890625,0.017298981809977132,4.0,4.0,2092084.9506504869,83683.39802601948,83683.39802601948,2192805.210377521,2109121.8123515015,0.01796250771685215,3.9676891839983015,58.578378618213634,13.283079051749125,2620.3587116475805,1
2020-10-08,return_alpha_raw,271.9519348144531,0.005323135836363457,2.0,4.0,2092084.9506504869,0.0,83683.39802601948,2204464.527295994,2120781.129269975,0.005528043401852756,3.945876209056301,0.0,13.283079051749125,2634.291363993806,0
2020-10-09,return_alpha_raw,276.1073913574219,0.01528011391352635,0.0,2.0,2092084.9506504869,-41841.69901300974,41841.69901300974,2195631.573180157,2153789.8741671476,0.01556442786179213,1.9427010738078418,29.289189309106817,6.641539525874562,5247.472318218901,-1
2020-10-12,return_alpha_raw,284.6309814453125,0.030870561074030745,0.0,0.0,2092084.9506504869,-41841.69901300974,0.0,2220248.3826552373,2220248.3826552373,0.030856542360609307,0.0,29.289189309106817,0.0,inf,-1
2020-10-13,return_alpha_raw,284.621337890625,-3.388090305045388e-05,0.0,0.0,2092084.9506504869,0.0,0.0,2220173.1586350366,2220173.1586350366,-3.388090305045388e-05,0.0,0.0,0.0,inf,0
2020-10-14,return_alpha_raw,282.24395751953125,-0.008352783346157078,0.0,0.0,2092084.9506504869,0.0,0.0,2201628.533250005,2201628.533250005,-0.008352783346157078,0.0,0.0,0.0,inf,0
2020-10-15,return_alpha_raw,280.3498229980469,-0.006710983427708261,0.0,0.0,2092084.9506504869,0.0,0.0,2186853.4406493944,2186853.4406493944,-0.006710983427708372,0.0,0.0,0.0,inf,0
2020-10-16,return_alpha_raw,278.8133850097656,-0.005480431454711332,0.0,0.0,2092084.9506504869,0.0,0.0,2174868.5402664156,2174868.5402664156,-0.005480431454711443,0.0,0.0,0.0,inf,0
2020-10-19,return_alpha_raw,274.2615661621094,-0.016325682669420027,2.0,0.0,2092084.9506504869,0.0,0.0,2139362.3266303213,2139362.3266303213,-0.016325682669420027,0.0,0.0,0.0,inf,0
2020-10-20,return_alpha_raw,274.8511047363281,0.00214954863150707,4.0,2.0,2092084.9506504869,41841.69901300974,41841.69901300974,2185856.636084319,2144014.9370713094,0.0021747650610994818,1.951558185978165,29.289189309106817,6.641539525874562,5224.110606514032,1
2020-10-21,return_alpha_raw,274.63848876953125,-0.0007735678086534525,4.0,4.0,2092084.9506504869,41841.69901300974,83683.39802601948,2225932.50976672,2142249.1117407004,-0.0008236068229174887,3.9063336550071863,29.289189309106817,13.283079051749125,2659.9451770285614,1
2020-10-22,return_alpha_raw,274.6287841796875,-3.533586966353308e-05,4.0,4.0,2092084.9506504869,0.0,83683.39802601948,2225840.571426623,2142157.1734006037,-4.2916736243681086e-05,3.9065013092935126,0.0,13.283079051749125,2659.835312536601,0
2020-10-23,return_alpha_raw,275.1699523925781,0.0019705444005335693,4.0,4.0,2092084.9506504869,0.0,83683.39802601948,2230213.4060220765,2146530.007996057,0.0020413229476115013,3.898543123752743,0.0,13.283079051749125,2665.0607631021885,0
2020-10-26,return_alpha_raw,271.04351806640625,-0.014995948105136159,2.0,4.0,2092084.9506504869,0.0,83683.39802601948,2196755.9584429385,2113072.560416919,-0.01558675977251911,3.960270915141142,0.0,13.283079051749125,2625.0797771858,0
2020-10-27,return_alpha_raw,273.15985107421875,0.007808093043176978,2.0,2.0,2092084.9506504869,-41841.69901300974,41841.69901300974,2171703.8710460765,2129862.172033067,0.00794559161415398,1.964526135185058,29.289189309106817,6.641539525874562,5190.286059776955,-1
2020-10-28,return_alpha_raw,262.51031494140625,-0.03898646192305533,2.0,2.0,2092084.9506504869,0.0,41841.69901300974,2087030.179229861,2045188.4802168512,-0.039755479452170395,2.0458602919850826,0.0,6.641539525874562,4987.919296921823,0
2020-10-29,return_alpha_raw,267.1007080078125,0.01748652454830535,2.0,2.0,2092084.9506504869,0.0,41841.69901300974,2123518.4421524922,2081676.7431394826,0.017841027013198563,2.009999830708881,0.0,6.641539525874562,5075.12479713654,0
2020-10-30,return_alpha_raw,260.3262939453125,-0.0253627708927745,2.0,2.0,2092084.9506504869,0.0,41841.69901300974,2069653.4888780713,2027811.7898650616,-0.025875753020704106,2.063391643254725,0.0,6.641539525874562,4946.389696638655,0
2020-11-02,return_alpha_raw,260.9060363769531,0.002226983770461599,2.0,2.0,2027811.7898650616,-1285.463215708507,40556.23579730123,2072966.9083609642,2032410.672563663,0.0022679041129884947,1.9954744552755173,0.899824250995955,6.437497745603371,5111.339520564941,-1
2020-11-03,return_alpha_raw,265.4190673828125,0.017297533888173566,2.0,2.0,2027811.7898650616,0.0,40556.23579730123,2108817.6862096544,2068261.4504123533,0.01763953433853427,1.9608853507962187,0.0,6.437497745603371,5199.737216120001,0
2020-11-04,return_alpha_raw,277.2670593261719,0.044638812351303514,4.0,2.0,2027811.7898650616,0.0,40556.23579730123,2202946.3656897317,2162390.1298924303,0.04551101576703975,1.875528159172588,0.0,6.437497745603371,5431.831436970598,0
2020-11-05,return_alpha_raw,284.4957275390625,0.026071139609797456,4.0,4.0,2027811.7898650616,40556.23579730123,81112.47159460247,2301951.2665216965,2220838.794927094,0.027029657704537913,3.6523349546973862,28.38936505811086,12.874995491206741,2837.974507825104,1
2020-11-06,return_alpha_raw,284.70831298828125,0.0007472359991400612,4.0,4.0,2027811.7898650616,0.0,81112.47159460247,2303658.4923808165,2222546.020786214,0.000768730203659862,3.6495294511791188,0.0,12.874995491206741,2840.0792715261196,0
2020-11-09,return_alpha_raw,278.8906555175781,-0.020433746418014098,4.0,4.0,2027811.7898650616,0.0,81112.47159460247,2256573.2439183113,2175460.772323709,-0.021185274915409447,3.7285191544944536,0.0,12.874995491206741,2782.029938868824,0
2020-11-10,return_alpha_raw,273.8943786621094,-0.01791482345005946,4.0,4.0,2027811.7898650616,0.0,81112.47159460247,2216134.257655896,2135021.7860612934,-0.018588699358260907,3.799140230050741,0.0,12.874995491206741,2732.1744906653366,0
2020-11-11,return_alpha_raw,280.0212707519531,0.022369543032506822,4.0,4.0,2027811.7898650616,0.0,81112.47159460247,2265695.293302851,2184582.8217082485,0.02321336295981591,3.7129501701004886,0.0,12.874995491206741,2793.2761124907192,0
2020-11-12,return_alpha_raw,278.7070007324219,-0.004693464950008885,4.0,4.0,2027811.7898650616,0.0,81112.47159460247,2255048.4568608426,2173935.9852662403,-0.004873624536552379,3.7311343178611898,0.0,12.874995491206741,2780.150095945174,0
2020-11-13,return_alpha_raw,281.1519775390625,0.008772570478012387,4.0,4.0,2027811.7898650616,0.0,81112.47159460247,2274818.1533844965,2193705.681789894,0.009093964430251011,3.6975092998082113,0.0,12.874995491206741,2804.5232855854333,0
2020-11-16,return_alpha_raw,283.3457336425781,0.007802741146328396,4.0,4.0,2027811.7898650616,0.0,81112.47159460247,2292555.0955948336,2211442.6240002313,0.008085379163473405,3.6678533150401096,0.0,12.874995491206741,2826.3903818058343,0
2020-11-17,return_alpha_raw,282.44696044921875,-0.003172001857254414,4.0,4.0,2027811.7898650616,0.0,81112.47159460247,2285270.231578258,2204157.7599836555,-0.003294168221917637,3.679975774293213,0.0,12.874995491206741,2817.409193249548,0
2020-11-18,return_alpha_raw,280.3595886230469,-0.007390314354426053,4.0,4.0,2027811.7898650616,0.0,81112.47159460247,2268368.4911865913,2187256.019591989,-0.007668117363700766,3.7084123151588444,0.0,12.874995491206741,2796.5717806305106,0
2020-11-19,return_alpha_raw,282.55322265625,0.00782435886704258,4.0,4.0,2027811.7898650616,0.0,81112.47159460247,2286104.1453088364,2204991.673714234,0.008108631986096126,3.6785840310213618,0.0,12.874995491206741,2818.437288823736,0
2020-11-20,return_alpha_raw,280.62042236328125,-0.006840482210037191,4.0,4.0,2027811.7898650616,0.0,81112.47159460247,2270453.215577068,2189340.7439824655,-0.0070979541185319794,3.7048811071344177,0.0,12.874995491206741,2799.1419456735584,0
2020-11-23,return_alpha_raw,280.63018798828125,3.4800122235445485e-05,4.0,4.0,2027811.7898650616,0.0,81112.47159460247,2270519.3526310087,2189406.8810364064,3.0208661727426644e-05,3.7047691910151483,0.0,12.874995491206741,2799.2234831395494,0
2020-11-24,return_alpha_raw,284.5729675292969,0.014049734168942285,4.0,4.0,2027811.7898650616,0.0,81112.47159460247,2302406.6709654224,2221294.19937082,0.014564363805835479,3.6515861616879706,0.0,12.874995491206741,2838.535955941248,0
2020-11-25,return_alpha_raw,286.3221435546875,0.006146669659375048,4.0,4.0,2027811.7898650616,0.0,81112.47159460247,2316545.929197897,2235433.457603295,0.006365324429550956,3.6284896478898845,0.0,12.874995491206741,2855.9676257628043,0
2020-11-27,return_alpha_raw,288.9603271484375,0.009214039686197495,4.0,4.0,2027811.7898650616,0.0,81112.47159460247,2337877.800328935,2256765.3287343327,0.009542610654986294,3.5941916761054182,0.0,12.874995491206741,2882.2667517932055,0
2020-11-30,return_alpha_raw,289.5498962402344,0.002040311545930651,4.0,4.0,2027811.7898650616,0.0,81112.47159460247,2342634.92440243,2261522.452807828,0.002107939187528718,3.5866312754886,0.0,12.874995491206741,2888.1316009094685,0
2020-12-01,return_alpha_raw,293.2607727050781,0.012816017249631217,4.0,4.0,2261522.452807828,9348.426517710643,90460.89811231311,2382105.423478383,2291644.52536607,0.013319378068010757,3.947422783551597,6.54389856239745,14.358872716240176,2633.2984451700268,1
2020-12-02,return_alpha_raw,293.63775634765625,0.001285489494898373,4.0,4.0,2261522.452807828,0.0,90460.89811231311,2385153.236103289,2294692.337990976,0.0013299674496500824,3.9421798127200116,0.0,14.358872716240176,2636.667649642352,0
2020-12-03,return_alpha_raw,294.05328369140625,0.0014151018892067935,4.0,4.0,2261522.452807828,0.0,90460.89811231311,2388514.11208103,2298053.213968717,0.0014646303219383316,3.9364144207995935,0.0,14.358872716240176,2640.3829299986983,0
2020-12-04,return_alpha_raw,295.2515869140625,0.004075122738346426,4.0,4.0,2261522.452807828,0.0,90460.89811231311,2398233.2413773164,2307772.3432650035,0.004229288180625623,3.919836303451419,0.0,14.358872716240176,2651.1269414988046,0
2020-12-07,return_alpha_raw,296.9234313964844,0.005662440293364046,4.0,4.0,2261522.452807828,0.0,90460.89811231311,2411798.73504346,2321337.836931147,0.0058781767212581215,3.896929463395304,0.0,14.358872716240176,2666.1229164992974,0
2020-12-08,return_alpha_raw,297.928466796875,0.0033848302091341598,4.0,4.0,2261522.452807828,0.0,90460.89811231311,2419947.9053874705,2329487.0072751576,0.003510549052516909,3.883296958935471,0.0,14.358872716240176,2675.131416872456,0
2020-12-09,return_alpha_raw,291.18304443359375,-0.022641080376787914,4.0,4.0,2261522.452807828,0.0,90460.89811231311,2365143.311481237,2274682.413368924,-0.023526464725956764,3.976858377268402,0.0,14.358872716240176,2614.547678428703,0
2020-12-10,return_alpha_raw,292.3524169921875,0.004015936301745793,4.0,4.0,2261522.452807828,0.0,90460.89811231311,2374627.2174919294,2284166.3193796165,0.004169331927372788,3.9603463786683646,0.0,14.358872716240176,2625.0316623472772,0
2020-12-11,return_alpha_raw,291.7049560546875,-0.0022146590890586015,4.0,4.0,2261522.452807828,0.0,90460.89811231311,2369353.868868869,2278892.970756556,-0.002308653524185078,3.9695106033119907,0.0,14.358872716240176,2619.20223910132,0
2020-12-14,return_alpha_raw,293.8212890625,0.007255046456652314,4.0,4.0,2261522.452807828,0.0,90460.89811231311,2386529.282387045,2296068.3842747323,0.0075367354845430334,3.939817242894851,0.0,14.358872716240176,2638.188800009495,0
2020-12-15,return_alpha_raw,296.96209716796875,0.01068951850116151,4.0,4.0,2261522.452807828,0.0,90460.89811231311,2412025.7724319687,2321564.874319656,0.011104412316089274,3.8965483632596336,0.0,14.358872716240176,2666.3738949808803,0
2020-12-16,return_alpha_raw,298.5953369140625,0.005499825606262387,4.0,4.0,2261522.452807828,0.0,90460.89811231311,2425277.1346654384,2334816.2365531255,0.005707943973503271,3.8744333149687176,0.0,14.358872716240176,2681.0226133884926,0
2020-12-17,return_alpha_raw,300.5474548339844,0.006537670481048696,4.0,4.0,2261522.452807828,0.0,90460.89811231311,2441118.438524387,2350657.540412074,0.006784818270038517,3.848323141807172,0.0,14.358872716240176,2698.5343827711936,0
2020-12-18,return_alpha_raw,299.6390075683594,-0.0030226416860751337,4.0,4.0,2261522.452807828,0.0,90460.89811231311,2433725.45329874,2343264.555186427,-0.0031450711550057298,3.8604645775950877,0.0,14.358872716240176,2690.3618072386494,0
2020-12-21,return_alpha_raw,299.0785217285156,-0.001870536965104197,4.0,4.0,2261522.452807828,0.0,90460.89811231311,2429158.7210027133,2338697.8228904004,-0.0019488761036047242,3.86800283589063,0.0,14.358872716240176,2685.3135130128317,0
2020-12-22,return_alpha_raw,299.8917236328125,0.0027190247550943347,4.0,4.0,2261522.452807828,0.0,90460.89811231311,2435749.3048264566,2345288.4067141437,0.0028180570226887802,3.857133214547927,0.0,14.358872716240176,2692.5990739140298,0
2020-12-23,return_alpha_raw,298.3814392089844,-0.005036099047792675,4.0,4.0,2261522.452807828,0.0,90460.89811231311,2423468.271199042,2333007.373086729,-0.005236470530556536,3.877437300707161,0.0,14.358872716240176,2679.0230052659304,0
2020-12-24,return_alpha_raw,299.69805908203125,0.004412539454656583,4.0,4.0,2261522.452807828,0.0,90460.89811231311,2434147.5616901,2343686.663577787,0.004577478242997923,3.8597692907557355,0.0,14.358872716240176,2690.828426960726,0
2020-12-28,return_alpha_raw,302.7187194824219,0.010079012221977157,4.0,4.0,2261522.452807828,0.0,90460.89811231311,2458667.005841754,2368206.107729441,0.010461912222610614,3.819806807231153,0.0,14.358872716240176,2717.9334465474335,0
2020-12-29,return_alpha_raw,302.98968505859375,0.0008951067731628459,4.0,4.0,2261522.452807828,0.0,90460.89811231311,2460853.4164589187,2370392.518346606,0.0009232349372079174,3.8162834809912125,0.0,14.358872716240176,2720.350414168571,0
2020-12-30,return_alpha_raw,302.99951171875,3.243232572214261e-05,4.0,4.0,2261522.452807828,0.0,90460.89811231311,2460918.8687857594,2370457.9706734465,2.7612442384139513e-05,3.8161781069931053,0.0,14.358872716240176,2720.4227684434086,0
2020-12-31,return_alpha_raw,303.74493408203125,0.0024601437773046353,4.0,4.0,2261522.452807828,0.0,90460.89811231311,2466958.724154538,2376497.826042225,0.0025479698199679657,3.806479312584308,0.0,14.358872716240176,2727.0995265729593,0
2021-01-04,return_alpha_raw,299.4560241699219,-0.01412010351735149,4.0,4.0,2376497.826042225,4599.014929375902,95059.91304168901,2436640.825230398,2341580.9121887092,-0.014692592381481684,4.059646734685548,3.2193104505631314,15.088875085982384,2563.2685190462953,1
2021-01-05,return_alpha_raw,301.9248352050781,0.008244319151700763,4.0,4.0,2376497.826042225,0.0,95059.91304168901,2456714.1809765752,2361654.2679348863,0.008572565501234086,4.025140950237934,0.0,15.088875085982384,2584.3850497729477,0
2021-01-06,return_alpha_raw,297.742431640625,-0.013852466166330069,4.0,4.0,2376497.826042225,0.0,95059.91304168901,2422667.542029168,2327607.628987479,-0.014416436567228241,4.084017935748069,0.0,15.088875085982384,2548.5690702943257,0
2021-01-07,return_alpha_raw,304.94537353515625,0.024191855540513618,4.0,4.0,2376497.826042225,0.0,95059.91304168901,2481261.2763535427,2386201.3633118537,0.02517337269162634,3.9837339171474433,0.0,15.088875085982384,2610.207812062034,0
2021-01-08,return_alpha_raw,308.86639404296875,0.012858107871442925,4.0,4.0,2376497.826042225,0.0,95059.91304168901,2513150.5126270447,2418090.5995853557,0.013364017288650887,3.9311973280897536,0.0,15.088875085982384,2643.7542726605375,0
2021-01-11,return_alpha_raw,304.4032287597656,-0.014450148573244337,4.0,4.0,2376497.826042225,0.0,95059.91304168901,2476820.0254575727,2381760.1124158837,-0.015024452423619605,3.9911623570380126,0.0,15.088875085982384,2605.5357576135702,0
2021-01-12,return_alpha_raw,303.9192199707031,-0.0015900251486637984,4.0,4.0,2376497.826042225,0.0,95059.91304168901,2472866.730453295,2377806.817411606,-0.0016598208122091673,3.997797985337083,0.0,15.088875085982384,2601.3770172173486,0
2021-01-13,return_alpha_raw,305.9716491699219,0.006753206327051675,4.0,4.0,2376497.826042225,0.0,95059.91304168901,2489551.420828262,2394491.507786573,0.007016840162452409,3.9699415400959497,0.0,15.088875085982384,2618.9287799331946,0
2021-01-14,return_alpha_raw,304.33551025390625,-0.0053473546338503875,4.0,4.0,2376497.826042225,0.0,95059.91304168901,2476223.817626801,2381163.904585112,-0.005565942981264005,3.992161684403326,0.0,15.088875085982384,2604.9085659702214,0
2021-01-15,return_alpha_raw,301.9248352050781,-0.007921109984230568,4.0,4.0,2376497.826042225,0.0,95059.91304168901,2456594.2875467218,2361534.374505033,-0.008243670266578906,4.02534530379695,0.0,15.088875085982384,2584.258925704434,0
2021-01-19,return_alpha_raw,306.329833984375,0.014589719909277488,4.0,4.0,2376497.826042225,0.0,95059.91304168901,2492420.2212576736,2397360.3082159846,0.015170617077492565,3.9651909108493006,0.0,15.088875085982384,2621.9466665876394,0
2021-01-20,return_alpha_raw,313.455322265625,0.023260836819483544,4.0,4.0,2376497.826042225,0.0,95059.91304168901,2550380.9124348434,2455320.9993931544,0.02417687945301039,3.871587994611848,0.0,15.088875085982384,2682.9194671326504,0
2021-01-21,return_alpha_raw,315.96282958984375,0.007999568506588783,4.0,4.0,2376497.826042225,0.0,95059.91304168901,2570767.7703866763,2475707.8573449873,0.008303133462741474,3.839706399915606,0.0,15.088875085982384,2704.365792191765,0
2021-01-22,return_alpha_raw,315.0528564453125,-0.0028800006181501914,4.0,4.0,2376497.826042225,0.0,95059.91304168901,2563348.868743756,2468288.955702067,-0.0029966789582663855,3.851247351817878,0.0,15.088875085982384,2696.5613440226757,0
2021-01-25,return_alpha_raw,317.6570739746094,0.008265970220615815,4.0,4.0,2376497.826042225,0.0,95059.91304168901,2584522.345282755,2489462.432241066,0.00857820008880461,3.8184915671177286,0.0,15.088875085982384,2718.835166774558,0
2021-01-26,return_alpha_raw,318.1218566894531,0.0014631587108331345,4.0,4.0,2376497.826042225,0.0,95059.91304168901,2588288.8227905123,2493228.9097488234,0.0015129682050942783,3.8127230383858204,0.0,15.088875085982384,2722.7973811162706,0
2021-01-27,return_alpha_raw,309.2536315917969,-0.027876817990262537,2.0,4.0,2376497.826042225,0.0,95059.91304168901,2516120.4774962645,2421060.5644545755,-0.028945735793476923,3.926374847343169,0.0,15.088875085982384,2646.8785810826557,0
2021-01-28,return_alpha_raw,311.0833435058594,0.005916541398865993,4.0,2.0,2376497.826042225,-47529.956520844506,47529.956520844506,2483155.0267334427,2435625.070212598,0.006015754406087481,1.9514479918165633,33.270969564591155,7.544437542991192,5224.399954257147,-1
2021-01-29,return_alpha_raw,304.5387878417969,-0.021037949477803575,4.0,4.0,2376497.826042225,47529.956520844506,95059.91304168901,2477396.9005406736,2382336.9874989847,-0.021878606590694183,3.990195910171567,33.270969564591155,15.088875085982384,2606.142611822292,1
2021-02-01,return_alpha_raw,312.1483459472656,0.024987155690071816,4.0,4.0,2382336.9874989847,233.56645827037573,95293.47949995939,2539524.111689351,2444230.6321893916,0.02598022236786246,3.89871063086225,0.16349652078926302,15.125949126977682,2664.950555919656,1
2021-02-02,return_alpha_raw,317.24072265625,0.016313963457120773,4.0,4.0,2382336.9874989847,0.0,95293.47949995939,2580938.689296801,2485645.2097968417,0.016943809255165698,3.8337522637733152,0.0,15.125949126977682,2708.41058888809,0
2021-02-03,return_alpha_raw,315.982177734375,-0.003967160682705639,4.0,4.0,2382336.9874989847,0.0,95293.47949995939,2570684.564855022,2475391.0853550625,-0.00412533711624008,3.8496332989052022,0.0,15.125949126977682,2697.650015871356,0
2021-02-04,return_alpha_raw,319.7191467285156,0.011826518257881169,4.0,4.0,2382336.9874989847,0.0,95293.47949995939,2601071.686847406,2505778.2073474466,0.012275685313791751,3.8029494877295886,0.0,15.125949126977682,2729.537950021559,0
2021-02-05,return_alpha_raw,320.8035583496094,0.0033917631527227154,4.0,4.0,2382336.9874989847,0.0,95293.47949995939,2609878.780003318,2514585.3005033587,0.003514713764405819,3.789630022926005,0.0,15.125949126977682,2738.7800232485274,0
2021-02-08,return_alpha_raw,322.9527893066406,0.006699523434490873,4.0,4.0,2382336.9874989847,0.0,95293.47949995939,2627348.598102004,2532055.1186020444,0.006947395300206605,3.7634836145498767,0.0,15.125949126977682,2757.112671180323,0
2021-02-09,return_alpha_raw,322.88507080078125,-0.00020968546518751463,4.0,4.0,2382336.9874989847,0.0,95293.47949995939,2626782.555339874,2531489.0758399144,-0.00022355072682722632,3.764325132169187,0.0,15.125949126977682,2756.518671711419,0
2021-02-10,return_alpha_raw,322.1492919921875,-0.002278763792853522,4.0,4.0,2382336.9874989847,0.0,95293.47949995939,2620781.612411939,2525488.1329119797,-0.002370518990268078,3.7732697397426507,0.0,15.125949126977682,2750.2213437521254,0
2021-02-11,return_alpha_raw,323.9210205078125,0.005499712585641747,4.0,4.0,2382336.9874989847,0.0,95293.47949995939,2635180.0320808124,2539886.552580853,0.0057012422593614165,3.7518793665460723,0.0,15.125949126977682,2765.3308976737862,0
2021-02-12,return_alpha_raw,325.73138427734375,0.005588904871604683,4.0,4.0,2382336.9874989847,0.0,95293.47949995939,2649892.676650537,2554599.197150578,0.005792638476224354,3.7302712537548186,0.0,15.125949126977682,2780.7701959835213,0
2021-02-16,return_alpha_raw,324.8504638671875,-0.0027044382355437824,4.0,4.0,2382336.9874989847,0.0,95293.47949995939,2642711.079626589,2547417.6001266297,-0.002811242183101914,3.7407875134105395,0.0,15.125949126977682,2773.23390172537,0
2021-02-17,return_alpha_raw,323.2916259765625,-0.0047986321831521295,4.0,4.0,2382336.9874989847,0.0,95293.47949995939,2630014.555239993,2534721.0757400338,-0.004984076574631846,3.7595252752667325,0.0,15.125949126977682,2759.9102992572684,0
2021-02-18,return_alpha_raw,321.8781433105469,-0.004372159847153334,4.0,4.0,2382336.9874989847,0.0,95293.47949995939,2618500.585255017,2523207.1057550577,-0.004542499802119071,3.7766808472681146,0.0,15.125949126977682,2747.827657249238,0
2021-02-19,return_alpha_raw,320.474365234375,-0.004361209685547096,4.0,4.0,2382336.9874989847,0.0,95293.47949995939,2607065.629191865,2511772.149691906,-0.00453191338795389,3.7938743572599964,0.0,15.125949126977682,2735.827931640356,0
2021-02-22,return_alpha_raw,312.167724609375,-0.02591982862318809,4.0,4.0,2382336.9874989847,0.0,95293.47949995939,2539475.808924681,2444182.3294247217,-0.026909216377558276,3.8987876785112126,0.0,15.125949126977682,2664.8998674938334,0
2021-02-23,return_alpha_raw,311.23834228515625,-0.002977189026769911,4.0,4.0,2382336.9874989847,0.0,95293.47949995939,2531900.1834634757,2436606.7039635163,-0.003099451857582314,3.9109093537725994,0.0,15.125949126977682,2656.950083835017,0
2021-02-24,return_alpha_raw,313.80389404296875,0.008243045310471153,4.0,4.0,2382336.9874989847,0.0,95293.47949995939,2552755.6254482283,2457462.145948269,0.008559215547929044,3.8777191199902767,0.0,15.125949126977682,2678.8355707478563,0
2021-02-25,return_alpha_raw,302.8639221191406,-0.034862447953976416,4.0,4.0,2382336.9874989847,0.0,95293.47949995939,2463745.189367692,2368451.7098677326,-0.03622047087369873,4.023450387564841,0.0,15.125949126977682,2585.428932069525,0
2021-02-26,return_alpha_raw,304.13226318359375,0.004187824867282197,4.0,4.0,2382336.9874989847,0.0,95293.47949995939,2474047.7967892457,2378754.3172892863,0.004349933493948743,4.006024447642464,0.0,15.125949126977682,2596.2403826279638,0
2021-03-01,return_alpha_raw,313.28106689453125,0.030081661232418178,4.0,4.0,2378754.3172892863,-143.30680838793342,95150.17269157145,2548308.440235405,2453158.2675438337,0.03127853503565459,3.878680554387479,0.10031476587155339,15.103202014535151,2678.1963375891364,-1
2021-03-02,return_alpha_raw,308.2564697265625,-0.016038623775691874,4.0,4.0,2378754.3172892863,0.0,95150.17269157145,2507421.976696035,2412271.8040044634,-0.01666686739307155,3.9444217079360016,0.0,15.103202014535151,2635.2258811172355,0
2021-03-03,return_alpha_raw,299.310791015625,-0.029020246416474937,4.0,4.0,2378754.3172892863,0.0,95150.17269157145,2434640.8698602165,2339490.697168645,-0.030171188302660967,4.067131910664419,0.0,15.103202014535151,2558.7351036682676,0
2021-03-04,return_alpha_raw,294.4120178222656,-0.01636684456559956,4.0,4.0,2378754.3172892863,0.0,95150.17269157145,2394778.3779681437,2299628.205276572,-0.017038961488633486,4.137632877925496,0.0,15.103202014535151,2516.840810926113,0
2021-03-05,return_alpha_raw,298.8460693359375,0.015060701483825545,4.0,4.0,2378754.3172892863,0.0,95150.17269157145,2430830.3170366273,2335680.144345056,0.015677290348831807,4.073767245996448,0.0,15.103202014535151,2554.730326045907,0
2021-03-08,return_alpha_raw,290.38458251953125,-0.028313863505745385,4.0,4.0,2378754.3172892863,0.0,95150.17269157145,2361989.01603241,2266838.8433408383,-0.029473770700534474,4.197482894343752,0.0,15.103202014535151,2482.380167284382,0
2021-03-09,return_alpha_raw,301.8376159667969,0.0394409143484582,4.0,4.0,2378754.3172892863,0.0,95150.17269157145,2455132.9193037283,2359982.7466121567,0.041089777310346465,4.031816454089043,0.0,15.103202014535151,2580.271637826683,0
2021-03-10,return_alpha_raw,300.97607421875,-0.0028543220012102744,4.0,4.0,2378754.3172892863,0.0,95150.17269157145,2448110.0761942496,2352959.903502678,-0.0029758027339650273,4.043850154434353,0.0,15.103202014535151,2572.8908387058627,0
2021-03-11,return_alpha_raw,307.90789794921875,0.02303114541068374,4.0,4.0,2378754.3172892863,0.0,95150.17269157145,2504477.7521384247,2409327.579446853,0.02395607161017277,3.949241834247237,0.0,15.103202014535151,2632.1315887220403,0
2021-03-12,return_alpha_raw,305.41009521484375,-0.008112174942608852,4.0,4.0,2378754.3172892863,0.0,95150.17269157145,2484145.8872711915,2388995.71457962,-0.008438812986941824,3.982852380642071,0.0,15.103202014535151,2610.7634037864873,0
2021-03-15,return_alpha_raw,308.6726989746094,0.010682697824610177,4.0,4.0,2378754.3172892863,0.0,95150.17269157145,2510668.163935143,2415517.9912435715,0.01110185192132862,3.9391208443281216,0.0,15.103202014535151,2638.6375273048156,0
2021-03-16,return_alpha_raw,310.36700439453125,0.005489003159496297,4.0,4.0,2378754.3172892863,0.0,95150.17269157145,2524434.126217415,2429283.9535258436,0.005698969054328984,3.9167991273095613,0.0,15.103202014535151,2653.105144013084,0
2021-03-17,return_alpha_raw,311.6449279785156,0.004117459542702928,4.0,4.0,2378754.3172892863,0.0,95150.17269157145,2534813.278398319,2439663.1057067476,0.004272515020666834,3.900135738782972,0.0,15.103202014535151,2664.013324090222,0
2021-03-18,return_alpha_raw,302.0991516113281,-0.030630295923974038,4.0,4.0,2378754.3172892863,0.0,95150.17269157145,2457156.0943669453,2362005.921675374,-0.03183110973384884,4.028363003598286,0.0,15.103202014535151,2582.3979346120555,0
2021-03-19,return_alpha_raw,303.16400146484375,0.003524835630408063,4.0,4.0,2378754.3172892863,0.0,95150.17269157145,2465802.0625158297,2370651.889824258,0.003660434577891225,4.013671222670535,0.0,15.103202014535151,2591.4845898479953,0
2021-03-22,return_alpha_raw,308.84930419921875,0.01875322500991028,4.0,4.0,2378754.3172892863,0.0,95150.17269157145,2512028.700222075,2416878.5275305035,0.019499546898752884,3.9369033903740767,0.0,15.103202014535151,2640.0674104552563,0
2021-03-23,return_alpha_raw,307.5019226074219,-0.004362585809575825,4.0,4.0,2378754.3172892863,0.0,95150.17269157145,2501054.6562592243,2405904.4835676528,-0.004540585651221618,3.9548607744591653,0.0,15.103202014535151,2628.534016818208,0
2021-03-24,return_alpha_raw,302.3157653808594,-0.016865446507088988,4.0,4.0,2378754.3172892863,0.0,95150.17269157145,2458858.149540764,2363707.9768491923,-0.0175387289922202,4.0254622662147135,0.0,15.103202014535151,2584.186743949623,0
2021-03-25,return_alpha_raw,301.7923278808594,-0.0017314264088760245,4.0,4.0,2378754.3172892863,0.0,95150.17269157145,2454585.714402954,2359435.5417113826,-0.001807513948277495,4.032751520838566,0.0,15.103202014535151,2579.696541759808,0
2021-03-26,return_alpha_raw,306.3193054199219,0.015000306902598348,4.0,4.0,2378754.3172892863,0.0,95150.17269157145,2491390.150235717,2396239.9775441457,0.015598830814453013,3.9708115039917162,0.0,15.103202014535151,2618.3769085859035,0
2021-03-29,return_alpha_raw,306.2320556640625,-0.00028483270337720246,4.0,4.0,2378754.3172892863,0.0,95150.17269157145,2490665.4176420434,2395515.244950472,-0.00030244574853333095,3.9720128223829656,0.0,15.103202014535151,2617.6152361966974,0
2021-03-30,return_alpha_raw,304.6907653808594,-0.005033079505216587,4.0,4.0,2378754.3172892863,0.0,95150.17269157145,2478114.597372143,2382964.4246805715,-0.005239298850782226,3.992932991617196,0.0,15.103202014535151,2604.42469758298,0
2021-03-31,return_alpha_raw,309.3533935546875,0.01530282077305456,4.0,4.0,2378754.3172892863,0.0,95150.17269157145,2516021.6377088046,2420871.465017233,0.015907514163474357,3.9304099398310735,0.0,15.103202014535151,2644.263868931136,0
2021-04-01,return_alpha_raw,314.626708984375,0.01704625046809216,4.0,4.0,2420871.465017233,1684.685909117863,96834.85860068932,2560607.206220496,2463772.347619807,0.017721255846298467,3.930349274933588,1.179280136382504,15.370612476299891,2644.303139615746,1
2021-04-05,return_alpha_raw,320.90826416015625,0.019965104666600952,4.0,4.0,2420871.465017233,0.0,96834.85860068932,2611714.626490264,2514879.767889575,0.020743564363461475,3.850476664415283,0.0,15.370612476299891,2697.0810555525227,0
2021-04-06,return_alpha_raw,320.685302734375,-0.0006947824368586097,4.0,4.0,2420871.465017233,0.0,96834.85860068932,2609884.6824252154,2513049.8238245263,-0.000727646740179777,3.853280491403851,0.0,15.370612476299891,2695.1912979884673,0
2021-04-07,return_alpha_raw,321.46075439453125,0.002418107888151555,4.0,4.0,2420871.465017233,0.0,96834.85860068932,2616180.294550477,2519345.435949788,0.002505168049426354,3.8436514984767376,0.0,15.370612476299891,2701.6926883103374,0
2021-04-08,return_alpha_raw,324.81475830078125,0.010433634154088933,4.0,4.0,2420871.465017233,0.0,96834.85860068932,2643461.1920124767,2546626.3334117876,0.01082856565547341,3.8024761359848545,0.0,15.370612476299891,2729.8652884010708,0
2021-04-09,return_alpha_raw,326.7825622558594,0.0060582344391382215,4.0,4.0,2420871.465017233,0.0,96834.85860068932,2659460.5290319757,2562625.6704312866,0.006282561681542065,3.7787359940241347,0.0,15.370612476299891,2746.387579289597,0
2021-04-12,return_alpha_raw,326.3560791015625,-0.0013050976507215095,4.0,4.0,2420871.465017233,0.0,96834.85860068932,2655974.3027308728,2559139.4441301837,-0.0013604118390478925,3.783883634117568,0.0,15.370612476299891,2742.7874022960223,0
2021-04-13,return_alpha_raw,330.16571044921875,0.011673235437023033,4.0,4.0,2420871.465017233,0.0,96834.85860068932,2686962.7454688568,2590127.8868681677,0.012108930917797966,3.7386130272423115,0.0,15.370612476299891,2774.7887323808513,0
2021-04-14,return_alpha_raw,326.2009582519531,-0.012008370559956849,4.0,4.0,2420871.465017233,0.0,96834.85860068932,2654681.330527991,2557846.471927302,-0.012463251372463513,3.7857963589083434,0.0,15.370612476299891,2741.4521680409557,0
2021-04-15,return_alpha_raw,331.1447448730469,0.015155647143363815,4.0,4.0,2420871.465017233,0.0,96834.85860068932,2694899.373439072,2598064.514838383,0.01572339988051641,3.727192225121211,0.0,15.370612476299891,2782.9847767443207,0
2021-04-16,return_alpha_raw,331.532470703125,0.0011708651158779393,4.0,4.0,2420871.465017233,0.0,96834.85860068932,2698039.366493757,2601204.507893068,0.0012085893313085183,3.722693018055852,0.0,15.370612476299891,2786.227403521557,0
2021-04-19,return_alpha_raw,328.4983825683594,-0.009151707307374246,4.0,4.0,2420871.465017233,0.0,96834.85860068932,2673332.3292953563,2576497.470694667,-0.009498306312875404,3.758391370536879,0.0,15.370612476299891,2760.7127928168693,0
2021-04-20,return_alpha_raw,326.1040954589844,-0.007288581120720616,4.0,4.0,2420871.465017233,0.0,96834.85860068932,2653832.1591381654,2556997.3005374763,-0.007568480225184637,3.7870536109027104,0.0,15.370612476299891,2740.575240659539,0
2021-04-21,return_alpha_raw,328.89581298828125,0.008560817138366872,4.0,4.0,2420871.465017233,0.0,96834.85860068932,2676535.760355988,2579700.901755299,0.008879008676720312,3.753724260622626,0.0,15.370612476299891,2764.0209311328877,0
2021-04-22,return_alpha_raw,324.9311218261719,-0.012054550424607124,4.0,4.0,2420871.465017233,0.0,96834.85860068932,2644255.954457036,2547421.095856347,-0.012513003300881786,3.8012898125952392,0.0,15.370612476299891,2730.6860284280037,0
2021-04-23,return_alpha_raw,329.0218505859375,0.012589525856356865,4.0,4.0,2420871.465017233,0.0,96834.85860068932,2677530.512554022,2580695.653953333,0.013062056426835111,3.7522773540672767,0.0,15.370612476299891,2765.048197772617,0
2021-04-26,return_alpha_raw,331.1641540527344,0.006511128251761367,4.0,4.0,2420871.465017233,0.0,96834.85860068932,2694948.886506789,2598114.0279061,0.006749487846846147,3.727121194858854,0.0,15.370612476299891,2783.0359081947427,0
2021-04-27,return_alpha_raw,329.72943115234375,-0.004332361708937138,4.0,4.0,2420871.465017233,0.0,96834.85860068932,2683258.0225308677,2586423.1639301786,-0.004499750145817605,3.743968115934466,0.0,15.370612476299891,2770.96291697561,0
2021-04-28,return_alpha_raw,328.61468505859375,-0.0033807903948827045,4.0,4.0,2420871.465017233,0.0,96834.85860068932,2674171.1189688267,2577336.2603681376,-0.003513308915867097,3.757168208499801,0.0,15.370612476299891,2761.578999145449,0
2021-04-29,return_alpha_raw,329.79730224609375,0.003598795918962505,4.0,4.0,2420871.465017233,0.0,96834.85860068932,2683779.5444659027,2586944.6858652136,0.0037280449760574985,3.743213340810282,0.0,15.370612476299891,2771.501485361593,0
2021-04-30,return_alpha_raw,327.6355895996094,-0.0065546704953678425,4.0,4.0,2420871.465017233,0.0,96834.85860068932,2666172.883257244,2569338.0246565547,-0.0068059674042741936,3.768864107074168,0.0,15.370612476299891,2753.3193333317517,0
2021-05-03,return_alpha_raw,325.8907470703125,-0.0053255585921822,4.0,4.0,2569338.0246565547,5938.6623855728685,102773.52098626219,2657860.6108593657,2555087.0898731034,-0.005546539476975254,4.022309900652598,4.1570636699010075,16.313257299406693,2586.133651307562,1
2021-05-04,return_alpha_raw,320.0260925292969,-0.017995768808220514,4.0,4.0,2569338.0246565547,0.0,102773.52098626219,2610014.0525245653,2507240.531538303,-0.018725999017582096,4.0990690639165,0.0,16.313257299406693,2539.5783149955987,0
2021-05-05,return_alpha_raw,318.9501037597656,-0.003362190754595318,4.0,4.0,2569338.0246565547,0.0,102773.52098626219,2601222.374150504,2498448.8531642416,-0.003506515734518434,4.11349309216802,0.0,16.313257299406693,2531.023895248477,0
2021-05-06,return_alpha_raw,321.3540954589844,0.007537203063678666,4.0,4.0,2569338.0246565547,0.0,102773.52098626219,2620812.002140961,2518038.481154699,0.00784071603693115,4.081491278049621,0.0,16.313257299406693,2550.0848632901143,0
2021-05-07,return_alpha_raw,323.9617919921875,0.00811471386253415,4.0,4.0,2569338.0246565547,0.0,102773.52098626219,2642062.828368531,2539289.307382269,0.008439436643488119,4.047334058686307,0.0,16.313257299406693,2570.7621992650206,0
2021-05-10,return_alpha_raw,315.78033447265625,-0.025254390245280978,4.0,4.0,2569338.0246565547,0.0,102773.52098626219,2575322.829391062,2472549.3084047996,-0.02628294412276755,4.156581251460178,0.0,16.313257299406693,2505.8232944410915,0
2021-05-11,return_alpha_raw,315.3440856933594,-0.0013814944493785175,4.0,4.0,2569338.0246565547,0.0,102773.52098626219,2571748.721939601,2468975.2009533388,-0.0014455151366694619,4.162598350383533,0.0,16.313257299406693,2502.345640452825,0
2021-05-12,return_alpha_raw,307.18206787109375,-0.025882894883915375,4.0,4.0,2569338.0246565547,0.0,102773.52098626219,2505168.106844495,2402394.585858233,-0.026966903138353704,4.277961729985639,0.0,16.313257299406693,2437.5618182618873,0
2021-05-13,return_alpha_raw,309.5569152832031,0.0077310743708709495,4.0,4.0,2569338.0246565547,0.0,102773.52098626219,2524519.4345327443,2421745.913546482,0.008055016358329059,4.243778028544595,0.0,16.313257299406693,2456.3909169465924,0
2021-05-14,return_alpha_raw,316.39105224609375,0.022077158110450634,4.0,4.0,2569338.0246565547,0.0,102773.52098626219,2580237.33598453,2477463.8149982677,0.02300732754006818,4.14833590561782,0.0,16.313257299406693,2510.605174585224,0
2021-05-17,return_alpha_raw,314.4716796875,-0.0060664565099673995,4.0,4.0,2569338.0246565547,0.0,102773.52098626219,2564568.125143086,2461794.604156824,-0.006324698163736819,4.174739875240835,0.0,16.313257299406693,2495.358824464031,0
2021-05-18,return_alpha_raw,312.3487243652344,-0.006750863303097043,4.0,4.0,2569338.0246565547,0.0,102773.52098626219,2547238.763041466,2444465.2420552038,-0.00703932085656489,4.204335542110409,0.0,16.313257299406693,2478.4971251320244,0
2021-05-19,return_alpha_raw,312.7074279785156,0.001148407485928482,4.0,4.0,2569338.0246565547,0.0,102773.52098626219,2550147.7178480905,2447374.196861828,0.0011900168415479584,4.199338258859011,0.0,16.313257299406693,2481.327576768505,0
2021-05-20,return_alpha_raw,318.7562255859375,0.01934331284205193,4.0,4.0,2569338.0246565547,0.0,102773.52098626219,2599459.7096905713,2496686.188704309,0.02014893836247511,4.116397224899056,0.0,16.313257299406693,2529.308799333676,0
2021-05-21,return_alpha_raw,316.9920349121094,-0.0055346077416533745,4.0,4.0,2569338.0246565547,0.0,102773.52098626219,2585056.4065999025,2482282.8856136403,-0.00576896814498884,4.140282382072491,0.0,16.313257299406693,2515.2941942559787,0
2021-05-24,return_alpha_raw,322.323486328125,0.016818881324554003,4.0,4.0,2569338.0246565547,0.0,102773.52098626219,2628517.850262485,2525744.3292762227,0.01750865862809925,4.069038967840144,0.0,16.313257299406693,2557.5827557896364,0
2021-05-25,return_alpha_raw,322.7694396972656,0.0013835584065589046,4.0,4.0,2569338.0246565547,0.0,102773.52098626219,2632138.2449737065,2529364.7239874443,0.0014333971452522576,4.063214767392018,0.0,16.313257299406693,2561.105447896007,0
2021-05-26,return_alpha_raw,323.8939208984375,0.0034838527533045394,4.0,4.0,2569338.0246565547,0.0,102773.52098626219,2641291.913788237,2538518.392801975,0.0036189596256013257,4.048563180699371,0.0,16.313257299406693,2570.01208914629,0
2021-05-27,return_alpha_raw,322.6821594238281,-0.0037412294471230734,4.0,4.0,2569338.0246565547,0.0,102773.52098626219,2631393.921444625,2528620.400458363,-0.0038991217757877727,4.064410813407676,0.0,16.313257299406693,2560.3812112230403,0
2021-05-28,return_alpha_raw,323.6999816894531,0.003154256397200239,4.0,4.0,2569338.0246565547,0.0,102773.52098626219,2639677.6992975962,2536904.178311334,0.003276006889554983,4.051139253303307,0.0,16.313257299406693,2568.441437021939,0
2021-06-01,return_alpha_raw,322.62408447265625,-0.0033237481546386505,4.0,4.0,2536904.178311334,-1297.3538538088324,101476.16713245335,2629594.021182024,2528117.8540495704,-0.0034634040721286397,4.013901763713569,0.9081476976661826,16.107328116262437,2591.341489819679,-1
2021-06-02,return_alpha_raw,323.2541198730469,0.0019528467672227379,4.0,4.0,2536904.178311334,0.0,101476.16713245335,2634713.108037281,2533236.9409048273,0.0020248608454138672,4.005790595182457,0.0,16.107328116262437,2596.38610965497,0
2021-06-03,return_alpha_raw,319.89044189453125,-0.010405677056294471,4.0,4.0,2536904.178311334,0.0,101476.16713245335,2607281.0269709425,2505804.859838489,-0.0108288650869508,4.049643639808169,0.0,16.107328116262437,2569.3530812685785,0
2021-06-04,return_alpha_raw,325.3188171386719,0.01696948246403185,4.0,4.0,2536904.178311334,0.0,101476.16713245335,2651509.1293088123,2550032.962176359,0.0176502580255673,3.9794060954352215,0.0,16.107328116262437,2612.9378003091983,0
2021-06-07,return_alpha_raw,326.28826904296875,0.002980005622864601,4.0,4.0,2536904.178311334,0.0,101476.16713245335,2659394.534095113,2557918.3669626596,0.003092275630653285,3.9671386093899805,0.0,16.107328116262437,2620.7084966304424,0
2021-06-08,return_alpha_raw,326.4433288574219,0.00047522338117733653,4.0,4.0,2536904.178311334,0.0,101476.16713245335,2660642.233229374,2559166.0660969205,0.0004877791060011738,3.9652044655006873,0.0,16.107328116262437,2621.938045567418,0
2021-06-09,return_alpha_raw,326.5209045410156,0.00023763905320195455,4.0,4.0,2536904.178311334,0.0,101476.16713245335,2661258.3984024716,2559782.231270018,0.00024076795220917546,3.964250001145866,0.0,16.107328116262437,2622.545247426248,0
2021-06-10,return_alpha_raw,329.9233093261719,0.010420174444692787,4.0,4.0,2536904.178311334,0.0,101476.16713245335,2688973.0678281127,2587496.900695659,0.01082696374991654,3.921788934517026,0.0,16.107328116262437,2649.8567533776563,0
2021-06-11,return_alpha_raw,330.78607177734375,0.0026150393948640716,4.0,4.0,2536904.178311334,0.0,101476.16713245335,2695988.731004095,2594512.5638716416,0.002711370658684098,3.911184264262198,0.0,16.107328116262437,2656.770360162612,0
2021-06-14,return_alpha_raw,333.9559020996094,0.009582720049952087,4.0,4.0,2536904.178311334,0.0,101476.16713245335,2721807.5289430167,2620331.361810563,0.009951309659643082,3.8726463611203985,0.0,16.107328116262437,2682.2135737451877,0
2021-06-15,return_alpha_raw,331.7748718261719,-0.006530893030262885,4.0,4.0,2536904.178311334,0.0,101476.16713245335,2704015.587794409,2602539.4206619556,-0.006789958479264224,3.8991212323939712,0.0,16.107328116262437,2664.680450794866,0
2021-06-16,return_alpha_raw,330.56304931640625,-0.0036525445796887768,4.0,4.0,2536904.178311334,0.0,101476.16713245335,2694122.9429877005,2592646.775855247,-0.003801150802239306,3.913998932576498,0.0,16.107328116262437,2654.9317136418395,0
2021-06-17,return_alpha_raw,334.76043701171875,0.01269769172323576,4.0,4.0,2536904.178311334,0.0,101476.16713245335,2728315.9782541385,2626839.811121685,0.01318846654502659,3.863051210919561,0.0,16.107328116262437,2688.627345072032,0
2021-06-18,return_alpha_raw,332.13348388671875,-0.007847262802169297,4.0,4.0,2536904.178311334,0.0,101476.16713245335,2706890.058437304,2605413.8913048506,-0.008156538410191594,3.894819455408361,0.0,16.107328116262437,2667.5131067022794,0
2021-06-21,return_alpha_raw,334.1977233886719,0.0062150900228330475,4.0,4.0,2536904.178311334,0.0,101476.16713245335,2723697.5165042873,2622221.3493718337,0.006450974305109547,3.8698551194681747,0.0,16.107328116262437,2684.076067781648,0
2021-06-22,return_alpha_raw,337.3129577636719,0.009321530809403455,4.0,4.0,2536904.178311334,0.0,101476.16713245335,2749070.4394917614,2647594.272359308,0.009676117919470206,3.8327687966338795,0.0,16.107328116262437,2709.0798925263844,0
2021-06-23,return_alpha_raw,337.4779357910156,0.00048909484070081,4.0,4.0,2536904.178311334,0.0,101476.16713245335,2750398.8883323236,2648922.72119987,0.0005017569551464263,3.830846642686812,0.0,16.107328116262437,2710.389016508992,0
2021-06-24,return_alpha_raw,339.56451416015625,0.006182858634150135,4.0,4.0,2536904.178311334,0.0,101476.16713245335,2767388.10851829,2665911.9413858363,0.006413633757601955,3.8064335718344253,0.0,16.107328116262437,2727.1310956257475,0
2021-06-25,return_alpha_raw,339.1472473144531,-0.0012288293632070069,4.0,4.0,2536904.178311334,0.0,101476.16713245335,2763971.353423036,2662495.1862905826,-0.001281645894679273,3.8113183323283697,0.0,16.107328116262437,2723.7640438422545,0
2021-06-28,return_alpha_raw,343.27178955078125,0.012161508810666799,4.0,4.0,2536904.178311334,0.0,101476.16713245335,2797569.308062005,2696093.1409295513,0.012618972913816862,3.763822754931482,0.0,16.107328116262437,2756.873251243747,0
2021-06-29,return_alpha_raw,344.5140380859375,0.003618848309037803,4.0,4.0,2536904.178311334,0.0,101476.16713245335,2807677.1796937846,2706201.012561331,0.003749081023326495,3.7497645836888323,0.0,16.107328116262437,2766.8340843313686,0
2021-06-30,return_alpha_raw,343.9705505371094,-0.0015775483398228207,4.0,4.0,2536904.178311334,0.0,101476.16713245335,2803231.825892084,2701755.6587596303,-0.0016426546960358612,3.7559342867830185,0.0,16.107328116262437,2762.453396799193,0
2021-07-01,return_alpha_raw,344.1064453125,0.00039507677380634654,4.0,4.0,2701755.6587596303,6594.059217931863,108070.22635038522,2810914.2103864155,2702843.9840360302,0.00040282150344395085,3.9983893627855283,4.615841452552304,17.15400418260083,2601.0070537586103,1
2021-07-02,return_alpha_raw,348.05633544921875,0.01147868687298681,4.0,4.0,2701755.6587596303,0.0,108070.22635038522,2843162.6604300872,2735092.434079702,0.011931302818121381,3.9512458520162754,0.0,17.15400418260083,2630.847326267262,0
2021-07-06,return_alpha_raw,349.5605163574219,0.004321659326389726,4.0,4.0,2701755.6587596303,0.0,108070.22635038522,2855432.6868537953,2747362.46050341,0.004486146892449305,3.933599148420448,0.0,17.15400418260083,2642.201079135259,0
2021-07-07,return_alpha_raw,350.2981262207031,0.002110106344296092,4.0,4.0,2701755.6587596303,0.0,108070.22635038522,2861440.7994778533,2753370.573127468,0.002186865661313986,3.9250156664393923,0.0,17.15400418260083,2647.760531379375,0
2021-07-08,return_alpha_raw,348.1824645996094,-0.006039603020202233,4.0,4.0,2701755.6587596303,0.0,108070.22635038522,2844141.6789790145,2736071.4526286293,-0.006282888568533429,3.949832020891076,0.0,17.15400418260083,2631.7532358614117,0
2021-07-09,return_alpha_raw,350.3563537597656,0.006243534299339659,4.0,4.0,2701755.6587596303,0.0,108070.22635038522,2861882.0210997188,2753811.7947493335,0.00648387384169391,3.9243867920255724,0.0,17.15400418260083,2648.168804441037,0
2021-07-12,return_alpha_raw,351.7247009277344,0.0039055868497450685,4.0,4.0,2701755.6587596303,0.0,108070.22635038522,2873042.195882665,2764971.9695322798,0.004052627998843317,3.908546905401948,0.0,17.15400418260083,2658.495584683694,0
2021-07-13,return_alpha_raw,351.7247009277344,0.0,4.0,4.0,2701755.6587596303,0.0,108070.22635038522,2873025.0418784823,2764954.815528097,-6.204042707014246e-06,3.9085711543443127,0.0,17.15400418260083,2658.4797116678205,0
2021-07-14,return_alpha_raw,352.3556213378906,0.001793790451714239,3.0,4.0,2701755.6587596303,0.0,108070.22635038522,2878161.492761957,2770091.2664115718,0.00185769794668178,3.901323673366958,0.0,17.15400418260083,2663.2325941748136,0
2021-07-15,return_alpha_raw,349.8808288574219,-0.007023564633571011,4.0,3.0,2701755.6587596303,-27017.556587596308,81052.66976278891,2831087.0974979657,2750034.427735177,-0.007240497423168568,2.947332911375251,18.912289611317416,12.86550313695062,3492.8980202422786,-1
2021-07-16,return_alpha_raw,347.0469970703125,-0.008099420012132708,4.0,4.0,2701755.6587596303,27017.556587596308,108070.22635038522,2834919.7509382744,2726849.524587889,-0.008430768325464855,3.9631899514777205,18.912289611317416,17.15400418260083,2623.2199623112656,1
2021-07-19,return_alpha_raw,344.2034606933594,-0.008193519612495037,4.0,4.0,2701755.6587596303,0.0,108070.22635038522,2811674.6263549295,2703604.4000045443,-0.00852453513615059,3.9972647755050095,0.0,17.15400418260083,2601.710685086307,0
2021-07-20,return_alpha_raw,348.2018737792969,0.011616423256997965,4.0,4.0,2701755.6587596303,0.0,108070.22635038522,2844319.0748714474,2736248.848521062,0.012074417587300434,3.949575946237382,0.0,17.15400418260083,2631.917384580651,0
2021-07-21,return_alpha_raw,350.8901672363281,0.007720502557476694,3.0,4.0,2701755.6587596303,0.0,108070.22635038522,2866261.4935590895,2758191.2672087043,0.008019160501246736,3.9181556273924585,0.0,17.15400418260083,2652.2212364634993,0
2021-07-22,return_alpha_raw,353.2096252441406,0.0066102108989858355,1.0,3.0,2701755.6587596303,-27017.556587596308,81052.66976278891,2857980.03538157,2776927.365618781,0.006792893093682251,2.918789694188778,18.912289611317416,12.86550313695062,3526.0776032989625,-1
2021-07-23,return_alpha_raw,357.334228515625,0.01167749397721951,0.0,1.0,2701755.6587596303,-54035.1131751926,27017.556587596304,2836645.4173713336,2809627.860783737,0.01177578339636165,0.9616062313697245,37.82457922263482,4.288501045650207,10499.267053163612,-1
2021-07-26,return_alpha_raw,357.6155700683594,0.0007873344624809153,0.0,0.0,2701755.6587596303,-27017.556587596304,0.0,2811821.05044537,2811821.05044537,0.0007805979191211065,0.0,18.912289611317412,0.0,inf,-1
2021-07-27,return_alpha_raw,353.67535400390625,-0.011018021569083047,1.0,0.0,2701755.6587596303,0.0,0.0,2780840.345463161,2780840.345463161,-0.011018021569083158,0.0,0.0,0.0,inf,0
2021-07-28,return_alpha_raw,355.0341491699219,0.003841927775381837,0.0,1.0,2701755.6587596303,27017.556587596304,27017.556587596304,2818622.2158636637,2791604.6592760673,0.0038708852273623418,0.9678145685070833,18.912289611317412,4.288501045650207,10432.557832256698,1
2021-07-29,return_alpha_raw,355.66497802734375,0.0017768117768297564,0.0,0.0,2701755.6587596303,-27017.556587596304,0.0,2796545.869417731,2796545.869417731,0.0017700250374796944,0.0,18.912289611317412,0.0,inf,-1
2021-07-30,return_alpha_raw,353.8112487792969,-0.005212009510546678,0.0,0.0,2701755.6587596303,0.0,0.0,2781970.245749646,2781970.245749646,-0.005212009510546678,0.0,0.0,0.0,inf,0
2021-08-02,return_alpha_raw,353.8404235839844,8.24586691015039e-05,1.0,0.0,2781970.245749646,0.0,0.0,2782199.6433135904,2782199.6433135904,8.24586691015039e-05,0.0,0.0,0.0,inf,0
2021-08-03,return_alpha_raw,355.9852294921875,0.006061506162802877,1.0,1.0,2781970.245749646,27819.70245749646,27819.70245749646,2827028.2876950577,2799208.5852375613,0.00611348720601268,0.9938417095536122,19.473791720247522,4.4158257869041995,10161.964499851327,1
2021-08-04,return_alpha_raw,356.49957275390625,0.0014448443898991137,0.0,1.0,2781970.245749646,0.0,27819.70245749646,2831108.487830833,2803288.7853733366,0.0014576263295609238,0.9923951682270753,0.0,4.4158257869041995,10176.631084233419,0
2021-08-05,return_alpha_raw,358.7608642578125,0.006343041273340511,0.0,0.0,2781970.245749646,-27819.70245749646,0.0,2821050.564525267,2821050.564525267,0.006336050443538133,0.0,19.473791720247522,0.0,inf,-1
2021-08-06,return_alpha_raw,357.18853759765625,-0.004382659361156893,0.0,0.0,2781970.245749646,0.0,0.0,2808686.8608603533,2808686.8608603533,-0.004382659361157004,0.0,0.0,0.0,inf,0
2021-08-09,return_alpha_raw,357.84857177734375,0.0018478593521693565,0.0,0.0,2781970.245749646,0.0,0.0,2813876.919143509,2813876.919143509,0.0018478593521693565,0.0,0.0,0.0,inf,0
2021-08-10,return_alpha_raw,356.0142822265625,-0.005125881994360926,0.0,0.0,2781970.245749646,0.0,0.0,2799453.3181093237,2799453.3181093237,-0.005125881994360926,0.0,0.0,0.0,inf,0
2021-08-11,return_alpha_raw,355.40277099609375,-0.0017176592653650458,0.0,0.0,2781970.245749646,0.0,0.0,2794644.8111795164,2794644.8111795164,-0.0017176592653650458,0.0,0.0,0.0,inf,0
2021-08-12,return_alpha_raw,356.6839599609375,0.003604893009846011,0.0,0.0,2781970.245749646,0.0,0.0,2804719.2067243396,2804719.2067243396,0.003604893009846011,0.0,0.0,0.0,inf,0
2021-08-13,return_alpha_raw,357.9358825683594,0.0035098932050630083,0.0,0.0,2781970.245749646,0.0,0.0,2814563.471610131,2814563.471610131,0.0035098932050630083,0.0,0.0,0.0,inf,0
2021-08-16,return_alpha_raw,358.0911865234375,0.00043388763921559104,0.0,0.0,2781970.245749646,0.0,0.0,2815784.6759102507,2815784.6759102507,0.00043388763921559104,0.0,0.0,0.0,inf,0
2021-08-17,return_alpha_raw,354.9371032714844,-0.0088080449077087,0.0,0.0,2781970.245749646,0.0,0.0,2790983.1180343954,2790983.1180343954,-0.0088080449077087,0.0,0.0,0.0,inf,0
2021-08-18,return_alpha_raw,351.5209655761719,-0.009624628318160244,4.0,0.0,2781970.245749646,0.0,0.0,2764120.9428810542,2764120.9428810542,-0.009624628318160244,0.0,0.0,0.0,inf,0
2021-08-19,return_alpha_raw,353.21923828125,0.004831213132037604,0.0,4.0,2781970.245749646,111278.80982998584,111278.80982998584,2889195.4869580134,2777916.6771280277,0.004991002395356103,4.005836846950801,77.89516688099009,17.663303147616798,2596.3572861465614,1
2021-08-20,return_alpha_raw,356.8780212402344,0.010358390943788542,0.0,0.0,2781970.245749646,-111278.80982998584,0.0,2806612.7220435175,2806612.7220435175,0.010330059627690957,0.0,77.89516688099009,0.0,inf,-1
2021-08-23,return_alpha_raw,362.2156677246094,0.014956501007894696,0.0,0.0,2781970.245749646,0.0,0.0,2848589.8280495317,2848589.8280495317,0.014956501007894696,0.0,0.0,0.0,inf,0
2021-08-24,return_alpha_raw,363.32208251953125,0.003054574645741326,0.0,0.0,2781970.245749646,0.0,0.0,2857291.0583144086,2857291.0583144086,0.003054574645741326,0.0,0.0,0.0,inf,0
2021-08-25,return_alpha_raw,363.7394104003906,0.001148644414799449,0.0,0.0,2781970.245749646,0.0,0.0,2860573.069729998,2860573.069729998,0.001148644414799449,0.0,0.0,0.0,inf,0
2021-08-26,return_alpha_raw,361.4296569824219,-0.006350022438938563,1.0,0.0,2781970.245749646,0.0,0.0,2842408.366548989,2842408.366548989,-0.006350022438938563,0.0,0.0,0.0,inf,0
2021-08-27,return_alpha_raw,364.94287109375,0.009720326053650252,0.0,1.0,2781970.245749646,27819.70245749646,27819.70245749646,2898103.542776455,2870283.8403189587,0.009806991176223523,0.9692317556442435,19.473791720247522,4.4158257869041995,10417.449817100813,1
2021-08-30,return_alpha_raw,369.0382080078125,0.011221857552083714,0.0,0.0,2781970.245749646,-27819.70245749646,0.0,2902474.064385229,2902474.064385229,0.01121499679372917,0.0,19.473791720247522,0.0,inf,-1
2021-08-31,return_alpha_raw,368.7373962402344,-0.0008151236404544404,0.0,0.0,2781970.245749646,0.0,0.0,2900108.1891595423,2900108.1891595423,-0.0008151236404545514,0.0,0.0,0.0,inf,0
2021-09-01,return_alpha_raw,369.34881591796875,0.0016581439364942163,0.0,0.0,2900108.1891595423,0.0,0.0,2904916.9859685744,2904916.9859685744,0.0016581439364942163,0.0,0.0,0.0,inf,0
2021-09-02,return_alpha_raw,369.17413330078125,-0.0004729475489270163,0.0,0.0,2900108.1891595423,0.0,0.0,2903543.112600224,2903543.112600224,-0.0004729475489270163,0.0,0.0,0.0,inf,0
2021-09-03,return_alpha_raw,370.30963134765625,0.0030757790008810737,0.0,0.0,2900108.1891595423,0.0,0.0,2912473.769534113,2912473.769534113,0.0030757790008810737,0.0,0.0,0.0,inf,0
2021-09-07,return_alpha_raw,370.83367919921875,0.0014151612791040158,0.0,0.0,2900108.1891595423,0.0,0.0,2916595.389639164,2916595.389639164,0.0014151612791040158,0.0,0.0,0.0,inf,0
2021-09-08,return_alpha_raw,369.5429382324219,-0.0034806465518021357,0.0,0.0,2900108.1891595423,0.0,0.0,2906443.7519532144,2906443.7519532144,-0.0034806465518021357,0.0,0.0,0.0,inf,0
2021-09-09,return_alpha_raw,368.2716064453125,-0.0034402816441042594,1.0,0.0,2900108.1891595423,0.0,0.0,2896444.7668637484,2896444.7668637484,-0.0034402816441041484,0.0,0.0,0.0,inf,0
2021-09-10,return_alpha_raw,365.4765319824219,-0.0075897093720302955,1.0,1.0,2900108.1891595423,29001.081891595422,29001.081891595422,2903217.81495287,2874216.7330612745,-0.007674247428008929,1.0090081780543707,20.300757324116795,4.603346331999274,10010.722447545066,1
2021-09-13,return_alpha_raw,365.2242431640625,-0.0006903010078127547,1.0,1.0,2900108.1891595423,0.0,29001.081891595422,2901209.117422976,2872208.0355313807,-0.0006988678017173511,1.009713834542281,0.0,4.603346331999274,10003.796162734718,0
2021-09-14,return_alpha_raw,364.1859130859375,-0.0028429933049612943,1.0,1.0,2900108.1891595423,0.0,29001.081891595422,2892956.395979518,2863955.3140879227,-0.0028733021220488375,1.0126234075279674,0.0,4.603346331999274,9975.339564203994,0
2021-09-15,return_alpha_raw,366.8934631347656,0.007434527123483914,0.0,1.0,2900108.1891595423,0.0,29001.081891595422,2914459.555426152,2885458.4735345566,0.007508203546633174,1.0050770841997392,0.0,4.603346331999274,10049.485623744156,0
2021-09-16,return_alpha_raw,367.1458435058594,0.0006878846217028833,0.0,0.0,2900108.1891595423,-29001.081891595422,0.0,2887423.0213231603,2887423.0213231603,0.0006808442424739436,0.0,20.300757324116795,0.0,inf,-1
2021-09-17,return_alpha_raw,362.79791259765625,-0.011842517040871026,0.0,0.0,2900108.1891595423,0.0,0.0,2853228.6649889373,2853228.6649889373,-0.011842517040871026,0.0,0.0,0.0,inf,0
2021-09-20,return_alpha_raw,355.3013916015625,-0.02066307642846721,4.0,0.0,2900108.1891595423,0.0,0.0,2794272.1830163775,2794272.1830163775,-0.02066307642846721,0.0,0.0,0.0,inf,0
2021-09-21,return_alpha_raw,355.7386169433594,0.001230575933930389,4.0,4.0,2900108.1891595423,116004.32756638169,116004.32756638169,2913758.110476647,2797753.7829102655,0.0012459773657875761,4.1463379756639,81.20302929646718,18.413385327997094,2511.766734572289,1
2021-09-22,return_alpha_raw,359.0614013671875,0.009340522129362094,4.0,4.0,2900108.1891595423,0.0,116004.32756638169,2940955.7192018344,2824951.391635453,0.009721230256686919,4.106418535549497,0.0,18.413385327997094,2535.2120743244836,0
2021-09-23,return_alpha_raw,362.3744201660156,0.009226886505241838,0.0,4.0,2900108.1891595423,0.0,116004.32756638169,2968073.1704545235,2852068.842888142,0.009599262958287502,4.067374735909605,0.0,18.413385327997094,2558.588315385122,0
2021-09-24,return_alpha_raw,362.7144775390625,0.0009384143971615799,2.0,0.0,2900108.1891595423,-116004.32756638169,0.0,2854663.986120616,2854663.986120616,0.0009099160558292407,0.0,81.20302929646718,0.0,inf,-1
2021-09-27,return_alpha_raw,359.8192443847656,-0.007982127357971436,4.0,2.0,2900108.1891595423,58002.163783190845,58002.163783190845,2889367.393623171,2831365.22983998,-0.008161645781750382,2.048558171581027,40.60151464823359,9.206692663998547,4981.482077847096,1
2021-09-28,return_alpha_raw,349.6371154785156,-0.028297899751470568,4.0,4.0,2900108.1891595423,58002.163783190845,116004.32756638169,2863907.3231779556,2747902.995611574,-0.02947773510417906,4.221558321077624,40.60151464823359,18.413385327997094,2468.7935211202607,1
2021-09-29,return_alpha_raw,349.0639343261719,-0.0016393601450443995,4.0,4.0,2900108.1891595423,0.0,116004.32756638169,2859193.934267909,2743189.6067015273,-0.0017152675758839164,4.228811864954093,0.0,18.413385327997094,2464.7304063995193,0
2021-09-30,return_alpha_raw,347.7815246582031,-0.003673853245378389,4.0,4.0,2900108.1891595423,0.0,116004.32756638169,2848671.2619680045,2732666.934401623,-0.0038359259871055817,4.245095738013289,0.0,18.413385327997094,2455.6594755811125,0
2021-10-01,return_alpha_raw,349.9383544921875,0.006201680310948365,4.0,4.0,2732666.934401623,-6697.650190316766,109306.67737606492,2859576.555873021,2750269.878496956,0.006441672006832988,3.9743982301766643,4.688355133221736,17.350266250169035,2616.1041800170824,-1
2021-10-04,return_alpha_raw,342.59344482421875,-0.020989153014185358,2.0,4.0,2732666.934401623,0.0,109306.67737606492,2799539.1157197747,2690232.43834371,-0.021829654108729613,4.063094170530541,0.0,17.350266250169035,2561.178496065781,0
2021-10-05,return_alpha_raw,347.218017578125,0.013498719323947084,2.0,2.0,2732666.934401623,-54653.33868803246,54653.33868803246,2781890.7708169264,2727237.432128894,0.013755314692423859,2.0039816865292073,38.25733708162272,8.675133125084518,5090.065561586784,-1
2021-10-06,return_alpha_raw,349.4428405761719,0.006407567826016702,2.0,2.0,2732666.934401623,0.0,54653.33868803246,2799707.2494823807,2745053.9107943485,0.006532793388489999,1.9909750578347358,0.0,8.675133125084518,5122.66462889565,0
2021-10-07,return_alpha_raw,352.64910888671875,0.009175372731232034,4.0,2.0,2732666.934401623,0.0,54653.33868803246,2825386.931901589,2770733.593213557,0.009354891835904766,1.9725223248419324,0.0,8.675133125084518,5169.651113226993,0
2021-10-08,return_alpha_raw,350.8905944824219,-0.004986584000873706,4.0,4.0,2732666.934401623,54653.33868803246,109306.67737606492,2865623.29102452,2756316.613648455,-0.005203307745072827,3.9656792994974146,38.25733708162272,17.350266250169035,2621.636079162361,1
2021-10-11,return_alpha_raw,348.19921875,-0.007670127882429489,2.0,4.0,2732666.934401623,0.0,109306.67737606492,2843626.2436532434,2734319.5662771785,-0.007980595285154823,3.997582386644286,0.0,17.350266250169035,2601.5119221581217,0
2021-10-12,return_alpha_raw,346.9848327636719,-0.003487618354480082,2.0,2.0,2732666.934401623,-54653.33868803246,54653.33868803246,2779199.2328284914,2724545.894140459,-0.003574443988647036,2.0059613899539217,38.25733708162272,8.675133125084518,5085.140815810869,-1
2021-10-13,return_alpha_raw,349.7635192871094,0.008008092173095172,2.0,2.0,2732666.934401623,0.0,54653.33868803246,2801446.6413192526,2746793.3026312203,0.008165547344461066,1.9897142837678645,0.0,8.675133125084518,5125.847219161178,0
2021-10-14,return_alpha_raw,356.20501708984375,0.018416722864246893,4.0,2.0,2732666.934401623,0.0,54653.33868803246,2853031.43259828,2798378.0939102476,0.018780004753037982,1.9530362536416195,0.0,8.675133125084518,5220.232653825068,0
2021-10-15,return_alpha_raw,358.44927978515625,0.006300480306672407,4.0,4.0,2732666.934401623,54653.33868803246,109306.67737606492,2925948.733282882,2816642.055906817,0.006526624131426351,3.8807443475764503,38.25733708162272,17.350266250169035,2676.82524391102,1
2021-10-18,return_alpha_raw,362.0537414550781,0.010055709058983897,4.0,4.0,2732666.934401623,0.0,109306.67737606492,2955353.8722000266,2846047.1948239617,0.010439785508236321,3.840648797913765,0.0,17.350266250169035,2703.72674674966,0
2021-10-19,return_alpha_raw,364.79364013671875,0.007567657416352347,4.0,4.0,2732666.934401623,0.0,109306.67737606492,2977701.6275826767,2868394.950206612,0.007852208292010499,3.8107261821874117,0.0,17.350266250169035,2724.171751500617,0
2021-10-20,return_alpha_raw,364.31756591796875,-0.0013050507639650322,4.0,4.0,2732666.934401623,0.0,109306.67737606492,2973798.22553249,2864491.548156425,-0.001360831446836075,3.8159190047676788,0.0,17.350266250169035,2720.6006960592763,0
2021-10-21,return_alpha_raw,366.5423583984375,0.006106739527815375,3.0,4.0,2732666.934401623,0.0,109306.67737606492,2991941.086437846,2882634.409061781,0.006333710747735699,3.7919021930929238,0.0,17.350266250169035,2737.19882285343,0
2021-10-22,return_alpha_raw,363.4625549316406,-0.00840231257378743,4.0,3.0,2732666.934401623,-27326.669344016234,81980.00803204869,2939672.8194574746,2857692.811425426,-0.008652362421661675,2.868748093016926,19.128668540811365,13.012699687626776,3585.84109714683,-1
2021-10-25,return_alpha_raw,367.1836853027344,0.010238002018649883,4.0,4.0,2732666.934401623,27326.669344016234,109306.67737606492,2997338.960783036,2888032.283406971,0.010616771634881061,3.7848149414423227,19.128668540811365,17.350266250169035,2742.137107023041,1
2021-10-26,return_alpha_raw,368.3398132324219,0.0031486364344708306,4.0,4.0,2732666.934401623,0.0,109306.67737606492,3006759.1411751662,2897452.4637991013,0.0032617988539302978,3.772509773387048,0.0,17.350266250169035,2750.7552268106556,0
2021-10-27,return_alpha_raw,369.19482421875,0.002321255958797508,4.0,4.0,2732666.934401623,0.0,109306.67737606492,3013721.248482038,2904414.571105973,0.002402837455957041,3.7634667744571324,0.0,17.350266250169035,2757.12456075621,0
2021-10-28,return_alpha_raw,373.2947998046875,0.011105181646610118,3.0,4.0,2732666.934401623,0.0,109306.67737606492,3047171.820112429,2937865.142736364,0.011517147711338493,3.7206158916557794,0.0,17.350266250169035,2787.727056809865,0
2021-10-29,return_alpha_raw,375.131103515625,0.004919178386353806,1.0,3.0,2732666.934401623,-27326.669344016234,81980.00803204869,3034668.072298647,2952688.0642665983,0.005045473774343501,2.776453395946898,19.128668540811365,13.012699687626776,3701.7172175834567,-1
2021-11-01,return_alpha_raw,376.4134826660156,0.003418482600809458,4.0,1.0,2952688.0642665983,-52453.1273893827,29526.880642665983,2992368.0652976143,2962841.1846549483,0.0034386024420334227,0.9965731810260589,36.71718917256789,4.686806451216823,10134.386024420333,-1
2021-11-02,return_alpha_raw,377.9874267578125,0.004181423259998818,1.0,4.0,2952688.0642665983,88580.64192799795,118107.52257066393,3093750.444862505,2975642.922291841,0.00432076403662629,3.969142993800395,62.00644934959856,18.74722580486729,2619.4355596710693,1
2021-11-03,return_alpha_raw,382.00006103515625,0.010615787704268742,0.0,1.0,2952688.0642665983,-88580.64192799795,29526.880642665983,3037004.6960746353,3007477.8154319692,0.010698492383490965,0.9817821594944994,62.00644934959856,4.686806451216823,10285.558887267625,-1
2021-11-04,return_alpha_raw,386.89678955078125,0.012818658987529208,0.0,0.0,2952688.0642665983,-29526.880642665983,0.0,3046008.714197591,3046008.714197591,0.012811698416497652,0.0,20.66881644986619,0.0,inf,-1
2021-11-05,return_alpha_raw,387.26593017578125,0.0009541061982669685,1.0,0.0,2952688.0642665983,0.0,0.0,3048914.929991782,3048914.929991782,0.0009541061982669685,0.0,0.0,0.0,inf,0
2021-11-08,return_alpha_raw,386.7412414550781,-0.0013548538092802431,1.0,1.0,2952688.0642665983,29526.880642665983,29526.880642665983,3074245.644400986,3044718.76375832,-0.0013762818346242378,0.9697736616638702,20.66881644986619,4.686806451216823,10411.684463406333,1
2021-11-09,return_alpha_raw,384.0791931152344,-0.0068832802258896875,1.0,1.0,2952688.0642665983,0.0,29526.880642665983,3053080.063340902,3023553.182698236,-0.0069515717878513295,0.976562304629814,0.0,4.686806451216823,10340.00204860529,0
2021-11-10,return_alpha_raw,378.4344177246094,-0.014696904939944022,2.0,1.0,2952688.0642665983,0.0,29526.880642665983,3008204.549069491,2978677.668426825,-0.014841979472431044,0.9912747846349037,0.0,4.686806451216823,10188.02014840224,0
2021-11-11,return_alpha_raw,379.48370361328125,0.002772702057547649,2.0,2.0,2952688.0642665983,29526.880642665983,59053.761285331966,3046124.054159775,2987070.292874443,0.002817567183108549,1.9769792972801061,20.66881644986619,9.373612902433646,5158.221911457458,1
2021-11-12,return_alpha_raw,383.476806640625,0.010522462464983784,1.0,2.0,2952688.0642665983,0.0,59053.761285331966,3078167.4065704527,3019113.6452851207,0.010727351307103783,1.9559966342292165,0.0,9.373612902433646,5212.483234890952,0
2021-11-15,return_alpha_raw,383.38934326171875,-0.00022807997091778276,0.0,1.0,2952688.0642665983,-29526.880642665983,29526.880642665983,3047919.8411765364,3018392.9605338704,-0.00023870739426312682,0.9782318282853235,20.66881644986619,4.686806451216823,10322.525694679476,-1
2021-11-16,return_alpha_raw,386.1195373535156,0.007121204957262206,0.0,0.0,2952688.0642665983,-29526.880642665983,0.0,3039866.739444061,3039866.739444061,0.0071143085711387055,0.0,20.66881644986619,0.0,inf,-1
2021-11-17,return_alpha_raw,386.3235168457031,0.0005282806811217622,1.0,0.0,2952688.0642665983,0.0,0.0,3041472.642315694,3041472.642315694,0.0005282806811217622,0.0,0.0,0.0,inf,0
2021-11-18,return_alpha_raw,390.3263244628906,0.010361283853155268,0.0,1.0,2952688.0642665983,29526.880642665983,29526.880642665983,3102793.4509502607,3073266.5703075947,0.010453465058194222,0.9607653604780115,20.66881644986619,4.686806451216823,10508.368589625963,1
2021-11-19,return_alpha_raw,392.5026550292969,0.005575669459140453,1.0,0.0,2952688.0642665983,-29526.880642665983,0.0,3090381.3048045174,3090381.3048045174,0.005568906603246493,0.0,20.66881644986619,0.0,inf,-1
2021-11-22,return_alpha_raw,387.9460754394531,-0.011609041445856283,1.0,1.0,2952688.0642665983,29526.880642665983,29526.880642665983,3083663.9263373064,3054137.0456946404,-0.01172808645118617,0.9667830945664168,20.66881644986619,4.686806451216823,10443.581777756264,1
2021-11-23,return_alpha_raw,386.17779541015625,-0.004558056238341379,1.0,1.0,2952688.0642665983,0.0,29526.880642665983,3069603.7259344654,3040076.8452917994,-0.004603657331834987,0.971254417084706,0.0,4.686806451216823,10395.963471667663,0
2021-11-24,return_alpha_raw,387.42138671875,0.003220255859798904,1.0,1.0,2952688.0642665983,0.0,29526.880642665983,3079483.9485137155,3049957.0678710495,0.0032499910634007367,0.9681080744941936,0.0,4.686806451216823,10429.425260939683,0
2021-11-26,return_alpha_raw,380.076416015625,-0.018958609294476347,4.0,1.0,2952688.0642665983,0.0,29526.880642665983,3021096.5286987815,2991569.6480561155,-0.019143685801351285,0.9870029488316336,0.0,4.686806451216823,10231.681989235714,0
2021-11-29,return_alpha_raw,388.3249206542969,0.02170222694988988,0.0,4.0,2952688.0642665983,88580.64192799795,118107.52257066393,3177081.9909714228,3058974.4684007587,0.022531589859003276,3.8610169450813006,62.00644934959856,18.74722580486729,2689.9912230997556,1
2021-11-30,return_alpha_raw,382.6219177246094,-0.014686162608566034,2.0,0.0,2952688.0642665983,-118107.52257066393,0.0,3013968.410858971,3013968.410858971,-0.0147127928025228,0.0,82.67526579946475,0.0,inf,-1
2021-12-01,return_alpha_raw,376.11236572265625,-0.017013013892838047,2.0,2.0,3013968.410858971,60279.36821717942,60279.36821717942,3021894.5130628743,2961615.144845695,-0.017370210591674984,2.0353545369352872,42.19555775202559,9.568153685266575,5013.1489470416245,1
2021-12-02,return_alpha_raw,378.82293701171875,0.007206812474390256,4.0,2.0,3013968.410858971,0.0,60279.36821717942,3043663.171982222,2983383.803765042,0.007350265937568823,2.0205033003499793,0.0,9.568153685266575,5049.261898393268,0
2021-12-03,return_alpha_raw,372.2358093261719,-0.017388407728181177,4.0,4.0,3013968.410858971,60279.36821717942,120558.73643435884,3049909.3235940076,2929350.587159649,-0.0181113863181811,4.11554482289724,42.19555775202559,19.13630737053315,2529.8119520808063,1
2021-12-06,return_alpha_raw,375.2184753417969,0.008012840089254958,4.0,4.0,3013968.410858971,0.0,120558.73643435884,3074328.622983324,2953769.8865489652,0.008336079503885374,4.081520939845912,0.0,19.13630737053315,2550.067057692843,0
2021-12-07,return_alpha_raw,386.517822265625,0.03011404732545553,0.0,4.0,3013968.410858971,0.0,120558.73643435884,3166889.9643224757,3046331.227888117,0.03133667986821265,3.957505846071004,0.0,19.13630737053315,2626.8440247354174,0
2021-12-08,return_alpha_raw,388.2471618652344,0.004474152289984046,0.0,0.0,3013968.410858971,-120558.73643435884,0.0,3059876.209033216,3059876.209033216,0.004446325803674656,0.0,84.39111550405119,0.0,inf,-1
2021-12-09,return_alpha_raw,382.53436279296875,-0.014714335694870129,2.0,0.0,3013968.410858971,0.0,0.0,3014852.1633087546,3014852.1633087546,-0.014714335694870129,0.0,0.0,0.0,inf,0
2021-12-10,return_alpha_raw,386.6927185058594,0.010870541622795882,0.0,2.0,3013968.410858971,60279.36821717942,60279.36821717942,3108507.6544349543,3048228.2862177747,0.011070567013272914,1.9775214504020542,42.19555775202559,9.568153685266575,5156.83515997608,1
2021-12-13,return_alpha_raw,381.106201171875,-0.014446916289425071,4.0,0.0,3013968.410858971,-60279.36821717942,0.0,3004149.2013736675,3004149.2013736675,-0.014460558955969871,0.0,42.19555775202559,0.0,inf,-1
2021-12-14,return_alpha_raw,377.16168212890625,-0.01035018331068771,4.0,4.0,3013968.410858971,120558.73643435884,120558.73643435884,3092263.983899993,2971705.2474656343,-0.010799714572497954,4.056887423043561,84.39111550405119,19.13630737053315,2564.9439230674516,1
2021-12-15,return_alpha_raw,385.7599792480469,0.022797377163573884,0.0,4.0,3013968.410858971,0.0,120558.73643435884,3162740.355922926,3042181.6194885676,0.023715801586660756,3.9629039785805564,0.0,19.13630737053315,2623.4020440691643,0
2021-12-16,return_alpha_raw,375.84033203125,-0.025714557627603107,4.0,0.0,3013968.410858971,-120558.73643435884,0.0,2963871.043885293,2963871.043885293,-0.025741584625193936,0.0,84.39111550405119,0.0,inf,-1
2021-12-17,return_alpha_raw,373.9652099609375,-0.004989145417625296,4.0,4.0,3013968.410858971,120558.73643435884,120558.73643435884,3068938.005231856,2948379.2687974973,-0.005226872174400543,4.088983317384706,84.39111550405119,19.13630737053315,2545.5956955079855,1
2021-12-20,return_alpha_raw,370.3375549316406,-0.00970051473418021,3.0,4.0,3013968.410858971,0.0,120558.73643435884,3039148.590586448,2918589.8541520895,-0.010103657613071415,4.1307186846705335,0.0,19.13630737053315,2520.8862339405714,0
2021-12-21,return_alpha_raw,378.6258850097656,0.02238047415864952,4.0,3.0,3013968.410858971,-30139.684108589703,90419.05232576914,3076316.0303647337,2985896.9780389643,0.023061521916524663,3.028204020125078,21.097778876012793,14.352230527899865,3402.28740650934,-1
2021-12-22,return_alpha_raw,383.2369689941406,0.012178470006761533,0.0,4.0,3013968.410858971,30139.684108589703,120558.73643435884,3144247.101194456,3023688.3647600976,0.012656627807016152,3.9871415930101675,21.097778876012793,19.13630737053315,2608.0624218439934,1
2021-12-23,return_alpha_raw,386.12628173828125,0.007539232845213295,0.0,0.0,3013968.410858971,-120558.73643435884,0.0,3046399.6280336124,3046399.6280336124,0.007511112434140266,0.0,84.39111550405119,0.0,inf,-1
2021-12-27,return_alpha_raw,392.50787353515625,0.016527214278567293,0.0,0.0,3013968.410858971,0.0,0.0,3096748.1274642716,3096748.1274642716,0.016527214278567293,0.0,0.0,0.0,inf,0
2021-12-28,return_alpha_raw,390.6886901855469,-0.004634769063929234,1.0,0.0,3013968.410858971,0.0,0.0,3082395.4150443194,3082395.4150443194,-0.004634769063929234,0.0,0.0,0.0,inf,0
2021-12-29,return_alpha_raw,390.6303405761719,-0.0001493506488434715,0.0,1.0,3013968.410858971,30139.68410858971,30139.68410858971,3112044.361311551,3081904.6772029614,-0.00015920664784363492,0.9779564024654887,21.097778876012796,4.784076842633287,10325.40470596581,1
2021-12-30,return_alpha_raw,389.46295166015625,-0.002988474766946525,1.0,0.0,3013968.410858971,-30139.68410858971,0.0,3072673.44811231,3072673.44811231,-0.0029953000035775057,0.0,21.097778876012796,0.0,inf,-1
2021-12-31,return_alpha_raw,387.03094482421875,-0.00624451395330583,0.0,1.0,3013968.410858971,30139.68410858971,30139.68410858971,3083411.822211902,3053272.1381033123,-0.006314146405930865,0.9871273422523167,21.097778876012796,4.784076842633287,10230.405239493337,1
2022-01-03,return_alpha_raw,390.7568054199219,0.009626776994266839,0.0,0.0,3053272.1381033123,-30139.68410858971,0.0,3082644.0071971533,3082644.0071971533,0.009619800582887583,0.0,21.097778876012796,0.0,inf,-1
2022-01-04,return_alpha_raw,385.6885070800781,-0.012970467230627447,0.0,0.0,3053272.1381033123,0.0,0.0,3042660.6741181123,3042660.6741181123,-0.012970467230627558,0.0,0.0,0.0,inf,0
2022-01-05,return_alpha_raw,373.8396911621094,-0.030721205585492517,4.0,0.0,3053272.1381033123,0.0,0.0,2949186.4700216367,2949186.4700216367,-0.030721205585492517,0.0,0.0,0.0,inf,0
2022-01-06,return_alpha_raw,373.5770263671875,-0.0007026134493781644,4.0,4.0,3053272.1381033123,122130.88552413249,122130.88552413249,3069054.589257304,2946923.703733172,-0.0007672510068338356,4.144351798772962,85.49161986689275,19.385854845100393,2512.922571621634,1
2022-01-07,return_alpha_raw,369.5301208496094,-0.010832854356521482,0.0,4.0,3053272.1381033123,0.0,122130.88552413249,3035788.582024821,2913657.696500689,-0.01128838428709289,4.191668968898167,0.0,19.385854845100393,2485.6845743781687,0
2022-01-10,return_alpha_raw,369.7733459472656,0.000658201006989767,0.0,0.0,3053272.1381033123,-122130.88552413249,0.0,2915489.921040012,2915489.921040012,0.0006288400114824455,0.0,85.49161986689275,0.0,inf,-1
2022-01-11,return_alpha_raw,375.3280029296875,0.015021788463936536,0.0,0.0,3053272.1381033123,0.0,0.0,2959285.793902614,2959285.793902614,0.015021788463936536,0.0,0.0,0.0,inf,0
2022-01-12,return_alpha_raw,376.8164978027344,0.003965850832946538,0.0,0.0,3053272.1381033123,0.0,0.0,2971021.8799332897,2971021.8799332897,0.003965850832946538,0.0,0.0,0.0,inf,0
2022-01-13,return_alpha_raw,367.3900451660156,-0.025016029530781192,0.0,0.0,3053272.1381033123,0.0,0.0,2896698.7088482813,2896698.7088482813,-0.025016029530781303,0.0,0.0,0.0,inf,0
2022-01-14,return_alpha_raw,369.67608642578125,0.006222382151733541,0.0,0.0,3053272.1381033123,0.0,0.0,2914723.0751931686,2914723.0751931686,0.006222382151733541,0.0,0.0,0.0,inf,0
2022-01-18,return_alpha_raw,360.4732971191406,-0.024894196959337922,0.0,0.0,3053272.1381033123,0.0,0.0,2842163.384877383,2842163.384877383,-0.024894196959337922,0.0,0.0,0.0,inf,0
2022-01-19,return_alpha_raw,356.5140380859375,-0.010983501593169409,0.0,0.0,3053272.1381033123,0.0,0.0,2810946.478811534,2810946.478811534,-0.01098350159316952,0.0,0.0,0.0,inf,0
2022-01-20,return_alpha_raw,351.88348388671875,-0.012988420383330146,0.0,0.0,3053272.1381033123,0.0,0.0,2774436.724269688,2774436.724269688,-0.012988420383330257,0.0,0.0,0.0,inf,0
2022-01-21,return_alpha_raw,342.1261291503906,-0.027728936375625124,0.0,0.0,3053272.1381033123,0.0,0.0,2697504.5448642164,2697504.5448642164,-0.027728936375625013,0.0,0.0,0.0,inf,0
2022-01-24,return_alpha_raw,343.6924133300781,0.004578089909639704,0.0,0.0,3053272.1381033123,0.0,0.0,2709853.9632022665,2709853.9632022665,0.004578089909639704,0.0,0.0,0.0,inf,0
2022-01-25,return_alpha_raw,335.72509765625,-0.023181529078956986,0.0,0.0,3053272.1381033123,0.0,0.0,2647035.4047545665,2647035.4047545665,-0.023181529078956875,0.0,0.0,0.0,inf,0
2022-01-26,return_alpha_raw,335.1998291015625,-0.0015645793488615611,0.0,0.0,3053272.1381033123,0.0,0.0,2642893.907824582,2642893.907824582,-0.0015645793488615611,0.0,0.0,0.0,inf,0
2022-01-27,return_alpha_raw,331.82421875,-0.010070441743989411,0.0,0.0,3053272.1381033123,0.0,0.0,2616278.79869029,2616278.79869029,-0.0100704417439893,0.0,0.0,0.0,inf,0
2022-01-28,return_alpha_raw,342.23321533203125,0.03136900802853537,0.0,0.0,3053272.1381033123,0.0,0.0,2698348.869331293,2698348.869331293,0.03136900802853537,0.0,0.0,0.0,inf,0
2022-01-31,return_alpha_raw,353.1772155761719,0.03197819426592741,0.0,0.0,3053272.1381033123,0.0,0.0,2784637.1936720144,2784637.1936720144,0.03197819426592741,0.0,0.0,0.0,inf,0
2022-02-01,return_alpha_raw,355.5801086425781,0.006803646895755078,0.0,0.0,2784637.1936720144,0.0,0.0,2803582.881870545,2803582.881870545,0.006803646895755078,0.0,0.0,0.0,inf,0
2022-02-02,return_alpha_raw,358.4693298339844,0.008125373498635291,0.0,0.0,2784637.1936720144,0.0,0.0,2826363.0399201233,2826363.0399201233,0.008125373498635291,0.0,0.0,0.0,inf,0
2022-02-03,return_alpha_raw,343.9356384277344,-0.04054375143608768,0.0,0.0,2784637.1936720144,0.0,0.0,2711771.6793614565,2711771.6793614565,-0.04054375143608768,0.0,0.0,0.0,inf,0
2022-02-04,return_alpha_raw,348.27435302734375,0.012614902658658389,0.0,0.0,2784637.1936720144,0.0,0.0,2745980.415129108,2745980.415129108,0.012614902658658389,0.0,0.0,0.0,inf,0
2022-02-07,return_alpha_raw,345.47265625,-0.008044510751337941,0.0,0.0,2784637.1936720144,0.0,0.0,2723890.3461566386,2723890.3461566386,-0.00804451075133783,0.0,0.0,0.0,inf,0
2022-02-08,return_alpha_raw,349.3540954589844,0.011235156064494989,0.0,0.0,2784637.1936720144,0.0,0.0,2754493.67929828,2754493.67929828,0.011235156064494989,0.0,0.0,0.0,inf,0
2022-02-09,return_alpha_raw,356.75726318359375,0.021191014563270105,0.0,0.0,2784637.1936720144,0.0,0.0,2812864.194970725,2812864.194970725,0.021191014563270105,0.0,0.0,0.0,inf,0
2022-02-10,return_alpha_raw,348.6829528808594,-0.022632504327120606,0.0,0.0,2784637.1936720144,0.0,0.0,2749202.0339064477,2749202.0339064477,-0.022632504327120606,0.0,0.0,0.0,inf,0
2022-02-11,return_alpha_raw,337.6221008300781,-0.03172180331557706,0.0,0.0,2784637.1936720144,0.0,0.0,2661992.387712083,2661992.387712083,-0.03172180331557706,0.0,0.0,0.0,inf,0
2022-02-14,return_alpha_raw,338.0404052734375,0.0012389723372105976,0.0,0.0,2784637.1936720144,0.0,0.0,2665290.5226423233,2665290.5226423233,0.0012389723372105976,0.0,0.0,0.0,inf,0
2022-02-15,return_alpha_raw,346.4454650878906,0.024864068564982134,0.0,0.0,2784637.1936720144,0.0,0.0,2731560.4889428993,2731560.4889428993,0.024864068564982134,0.0,0.0,0.0,inf,0
2022-02-16,return_alpha_raw,346.35797119140625,-0.00025254738566771184,0.0,0.0,2784637.1936720144,0.0,0.0,2730870.6404826236,2730870.6404826236,-0.00025254738566771184,0.0,0.0,0.0,inf,0
2022-02-17,return_alpha_raw,336.055908203125,-0.029743975439179615,0.0,0.0,2784637.1936720144,0.0,0.0,2649643.6912245317,2649643.6912245317,-0.029743975439179615,0.0,0.0,0.0,inf,0
2022-02-18,return_alpha_raw,332.2230224609375,-0.011405500241557287,0.0,0.0,2784637.1936720144,0.0,0.0,2619423.1794642294,2619423.1794642294,-0.011405500241557398,0.0,0.0,0.0,inf,0
2022-02-22,return_alpha_raw,328.88629150390625,-0.010043647584428217,0.0,0.0,2784637.1936720144,0.0,0.0,2593114.6161752082,2593114.6161752082,-0.010043647584428217,0.0,0.0,0.0,inf,0
2022-02-23,return_alpha_raw,320.46185302734375,-0.025615049012957858,0.0,0.0,2784637.1936720144,0.0,0.0,2526691.858185663,2526691.858185663,-0.025615049012957858,0.0,0.0,0.0,inf,0
2022-02-24,return_alpha_raw,331.2307434082031,0.03360428169258722,0.0,0.0,2784637.1936720144,0.0,0.0,2611599.5231385008,2611599.5231385008,0.03360428169258722,0.0,0.0,0.0,inf,0
2022-02-25,return_alpha_raw,336.36724853515625,0.015507332061332813,0.0,0.0,2784637.1936720144,0.0,0.0,2652098.464155028,2652098.464155028,0.015507332061332813,0.0,0.0,0.0,inf,0
2022-02-28,return_alpha_raw,337.369140625,0.0029785661184520418,0.0,0.0,2784637.1936720144,0.0,0.0,2659997.914783159,2659997.914783159,0.0029785661184520418,0.0,0.0,0.0,inf,0
2022-03-01,return_alpha_raw,332.2035827636719,-0.015311293296590645,0.0,0.0,2659997.914783159,0.0,0.0,2619269.9065415943,2619269.9065415943,-0.015311293296590645,0.0,0.0,0.0,inf,0
2022-03-02,return_alpha_raw,337.77777099609375,0.016779434424063266,0.0,0.0,2659997.914783159,0.0,0.0,2663219.7741773315,2663219.7741773315,0.016779434424063266,0.0,0.0,0.0,inf,0
2022-03-03,return_alpha_raw,332.9526672363281,-0.014284846944002783,0.0,0.0,2659997.914783159,0.0,0.0,2625176.0873249667,2625176.0873249667,-0.014284846944002783,0.0,0.0,0.0,inf,0
2022-03-04,return_alpha_raw,328.1275329589844,-0.014491952617153525,0.0,0.0,2659997.914783159,0.0,0.0,2587132.1598557686,2587132.1598557686,-0.014491952617153636,0.0,0.0,0.0,inf,0
2022-03-07,return_alpha_raw,316.0257263183594,-0.03688141172273318,0.0,0.0,2659997.914783159,0.0,0.0,2491715.073487004,2491715.073487004,-0.03688141172273329,0.0,0.0,0.0,inf,0
2022-03-08,return_alpha_raw,314.556884765625,-0.004647854368839188,0.0,0.0,2659997.914783159,0.0,0.0,2480133.9446967947,2480133.9446967947,-0.004647854368839188,0.0,0.0,0.0,inf,0
2022-03-09,return_alpha_raw,325.88031005859375,0.03599802083939685,0.0,0.0,2659997.914783159,0.0,0.0,2569413.8581224857,2569413.8581224857,0.03599802083939685,0.0,0.0,0.0,inf,0
2022-03-10,return_alpha_raw,322.2615051269531,-0.011104705684703564,0.0,0.0,2659997.914783159,0.0,0.0,2540881.2734458367,2540881.2734458367,-0.011104705684703564,0.0,0.0,0.0,inf,0
2022-03-11,return_alpha_raw,315.57830810546875,-0.020738428000736775,0.0,0.0,2659997.914783159,0.0,0.0,2488187.39009806,2488187.39009806,-0.020738428000736775,0.0,0.0,0.0,inf,0
2022-03-14,return_alpha_raw,309.5177917480469,-0.019204476992748187,0.0,0.0,2659997.914783159,0.0,0.0,2440403.0526112756,2440403.0526112756,-0.019204476992748187,0.0,0.0,0.0,inf,0
2022-03-15,return_alpha_raw,319.2264099121094,0.031366914674699764,0.0,0.0,2659997.914783159,0.0,0.0,2516950.9669344104,2516950.9669344104,0.031366914674699764,0.0,0.0,0.0,inf,0
2022-03-16,return_alpha_raw,331.06536865234375,0.03708640128958596,0.0,0.0,2659997.914783159,0.0,0.0,2610295.6205203515,2610295.6205203515,0.03708640128958596,0.0,0.0,0.0,inf,0
2022-03-17,return_alpha_raw,335.0733947753906,0.012106449367876193,0.0,0.0,2659997.914783159,0.0,0.0,2641897.03228537,2641897.03228537,0.012106449367876193,0.0,0.0,0.0,inf,0
2022-03-18,return_alpha_raw,341.9316711425781,0.020467982460334655,0.0,0.0,2659997.914783159,0.0,0.0,2695971.334404197,2695971.334404197,0.020467982460334655,0.0,0.0,0.0,inf,0
2022-03-21,return_alpha_raw,340.9810485839844,-0.0027801535769330643,0.0,0.0,2659997.914783159,0.0,0.0,2688476.120055544,2688476.120055544,-0.0027801535769330643,0.0,0.0,0.0,inf,0
2022-03-22,return_alpha_raw,347.6822204589844,0.019652622639376727,0.0,0.0,2659997.914783159,0.0,0.0,2741311.7267179713,2741311.7267179713,0.019652622639376727,0.0,0.0,0.0,inf,0
2022-03-23,return_alpha_raw,342.6855163574219,-0.01437146856392657,0.0,0.0,2659997.914783159,0.0,0.0,2701915.0514135207,2701915.0514135207,-0.01437146856392657,0.0,0.0,0.0,inf,0
2022-03-24,return_alpha_raw,350.30224609375,0.022226587856090996,0.0,0.0,2659997.914783159,0.0,0.0,2761969.403683458,2761969.403683458,0.022226587856090996,0.0,0.0,0.0,inf,0
2022-03-25,return_alpha_raw,350.01007080078125,-0.0008340662848349556,0.0,0.0,2659997.914783159,0.0,0.0,2759665.7381241,2759665.7381241,-0.0008340662848349556,0.0,0.0,0.0,inf,0
2022-03-28,return_alpha_raw,355.4255065917969,0.015472228495099438,0.0,0.0,2659997.914783159,0.0,0.0,2802363.9169944534,2802363.9169944534,0.015472228495099438,0.0,0.0,0.0,inf,0
2022-03-29,return_alpha_raw,361.54229736328125,0.017209768736461184,0.0,0.0,2659997.914783159,0.0,0.0,2850591.951921331,2850591.951921331,0.017209768736461184,0.0,0.0,0.0,inf,0
2022-03-30,return_alpha_raw,357.5489501953125,-0.011045311149185388,0.0,0.0,2659997.914783159,0.0,0.0,2819106.2768529966,2819106.2768529966,-0.011045311149185388,0.0,0.0,0.0,inf,0
2022-03-31,return_alpha_raw,353.1172180175781,-0.012394756509041649,0.0,0.0,2659997.914783159,0.0,0.0,2784164.1409782926,2784164.1409782926,-0.012394756509041649,0.0,0.0,0.0,inf,0
2022-04-01,return_alpha_raw,352.44512939453125,-0.0019033017614378256,0.0,0.0,2784164.1409782926,0.0,0.0,2778865.0364646367,2778865.0364646367,-0.0019033017614378256,0.0,0.0,0.0,inf,0
2022-04-04,return_alpha_raw,359.7014465332031,0.020588501680070204,0.0,0.0,2784164.1409782926,0.0,0.0,2836077.7039365773,2836077.7039365773,0.020588501680070204,0.0,0.0,0.0,inf,0
2022-04-05,return_alpha_raw,351.714599609375,-0.022204100096914314,0.0,0.0,2784164.1409782926,0.0,0.0,2773105.1507157427,2773105.1507157427,-0.022204100096914314,0.0,0.0,0.0,inf,0
2022-04-06,return_alpha_raw,344.0783996582031,-0.02171135335198726,0.0,0.0,2784164.1409782926,0.0,0.0,2712897.2849063375,2712897.2849063375,-0.02171135335198715,0.0,0.0,0.0,inf,0
2022-04-07,return_alpha_raw,344.8965759277344,0.002377877455672861,0.0,0.0,2784164.1409782926,0.0,0.0,2719348.2221996724,2719348.2221996724,0.002377877455672861,0.0,0.0,0.0,inf,0
2022-04-08,return_alpha_raw,340.0751953125,-0.013979206961580837,0.0,0.0,2784164.1409782926,0.0,0.0,2681333.890600936,2681333.890600936,-0.013979206961580948,0.0,0.0,0.0,inf,0
2022-04-11,return_alpha_raw,332.02984619140625,-0.023657559363307157,0.0,0.0,2784164.1409782926,0.0,0.0,2617900.074911197,2617900.074911197,-0.023657559363307157,0.0,0.0,0.0,inf,0
2022-04-12,return_alpha_raw,330.6273193359375,-0.004224098741593907,0.0,0.0,2784164.1409782926,0.0,0.0,2606841.8064991464,2606841.8064991464,-0.004224098741593796,0.0,0.0,0.0,inf,0
2022-04-13,return_alpha_raw,337.3479309082031,0.02032684892997927,0.0,0.0,2784164.1409782926,0.0,0.0,2659830.686084209,2659830.686084209,0.02032684892997927,0.0,0.0,0.0,inf,0
2022-04-14,return_alpha_raw,329.6338195800781,-0.022866929426118565,0.0,0.0,2784164.1409782926,0.0,0.0,2599008.525500097,2599008.525500097,-0.022866929426118565,0.0,0.0,0.0,inf,0
2022-04-18,return_alpha_raw,329.8870849609375,0.0007683234116633297,0.0,0.0,2784164.1409782926,0.0,0.0,2601005.4045973513,2601005.4045973513,0.0007683234116633297,0.0,0.0,0.0,inf,0
2022-04-19,return_alpha_raw,337.26031494140625,0.022350768843653945,0.0,0.0,2784164.1409782926,0.0,0.0,2659139.8751566014,2659139.8751566014,0.022350768843653945,0.0,0.0,0.0,inf,0
2022-04-20,return_alpha_raw,332.3415832519531,-0.014584377323812014,0.0,0.0,2784164.1409782926,0.0,0.0,2620357.975860523,2620357.975860523,-0.014584377323812014,0.0,0.0,0.0,inf,0
2022-04-21,return_alpha_raw,325.4650573730469,-0.020691138952940058,0.0,0.0,2784164.1409782926,0.0,0.0,2566139.7848755484,2566139.7848755484,-0.020691138952939947,0.0,0.0,0.0,inf,0
2022-04-22,return_alpha_raw,316.9424743652344,-0.026185861783755038,0.0,0.0,2784164.1409782926,0.0,0.0,2498943.2031510025,2498943.2031510025,-0.026185861783755038,0.0,0.0,0.0,inf,0
2022-04-25,return_alpha_raw,321.01373291015625,0.01284541793609617,0.0,0.0,2784164.1409782926,0.0,0.0,2531043.172994044,2531043.172994044,0.01284541793609617,0.0,0.0,0.0,inf,0
2022-04-26,return_alpha_raw,308.8972473144531,-0.037744446276054555,0.0,0.0,2784164.1409782926,0.0,0.0,2435510.3499285956,2435510.3499285956,-0.037744446276054666,0.0,0.0,0.0,inf,0
2022-04-27,return_alpha_raw,308.5269775390625,-0.0011986826642508275,0.0,0.0,2784164.1409782926,0.0,0.0,2432590.9458935326,2432590.9458935326,-0.0011986826642508275,0.0,0.0,0.0,inf,0
2022-04-28,return_alpha_raw,319.4846496582031,0.03551609070475292,0.0,0.0,2784164.1409782926,0.0,0.0,2518987.066575448,2518987.066575448,0.03551609070475292,0.0,0.0,0.0,inf,0
2022-04-29,return_alpha_raw,305.1083068847656,-0.044998539957452954,0.0,0.0,2784164.1409782926,0.0,0.0,2405636.3264078456,2405636.3264078456,-0.044998539957452954,0.0,0.0,0.0,inf,0
2022-05-02,return_alpha_raw,310.202392578125,0.016695991483717032,0.0,0.0,2405636.3264078456,0.0,0.0,2445800.8100264715,2445800.8100264715,0.016695991483717032,0.0,0.0,0.0,inf,0
2022-05-03,return_alpha_raw,310.5335693359375,0.0010676150981945298,0.0,0.0,2405636.3264078456,0.0,0.0,2448411.983898432,2448411.983898432,0.0010676150981945298,0.0,0.0,0.0,inf,0
2022-05-04,return_alpha_raw,321.0332946777344,0.03381188502180321,0.0,0.0,2405636.3264078456,0.0,0.0,2531197.4083840107,2531197.4083840107,0.03381188502180321,0.0,0.0,0.0,inf,0
2022-05-05,return_alpha_raw,304.86480712890625,-0.05036389625898052,0.0,0.0,2405636.3264078456,0.0,0.0,2403716.444697158,2403716.444697158,-0.05036389625898052,0.0,0.0,0.0,inf,0
2022-05-06,return_alpha_raw,301.2122802734375,-0.011980808443804225,0.0,0.0,2405636.3264078456,0.0,0.0,2374917.978420019,2374917.978420019,-0.011980808443804225,0.0,0.0,0.0,inf,0
2022-05-09,return_alpha_raw,289.4267272949219,-0.03912706669136068,0.0,0.0,2405636.3264078456,0.0,0.0,2281994.4042918677,2281994.4042918677,-0.03912706669136057,0.0,0.0,0.0,inf,0
2022-05-10,return_alpha_raw,292.9429016113281,0.01214875470993837,0.0,0.0,2405636.3264078456,0.0,0.0,2309717.7945590615,2309717.7945590615,0.01214875470993837,0.0,0.0,0.0,inf,0
2022-05-11,return_alpha_raw,284.2547607421875,-0.02965813754609392,0.0,0.0,2405636.3264078456,0.0,0.0,2241215.866515368,2241215.866515368,-0.02965813754609392,0.0,0.0,0.0,inf,0
2022-05-12,return_alpha_raw,283.58270263671875,-0.0023642809137620624,0.0,0.0,2405636.3264078456,0.0,0.0,2235917.002618545,2235917.002618545,-0.0023642809137620624,0.0,0.0,0.0,inf,0
2022-05-13,return_alpha_raw,294.09228515625,0.03706002665823549,0.0,0.0,2405636.3264078456,0.0,0.0,2318780.1463411907,2318780.1463411907,0.03706002665823549,0.0,0.0,0.0,inf,0
2022-05-16,return_alpha_raw,290.6832580566406,-0.011591691695680417,0.0,0.0,2405636.3264078456,0.0,0.0,2291901.561774739,2291901.561774739,-0.011591691695680306,0.0,0.0,0.0,inf,0
2022-05-17,return_alpha_raw,298.2123718261719,0.025901435878581625,0.0,0.0,2405636.3264078456,0.0,0.0,2351265.1031170688,2351265.1031170688,0.025901435878581625,0.0,0.0,0.0,inf,0
2022-05-18,return_alpha_raw,283.57293701171875,-0.04909063539116498,0.0,0.0,2405636.3264078456,0.0,0.0,2235840.005231979,2235840.005231979,-0.04909063539116498,0.0,0.0,0.0,inf,0
2022-05-19,return_alpha_raw,282.0535583496094,-0.005357981893901909,0.0,0.0,2405636.3264078456,0.0,0.0,2223860.4149662843,2223860.4149662843,-0.005357981893901909,0.0,0.0,0.0,inf,0
2022-05-20,return_alpha_raw,281.1768798828125,-0.003108198570252463,0.0,0.0,2405636.3264078456,0.0,0.0,2216948.215204045,2216948.215204045,-0.003108198570252352,0.0,0.0,0.0,inf,0
2022-05-23,return_alpha_raw,285.8521728515625,0.016627586772776537,0.0,0.0,2405636.3264078456,0.0,0.0,2253810.7140231025,2253810.7140231025,0.016627586772776537,0.0,0.0,0.0,inf,0
2022-05-24,return_alpha_raw,279.7743225097656,-0.021262214945460545,0.0,0.0,2405636.3264078456,0.0,0.0,2205889.7061751615,2205889.7061751615,-0.021262214945460545,0.0,0.0,0.0,inf,0
2022-05-25,return_alpha_raw,283.6898193359375,0.013995197239858204,0.0,0.0,2405636.3264078456,0.0,0.0,2236761.567702456,2236761.567702456,0.013995197239858204,0.0,0.0,0.0,inf,0
2022-05-26,return_alpha_raw,291.5500793457031,0.02770723330207958,0.0,0.0,2405636.3264078456,0.0,0.0,2298736.0422999132,2298736.0422999132,0.02770723330207958,0.0,0.0,0.0,inf,0
2022-05-27,return_alpha_raw,301.066162109375,0.032639616442663444,0.0,0.0,2405636.3264078456,0.0,0.0,2373765.9050235087,2373765.9050235087,0.032639616442663444,0.0,0.0,0.0,inf,0
2022-05-31,return_alpha_raw,300.2674255371094,-0.0026530267190089107,0.0,0.0,2405636.3264078456,0.0,0.0,2367468.240652809,2367468.240652809,-0.0026530267190089107,0.0,0.0,0.0,inf,0
2022-06-01,return_alpha_raw,298.0467224121094,-0.007395751041018417,0.0,0.0,2367468.240652809,0.0,0.0,2349959.034947423,2349959.034947423,-0.007395751041018417,0.0,0.0,0.0,inf,0
2022-06-02,return_alpha_raw,306.2088928222656,0.02738553990494963,0.0,0.0,2367468.240652809,0.0,0.0,2414313.9318739725,2414313.9318739725,0.02738553990494963,0.0,0.0,0.0,inf,0
2022-06-03,return_alpha_raw,298.2415466308594,-0.026019316806813908,0.0,0.0,2367468.240652809,0.0,0.0,2351495.132809439,2351495.132809439,-0.026019316806813908,0.0,0.0,0.0,inf,0
2022-06-06,return_alpha_raw,299.2349853515625,0.0033309870201709835,0.0,0.0,2367468.240652809,0.0,0.0,2359327.9325748226,2359327.9325748226,0.0033309870201709835,0.0,0.0,0.0,inf,0
2022-06-07,return_alpha_raw,301.816162109375,0.008625919040783137,0.0,0.0,2367468.240652809,0.0,0.0,2379679.304311871,2379679.304311871,0.008625919040783137,0.0,0.0,0.0,inf,0
2022-06-08,return_alpha_raw,299.64404296875,-0.007196828444985148,0.0,0.0,2367468.240652809,0.0,0.0,2362553.160604657,2362553.160604657,-0.007196828444985037,0.0,0.0,0.0,inf,0
2022-06-09,return_alpha_raw,291.6181640625,-0.026784710374125553,0.0,0.0,2367468.240652809,0.0,0.0,2299272.8584543862,2299272.8584543862,-0.026784710374125664,0.0,0.0,0.0,inf,0
2022-06-10,return_alpha_raw,281.332763671875,-0.03527009513858892,0.0,0.0,2367468.240652809,0.0,0.0,2218177.285987125,2218177.285987125,-0.03527009513858892,0.0,0.0,0.0,inf,0
2022-06-13,return_alpha_raw,268.25177001953125,-0.04649651708394842,0.0,0.0,2367468.240652809,0.0,0.0,2115039.767913998,2115039.767913998,-0.04649651708394842,0.0,0.0,0.0,inf,0
2022-06-14,return_alpha_raw,268.7387390136719,0.0018153430790230907,0.0,0.0,2367468.240652809,0.0,0.0,2118879.290718539,2118879.290718539,0.0018153430790230907,0.0,0.0,0.0,inf,0
2022-06-15,return_alpha_raw,275.44970703125,0.024972090150488846,0.0,0.0,2367468.240652809,0.0,0.0,2171792.1353843664,2171792.1353843664,0.024972090150488846,0.0,0.0,0.0,inf,0
2022-06-16,return_alpha_raw,264.3362731933594,-0.040346508107303225,0.0,0.0,2367468.240652809,0.0,0.0,2084167.9063867037,2084167.9063867037,-0.040346508107303225,0.0,0.0,0.0,inf,0
2022-06-17,return_alpha_raw,267.5504455566406,0.012159407123554677,0.0,0.0,2367468.240652809,0.0,0.0,2109510.152474306,2109510.152474306,0.012159407123554677,0.0,0.0,0.0,inf,0
2022-06-21,return_alpha_raw,274.3006591796875,0.025229685598179508,0.0,0.0,2367468.240652809,0.0,0.0,2162732.4303874006,2162732.4303874006,0.025229685598179508,0.0,0.0,0.0,inf,0
2022-06-22,return_alpha_raw,273.90057373046875,-0.0014585653946849186,0.0,0.0,2367468.240652809,0.0,0.0,2159577.9437064747,2159577.9437064747,-0.0014585653946849186,0.0,0.0,0.0,inf,0
2022-06-23,return_alpha_raw,277.9797668457031,0.014892970320129706,0.0,0.0,2367468.240652809,0.0,0.0,2191740.473926102,2191740.473926102,0.014892970320129706,0.0,0.0,0.0,inf,0
2022-06-24,return_alpha_raw,287.50439453125,0.03426374442149127,0.0,0.0,2367468.240652809,0.0,0.0,2266837.709362944,2266837.709362944,0.03426374442149127,0.0,0.0,0.0,inf,0
2022-06-27,return_alpha_raw,285.39642333984375,-0.007331961637814688,0.0,0.0,2367468.240652809,0.0,0.0,2250217.3422387433,2250217.3422387433,-0.007331961637814688,0.0,0.0,0.0,inf,0
2022-06-28,return_alpha_raw,276.70135498046875,-0.03046663394593807,0.0,0.0,2367468.240652809,0.0,0.0,2181660.794173954,2181660.794173954,-0.03046663394593796,0.0,0.0,0.0,inf,0
2022-06-29,return_alpha_raw,276.955078125,0.0009169566392226436,0.0,0.0,2367468.240652809,0.0,0.0,2183661.2825237038,2183661.2825237038,0.0009169566392226436,0.0,0.0,0.0,inf,0
2022-06-30,return_alpha_raw,273.5199890136719,-0.012403055161811283,0.0,0.0,2367468.240652809,0.0,0.0,2156577.2111818506,2156577.2111818506,-0.012403055161811283,0.0,0.0,0.0,inf,0
2022-07-01,return_alpha_raw,275.3253479003906,0.006600464168008191,0.0,0.0,2156577.2111818506,0.0,0.0,2170811.6217897995,2170811.6217897995,0.006600464168008191,0.0,0.0,0.0,inf,0
2022-07-05,return_alpha_raw,280.0387878417969,0.017119527778137966,0.0,0.0,2156577.2111818506,0.0,0.0,2207974.8916501347,2207974.8916501347,0.017119527778137966,0.0,0.0,0.0,inf,0
2022-07-06,return_alpha_raw,281.83441162109375,0.006412053819884633,0.0,0.0,2156577.2111818506,0.0,0.0,2222132.545488349,2222132.545488349,0.006412053819884633,0.0,0.0,0.0,inf,0
2022-07-07,return_alpha_raw,287.8654479980469,0.021399219287179916,0.0,0.0,2156577.2111818506,0.0,0.0,2269684.4471144336,2269684.4471144336,0.021399219287179916,0.0,0.0,0.0,inf,0
2022-07-08,return_alpha_raw,288.22650146484375,0.0012542438465881212,0.0,0.0,2156577.2111818506,0.0,0.0,2272531.1848659236,2272531.1848659236,0.0012542438465881212,0.0,0.0,0.0,inf,0
2022-07-11,return_alpha_raw,282.0687255859375,-0.02136436395546837,0.0,0.0,2156577.2111818506,0.0,0.0,2223980.001532296,2223980.001532296,-0.02136436395546837,0.0,0.0,0.0,inf,0
2022-07-12,return_alpha_raw,279.3362121582031,-0.00968740303292459,0.0,0.0,2156577.2111818506,0.0,0.0,2202435.4109202884,2202435.4109202884,-0.009687403032924702,0.0,0.0,0.0,inf,0
2022-07-13,return_alpha_raw,278.7604064941406,-0.0020613355483477536,0.0,0.0,2156577.2111818506,0.0,0.0,2197895.4525148184,2197895.4525148184,-0.0020613355483478646,0.0,0.0,0.0,inf,0
2022-07-14,return_alpha_raw,279.755859375,0.0035709980961027288,0.0,0.0,2156577.2111818506,0.0,0.0,2205744.1329911817,2205744.1329911817,0.0035709980961027288,0.0,0.0,0.0,inf,0
2022-07-15,return_alpha_raw,284.8304748535156,0.018139443048137638,0.0,0.0,2156577.2111818506,0.0,0.0,2245755.103070339,2245755.103070339,0.018139443048137638,0.0,0.0,0.0,inf,0
2022-07-18,return_alpha_raw,282.4200744628906,-0.008462578984445468,0.0,0.0,2156577.2111818506,0.0,0.0,2226750.223130885,2226750.223130885,-0.008462578984445468,0.0,0.0,0.0,inf,0
2022-07-19,return_alpha_raw,291.1053161621094,0.03075291908953859,0.0,0.0,2156577.2111818506,0.0,0.0,2295229.2925754413,2295229.2925754413,0.03075291908953859,0.0,0.0,0.0,inf,0
2022-07-20,return_alpha_raw,295.72119140625,0.01585637564093867,0.0,0.0,2156577.2111818506,0.0,0.0,2331623.3104206035,2331623.3104206035,0.01585637564093867,0.0,0.0,0.0,inf,0
2022-07-21,return_alpha_raw,299.9663391113281,0.014355236717703779,0.0,0.0,2156577.2111818506,0.0,0.0,2365094.3149782075,2365094.3149782075,0.014355236717703779,0.0,0.0,0.0,inf,0
2022-07-22,return_alpha_raw,294.7062683105469,-0.01753553687511933,0.0,0.0,2156577.2111818506,0.0,0.0,2323621.116404772,2323621.116404772,-0.01753553687511944,0.0,0.0,0.0,inf,0
2022-07-25,return_alpha_raw,293.02783203125,-0.005695285305327258,0.0,0.0,2156577.2111818506,0.0,0.0,2310387.4312053635,2310387.4312053635,-0.005695285305327258,0.0,0.0,0.0,inf,0
2022-07-26,return_alpha_raw,287.2701721191406,-0.01964884998192029,0.0,0.0,2156577.2111818506,0.0,0.0,2264990.975169495,2264990.975169495,-0.01964884998192029,0.0,0.0,0.0,inf,0
2022-07-27,return_alpha_raw,299.41009521484375,0.04225960184501254,0.0,0.0,2156577.2111818506,0.0,0.0,2360708.591962705,2360708.591962705,0.04225960184501254,0.0,0.0,0.0,inf,0
2022-07-28,return_alpha_raw,302.33770751953125,0.009777934516826292,0.0,0.0,2156577.2111818506,0.0,0.0,2383791.4459882253,2383791.4459882253,0.009777934516826292,0.0,0.0,0.0,inf,0
2022-07-29,return_alpha_raw,307.8514099121094,0.018236899518138783,0.0,0.0,2156577.2111818506,0.0,0.0,2427264.411060911,2427264.411060911,0.018236899518138783,0.0,0.0,0.0,inf,0
2022-08-01,return_alpha_raw,307.6660461425781,-0.0006021209049656973,0.0,0.0,2427264.411060911,0.0,0.0,2425802.904417132,2425802.904417132,-0.0006021209049656973,0.0,0.0,0.0,inf,0
2022-08-02,return_alpha_raw,306.7486572265625,-0.002981768471098989,0.0,0.0,2427264.411060911,0.0,0.0,2418569.7217996405,2418569.7217996405,-0.0029817684710991,0.0,0.0,0.0,inf,0
2022-08-03,return_alpha_raw,315.1022644042969,0.027232742445436164,0.0,0.0,2427264.411060911,0.0,0.0,2484434.00811974,2484434.00811974,0.027232742445436164,0.0,0.0,0.0,inf,0
2022-08-04,return_alpha_raw,316.5758056640625,0.004676390576092482,0.0,0.0,2427264.411060911,0.0,0.0,2496052.1919022347,2496052.1919022347,0.004676390576092482,0.0,0.0,0.0,inf,0
2022-08-05,return_alpha_raw,313.98974609375,-0.008168847789513989,0.0,0.0,2427264.411060911,0.0,0.0,2475662.3214719025,2475662.3214719025,-0.008168847789513989,0.0,0.0,0.0,inf,0
2022-08-08,return_alpha_raw,312.97479248046875,-0.003232441905851924,0.0,0.0,2427264.411060911,0.0,0.0,2467659.886839238,2467659.886839238,-0.003232441905851924,0.0,0.0,0.0,inf,0
2022-08-09,return_alpha_raw,309.4323425292969,-0.011318643022641961,0.0,0.0,2427264.411060911,0.0,0.0,2439729.3254788117,2439729.3254788117,-0.01131864302264185,0.0,0.0,0.0,inf,0
2022-08-10,return_alpha_raw,318.0690002441406,0.02791129603404663,0.0,0.0,2427264.411060911,0.0,0.0,2507825.332925196,2507825.332925196,0.02791129603404663,0.0,0.0,0.0,inf,0
2022-08-11,return_alpha_raw,316.2635498046875,-0.005676285453996788,0.0,0.0,2427264.411060911,0.0,0.0,2493590.200466748,2493590.200466748,-0.005676285453996788,0.0,0.0,0.0,inf,0
2022-08-12,return_alpha_raw,322.4213562011719,0.01947049035618309,0.0,0.0,2427264.411060911,0.0,0.0,2542141.624417208,2542141.624417208,0.01947049035618309,0.0,0.0,0.0,inf,0
2022-08-15,return_alpha_raw,325.02703857421875,0.00808160601936403,0.0,0.0,2427264.411060911,0.0,0.0,2562686.211471174,2562686.211471174,0.00808160601936403,0.0,0.0,0.0,inf,0
2022-08-16,return_alpha_raw,324.26580810546875,-0.002342052747639878,0.0,0.0,2427264.411060911,0.0,0.0,2556684.265188259,2556684.265188259,-0.002342052747639878,0.0,0.0,0.0,inf,0
2022-08-17,return_alpha_raw,320.5671691894531,-0.011406194620472099,0.0,0.0,2427264.411060911,0.0,0.0,2527522.226876423,2527522.226876423,-0.011406194620472099,0.0,0.0,0.0,inf,0
2022-08-18,return_alpha_raw,321.3381652832031,0.0024050999848157506,0.0,0.0,2427264.411060911,0.0,0.0,2533601.1705459054,2533601.1705459054,0.0024050999848157506,0.0,0.0,0.0,inf,0
2022-08-19,return_alpha_raw,315.072998046875,-0.01949711523001474,0.0,0.0,2427264.411060911,0.0,0.0,2484203.2565768715,2484203.2565768715,-0.01949711523001474,0.0,0.0,0.0,inf,0
2022-08-22,return_alpha_raw,306.7779235839844,-0.026327468600328974,0.0,0.0,2427264.411060911,0.0,0.0,2418800.473342509,2418800.473342509,-0.026327468600328974,0.0,0.0,0.0,inf,0
2022-08-23,return_alpha_raw,306.5242614746094,-0.0008268590725549751,0.0,0.0,2427264.411060911,0.0,0.0,2416800.4662264255,2416800.4662264255,-0.0008268590725549751,0.0,0.0,0.0,inf,0
2022-08-24,return_alpha_raw,307.412353515625,0.002897297710606095,0.0,0.0,2427264.411060911,0.0,0.0,2423802.656684215,2423802.656684215,0.002897297710606095,0.0,0.0,0.0,inf,0
2022-08-25,return_alpha_raw,312.8479309082031,0.01768171425258558,0.0,0.0,2427264.411060911,0.0,0.0,2466659.642664363,2466659.642664363,0.01768171425258558,0.0,0.0,0.0,inf,0
2022-08-26,return_alpha_raw,300.0248107910156,-0.04098834881203062,0.0,0.0,2427264.411060911,0.0,0.0,2365555.3368302775,2365555.3368302775,-0.04098834881203062,0.0,0.0,0.0,inf,0
2022-08-29,return_alpha_raw,297.0679626464844,-0.009855345418718908,0.0,0.0,2427264.411060911,0.0,0.0,2342241.971878721,2342241.971878721,-0.00985534541871902,0.0,0.0,0.0,inf,0
2022-08-30,return_alpha_raw,293.75970458984375,-0.011136367675492198,0.0,0.0,2427264.411060911,0.0,0.0,2316157.90409491,2316157.90409491,-0.011136367675492087,0.0,0.0,0.0,inf,0
2022-08-31,return_alpha_raw,292.05194091796875,-0.005813471504743761,0.0,0.0,2427264.411060911,0.0,0.0,2302692.986118967,2302692.986118967,-0.00581347150474365,0.0,0.0,0.0,inf,0
2022-09-01,return_alpha_raw,292.1787414550781,0.0004341711844504381,0.0,0.0,2302692.986118967,0.0,0.0,2303692.7490601763,2303692.7490601763,0.0004341711844504381,0.0,0.0,0.0,inf,0
2022-09-02,return_alpha_raw,288.0508728027344,-0.014127888400732314,0.0,0.0,2302692.986118967,0.0,0.0,2271146.434991878,2271146.434991878,-0.014127888400732314,0.0,0.0,0.0,inf,0
2022-09-06,return_alpha_raw,285.9819641113281,-0.007182442015452928,0.0,0.0,2302692.986118967,0.0,0.0,2254834.0574139464,2254834.0574139464,-0.007182442015452817,0.0,0.0,0.0,inf,0
2022-09-07,return_alpha_raw,291.75921630859375,0.02020145646323579,0.0,0.0,2302692.986118967,0.0,0.0,2300384.9894566154,2300384.9894566154,0.02020145646323579,0.0,0.0,0.0,inf,0
2022-09-08,return_alpha_raw,293.2718200683594,0.0051844249477477344,0.0,0.0,2302692.986118967,0.0,0.0,2312311.1627853788,2312311.1627853788,0.0051844249477477344,0.0,0.0,0.0,inf,0
2022-09-09,return_alpha_raw,299.6833801269531,0.021862175701365505,0.0,0.0,2302692.986118967,0.0,0.0,2362863.3157024216,2362863.3157024216,0.021862175701365505,0.0,0.0,0.0,inf,0
2022-09-12,return_alpha_raw,303.2452392578125,0.0118854076237076,0.0,0.0,2302692.986118967,0.0,0.0,2390946.90936865,2390946.90936865,0.0118854076237076,0.0,0.0,0.0,inf,0
2022-09-13,return_alpha_raw,286.61639404296875,-0.054836294398364016,0.0,0.0,2302692.986118967,0.0,0.0,2259836.240755652,2259836.240755652,-0.054836294398364016,0.0,0.0,0.0,inf,0
2022-09-14,return_alpha_raw,288.8901062011719,0.007932945237815847,0.0,0.0,2302692.986118967,0.0,0.0,2277763.3978999984,2277763.3978999984,0.007932945237815847,0.0,0.0,0.0,inf,0
2022-09-15,return_alpha_raw,284.0789794921875,-0.016653829971020495,0.0,0.0,2302692.986118967,0.0,0.0,2239829.913557158,2239829.913557158,-0.016653829971020495,0.0,0.0,0.0,inf,0
2022-09-16,return_alpha_raw,282.3419189453125,-0.006114709895044368,0.0,0.0,2302692.986118967,0.0,0.0,2226134.0034215134,2226134.0034215134,-0.006114709895044479,0.0,0.0,0.0,inf,0
2022-09-19,return_alpha_raw,284.5406188964844,0.007787366323021017,0.0,0.0,2302692.986118967,0.0,0.0,2243469.72439029,2243469.72439029,0.007787366323021017,0.0,0.0,0.0,inf,0
2022-09-20,return_alpha_raw,282.27252197265625,-0.007971083118552102,0.0,0.0,2302692.986118967,0.0,0.0,2225586.84074322,2225586.84074322,-0.007971083118552102,0.0,0.0,0.0,inf,0
2022-09-21,return_alpha_raw,277.2181396484375,-0.017906037360265525,0.0,0.0,2302692.986118967,0.0,0.0,2185735.3996243565,2185735.3996243565,-0.017906037360265525,0.0,0.0,0.0,inf,0
2022-09-22,return_alpha_raw,273.8062438964844,-0.012307620837078037,0.0,0.0,2302692.986118967,0.0,0.0,2158834.1970756007,2158834.1970756007,-0.012307620837078037,0.0,0.0,0.0,inf,0
2022-09-23,return_alpha_raw,269.34820556640625,-0.016281726328211676,0.0,0.0,2302692.986118967,0.0,0.0,2123684.6494908314,2123684.6494908314,-0.016281726328211565,0.0,0.0,0.0,inf,0
2022-09-26,return_alpha_raw,268.2336730957031,-0.004137887120351902,0.0,0.0,2302692.986118967,0.0,0.0,2114897.0821320144,2114897.0821320144,-0.004137887120351791,0.0,0.0,0.0,inf,0
2022-09-27,return_alpha_raw,268.3412170410156,0.00040093379802508267,0.0,0.0,2302692.986118967,0.0,0.0,2115745.0158515857,2115745.0158515857,0.00040093379802508267,0.0,0.0,0.0,inf,0
2022-09-28,return_alpha_raw,273.67913818359375,0.01989228938229881,0.0,0.0,2302692.986118967,0.0,0.0,2157832.0279660616,2157832.0279660616,0.01989228938229881,0.0,0.0,0.0,inf,0
2022-09-29,return_alpha_raw,265.78961181640625,-0.028827649851392523,0.0,0.0,2302692.986118967,0.0,0.0,2095626.8018257357,2095626.8018257357,-0.028827649851392523,0.0,0.0,0.0,inf,0
2022-09-30,return_alpha_raw,261.28271484375,-0.01695663326288832,0.0,0.0,2302692.986118967,0.0,0.0,2060092.026691297,2060092.026691297,-0.01695663326288832,0.0,0.0,0.0,inf,0
2022-10-03,return_alpha_raw,267.4124450683594,0.023460144419714224,0.0,0.0,2060092.026691297,0.0,0.0,2108422.083155377,2108422.083155377,0.023460144419714224,0.0,0.0,0.0,inf,0
2022-10-04,return_alpha_raw,275.82012939453125,0.03144088647042054,0.0,0.0,2060092.026691297,0.0,0.0,2174712.7425035927,2174712.7425035927,0.03144088647042054,0.0,0.0,0.0,inf,0
2022-10-05,return_alpha_raw,275.6734924316406,-0.0005316398161820945,0.0,0.0,2060092.026691297,0.0,0.0,2173556.5786209195,2173556.5786209195,-0.0005316398161819835,0.0,0.0,0.0,inf,0
2022-10-06,return_alpha_raw,273.50311279296875,-0.007873008099282819,0.0,0.0,2060092.026691297,0.0,0.0,2156444.1500731874,2156444.1500731874,-0.007873008099282819,0.0,0.0,0.0,inf,0
2022-10-07,return_alpha_raw,263.0815734863281,-0.03810391479723052,0.0,0.0,2060092.026691297,0.0,0.0,2074275.1859138126,2074275.1859138126,-0.03810391479723052,0.0,0.0,0.0,inf,0
2022-10-10,return_alpha_raw,260.4516906738281,-0.009996453866567223,0.0,0.0,2060092.026691297,0.0,0.0,2053539.78971126,2053539.78971126,-0.009996453866567223,0.0,0.0,0.0,inf,0
2022-10-11,return_alpha_raw,256.8735656738281,-0.013738152325841524,0.0,0.0,2060092.026691297,0.0,0.0,2025327.9472730302,2025327.9472730302,-0.013738152325841524,0.0,0.0,0.0,inf,0
2022-10-12,return_alpha_raw,256.78564453125,-0.0003422739990683876,0.0,0.0,2060092.026691297,0.0,0.0,2024634.7301770921,2024634.7301770921,-0.0003422739990683876,0.0,0.0,0.0,inf,0
2022-10-13,return_alpha_raw,262.807861328125,0.0234523110038658,0.0,0.0,2060092.026691297,0.0,0.0,2072117.0935384333,2072117.0935384333,0.0234523110038658,0.0,0.0,0.0,inf,0
2022-10-14,return_alpha_raw,254.9085235595703,-0.03005746376320184,0.0,0.0,2060092.026691297,0.0,0.0,2009834.5090862908,2009834.5090862908,-0.03005746376320184,0.0,0.0,0.0,inf,0
2022-10-17,return_alpha_raw,263.3259582519531,0.0330213936154069,0.0,0.0,2060092.026691297,0.0,0.0,2076202.0455126574,2076202.0455126574,0.0330213936154069,0.0,0.0,0.0,inf,0
2022-10-18,return_alpha_raw,265.4082946777344,0.007907828151863638,0.0,0.0,2060092.026691297,0.0,0.0,2092620.2944971193,2092620.2944971193,0.007907828151863638,0.0,0.0,0.0,inf,0
2022-10-19,return_alpha_raw,264.4404602050781,-0.003646587134103818,0.0,0.0,2060092.026691297,0.0,0.0,2084989.3722546415,2084989.3722546415,-0.003646587134103818,0.0,0.0,0.0,inf,0
2022-10-20,return_alpha_raw,263.0913391113281,-0.005101795287694388,0.0,0.0,2060092.026691297,0.0,0.0,2074352.18330038,2074352.18330038,-0.005101795287694388,0.0,0.0,0.0,inf,0
2022-10-21,return_alpha_raw,269.26019287109375,0.023447574445448538,0.0,0.0,2060092.026691297,0.0,0.0,2122990.7105443943,2122990.7105443943,0.023447574445448538,0.0,0.0,0.0,inf,0
2022-10-24,return_alpha_raw,272.222412109375,0.01100132628850714,0.0,0.0,2060092.026691297,0.0,0.0,2146346.4240585626,2146346.4240585626,0.01100132628850714,0.0,0.0,0.0,inf,0
2022-10-25,return_alpha_raw,277.8536071777344,0.020686008270681455,0.0,0.0,2060092.026691297,0.0,0.0,2190745.7639383855,2190745.7639383855,0.020686008270681455,0.0,0.0,0.0,inf,0
2022-10-26,return_alpha_raw,271.714111328125,-0.022096153121676565,0.0,0.0,2060092.026691297,0.0,0.0,2142338.7100877385,2142338.7100877385,-0.022096153121676676,0.0,0.0,0.0,inf,0
2022-10-27,return_alpha_raw,266.7672119140625,-0.01820626610035936,0.0,0.0,2060092.026691297,0.0,0.0,2103334.7214547805,2103334.7214547805,-0.01820626610035936,0.0,0.0,0.0,inf,0
2022-10-28,return_alpha_raw,274.9305114746094,0.030600835469902554,0.0,0.0,2060092.026691297,0.0,0.0,2167698.5212041517,2167698.5212041517,0.030600835469902554,0.0,0.0,0.0,inf,0
2022-10-31,return_alpha_raw,271.733642578125,-0.011627916011714201,0.0,0.0,2060092.026691297,0.0,0.0,2142492.7048608726,2142492.7048608726,-0.011627916011714312,0.0,0.0,0.0,inf,0
2022-11-01,return_alpha_raw,268.95709228515625,-0.010217911432039428,0.0,0.0,2142492.7048608726,0.0,0.0,2120600.9041588134,2120600.9041588134,-0.01021791143203954,0.0,0.0,0.0,inf,0
2022-11-02,return_alpha_raw,259.73797607421875,-0.03427727498319,0.0,0.0,2142492.7048608726,0.0,0.0,2047912.4838373605,2047912.4838373605,-0.03427727498319,0.0,0.0,0.0,inf,0
2022-11-03,return_alpha_raw,254.66412353515625,-0.019534504024982025,0.0,0.0,2142492.7048608726,0.0,0.0,2007907.5291790287,2007907.5291790287,-0.019534504024982025,0.0,0.0,0.0,inf,0
2022-11-04,return_alpha_raw,258.76043701171875,0.01608516119074377,0.0,0.0,2142492.7048608726,0.0,0.0,2040205.0454419814,2040205.0454419814,0.01608516119074377,0.0,0.0,0.0,inf,0
2022-11-07,return_alpha_raw,261.6053466796875,0.010994376500608194,0.0,0.0,2142492.7048608726,0.0,0.0,2062635.827850011,2062635.827850011,0.010994376500608194,0.0,0.0,0.0,inf,0
2022-11-08,return_alpha_raw,263.51171875,0.00728720607016764,0.0,0.0,2142492.7048608726,0.0,0.0,2077666.6801752648,2077666.6801752648,0.00728720607016764,0.0,0.0,0.0,inf,0
2022-11-09,return_alpha_raw,257.4307861328125,-0.02307651684727019,0.0,0.0,2142492.7048608726,0.0,0.0,2029721.3700271884,2029721.3700271884,-0.02307651684727019,0.0,0.0,0.0,inf,0
2022-11-10,return_alpha_raw,276.4262390136719,0.07378858281176726,0.0,0.0,2142492.7048608726,0.0,0.0,2179491.633424253,2179491.633424253,0.07378858281176726,0.0,0.0,0.0,inf,0
2022-11-11,return_alpha_raw,281.5198059082031,0.018426495663746767,0.0,0.0,2142492.7048608726,0.0,0.0,2219652.0265567177,2219652.0265567177,0.018426495663746767,0.0,0.0,0.0,inf,0
2022-11-14,return_alpha_raw,279.05621337890625,-0.008751045139965052,0.0,0.0,2142492.7048608726,0.0,0.0,2200227.751477305,2200227.751477305,-0.008751045139965052,0.0,0.0,0.0,inf,0
2022-11-15,return_alpha_raw,282.91778564453125,0.013837972711188806,0.0,0.0,2142492.7048608726,0.0,0.0,2230674.443060648,2230674.443060648,0.013837972711188806,0.0,0.0,0.0,inf,0
2022-11-16,return_alpha_raw,279.05621337890625,-0.013649096881017009,0.0,0.0,2142492.7048608726,0.0,0.0,2200227.751477305,2200227.751477305,-0.013649096881016898,0.0,0.0,0.0,inf,0
2022-11-17,return_alpha_raw,278.4402160644531,-0.0022074309222304134,0.0,0.0,2142492.7048608726,0.0,0.0,2195370.9007027443,2195370.9007027443,-0.0022074309222304134,0.0,0.0,0.0,inf,0
2022-11-18,return_alpha_raw,278.4499816894531,3.50726096181031e-05,0.0,0.0,2142492.7048608726,0.0,0.0,2195447.8980893116,2195447.8980893116,3.50726096181031e-05,0.0,0.0,0.0,inf,0
2022-11-21,return_alpha_raw,275.5855407714844,-0.010287093217206111,0.0,0.0,2142492.7048608726,0.0,0.0,2172863.1209081477,2172863.1209081477,-0.010287093217206111,0.0,0.0,0.0,inf,0
2022-11-22,return_alpha_raw,279.5547790527344,0.014402926474801125,0.0,0.0,2142492.7048608726,0.0,0.0,2204158.7086783946,2204158.7086783946,0.014402926474801125,0.0,0.0,0.0,inf,0
2022-11-23,return_alpha_raw,282.3605041503906,0.010036405412790161,0.0,0.0,2142492.7048608726,0.0,0.0,2226280.539072823,2226280.539072823,0.010036405412790161,0.0,0.0,0.0,inf,0
2022-11-25,return_alpha_raw,280.5030212402344,-0.006578409100611693,0.0,0.0,2142492.7048608726,0.0,0.0,2211635.1549140713,2211635.1549140713,-0.006578409100611693,0.0,0.0,0.0,inf,0
2022-11-28,return_alpha_raw,276.38714599609375,-0.014673193985371036,0.0,0.0,2142492.7048608726,0.0,0.0,2179183.403261151,2179183.403261151,-0.014673193985370925,0.0,0.0,0.0,inf,0
2022-11-29,return_alpha_raw,274.2950134277344,-0.007569572603745245,0.0,0.0,2142492.7048608726,0.0,0.0,2162687.9162732894,2162687.9162732894,-0.007569572603745134,0.0,0.0,0.0,inf,0
2022-11-30,return_alpha_raw,286.7989196777344,0.04558561270853834,0.0,0.0,2142492.7048608726,0.0,0.0,2261275.3700339594,2261275.3700339594,0.04558561270853834,0.0,0.0,0.0,inf,0
2022-12-01,return_alpha_raw,287.1509704589844,0.0012275178081060378,0.0,0.0,2261275.3700339594,0.0,0.0,2264051.1258197078,2264051.1258197078,0.0012275178081060378,0.0,0.0,0.0,inf,0
2022-12-02,return_alpha_raw,286.007080078125,-0.0039835852862728505,0.0,0.0,2261275.3700339594,0.0,0.0,2255032.0850675227,2255032.0850675227,-0.0039835852862729615,0.0,0.0,0.0,inf,0
2022-12-05,return_alpha_raw,281.2068786621094,-0.016783505550647226,0.0,0.0,2261275.3700339594,0.0,0.0,2217184.7415509042,2217184.7415509042,-0.016783505550647226,0.0,0.0,0.0,inf,0
2022-12-06,return_alpha_raw,275.3801574707031,-0.02072040776217099,0.0,0.0,2261275.3700339594,0.0,0.0,2171243.769621906,2171243.769621906,-0.02072040776217099,0.0,0.0,0.0,inf,0
2022-12-07,return_alpha_raw,274.2558898925781,-0.004082601987198786,0.0,0.0,2261275.3700339594,0.0,0.0,2162379.4454933545,2162379.4454933545,-0.004082601987198786,0.0,0.0,0.0,inf,0
2022-12-08,return_alpha_raw,277.5016174316406,0.011834668492748834,0.0,0.0,2261275.3700339594,0.0,0.0,2187970.4893863024,2187970.4893863024,0.011834668492748834,0.0,0.0,0.0,inf,0
2022-12-09,return_alpha_raw,275.7320861816406,-0.006376652022346829,0.0,0.0,2261275.3700339594,0.0,0.0,2174018.562940322,2174018.562940322,-0.00637665202234694,0.0,0.0,0.0,inf,0
2022-12-12,return_alpha_raw,279.19293212890625,0.012551480660780934,0.0,0.0,2261275.3700339594,0.0,0.0,2201305.714889246,2201305.714889246,0.012551480660780934,0.0,0.0,0.0,inf,0
2022-12-13,return_alpha_raw,282.19427490234375,0.010750067168791233,0.0,0.0,2261275.3700339594,0.0,0.0,2224969.899183349,2224969.899183349,0.010750067168791233,0.0,0.0,0.0,inf,0
2022-12-14,return_alpha_raw,280.1021728515625,-0.007413694170462004,0.0,0.0,2261275.3700339594,0.0,0.0,2208474.6528123203,2208474.6528123203,-0.007413694170462004,0.0,0.0,0.0,inf,0
2022-12-15,return_alpha_raw,270.6973571777344,-0.03357637528507185,0.0,0.0,2261275.3700339594,0.0,0.0,2134322.079061925,2134322.079061925,-0.03357637528507185,0.0,0.0,0.0,inf,0
2022-12-16,return_alpha_raw,268.1163635253906,-0.00953460971785225,0.0,0.0,2261275.3700339594,0.0,0.0,2113972.1510258745,2113972.1510258745,-0.00953460971785225,0.0,0.0,0.0,inf,0
2022-12-19,return_alpha_raw,264.3484191894531,-0.01405339191682975,0.0,0.0,2261275.3700339594,0.0,0.0,2084263.6718862443,2084263.6718862443,-0.01405339191682975,0.0,0.0,0.0,inf,0
2022-12-20,return_alpha_raw,264.1426086425781,-0.0007785578877530508,0.0,0.0,2261275.3700339594,0.0,0.0,2082640.9519643402,2082640.9519643402,-0.0007785578877530508,0.0,0.0,0.0,inf,0
2022-12-21,return_alpha_raw,267.974365234375,0.01450639338911719,0.0,0.0,2261275.3700339594,0.0,0.0,2112852.56090182,2112852.56090182,0.01450639338911719,0.0,0.0,0.0,inf,0
2022-12-22,return_alpha_raw,261.4182434082031,-0.02446548131735582,0.0,0.0,2261275.3700339594,0.0,0.0,2061160.6060467493,2061160.6060467493,-0.02446548131735582,0.0,0.0,0.0,inf,0
2022-12-23,return_alpha_raw,262.0062561035156,0.00224931775092041,0.0,0.0,2261275.3700339594,0.0,0.0,2065796.8111854282,2065796.8111854282,0.00224931775092041,0.0,0.0,0.0,inf,0
2022-12-27,return_alpha_raw,258.30194091796875,-0.014138269981169294,0.0,0.0,2261275.3700339594,0.0,0.0,2036590.01814265,2036590.01814265,-0.014138269981169294,0.0,0.0,0.0,inf,0
2022-12-28,return_alpha_raw,254.8916473388672,-0.01320274081945283,0.0,0.0,2261275.3700339594,0.0,0.0,2009701.4479776279,2009701.4479776279,-0.01320274081945283,0.0,0.0,0.0,inf,0
2022-12-29,return_alpha_raw,261.10467529296875,0.02437517281938084,0.0,0.0,2261275.3700339594,0.0,0.0,2058688.2680874425,2058688.2680874425,0.02437517281938084,0.0,0.0,0.0,inf,0
2022-12-30,return_alpha_raw,260.9478454589844,-0.000600639700566119,0.0,0.0,2261275.3700339594,0.0,0.0,2057451.7381825396,2057451.7381825396,-0.000600639700566119,0.0,0.0,0.0,inf,0
2023-01-03,return_alpha_raw,259.1838684082031,-0.006759883560941371,0.0,0.0,2057451.7381825396,0.0,0.0,2043543.604000169,2043543.604000169,-0.006759883560941371,0.0,0.0,0.0,inf,0
2023-01-04,return_alpha_raw,260.418701171875,0.004764311804031918,0.0,0.0,2057451.7381825396,0.0,0.0,2053279.6829147611,2053279.6829147611,0.004764311804031918,0.0,0.0,0.0,inf,0
2023-01-05,return_alpha_raw,256.3419494628906,-0.01565460426090426,0.0,0.0,2057451.7381825396,0.0,0.0,2021136.4020417756,2021136.4020417756,-0.01565460426090426,0.0,0.0,0.0,inf,0
2023-01-06,return_alpha_raw,263.41741943359375,0.027601685894674155,0.0,0.0,2057451.7381825396,0.0,0.0,2076923.1741612246,2076923.1741612246,0.027601685894674155,0.0,0.0,0.0,inf,0
2023-01-09,return_alpha_raw,265.12249755859375,0.006472913327699725,0.0,0.0,2057451.7381825396,0.0,0.0,2090366.9178558611,2090366.9178558611,0.006472913327699725,0.0,0.0,0.0,inf,0
2023-01-10,return_alpha_raw,267.3666687011719,0.008464657519613672,0.0,0.0,2057451.7381825396,0.0,0.0,2108061.1579058412,2108061.1579058412,0.008464657519613672,0.0,0.0,0.0,inf,0
2023-01-11,return_alpha_raw,271.9921875,0.01730028212304191,0.0,0.0,2057451.7381825396,0.0,0.0,2144531.210670239,2144531.210670239,0.01730028212304191,0.0,0.0,0.0,inf,0
2023-01-12,return_alpha_raw,273.4621276855469,0.005404347084589922,0.0,0.0,2057451.7381825396,0.0,0.0,2156121.0016664364,2156121.0016664364,0.005404347084589922,0.0,0.0,0.0,inf,0
2023-01-13,return_alpha_raw,275.3437194824219,0.006880630282518174,0.0,0.0,2057451.7381825396,0.0,0.0,2170956.473123276,2170956.473123276,0.006880630282518174,0.0,0.0,0.0,inf,0
2023-01-17,return_alpha_raw,275.90228271484375,0.002028603497736814,0.0,0.0,2057451.7381825396,0.0,0.0,2175360.4830180886,2175360.4830180886,0.002028603497736814,0.0,0.0,0.0,inf,0
2023-01-18,return_alpha_raw,272.3155822753906,-0.012999894035527482,0.0,0.0,2057451.7381825396,0.0,0.0,2147081.0272497796,2147081.0272497796,-0.012999894035527482,0.0,0.0,0.0,inf,0
2023-01-19,return_alpha_raw,269.64019775390625,-0.009824573750534693,0.0,0.0,2057451.7381825396,0.0,0.0,2125986.8713491904,2125986.8713491904,-0.009824573750534693,0.0,0.0,0.0,inf,0
2023-01-20,return_alpha_raw,277.0194396972656,0.027366994998624827,0.0,0.0,2057451.7381825396,0.0,0.0,2184168.7434245455,2184168.7434245455,0.027366994998624827,0.0,0.0,0.0,inf,0
2023-01-23,return_alpha_raw,283.17364501953125,0.022215788642815593,0.0,0.0,2057451.7381825396,0.0,0.0,2232691.774588709,2232691.774588709,0.022215788642815593,0.0,0.0,0.0,inf,0
2023-01-24,return_alpha_raw,282.59552001953125,-0.0020415918294943713,0.0,0.0,2057451.7381825396,0.0,0.0,2228133.52930393,2228133.52930393,-0.0020415918294942603,0.0,0.0,0.0,inf,0
2023-01-25,return_alpha_raw,281.9683532714844,-0.0022193088836069963,0.0,0.0,2057451.7381825396,0.0,0.0,2223188.612768483,2223188.612768483,-0.0022193088836069963,0.0,0.0,0.0,inf,0
2023-01-26,return_alpha_raw,287.46600341796875,0.019497401331386666,0.0,0.0,2057451.7381825396,0.0,0.0,2266535.013386999,2266535.013386999,0.019497401331386666,0.0,0.0,0.0,inf,0
2023-01-27,return_alpha_raw,290.3275451660156,0.009954365782468777,0.0,0.0,2057451.7381825396,0.0,0.0,2289096.9319690256,2289096.9319690256,0.009954365782468777,0.0,0.0,0.0,inf,0
2023-01-30,return_alpha_raw,284.45751953125,-0.020218631447488145,0.0,0.0,2057451.7381825396,0.0,0.0,2242814.524753968,2242814.524753968,-0.020218631447488034,0.0,0.0,0.0,inf,0
2023-01-31,return_alpha_raw,288.7203063964844,0.014985671225210995,0.0,0.0,2057451.7381825396,0.0,0.0,2276424.6058410592,2276424.6058410592,0.014985671225210995,0.0,0.0,0.0,inf,0
2023-02-01,return_alpha_raw,294.8942565917969,0.021383844705519683,0.0,0.0,2276424.6058410592,0.0,0.0,2325103.3160961885,2325103.3160961885,0.021383844705519683,0.0,0.0,0.0,inf,0
2023-02-02,return_alpha_raw,305.47796630859375,0.03588984688653074,0.0,0.0,2276424.6058410592,0.0,0.0,2408550.918106246,2408550.918106246,0.03588984688653074,0.0,0.0,0.0,inf,0
2023-02-03,return_alpha_raw,300.0488586425781,-0.017772501668847474,0.0,0.0,2276424.6058410592,0.0,0.0,2365744.9428946986,2365744.9428946986,-0.017772501668847362,0.0,0.0,0.0,inf,0
2023-02-06,return_alpha_raw,297.5107116699219,-0.00845911223971596,0.0,0.0,2276424.6058410592,0.0,0.0,2345732.840892212,2345732.840892212,-0.00845911223971596,0.0,0.0,0.0,inf,0
2023-02-07,return_alpha_raw,303.6748046875,0.02071889439872332,0.0,0.0,2276424.6058410592,0.0,0.0,2394333.831910275,2394333.831910275,0.02071889439872332,0.0,0.0,0.0,inf,0
2023-02-08,return_alpha_raw,298.2750549316406,-0.01778135582046736,0.0,0.0,2276424.6058410592,0.0,0.0,2351759.3300920953,2351759.3300920953,-0.01778135582046736,0.0,0.0,0.0,inf,0
2023-02-09,return_alpha_raw,295.6390380859375,-0.008837537038782095,0.0,0.0,2276424.6058410592,0.0,0.0,2330975.569906105,2330975.569906105,-0.008837537038782206,0.0,0.0,0.0,inf,0
2023-02-10,return_alpha_raw,293.6986083984375,-0.006563509677419366,0.0,0.0,2276424.6058410592,0.0,0.0,2315676.189195198,2315676.189195198,-0.006563509677419366,0.0,0.0,0.0,inf,0
2023-02-13,return_alpha_raw,298.4025573730469,0.016016245362075132,0.0,0.0,2276424.6058410592,0.0,0.0,2352764.6272204635,2352764.6272204635,0.016016245362075132,0.0,0.0,0.0,inf,0
2023-02-14,return_alpha_raw,300.6074523925781,0.007388995050651603,0.0,0.0,2276424.6058410592,0.0,0.0,2370149.1934063435,2370149.1934063435,0.007388995050651603,0.0,0.0,0.0,inf,0
2023-02-15,return_alpha_raw,302.91046142578125,0.00766118409531491,0.0,0.0,2276424.6058410592,0.0,0.0,2388307.3427103916,2388307.3427103916,0.00766118409531491,0.0,0.0,0.0,inf,0
2023-02-16,return_alpha_raw,297.2265625,-0.018764287304662508,0.0,0.0,2276424.6058410592,0.0,0.0,2343492.4575599385,2343492.4575599385,-0.01876428730466262,0.0,0.0,0.0,inf,0
2023-02-17,return_alpha_raw,295.12939453125,-0.007055789197003559,0.0,0.0,2276424.6058410592,0.0,0.0,2326957.268794628,2326957.268794628,-0.007055789197003559,0.0,0.0,0.0,inf,0
2023-02-21,return_alpha_raw,288.1421813964844,-0.023675083757289994,0.0,0.0,2276424.6058410592,0.0,0.0,2271866.3605562802,2271866.3605562802,-0.023675083757289994,0.0,0.0,0.0,inf,0
2023-02-22,return_alpha_raw,288.3577880859375,0.0007482649309038525,0.0,0.0,2276424.6058410592,0.0,0.0,2273566.3184815845,2273566.3184815845,0.0007482649309038525,0.0,0.0,0.0,inf,0
2023-02-23,return_alpha_raw,290.8763427734375,0.00873413097047826,0.0,0.0,2276424.6058410592,0.0,0.0,2293423.944477271,2293423.944477271,0.00873413097047826,0.0,0.0,0.0,inf,0
2023-02-24,return_alpha_raw,286.005859375,-0.01674417160226438,0.0,0.0,2276424.6058410592,0.0,0.0,2255022.4603942013,2255022.4603942013,-0.01674417160226438,0.0,0.0,0.0,inf,0
2023-02-27,return_alpha_raw,288.0539855957031,0.007161133779492568,0.0,0.0,2276424.6058410592,0.0,0.0,2271170.9779088446,2271170.9779088446,0.007161133779492568,0.0,0.0,0.0,inf,0
2023-02-28,return_alpha_raw,287.68157958984375,-0.0012928340675072425,0.0,0.0,2276424.6058410592,0.0,0.0,2268234.7306954702,2268234.7306954702,-0.0012928340675072425,0.0,0.0,0.0,inf,0
2023-03-01,return_alpha_raw,285.3688659667969,-0.008039143925531067,0.0,0.0,2268234.7306954702,0.0,0.0,2250000.065238521,2250000.065238521,-0.008039143925531178,0.0,0.0,0.0,inf,0
2023-03-02,return_alpha_raw,287.7305603027344,0.008275935526240286,0.0,0.0,2268234.7306954702,0.0,0.0,2268620.9207124715,2268620.9207124715,0.008275935526240286,0.0,0.0,0.0,inf,0
2023-03-03,return_alpha_raw,293.67901611328125,0.020673701828155533,0.0,0.0,2268234.7306954702,0.0,0.0,2315521.7131883968,2315521.7131883968,0.020673701828155533,0.0,0.0,0.0,inf,0
2023-03-06,return_alpha_raw,294.0122375488281,0.0011346450282929688,0.0,0.0,2268234.7306954702,0.0,0.0,2318149.0083881705,2318149.0083881705,0.0011346450282929688,0.0,0.0,0.0,inf,0
2023-03-07,return_alpha_raw,290.4059143066406,-0.012265895026184359,0.0,0.0,2268234.7306954702,0.0,0.0,2289714.835996228,2289714.835996228,-0.012265895026184359,0.0,0.0,0.0,inf,0
2023-03-08,return_alpha_raw,291.8562927246094,0.004994314325283744,0.0,0.0,2268234.7306954702,0.0,0.0,2301150.3916024584,2301150.3916024584,0.004994314325283744,0.0,0.0,0.0,inf,0
2023-03-09,return_alpha_raw,286.7995910644531,-0.017325998397874742,0.0,0.0,2268234.7306954702,0.0,0.0,2261280.6636042856,2261280.6636042856,-0.01732599839787463,0.0,0.0,0.0,inf,0
2023-03-10,return_alpha_raw,282.7718811035156,-0.014043639134870167,0.0,0.0,2268234.7306954702,0.0,0.0,2229524.0539819673,2229524.0539819673,-0.014043639134870167,0.0,0.0,0.0,inf,0
2023-03-13,return_alpha_raw,284.8691101074219,0.007416681587015805,0.0,0.0,2268234.7306954702,0.0,0.0,2246059.723980944,2246059.723980944,0.007416681587015805,0.0,0.0,0.0,inf,0
2023-03-14,return_alpha_raw,291.415283203125,0.02297958207274431,0.0,0.0,2268234.7306954702,0.0,0.0,2297673.2377484497,2297673.2377484497,0.02297958207274431,0.0,0.0,0.0,inf,0
2023-03-15,return_alpha_raw,292.94403076171875,0.005245941605362514,0.0,0.0,2268234.7306954702,0.0,0.0,2309726.6973818825,2309726.6973818825,0.005245941605362514,0.0,0.0,0.0,inf,0
2023-03-16,return_alpha_raw,300.666259765625,0.026360765856285884,0.0,0.0,2268234.7306954702,0.0,0.0,2370612.8620435786,2370612.8620435786,0.026360765856285884,0.0,0.0,0.0,inf,0
2023-03-17,return_alpha_raw,299.2452697753906,-0.00472613718393966,2.0,0.0,2268234.7306954702,0.0,0.0,2359409.020447549,2359409.020447549,-0.00472613718393966,0.0,0.0,0.0,inf,0
2023-03-20,return_alpha_raw,300.3072509765625,0.003548865457318584,2.0,2.0,2268234.7306954702,45364.69461390941,45364.69461390941,2413268.8647048622,2367904.170090953,0.0036005413091930727,1.9158163234353742,31.755286229736583,7.200745176811018,5319.707065690072,1
2023-03-21,return_alpha_raw,304.5963439941406,0.014282349172823894,2.0,2.0,2268234.7306954702,0.0,45364.69461390941,2447728.8125333046,2402364.117919395,0.014552931771355748,1.8883355056600748,0.0,7.200745176811018,5395.669106483523,0
2023-03-22,return_alpha_raw,300.4544372558594,-0.013598018557835712,1.0,2.0,2268234.7306954702,0.0,45364.69461390941,2414437.3499707505,2369072.655356841,-0.013857792128275093,1.9148713954100474,0.0,7.200745176811018,5322.282824825746,0
2023-03-23,return_alpha_raw,304.0173645019531,0.011858461065294978,0.0,1.0,2268234.7306954702,-22682.347306954704,22682.347306954704,2420097.8699404933,2397415.5226335386,0.011963696939648383,0.9461166448959317,15.877643114868292,3.600372588405509,10669.521267750184,-1
2023-03-24,return_alpha_raw,305.13623046875,0.0036802699366524916,0.0,0.0,2268234.7306954702,-22682.347306954704,0.0,2406222.722830023,2406222.722830023,0.0036736227463856075,0.0,15.877643114868292,0.0,inf,-1
2023-03-27,return_alpha_raw,303.0456237792969,-0.006851387939877052,0.0,0.0,2268234.7306954702,0.0,0.0,2389736.7574861674,2389736.7574861674,-0.006851387939877052,0.0,0.0,0.0,inf,0
2023-03-28,return_alpha_raw,301.4360046386719,-0.005311474624023149,1.0,0.0,2268234.7306954702,0.0,0.0,2377043.731340684,2377043.731340684,-0.00531147462402326,0.0,0.0,0.0,inf,0
2023-03-29,return_alpha_raw,306.9323425292969,0.018233846674067467,1.0,1.0,2268234.7306954702,22682.347306954704,22682.347306954704,2443462.5484992475,2420780.201192293,0.01839952259815636,0.9369849974724305,15.877643114868292,3.600372588405509,10772.529471630345,1
2023-03-30,return_alpha_raw,309.8375549316406,0.00946531857282662,3.0,1.0,2268234.7306954702,0.0,22682.347306954704,2466587.0995689756,2443904.752262021,0.009552519910043245,0.9281191210893327,0.0,3.600372588405509,10874.479021898618,0
2023-03-31,return_alpha_raw,314.9904479980469,0.016630950588101268,1.0,3.0,2268234.7306954702,45364.69461390941,68047.04192086411,2553684.8558270414,2485637.8139061774,0.017076386305779456,2.737608896202309,31.755286229736583,10.801117765216526,3752.8227293066925,1
2023-04-03,return_alpha_raw,314.2248840332031,-0.002430435493232741,4.0,1.0,2485637.8139061774,-43190.66378180234,24856.378139061773,2504358.4924143287,2479502.114275267,-0.0024684608500014082,1.0024745692272596,30.233464647261634,3.945456847470123,10075.315391499986,-1
2023-04-04,return_alpha_raw,313.16485595703125,-0.003373469543741958,4.0,4.0,2485637.8139061774,74569.13441718533,99425.5125562471,2570159.8888950944,2470734.3763388474,-0.0035360881065359395,4.0241279478847325,52.19839409202973,15.781827389880492,2585.0104493462895,1
2023-04-05,return_alpha_raw,310.0730895996094,-0.00987264789969311,4.0,4.0,2485637.8139061774,0.0,99425.5125562471,2544769.823438729,2445344.310882482,-0.010276323387700015,4.065910559661275,0.0,15.781827389880492,2559.473678346993,0
2023-04-06,return_alpha_raw,312.1637268066406,0.006742401314899116,4.0,4.0,2485637.8139061774,0.0,99425.5125562471,2561911.9010150083,2462486.3884587614,0.007010087495651129,4.037606584232786,0.0,15.781827389880492,2576.714804025457,0
2023-04-10,return_alpha_raw,311.98699951171875,-0.0005661365486943071,4.0,4.0,2485637.8139061774,0.0,99425.5125562471,2560445.7272259193,2461020.2146696723,-0.0005954038146001039,4.040012022802193,0.0,15.781827389880492,2575.2401585834637,0
2023-04-11,return_alpha_raw,309.9847717285156,-0.006417664153752445,4.0,4.0,2485637.8139061774,0.0,99425.5125562471,2543997.864637283,2444572.352081036,-0.00668335127464359,4.067194512431072,0.0,15.781827389880492,2558.697259114546,0
2023-04-12,return_alpha_raw,307.2464294433594,-0.008833796156781815,4.0,4.0,2485637.8139061774,0.0,99425.5125562471,2521508.924250399,2422083.4116941523,-0.00919953969361531,4.10495823868852,0.0,15.781827389880492,2536.0783760847385,0
2023-04-13,return_alpha_raw,313.2629699707031,0.019582133267566304,4.0,4.0,2485637.8139061774,0.0,99425.5125562471,2570869.6662130384,2471444.1536567914,0.020379455853716033,4.022972253252633,0.0,15.781827389880492,2585.72432780635,0
2023-04-14,return_alpha_raw,312.6740417480469,-0.001879980333172937,4.0,4.0,2485637.8139061774,0.0,99425.5125562471,2566020.699974017,2466595.1874177703,-0.0019619970905863093,4.0308808297130305,0.0,15.781827389880492,2580.8473439071945,0
2023-04-17,return_alpha_raw,312.93902587890625,0.0008474772302105027,4.0,4.0,2485637.8139061774,0.0,99425.5125562471,2568179.5622621044,2468754.0497058574,0.0008752398038800457,4.027355927500889,0.0,15.781827389880492,2583.0186802499325,0
2023-04-18,return_alpha_raw,312.9586486816406,6.270487574777661e-05,4.0,4.0,2485637.8139061774,0.0,99425.5125562471,2568324.8178150645,2468899.3052588175,5.8837595821925603e-05,4.027118981501929,0.0,15.781827389880492,2583.164775099459,0
2023-04-19,return_alpha_raw,312.8115234375,-0.0004701108109982366,4.0,4.0,2485637.8139061774,0.0,99425.5125562471,2567101.6387246647,2467676.1261684177,-0.0004954349850535555,4.029115146104118,0.0,15.781827389880492,2581.934528396222,0
2023-04-20,return_alpha_raw,310.42645263671875,-0.007624625763691828,4.0,4.0,2485637.8139061774,0.0,99425.5125562471,2547512.667604639,2448087.1550483922,-0.00793822613603734,4.0613551013171225,0.0,15.781827389880492,2562.2323708549734,0
2023-04-21,return_alpha_raw,310.7503356933594,0.0010433487671221986,2.0,4.0,2485637.8139061774,0.0,99425.5125562471,2550154.829978223,2450729.317421976,0.0010792762701012926,4.056976502849238,0.0,15.781827389880492,2564.8897998243124,0
2023-04-24,return_alpha_raw,310.1025695800781,-0.002084522650107279,4.0,2.0,2485637.8139061774,-49712.75627812355,49712.75627812355,2495187.228258257,2445474.471980133,-0.0021441965885365954,2.0328470751882546,34.79892939468648,7.890913694940246,5019.2091830488225,-1
2023-04-25,return_alpha_raw,304.25286865234375,-0.018863761547205704,2.0,4.0,2485637.8139061774,49712.75627812355,99425.5125562471,2496843.6737485207,2397418.1611922737,-0.019651119379278437,4.1471910977266155,34.79892939468648,15.781827389880492,2511.270608070543,1
2023-04-26,return_alpha_raw,306.09808349609375,0.006064740989701001,2.0,2.0,2485637.8139061774,-49712.75627812355,49712.75627812355,2461929.231763161,2412216.475485037,0.006172604567825646,2.0608745849863057,34.79892939468648,7.890913694940246,4952.308856080366,-1
2023-04-27,return_alpha_raw,314.42120361328125,0.027191023289414806,2.0,2.0,2485637.8139061774,0.0,49712.75627812355,2528863.715927229,2479150.959649105,0.027748124948284048,2.0052331256649176,0.0,7.890913694940246,5086.9513285065495,0
2023-04-28,return_alpha_raw,316.5902099609375,0.006898409912341696,0.0,2.0,2485637.8139061774,0.0,49712.75627812355,2546300.9635384474,2496588.2072603237,0.007033556203324798,1.9912277136275005,0.0,7.890913694940246,5122.027330958846,0
2023-05-01,return_alpha_raw,316.22698974609375,-0.001147288208591668,0.0,0.0,2496588.2072603237,-49712.75627812355,0.0,2493689.1420434318,2493689.1420434318,-0.001161210811002511,0.0,34.79892939468648,0.0,inf,-1
2023-05-02,return_alpha_raw,313.4691162109375,-0.008721183278412203,2.0,0.0,2496588.2072603237,0.0,0.0,2471941.2219962846,2471941.2219962846,-0.008721183278412203,0.0,0.0,0.0,inf,0
2023-05-03,return_alpha_raw,311.4177551269531,-0.006544061210176699,2.0,2.0,2496588.2072603237,49931.76414520647,49931.76414520647,2505327.045773705,2455395.2816284983,-0.006693500727506851,2.0335529891582302,34.95223490164453,7.925676848445471,5017.5015617072295,1
2023-05-04,return_alpha_raw,310.3185729980469,-0.0035296064877808897,2.0,2.0,2496588.2072603237,0.0,49931.76414520647,2496476.301502081,2446544.5373568744,-0.00360461076790608,2.0409096741459805,0.0,7.925676848445471,4999.7758826267045,0
2023-05-05,return_alpha_raw,316.91412353515625,0.021254127567642778,2.0,2.0,2496588.2072603237,0.0,49931.76414520647,2549528.801606955,2499597.0374617483,0.021684665574160933,1.9975925477936396,0.0,7.925676848445471,5106.025884029803,0
2023-05-08,return_alpha_raw,317.6993103027344,0.0024776010574076857,2.0,2.0,2496588.2072603237,0.0,49931.76414520647,2555837.5911848596,2505905.827039653,0.0025239226496727163,1.9925634717164638,0.0,7.925676848445471,5118.660706143354,0
2023-05-09,return_alpha_raw,315.687255859375,-0.006333203686977096,2.0,2.0,2496588.2072603237,0.0,49931.76414520647,2539643.0254522045,2489711.261306998,-0.0064625595893946786,2.0055242919612417,0.0,7.925676848445471,5086.227312270949,0
2023-05-10,return_alpha_raw,319.12249755859375,0.010881787704312584,2.0,2.0,2496588.2072603237,0.0,49931.76414520647,2567270.9560230654,2517339.1918778587,0.011096841228230403,1.9835135569457722,0.0,7.925676848445471,5141.558685083086,0
2023-05-11,return_alpha_raw,320.1628723144531,0.003260110972490571,4.0,2.0,2496588.2072603237,0.0,49931.76414520647,2575632.618559304,2525700.8544140975,0.0033216272813840764,1.9769468762677145,0.0,7.925676848445471,5158.304863952157,0
2023-05-12,return_alpha_raw,319.0144958496094,-0.0035868508317099534,4.0,4.0,2496588.2072603237,49931.76414520647,99863.52829041294,2616096.1966945534,2516232.6684041405,-0.0037487361155259524,3.9687716300793823,34.95223490164453,15.851353696890943,2619.671306912659,1
2023-05-15,return_alpha_raw,320.74200439453125,0.005415141215828312,4.0,4.0,2496588.2072603237,0.0,99863.52829041294,2630246.8756801486,2530383.3473897357,0.005623756166622584,3.9465770430962186,0.0,15.851353696890943,2633.841323962771,0
2023-05-16,return_alpha_raw,321.1051025390625,0.0011320567295720618,4.0,4.0,2496588.2072603237,0.0,99863.52829041294,2633208.613002501,2533345.084712088,0.0011704698125711843,3.9419630942920802,0.0,15.851353696890943,2636.8071087423145,0
2023-05-17,return_alpha_raw,324.9918212890625,0.012104194917074373,3.0,4.0,2496588.2072603237,0.0,99863.52829041294,2665065.6319579054,2565202.1036674925,0.012575080729289922,3.89300820187373,0.0,15.851353696890943,2668.707662929386,0
2023-05-18,return_alpha_raw,331.02801513671875,0.01857337155044081,0.0,3.0,2496588.2072603237,-24965.882072603228,74897.64621780971,2689105.6142470017,2614207.968029192,0.01910409487487774,2.8650224899388474,17.476117450822258,11.888515272668208,3590.3739971037517,-1
2023-05-19,return_alpha_raw,330.28204345703125,-0.002253500143724718,0.0,0.0,2496588.2072603237,-74897.64621780971,0.0,2608264.539792459,2608264.539792459,-0.0022735101068541708,0.0,52.428352352466796,0.0,inf,-1
2023-05-22,return_alpha_raw,331.3910827636719,0.0033578552894744096,0.0,0.0,2496588.2072603237,0.0,0.0,2617022.7146737496,2617022.7146737496,0.0033578552894744096,0.0,0.0,0.0,inf,0
2023-05-23,return_alpha_raw,327.19036865234375,-0.012676002251767904,1.0,0.0,2496588.2072603237,0.0,0.0,2583849.3288496174,2583849.3288496174,-0.012676002251767904,0.0,0.0,0.0,inf,0
2023-05-24,return_alpha_raw,325.5119323730469,-0.005129846230529811,1.0,1.0,2496588.2072603237,24965.882072603235,24965.882072603235,2595411.0407402427,2570445.1586676394,-0.005187674850973489,0.971266863578759,17.476117450822265,3.9628384242227357,10395.831531978452,1
2023-05-25,return_alpha_raw,333.43267822265625,0.024333196610844876,0.0,1.0,2496588.2072603237,0.0,24965.882072603235,2658561.725042108,2633595.8429695047,0.024567995192941172,0.947976969938296,0.0,3.9628384242227357,10648.77947156343,0
2023-05-26,return_alpha_raw,341.95196533203125,0.025550246468902138,0.0,0.0,2496588.2072603237,-24965.882072603235,0.0,2700866.9432202927,2700866.9432202927,0.025543441082795937,0.0,17.476117450822265,0.0,inf,-1
2023-05-30,return_alpha_raw,343.5028076171875,0.004535263552734481,0.0,0.0,2496588.2072603237,0.0,0.0,2713116.086628665,2713116.086628665,0.004535263552734481,0.0,0.0,0.0,inf,0
2023-05-31,return_alpha_raw,341.549560546875,-0.005686262315763302,0.0,0.0,2496588.2072603237,0.0,0.0,2697688.5968669774,2697688.5968669774,-0.005686262315763302,0.0,0.0,0.0,inf,0
2023-06-01,return_alpha_raw,345.4952087402344,0.011552198126215663,0.0,0.0,2697688.5968669774,0.0,0.0,2728852.8300208175,2728852.8300208175,0.011552198126215663,0.0,0.0,0.0,inf,0
2023-06-02,return_alpha_raw,348.08636474609375,0.0074998319522503465,0.0,0.0,2697688.5968669774,0.0,0.0,2749318.7676683962,2749318.7676683962,0.0074998319522503465,0.0,0.0,0.0,inf,0
2023-06-05,return_alpha_raw,348.33172607421875,0.000704886352856704,0.0,0.0,2697688.5968669774,0.0,0.0,2751256.7249473785,2751256.7249473785,0.000704886352856704,0.0,0.0,0.0,inf,0
2023-06-06,return_alpha_raw,348.2727966308594,-0.00016917621608436573,1.0,0.0,2697688.5968669774,0.0,0.0,2750791.277745175,2750791.277745175,-0.00016917621608436573,0.0,0.0,0.0,inf,0
2023-06-07,return_alpha_raw,342.3642272949219,-0.01696534840819075,4.0,1.0,2697688.5968669774,26976.885968669772,26976.885968669772,2730619.513524278,2703642.6275556083,-0.017140031877741935,0.9977977745179976,18.88382017806884,4.282045391852345,10122.070859829952,1
2023-06-08,return_alpha_raw,346.6141052246094,0.012413323562647127,4.0,4.0,2697688.5968669774,80930.65790600932,107907.54387467909,2846376.3705458557,2738468.8266711766,0.012881213944704983,3.940433530727796,56.65146053420652,17.12818156740938,2637.791824686104,1
2023-06-09,return_alpha_raw,347.9391784667969,0.0038229062874657327,4.0,4.0,2697688.5968669774,0.0,107907.54387467909,2857240.672487742,2749333.1286130627,0.003967290712267202,3.924862460341955,0.0,17.12818156740938,2647.8599826218488,0
2023-06-12,return_alpha_raw,353.8182678222656,0.01689688807502243,4.0,4.0,2697688.5968669774,0.0,107907.54387467909,2905502.0201526014,2797594.4762779223,0.017553837751631773,3.857154594408743,0.0,17.12818156740938,2692.584703370668,0
2023-06-13,return_alpha_raw,356.5369567871094,0.007683856974308068,3.0,4.0,2697688.5968669774,0.0,107907.54387467909,2927810.3539324496,2819902.8100577705,0.007974112749010054,3.8266405313617327,0.0,17.12818156740938,2713.258266106705,0
2023-06-14,return_alpha_raw,359.12811279296875,0.007267566395386504,1.0,3.0,2697688.5968669774,-26976.88596866977,80930.65790600932,2921883.6005983953,2840952.942692386,0.007464843312874336,2.8487151860146938,18.883820178068838,12.846136175557035,3610.354439465687,-1
2023-06-15,return_alpha_raw,363.4074401855469,0.011915879710160837,0.0,1.0,2697688.5968669774,-53953.77193733955,26976.885968669772,2902061.235796156,2875084.349827486,0.012014069864442645,0.9382989396567954,37.76764035613768,4.282045391852345,10757.584248851152,-1
2023-06-16,return_alpha_raw,361.1205749511719,-0.0062928409864349,1.0,0.0,2697688.5968669774,-26976.885968669772,0.0,2856973.1362041337,2856973.1362041337,-0.006299367747050311,0.0,18.88382017806884,0.0,inf,-1
2023-06-20,return_alpha_raw,360.6035461425781,-0.0014317345630712186,0.0,1.0,2697688.5968669774,26976.885968669772,26976.885968669772,2879797.832418937,2852820.946450267,-0.0014533527463906903,0.9456214208689406,18.88382017806884,4.282045391852345,10675.056549386227,1
2023-06-21,return_alpha_raw,355.68939208984375,-0.01362758105210471,0.0,0.0,2697688.5968669774,-26976.885968669772,0.0,2813925.271295986,2813925.271295986,-0.013634110196322768,0.0,18.88382017806884,0.0,inf,-1
2023-06-22,return_alpha_raw,359.8860778808594,0.011798737562450423,0.0,0.0,2697688.5968669774,0.0,0.0,2847126.0370923546,2847126.0370923546,0.011798737562450423,0.0,0.0,0.0,inf,0
2023-06-23,return_alpha_raw,356.31842041015625,-0.009913296706865693,0.0,0.0,2697688.5968669774,0.0,0.0,2818901.6319248155,2818901.6319248155,-0.009913296706865693,0.0,0.0,0.0,inf,0
2023-06-26,return_alpha_raw,351.5418395996094,-0.013405371535517574,4.0,0.0,2697688.5968669774,0.0,0.0,2781113.2082267865,2781113.2082267865,-0.013405371535517574,0.0,0.0,0.0,inf,0
2023-06-27,return_alpha_raw,357.58624267578125,0.01719397919478438,4.0,4.0,2697688.5968669774,107907.54387467909,107907.54387467909,2938600.5525920736,2830693.0087173944,0.017827321931356943,3.8120539225683365,75.53528071227537,17.12818156740938,2723.2577511030045,1
2023-06-28,return_alpha_raw,358.2841796875,0.0019518005125034321,3.0,4.0,2697688.5968669774,0.0,107907.54387467909,2944318.9864750984,2836411.4426004193,0.002020153321258933,3.8043685148777135,0.0,17.12818156740938,2728.557133961413,0
2023-06-29,return_alpha_raw,357.5665588378906,-0.002002937585006692,3.0,3.0,2697688.5968669774,-26976.88596866977,80930.65790600932,2911467.1542317616,2830536.496325752,-0.002071260250339768,2.8591985304221783,18.883820178068838,12.846136175557035,3597.4836107387896,-1
2023-06-30,return_alpha_raw,363.08038330078125,0.015420414260245208,0.0,3.0,2697688.5968669774,0.0,80930.65790600932,2956350.337718937,2875419.6798129277,0.015856776107793458,2.8145685471302957,0.0,12.846136175557035,3652.9424252949507,0
2023-07-03,return_alpha_raw,363.9354248046875,0.0023549647494944814,0.0,0.0,2875419.6798129277,-80930.65790600932,0.0,2882134.406926163,2882134.406926163,0.00233521637219658,0.0,56.65146053420652,0.0,inf,-1
2023-07-05,return_alpha_raw,363.9255676269531,-2.7084963602153067e-05,0.0,0.0,2875419.6798129277,0.0,0.0,2882056.3444206547,2882056.3444206547,-2.708496360226409e-05,0.0,0.0,0.0,inf,0
2023-07-06,return_alpha_raw,361.1539611816406,-0.007615860746979952,0.0,0.0,2875419.6798129277,0.0,0.0,2860107.004636597,2860107.004636597,-0.007615860746979952,0.0,0.0,0.0,inf,0
2023-07-07,return_alpha_raw,359.95489501953125,-0.003320096941997308,0.0,0.0,2875419.6798129277,0.0,0.0,2850611.172116718,2850611.172116718,-0.003320096941997308,0.0,0.0,0.0,inf,0
2023-07-10,return_alpha_raw,360.0727844238281,0.000327511601948105,0.0,0.0,2875419.6798129277,0.0,0.0,2851544.7803482288,2851544.7803482288,0.000327511601948105,0.0,0.0,0.0,inf,0
2023-07-11,return_alpha_raw,361.851806640625,0.004940729468470018,0.0,0.0,2875419.6798129277,0.0,0.0,2865633.491675157,2865633.491675157,0.004940729468470018,0.0,0.0,0.0,inf,0
2023-07-12,return_alpha_raw,366.4219970703125,0.01263000583613616,0.0,0.0,2875419.6798129277,0.0,0.0,2901826.4593992415,2901826.4593992415,0.01263000583613616,0.0,0.0,0.0,inf,0
2023-07-13,return_alpha_raw,372.6434020996094,0.01697879788615153,0.0,0.0,2875419.6798129277,0.0,0.0,2951095.984354068,2951095.984354068,0.01697879788615153,0.0,0.0,0.0,inf,0
2023-07-14,return_alpha_raw,372.5647277832031,-0.00021112494133257442,0.0,0.0,2875419.6798129277,0.0,0.0,2950472.9343875046,2950472.9343875046,-0.00021112494133257442,0.0,0.0,0.0,inf,0
2023-07-17,return_alpha_raw,376.0440368652344,0.00933880430048628,0.0,0.0,2875419.6798129277,0.0,0.0,2978026.823715631,2978026.823715631,0.00933880430048628,0.0,0.0,0.0,inf,0
2023-07-18,return_alpha_raw,379.1202392578125,0.008180431255397247,0.0,0.0,2875419.6798129277,0.0,0.0,3002388.367423766,3002388.367423766,0.008180431255397247,0.0,0.0,0.0,inf,0
2023-07-19,return_alpha_raw,379.0317687988281,-0.0002333572566781683,0.0,0.0,2875419.6798129277,0.0,0.0,3001687.7383108614,3001687.7383108614,-0.0002333572566781683,0.0,0.0,0.0,inf,0
2023-07-20,return_alpha_raw,370.29443359375,-0.02305172263730615,0.0,0.0,2875419.6798129277,0.0,0.0,2932493.6651235167,2932493.6651235167,-0.02305172263730615,0.0,0.0,0.0,inf,0
2023-07-21,return_alpha_raw,369.1837463378906,-0.002999470570162255,0.0,0.0,2875419.6798129277,0.0,0.0,2923697.7366777915,2923697.7366777915,-0.002999470570162255,0.0,0.0,0.0,inf,0
2023-07-24,return_alpha_raw,369.77349853515625,0.0015974489752479393,0.0,0.0,2875419.6798129277,0.0,0.0,2928368.194631182,2928368.194631182,0.0015974489752479393,0.0,0.0,0.0,inf,0
2023-07-25,return_alpha_raw,372.2797546386719,0.006777814292922679,0.0,0.0,2875419.6798129277,0.0,0.0,2948216.1304356935,2948216.1304356935,0.006777814292922679,0.0,0.0,0.0,inf,0
2023-07-26,return_alpha_raw,371.04132080078125,-0.0033266215056272364,3.0,0.0,2875419.6798129277,0.0,0.0,2938408.531252949,2938408.531252949,-0.0033266215056272364,0.0,0.0,0.0,inf,0
2023-07-27,return_alpha_raw,370.15679931640625,-0.0023838894343789496,3.0,3.0,2875419.6798129277,86262.59039438784,86262.59039438784,3017386.7077783635,2931124.1173839755,-0.0024790337325447664,2.942986613319435,60.383813276071486,13.692474665775848,3497.9087620520513,1
2023-07-28,return_alpha_raw,376.8990783691406,0.0182146567756849,4.0,3.0,2875419.6798129277,0.0,86262.59039438784,3072333.6785453944,2986071.0881510065,0.018746040278932563,2.8888324439657653,0.0,13.692474665775848,3561.6060965696174,0
2023-07-31,return_alpha_raw,377.0956726074219,0.0005216097612441573,4.0,4.0,2875419.6798129277,28754.19679812927,115016.7871925171,3102667.0379802035,2987650.2507876866,0.0005288429478274015,3.8497406837427914,20.12793775869049,18.256632887701127,2697.5775569064585,1
2023-08-01,return_alpha_raw,376.22088623046875,-0.002319799564138303,3.0,4.0,2987650.2507876866,4489.222838990361,119506.01003150747,3099926.176705575,2980420.1666740677,-0.002419990128266436,4.0097034427487275,3.142455987293253,18.969207941509122,2593.9500246793336,1
2023-08-02,return_alpha_raw,367.9650573730469,-0.021944100286777957,4.0,3.0,2987650.2507876866,-29876.502507876867,89629.5075236306,3002645.5147330794,2913016.0072094486,-0.02261565675145638,3.0768628562907225,20.913551755513808,14.226905956131843,3350.0636092878663,-1
2023-08-03,return_alpha_raw,367.3753662109375,-0.001602573805021712,4.0,4.0,2987650.2507876866,29876.502507876867,119506.01003150747,3027622.3276487873,2908116.31761728,-0.0016819988561828092,4.109395807435339,20.913551755513808,18.969207941509122,2533.447754510892,1
2023-08-04,return_alpha_raw,365.6553955078125,-0.00468178016633114,4.0,4.0,2987650.2507876866,0.0,119506.01003150747,3013428.6962761185,2893922.686244611,-0.004880695894687648,4.129550889508668,0.0,18.969207941509122,2521.570836045514,0
2023-08-07,return_alpha_raw,368.7513427734375,0.008466844202655421,4.0,4.0,2987650.2507876866,0.0,119506.01003150747,3038923.958355358,2919417.9483238505,0.008809932000057641,4.0934875426151445,0.0,18.969207941509122,2542.9047104443976,0
2023-08-08,return_alpha_raw,365.6160888671875,-0.008502352513944156,4.0,4.0,2987650.2507876866,0.0,119506.01003150747,3013066.9863904086,2893560.9763589012,-0.008856892854205656,4.130067104439848,0.0,18.969207941509122,2521.2681651709577,0
2023-08-09,return_alpha_raw,361.59625244140625,-0.010994692378653692,4.0,4.0,2987650.2507876866,0.0,119506.01003150747,2979920.2725508274,2860414.26251932,-0.011455336213889389,4.177926658995614,0.0,18.969207941509122,2493.531724274937,0
2023-08-10,return_alpha_raw,362.26458740234375,0.0018482906181274128,4.0,4.0,2987650.2507876866,0.0,119506.01003150747,2985409.062025409,2865903.051993902,0.0019188792149804623,4.169925076438411,0.0,18.969207941509122,2498.1246225510445,0
2023-08-11,return_alpha_raw,359.95489501953125,-0.006375705666883946,4.0,4.0,2987650.2507876866,0.0,119506.01003150747,2966356.0033427454,2846849.993311238,-0.0066481867449801335,4.197833054509037,0.0,18.969207941509122,2482.1814422225902,0
2023-08-14,return_alpha_raw,363.994384765625,0.011222210899158869,4.0,4.0,2987650.2507876866,0.0,119506.01003150747,2999626.106806302,2880120.0967747946,0.011686637350659668,4.149341208560443,0.0,18.969207941509122,2510.0211328413175,0
2023-08-15,return_alpha_raw,360.13177490234375,-0.01061172925996745,4.0,4.0,2987650.2507876866,0.0,119506.01003150747,2967775.917471802,2848269.9074402945,-0.011058632370978705,4.195740358711512,0.0,18.969207941509122,2483.369595126935,0
2023-08-16,return_alpha_raw,356.31842041015625,-0.010588775437050946,3.0,4.0,2987650.2507876866,0.0,119506.01003150747,2936331.8355262633,2816825.825494756,-0.011039712866887985,4.242577192734913,0.0,18.969207941509122,2457.0578791410626,0
2023-08-17,return_alpha_raw,352.4264221191406,-0.010922809678308387,3.0,3.0,2987650.2507876866,-29876.502507876867,89629.5075236306,2874673.762554356,2785044.255030725,-0.011282760253182755,3.2182435651329278,20.913551755513808,14.226905956131843,3207.2850135837857,-1
2023-08-18,return_alpha_raw,351.9841003417969,-0.0012550755266420577,1.0,3.0,2987650.2507876866,0.0,89629.5075236306,2871051.602961938,2781422.095438307,-0.0013005752371350043,3.222434583755848,0.0,14.226905956131843,3203.243755640398,0
2023-08-21,return_alpha_raw,357.6550598144531,0.016111408064027444,1.0,1.0,2987650.2507876866,-59753.00501575373,29876.502507876867,2856545.3335484946,2826668.8310406175,0.016267482622115415,1.0569509303598912,41.827103511027616,4.7423019853772805,9561.177158522398,-1
2023-08-22,return_alpha_raw,357.1439514160156,-0.0014290540128319984,1.0,1.0,2987650.2507876866,0.0,29876.502507876867,2852458.4336747653,2822581.931166888,-0.001445836112405452,1.058481320877923,0.0,4.7423019853772805,9547.497846920742,0
2023-08-23,return_alpha_raw,362.7756042480469,0.01576857961531397,1.0,1.0,2987650.2507876866,0.0,29876.502507876867,2897432.9092835546,2867556.4067756776,0.015933806956029306,1.0418802028543335,0.0,4.7423019853772805,9698.032453831078,0
2023-08-24,return_alpha_raw,355.02105712890625,-0.02137560251664128,1.0,1.0,2987650.2507876866,0.0,29876.502507876867,2835493.792794089,2805617.2902862118,-0.02159996446560264,1.0648816077416263,0.0,4.7423019853772805,9490.715293888627,0
2023-08-25,return_alpha_raw,357.77301025390625,0.00775152084570796,1.0,1.0,2987650.2507876866,0.0,29876.502507876867,2857468.4397348226,2827591.9372269455,0.007832375077247988,1.056605874225866,0.0,4.7423019853772805,9564.26689831401,0
2023-08-28,return_alpha_raw,360.46600341796875,0.007527099828327888,1.0,1.0,2987650.2507876866,0.0,29876.502507876867,2878972.147635018,2849095.645127141,0.007604954455091573,1.0486310826024805,0.0,4.7423019853772805,9636.242217026522,0
2023-08-29,return_alpha_raw,368.3384704589844,0.021839693525514958,1.0,1.0,2987650.2507876866,0.0,29876.502507876867,2941843.274705875,2911966.772197998,0.02206704684638683,1.0259905021280724,0.0,4.7423019853772805,9846.678920768136,0
2023-08-30,return_alpha_raw,370.3926696777344,0.00557693367241896,1.0,1.0,2987650.2507876866,0.0,29876.502507876867,2958244.9972215765,2928368.4947136994,0.005632523925855448,1.0202439536489354,0.0,4.7423019853772805,9901.577322986994,0
2023-08-31,return_alpha_raw,371.5033264160156,0.0029985926537035024,1.0,1.0,2987650.2507876866,0.0,29876.502507876867,2967110.826636115,2937234.324128238,0.0030275661791003827,1.0171644210491826,0.0,4.7423019853772805,9931.25224699191,0
2023-09-01,return_alpha_raw,371.110107421875,-0.0010584534947079005,1.0,1.0,2937234.324128238,-504.15926659448814,29372.34324128238,2963461.6373603684,2934089.294119086,-0.001070745355015279,1.0010718930795512,0.3529114866161417,4.662276704965457,10089.292546449848,-1
2023-09-05,return_alpha_raw,371.58184814453125,0.001271161073821192,4.0,1.0,2937234.324128238,0.0,29372.34324128238,2967224.0121608386,2937851.6689195563,0.0012822973070421018,0.9997898652277617,0.0,4.662276704965457,10102.101789381417,0
2023-09-06,return_alpha_raw,368.3090515136719,-0.008807740871094372,4.0,4.0,2937234.324128238,88117.02972384714,117489.37296512951,3028350.601965694,2910861.2290005647,-0.00918713500907209,4.036240951461267,61.681920806693,18.649106819861828,2577.552782466972,1
2023-09-07,return_alpha_raw,365.675048828125,-0.0071516099719017845,1.0,4.0,2937234.324128238,0.0,117489.37296512951,3006674.370495442,2889184.9975303123,-0.007446672913945407,4.066523018275394,0.0,18.649106819861828,2559.103257268905,0
2023-09-08,return_alpha_raw,366.1861267089844,0.0013976285297485624,3.0,1.0,2937234.324128238,-88117.02972384714,29372.34324128238,2922569.96937084,2893197.626129558,0.0013888444674452494,1.0152207708180625,61.681920806693,4.662276704965457,9950.074276890558,-1
2023-09-11,return_alpha_raw,370.5007629394531,0.011782631606624738,4.0,3.0,2937234.324128238,58744.686482564764,88117.02972384714,3016386.795519204,2928269.7657953566,0.0121222758338555,3.009184152127234,41.121280537795336,13.986830114896373,3423.1598647529972,1
2023-09-12,return_alpha_raw,366.39251708984375,-0.011088360026618171,4.0,4.0,2937234.324128238,29372.343241282375,117489.37296512951,3011947.6831122404,2894458.310147111,-0.01154656447407676,4.059114361856472,20.56064026889766,18.649106819861828,2563.5915888377217,1
2023-09-13,return_alpha_raw,367.78814697265625,0.003809111315639324,4.0,4.0,2937234.324128238,0.0,117489.37296512951,3023401.8780072774,2905912.505042148,0.003957284461441946,4.04311460724539,0.0,18.649106819861828,2573.3407215515685,0
2023-09-14,return_alpha_raw,370.7956237792969,0.008177198834154353,1.0,4.0,2937234.324128238,0.0,117489.37296512951,3048106.187212479,2930616.8142473493,0.00850139471244793,4.0090322417434,0.0,18.649106819861828,2594.3675672838494,0
2023-09-15,return_alpha_raw,364.44647216796875,-0.017123048936271257,1.0,1.0,2937234.324128238,-88117.02972384714,29372.34324128238,2909239.830279158,2879867.4870378757,-0.017316943983516686,1.0199199572023947,61.681920806693,4.662276704965457,9904.690975387573,-1
2023-09-18,return_alpha_raw,364.826416015625,0.0010425230498078975,4.0,1.0,2937234.324128238,0.0,29372.34324128238,2912268.1175829386,2882895.7743416564,0.001051537029884475,1.0188486001714685,0.0,4.662276704965457,9915.00097101477,0
2023-09-19,return_alpha_raw,364.0487976074219,-0.0021314750633896207,1.0,4.0,2937234.324128238,88117.02972384714,117489.37296512951,2993909.7016305863,2876420.3286654567,-0.0022461601747216786,4.084568996897608,61.681920806693,18.649106819861828,2548.2387266797055,1
2023-09-20,return_alpha_raw,358.8027648925781,-0.014410245959666335,1.0,1.0,2937234.324128238,-88117.02972384714,29372.34324128238,2863854.0294509055,2834481.6862096232,-0.014580150904193956,1.0362509443678993,61.681920806693,4.662276704965457,9750.172146380894,-1
2023-09-21,return_alpha_raw,352.2279052734375,-0.018324439671218995,0.0,1.0,2937234.324128238,0.0,29372.34324128238,2811370.84678435,2781998.5035430677,-0.018515971693131017,1.0558001093054028,0.0,4.662276704965457,9571.489832084666,0
2023-09-22,return_alpha_raw,352.277099609375,0.00013966620815941688,0.0,0.0,2937234.324128238,-29372.34324128238,0.0,2782366.491213267,2782366.491213267,0.00013227457517706043,0.0,20.560640268897664,0.0,inf,-1
2023-09-25,return_alpha_raw,353.9503173828125,0.004749720533332669,0.0,0.0,2937234.324128238,0.0,0.0,2795581.9544678396,2795581.9544678396,0.004749720533332669,0.0,0.0,0.0,inf,0
2023-09-26,return_alpha_raw,348.6352844238281,-0.015016324885042898,0.0,0.0,2937234.324128238,0.0,0.0,2753602.587596787,2753602.587596787,-0.015016324885042898,0.0,0.0,0.0,inf,0
2023-09-27,return_alpha_raw,349.4522399902344,0.0023432957101756635,0.0,0.0,2937234.324128238,0.0,0.0,2760055.092727831,2760055.092727831,0.0023432957101756635,0.0,0.0,0.0,inf,0
2023-09-28,return_alpha_raw,352.37548828125,0.008365229798204421,0.0,0.0,2937234.324128238,0.0,0.0,2783143.5878342036,2783143.5878342036,0.008365229798204421,0.0,0.0,0.0,inf,0
2023-09-29,return_alpha_raw,352.6313781738281,0.0007261852798736701,0.0,0.0,2937234.324128238,0.0,0.0,2785164.6657394636,2785164.6657394636,0.0007261852798736701,0.0,0.0,0.0,inf,0
2023-10-02,return_alpha_raw,355.5743408203125,0.008345719719342837,0.0,0.0,2785164.6657394636,0.0,0.0,2808408.8694119425,2808408.8694119425,0.008345719719342837,0.0,0.0,0.0,inf,0
2023-10-03,return_alpha_raw,349.3341064453125,-0.017549731964921156,0.0,0.0,2785164.6657394636,0.0,0.0,2759122.046505856,2759122.046505856,-0.017549731964921045,0.0,0.0,0.0,inf,0
2023-10-04,return_alpha_raw,354.088134765625,0.013608829577757664,2.0,0.0,2785164.6657394636,0.0,0.0,2796670.468220988,2796670.468220988,0.013608829577757664,0.0,0.0,0.0,inf,0
2023-10-05,return_alpha_raw,353.0447998046875,-0.0029465403059272255,0.0,2.0,2785164.6657394636,55703.293314789276,55703.293314789276,2843921.4080743324,2788218.114759543,-0.00302229152754685,1.9978097488113173,38.99230532035249,8.841792589649092,5105.481631046164,1
2023-10-06,return_alpha_raw,358.960205078125,0.016755395566540043,0.0,0.0,2785164.6657394636,-55703.293314789276,0.0,2834896.1665613116,2834896.1665613116,0.01674117657965013,0.0,38.99230532035249,0.0,inf,-1
2023-10-09,return_alpha_raw,360.7908935546875,0.005099976127337147,2.0,0.0,2785164.6657394636,0.0,0.0,2849354.0693342537,2849354.0693342537,0.005099976127337147,0.0,0.0,0.0,inf,0
2023-10-10,return_alpha_raw,362.7890319824219,0.0055382174645477455,1.0,2.0,2785164.6657394636,55703.293314789276,55703.293314789276,2921098.152024603,2865394.8587098136,0.0056296230602566055,1.944000602411582,38.99230532035249,8.841792589649092,5244.031327765406,1
2023-10-11,return_alpha_raw,365.37762451171875,0.0071352557577382125,2.0,1.0,2785164.6657394636,-27851.646657394638,27851.646657394638,2913866.5029941946,2886014.8563368,0.007196215057170496,0.9650555538978255,19.496152660176246,4.420896294824546,10462.097766921657,-1
2023-10-12,return_alpha_raw,364.10791015625,-0.003475074198004191,1.0,2.0,2785164.6657394636,27851.646657394638,55703.293314789276,2931467.1906172615,2875763.897302472,-0.003551942572928901,1.9369911892641865,19.496152660176246,8.841792589649092,5262.646095359239,1
2023-10-13,return_alpha_raw,359.53106689453125,-0.012570018761071888,4.0,1.0,2785164.6657394636,-27851.646657394638,27851.646657394638,2867093.3701154008,2839241.723458006,-0.012699990384719917,0.980953697153802,19.496152660176246,4.420896294824546,10294.161079176927,-1
2023-10-16,return_alpha_raw,363.5960998535156,0.011306485957100598,4.0,4.0,2785164.6657394636,83554.93997218391,111406.58662957855,2983932.940427844,2872526.3537982656,0.011723070306152383,3.8783486348965455,58.48845798052874,17.683585179298184,2678.4169865550903,1
2023-10-17,return_alpha_raw,362.4051513671875,-0.0032754710152499422,4.0,4.0,2785164.6657394636,0.0,111406.58662957855,2974141.4709848436,2862734.884355265,-0.0034086613096006024,3.8916138283852693,0.0,17.683585179298184,2669.6280363330025,0
2023-10-18,return_alpha_raw,357.6511535644531,-0.01311790901646881,4.0,4.0,2785164.6657394636,0.0,111406.58662957855,2935109.270181178,2823702.6835515997,-0.013634584542555728,3.9454078249291267,0.0,17.683585179298184,2634.5922256286985,0
2023-10-19,return_alpha_raw,354.3046569824219,-0.009356873446874414,2.0,4.0,2785164.6657394636,0.0,111406.58662957855,2907628.1406021654,2796221.553972587,-0.009732302816119254,3.984183101346294,0.0,17.683585179298184,2609.9248065734987,0
2023-10-20,return_alpha_raw,349.0191650390625,-0.014917929638225469,2.0,2.0,2785164.6657394636,-55703.293314789276,55703.293314789276,2809332.7806685935,2753629.487353804,-0.015232007119848068,2.0229044455911636,38.99230532035249,8.841792589649092,5043.387228098977,-1
2023-10-23,return_alpha_raw,350.07232666015625,0.003017489371897053,2.0,2.0,2785164.6657394636,0.0,55703.293314789276,2817801.0706837936,2762097.777369004,0.003075319339109095,2.0167024415713706,0.0,8.841792589649092,5058.589722442254,0
2023-10-24,return_alpha_raw,353.4778747558594,0.009728127122168084,2.0,2.0,2785164.6657394636,0.0,55703.293314789276,2845204.155911797,2789500.862597008,0.009921113384373292,1.9968910589591953,0.0,8.841792589649092,5107.784453305192,0
2023-10-25,return_alpha_raw,344.82623291015625,-0.024475766274420052,2.0,2.0,2785164.6657394636,0.0,55703.293314789276,2775556.7621961017,2719853.4688813123,-0.024967690331113235,2.048025526084693,0.0,8.841792589649092,4982.751641830105,0
2023-10-26,return_alpha_raw,338.2513732910156,-0.019067167725762002,0.0,2.0,2785164.6657394636,0.0,55703.293314789276,2722625.914086346,2666922.6207715566,-0.01946091902205538,2.0886730226418786,0.0,8.841792589649092,4887.728807523641,0
2023-10-27,return_alpha_raw,339.8753356933594,0.004801051911610621,0.0,0.0,2785164.6657394636,-55703.293314789276,0.0,2679687.475208727,2679687.475208727,0.004786361005658879,0.0,38.99230532035249,0.0,inf,-1
2023-10-30,return_alpha_raw,343.7041320800781,0.01126529637376561,0.0,0.0,2785164.6657394636,0.0,0.0,2709874.9488060214,2709874.9488060214,0.01126529637376561,0.0,0.0,0.0,inf,0
2023-10-31,return_alpha_raw,345.3478698730469,0.004782420807748045,0.0,0.0,2785164.6657394636,0.0,0.0,2722834.7111475863,2722834.7111475863,0.004782420807748045,0.0,0.0,0.0,inf,0
2023-11-01,return_alpha_raw,351.3420104980469,0.017356819450496497,0.0,0.0,2722834.7111475863,0.0,0.0,2770094.46162252,2770094.46162252,0.017356819450496497,0.0,0.0,0.0,inf,0
2023-11-02,return_alpha_raw,357.72003173828125,0.018153312298728963,0.0,0.0,2722834.7111475863,0.0,0.0,2820380.851481333,2820380.851481333,0.018153312298728963,0.0,0.0,0.0,inf,0
2023-11-03,return_alpha_raw,361.9228210449219,0.011748822916675561,0.0,0.0,2722834.7111475863,0.0,0.0,2853517.00666297,2853517.00666297,0.011748822916675561,0.0,0.0,0.0,inf,0
2023-11-06,return_alpha_raw,363.3992004394531,0.004079265823218048,0.0,0.0,2722834.7111475863,0.0,0.0,2865157.2610642216,2865157.2610642216,0.004079265823218048,0.0,0.0,0.0,inf,0
2023-11-07,return_alpha_raw,366.8343200683594,0.00945274404773655,2.0,0.0,2722834.7111475863,0.0,0.0,2892240.8593095755,2892240.8593095755,0.00945274404773655,0.0,0.0,0.0,inf,0
2023-11-08,return_alpha_raw,367.0705261230469,0.0006439039145613723,2.0,2.0,2722834.7111475863,54456.69422295173,54456.69422295173,2948548.155471186,2894091.4612482344,0.0006398505617892791,1.881650768544278,38.11968595606621,8.643919717928846,5414.482457197097,1
2023-11-09,return_alpha_raw,364.2457275390625,-0.007695520023957125,2.0,2.0,2722834.7111475863,0.0,54456.69422295173,2925848.900179438,2871392.205956486,-0.00784330958288304,1.8965258075850953,0.0,8.643919717928846,5372.799326012499,0
2023-11-10,return_alpha_raw,372.4347839355469,0.02248223047614517,0.0,2.0,2722834.7111475863,0.0,54456.69422295173,2991619.8655719296,2937163.171348978,0.022905601420821098,1.8540575053561257,0.0,8.643919717928846,5493.575965746116,0
2023-11-13,return_alpha_raw,371.2732849121094,-0.003118664189106779,1.0,0.0,2722834.7111475863,-54456.69422295173,0.0,2927965.1449454715,2927965.1449454715,-0.0031316021163652064,0.0,38.11968595606621,0.0,inf,-1
2023-11-14,return_alpha_raw,379.2655334472656,0.021526592027886426,0.0,1.0,2722834.7111475863,27228.347111475865,27228.347111475865,3018784.944627621,2991556.5975161456,0.021718650811281437,0.9101732233340744,19.059842978033107,4.321959858964423,11086.919570506361,1
2023-11-15,return_alpha_raw,379.5509948730469,0.0007526690421526538,0.0,0.0,2722834.7111475863,-27228.347111475865,0.0,2993789.1753662117,2993789.1753662117,0.0007462930341748386,0.0,19.059842978033107,0.0,inf,-1
2023-11-16,return_alpha_raw,379.875732421875,0.0008555834478494173,0.0,0.0,2722834.7111475863,0.0,0.0,2996350.6118310057,2996350.6118310057,0.0008555834478494173,0.0,0.0,0.0,inf,0
2023-11-17,return_alpha_raw,379.9643249511719,0.00023321450078439554,0.0,0.0,2722834.7111475863,0.0,0.0,2997049.404243119,2997049.404243119,0.00023321450078439554,0.0,0.0,0.0,inf,0
2023-11-20,return_alpha_raw,384.59033203125,0.012174845837625847,0.0,0.0,2722834.7111475863,0.0,0.0,3033538.0187075273,3033538.0187075273,0.012174845837625847,0.0,0.0,0.0,inf,0
2023-11-21,return_alpha_raw,382.35614013671875,-0.005809277323044371,0.0,0.0,2722834.7111475863,0.0,0.0,3015915.3550868565,3015915.3550868565,-0.005809277323044482,0.0,0.0,0.0,inf,0
2023-11-22,return_alpha_raw,383.9210510253906,0.004092809620141802,0.0,0.0,2722834.7111475863,0.0,0.0,3028258.9224656895,3028258.9224656895,0.004092809620141802,0.0,0.0,0.0,inf,0
2023-11-24,return_alpha_raw,383.3797302246094,-0.0014099794719134584,0.0,0.0,2722834.7111475863,0.0,0.0,3023989.139549374,3023989.139549374,-0.0014099794719134584,0.0,0.0,0.0,inf,0
2023-11-27,return_alpha_raw,383.04510498046875,-0.0008728297762236048,0.0,0.0,2722834.7111475863,0.0,0.0,3021349.7117853984,3021349.7117853984,-0.0008728297762237158,0.0,0.0,0.0,inf,0
2023-11-28,return_alpha_raw,384.04901123046875,0.0026208564916949673,0.0,0.0,2722834.7111475863,0.0,0.0,3029268.235791212,3029268.235791212,0.0026208564916949673,0.0,0.0,0.0,inf,0
2023-11-29,return_alpha_raw,383.6750183105469,-0.0009738156042210511,0.0,0.0,2722834.7111475863,0.0,0.0,3026318.287113827,3026318.287113827,-0.0009738156042210511,0.0,0.0,0.0,inf,0
2023-11-30,return_alpha_raw,382.71038818359375,-0.002514185393671764,0.0,0.0,2722834.7111475863,0.0,0.0,3018709.561879764,3018709.561879764,-0.002514185393671764,0.0,0.0,0.0,inf,0
2023-12-01,return_alpha_raw,383.8029479980469,0.0028547952921753605,0.0,0.0,3018709.561879764,0.0,0.0,3027327.3597254627,3027327.3597254627,0.0028547952921753605,0.0,0.0,0.0,inf,0
2023-12-04,return_alpha_raw,380.23992919921875,-0.009283458653491783,3.0,0.0,3018709.561879764,0.0,0.0,2999223.291350867,2999223.291350867,-0.009283458653491672,0.0,0.0,0.0,inf,0
2023-12-05,return_alpha_raw,381.1946716308594,0.002510894722843382,3.0,3.0,3018709.561879764,90561.28685639292,90561.28685639292,3097464.7751182667,3006903.488261874,0.002560728617023944,3.01177896829477,63.39290079947504,14.374807437522687,3420.296776513407,1
2023-12-06,return_alpha_raw,378.9898986816406,-0.0057838503874834135,1.0,3.0,3018709.561879764,0.0,90561.28685639292,3079535.127471045,2988973.8406146523,-0.005962827778548285,3.02984541469824,0.0,14.374807437522687,3400.4984186613888,0
2023-12-07,return_alpha_raw,384.2852783203125,0.013972350337284611,1.0,1.0,3018709.561879764,-60374.19123759528,30187.095618797637,3061298.066524256,3031110.9709054586,0.014097523945589607,0.9959086258653241,42.261933866316696,4.791602479174228,10141.081822452545,-1
2023-12-08,return_alpha_raw,385.9979248046875,0.004456705944762884,1.0,1.0,3018709.561879764,0.0,30187.095618797637,3074936.5802135463,3044749.484594749,0.00449950985635339,0.9914475976277402,0.0,4.791602479174228,10186.261769081122,0
2023-12-11,return_alpha_raw,389.29510498046875,0.008541963476745629,1.0,1.0,3018709.561879764,0.0,30187.095618797637,3101197.7845725603,3071010.688953763,0.008625078842080525,0.9829694089759691,0.0,4.791602479174228,10273.256572061311,0
2023-12-12,return_alpha_raw,392.39556884765625,0.00796430221577804,0.0,1.0,3018709.561879764,0.0,30187.095618797637,3125891.869357318,3095704.7737385207,0.008041028601294409,0.9751283738320519,0.0,4.791602479174228,10355.060019125562,0
2023-12-13,return_alpha_raw,397.38580322265625,0.012717356594150075,0.0,0.0,3018709.561879764,-30187.095618797637,0.0,3135052.5555593916,3135052.5555593916,0.012710443888146461,0.0,21.130966933158344,0.0,inf,-1
2023-12-14,return_alpha_raw,397.0412902832031,-0.0008669482821460628,0.0,0.0,3018709.561879764,0.0,0.0,3132334.627131912,3132334.627131912,-0.0008669482821460628,0.0,0.0,0.0,inf,0
2023-12-15,return_alpha_raw,398.9606018066406,0.004834035074962717,0.0,0.0,3018709.561879764,0.0,0.0,3147476.442585988,3147476.442585988,0.004834035074962717,0.0,0.0,0.0,inf,0
2023-12-18,return_alpha_raw,401.4734802246094,0.0062985628319927045,0.0,0.0,3018709.561879764,0.0,0.0,3167301.0207218328,3167301.0207218328,0.0062985628319927045,0.0,0.0,0.0,inf,0
2023-12-19,return_alpha_raw,403.5248718261719,0.0051096565591699505,0.0,0.0,3018709.561879764,0.0,0.0,3183484.8411572296,3183484.8411572296,0.0051096565591699505,0.0,0.0,0.0,inf,0
2023-12-20,return_alpha_raw,397.528564453125,-0.01485982102146588,0.0,0.0,3018709.561879764,0.0,0.0,3136178.8261930835,3136178.8261930835,-0.01485982102146588,0.0,0.0,0.0,inf,0
2023-12-21,return_alpha_raw,402.1539611816406,0.011635382063371225,0.0,0.0,3018709.561879764,0.0,0.0,3172669.4650548953,3172669.4650548953,0.011635382063371225,0.0,0.0,0.0,inf,0
2023-12-22,return_alpha_raw,402.755615234375,0.0014960788921898338,0.0,0.0,3018709.561879764,0.0,0.0,3177416.028873459,3177416.028873459,0.0014960788921898338,0.0,0.0,0.0,inf,0
2023-12-26,return_alpha_raw,405.2211608886719,0.00612169156937048,0.0,0.0,3018709.561879764,0.0,0.0,3196867.1897897962,3196867.1897897962,0.00612169156937048,0.0,0.0,0.0,inf,0
2023-12-27,return_alpha_raw,406.046142578125,0.002035880080013319,0.0,0.0,3018709.561879764,0.0,0.0,3203375.6280199373,3203375.6280199373,0.002035880080013319,0.0,0.0,0.0,inf,0
2023-12-28,return_alpha_raw,405.8487548828125,-0.00048612134093728443,0.0,0.0,3018709.561879764,0.0,0.0,3201818.3987641186,3201818.3987641186,-0.00048612134093728443,0.0,0.0,0.0,inf,0
2023-12-29,return_alpha_raw,404.0923156738281,-0.004327817167978143,0.0,0.0,3018709.561879764,0.0,0.0,3187961.514129199,3187961.514129199,-0.004327817167978143,0.0,0.0,0.0,inf,0
2024-01-02,return_alpha_raw,397.25421142578125,-0.016922133836285047,0.0,0.0,3187961.514129199,0.0,0.0,3134014.402722179,3134014.402722179,-0.016922133836285047,0.0,0.0,0.0,inf,0
2024-01-03,return_alpha_raw,393.0506591796875,-0.010581517137368546,2.0,0.0,3187961.514129199,0.0,0.0,3100851.7756110146,3100851.7756110146,-0.010581517137368435,0.0,0.0,0.0,inf,0
2024-01-04,return_alpha_raw,391.0278015136719,-0.005146557113623551,4.0,2.0,3187961.514129199,63759.23028258398,63759.23028258398,3148269.6323337886,3084510.4020512043,-0.0052699628174229796,2.0670778169586974,44.63146119780878,10.1205127432673,4937.747238134001,1
2024-01-05,return_alpha_raw,391.49163818359375,0.0011861987002621532,2.0,4.0,3187961.514129199,63759.23028258398,127518.46056516796,3215774.041649947,3088255.581084779,0.001214189140384736,4.12914207445149,44.63146119780878,20.2410254865346,2521.8105891472355,1
2024-01-08,return_alpha_raw,399.5829162597656,0.0206678183823108,0.0,2.0,3187961.514129199,-63759.23028258398,63759.23028258398,3217104.4066181816,3153345.1763355974,0.021076492389258572,2.02195531149167,44.63146119780878,10.1205127432673,5045.707723195245,-1
2024-01-09,return_alpha_raw,400.3723449707031,0.0019756317870813778,0.0,0.0,3187961.514129199,-63759.23028258398,0.0,3159530.3056650744,3159530.3056650744,0.001961450137426546,0.0,44.63146119780878,0.0,inf,-1
2024-01-10,return_alpha_raw,403.08587646484375,0.006777519796826059,0.0,0.0,3187961.514129199,0.0,0.0,3180944.0848603914,3180944.0848603914,0.006777519796826059,0.0,0.0,0.0,inf,0
2024-01-11,return_alpha_raw,403.9245910644531,0.002080734276688423,1.0,0.0,3187961.514129199,0.0,0.0,3187562.78424999,3187562.78424999,0.002080734276688423,0.0,0.0,0.0,inf,0
2024-01-12,return_alpha_raw,404.13177490234375,0.0005129270227015592,3.0,1.0,3187961.514129199,31879.61514129199,31879.61514129199,3221066.350962649,3189186.735821357,0.0005094649678403229,0.9996158200213252,22.31573059890439,5.06025637163365,10103.843276296555,1
2024-01-16,return_alpha_raw,404.0923156738281,-9.763951009578165e-05,1.0,3.0,3187961.514129199,63759.23028258399,95638.84542387597,3284445.0446122116,3188806.199188336,-0.00011932090044997068,2.99920532794434,44.63146119780879,15.180769114900949,3434.2165362362884,1
2024-01-17,return_alpha_raw,401.81292724609375,-0.005640761626296897,3.0,1.0,3187961.514129199,-63759.23028258399,31879.61514129199,3202469.253415662,3170589.6382743698,-0.005712658523620129,1.0054790678822392,44.63146119780879,5.06025637163365,10045.50788716289,-1
2024-01-18,return_alpha_raw,407.5163269042969,0.014194166666793295,1.0,3.0,3187961.514129199,63759.23028258399,95638.84542387597,3312529.429430975,3216890.5840070993,0.014603260281242036,2.973021398344984,44.63146119780879,15.180769114900949,3463.581575822758,1
2024-01-19,return_alpha_raw,415.5977783203125,0.019830988067168986,0.0,1.0,3187961.514129199,-63759.23028258399,31879.61514129199,3313145.9453971325,3281266.3302558404,0.020011792309252874,0.971564388033273,44.63146119780879,5.06025637163365,10392.678615200059,-1
2024-01-22,return_alpha_raw,416.14056396484375,0.0013060359627643514,0.0,0.0,3187961.514129199,-31879.61514129199,0.0,3285529.437210817,3285529.437210817,0.0012992261297619656,0.0,22.31573059890439,0.0,inf,-1
2024-01-23,return_alpha_raw,417.8673400878906,0.004149502049487275,0.0,0.0,3187961.514129199,0.0,0.0,3299162.748344174,3299162.748344174,0.004149502049487275,0.0,0.0,0.0,inf,0
2024-01-24,return_alpha_raw,420.1861877441406,0.005549243584727748,0.0,0.0,3187961.514129199,0.0,0.0,3317470.606060396,3317470.606060396,0.005549243584727748,0.0,0.0,0.0,inf,0
2024-01-25,return_alpha_raw,420.6993103027344,0.0012211790238716436,0.0,0.0,3187961.514129199,0.0,0.0,3321521.8315768274,3321521.8315768274,0.0012211790238716436,0.0,0.0,0.0,inf,0
2024-01-26,return_alpha_raw,418.19293212890625,-0.0059576474513935995,1.0,0.0,3187961.514129199,0.0,0.0,3301733.3755021854,3301733.3755021854,-0.0059576474513935995,0.0,0.0,0.0,inf,0
2024-01-29,return_alpha_raw,422.47540283203125,0.010240418653955086,1.0,1.0,3187961.514129199,31879.61514129199,31879.61514129199,3367722.9787885356,3335843.3636472435,0.010330933563001521,0.9556688269210705,22.31573059890439,5.06025637163365,10563.87589330243,1
2024-01-30,return_alpha_raw,419.6632080078125,-0.006656469951546118,1.0,1.0,3187961.514129199,0.0,31879.61514129199,3345300.7717187265,3313421.1565774344,-0.006721600694492347,0.9621359203917719,0.0,5.06025637163365,10493.541897830926,0
2024-01-31,return_alpha_raw,411.44366455078125,-0.01958604733555347,4.0,1.0,3187961.514129199,0.0,31879.61514129199,3279774.4921958083,3247894.877054516,-0.019776018932227357,0.9815470126977539,0.0,5.06025637163365,10287.999016486521,0
2024-02-01,return_alpha_raw,416.28857421875,0.011775390133321073,4.0,4.0,3247894.877054516,98036.17994088866,129915.79508218064,3417495.655626882,3287579.860544701,0.012218678557162743,3.9517152614706554,68.62532595862206,20.62155477494931,2630.546696392907,1
2024-02-02,return_alpha_raw,423.3240051269531,0.01690036994507116,3.0,4.0,3247894.877054516,0.0,129915.79508218064,3475231.9749378744,3345316.1798556936,0.017561951879528248,3.8835131897094644,0.0,20.62155477494931,2674.9880357038587,0
2024-02-05,return_alpha_raw,422.7714538574219,-0.0013052679811189627,4.0,3.0,3247894.877054516,-32478.94877054516,97436.84631163548,3438221.1391207646,3340784.292809129,-0.0013546961790499301,2.9165859801652987,22.735264139381613,15.466166081211982,3528.666279001055,-1
2024-02-06,return_alpha_raw,421.9228515625,-0.0020072365037400175,4.0,4.0,3247894.877054516,32478.94877054516,129915.79508218064,3463690.2607974983,3333774.4657153175,-0.002098257917729107,3.896958130138687,22.735264139381613,20.62155477494931,2666.104039625418,1
2024-02-07,return_alpha_raw,426.2644958496094,0.010290137808443012,3.0,4.0,3247894.877054516,0.0,129915.79508218064,3499311.489352091,3369395.6942699105,0.010684954522545809,3.8557595150702877,0.0,20.62155477494931,2693.522744588937,0
2024-02-08,return_alpha_raw,427.053955078125,0.0018520407779731851,3.0,3.0,3247894.877054516,-32478.94877054516,97436.84631163548,3473215.012280251,3375778.1659686156,0.0018942481910211306,2.886352168928074,22.735264139381613,15.466166081211982,3564.5806938083283,-1
2024-02-09,return_alpha_raw,431.2574462890625,0.009842997965370692,3.0,3.0,3247894.877054516,0.0,97436.84631163548,3507386.394413339,3409949.5481017036,0.010122520039252514,2.8574277987742644,0.0,15.466166081211982,3599.65098130901,0
2024-02-12,return_alpha_raw,429.5701599121094,-0.003912480564618903,3.0,3.0,3247894.877054516,0.0,97436.84631163548,3493648.3471465064,3396211.500834871,-0.0040288124715747164,2.8689864069915303,0.0,15.466166081211982,3585.551543789354,0
2024-02-13,return_alpha_raw,422.8701477050781,-0.015597014951881372,4.0,3.0,3247894.877054516,0.0,97436.84631163548,3439142.395473365,3341705.54916173,-0.01604904513742511,2.9157819226795016,0.0,15.466166081211982,3529.611769734257,0
2024-02-14,return_alpha_raw,427.4782409667969,0.01089718270898743,3.0,4.0,3247894.877054516,32478.94877054516,129915.79508218064,3509408.631759315,3379492.836677134,0.01130778488992945,3.8442393980606737,22.735264139381613,20.62155477494931,2701.294811411786,1
2024-02-15,return_alpha_raw,428.75115966796875,0.002977739167011162,3.0,3.0,3247894.877054516,-32478.94877054516,97436.84631163548,3487244.8035568423,3389807.957245207,0.0030522688067642356,2.8744060885035925,22.735264139381613,15.466166081211982,3578.9795498958083,-1
2024-02-16,return_alpha_raw,424.86334228515625,-0.009067771118854262,4.0,3.0,3247894.877054516,0.0,97436.84631163548,3455607.7996766935,3358170.953365058,-0.009332978233333122,2.901485590362778,0.0,15.466166081211982,3546.5103094824203,0
2024-02-20,return_alpha_raw,421.6564025878906,-0.007548167559048191,4.0,4.0,3247894.877054516,32478.94877054516,129915.79508218064,3461714.900000132,3331799.1049179514,-0.007853039292320951,3.8992685630540125,22.735264139381613,20.62155477494931,2664.5835464504994,1
2024-02-21,return_alpha_raw,419.9690856933594,-0.00400163944902876,4.0,4.0,3247894.877054516,0.0,129915.79508218064,3447841.743540226,3317925.9484580453,-0.004163863433250925,3.9155724720907954,0.0,20.62155477494931,2653.904970799917,0
2024-02-22,return_alpha_raw,432.26397705078125,0.029275705703726507,1.0,4.0,3247894.877054516,0.0,129915.79508218064,3548759.1221823576,3418843.327100177,0.03041580198287175,3.799992648167757,0.0,20.62155477494931,2731.5840386748387,0
2024-02-23,return_alpha_raw,430.99102783203125,-0.0029448422406951336,1.0,1.0,3247894.877054516,-97436.84631163548,32478.94877054516,3441085.5159206726,3408606.5671501276,-0.0029942173333610267,0.9528512056379744,68.20579241814484,5.155388693737327,10594.818016528166,-1
2024-02-26,return_alpha_raw,430.76409912109375,-0.0005265276914904193,3.0,1.0,3247894.877054516,0.0,32478.94877054516,3439268.53371906,3406789.584948515,-0.0005330571791779537,0.9533594007108601,0.0,5.155388693737327,10589.22367844029,0
2024-02-27,return_alpha_raw,431.8001708984375,0.002405195278477601,3.0,3.0,3247894.877054516,64957.89754109032,97436.84631163548,3512593.7340674736,3415156.887755838,0.002456066803858681,2.8530708694809923,45.470528278763226,15.466166081211982,3604.9953041717185,1
2024-02-28,return_alpha_raw,429.50103759765625,-0.005324530780053904,3.0,3.0,3247894.877054516,0.0,97436.84631163548,3493875.354446525,3396438.50813489,-0.00548097210059606,2.868794652936074,0.0,15.466166081211982,3585.784522696833,0
2024-02-29,return_alpha_raw,433.1816711425781,0.008569556817624724,1.0,3.0,3247894.877054516,0.0,97436.84631163548,3523800.851644072,3426364.005332437,0.00881084616308292,2.8437389068994103,0.0,15.466166081211982,3616.49723388397,0
2024-03-01,return_alpha_raw,439.7039794921875,0.015056750513949169,0.0,1.0,3426364.005332437,-63173.20625831111,34263.64005332437,3512683.1267183605,3478419.486665036,0.015192630220135728,0.9850347315692773,44.22124438081778,5.438673024337202,10251.926302201357,-1
2024-03-04,return_alpha_raw,438.1351013183594,-0.003568032692449208,1.0,0.0,3426364.005332437,-34263.64005332437,0.0,3465984.4732481767,3465984.4732481767,-0.003574903333117385,0.0,23.98454803732706,0.0,inf,-1
2024-03-05,return_alpha_raw,430.2707214355469,-0.017949668627663895,4.0,1.0,3426364.005332437,34263.64005332437,34263.64005332437,3437390.826846761,3403127.1867934368,-0.01813547837270968,1.0068280781950132,23.98454803732706,5.438673024337202,10032.18228272642,1
2024-03-06,return_alpha_raw,432.9744567871094,0.006283800446708954,4.0,4.0,3426364.005332437,102790.92015997312,137054.5602132975,3562333.3821714562,3425278.8219581586,0.006509199906099994,4.001267264279126,71.95364411198118,21.75469209734881,2599.2082106771277,1
2024-03-07,return_alpha_raw,439.5461730957031,0.015178069296187147,3.0,4.0,3426364.005332437,0.0,137054.5602132975,3616380.9704100783,3479326.4101967807,0.01577903319640539,3.9391118870490245,0.0,21.75469209734881,2638.6432999981307,0
2024-03-08,return_alpha_raw,433.20135498046875,-0.014434929715229083,4.0,3.0,3426364.005332437,-34263.64005332437,102790.92015997312,3530369.764109505,3427578.8439495317,-0.014872869097763752,2.9989367083830274,23.98454803732706,16.316019073011606,3434.5151873484583,-1
2024-03-11,return_alpha_raw,431.5929870605469,-0.003712749051753006,4.0,4.0,3426364.005332437,34263.64005332437,137054.5602132975,3551353.16468015,3414298.6044668523,-0.003874524872308105,4.014135144301439,23.98454803732706,21.75469209734881,2591.196643988491,1
2024-03-12,return_alpha_raw,437.7798767089844,0.014335009682558963,4.0,4.0,3426364.005332437,0.0,137054.5602132975,3602240.091989929,3465185.5317766313,0.014904064701079411,3.9551867845595097,0.0,21.75469209734881,2628.3255999536073,0
2024-03-13,return_alpha_raw,434.4150695800781,-0.007686070803896272,4.0,4.0,3426364.005332437,0.0,137054.5602132975,3574531.2648981633,3437476.7046848657,-0.007996347334845,3.9870687713027606,0.0,21.75469209734881,2608.1082302807977,0
2024-03-14,return_alpha_raw,433.31976318359375,-0.0025213360980850252,4.0,4.0,3426364.005332437,0.0,137054.5602132975,3565496.915494145,3428442.3552808473,-0.0026281921828607002,3.99757516710735,0.0,21.75469209734881,2601.5164398362053,0
2024-03-15,return_alpha_raw,428.1689453125,-0.011886875025617916,4.0,4.0,3426364.005332437,0.0,137054.5602132975,3523092.544563343,3386037.984350045,-0.012368407147195115,4.0476380018992995,0.0,21.75469209734881,2570.576666022909,0
2024-03-18,return_alpha_raw,432.2525634765625,0.009537399217689702,4.0,4.0,3426364.005332437,0.0,137054.5602132975,3556671.9299496124,3419617.3697363148,0.009917013790592621,4.007891684790036,0.0,21.75469209734881,2595.0774088905746,0
2024-03-19,return_alpha_raw,433.3296203613281,0.002491730473737297,4.0,4.0,3426364.005332437,0.0,137054.5602132975,3565512.4430904565,3428457.882877159,0.0025852345993686576,3.997557061960505,0.0,21.75469209734881,2601.5277693361413,0
2024-03-20,return_alpha_raw,438.4674377441406,0.011856603244727149,4.0,4.0,3426364.005332437,0.0,137054.5602132975,3607765.5548002208,3470710.994586923,0.0123242323963757,3.9488900236019058,0.0,21.75469209734881,2632.357178911427,0
2024-03-21,return_alpha_raw,440.5423278808594,0.0047321419063495185,4.0,4.0,3426364.005332437,0.0,137054.5602132975,3624816.258678278,3487761.6984649803,0.004912740906589441,3.9295849906723097,0.0,21.75469209734881,2644.7979936143606,0
2024-03-22,return_alpha_raw,441.0462951660156,0.001143970177804432,3.0,4.0,3426364.005332437,0.0,137054.5602132975,3628941.185686129,3491886.6254728315,0.0011826860217161173,3.9249430154319263,0.0,21.75469209734881,2647.8076906294996,0
2024-03-25,return_alpha_raw,439.44561767578125,-0.0036292731801133016,3.0,3.0,3426364.005332437,-34263.64005332437,102790.92015997312,3581591.2653046506,3478800.3451446774,-0.003747624631536328,2.9547806703951047,23.98454803732706,16.316019073011606,3484.345951695572,-1
2024-03-26,return_alpha_raw,438.0227966308594,-0.003237763645128955,4.0,3.0,3426364.005332437,0.0,102790.92015997312,3569978.6032950627,3467187.6831350895,-0.0033381225875166454,2.964677126074347,0.0,16.316019073011606,3473.0485900302465,0
2024-03-27,return_alpha_raw,439.51470947265625,0.003406016429446712,4.0,4.0,3426364.005332437,34263.64005332437,137054.5602132975,3616472.530713038,3479417.9704997404,0.0035274373591429597,3.9390082299774027,23.98454803732706,21.75469209734881,2638.7101057306927,1
2024-03-28,return_alpha_raw,438.70458984375,-0.0018432139162719574,4.0,4.0,3426364.005332437,0.0,137054.5602132975,3609784.843524515,3472730.2833112176,-0.001922070658145869,3.946593862239632,0.0,21.75469209734881,2633.8305255269293,0
2024-04-01,return_alpha_raw,439.63330078125,0.0021169391864142018,3.0,4.0,3472730.2833112176,1854.6511191512109,138909.2113324487,3619261.7657318027,3480352.554399354,0.0021948929131543338,3.991239656363547,1.2982557834058477,22.049081163880746,2605.487232282886,1
2024-04-02,return_alpha_raw,435.8392028808594,-0.008630142197254664,4.0,3.0,3472730.2833112176,-34727.302833112175,104181.90849933652,3553558.7846411522,3449376.876141816,-0.00890015530707744,3.020310979061983,24.30911198317852,16.53681087291056,3410.9173423942243,-1
2024-04-03,return_alpha_raw,436.8173522949219,0.002244289654526277,4.0,4.0,3472730.2833112176,34727.302833112175,138909.2113324487,3596292.8280680277,3457383.616735579,0.002321213622420659,4.017755237227773,24.30911198317852,22.049081163880746,2588.952016624074,1
2024-04-04,return_alpha_raw,430.1381530761719,-0.01529059956904022,4.0,4.0,3472730.2833112176,0.0,138909.2113324487,3541281.3054198646,3402372.094087416,-0.015911315823294303,4.082716630959993,0.0,22.049081163880746,2549.3495150185436,0
2024-04-05,return_alpha_raw,435.20684814453125,0.011783876952346839,4.0,4.0,3472730.2833112176,0.0,138909.2113324487,3582989.2794954143,3444080.0681629656,0.0122584987538632,4.033274737614952,0.0,22.049081163880746,2579.374862996174,0
2024-04-08,return_alpha_raw,435.3353271484375,0.00029521365404527877,4.0,4.0,3472730.2833112176,0.0,138909.2113324487,3584024.9777718554,3445115.7664394067,0.00030071840838274966,4.032062222280967,0.0,22.049081163880746,2580.1204566587585,0
2024-04-09,return_alpha_raw,436.9458312988281,0.003699456602660467,4.0,4.0,3472730.2833112176,0.0,138909.2113324487,3597261.8735588095,3458352.6622263608,0.0038422208960005033,4.016629444697061,0.0,22.049081163880746,2589.649627301931,0
2024-04-10,return_alpha_raw,433.1319274902344,-0.0087285506243574,4.0,4.0,3472730.2833112176,0.0,138909.2113324487,3565840.942105217,3426931.730772768,-0.009085519761123817,4.053457210281947,0.0,22.049081163880746,2567.029866414805,0
2024-04-11,return_alpha_raw,440.0483093261719,0.015968302951052893,4.0,4.0,3472730.2833112176,0.0,138909.2113324487,3622759.321462857,3483850.1101304083,0.016609137219318004,3.98723271499327,0.0,22.049081163880746,2608.0051039902446,0
2024-04-12,return_alpha_raw,433.0331115722656,-0.015941880937227815,4.0,4.0,3472730.2833112176,0.0,138909.2113324487,3564983.6746147,3426074.4632822513,-0.016583849770159698,4.054471460593146,0.0,22.049081163880746,2566.4127241228766,0
2024-04-15,return_alpha_raw,425.9093017578125,-0.01645095865438062,4.0,4.0,3472730.2833112176,0.0,138909.2113324487,3506314.226498908,3367405.015166459,-0.017124393747001476,4.125111494067846,0.0,22.049081163880746,2524.1769014923816,0
2024-04-16,return_alpha_raw,425.9488220214844,9.27903276795039e-05,4.0,4.0,3472730.2833112176,0.0,138909.2113324487,3506617.529463768,3367708.3181313192,9.007023612972453e-05,4.124739977764076,0.0,22.049081163880746,2524.3952476783193,0
2024-04-17,return_alpha_raw,420.751708984375,-0.012201261673749242,4.0,4.0,3472730.2833112176,0.0,138909.2113324487,3463810.3223158605,3324901.110983412,-0.012711079198111874,4.177844895103159,0.0,22.049081163880746,2493.5785676775536,0
2024-04-18,return_alpha_raw,418.3507080078125,-0.0057064556727722815,4.0,4.0,3472730.2833112176,0.0,138909.2113324487,3444022.19317151,3305112.9818390612,-0.0059514940396220295,4.202858180513864,0.0,22.049081163880746,2479.333199098654,0
2024-04-19,return_alpha_raw,409.6953430175781,-0.02068925622583806,0.0,4.0,3472730.2833112176,0.0,138909.2113324487,3372745.886488348,3233836.675155899,-0.021565467527074333,4.295492484194554,0.0,22.049081163880746,2428.021766257402,0
2024-04-22,return_alpha_raw,413.8155517578125,0.010056762446668976,0.0,0.0,3472730.2833112176,-138909.2113324487,0.0,3266260.388057477,3266260.388057477,0.01002639160804697,0.0,97.23644793271409,0.0,inf,-1
2024-04-23,return_alpha_raw,419.9908447265625,0.01492281511054494,0.0,0.0,3472730.2833112176,0.0,0.0,3315002.1879313556,3315002.1879313556,0.01492281511054494,0.0,0.0,0.0,inf,0
2024-04-24,return_alpha_raw,421.4136962890625,0.0033878156639970403,0.0,0.0,3472730.2833112176,0.0,0.0,3326232.804269814,3326232.804269814,0.0033878156639970403,0.0,0.0,0.0,inf,0
2024-04-25,return_alpha_raw,419.3782958984375,-0.004829934120671897,0.0,0.0,3472730.2833112176,0.0,0.0,3310167.318955173,3310167.318955173,-0.004829934120672008,0.0,0.0,0.0,inf,0
2024-04-26,return_alpha_raw,425.8500061035156,0.015431676527784433,0.0,0.0,3472730.2833112176,0.0,0.0,3361248.7502741325,3361248.7502741325,0.015431676527784433,0.0,0.0,0.0,inf,0
2024-04-29,return_alpha_raw,427.5790710449219,0.004060267504107928,0.0,0.0,3472730.2833112176,0.0,0.0,3374896.319348094,3374896.319348094,0.004060267504107928,0.0,0.0,0.0,inf,0
2024-04-30,return_alpha_raw,419.5166320800781,-0.01885601871284459,0.0,0.0,3472730.2833112176,0.0,0.0,3311259.211196556,3311259.211196556,-0.01885601871284459,0.0,0.0,0.0,inf,0
2024-05-01,return_alpha_raw,416.4832763671875,-0.007230597027465646,0.0,0.0,3311259.211196556,0.0,0.0,3287316.83018691,3287316.83018691,-0.007230597027465646,0.0,0.0,0.0,inf,0
2024-05-02,return_alpha_raw,421.7989807128906,0.012763308030204312,0.0,0.0,3311259.211196556,0.0,0.0,3329273.8674834603,3329273.8674834603,0.012763308030204312,0.0,0.0,0.0,inf,0
2024-05-03,return_alpha_raw,430.2764892578125,0.020098456688050437,0.0,0.0,3311259.211196556,0.0,0.0,3396187.134111735,3396187.134111735,0.020098456688050437,0.0,0.0,0.0,inf,0
2024-05-06,return_alpha_raw,434.98944091796875,0.01095330973878128,0.0,0.0,3311259.211196556,0.0,0.0,3433386.623722525,3433386.623722525,0.01095330973878128,0.0,0.0,0.0,inf,0
2024-05-07,return_alpha_raw,435.05865478515625,0.00015911620070929722,0.0,0.0,3311259.211196556,0.0,0.0,3433932.931157658,3433932.931157658,0.00015911620070929722,0.0,0.0,0.0,inf,0
2024-05-08,return_alpha_raw,434.8017578125,-0.0005904881326476152,0.0,0.0,3311259.211196556,0.0,0.0,3431905.2345135016,3431905.2345135016,-0.0005904881326475042,0.0,0.0,0.0,inf,0
2024-05-09,return_alpha_raw,435.750244140625,0.0021814224783653913,0.0,0.0,3311259.211196556,0.0,0.0,3439391.669735689,3439391.669735689,0.0021814224783653913,0.0,0.0,0.0,inf,0
2024-05-10,return_alpha_raw,436.7778625488281,0.0023582738553131755,0.0,0.0,3311259.211196556,0.0,0.0,3447502.697188609,3447502.697188609,0.0023582738553131755,0.0,0.0,0.0,inf,0
2024-05-13,return_alpha_raw,437.78564453125,0.00230731011993357,0.0,0.0,3311259.211196556,0.0,0.0,3455457.1550503303,3455457.1550503303,0.00230731011993357,0.0,0.0,0.0,inf,0
2024-05-14,return_alpha_raw,440.6015930175781,0.0064322540528785055,0.0,0.0,3311259.211196556,0.0,0.0,3477683.533340451,3477683.533340451,0.0064322540528785055,0.0,0.0,0.0,inf,0
2024-05-15,return_alpha_raw,447.4883117675781,0.015630262938530093,0.0,0.0,3311259.211196556,0.0,0.0,3532040.6413835585,3532040.6413835585,0.015630262938530093,0.0,0.0,0.0,inf,0
2024-05-16,return_alpha_raw,446.57928466796875,-0.0020313985319945216,0.0,0.0,3311259.211196556,0.0,0.0,3524865.659209707,3524865.659209707,-0.0020313985319945216,0.0,0.0,0.0,inf,0
2024-05-17,return_alpha_raw,446.3619689941406,-0.00048662282664924117,1.0,0.0,3311259.211196556,0.0,0.0,3523150.3791190633,3523150.3791190633,-0.00048662282664924117,0.0,0.0,0.0,inf,0
2024-05-20,return_alpha_raw,449.47430419921875,0.006972671108364414,1.0,1.0,3311259.211196556,33112.59211196556,33112.59211196556,3581031.0269045476,3547918.434792582,0.0070300875660356255,0.9332963178422502,23.178814478375894,5.255967001899296,10814.710653867858,1
2024-05-21,return_alpha_raw,450.3536682128906,0.001956427776752534,0.0,1.0,3311259.211196556,0.0,33112.59211196556,3588031.799507994,3554919.2073960286,0.001973205622427532,0.931458358971271,0.0,5.255967001899296,10835.852981172753,0
2024-05-22,return_alpha_raw,450.2647705078125,-0.00019739531695361912,1.0,0.0,3311259.211196556,-33112.59211196556,0.0,3554194.308753251,3554194.308753251,-0.00020391423840782075,0.0,23.178814478375894,0.0,inf,-1
2024-05-23,return_alpha_raw,448.2392272949219,-0.004498560281778641,0.0,1.0,3311259.211196556,33112.59211196556,33112.59211196556,3571140.854012248,3538028.2619002825,-0.004548442051453105,0.9359052461096147,23.178814478375894,5.255967001899296,10784.842340149447,1
2024-05-24,return_alpha_raw,452.4779968261719,0.009456489466195483,3.0,0.0,3311259.211196556,-33112.59211196556,0.0,3571462.190885351,3571462.190885351,0.009449876176826022,0.0,23.178814478375894,0.0,inf,-1
2024-05-28,return_alpha_raw,454.18731689453125,0.003777686606529107,3.0,3.0,3311259.211196556,99337.77633589668,99337.77633589668,3684581.5320613347,3585243.7557254382,0.003858801830594505,2.7707398186597407,69.53644343512768,15.767901005697887,3709.144363774001,1
2024-05-29,return_alpha_raw,450.98602294921875,-0.007048400134114452,1.0,3.0,3311259.211196556,0.0,99337.77633589668,3658595.3591955923,3559257.582859696,-0.0072480909629210055,2.790969015962128,0.0,15.767901005697887,3682.9849571270533,0
2024-05-30,return_alpha_raw,446.1544494628906,-0.010713355271482872,1.0,1.0,3311259.211196556,-66225.18422393111,33112.59211196556,3553832.7200703,3520720.1279583345,-0.010827385769140774,0.940506229081252,46.357628956751775,5.255967001899296,10732.571790373631,-1
2024-05-31,return_alpha_raw,445.3244934082031,-0.0018602438139676547,1.0,1.0,3311259.211196556,0.0,33112.59211196556,3547216.4687699117,3514103.876657946,-0.001879232389944363,0.9422769865146094,0.0,5.255967001899296,10712.590717076751,0
2024-06-03,return_alpha_raw,447.7156066894531,0.005369372932869876,3.0,1.0,3514103.876657946,2028.446654613901,35141.03876657946,3568295.129526172,3533154.0907595926,0.005421073129962206,0.9946081564482372,1.4199126582297308,5.57794266136182,10154.210731299621,1
2024-06-04,return_alpha_raw,448.94073486328125,0.002736398185640976,3.0,3.0,3514103.876657946,70282.07753315891,105423.11629973838,3648467.7372209607,3543044.6209212225,0.0027993486577608806,2.97549502135052,49.197454273211235,16.73382798408546,3460.7853242050433,1
2024-06-05,return_alpha_raw,457.9913024902344,0.020159827175650236,1.0,3.0,3514103.876657946,0.0,105423.11629973838,3722003.482431287,3616580.366131549,0.020754958821604275,2.914994431950188,0.0,16.73382798408546,3530.538285217171,0
2024-06-06,return_alpha_raw,457.8332214355469,-0.000345161695927354,3.0,1.0,3514103.876657946,-70282.07753315891,35141.03876657946,3650406.212129101,3615265.173362522,-0.0003636564477712545,0.9720182913690708,49.197454273211235,5.57794266136182,10387.872243551275,-1
2024-06-07,return_alpha_raw,457.4281005859375,-0.000884865559426018,1.0,3.0,3514103.876657946,70282.07753315891,105423.11629973838,3717330.092988254,3611906.976688516,-0.0009288935978333246,2.918766097248519,49.197454273211235,16.73382798408546,3526.105301629638,1
2024-06-10,return_alpha_raw,459.2757568359375,0.004039227689845104,1.0,1.0,3514103.876657946,-70282.07753315891,35141.03876657946,3661724.2986686616,3626583.2599020824,0.004063305978888154,0.9689847508844528,49.197454273211235,5.57794266136182,10420.07984735815,-1
2024-06-11,return_alpha_raw,462.4276428222656,0.006862731026872071,0.0,1.0,3514103.876657946,0.0,35141.03876657946,3686848.149682325,3651707.1109157456,0.006927691772983469,0.9623181076471129,0.0,5.57794266136182,10491.574179613226,0
2024-06-12,return_alpha_raw,468.4844055175781,0.013097752241512106,1.0,0.0,3514103.876657946,-35141.03876657946,0.0,3699511.3449979182,3699511.3449979182,0.013090927785329498,0.0,24.598727136605625,0.0,inf,-1
2024-06-13,return_alpha_raw,471.0237121582031,0.005420258627007124,1.0,1.0,3514103.876657946,35141.03876657946,35141.03876657946,3754864.855565209,3719723.8167986297,0.005463551781788922,0.9447217185286487,24.598727136605625,5.57794266136182,10685.127666562423,1
2024-06-14,return_alpha_raw,473.4642028808594,0.005181248119068282,3.0,1.0,3514103.876657946,0.0,35141.03876657946,3774314.1640928,3739173.125326221,0.005228696937056521,0.9398077486319548,0.0,5.57794266136182,10740.47409117093,0
2024-06-17,return_alpha_raw,479.2640075683594,0.012249721630928523,3.0,3.0,3514103.876657946,70282.07753315891,105423.11629973838,3891624.941431814,3786201.8251320757,0.01257729937330776,2.784402976089656,49.197454273211235,16.73382798408546,3691.4341730965048,1
2024-06-18,return_alpha_raw,479.41229248046875,0.0003094013106925697,4.0,3.0,3514103.876657946,0.0,105423.11629973838,3892812.281461433,3787389.165161695,0.00031359660273211354,2.7835300705159396,0.0,16.73382798408546,3692.5604346521236,0
2024-06-20,return_alpha_raw,475.7169494628906,-0.007708068974323745,3.0,4.0,3514103.876657946,35141.03876657947,140564.15506631785,3897629.6642186744,3757065.5091523565,-0.008006480107265013,3.741328297946845,24.59872713660563,22.31177064544728,2772.8475032484503,1
2024-06-21,return_alpha_raw,474.4423828125,-0.0026792542326475877,3.0,3.0,3514103.876657946,-35141.03876657947,105423.11629973838,3852098.7698049224,3746675.653505184,-0.0027654177500664456,2.8137774936859103,24.59872713660563,16.73382798408546,3653.9412844263284,-1
2024-06-24,return_alpha_raw,469.0409851074219,-0.011384728474422068,3.0,3.0,3514103.876657946,0.0,105423.11629973838,3808226.937426054,3702803.8211263157,-0.011709535715434649,2.847115898991129,0.0,16.73382798408546,3612.3262820257805,0
2024-06-25,return_alpha_raw,474.4047546386719,0.011435609470292984,3.0,3.0,3514103.876657946,0.0,105423.11629973838,3851759.599628724,3746336.483328986,0.01175667529408253,2.814032235728587,0.0,16.73382798408546,3653.6195616504297,0
2024-06-26,return_alpha_raw,475.3844909667969,0.0020651907860222973,1.0,3.0,3514103.876657946,0.0,105423.11629973838,3859697.4842358665,3754274.3679361283,0.0021188392026358915,2.808082360738424,0.0,16.73382798408546,3661.1491100889084,0
2024-06-27,return_alpha_raw,476.6115417480469,0.0025811754581108737,1.0,1.0,3514103.876657946,-70282.07753315891,35141.03876657946,3799141.6503668795,3764000.6116003003,0.0025907120020955965,0.9336087422057808,49.197454273211235,5.57794266136182,10811.125065489003,-1
2024-06-28,return_alpha_raw,474.1375732421875,-0.005190744010910242,0.0,1.0,3514103.876657946,0.0,35141.03876657946,3779415.7006559763,3744274.661889397,-0.005240687169420166,0.9385272700279673,0.0,5.57794266136182,10754.991409788241,0
2024-07-01,return_alpha_raw,476.9183654785156,0.005864948051496732,0.0,0.0,3744274.661889397,-35141.03876657946,0.0,3766209.895274521,3766209.895274521,0.005858339829710957,0.0,24.598727136605625,0.0,inf,-1
2024-07-02,return_alpha_raw,481.9259033203125,0.010499779845493107,1.0,0.0,3744274.661889397,0.0,0.0,3805754.270026821,3805754.270026821,0.010499779845493107,0.0,0.0,0.0,inf,0
2024-07-03,return_alpha_raw,485.9436950683594,0.00833694914584493,3.0,1.0,3744274.661889397,37442.74661889397,37442.74661889397,3875205.1830044137,3837762.43638552,0.008410465859760574,0.9756400308654406,26.20992263322578,5.943293114110154,10349.681935590024,1
2024-07-05,return_alpha_raw,491.0106201171875,0.010426979710304485,0.0,3.0,3744274.661889397,74885.49323778794,112328.23985668192,3991207.3952719704,3878879.1554152886,0.010713721787452002,2.895894286880809,52.41984526645156,17.829879342330464,3553.1647254192694,1
2024-07-08,return_alpha_raw,492.1783447265625,0.0023782064206601117,1.0,0.0,3744274.661889397,-112328.23985668192,0.0,3888025.1139619434,3888025.1139619434,0.002357886951411148,0.0,78.62976789967735,0.0,inf,-1
2024-07-09,return_alpha_raw,492.6039123535156,0.0008646614210334747,0.0,1.0,3744274.661889397,37442.74661889397,37442.74661889397,3928829.885320932,3891387.138702038,0.0008647127118655007,0.9621953633578307,26.20992263322578,5.943293114110154,10492.899800620948,1
2024-07-10,return_alpha_raw,497.7400207519531,0.010426446623005292,0.0,0.0,3744274.661889397,-37442.74661889397,0.0,3931933.995794172,3931933.995794172,0.01041964102951165,0.0,26.20992263322578,0.0,inf,-1
2024-07-11,return_alpha_raw,486.8244934082031,-0.021930178182697713,0.0,0.0,3744274.661889397,0.0,0.0,3845705.982663799,3845705.982663799,-0.021930178182697713,0.0,0.0,0.0,inf,0
2024-07-12,return_alpha_raw,489.6845397949219,0.005874902404141347,0.0,0.0,3744274.661889397,0.0,0.0,3868299.1299869716,3868299.1299869716,0.005874902404141347,0.0,0.0,0.0,inf,0
2024-07-15,return_alpha_raw,491.0007019042969,0.0026877755011955884,0.0,0.0,3744274.661889397,0.0,0.0,3878696.2496198467,3878696.2496198467,0.0026877755011955884,0.0,0.0,0.0,inf,0
2024-07-16,return_alpha_raw,491.188720703125,0.00038292979643195224,0.0,0.0,3744274.661889397,0.0,0.0,3880181.517985135,3880181.517985135,0.00038292979643195224,0.0,0.0,0.0,inf,0
2024-07-17,return_alpha_raw,476.7699279785156,-0.02935489378495748,0.0,0.0,3744274.661889397,0.0,0.0,3766279.201658326,3766279.201658326,-0.02935489378495748,0.0,0.0,0.0,inf,0
2024-07-18,return_alpha_raw,474.51361083984375,-0.004732507245661544,0.0,0.0,3744274.661889397,0.0,0.0,3748455.258047294,3748455.258047294,-0.004732507245661544,0.0,0.0,0.0,inf,0
2024-07-19,return_alpha_raw,470.3077087402344,-0.008863606867177798,0.0,0.0,3744274.661889397,0.0,0.0,3715230.424280757,3715230.424280757,-0.008863606867177798,0.0,0.0,0.0,inf,0
2024-07-22,return_alpha_raw,477.31427001953125,0.014897823593120751,0.0,0.0,3744274.661889397,0.0,0.0,3770579.271749487,3770579.271749487,0.014897823593120751,0.0,0.0,0.0,inf,0
2024-07-23,return_alpha_raw,475.6319580078125,-0.0035245374324339718,3.0,0.0,3744274.661889397,0.0,0.0,3757289.7239642465,3757289.7239642465,-0.0035245374324339718,0.0,0.0,0.0,inf,0
2024-07-24,return_alpha_raw,458.5708312988281,-0.035870438101857194,3.0,3.0,3744274.661889397,112328.23985668192,112328.23985668192,3730719.433008835,3618391.1931521534,-0.0369677456402121,3.1043697008014055,78.62976789967735,17.829879342330464,3321.265816831822,1
2024-07-25,return_alpha_raw,453.5138244628906,-0.011027755126976402,0.0,3.0,3744274.661889397,0.0,112328.23985668192,3689560.1427748194,3577231.9029181376,-0.011375024986770454,3.1400882834867323,0.0,17.829879342330464,3284.6238376763304,0
2024-07-26,return_alpha_raw,458.1650695800781,0.010256016170391513,4.0,0.0,3744274.661889397,-112328.23985668192,0.0,3613840.6149636353,3613840.6149636353,0.010233810118833508,0.0,78.62976789967735,0.0,inf,-1
2024-07-29,return_alpha_raw,459.08544921875,0.0020088385164662714,4.0,4.0,3744274.661889397,149770.9864755759,149770.9864755759,3771043.2659162036,3621272.279440628,0.0020564450037505733,4.135866483331951,104.83969053290312,23.773172456440616,2517.873023778989,1
2024-07-30,return_alpha_raw,452.7815246582031,-0.013731484130622307,4.0,4.0,3744274.661889397,0.0,149770.9864755759,3719237.4719819287,3569466.485506353,-0.014305964847878605,4.195892777918318,0.0,23.773172456440616,2483.283017294173,0
2024-07-31,return_alpha_raw,466.1809997558594,0.02959368783382077,4.0,4.0,3744274.661889397,0.0,149770.9864755759,3829279.6515351543,3679508.6650595786,0.030828747097093157,4.070407223056527,0.0,23.773172456440616,2556.7566466951325,0
2024-08-01,return_alpha_raw,454.889404296875,-0.024221483640255226,4.0,4.0,3679508.6650595786,-2590.639873192733,147180.34660238316,3733975.794886356,3586795.448283973,-0.025197173105204307,4.103393927099983,1.8134479112349131,23.361959778156056,2537.007067236989,-1
2024-08-02,return_alpha_raw,444.0926513671875,-0.023734896499460367,2.0,4.0,3679508.6650595786,0.0,147180.34660238316,3645326.90390346,3498146.557301077,-0.024715346124716486,4.20738079984668,0.0,23.361959778156056,2476.7755940618463,0
2024-08-05,return_alpha_raw,430.8515319824219,-0.029816119100375515,2.0,2.0,3679508.6650595786,-73590.17330119158,73590.17330119158,3465179.7446676064,3391589.571366415,-0.030460983892245497,2.169784160279256,51.5131213108341,11.680979889078028,4708.753341951293,-1
2024-08-06,return_alpha_raw,434.96832275390625,0.009555010173788459,2.0,2.0,3679508.6650595786,0.0,73590.17330119158,3498277.891402022,3424687.7181008304,0.009758889169210638,2.1488141214230536,0.0,11.680979889078028,4753.729655023625,0
2024-08-07,return_alpha_raw,430.2577209472656,-0.010829758307033699,2.0,2.0,3679508.6650595786,0.0,73590.17330119158,3460380.70636741,3386790.5330662183,-0.01106588049891688,2.172858716318868,0.0,11.680979889078028,4702.232038786868,0
2024-08-08,return_alpha_raw,443.41973876953125,0.030591009019635518,2.0,2.0,3679508.6650595786,0.0,73590.17330119158,3566225.562787379,3492635.3894861876,0.031252259443439234,2.107009896387085,0.0,11.680979889078028,4846.062188481943,0
2024-08-09,return_alpha_raw,445.7354431152344,0.005222375422729408,4.0,2.0,3679508.6650595786,0.0,73590.17330119158,3584838.0505385003,3511247.877237309,0.005329066929559811,2.095841019321404,0.0,11.680979889078028,4871.354271536216,0
2024-08-12,return_alpha_raw,446.6953430175781,0.002153519351378197,4.0,4.0,3679508.6650595786,73590.17330119158,147180.34660238316,3666231.7337997663,3519051.387197383,0.002222432090500659,4.182386967631054,51.5131213108341,23.361959778156056,2490.979141192213,1
2024-08-13,return_alpha_raw,457.779052734375,0.0248126824916568,4.0,4.0,3679508.6650595786,0.0,147180.34660238316,3757177.415791598,3609997.069189215,0.0258438061810351,4.077021221389496,0.0,23.361959778156056,2552.7711427000822,0
2024-08-14,return_alpha_raw,457.92755126953125,0.0003243891005262345,4.0,4.0,3679508.6650595786,0.0,147180.34660238316,3758372.841234246,3611192.4946318627,0.00033114305073822514,4.075671591065023,0.0,23.361959778156056,2553.5833608190387,0
2024-08-15,return_alpha_raw,469.49627685546875,0.02526322243303558,4.0,4.0,3679508.6650595786,0.0,147180.34660238316,3853298.0883488483,3706117.741746465,0.026286399092740442,3.971280915997723,0.0,23.361959778156056,2618.0792322488355,0
2024-08-16,return_alpha_raw,470.09991455078125,0.0012857134871344655,4.0,4.0,3679508.6650595786,0.0,147180.34660238316,3858228.9637112096,3711048.6171088265,0.0013304691609818953,3.9660042696246656,0.0,23.361959778156056,2621.4294590122513,0
2024-08-19,return_alpha_raw,476.27508544921875,0.013135869008481738,4.0,4.0,3679508.6650595786,0.0,147180.34660238316,3908886.792023472,3761706.445421089,0.013650542889337869,3.912595220755129,0.0,23.361959778156056,2655.848339984939,0
2024-08-20,return_alpha_raw,475.275634765625,-0.0020984735799293164,4.0,4.0,3679508.6650595786,0.0,147180.34660238316,3900660.734403698,3753480.3878013147,-0.0021867888255308054,3.9211699914754945,0.0,23.361959778156056,2650.2592393953078,0
2024-08-21,return_alpha_raw,477.49237060546875,0.004664105789763173,4.0,4.0,3679508.6650595786,0.0,147180.34660238316,3918830.4667591536,3771650.1201567706,0.0048407692270104885,3.902279954755335,0.0,23.361959778156056,2662.604455842272,0
2024-08-22,return_alpha_raw,469.9217834472656,-0.015854886118082834,4.0,4.0,3679508.6650595786,0.0,147180.34660238316,3856674.4940328356,3709494.1474304525,-0.016479782256084374,3.9676662302954226,0.0,23.361959778156056,2620.3732924015194,0
2024-08-23,return_alpha_raw,475.0182800292969,0.010845414623353422,4.0,4.0,3679508.6650595786,0.0,147180.34660238316,3898478.366028155,3751298.019425772,0.011269426593994547,3.9234511851690397,0.0,23.361959778156056,2648.7764542097025,0
2024-08-26,return_alpha_raw,470.4066467285156,-0.009708328067915217,4.0,4.0,3679508.6650595786,0.0,147180.34660238316,3860607.2971253055,3713426.9505229224,-0.010095457280849929,3.963464168364947,0.0,23.361959778156056,2623.0453903977927,0
2024-08-27,return_alpha_raw,471.81195068359375,0.002987423678749934,4.0,4.0,3679508.6650595786,0.0,147180.34660238316,3872117.204819314,3724936.858216931,0.0030995379328486727,3.951217220708436,0.0,23.361959778156056,2630.8656652916297,0
2024-08-28,return_alpha_raw,466.4580993652344,-0.011347426258708215,4.0,4.0,3679508.6650595786,0.0,147180.34660238316,3828155.2784127733,3680974.93181039,-0.011802059492515782,3.9984066539131904,0.0,23.361959778156056,2600.9962381422924,0
2024-08-29,return_alpha_raw,465.7752990722656,-0.0014637976999389846,4.0,4.0,3679508.6650595786,0.0,147180.34660238316,3822528.271561445,3675347.924959062,-0.0015286729618015915,4.004528268001254,0.0,23.361959778156056,2597.1730328154767,0
2024-08-30,return_alpha_raw,471.3270263671875,0.011919325275470571,3.0,4.0,3679508.6650595786,0.0,147180.34660238316,3868066.8674450903,3720886.5208427073,0.012390281631405653,3.9555182824831143,0.0,23.361959778156056,2628.113709974412,0
2024-09-03,return_alpha_raw,457.0171203613281,-0.030360885765780887,3.0,3.0,3720886.5208427073,-35553.75097710194,111626.59562528122,3716112.7730204817,3604486.1773952004,-0.03128295979882356,3.096879558737793,24.887625683971358,17.71850724210813,3329.056800670588,-1
2024-09-04,return_alpha_raw,455.8295593261719,-0.002598504481007957,3.0,3.0,3720886.5208427073,0.0,111626.59562528122,3706438.718820615,3594812.123195334,-0.002683892716952352,3.1052136189542856,0.0,17.71850724210813,3320.390358640643,0
2024-09-05,return_alpha_raw,456.255126953125,0.0009336112988860279,3.0,3.0,3720886.5208427073,0.0,111626.59562528122,3709881.3733798927,3598254.7777546113,0.0009576730135809619,3.102242684853423,0.0,17.71850724210813,3323.474439580309,0
2024-09-06,return_alpha_raw,444.0332946777344,-0.02678727657705049,0.0,3.0,3720886.5208427073,0.0,111626.59562528122,3610486.0364558757,3498859.4408305944,-0.027623207099871316,3.190370962680975,0.0,17.71850724210813,3234.4317375546407,0
2024-09-09,return_alpha_raw,449.7434387207031,0.012859720456577461,0.0,0.0,3720886.5208427073,-111626.59562528122,0.0,3543774.6516988245,3543774.6516988245,0.012837100668887658,0.0,78.13861693769685,0.0,inf,-1
2024-09-10,return_alpha_raw,453.8997802734375,0.00924158352272375,0.0,0.0,3720886.5208427073,0.0,0.0,3576524.7411282104,3576524.7411282104,0.00924158352272375,0.0,0.0,0.0,inf,0
2024-09-11,return_alpha_raw,463.75640869140625,0.021715428925810354,1.0,0.0,3720886.5208427073,0.0,0.0,3654190.5099455826,3654190.5099455826,0.021715428925810354,0.0,0.0,0.0,inf,0
2024-09-12,return_alpha_raw,468.3086853027344,0.009816094238294992,0.0,1.0,3720886.5208427073,37208.86520842707,37208.86520842707,3727602.291244969,3690393.426036542,0.009907232803660904,1.008262830350561,26.04620564589895,5.90616908070271,10018.04884498531,1
2024-09-13,return_alpha_raw,470.4066467285156,0.004479868709727386,3.0,0.0,3720886.5208427073,-37208.86520842707,0.0,3706899.741183199,3706899.741183199,0.004472779251719183,0.0,26.04620564589895,0.0,inf,-1
2024-09-16,return_alpha_raw,468.3284912109375,-0.004417785190814927,3.0,3.0,3720886.5208427073,111626.59562528122,111626.59562528122,3801561.3957824362,3689934.800157155,-0.004576584804160122,3.0251644451963493,78.13861693769685,17.71850724210813,3405.605424484931,1
2024-09-17,return_alpha_raw,468.5758361816406,0.0005281441879898541,4.0,3.0,3720886.5208427073,0.0,111626.59562528122,3803551.4498316636,3691924.8542063823,0.0005393195698586428,3.023533794250981,0.0,17.71850724210813,3407.388202180587,0
2024-09-18,return_alpha_raw,466.54718017578125,-0.00432940806847959,3.0,4.0,3720886.5208427073,37208.86520842707,148835.4608337083,3824082.538225744,3675247.0773920356,-0.0045173662717823415,4.049672245146639,26.04620564589895,23.62467632281084,2569.335638701274,1
2024-09-19,return_alpha_raw,478.3433837890625,0.025284052962953885,0.0,3.0,3720886.5208427073,-37208.86520842707,111626.59562528122,3882576.7642633715,3770950.16863809,0.026039906768381416,2.9601715915963984,26.04620564589895,17.71850724210813,3478.1825446838625,-1
2024-09-20,return_alpha_raw,477.4330139160156,-0.0019031722898216197,0.0,0.0,3720886.5208427073,-111626.59562528122,0.0,3763695.4108651527,3763695.4108651527,-0.001923854054946994,0.0,78.13861693769685,0.0,inf,-1
2024-09-23,return_alpha_raw,478.6985168457031,0.00265063976055524,0.0,0.0,3720886.5208427073,0.0,0.0,3773671.611567811,3773671.611567811,0.00265063976055524,0.0,0.0,0.0,inf,0
2024-09-24,return_alpha_raw,481.0075988769531,0.004823666566726059,0.0,0.0,3720886.5208427073,0.0,0.0,3791874.545154334,3791874.545154334,0.004823666566726059,0.0,0.0,0.0,inf,0
2024-09-25,return_alpha_raw,481.4535217285156,0.0009270598897057614,0.0,0.0,3720886.5208427073,0.0,0.0,3795389.8399519427,3795389.8399519427,0.0009270598897057614,0.0,0.0,0.0,inf,0
2024-09-26,return_alpha_raw,485.07073974609375,0.0075131198637650165,0.0,0.0,3720886.5208427073,0.0,0.0,3823905.0587492175,3823905.0587492175,0.0075131198637650165,0.0,0.0,0.0,inf,0
2024-09-27,return_alpha_raw,482.37518310546875,-0.005557038220932453,0.0,0.0,3720886.5208427073,0.0,0.0,3802655.4721845314,3802655.4721845314,-0.005557038220932453,0.0,0.0,0.0,inf,0
2024-09-30,return_alpha_raw,483.6833190917969,0.0027118641923211673,0.0,0.0,3720886.5208427073,0.0,0.0,3812967.757395283,3812967.757395283,0.0027118641923211673,0.0,0.0,0.0,inf,0
2024-10-01,return_alpha_raw,476.94439697265625,-0.013932508840276303,3.0,0.0,3812967.757395283,0.0,0.0,3759843.5504076844,3759843.5504076844,-0.013932508840276303,0.0,0.0,0.0,inf,0
2024-10-02,return_alpha_raw,477.61834716796875,0.0014130582088609511,4.0,3.0,3812967.757395283,114389.03272185849,114389.03272185849,3879608.756825091,3765219.7241032324,0.001429892925987497,3.038044021430985,80.07232290530094,18.156989320929917,3391.5915402995975,1
2024-10-03,return_alpha_raw,477.2615661621094,-0.0007470002104711382,2.0,4.0,3812967.757395283,38129.67757395284,152518.71029581132,3914761.002808594,3762242.292512783,-0.0007907723343180129,4.053931098465879,26.690774301766986,24.209319094573225,2566.7414805802396,1
2024-10-04,return_alpha_raw,482.9400329589844,0.01189801819270353,4.0,2.0,3812967.757395283,-76259.35514790566,76259.35514790566,3884106.088754491,3807846.7336065853,0.012121611939921895,2.002689721591734,53.381548603533965,12.104659547286612,5093.284727127884,-1
2024-10-07,return_alpha_raw,477.7669982910156,-0.010711546599840638,2.0,4.0,3812967.757395283,76259.35514790566,152518.71029581132,3917866.7858288847,3765348.0755330734,-0.011160811095266787,4.050587282670241,53.381548603533965,24.209319094573225,2568.7778097717646,1
2024-10-08,return_alpha_raw,484.9022216796875,0.014934525436446577,3.0,2.0,3812967.757395283,-76259.35514790566,76259.35514790566,3898913.73113508,3822654.3759871745,0.015219389895577695,1.9949319935107188,53.381548603533965,12.104659547286612,5112.702203648462,-1
2024-10-09,return_alpha_raw,488.7176513671875,0.007868451652548458,3.0,3.0,3812967.757395283,38129.677573952824,114389.03272185849,3967976.7866457542,3853587.753923896,0.008092120002016312,2.9683775231375606,26.690774301766975,18.156989320929917,3468.8437276098384,1
2024-10-10,return_alpha_raw,488.1626892089844,-0.0011355476043286572,3.0,3.0,3812967.757395283,0.0,114389.03272185849,3963452.803122326,3849063.7704004673,-0.0011739666545342864,2.9718663951872415,0.0,18.156989320929917,3464.8888174092876,0
2024-10-11,return_alpha_raw,488.9257507324219,0.0015631295473932383,3.0,3.0,3812967.757395283,0.0,114389.03272185849,3969630.0363192637,3855241.0035974053,0.001604866420878981,2.9671045886656557,0.0,18.156989320929917,3470.2890144823396,0
2024-10-14,return_alpha_raw,493.028564453125,0.008391486262601333,1.0,3.0,3812967.757395283,0.0,114389.03272185849,4002922.9752473254,3888533.942525467,0.00863576074673289,2.9417007646734548,0.0,18.156989320929917,3499.3940240587513,0
2024-10-15,return_alpha_raw,486.4383239746094,-0.013366853269091261,3.0,1.0,3812967.757395283,-76259.35514790565,38129.67757395283,3874117.7633174225,3835988.0857434697,-0.013513025103715659,0.993998853011629,53.38154860353395,6.052329773643306,10160.373781822671,-1
2024-10-16,return_alpha_raw,486.4977722167969,0.0001222112634995387,1.0,3.0,3812967.757395283,76259.35514790565,114389.03272185849,3950788.3539825245,3836399.321260666,0.00010720458666813037,2.9816769095942157,53.38154860353395,18.156989320929917,3453.8174333452266,1
2024-10-17,return_alpha_raw,486.834716796875,0.0006925922364304782,3.0,1.0,3812967.757395283,-76259.35514790565,38129.67757395283,3877152.996689013,3839023.3191150604,0.0006839741212163464,0.993212971228895,53.38154860353395,6.052329773643306,10168.334073030757,-1
2024-10-18,return_alpha_raw,490.02581787109375,0.006554793575968887,0.0,3.0,3812967.757395283,76259.35514790565,114389.03272185849,3979254.265280939,3864865.2325590807,0.006731377044611797,2.9597159496844077,53.38154860353395,18.156989320929917,3478.7026086291467,1
2024-10-21,return_alpha_raw,490.96728515625,0.001921260576119188,1.0,0.0,3812967.757395283,-114389.03272185849,0.0,3872210.4195997072,3872210.4195997072,0.0019005027597722712,0.0,80.07232290530094,0.0,inf,-1
2024-10-22,return_alpha_raw,491.5024108886719,0.0010899417305403336,3.0,1.0,3812967.757395283,38129.67757395283,38129.67757395283,3914569.3678307105,3876439.6902567577,0.0010922109593123341,0.9836262297538104,26.690774301766982,6.052329773643306,10266.46333486133,1
2024-10-23,return_alpha_raw,483.970703125,-0.015323847038825278,4.0,3.0,3812967.757395283,76259.35514790565,114389.03272185849,3929603.153542302,3815214.1208204436,-0.015794278855982613,2.998233627245531,53.38154860353395,18.156989320929917,3435.2971259904693,1
2024-10-24,return_alpha_raw,487.8951110839844,0.008108771736893283,3.0,4.0,3812967.757395283,38129.67757395284,152518.71029581132,3999855.154433961,3847336.4441381497,0.008419533557083358,3.964267552638677,26.690774301766986,24.209319094573225,2622.5340790491923,1
2024-10-25,return_alpha_raw,490.8681335449219,0.006093568870432442,0.0,3.0,3812967.757395283,-38129.67757395284,114389.03272185849,3985821.513493307,3871432.4807714485,0.0062630437922870374,2.9546952785565446,26.690774301766986,18.156989320929917,3484.4437606050847,-1
2024-10-28,return_alpha_raw,490.9474792480469,0.00016164362219228678,0.0,0.0,3812967.757395283,-114389.03272185849,0.0,3871978.1878746273,3871978.1878746273,0.00014095741198882905,0.0,80.07232290530094,0.0,inf,-1
2024-10-29,return_alpha_raw,495.6646423339844,0.009608284562663272,0.0,0.0,3812967.757395283,0.0,0.0,3909181.256124152,3909181.256124152,0.009608284562663272,0.0,0.0,0.0,inf,0
2024-10-30,return_alpha_raw,491.9186706542969,-0.007557472048134173,0.0,0.0,3812967.757395283,0.0,0.0,3879637.7280499036,3879637.7280499036,-0.007557472048134173,0.0,0.0,0.0,inf,0
2024-10-31,return_alpha_raw,479.5012512207031,-0.025242830114737158,2.0,0.0,3812967.757395283,0.0,0.0,3781704.691974015,3781704.691974015,-0.025242830114737158,0.0,0.0,0.0,inf,0
2024-11-01,return_alpha_raw,483.04901123046875,0.007398854540491495,0.0,2.0,3781704.691974015,75634.0938394803,75634.0938394803,3885813.3334017564,3810179.2395622763,0.007529553444163284,1.9850534340785853,52.943865687636205,12.005411720552427,5137.647767220817,1
2024-11-04,return_alpha_raw,481.6418151855469,-0.002913153763294818,2.0,0.0,3781704.691974015,-75634.0938394803,0.0,3799026.8119396516,3799026.8119396516,-0.002927008657972241,0.0,52.943865687636205,0.0,inf,-1
2024-11-05,return_alpha_raw,487.78607177734375,0.012756900248434455,1.0,2.0,3781704.691974015,75634.0938394803,75634.0938394803,3924023.9437736436,3848389.8499341635,0.012993600845188302,1.9653438655850888,52.943865687636205,12.005411720552427,5188.168119131136,1
2024-11-06,return_alpha_raw,501.03594970703125,0.027163296978548468,0.0,1.0,3781704.691974015,-37817.04691974015,37817.04691974015,3991735.8952095513,3953918.848289811,0.027421597725462377,0.9564446912231686,26.471932843818102,6.002705860276214,10555.387636906948,-1
2024-11-07,return_alpha_raw,508.92431640625,0.01574411317956592,0.0,0.0,3781704.691974015,-37817.04691974015,0.0,4016142.9054301544,4016142.9054301544,0.015737312658113067,0.0,26.471932843818102,0.0,inf,-1
2024-11-08,return_alpha_raw,509.5190124511719,0.0011685353317782976,0.0,0.0,3781704.691974015,0.0,0.0,4020835.9103126205,4020835.9103126205,0.0011685353317782976,0.0,0.0,0.0,inf,0
2024-11-11,return_alpha_raw,509.2217102050781,-0.0005834958830358561,0.0,0.0,3781704.691974015,0.0,0.0,4018489.7691125902,4018489.7691125902,-0.0005834958830358561,0.0,0.0,0.0,inf,0
2024-11-12,return_alpha_raw,508.3000183105469,-0.0018100011764228263,0.0,0.0,3781704.691974015,0.0,0.0,4011216.2979030535,4011216.2979030535,-0.0018100011764228263,0.0,0.0,0.0,inf,0
2024-11-13,return_alpha_raw,507.6460266113281,-0.0012866253701749875,0.0,0.0,3781704.691974015,0.0,0.0,4006055.365248912,4006055.365248912,-0.0012866253701749875,0.0,0.0,0.0,inf,0
2024-11-14,return_alpha_raw,504.11798095703125,-0.006949814377249286,0.0,0.0,3781704.691974015,0.0,0.0,3978214.0240754485,3978214.0240754485,-0.006949814377249286,0.0,0.0,0.0,inf,0
2024-11-15,return_alpha_raw,492.10693359375,-0.023825865803237423,0.0,0.0,3781704.691974015,0.0,0.0,3883429.6306012697,3883429.6306012697,-0.023825865803237423,0.0,0.0,0.0,inf,0
2024-11-18,return_alpha_raw,495.5259094238281,0.006947627835905745,0.0,0.0,3781704.691974015,0.0,0.0,3910410.2544016163,3910410.2544016163,0.006947627835905745,0.0,0.0,0.0,inf,0
2024-11-19,return_alpha_raw,498.9349670410156,0.006879675819880582,0.0,0.0,3781704.691974015,0.0,0.0,3937312.609274636,3937312.609274636,0.006879675819880582,0.0,0.0,0.0,inf,0
2024-11-20,return_alpha_raw,498.64764404296875,-0.0005758726427832483,2.0,0.0,3781704.691974015,0.0,0.0,3935045.218656869,3935045.218656869,-0.0005758726427832483,0.0,0.0,0.0,inf,0
2024-11-21,return_alpha_raw,500.4413146972656,0.0035970703476186916,0.0,2.0,3781704.691974015,75634.0938394803,75634.0938394803,4025040.86840492,3949406.77456544,0.0036496546063764512,1.9150747987411967,52.943865687636205,12.005411720552427,5321.728157340448,1
2024-11-22,return_alpha_raw,501.2440490722656,0.0016040529657019853,1.0,0.0,3781704.691974015,-75634.0938394803,0.0,3955688.803424493,3955688.803424493,0.0015906259389408817,0.0,52.943865687636205,0.0,inf,-1
2024-11-25,return_alpha_raw,502.036865234375,0.0015816969070789888,0.0,1.0,3781704.691974015,37817.04691974015,37817.04691974015,3999789.849686846,3961972.802767106,0.0015885980052761095,0.9545004168965548,26.471932843818102,6.002705860276214,10576.684790263178,1
2024-11-26,return_alpha_raw,504.7323913574219,0.005369179655339673,0.0,0.0,3781704.691974015,-37817.04691974015,0.0,3983218.732469325,3983218.732469325,0.005362462278231783,0.0,26.471932843818102,0.0,inf,-1
2024-11-27,return_alpha_raw,500.7584533691406,-0.007873356369290652,0.0,0.0,3781704.691974015,0.0,0.0,3951857.43189176,3951857.43189176,-0.007873356369290652,0.0,0.0,0.0,inf,0
2024-11-29,return_alpha_raw,505.1585388183594,0.008786842078480461,0.0,0.0,3781704.691974015,0.0,0.0,3986581.779062462,3986581.779062462,0.008786842078480461,0.0,0.0,0.0,inf,0
2024-12-02,return_alpha_raw,510.6586608886719,0.010887912699997226,0.0,0.0,3986581.779062462,0.0,0.0,4029987.3334442936,4029987.3334442936,0.010887912699997226,0.0,0.0,0.0,inf,0
2024-12-03,return_alpha_raw,512.2244873046875,0.003066287788580091,0.0,0.0,3986581.779062462,0.0,0.0,4042344.4343929663,4042344.4343929663,0.003066287788580091,0.0,0.0,0.0,inf,0
2024-12-04,return_alpha_raw,518.5570678710938,0.012362900883025274,0.0,0.0,3986581.779062462,0.0,0.0,4092319.5379704153,4092319.5379704153,0.012362900883025274,0.0,0.0,0.0,inf,0
2024-12-05,return_alpha_raw,517.1199951171875,-0.0027712914218025464,0.0,0.0,3986581.779062462,0.0,0.0,4080978.527939563,4080978.527939563,-0.0027712914218025464,0.0,0.0,0.0,inf,0
2024-12-06,return_alpha_raw,521.748046875,0.008949667004780393,0.0,0.0,3986581.779062462,0.0,0.0,4117501.926818281,4117501.926818281,0.008949667004780393,0.0,0.0,0.0,inf,0
2024-12-09,return_alpha_raw,517.6849365234375,-0.007787495086753915,0.0,0.0,3986581.779062462,0.0,0.0,4085436.900793484,4085436.900793484,-0.007787495086753915,0.0,0.0,0.0,inf,0
2024-12-10,return_alpha_raw,515.9208374023438,-0.0034076694078462033,0.0,0.0,3986581.779062462,0.0,0.0,4071515.082448964,4071515.082448964,-0.0034076694078462033,0.0,0.0,0.0,inf,0
2024-12-11,return_alpha_raw,525.1571655273438,0.017902607251734315,0.0,0.0,3986581.779062462,0.0,0.0,4144405.8178895605,4144405.8178895605,0.017902607251734315,0.0,0.0,0.0,inf,0
2024-12-12,return_alpha_raw,521.7678833007812,-0.0064538436282386424,0.0,0.0,3986581.779062462,0.0,0.0,4117658.4708089386,4117658.4708089386,-0.0064538436282386424,0.0,0.0,0.0,inf,0
2024-12-13,return_alpha_raw,525.7617797851562,0.007654546422269259,0.0,0.0,3986581.779062462,0.0,0.0,4149177.2787247957,4149177.2787247957,0.007654546422269259,0.0,0.0,0.0,inf,0
2024-12-16,return_alpha_raw,533.3330078125,0.014400491474366284,0.0,0.0,3986581.779062462,0.0,0.0,4208927.470752707,4208927.470752707,0.014400491474366284,0.0,0.0,0.0,inf,0
2024-12-17,return_alpha_raw,530.9843139648438,-0.0044038036522239254,0.0,0.0,3986581.779062462,0.0,0.0,4190392.1805850603,4190392.1805850603,-0.0044038036522239254,0.0,0.0,0.0,inf,0
2024-12-18,return_alpha_raw,511.8280334472656,-0.03607692358092229,2.0,0.0,3986581.779062462,0.0,0.0,4039215.7221119986,4039215.7221119986,-0.03607692358092229,0.0,0.0,0.0,inf,0
2024-12-19,return_alpha_raw,509.54864501953125,-0.004453426304890429,0.0,2.0,3986581.779062462,79731.63558124924,79731.63558124924,4100535.709777234,4020804.0741959848,-0.004558223472745593,1.9829773873573455,55.812144906874465,12.655815171626864,5142.921852642355,1
2024-12-20,return_alpha_raw,513.9983520507812,0.008732644222966046,0.0,0.0,3986581.779062462,-79731.63558124924,0.0,4055860.0261336793,4055860.0261336793,0.008718642164802448,0.0,55.812144906874465,0.0,inf,-1
2024-12-23,return_alpha_raw,519.0060424804688,0.009742619620680681,0.0,0.0,3986581.779062462,0.0,0.0,4095374.727603024,4095374.727603024,0.009742619620680681,0.0,0.0,0.0,inf,0
2024-12-24,return_alpha_raw,526.0437622070312,0.013559995742876918,0.0,0.0,3986581.779062462,0.0,0.0,4150907.991474807,4150907.991474807,0.013559995742876918,0.0,0.0,0.0,inf,0
2024-12-26,return_alpha_raw,525.6863403320312,-0.0006794527388755967,0.0,0.0,3986581.779062462,0.0,0.0,4148087.6456711786,4148087.6456711786,-0.0006794527388755967,0.0,0.0,0.0,inf,0
2024-12-27,return_alpha_raw,518.6983032226562,-0.01329316851748752,0.0,0.0,3986581.779062462,0.0,0.0,4092946.4175719637,4092946.4175719637,-0.01329316851748752,0.0,0.0,0.0,inf,0
2024-12-30,return_alpha_raw,511.7997131347656,-0.013299812328341765,2.0,0.0,3986581.779062462,0.0,0.0,4038510.998348298,4038510.998348298,-0.013299812328341765,0.0,0.0,0.0,inf,0
2024-12-31,return_alpha_raw,507.4521179199219,-0.008494719913410664,4.0,2.0,3986581.779062462,79731.63558124924,79731.63558124924,4083191.3223673096,4003459.68678606,-0.00867926609004488,1.9915683388648544,55.812144906874465,12.655815171626864,5121.168395205437,1
2025-01-02,return_alpha_raw,506.4595031738281,-0.001956075678947844,3.0,4.0,4003459.68678606,80406.75189019316,160138.3874714424,4155372.1679067328,3995233.78043529,-0.0020546994335726154,4.008235719662816,56.28472632313521,25.418791662133717,2594.8632514160686,1
2025-01-03,return_alpha_raw,514.747802734375,0.016365177291780775,4.0,3.0,4003459.68678606,-40034.596867860586,120103.79060358182,4182638.2530716024,4062534.4624680206,0.016845242539323513,2.9563759203317095,28.02421780750241,19.06409374660029,3482.5197706514896,-1
2025-01-06,return_alpha_raw,520.6637573242188,0.011492918587350465,4.0,4.0,4003459.68678606,40034.596867860586,160138.3874714424,4271149.920135309,4111011.5326638664,0.011932716052923231,3.895352426016558,28.02421780750241,25.418791662133717,2667.161813963555,1
2025-01-07,return_alpha_raw,511.3728942871094,-0.01784426687360907,4.0,4.0,4003459.68678606,0.0,160138.3874714424,4194908.962311558,4034770.574840116,-0.01854554705526401,3.9689589408138315,0.0,25.418791662133717,2619.552393744217,0
2025-01-08,return_alpha_raw,511.4621887207031,0.00017461706436017188,4.0,4.0,4003459.68678606,0.0,160138.3874714424,4195616.0462081535,4035477.658736711,0.00017524760912168702,3.9682635121209677,0.0,25.418791662133717,2619.993939277277,0
2025-01-10,return_alpha_raw,503.44195556640625,-0.0156809893891815,4.0,4.0,4003459.68678606,0.0,160138.3874714424,4129799.2167148218,3969660.829243379,-0.016309551200423544,4.034057174148173,0.0,25.418791662133717,2578.8939690998777,0
2025-01-13,return_alpha_raw,501.8240051269531,-0.0032137775200575813,4.0,4.0,4003459.68678606,0.0,160138.3874714424,4116501.54203813,3956363.1545666875,-0.003349826408022394,4.047615985064476,0.0,25.418791662133717,2570.590104619499,0
2025-01-14,return_alpha_raw,501.3475646972656,-0.0009494173750556056,4.0,4.0,4003459.68678606,0.0,160138.3874714424,4112567.845158014,3952429.4576865714,-0.0009942709317711795,4.051644417334504,0.0,25.418791662133717,2568.1336686941545,0
2025-01-15,return_alpha_raw,512.8817138671875,0.023006293402236144,4.0,4.0,4003459.68678606,0.0,160138.3874714424,4207157.368848659,4047018.9813772165,0.023931995422888708,3.9569467849875686,0.0,25.418791662133717,2627.20103235642,0
2025-01-16,return_alpha_raw,509.2884826660156,-0.007005964736154224,4.0,4.0,4003459.68678606,0.0,160138.3874714424,4177656.753891392,4017518.3664199496,-0.007289467900451485,3.98600262316021,0.0,25.418791662133717,2608.7790815530707,0
2025-01-17,return_alpha_raw,517.8843994140625,0.016878286159249356,4.0,4.0,4003459.68678606,0.0,160138.3874714424,4248143.021267029,4088004.633795587,0.01754472810001073,3.91727509669574,0.0,25.418791662133717,2652.7949284019137,0
2025-01-21,return_alpha_raw,520.9218139648438,0.005865043539094339,4.0,4.0,4003459.68678606,0.0,160138.3874714424,4273033.146255398,4112894.7587839556,0.006088575532082752,3.89356880891331,0.0,25.418791662133717,2668.3378131414065,0
2025-01-22,return_alpha_raw,527.5822143554688,0.012785796662902804,4.0,4.0,4003459.68678606,0.0,160138.3874714424,4327641.860405602,4167503.472934159,0.013277440185790024,3.8425495866160824,0.0,25.418791662133717,2702.438764832294,0
2025-01-23,return_alpha_raw,528.703857421875,0.002126006214550946,4.0,4.0,4003459.68678606,0.0,160138.3874714424,4336817.035103513,4176678.6476320704,0.0022015997725015612,3.834108414403186,0.0,25.418791662133717,2708.1682934248984,0
2025-01-24,return_alpha_raw,525.7161254882812,-0.0056510500002078246,4.0,4.0,4003459.68678606,0.0,160138.3874714424,4312284.046404728,4152145.658933285,-0.005873803270139977,3.856762277279624,0.0,25.418791662133717,2692.848425973904,0
2025-01-27,return_alpha_raw,510.4100646972656,-0.029114687659237193,4.0,4.0,4003459.68678606,0.0,160138.3874714424,4186707.8245040807,4026569.437032638,-0.030243693794910986,3.9770427401211204,0.0,25.418791662133717,2614.431112122132,0
2025-01-28,return_alpha_raw,517.9539184570312,0.01477998629247268,4.0,4.0,4003459.68678606,0.0,160138.3874714424,4248561.889969178,4088423.502497735,0.015361479898054364,3.9168737625544243,0.0,25.418791662133717,2653.0564951060387,0
2025-01-29,return_alpha_raw,516.981201171875,-0.0018779996646303143,4.0,4.0,4003459.68678606,0.0,160138.3874714424,4240557.673372992,4080419.2859015497,-0.0019577758006955603,3.9245571656016858,0.0,25.418791662133717,2648.0581828821114,0
2025-01-30,return_alpha_raw,519.1846923828125,0.0042622269551439995,4.0,4.0,4003459.68678606,0.0,160138.3874714424,4258606.473801623,4098468.0863301805,0.004423271032707898,3.9072742326714645,0.0,25.418791662133717,2659.3289348321077,0
2025-01-31,return_alpha_raw,518.4302978515625,-0.001453036929474294,4.0,4.0,4003459.68678606,0.0,160138.3874714424,4252393.142535429,4092254.755063987,-0.0015160130896022528,3.9132067052589563,0.0,25.418791662133717,2655.448958666305,0
2025-02-03,return_alpha_raw,514.28125,-0.008003096788047781,4.0,4.0,4092254.755063987,3551.802731117059,163690.19020255946,4221855.757010985,4058165.566808426,-0.008330172556676008,4.033600588930501,2.4862619117819413,25.982569873422136,2579.17456860831,1
2025-02-04,return_alpha_raw,520.59423828125,0.012275361548277353,4.0,4.0,4092254.755063987,0.0,163690.19020255946,4273654.580263098,4109964.3900605384,0.01276409806336476,3.9827641961673628,0.0,25.982569873422136,2610.8189959182264,0
2025-02-05,return_alpha_raw,522.9566040039062,0.004537825332942003,4.0,4.0,4092254.755063987,0.0,163690.19020255946,4293021.695711786,4129331.5055092266,0.004712234367656665,3.9640845009457113,0.0,25.982569873422136,2622.650563481757,0
2025-02-06,return_alpha_raw,525.6863403320312,0.005219814239318055,4.0,4.0,4092254.755063987,0.0,163690.19020255946,4315404.48891889,4151714.298716331,0.005420439888936368,3.9427132607166837,0.0,25.982569873422136,2636.324439221902,0
2025-02-07,return_alpha_raw,519.0556640625,-0.012613369914354688,4.0,4.0,4092254.755063987,0.0,163690.19020255946,4260946.713200216,4097256.522997657,-0.013116937197608203,3.995116958964521,0.0,25.982569873422136,2603.0556308398695,0
2025-02-10,return_alpha_raw,525.3389282226562,0.012105183692590726,3.0,4.0,4092254.755063987,0.0,163690.19020255946,4312500.273297972,4148810.0830954127,0.012582458483716863,3.9454732061495275,0.0,25.982569873422136,2634.5502243973456,0
2025-02-11,return_alpha_raw,524.0882568359375,-0.002380694289970231,3.0,3.0,4092254.755063987,-40922.54755063985,122767.64265191961,4261360.340532644,4138592.697880724,-0.002462726663801762,2.9664103625076716,28.645783285447894,19.486927405066606,3471.07775997197,-1
2025-02-12,return_alpha_raw,524.3958740234375,0.000586956840737507,3.0,3.0,4092254.755063987,0.0,122767.64265191961,4263842.088207962,4141074.4455560423,0.0005996598014077481,2.964632591516596,0.0,19.486927405066606,3473.099259792044,0
2025-02-13,return_alpha_raw,531.9397583007812,0.01438585742382581,1.0,3.0,4092254.755063987,0.0,122767.64265191961,4325161.625639224,4202393.982987305,0.014807639475563406,2.9213739394479443,0.0,19.486927405066606,3523.0468975463345,0
2025-02-14,return_alpha_raw,534.1731567382812,0.004198592796737621,1.0,1.0,4092254.755063987,-81845.09510127974,40922.547550639865,4261068.46100434,4220145.9134537,0.0042242423100404825,0.9696950861386094,57.291566570895824,6.495642468355534,10412.52003124061,-1
2025-02-18,return_alpha_raw,535.3840942382812,0.002266938135555341,1.0,1.0,4092254.755063987,0.0,40922.547550639865,4270721.543954334,4229798.996403694,0.002287381324712179,0.9674820856838228,0.0,6.495642468355534,10436.10869697079,0
2025-02-19,return_alpha_raw,535.5330810546875,0.000278280244052187,3.0,1.0,4092254.755063987,0.0,40922.547550639865,4271903.505745396,4230980.958194756,0.0002794368697109917,0.9672118110429974,0.0,6.495642468355534,10438.996986830065,0
2025-02-20,return_alpha_raw,533.2599487304688,-0.004244616074401963,4.0,3.0,4092254.755063987,81845.09510127974,122767.64265191961,4335192.074238345,4212424.431586426,-0.004385868618101196,2.9144176861989317,57.291566570895824,19.486927405066606,3531.217168134294,1
2025-02-21,return_alpha_raw,522.1923828125,-0.02075454184083636,4.0,4.0,4092254.755063987,40922.54755063985,163690.19020255946,4285236.333947719,4121546.1437451597,-0.021573867808719505,3.971572426793643,28.645783285447894,25.982569873422136,2617.8944068944675,1
2025-02-24,return_alpha_raw,516.0282592773438,-0.011804315302258117,4.0,4.0,4092254.755063987,0.0,163690.19020255946,4234626.070547234,4070935.880344675,-0.012279436317191528,4.020947394256189,0.0,25.982569873422136,2586.976082871594,0
2025-02-25,return_alpha_raw,509.5266418457031,-0.012599343766067417,4.0,4.0,4092254.755063987,0.0,163690.19020255946,4181246.5783937853,4017556.388191226,-0.013112339207103751,4.074371941205177,0.0,25.982569873422136,2554.3660088730276,0
2025-02-26,return_alpha_raw,510.75750732421875,0.002415703865958685,4.0,4.0,4092254.755063987,0.0,163690.19020255946,4191321.249347864,4027631.059145305,0.0025076613694063887,4.06418035313532,0.0,25.982569873422136,2560.5207276998626,0
2025-02-27,return_alpha_raw,496.5730895996094,-0.027771334774733702,0.0,4.0,4092254.755063987,0.0,163690.19020255946,4074896.6812138963,3911206.491011337,-0.028906462986377446,4.185158481884024,0.0,25.982569873422136,2489.3957763573917,0
2025-02-28,return_alpha_raw,504.41473388671875,0.01579152082814672,2.0,0.0,4092254.755063987,-163690.19020255946,0.0,3972853.9972022497,3972853.9972022497,0.015761762088652098,0.0,114.58313314179162,0.0,inf,-1
2025-03-03,return_alpha_raw,493.3768615722656,-0.021882533504526847,0.0,2.0,3972853.9972022497,79457.07994404499,79457.07994404499,3963569.2291445527,3884112.149200508,-0.022337052422322867,2.0456947918046127,55.6199559608315,12.612234911753173,4988.314737888386,1
2025-03-04,return_alpha_raw,491.8879699707031,-0.0030177572511563833,2.0,0.0,3972853.9972022497,-79457.07994404499,0.0,3872335.389489518,3872335.389489518,-0.003032033900826958,0.0,55.6199559608315,0.0,inf,-1
2025-03-05,return_alpha_raw,498.3002624511719,0.013036083157005551,0.0,2.0,3972853.9972022497,79457.07994404499,79457.07994404499,4003239.4074270832,3923782.3274830384,0.013285765001957328,2.0250124322011964,55.6199559608315,12.612234911753173,5038.2412873040785,1
2025-03-06,return_alpha_raw,484.59228515625,-0.02750947235606782,0.0,0.0,3972853.9972022497,-79457.07994404499,0.0,3815787.0561335967,3815787.0561335967,-0.027523257493928477,0.0,55.6199559608315,0.0,inf,-1
2025-03-07,return_alpha_raw,488.15576171875,0.007353556116459936,0.0,0.0,3972853.9972022497,0.0,0.0,3843846.6603793367,3843846.6603793367,0.007353556116459936,0.0,0.0,0.0,inf,0
2025-03-10,return_alpha_raw,469.23663330078125,-0.03875633537819223,0.0,0.0,3972853.9972022497,0.0,0.0,3694873.250067331,3694873.250067331,-0.03875633537819223,0.0,0.0,0.0,inf,0
2025-03-11,return_alpha_raw,468.114990234375,-0.0023903569900675103,0.0,0.0,3972853.9972022497,0.0,0.0,3686041.183966619,3686041.183966619,-0.0023903569900675103,0.0,0.0,0.0,inf,0
2025-03-12,return_alpha_raw,473.3956604003906,0.011280711526395981,0.0,0.0,3972853.9972022497,0.0,0.0,3727622.3512373613,3727622.3512373613,0.011280711526395981,0.0,0.0,0.0,inf,0
2025-03-13,return_alpha_raw,464.87908935546875,-0.017990386810303072,0.0,0.0,3972853.9972022497,0.0,0.0,3660560.9832558697,3660560.9832558697,-0.017990386810303072,0.0,0.0,0.0,inf,0
2025-03-14,return_alpha_raw,476.1153869628906,0.02417036572455955,0.0,0.0,3972853.9972022497,0.0,0.0,3749038.0809782175,3749038.0809782175,0.02417036572455955,0.0,0.0,0.0,inf,0
2025-03-17,return_alpha_raw,479.202392578125,0.006483734195036561,0.0,0.0,3972853.9972022497,0.0,0.0,3773345.8473823504,3773345.8473823504,0.006483734195036561,0.0,0.0,0.0,inf,0
2025-03-18,return_alpha_raw,471.0332336425781,-0.01704740848975428,0.0,0.0,3972853.9972022497,0.0,0.0,3709020.0793489055,3709020.0793489055,-0.01704740848975428,0.0,0.0,0.0,inf,0
2025-03-19,return_alpha_raw,477.3363342285156,0.013381434972633555,0.0,0.0,3972853.9972022497,0.0,0.0,3758652.090352905,3758652.090352905,0.013381434972633555,0.0,0.0,0.0,inf,0
2025-03-20,return_alpha_raw,475.7183837890625,-0.003389539667178476,0.0,0.0,3972853.9972022497,0.0,0.0,3745911.9899975304,3745911.9899975304,-0.003389539667178476,0.0,0.0,0.0,inf,0
2025-03-21,return_alpha_raw,477.28668212890625,0.003296694837295,0.0,0.0,3972853.9972022497,0.0,0.0,3758261.1187159168,3758261.1187159168,0.003296694837295,0.0,0.0,0.0,inf,0
2025-03-24,return_alpha_raw,487.76043701171875,0.021944368604828846,0.0,0.0,3972853.9972022497,0.0,0.0,3840733.786018215,3840733.786018215,0.021944368604828846,0.0,0.0,0.0,inf,0
2025-03-25,return_alpha_raw,490.5438232421875,0.005706461654662487,0.0,0.0,3972853.9972022497,0.0,0.0,3862650.786093895,3862650.786093895,0.005706461654662487,0.0,0.0,0.0,inf,0
2025-03-26,return_alpha_raw,481.51751708984375,-0.01840061116800029,0.0,0.0,3972853.9972022497,0.0,0.0,3791575.6509012105,3791575.6509012105,-0.01840061116800029,0.0,0.0,0.0,inf,0
2025-03-27,return_alpha_raw,478.77386474609375,-0.005697928416668718,0.0,0.0,3972853.9972022497,0.0,0.0,3769971.5242559914,3769971.5242559914,-0.005697928416668718,0.0,0.0,0.0,inf,0
2025-03-28,return_alpha_raw,466.16876220703125,-0.026327883510824712,0.0,0.0,3972853.9972022497,0.0,0.0,3670716.1531262533,3670716.1531262533,-0.026327883510824712,0.0,0.0,0.0,inf,0
2025-03-31,return_alpha_raw,466.1488952636719,-4.261749171119433e-05,0.0,0.0,3972853.9972022497,0.0,0.0,3670559.7164110234,3670559.7164110234,-4.261749171119433e-05,0.0,0.0,0.0,inf,0
2025-04-01,return_alpha_raw,469.90655517578125,0.008061072224538668,0.0,0.0,3670559.7164110234,0.0,0.0,3700148.363389495,3700148.363389495,0.008061072224538668,0.0,0.0,0.0,inf,0
2025-04-02,return_alpha_raw,473.3361511230469,0.007298463725373461,0.0,0.0,3670559.7164110234,0.0,0.0,3727153.761998193,3727153.761998193,0.007298463725373461,0.0,0.0,0.0,inf,0
2025-04-03,return_alpha_raw,447.99676513671875,-0.053533595366014985,0.0,0.0,3670559.7164110234,0.0,0.0,3527625.820636461,3527625.820636461,-0.053533595366014985,0.0,0.0,0.0,inf,0
2025-04-04,return_alpha_raw,420.1722106933594,-0.06210882892171765,0.0,0.0,3670559.7164110234,0.0,0.0,3308529.112042717,3308529.112042717,-0.06210882892171765,0.0,0.0,0.0,inf,0
2025-04-07,return_alpha_raw,421.1861572265625,0.0024131689516779797,0.0,0.0,3670559.7164110234,0.0,0.0,3316513.1517716213,3316513.1517716213,0.0024131689516779797,0.0,0.0,0.0,inf,0
2025-04-08,return_alpha_raw,413.6012268066406,-0.01800849883070066,0.0,0.0,3670559.7164110234,0.0,0.0,3256787.7285559387,3256787.7285559387,-0.01800849883070066,0.0,0.0,0.0,inf,0
2025-04-09,return_alpha_raw,463.2461242675781,0.12003082738472282,0.0,0.0,3670559.7164110234,0.0,0.0,3647702.65423092,3647702.65423092,0.12003082738472282,0.0,0.0,0.0,inf,0
2025-04-10,return_alpha_raw,443.5432434082031,-0.04253220874870034,0.0,0.0,3670559.7164110234,0.0,0.0,3492557.803487982,3492557.803487982,-0.04253220874870045,0.0,0.0,0.0,inf,0
2025-04-11,return_alpha_raw,451.7146911621094,0.018423114037577237,0.0,0.0,3670559.7164110234,0.0,0.0,3556901.5941844713,3556901.5941844713,0.018423114037577237,0.0,0.0,0.0,inf,0
2025-04-14,return_alpha_raw,454.7764892578125,0.006778168068490631,0.0,0.0,3670559.7164110234,0.0,0.0,3581010.8709929357,3581010.8709929357,0.006778168068490631,0.0,0.0,0.0,inf,0
2025-04-15,return_alpha_raw,455.2834777832031,0.0011148081252354558,0.0,0.0,3670559.7164110234,0.0,0.0,3585003.011008475,3585003.011008475,0.0011148081252354558,0.0,0.0,0.0,inf,0
2025-04-16,return_alpha_raw,441.5550537109375,-0.030153574074574307,0.0,0.0,3670559.7164110234,0.0,0.0,3476902.357158459,3476902.357158459,-0.03015357407457442,0.0,0.0,0.0,inf,0
2025-04-17,return_alpha_raw,441.4755859375,-0.00017997251479662246,0.0,0.0,3670559.7164110234,0.0,0.0,3476276.610297539,3476276.610297539,-0.00017997251479662246,0.0,0.0,0.0,inf,0
2025-04-21,return_alpha_raw,430.5505065917969,-0.024746735026135225,0.0,0.0,3670559.7164110234,0.0,0.0,3390250.114144954,3390250.114144954,-0.024746735026135225,0.0,0.0,0.0,inf,0
2025-04-22,return_alpha_raw,441.85333251953125,0.026252032583137908,0.0,0.0,3670559.7164110234,0.0,0.0,3479251.0706064743,3479251.0706064743,0.026252032583137908,0.0,0.0,0.0,inf,0
2025-04-23,return_alpha_raw,451.8737487792969,0.022678150241908,0.0,0.0,3670559.7164110234,0.0,0.0,3558154.0491150073,3558154.0491150073,0.022678150241908,0.0,0.0,0.0,inf,0
2025-04-24,return_alpha_raw,464.58819580078125,0.028137166754721887,0.0,0.0,3670559.7164110234,0.0,0.0,3658270.422933945,3658270.422933945,0.028137166754721887,0.0,0.0,0.0,inf,0
2025-04-25,return_alpha_raw,469.767333984375,0.011147804077688228,0.0,0.0,3670559.7164110234,0.0,0.0,3699052.1048720144,3699052.1048720144,0.011147804077688228,0.0,0.0,0.0,inf,0
2025-04-28,return_alpha_raw,469.61822509765625,-0.00031741007927066356,0.0,0.0,3670559.7164110234,0.0,0.0,3697877.9884501807,3697877.9884501807,-0.00031741007927066356,0.0,0.0,0.0,inf,0
2025-04-29,return_alpha_raw,472.7198486328125,0.006604563812469655,0.0,0.0,3670559.7164110234,0.0,0.0,3722300.859595627,3722300.859595627,0.006604563812469655,0.0,0.0,0.0,inf,0
2025-04-30,return_alpha_raw,472.6601867675781,-0.00012620977394317556,0.0,0.0,3670559.7164110234,0.0,0.0,3721831.068845589,3721831.068845589,-0.00012620977394317556,0.0,0.0,0.0,inf,0
2025-05-01,return_alpha_raw,478.83343505859375,0.013060647932361613,0.0,0.0,3721831.068845589,0.0,0.0,3770440.5940995067,3770440.5940995067,0.013060647932361613,0.0,0.0,0.0,inf,0
2025-05-02,return_alpha_raw,485.9411926269531,0.014843904055049206,0.0,0.0,3721831.068845589,0.0,0.0,3826408.6525235823,3826408.6525235823,0.014843904055049206,0.0,0.0,0.0,inf,0
2025-05-05,return_alpha_raw,483.058349609375,-0.005932493604820288,0.0,0.0,3721831.068845589,0.0,0.0,3803708.507663057,3803708.507663057,-0.005932493604820288,0.0,0.0,0.0,inf,0
2025-05-06,return_alpha_raw,478.5650634765625,-0.00930174612745227,0.0,0.0,3721831.068845589,0.0,0.0,3768327.376781945,3768327.376781945,-0.00930174612745227,0.0,0.0,0.0,inf,0
2025-05-07,return_alpha_raw,480.4438781738281,0.003925933672668913,0.0,0.0,3721831.068845589,0.0,0.0,3783121.5801200937,3783121.5801200937,0.003925933672668913,0.0,0.0,0.0,inf,0
2025-05-08,return_alpha_raw,485.4044189453125,0.010324912017485754,0.0,0.0,3721831.068845589,0.0,0.0,3822181.977586285,3822181.977586285,0.010324912017485754,0.0,0.0,0.0,inf,0
2025-05-09,return_alpha_raw,485.0863342285156,-0.0006552983540776269,0.0,0.0,3721831.068845589,0.0,0.0,3819677.3080273876,3819677.3080273876,-0.0006552983540776269,0.0,0.0,0.0,inf,0
2025-05-12,return_alpha_raw,504.84881591796875,0.04074013282786759,0.0,0.0,3721831.068845589,0.0,0.0,3975291.4689160152,3975291.4689160152,0.04074013282786759,0.0,0.0,0.0,inf,0
2025-05-13,return_alpha_raw,512.5431518554688,0.015240871514196508,0.0,0.0,3721831.068845589,0.0,0.0,4035878.3754252456,4035878.3754252456,0.015240871514196508,0.0,0.0,0.0,inf,0
2025-05-14,return_alpha_raw,515.6148071289062,0.005992969103806534,0.0,0.0,3721831.068845589,0.0,0.0,4060065.26983589,4060065.26983589,0.005992969103806534,0.0,0.0,0.0,inf,0
2025-05-15,return_alpha_raw,516.1815185546875,0.0010990984315149,0.0,0.0,3721831.068845589,0.0,0.0,4064527.6812058147,4064527.6812058147,0.0010990984315149,0.0,0.0,0.0,inf,0
2025-05-16,return_alpha_raw,518.4280395507812,0.004352191845969244,0.0,0.0,3721831.068845589,0.0,0.0,4082217.2854376747,4082217.2854376747,0.004352191845969244,0.0,0.0,0.0,inf,0
2025-05-19,return_alpha_raw,518.9251708984375,0.0009589206403399775,0.0,0.0,3721831.068845589,0.0,0.0,4086131.8078510338,4086131.8078510338,0.0009589206403399775,0.0,0.0,0.0,inf,0
2025-05-20,return_alpha_raw,517.1954956054688,-0.0033331882706211236,0.0,0.0,3721831.068845589,0.0,0.0,4072511.9612368927,4072511.9612368927,-0.0033331882706211236,0.0,0.0,0.0,inf,0
2025-05-21,return_alpha_raw,510.0081481933594,-0.013896771091742255,0.0,0.0,3721831.068845589,0.0,0.0,4015917.194743201,4015917.194743201,-0.013896771091742255,0.0,0.0,0.0,inf,0
2025-05-22,return_alpha_raw,510.9624938964844,0.0018712361880994788,0.0,0.0,3721831.068845589,0.0,0.0,4023431.9243264156,4023431.9243264156,0.0018712361880994788,0.0,0.0,0.0,inf,0
2025-05-23,return_alpha_raw,506.2306213378906,-0.009260704288703403,0.0,0.0,3721831.068845589,0.0,0.0,3986172.1110495,3986172.1110495,-0.009260704288703403,0.0,0.0,0.0,inf,0
2025-05-27,return_alpha_raw,518.1398315429688,0.02352526635706842,0.0,0.0,3721831.068845589,0.0,0.0,4079947.871707057,4079947.871707057,0.02352526635706842,0.0,0.0,0.0,inf,0
2025-05-28,return_alpha_raw,515.8434448242188,-0.004431982601900364,0.0,0.0,3721831.068845589,0.0,0.0,4061865.613722991,4061865.613722991,-0.004431982601900364,0.0,0.0,0.0,inf,0
2025-05-29,return_alpha_raw,516.8574829101562,0.001965786511609169,0.0,0.0,3721831.068845589,0.0,0.0,4069850.374358417,4069850.374358417,0.001965786511609169,0.0,0.0,0.0,inf,0
2025-05-30,return_alpha_raw,516.042236328125,-0.0015773140739706593,0.0,0.0,3721831.068845589,0.0,0.0,4063430.942083987,4063430.942083987,-0.0015773140739705482,0.0,0.0,0.0,inf,0
2025-06-02,return_alpha_raw,520.1181030273438,0.007898319967412748,0.0,0.0,4063430.942083987,0.0,0.0,4095525.2198300515,4095525.2198300515,0.007898319967412748,0.0,0.0,0.0,inf,0
2025-06-03,return_alpha_raw,524.183837890625,0.007816945496833538,0.0,0.0,4063430.942083987,0.0,0.0,4127539.7172543705,4127539.7172543705,0.007816945496833538,0.0,0.0,0.0,inf,0
2025-06-04,return_alpha_raw,525.6452026367188,0.0027878859294374614,0.0,0.0,4063430.942083987,0.0,0.0,4139046.827155298,4139046.827155298,0.0027878859294374614,0.0,0.0,0.0,inf,0
2025-06-05,return_alpha_raw,521.688720703125,-0.007526905817360152,0.0,0.0,4063430.942083987,0.0,0.0,4107892.6115136566,4107892.6115136566,-0.007526905817360263,0.0,0.0,0.0,inf,0
2025-06-06,return_alpha_raw,526.7883911132812,0.009775312763678379,0.0,0.0,4063430.942083987,0.0,0.0,4148048.546590806,4148048.546590806,0.009775312763678379,0.0,0.0,0.0,inf,0
2025-06-09,return_alpha_raw,527.5638427734375,0.0014720363493916366,0.0,0.0,4063430.942083987,0.0,0.0,4154154.624830429,4154154.624830429,0.0014720363493916366,0.0,0.0,0.0,inf,0
2025-06-10,return_alpha_raw,531.0530395507812,0.0066137905869378955,0.0,0.0,4063430.942083987,0.0,0.0,4181629.333584817,4181629.333584817,0.0066137905869378955,0.0,0.0,0.0,inf,0
2025-06-11,return_alpha_raw,529.263671875,-0.003369470735531177,0.0,0.0,4063430.942083987,0.0,0.0,4167539.4559184643,4167539.4559184643,-0.003369470735531177,0.0,0.0,0.0,inf,0
2025-06-12,return_alpha_raw,530.5062866210938,0.0023478179442990577,0.0,0.0,4063430.942083987,0.0,0.0,4177324.079836644,4177324.079836644,0.0023478179442990577,0.0,0.0,0.0,inf,0
2025-06-13,return_alpha_raw,523.8458862304688,-0.012554800119422671,0.0,0.0,4063430.942083987,0.0,0.0,4124878.610980244,4124878.610980244,-0.012554800119422671,0.0,0.0,0.0,inf,0
2025-06-16,return_alpha_raw,531.132568359375,0.013909972990988395,0.0,0.0,4063430.942083987,0.0,0.0,4182255.561050085,4182255.561050085,0.013909972990988395,0.0,0.0,0.0,inf,0
2025-06-17,return_alpha_raw,525.9533081054688,-0.00975135128675042,0.0,0.0,4063430.942083987,0.0,0.0,4141472.91790332,4141472.91790332,-0.00975135128675042,0.0,0.0,0.0,inf,0
2025-06-18,return_alpha_raw,525.8638305664062,-0.00017012449143971597,0.0,0.0,4063430.942083987,0.0,0.0,4140768.3519293503,4140768.3519293503,-0.00017012449143971597,0.0,0.0,0.0,inf,0
2025-06-20,return_alpha_raw,523.7167358398438,-0.004082986130173438,0.0,0.0,4063430.942083987,0.0,0.0,4123861.652180162,4123861.652180162,-0.004082986130173438,0.0,0.0,0.0,inf,0
2025-06-23,return_alpha_raw,529.1017456054688,0.010282294601469122,4.0,0.0,4063430.942083987,0.0,0.0,4166264.4125835793,4166264.4125835793,0.010282294601469122,0.0,0.0,0.0,inf,0
2025-06-24,return_alpha_raw,537.1927490234375,0.01529196130077004,1.0,4.0,4063430.942083987,162537.23768335948,162537.23768335948,4394856.202094411,4232318.964411051,0.015854623059439854,3.840382519609492,113.77606637835163,25.79956153704119,2703.9072797927556,1
2025-06-25,return_alpha_raw,538.5661010742188,0.002556534974230029,0.0,1.0,4063430.942083987,-121902.9282625196,40634.30942083987,4283785.228225156,4243150.918804316,0.002559342640370277,0.9576446890154516,85.33204978376372,6.449890384260297,10542.286282901998,-1
2025-06-26,return_alpha_raw,543.601806640625,0.009350208927673131,0.0,0.0,4063430.942083987,-40634.30942083987,0.0,4282796.556432692,4282796.556432692,0.009343442735604723,0.0,28.444016594587907,0.0,inf,-1
2025-06-27,return_alpha_raw,545.4630126953125,0.0034238408186857416,0.0,0.0,4063430.942083987,0.0,0.0,4297460.170100734,4297460.170100734,0.0034238408186857416,0.0,0.0,0.0,inf,0
2025-06-30,return_alpha_raw,548.9959106445312,0.006476879031195093,0.0,0.0,4063430.942083987,0.0,0.0,4325294.2997638555,4325294.2997638555,0.006476879031195093,0.0,0.0,0.0,inf,0
2025-07-01,return_alpha_raw,544.3682861328125,-0.008429251333194498,0.0,0.0,4325294.2997638555,0.0,0.0,4288835.307021112,4288835.307021112,-0.00842925133319461,0.0,0.0,0.0,inf,0
2025-07-02,return_alpha_raw,548.159912109375,0.00696518528567891,0.0,0.0,4325294.2997638555,0.0,0.0,4318707.839594276,4318707.839594276,0.00696518528567891,0.0,0.0,0.0,inf,0
2025-07-03,return_alpha_raw,553.553955078125,0.009840272609489498,0.0,0.0,4325294.2997638555,0.0,0.0,4361205.1020566225,4361205.1020566225,0.009840272609489498,0.0,0.0,0.0,inf,0
2025-07-07,return_alpha_raw,549.3840942382812,-0.007532889615530336,0.0,0.0,4325294.2997638555,0.0,0.0,4328352.625432142,4328352.625432142,-0.007532889615530336,0.0,0.0,0.0,inf,0
2025-07-08,return_alpha_raw,549.6925048828125,0.0005613752705360131,1.0,0.0,4325294.2997638555,0.0,0.0,4330782.455558219,4330782.455558219,0.0005613752705360131,0.0,0.0,0.0,inf,0
2025-07-09,return_alpha_raw,553.5838012695312,0.007079042104727762,1.0,1.0,4325294.2997638555,43252.94299763856,43252.94299763856,4404962.022370615,4361709.079372977,0.007141116907192213,0.9916512589568774,30.27706009834699,6.865546507561676,10184.190293389074,1
2025-07-10,return_alpha_raw,552.7876586914062,-0.001438160900480101,0.0,1.0,4325294.2997638555,0.0,43252.94299763856,4398620.112675434,4355367.169677796,-0.0014539964907730463,0.9930952159158225,0.0,6.865546507561676,10169.527916090197,0
2025-07-11,return_alpha_raw,551.5436401367188,-0.002250445600816109,1.0,0.0,4325294.2997638555,-43252.94299763856,0.0,4345535.443867634,4345535.443867634,-0.00225738162298017,0.0,30.27706009834699,0.0,inf,-1
2025-07-14,return_alpha_raw,553.5440673828125,0.003626960951989,0.0,1.0,4325294.2997638555,43252.94299763856,43252.94299763856,4404669.098550655,4361416.155553017,0.0036544890475564973,0.9917178607817164,30.27706009834699,6.865546507561676,10183.513058963716,1
2025-07-15,return_alpha_raw,554.051513671875,0.0009167224778718897,0.0,0.0,4325294.2997638555,-43252.94299763856,0.0,4365384.058962407,4365384.058962407,0.0009097740889361106,0.0,30.27706009834699,0.0,inf,-1
2025-07-16,return_alpha_raw,554.6187744140625,0.001023841155902705,0.0,0.0,4325294.2997638555,0.0,0.0,4369853.518823294,4369853.518823294,0.001023841155902705,0.0,0.0,0.0,inf,0
2025-07-17,return_alpha_raw,559.1072998046875,0.008092992155498191,0.0,0.0,4325294.2997638555,0.0,0.0,4405218.709071807,4405218.709071807,0.008092992155498191,0.0,0.0,0.0,inf,0
2025-07-18,return_alpha_raw,558.56982421875,-0.0009613102639247639,0.0,0.0,4325294.2997638555,0.0,0.0,4400983.927111942,4400983.927111942,-0.0009613102639247639,0.0,0.0,0.0,inf,0
2025-07-21,return_alpha_raw,561.4658813476562,0.005184771900194951,0.0,0.0,4325294.2997638555,0.0,0.0,4423802.024910442,4423802.024910442,0.005184771900194951,0.0,0.0,0.0,inf,0
2025-07-22,return_alpha_raw,558.559814453125,-0.0051758566122592775,0.0,0.0,4325294.2997638555,0.0,0.0,4400905.059948483,4400905.059948483,-0.0051758566122593885,0.0,0.0,0.0,inf,0
2025-07-23,return_alpha_raw,561.1075439453125,0.004561247383473077,0.0,0.0,4325294.2997638555,0.0,0.0,4420978.676638086,4420978.676638086,0.004561247383473077,0.0,0.0,0.0,inf,0
2025-07-24,return_alpha_raw,562.3018798828125,0.002128533024350787,0.0,0.0,4325294.2997638555,0.0,0.0,4430388.875751261,4430388.875751261,0.002128533024350787,0.0,0.0,0.0,inf,0
2025-07-25,return_alpha_raw,563.6553344726562,0.002406989267270232,1.0,0.0,4325294.2997638555,0.0,0.0,4441052.774225027,4441052.774225027,0.002406989267270232,0.0,0.0,0.0,inf,0
2025-07-28,return_alpha_raw,565.4168701171875,0.003125199988001981,1.0,1.0,4325294.2997638555,43252.94299763856,43252.94299763856,4498282.832167854,4455029.889170215,0.0031472526123328404,0.9708788509541236,30.27706009834699,6.865546507561676,10399.94627050798,1
2025-07-29,return_alpha_raw,564.541015625,-0.0015490420227574075,3.0,1.0,4325294.2997638555,0.0,43252.94299763856,4491307.93748407,4448054.994486432,-0.001565622421690005,0.9724012641761975,0.0,6.865546507561676,10383.82044368467,0
2025-07-30,return_alpha_raw,565.2974853515625,0.0013399730145824407,4.0,3.0,4325294.2997638555,86505.88599527712,129758.82899291567,4583866.738567986,4454107.90957507,0.0013608004163936371,2.913239455065086,60.55412019669398,20.59663952268503,3532.6048902755174,1
2025-07-31,return_alpha_raw,562.3018798828125,-0.00529916645018691,4.0,4.0,4325294.2997638555,43252.94299763856,173011.77199055423,4602542.225385125,4429530.45339457,-0.005517930117423853,3.9058715999563036,30.27706009834699,27.462186030246706,2660.248012277688,1
2025-08-01,return_alpha_raw,551.2252197265625,-0.019698778454303678,4.0,4.0,4429530.45339457,4169.446145228576,177181.2181357828,4515934.093787938,4338752.875652156,-0.02049372471812383,4.083690019085283,2.918612301660003,28.124002878695684,2548.7656882046904,1
2025-08-04,return_alpha_raw,561.3961181640625,0.018451438855692004,4.0,4.0,4429530.45339457,0.0,177181.2181357828,4599231.451592923,4422050.233457141,0.019198456374970307,4.006766291238245,0.0,28.124002878695684,2595.7782094422123,0
2025-08-05,return_alpha_raw,557.5845947265625,-0.006789365501786548,4.0,4.0,4429530.45339457,0.0,177181.2181357828,4567977.464237868,4390796.246102085,-0.007067759456595102,4.035286727164232,0.0,28.124002878695684,2578.138649400863,0
2025-08-06,return_alpha_raw,564.6007690429688,0.01258315667750276,4.0,4.0,4429530.45339457,0.0,177181.2181357828,4625428.916366796,4448247.6982310135,0.013084517911741145,3.9831688825746943,0.0,28.124002878695684,2610.5638989467266,0
2025-08-07,return_alpha_raw,566.5115356445312,0.0033842791337344025,4.0,4.0,4429530.45339457,0.0,177181.2181357828,4641054.534930149,4463873.316794367,0.0035127581967988597,3.9692259515783404,0.0,28.124002878695684,2619.382902861339,0
2025-08-08,return_alpha_raw,571.7960815429688,0.009328222932698305,4.0,4.0,4429530.45339457,0.0,177181.2181357828,4684319.202271909,4507137.984136127,0.009692180819510732,3.93112477939241,0.0,28.124002878695684,2643.8012175094555,0
2025-08-11,return_alpha_raw,570.104248046875,-0.002958805683887178,4.0,4.0,4429530.45339457,0.0,177181.2181357828,4670431.087988207,4493249.869852425,-0.003081359907902703,3.943275430208873,0.0,28.124002878695684,2635.9628504241477,0
2025-08-12,return_alpha_raw,577.2697143554688,0.01256869481878442,4.0,4.0,4429530.45339457,0.0,177181.2181357828,4729104.187002416,4551922.968866633,0.013058053906122025,3.892447639110609,0.0,28.124002878695684,2669.0775900289086,0
2025-08-13,return_alpha_raw,577.558349609375,0.0005000006872497575,4.0,4.0,4429530.45339457,0.0,177181.2181357828,4731440.618343114,4554259.400207331,0.0005132844638799927,3.890450731192797,0.0,28.124002878695684,2670.3962576423733,0
2025-08-14,return_alpha_raw,577.110595703125,-0.0007752531091496095,4.0,4.0,4429530.45339457,0.0,177181.2181357828,4727744.430290109,4550563.212154326,-0.0008115892680239378,3.893610743886398,0.0,28.124002878695684,2668.3101516251018,0
2025-08-15,return_alpha_raw,574.57275390625,-0.004397496451755467,4.0,4.0,4429530.45339457,0.0,177181.2181357828,4706926.066930222,4529744.84879444,-0.004574898180577214,3.911505483204829,0.0,28.124002878695684,2656.560394185274,0
2025-08-18,return_alpha_raw,574.34375,-0.00039856381057601364,4.0,4.0,4429530.45339457,0.0,177181.2181357828,4705021.932538008,4527840.714402226,-0.000420362394742968,3.913150424488257,0.0,28.124002878695684,2655.485712335669,0
2025-08-19,return_alpha_raw,566.5514526367188,-0.013567305926601048,4.0,4.0,4429530.45339457,0.0,177181.2181357828,4641159.336585019,4463978.118449236,-0.01410442636593956,3.969132765313256,0.0,28.124002878695684,2619.44205227682,0
2025-08-20,return_alpha_raw,563.1876220703125,-0.005937378768955726,4.0,4.0,4429530.45339457,0.0,177181.2181357828,4613574.89167376,4436393.673537977,-0.006179341425813667,3.9938118925880324,0.0,28.124002878695684,2603.873559633249,0
2025-08-21,return_alpha_raw,560.5802001953125,-0.004629757069970708,4.0,4.0,4429530.45339457,0.0,177181.2181357828,4592187.036698315,4415005.818562533,-0.00482100024238552,4.013159334713418,0.0,28.124002878695684,2591.8023845953544,0
2025-08-22,return_alpha_raw,569.2284545898438,0.015427327600079588,4.0,4.0,4429530.45339457,0.0,177181.2181357828,4663004.08651142,4485822.868375638,0.01604008074357699,3.949804157112025,0.0,28.124002878695684,2631.771096041301,0
2025-08-25,return_alpha_raw,567.5863647460938,-0.002884764158413655,4.0,4.0,4429530.45339457,0.0,177181.2181357828,4649524.295449237,4472343.077313455,-0.00300497622347351,3.9617089984567087,0.0,28.124002878695684,2624.1631840944196,0
2025-08-26,return_alpha_raw,569.8654174804688,0.004015340881901697,4.0,4.0,4429530.45339457,0.0,177181.2181357828,4668165.596431271,4490984.378295489,0.004168128575956942,3.945264628220112,0.0,28.124002878695684,2634.6842207924224,0
2025-08-27,return_alpha_raw,570.7412109375,0.001536842612600342,4.0,4.0,4429530.45339457,0.0,177181.2181357828,4675311.708239663,4498130.490103881,0.001591212795780006,3.938996846036162,0.0,28.124002878695684,2638.717442757809,0
2025-08-28,return_alpha_raw,574.3140258789062,0.006259956128868982,4.0,4.0,4429530.45339457,0.0,177181.2181357828,4704550.830419153,4527369.61228337,0.00650028322740237,3.913557613124098,0.0,28.124002878695684,2655.2198251700815,0
2025-08-29,return_alpha_raw,567.6660766601562,-0.011575460321687658,4.0,4.0,4429530.45339457,0.0,177181.2181357828,4650065.3649473945,4472884.146811612,-0.012034684626572534,3.9612297640680496,0.0,28.124002878695684,2624.468560422594,0
2025-09-02,return_alpha_raw,562.9088745117188,-0.008380282606327838,4.0,4.0,4472884.146811612,1734.1477366816835,178915.3658724645,4612786.515144819,4433871.149272355,-0.008722112234242907,4.03519542740493,1.2139034156771784,28.399264424200712,2578.1947194143927,1
2025-09-03,return_alpha_raw,567.3375854492188,0.007867545064627945,4.0,4.0,4472884.146811612,0.0,178915.3658724645,4649049.421661805,4470134.055789341,0.008178610811217846,4.002460857762159,0.0,28.399264424200712,2598.462909538898,0
2025-09-04,return_alpha_raw,572.4728393554688,0.009051496036850626,4.0,4.0,4472884.146811612,0.0,178915.3658724645,4691101.874812676,4512186.5089402115,0.00940742551029472,3.9651589205803193,0.0,28.399264424200712,2621.96701325062,0
2025-09-05,return_alpha_raw,573.298828125,0.0014428435949227492,4.0,4.0,4472884.146811612,0.0,178915.3658724645,4697842.001841455,4518926.635968991,0.0014937607333882497,3.95924475622959,0.0,28.399264424200712,2625.7342285459135,0
2025-09-08,return_alpha_raw,576.0953979492188,0.0048780316425294235,4.0,4.0,4472884.146811612,0.0,178915.3658724645,4720729.824513617,4541814.458641153,0.005064880339057387,3.939292710032753,0.0,28.399264424200712,2638.5267701817606,0
2025-09-09,return_alpha_raw,577.7275390625,0.002833109098061337,4.0,4.0,4472884.146811612,0.0,178915.3658724645,4734075.767864512,4555160.401992048,0.0029384607126572426,3.9277511675378496,0.0,28.399264424200712,2645.986131363968,0
2025-09-10,return_alpha_raw,577.9166870117188,0.0003273999185251508,3.0,4.0,4472884.146811612,0.0,178915.3658724645,4735597.304620779,4556681.938748315,0.00033402484698474844,3.9264396391381915,0.0,28.399264424200712,2646.8365539919223,0
2025-09-11,return_alpha_raw,581.2804565429688,0.005820509438208665,3.0,3.0,4472884.146811612,-44728.84146811612,134186.52440434837,4718118.915437242,4583932.391032893,0.005980327933984286,2.9273233755987453,31.310189027681286,21.299448318150535,3516.0899623720707,-1
2025-09-12,return_alpha_raw,583.8480224609375,0.0044170862602861405,0.0,3.0,4472884.146811612,0.0,134186.52440434837,4738937.954224698,4604751.429820349,0.0045417421138633784,2.914088337871118,0.0,21.299448318150535,3531.604962018922,0
2025-09-15,return_alpha_raw,588.843994140625,0.008556972855075173,0.0,0.0,4472884.146811612,-134186.52440434837,0.0,4644059.428481295,4644059.428481295,0.008536399686286389,0.0,93.93056708304385,0.0,inf,-1
2025-09-16,return_alpha_raw,588.3463745117188,-0.0008450788899231343,0.0,0.0,4472884.146811612,0.0,0.0,4640134.831894737,4640134.831894737,-0.0008450788899231343,0.0,0.0,0.0,inf,0
2025-09-17,return_alpha_raw,587.1720581054688,-0.001995960980000211,0.0,0.0,4472884.146811612,0.0,0.0,4630873.303828335,4630873.303828335,-0.0019959609800001,0.0,0.0,0.0,inf,0
2025-09-18,return_alpha_raw,592.4666137695312,0.009017042945036469,0.0,0.0,4472884.146811612,0.0,0.0,4672630.087281979,4672630.087281979,0.009017042945036469,0.0,0.0,0.0,inf,0
2025-09-19,return_alpha_raw,596.4772338867188,0.006769360541128533,0.0,0.0,4472884.146811612,0.0,0.0,4704260.805018115,4704260.805018115,0.006769360541128533,0.0,0.0,0.0,inf,0
2025-09-22,return_alpha_raw,600.0083618164062,0.005919971004891833,0.0,0.0,4472884.146811612,0.0,0.0,4732109.8925832715,4732109.8925832715,0.005919971004891833,0.0,0.0,0.0,inf,0
2025-09-23,return_alpha_raw,596.0228881835938,-0.00664236348431424,0.0,0.0,4472884.146811612,0.0,0.0,4700677.498629014,4700677.498629014,-0.00664236348431424,0.0,0.0,0.0,inf,0
2025-09-24,return_alpha_raw,593.9305419921875,-0.0035105131579472593,0.0,0.0,4472884.146811612,0.0,0.0,4684175.70841881,4684175.70841881,-0.0035105131579473703,0.0,0.0,0.0,inf,0
2025-09-25,return_alpha_raw,591.3699340820312,-0.004311291858417277,0.0,0.0,4472884.146811612,0.0,0.0,4663980.8598237075,4663980.8598237075,-0.004311291858417388,0.0,0.0,0.0,inf,0
2025-09-26,return_alpha_raw,593.8009643554688,0.004110845231269922,0.0,0.0,4472884.146811612,0.0,0.0,4683153.763300048,4683153.763300048,0.004110845231269922,0.0,0.0,0.0,inf,0
2025-09-29,return_alpha_raw,596.5509643554688,0.004631181431281384,0.0,0.0,4472884.146811612,0.0,0.0,4704842.298048479,4704842.298048479,0.004631181431281384,0.0,0.0,0.0,inf,0
2025-09-30,return_alpha_raw,598.1849975585938,0.002739134291552814,0.0,0.0,4472884.146811612,0.0,0.0,4717729.492923412,4717729.492923412,0.002739134291552814,0.0,0.0,0.0,inf,0
2025-10-01,return_alpha_raw,601.0545043945312,0.004797022405524931,0.0,0.0,4717729.492923412,0.0,0.0,4740360.547004171,4740360.547004171,0.004797022405524931,0.0,0.0,0.0,inf,0
2025-10-02,return_alpha_raw,603.5255126953125,0.004111121841221976,0.0,0.0,4717729.492923412,0.0,0.0,4759848.746784227,4759848.746784227,0.004111121841221976,0.0,0.0,0.0,inf,0
2025-10-03,return_alpha_raw,600.9848022460938,-0.004209781352692232,0.0,0.0,4717729.492923412,0.0,0.0,4739810.824288379,4739810.824288379,-0.004209781352692232,0.0,0.0,0.0,inf,0
2025-10-06,return_alpha_raw,605.498291015625,0.007510154587375251,0.0,0.0,4717729.492923412,0.0,0.0,4775407.536293699,4775407.536293699,0.007510154587375251,0.0,0.0,0.0,inf,0
2025-10-07,return_alpha_raw,602.3099975585938,-0.005265569704058781,0.0,0.0,4717729.492923412,0.0,0.0,4750262.295046058,4750262.295046058,-0.005265569704058781,0.0,0.0,0.0,inf,0
2025-10-08,return_alpha_raw,609.2147216796875,0.011463738189771755,0.0,0.0,4717729.492923412,0.0,0.0,4804718.05832921,4804718.05832921,0.011463738189771755,0.0,0.0,0.0,inf,0
2025-10-09,return_alpha_raw,608.4774169921875,-0.0012102542195092658,0.0,0.0,4717729.492923412,0.0,0.0,4798903.128025564,4798903.128025564,-0.0012102542195092658,0.0,0.0,0.0,inf,0
2025-10-10,return_alpha_raw,587.3545532226562,-0.0347142937102668,0.0,0.0,4717729.492923412,0.0,0.0,4632312.595352167,4632312.595352167,-0.034714293710266686,0.0,0.0,0.0,inf,0
2025-10-13,return_alpha_raw,599.8190307617188,0.021221385738261933,0.0,0.0,4717729.492923412,0.0,0.0,4730616.6877983445,4730616.6877983445,0.021221385738261933,0.0,0.0,0.0,inf,0
2025-10-14,return_alpha_raw,595.8236694335938,-0.006660944590322959,0.0,0.0,4717729.492923412,0.0,0.0,4699106.312162863,4699106.312162863,-0.006660944590322848,0.0,0.0,0.0,inf,0
2025-10-15,return_alpha_raw,600.0282592773438,0.007056768737883523,0.0,0.0,4717729.492923412,0.0,0.0,4732266.818682525,4732266.818682525,0.007056768737883523,0.0,0.0,0.0,inf,0
2025-10-16,return_alpha_raw,597.806396484375,-0.0037029302513930107,0.0,0.0,4717729.492923412,0.0,0.0,4714743.564721962,4714743.564721962,-0.0037029302513930107,0.0,0.0,0.0,inf,0
2025-10-17,return_alpha_raw,601.7320556640625,0.006566773461732511,0.0,0.0,4717729.492923412,0.0,0.0,4745704.217641653,4745704.217641653,0.006566773461732511,0.0,0.0,0.0,inf,0
2025-10-20,return_alpha_raw,609.3143310546875,0.012600750316114295,0.0,0.0,4717729.492923412,0.0,0.0,4805503.651562286,4805503.651562286,0.012600750316114295,0.0,0.0,0.0,inf,0
2025-10-21,return_alpha_raw,609.1549072265625,-0.00026164463889932765,0.0,0.0,4717729.492923412,0.0,0.0,4804246.317294643,4804246.317294643,-0.00026164463889932765,0.0,0.0,0.0,inf,0
2025-10-22,return_alpha_raw,603.286376953125,-0.009633888201207252,0.0,0.0,4717729.492923412,0.0,0.0,4757962.745382765,4757962.745382765,-0.009633888201207141,0.0,0.0,0.0,inf,0
2025-10-23,return_alpha_raw,608.35791015625,0.008406510401807177,0.0,0.0,4717729.492923412,0.0,0.0,4797960.6086932365,4797960.6086932365,0.008406510401807177,0.0,0.0,0.0,inf,0
2025-10-24,return_alpha_raw,614.8540649414062,0.010678179204553828,0.0,0.0,4717729.492923412,0.0,0.0,4849194.091889253,4849194.091889253,0.010678179204553828,0.0,0.0,0.0,inf,0
2025-10-27,return_alpha_raw,625.80419921875,0.01780932240951727,0.0,0.0,4717729.492923412,0.0,0.0,4935554.952898035,4935554.952898035,0.01780932240951727,0.0,0.0,0.0,inf,0
2025-10-28,return_alpha_raw,630.6165161132812,0.007689812405443863,0.0,0.0,4717729.492923412,0.0,0.0,4973508.44460258,4973508.44460258,0.007689812405443863,0.0,0.0,0.0,inf,0
2025-10-29,return_alpha_raw,633.4561767578125,0.0045029912347254175,0.0,0.0,4717729.492923412,0.0,0.0,4995904.109534458,4995904.109534458,0.0045029912347254175,0.0,0.0,0.0,inf,0
2025-10-30,return_alpha_raw,623.7715454101562,-0.015288557761366617,0.0,0.0,4717729.492923412,0.0,0.0,4919523.940985592,4919523.940985592,-0.015288557761366617,0.0,0.0,0.0,inf,0
2025-10-31,return_alpha_raw,626.7805786132812,0.004823934700558308,0.0,0.0,4717729.492923412,0.0,0.0,4943255.40323474,4943255.40323474,0.004823934700558308,0.0,0.0,0.0,inf,0
2025-11-03,return_alpha_raw,629.7796630859375,0.004784903321815692,0.0,0.0,4943255.40323474,0.0,0.0,4966908.4024342615,4966908.4024342615,0.004784903321815692,0.0,0.0,0.0,inf,0
2025-11-04,return_alpha_raw,616.996337890625,-0.02029809145102246,0.0,0.0,4943255.40323474,0.0,0.0,4866089.641452799,4866089.641452799,-0.02029809145102257,0.0,0.0,0.0,inf,0
2025-11-05,return_alpha_raw,621.0116577148438,0.006507850334973142,0.0,0.0,4943255.40323474,0.0,0.0,4897757.424555937,4897757.424555937,0.006507850334973142,0.0,0.0,0.0,inf,0
2025-11-06,return_alpha_raw,609.44384765625,-0.0186273637779365,0.0,0.0,4943255.40323474,0.0,0.0,4806525.115312644,4806525.115312644,-0.01862736377793639,0.0,0.0,0.0,inf,0
2025-11-07,return_alpha_raw,607.5209350585938,-0.003155192402140461,0.0,0.0,4943255.40323474,0.0,0.0,4791359.603788112,4791359.603788112,-0.003155192402140461,0.0,0.0,0.0,inf,0
2025-11-10,return_alpha_raw,620.9617919921875,0.02212410496158035,0.0,0.0,4943255.40323474,0.0,0.0,4897364.146570996,4897364.146570996,0.02212410496158035,0.0,0.0,0.0,inf,0
2025-11-11,return_alpha_raw,619.307861328125,-0.00266349827862411,0.0,0.0,4943255.40323474,0.0,0.0,4884320.025596809,4884320.025596809,-0.002663498278624221,0.0,0.0,0.0,inf,0
2025-11-12,return_alpha_raw,618.8196411132812,-0.0007883320159972618,0.0,0.0,4943255.40323474,0.0,0.0,4880469.559744254,4880469.559744254,-0.0007883320159973728,0.0,0.0,0.0,inf,0
2025-11-13,return_alpha_raw,606.1858520507812,-0.020415947108225807,0.0,0.0,4943255.40323474,0.0,0.0,4780830.151349209,4780830.151349209,-0.020415947108225807,0.0,0.0,0.0,inf,0
2025-11-14,return_alpha_raw,606.64404296875,0.0007558588119775944,0.0,0.0,4943255.40323474,0.0,0.0,4784443.783947675,4784443.783947675,0.0007558588119775944,0.0,0.0,0.0,inf,0
2025-11-17,return_alpha_raw,601.4630126953125,-0.008540478281271802,0.0,0.0,4943255.40323474,0.0,0.0,4743582.3457229035,4743582.3457229035,-0.008540478281271802,0.0,0.0,0.0,inf,0
2025-11-18,return_alpha_raw,594.1397705078125,-0.012175714936622062,0.0,0.0,4943255.40323474,0.0,0.0,4685825.839302989,4685825.839302989,-0.01217571493662195,0.0,0.0,0.0,inf,0
2025-11-19,return_alpha_raw,597.6868286132812,0.005970073510543017,0.0,0.0,4943255.40323474,0.0,0.0,4713800.56402123,4713800.56402123,0.005970073510543017,0.0,0.0,0.0,inf,0
2025-11-20,return_alpha_raw,583.5385131835938,-0.023671787217586227,0.0,0.0,4943255.40323474,0.0,0.0,4602216.480083581,4602216.480083581,-0.023671787217586227,0.0,0.0,0.0,inf,0
2025-11-21,return_alpha_raw,587.9224853515625,0.00751273835218047,0.0,0.0,4943255.40323474,0.0,0.0,4636791.728338542,4636791.728338542,0.00751273835218047,0.0,0.0,0.0,inf,0
2025-11-24,return_alpha_raw,602.9575805664062,0.025573261083649657,0.0,0.0,4943255.40323474,0.0,0.0,4755369.613797851,4755369.613797851,0.025573261083649657,0.0,0.0,0.0,inf,0
2025-11-25,return_alpha_raw,606.674072265625,0.006163769755954451,0.0,0.0,4943255.40323474,0.0,0.0,4784680.617201763,4784680.617201763,0.006163769755954451,0.0,0.0,0.0,inf,0
2025-11-26,return_alpha_raw,612.034423828125,0.008835636476900666,0.0,0.0,4943255.40323474,0.0,0.0,4826956.31579343,4826956.31579343,0.008835636476900666,0.0,0.0,0.0,inf,0
2025-11-28,return_alpha_raw,616.996337890625,0.008107246699400328,0.0,0.0,4943255.40323474,0.0,0.0,4866089.641452796,4866089.641452796,0.008107246699400328,0.0,0.0,0.0,inf,0
2025-12-01,return_alpha_raw,614.923828125,-0.0033590309023721066,0.0,0.0,4866089.641452796,0.0,0.0,4849744.295973443,4849744.295973443,-0.0033590309023719955,0.0,0.0,0.0,inf,0
2025-12-02,return_alpha_raw,619.7362670898438,0.007826073319548543,0.0,0.0,4866089.641452796,0.0,0.0,4887698.750414794,4887698.750414794,0.007826073319548543,0.0,0.0,0.0,inf,0
2025-12-03,return_alpha_raw,621.2507934570312,0.002443824006459039,0.0,0.0,4866089.641452796,0.0,0.0,4899643.425957398,4899643.425957398,0.002443824006459039,0.0,0.0,0.0,inf,0
2025-12-04,return_alpha_raw,620.6728515625,-0.0009302875756749263,0.0,0.0,4866089.641452796,0.0,0.0,4895085.348552992,4895085.348552992,-0.0009302875756750373,0.0,0.0,0.0,inf,0
2025-12-05,return_alpha_raw,623.2036743164062,0.0040775470483929155,0.0,0.0,4866089.641452796,0.0,0.0,4915045.289367615,4915045.289367615,0.0040775470483929155,0.0,0.0,0.0,inf,0
2025-12-08,return_alpha_raw,622.0079956054688,-0.0019186002268825053,0.0,0.0,4866089.641452796,0.0,0.0,4905615.282360297,4905615.282360297,-0.0019186002268825053,0.0,0.0,0.0,inf,0
2025-12-09,return_alpha_raw,622.7752075195312,0.0012334438133960735,0.0,0.0,4866089.641452796,0.0,0.0,4911666.083181226,4911666.083181226,0.0012334438133960735,0.0,0.0,0.0,inf,0
2025-12-10,return_alpha_raw,625.3258666992188,0.004095633783892216,0.0,0.0,4866089.641452796,0.0,0.0,4931782.4687267,4931782.4687267,0.004095633783892216,0.0,0.0,0.0,inf,0
2025-12-11,return_alpha_raw,623.3033447265625,-0.003234348809736831,0.0,0.0,4866089.641452796,0.0,0.0,4915831.363969093,4915831.363969093,-0.003234348809736831,0.0,0.0,0.0,inf,0
2025-12-12,return_alpha_raw,611.3867797851562,-0.01911840365084827,0.0,0.0,4866089.641452796,0.0,0.0,4821848.515673232,4821848.515673232,-0.01911840365084827,0.0,0.0,0.0,inf,0
2025-12-15,return_alpha_raw,608.3179931640625,-0.005019386618356658,0.0,0.0,4866089.641452796,0.0,0.0,4797645.793757919,4797645.793757919,-0.005019386618356658,0.0,0.0,0.0,inf,0
2025-12-16,return_alpha_raw,609.5235595703125,0.001981802971139146,0.0,0.0,4866089.641452796,0.0,0.0,4807153.782446462,4807153.782446462,0.001981802971139146,0.0,0.0,0.0,inf,0
2025-12-17,return_alpha_raw,598.2247924804688,-0.018537047358446523,0.0,0.0,4866089.641452796,0.0,0.0,4718043.345121916,4718043.345121916,-0.018537047358446523,0.0,0.0,0.0,inf,0
2025-12-18,return_alpha_raw,606.8931884765625,0.014490198509077512,0.0,0.0,4866089.641452796,0.0,0.0,4786408.729767165,4786408.729767165,0.014490198509077512,0.0,0.0,0.0,inf,0
2025-12-19,return_alpha_raw,614.8042602539062,0.013035360962284415,0.0,0.0,4866089.641452796,0.0,0.0,4848801.29527271,4848801.29527271,0.013035360962284415,0.0,0.0,0.0,inf,0
2025-12-22,return_alpha_raw,617.7513427734375,0.004793529762324944,2.0,0.0,4866089.641452796,0.0,0.0,4872044.168593199,4872044.168593199,0.004793529762324944,0.0,0.0,0.0,inf,0
2025-12-23,return_alpha_raw,620.6444702148438,0.004683320360612031,2.0,2.0,4866089.641452796,97321.79282905592,97321.79282905592,4992555.201997719,4895233.4091686625,0.004759653191354296,1.9880930017917915,68.12525498033915,15.447903623659672,5129.945777681118,1
2025-12-24,return_alpha_raw,622.460205078125,0.002925563588204838,0.0,2.0,4866089.641452796,0.0,97321.79282905592,5007145.791805162,4909823.998976106,0.0029805708099874817,1.9821849591625156,0.0,15.447903623659672,5144.937887241893,0
2025-12-26,return_alpha_raw,622.4203491210938,-6.402972705099597e-05,1.0,0.0,4866089.641452796,-97321.79282905592,0.0,4909441.503392644,4909441.503392644,-7.790413333375046e-05,0.0,68.12525498033915,0.0,inf,-1
2025-12-29,return_alpha_raw,619.4074096679688,-0.004840682759455928,4.0,1.0,4866089.641452796,48660.89641452796,48660.89641452796,4934060.17730788,4885399.280893352,-0.0048971400275730215,0.9960474797799894,34.062627490169575,7.723951811829836,10139.682046290438,1
2025-12-30,return_alpha_raw,617.9707641601562,-0.002319387022803987,4.0,4.0,4866089.641452796,145982.68924358388,194643.58565811184,5068127.434375026,4873483.848716915,-0.0024389884001985163,3.9939310706725206,102.18788247050871,30.895807247319343,2603.7988445594638,1
2025-12-31,return_alpha_raw,612.8628540039062,-0.008265617813153048,4.0,4.0,4866089.641452796,0.0,194643.58565811184,5026205.334166879,4831561.748508767,-0.008602080464303663,4.028585285455317,0.0,30.895807247319343,2582.2609654321327,0
2026-01-02,return_alpha_raw,611.6756591796875,-0.0019371296799318705,4.0,4.0,4831561.748508767,-1381.1157177611603,193262.46994035068,5015058.840828367,4821796.370888016,-0.002021163782862767,4.008101028637136,0.9667810024328122,30.676582530214393,2594.947090542843,-1
2026-01-05,return_alpha_raw,616.5341796875,0.007942968524083938,4.0,4.0,4831561.748508767,0.0,193262.46994035068,5054862.618764965,4861600.1488246145,0.0082549686620772,3.9752851741021034,0.0,30.676582530214393,2615.5428005888148,0
2026-01-06,return_alpha_raw,621.951416015625,0.008786595304206557,4.0,4.0,4831561.748508767,0.0,193262.46994035068,5099246.974331885,4905984.504391534,0.009129577548176337,3.9393208390151675,0.0,30.676582530214393,2638.508643662547,0
2026-01-07,return_alpha_raw,622.550048828125,0.0009625073552126384,4.0,4.0,4831561.748508767,0.0,193262.46994035068,5104124.360468195,4910861.890527844,0.0009941707178129366,3.9354083712498347,0.0,30.676582530214393,2641.0323546229915,0
2026-01-08,return_alpha_raw,619.0083618164062,-0.005688999652936455,4.0,4.0,4831561.748508767,0.0,193262.46994035068,5075056.322170417,4881793.852230066,-0.005919131701472846,3.958841274136676,0.0,30.676582530214393,2625.9916494582744,0
2026-01-09,return_alpha_raw,625.173828125,0.00996023105487942,3.0,4.0,4831561.748508767,0.0,193262.46994035068,5125574.37917323,4932311.90923288,0.010348256917841026,3.9182937635914574,0.0,30.676582530214393,2652.13126001919,0
2026-01-12,return_alpha_raw,625.6925659179688,0.0008297496946161331,3.0,3.0,4831561.748508767,-48315.617485087656,144946.85245526303,5081414.759163096,4936467.906707833,0.000842606378394839,2.936246222897642,33.82093223956136,23.0074368976608,3505.7089361298436,-1
2026-01-13,return_alpha_raw,624.7647705078125,-0.0014828295247444334,3.0,3.0,4831561.748508767,0.0,144946.85245526303,5073856.879893838,4928910.027438575,-0.0015310297589471444,2.9407485965124844,0.0,23.0074368976608,3500.4946943983164,0
2026-01-14,return_alpha_raw,618.0905151367188,-0.010682829260153182,4.0,3.0,4831561.748508767,0.0,144946.85245526303,5019630.725718581,4874683.873263318,-0.0110016522666041,2.973461586919882,0.0,23.0074368976608,3463.083634236114,0
2026-01-15,return_alpha_raw,620.3153076171875,0.0035994606388298767,4.0,4.0,4831561.748508767,48315.617485087656,193262.46994035068,5086123.5973338485,4892861.127393498,0.0037289093206389623,3.949886679970101,33.82093223956136,30.676582530214393,2631.718201109429,1
2026-01-16,return_alpha_raw,619.7965087890625,-0.0008363469702494797,4.0,4.0,4831561.748508767,0.0,193262.46994035068,5081839.156690374,4888576.686750024,-0.0008756513892224094,3.953348435019306,0.0,30.676582530214393,2629.501298549508,0
2026-01-20,return_alpha_raw,606.6276245117188,-0.021247109479646253,4.0,4.0,4831561.748508767,0.0,193262.46994035068,4973834.087187691,4780571.61724734,-0.022093356905992678,4.042664463870777,0.0,30.676582530214393,2573.616123566482,0
2026-01-21,return_alpha_raw,614.8282470703125,0.013518379690002691,4.0,4.0,4831561.748508767,0.0,193262.46994035068,5041041.5883108415,4847779.118370491,0.014058465494101169,3.986618722127608,0.0,30.676582530214393,2608.3913704852935,0
2026-01-22,return_alpha_raw,619.2976684570312,0.00726938199084981,4.0,4.0,4831561.748508767,0.0,193262.46994035068,5077656.168665503,4884393.698725153,0.007552856568054489,3.9567340771648487,0.0,30.676582530214393,2627.3368907231143,0
2026-01-23,return_alpha_raw,621.2530517578125,0.003157420737031069,3.0,4.0,4831561.748508767,0.0,193262.46994035068,5093657.788965431,4900395.319025081,0.0032760709490113893,3.9438138631395088,0.0,30.676582530214393,2635.616625689177,0
2026-01-26,return_alpha_raw,623.9866333007812,0.004400109641689687,3.0,3.0,4831561.748508767,-48315.617485087656,144946.85245526303,5067485.253029751,4922538.400574488,0.004518631683333663,2.944555037668105,33.82093223956136,23.0074368976608,3496.0988577477387,-1
2026-01-27,return_alpha_raw,629.6432495117188,0.009065284269015539,3.0,3.0,4831561.748508767,0.0,144946.85245526303,5113400.439940612,4968453.587485349,0.009327542656752508,2.9173433927280388,0.0,23.0074368976608,3527.776114709929,0
2026-01-28,return_alpha_raw,631.728271484375,0.0033114338544455446,1.0,3.0,4831561.748508767,0.0,144946.85245526303,5130310.11983187,4985363.267376607,0.0034034090474048817,2.907448157364404,0.0,23.0074368976608,3539.442238951211,0
2026-01-29,return_alpha_raw,627.9472045898438,-0.005985274152202957,3.0,1.0,4831561.748508767,-96631.23497017536,48315.61748508767,5003476.030586633,4955160.413101546,-0.006058305614899617,0.9750565765205137,67.64186447912275,7.669145632553598,10355.815140168552,-1
2026-01-30,return_alpha_raw,620.405029296875,-0.012010843010114347,4.0,3.0,4831561.748508767,96631.23497017536,144946.85245526303,5038760.8409899,4893813.988534637,-0.012380310515217152,2.9618382062507593,67.64186447912275,23.0074368976608,3476.281654715533,1
2026-02-02,return_alpha_raw,624.6650390625,0.0068664977949211,4.0,4.0,4893813.988534637,50805.70708612245,195752.55954138548,5124447.165525589,4928694.6059842035,0.0071274914680627965,3.9716918005776085,35.56399496028571,31.071834847838964,2617.818728670157,1
2026-02-03,return_alpha_raw,615.0676879882812,-0.015363995860281365,4.0,4.0,4893813.988534637,0.0,195752.55954138548,5045684.108653375,4849931.549111989,-0.01598051069680473,4.036192213418502,0.0,31.071834847838964,2577.5826995440284,0
2026-02-04,return_alpha_raw,604.322998046875,-0.017469117873106343,4.0,4.0,4893813.988534637,0.0,195752.55954138548,4957509.386374001,4761756.826832616,-0.01818061170276064,4.110931462067005,0.0,31.071834847838964,2532.5387305221407,0
2026-02-05,return_alpha_raw,595.6235961914062,-0.014395285110089362,4.0,4.0,4893813.988534637,0.0,195752.55954138548,4886113.553486356,4690360.99394497,-0.014993590702769288,4.173507322657949,0.0,31.071834847838964,2496.066240428058,0
2026-02-06,return_alpha_raw,608.2138671875,0.021137965447641127,2.0,4.0,4893813.988534637,0.0,195752.55954138548,4989364.981118353,4793612.421576967,0.022013535368661463,4.083612572853527,0.0,31.071834847838964,2548.8121293573763,0
2026-02-09,return_alpha_raw,612.8728637695312,0.0076601288352324826,4.0,2.0,4893813.988534637,-97876.27977069274,97876.27977069274,4928873.560861365,4830997.281090672,0.007798890737479747,2.0260056894214533,68.51339583948491,15.535917423919482,5035.820295181699,-1
2026-02-10,return_alpha_raw,610.029541015625,-0.004639335369521991,4.0,4.0,4893813.988534637,97876.27977069274,195752.55954138548,5003329.7949286075,4807577.235387222,-0.004847869775278069,4.071750695974388,68.51339583948491,31.071834847838964,2555.946040578242,1
2026-02-11,return_alpha_raw,611.6657104492188,0.002682115083918246,4.0,4.0,4893813.988534637,0.0,195752.55954138548,5016718.229406555,4820965.66986517,0.002784861027171681,4.0604429267147255,0.0,31.071834847838964,2562.7855089914847,0
2026-02-12,return_alpha_raw,599.22509765625,-0.02033890829654672,4.0,4.0,4893813.988534637,0.0,195752.55954138548,4914652.585554193,4718900.026012807,-0.021171203207347666,4.148266724497337,0.0,31.071834847838964,2510.645376524515,0
2026-02-13,return_alpha_raw,600.5020141601562,0.0021309462986458527,4.0,4.0,4893813.988534637,0.0,195752.55954138548,4925094.3744556615,4729341.814914276,0.0022127590845131273,4.139107875943065,0.0,31.071834847838964,2515.9795539809593,0
2026-02-17,return_alpha_raw,599.8834838867188,-0.0010300219796973709,4.0,4.0,4893813.988534637,0.0,195752.55954138548,4919990.34716304,4724237.787621655,-0.0010792257130844973,4.143579733735929,0.0,31.071834847838964,2513.372166724016,0
2026-02-18,return_alpha_raw,604.3629760742188,0.007467270408041182,4.0,4.0,4893813.988534637,0.0,195752.55954138548,4956698.17365541,4760945.614114025,0.0077701056006433955,4.111631919530203,0.0,31.071834847838964,2532.1243233131154,0
2026-02-19,return_alpha_raw,602.04833984375,-0.003829877610147525,4.0,4.0,4893813.988534637,0.0,195752.55954138548,4937683.55446502,4741930.994923634,-0.003993874480317627,4.128119109091716,0.0,31.071834847838964,2522.4107240452754,0
2026-02-20,return_alpha_raw,607.3757934570312,0.00884888016577512,4.0,4.0,4893813.988534637,0.0,195752.55954138548,4981345.452700151,4785592.8931587655,0.00920761990882446,4.090455747316558,0.0,31.071834847838964,2544.7153612553448,0
2026-02-23,return_alpha_raw,599.9932250976562,-0.012154861024927022,4.0,4.0,4893813.988534637,0.0,195752.55954138548,4920766.81917058,4725014.259629195,-0.01265854302320013,4.14289881014555,0.0,31.071834847838964,2513.7688266754158,0
2026-02-24,return_alpha_raw,606.4380493164062,0.010741494985549327,4.0,4.0,4893813.988534637,0.0,195752.55954138548,4973592.13944891,4777839.579907524,0.011179928223640001,4.097093597796649,0.0,31.071834847838964,2540.7545889061066,0
2026-02-25,return_alpha_raw,615.227294921875,0.014493229135896346,4.0,4.0,4893813.988534637,0.0,195752.55954138548,5045644.4781195875,4849891.918578202,0.015080526975765896,4.036225194865217,0.0,31.071834847838964,2577.5624543253293,0
2026-02-26,return_alpha_raw,607.8048095703125,-0.012064622965899163,4.0,4.0,4893813.988534637,0.0,195752.55954138548,4984739.608036255,4788987.04849487,-0.012557985024372886,4.087556670317338,0.0,31.071834847838964,2546.4492621269633,0
2026-02-27,return_alpha_raw,605.8594360351562,-0.0032006550532752698,4.0,4.0,4893813.988534637,0.0,195752.55954138548,4968754.104185685,4773001.544644299,-0.0033379718275903247,4.101246515644563,0.0,31.071834847838964,2538.2830834123542,0
2026-03-02,return_alpha_raw,606.6575317382812,0.0013172951606528205,4.0,4.0,4773001.544644299,-4832.497755613527,190920.06178577195,4970426.864363863,4779506.802578092,0.0013629281015197225,3.9945557077727907,3.382748428929469,30.304771712027293,2603.407320253799,-1
2026-03-03,return_alpha_raw,600.162841796875,-0.01070569407223343,2.0,4.0,4773001.544644299,0.0,190920.06178577195,4917184.690173861,4726264.628388089,-0.011139679550468129,4.039555056630123,0.0,30.304771712027293,2575.5201649218757,0
2026-03-04,return_alpha_raw,609.3112182617188,0.015243157069594115,4.0,2.0,4773001.544644299,-95460.03089288597,95460.03089288597,4895139.972622677,4799679.9417297905,0.015533474977413642,1.988883259963423,66.82202162502018,15.152385856013646,5127.947190919545,-1
2026-03-05,return_alpha_raw,607.4755859375,-0.0030126350364195753,4.0,4.0,4773001.544644299,95460.03089288597,190920.06178577195,4975468.221609243,4784548.159823472,-0.0031526647797406326,3.990346745570559,66.82202162502018,30.304771712027293,2606.0478794481687,1
2026-03-06,return_alpha_raw,598.337158203125,-0.015043283953991238,2.0,4.0,4773001.544644299,0.0,190920.06178577195,4900590.535575803,4709670.473790032,-0.01564989702939945,4.05378811210399,0.0,30.304771712027293,2566.82848818406,0
2026-03-09,return_alpha_raw,606.3283081054688,0.01335559691185173,2.0,2.0,4773001.544644299,-95460.03089288597,95460.03089288597,4869223.023956838,4773762.993063952,0.013608705668603394,1.9996809860813118,66.82202162502018,15.152385856013646,5100.797662029366,-1
2026-03-10,return_alpha_raw,606.3383178710938,1.6508821196747903e-05,4.0,2.0,4773001.544644299,0.0,95460.03089288597,4869288.256703252,4773828.225810366,1.3664848151906384e-05,1.999653661117676,0.0,15.152385856013646,5100.865997170056,0
2026-03-11,return_alpha_raw,606.2584228515625,-0.00013176640363377068,4.0,4.0,4773001.544644299,95460.03089288597,190920.06178577195,4963996.982580896,4773076.920795124,-0.00015737998514053775,3.9999368322345723,66.82202162502018,30.304771712027293,2600.0394804768653,1
2026-03-12,return_alpha_raw,595.85302734375,-0.017163300525987357,2.0,4.0,4773001.544644299,0.0,190920.06178577195,4878768.105787053,4687848.044001281,-0.017856170811436423,4.072658925668022,0.0,30.304771712027293,2555.3983484781356,0
2026-03-13,return_alpha_raw,592.3213500976562,-0.005927094575381431,4.0,2.0,4773001.544644299,-95460.03089288597,95460.03089288597,4754875.377204044,4659415.346311158,-0.006065191837117512,2.0487555583225983,66.82202162502018,15.152385856013646,4981.011772916149,-1
2026-03-16,return_alpha_raw,598.9656982421875,0.011217471974352744,4.0,4.0,4773001.544644299,95460.03089288597,190920.06178577195,4904646.0332359765,4713725.971450205,0.011656102987694483,4.050300398074144,66.82202162502018,30.304771712027293,2568.9526744127047,1
2026-03-17,return_alpha_raw,601.8887939453125,0.0048802389046711525,4.0,4.0,4773001.544644299,0.0,190920.06178577195,4928551.5728493035,4737631.511063532,0.005071474192203107,4.029863051609792,0.0,30.304771712027293,2581.4739041827593,0
2026-03-18,return_alpha_raw,593.4986572265625,-0.013939679228373136,4.0,4.0,4773001.544644299,0.0,190920.06178577195,4859818.840091579,4668898.778305807,-0.014507825819128572,4.089188282960606,0.0,30.304771712027293,2545.473113006163,0
2026-03-19,return_alpha_raw,591.623046875,-0.003160260480330801,2.0,4.0,4773001.544644299,0.0,190920.06178577195,4844430.241897958,4653510.180112187,-0.003295980256655784,4.102710736547035,0.0,30.304771712027293,2537.412881907512,0
2026-03-20,return_alpha_raw,580.6888427734375,-0.018481707498242073,0.0,2.0,4773001.544644299,-95460.03089288597,95460.03089288597,4661120.393224988,4565660.362332102,-0.01887818321651702,2.090826371590325,66.82202162502018,15.152385856013646,4882.797909897127,-1
2026-03-23,return_alpha_raw,587.3545532226562,0.011478971108489944,0.0,0.0,4773001.544644299,-95460.03089288597,0.0,4618001.856652809,4618001.856652809,0.011464167320140328,0.0,66.82202162502018,0.0,inf,-1
2026-03-24,return_alpha_raw,583.3389282226562,-0.006836798962342794,0.0,0.0,4773001.544644299,0.0,0.0,4586429.506351149,4586429.506351149,-0.006836798962342683,0.0,0.0,0.0,inf,0
2026-03-25,return_alpha_raw,587.1747436523438,0.006575620525403059,0.0,0.0,4773001.544644299,0.0,0.0,4616588.126351425,4616588.126351425,0.006575620525403059,0.0,0.0,0.0,inf,0
2026-03-26,return_alpha_raw,573.1600952148438,-0.023867934697473725,0.0,0.0,4773001.544644299,0.0,0.0,4506399.702426537,4506399.702426537,-0.023867934697473725,0.0,0.0,0.0,inf,0
2026-03-27,return_alpha_raw,561.9624633789062,-0.019536656388718376,0.0,0.0,4773001.544644299,0.0,0.0,4418359.719890007,4418359.719890007,-0.019536656388718376,0.0,0.0,0.0,inf,0
2026-03-30,return_alpha_raw,557.6671752929688,-0.007643371872404492,0.0,0.0,4773001.544644299,0.0,0.0,4384588.553484835,4384588.553484835,-0.007643371872404492,0.0,0.0,0.0,inf,0
2026-03-31,return_alpha_raw,576.54638671875,0.03385390473424077,0.0,0.0,4773001.544644299,0.0,0.0,4533023.996673353,4533023.996673353,0.03385390473424077,0.0,0.0,0.0,inf,0
2026-04-01,return_alpha_raw,583.6685791015625,0.012353199234057088,0.0,0.0,4533023.996673353,0.0,0.0,4589021.34523702,4589021.34523702,0.012353199234057088,0.0,0.0,0.0,inf,0
2026-04-02,return_alpha_raw,584.3378295898438,0.0011466275764089318,0.0,0.0,4533023.996673353,0.0,0.0,4594283.2436601985,4594283.2436601985,0.0011466275764089318,0.0,0.0,0.0,inf,0
2026-04-06,return_alpha_raw,587.85400390625,0.006017365534718655,0.0,0.0,4533023.996673353,0.0,0.0,4621928.725307335,4621928.725307335,0.006017365534718655,0.0,0.0,0.0,inf,0
2026-04-07,return_alpha_raw,587.9439086914062,0.00015293726768694782,0.0,0.0,4533023.996673353,0.0,0.0,4622635.590458027,4622635.590458027,0.00015293726768694782,0.0,0.0,0.0,inf,0
2026-04-08,return_alpha_raw,605.4246826171875,0.029732043596962132,2.0,0.0,4533023.996673353,0.0,0.0,4760075.993366394,4760075.993366394,0.029732043596962132,0.0,0.0,0.0,inf,0
2026-04-09,return_alpha_raw,609.5202026367188,0.006764706060259584,4.0,2.0,4533023.996673353,90660.47993346705,90660.47993346705,4883471.997525142,4792811.517591675,0.006877101178825784,1.891592849013657,63.46233595342694,14.390552370391596,5386.54990698149,1
2026-04-10,return_alpha_raw,610.3992309570312,0.0014421643720912147,4.0,4.0,4533023.996673353,90660.47993346705,181320.9598669341,4981213.659135847,4799892.699268913,0.0014774588258368304,3.77760444300248,63.46233595342694,28.781104740783192,2747.180283399893,1
2026-04-13,return_alpha_raw,616.7122802734375,0.010342492251355084,4.0,4.0,4533023.996673353,0.0,181320.9598669341,5032703.041703063,4851382.081836129,0.010727194500630866,3.7375114309345143,0.0,28.781104740783192,2775.5771011781594,0
2026-04-14,return_alpha_raw,627.909912109375,0.01815697886050316,1.0,4.0,4533023.996673353,0.0,181320.9598669341,5124052.943337715,4942731.983470781,0.018829665463099943,3.6684360081286616,0.0,28.781104740783192,2825.957322914075,0
2026-04-15,return_alpha_raw,636.7003173828125,0.013999468879074328,0.0,1.0,4533023.996673353,-135990.71990020058,45330.23996673353,5057788.723862804,5012458.48389607,0.01410687463096627,0.9043514297897858,95.19350393014041,7.195276185195798,11157.648244471151,-1
2026-04-16,return_alpha_raw,639.7669067382812,0.004816377928118731,0.0,0.0,4533023.996673353,-45330.23996673353,0.0,5036568.494306245,5036568.494306245,0.0048100169782223645,0.0,31.73116797671347,0.0,inf,-1
2026-04-17,return_alpha_raw,648.1376953125,0.013084122492198702,0.0,0.0,4533023.996673353,0.0,0.0,5102467.573426097,5102467.573426097,0.013084122492198702,0.0,0.0,0.0,inf,0
2026-04-20,return_alpha_raw,646.0799560546875,-0.003174848913578998,0.0,0.0,4533023.996673353,0.0,0.0,5086268.009794033,5086268.009794033,-0.003174848913578887,0.0,0.0,0.0,inf,0
2026-04-21,return_alpha_raw,643.6226806640625,-0.00380336112828894,0.0,0.0,4533023.996673353,0.0,0.0,5066923.095757523,5066923.095757523,-0.003803361128289051,0.0,0.0,0.0,inf,0
2026-04-22,return_alpha_raw,654.390869140625,0.01673059200687632,0.0,0.0,4533023.996673353,0.0,0.0,5151695.71880286,5151695.71880286,0.01673059200687632,0.0,0.0,0.0,inf,0
2026-04-23,return_alpha_raw,650.7048950195312,-0.005632679633709281,0.0,0.0,4533023.996673353,0.0,0.0,5122677.867248491,5122677.867248491,-0.005632679633709392,0.0,0.0,0.0,inf,0
2026-04-24,return_alpha_raw,663.1512451171875,0.019127488040923124,0.0,0.0,4533023.996673353,0.0,0.0,5220661.826891788,5220661.826891788,0.019127488040923124,0.0,0.0,0.0,inf,0
2026-04-27,return_alpha_raw,663.5008544921875,0.0005271940263615882,0.0,0.0,4533023.996673353,0.0,0.0,5223414.12862058,5223414.12862058,0.0005271940263615882,0.0,0.0,0.0,inf,0
2026-04-28,return_alpha_raw,656.8281860351562,-0.010056759402575555,0.0,0.0,4533023.996673353,0.0,0.0,5170883.509469029,5170883.509469029,-0.010056759402575555,0.0,0.0,0.0,inf,0
2026-04-29,return_alpha_raw,660.84375,0.006113568281962856,0.0,0.0,4533023.996673353,0.0,0.0,5202496.058882243,5202496.058882243,0.006113568281962856,0.0,0.0,0.0,inf,0
2026-04-30,return_alpha_raw,667.0069580078125,0.00932627116139395,0.0,0.0,4533023.996673353,0.0,0.0,5251015.947843462,5251015.947843462,0.00932627116139395,0.0,0.0,0.0,inf,0
2026-05-01,return_alpha_raw,673.4099731445312,0.009599622702352262,0.0,0.0,5251015.947843462,0.0,0.0,5301423.719746795,5301423.719746795,0.009599622702352262,0.0,0.0,0.0,inf,0
2026-05-04,return_alpha_raw,672.141357421875,-0.0018838683316975136,0.0,0.0,5251015.947843462,0.0,0.0,5291436.535488253,5291436.535488253,-0.0018838683316975136,0.0,0.0,0.0,inf,0
2026-05-05,return_alpha_raw,680.8617553710938,0.012974053527471385,0.0,0.0,5251015.947843462,0.0,0.0,5360087.916336896,5360087.916336896,0.012974053527471385,0.0,0.0,0.0,inf,0
2026-05-06,return_alpha_raw,695.0062255859375,0.02077436440402569,0.0,0.0,5251015.947843462,0.0,0.0,5471440.335948493,5471440.335948493,0.02077436440402569,0.0,0.0,0.0,inf,0
2026-05-07,return_alpha_raw,694.1771240234375,-0.001192941202506459,0.0,0.0,5251015.947843462,0.0,0.0,5464913.229334685,5464913.229334685,-0.001192941202506348,0.0,0.0,0.0,inf,0
2026-05-08,return_alpha_raw,710.44921875,0.023440839756069476,0.0,0.0,5251015.947843462,0.0,0.0,5593015.384624343,5593015.384624343,0.023440839756069476,0.0,0.0,0.0,inf,0
2026-05-11,return_alpha_raw,712.5069580078125,0.0028963917525772764,0.0,0.0,5251015.947843462,0.0,0.0,5609214.948256407,5609214.948256407,0.0028963917525772764,0.0,0.0,0.0,inf,0
2026-05-12,return_alpha_raw,706.463623046875,-0.008481790799397704,0.0,0.0,5251015.947843462,0.0,0.0,5561638.760516441,5561638.760516441,-0.008481790799397704,0.0,0.0,0.0,inf,0
2026-05-13,return_alpha_raw,713.9254760742188,0.010562260792936318,0.0,0.0,5251015.947843462,0.0,0.0,5620382.239541119,5620382.239541119,0.010562260792936318,0.0,0.0,0.0,inf,0
2026-05-14,return_alpha_raw,718.9998168945312,0.00710766178035227,0.0,0.0,5251015.947843462,0.0,0.0,5660330.015576076,5660330.015576076,0.00710766178035227,0.0,0.0,0.0,inf,0
2026-05-15,return_alpha_raw,708.1517944335938,-0.015087656778261405,0.0,0.0,5251015.947843462,0.0,0.0,5574928.899049373,5574928.899049373,-0.015087656778261294,0.0,0.0,0.0,inf,0
2026-05-18,return_alpha_raw,705.1051025390625,-0.004302314727548051,0.0,0.0,5251015.947843462,0.0,0.0,5550943.80034196,5550943.80034196,-0.004302314727548051,0.0,0.0,0.0,inf,0
2026-05-19,return_alpha_raw,700.7599487304688,-0.006162420032059024,0.0,0.0,5251015.947843462,0.0,0.0,5516736.553069899,5516736.553069899,-0.006162420032059024,0.0,0.0,0.0,inf,0
2026-05-20,return_alpha_raw,712.3671875,0.016563787343382597,0.0,0.0,5251015.947843462,0.0,0.0,5608114.604164414,5608114.604164414,0.016563787343382597,0.0,0.0,0.0,inf,0
2026-05-21,return_alpha_raw,713.7256469726562,0.001906965251198045,0.0,0.0,5251015.947843462,0.0,0.0,5618809.083839292,5618809.083839292,0.001906965251198045,0.0,0.0,0.0,inf,0
2026-05-22,return_alpha_raw,716.7523193359375,0.004240666390677106,0.0,0.0,5251015.947843462,0.0,0.0,5642636.57867676,5642636.57867676,0.004240666390677106,0.0,0.0,0.0,inf,0
2026-05-26,return_alpha_raw,729.4783935546875,0.01775519084548005,0.0,0.0,5251015.947843462,0.0,0.0,5742822.668002852,5742822.668002852,0.01775519084548005,0.0,0.0,0.0,inf,0
2026-05-27,return_alpha_raw,728.6492919921875,-0.0011365676760621835,0.0,0.0,5251015.947843462,0.0,0.0,5736295.561389043,5736295.561389043,-0.0011365676760621835,0.0,0.0,0.0,inf,0
2026-05-28,return_alpha_raw,734.79248046875,0.008430926296197239,0.0,0.0,5251015.947843462,0.0,0.0,5784657.846480317,5784657.846480317,0.008430926296197239,0.0,0.0,0.0,inf,0
2026-05-29,return_alpha_raw,737.49951171875,0.0036840758744198787,0.0,0.0,5251015.947843462,0.0,0.0,5805968.96489431,5805968.96489431,0.0036840758744198787,0.0,0.0,0.0,inf,0
2026-06-01,return_alpha_raw,741.9246826171875,0.00600023569930852,0.0,0.0,5805968.96489431,0.0,0.0,5840806.147146545,5840806.147146545,0.00600023569930852,0.0,0.0,0.0,inf,0
2026-06-02,return_alpha_raw,745.3408813476562,0.004604508800567064,0.0,0.0,5805968.96489431,0.0,0.0,5867700.190453487,5867700.190453487,0.004604508800567064,0.0,0.0,0.0,inf,0
2026-06-03,return_alpha_raw,743.39306640625,-0.002613320951729392,0.0,0.0,5805968.96489431,0.0,0.0,5852366.006607309,5852366.006607309,-0.002613320951729392,0.0,0.0,0.0,inf,0
2026-06-04,return_alpha_raw,739.7969970703125,-0.004837372714978083,0.0,0.0,5805968.96489431,0.0,0.0,5824055.930968882,5824055.930968882,-0.004837372714978083,0.0,0.0,0.0,inf,0
2026-06-05,return_alpha_raw,704.2860107421875,-0.04800098739080161,0.0,0.0,5805968.96489431,0.0,0.0,5544495.495663121,5544495.495663121,-0.0480009873908015,0.0,0.0,0.0,inf,0
2026-06-08,return_alpha_raw,715.283935546875,0.015615708159669062,0.0,0.0,5805968.96489431,0.0,0.0,5631076.719215997,5631076.719215997,0.015615708159669062,0.0,0.0,0.0,inf,0
2026-06-09,return_alpha_raw,707.052978515625,-0.01150725833784727,0.0,0.0,5805968.96489431,0.0,0.0,5566278.46468774,5566278.46468774,-0.01150725833784727,0.0,0.0,0.0,inf,0
2026-06-10,return_alpha_raw,692.9285278320312,-0.019976509699805467,0.0,0.0,5805968.96489431,0.0,0.0,5455083.648946088,5455083.648946088,-0.019976509699805467,0.0,0.0,0.0,inf,0
2026-06-11,return_alpha_raw,716.332763671875,0.03377582954055702,0.0,0.0,5805968.96489431,0.0,0.0,5639333.62440237,5639333.62440237,0.03377582954055702,0.0,0.0,0.0,inf,0
2026-06-12,return_alpha_raw,720.5481567382812,0.005884685554236491,0.0,0.0,5805968.96489431,0.0,0.0,5672519.329517411,5672519.329517411,0.005884685554236491,0.0,0.0,0.0,inf,0
2026-06-15,return_alpha_raw,743.1832885742188,0.03141376689991193,0.0,0.0,5805968.96489431,0.0,0.0,5850714.529470116,5850714.529470116,0.03141376689991193,0.0,0.0,0.0,inf,0
2026-06-16,return_alpha_raw,729.0587768554688,-0.019005421591015037,0.0,0.0,5805968.96489431,0.0,0.0,5739519.2332288595,5739519.2332288595,-0.019005421591015037,0.0,0.0,0.0,inf,0
2026-06-17,return_alpha_raw,721.7168579101562,-0.010070407460121666,0.0,0.0,5805968.96489431,0.0,0.0,5681719.935925039,5681719.935925039,-0.010070407460121777,0.0,0.0,0.0,inf,0
2026-06-18,return_alpha_raw,739.8070068359375,0.02506543768170255,0.0,0.0,5805968.96489431,0.0,0.0,5824134.732903856,5824134.732903856,0.02506543768170255,0.0,0.0,0.0,inf,0
2026-06-22,return_alpha_raw,737.9500122070312,-0.002510106841037363,0.0,0.0,5805968.96489431,0.0,0.0,5809515.532467671,5809515.532467671,-0.002510106841037363,0.0,0.0,0.0,inf,0
2026-06-23,return_alpha_raw,713.6500244140625,-0.03292904314791367,0.0,0.0,5805968.96489431,0.0,0.0,5618213.744830568,5618213.744830568,-0.03292904314791367,0.0,0.0,0.0,inf,0
2026-06-24,return_alpha_raw,710.6199951171875,-0.00424581964999271,0.0,0.0,5805968.96489431,0.0,0.0,5594359.822514907,5594359.822514907,-0.00424581964999271,0.0,0.0,0.0,inf,0
2026-06-25,return_alpha_raw,716.3800048828125,0.008105611726665796,0.0,0.0,5805968.96489431,0.0,0.0,5639705.531095472,5639705.531095472,0.008105611726665796,0.0,0.0,0.0,inf,0
2026-06-26,return_alpha_raw,706.52001953125,-0.013763624451209266,0.0,0.0,5805968.96489431,0.0,0.0,5562082.742150066,5562082.742150066,-0.013763624451209266,0.0,0.0,0.0,inf,0
2026-06-29,return_alpha_raw,724.0800170898438,0.024854210883145544,0.0,0.0,5805968.96489431,0.0,0.0,5700323.919572969,5700323.919572969,0.024854210883145544,0.0,0.0,0.0,inf,0
2026-06-30,return_alpha_raw,736.4000244140625,0.017014704222517052,0.0,0.0,5805968.96489431,0.0,0.0,5797313.245037043,5797313.245037043,0.017014704222517052,0.0,0.0,0.0,inf,0
2026-07-01,return_alpha_raw,725.1699829101562,-0.015249920059198452,0.0,0.0,5797313.245037043,0.0,0.0,5708904.681492095,5708904.681492095,-0.015249920059198563,0.0,0.0,0.0,inf,0
2026-07-02,return_alpha_raw,712.5999755859375,-0.017333877050142776,2.0,0.0,5797313.245037043,0.0,0.0,5609947.229652126,5609947.229652126,-0.017333877050142776,0.0,0.0,0.0,inf,0
2026-07-06,return_alpha_raw,722.8200073242188,0.014341891788415717,0.0,2.0,5797313.245037043,115946.26490074085,115946.26490074085,5807912.908867127,5691966.643966386,0.014620353981359191,2.037015888412602,81.1623854305186,18.404169031863628,5009.141876057119,1
2026-07-07,return_alpha_raw,709.4299926757812,-0.0185246873533641,4.0,0.0,5797313.245037043,-115946.26490074085,0.0,5586445.082583517,5586445.082583517,-0.018538682319005573,0.0,81.1623854305186,0.0,inf,-1
2026-07-08,return_alpha_raw,711.4400024414062,0.0028332742996159954,2.0,4.0,5797313.245037043,231892.5298014817,231892.5298014817,5834622.965789131,5602730.4359876495,0.0029151550160055884,4.13891998644057,162.3247708610372,36.808338063727255,2516.0892292580656,1
2026-07-09,return_alpha_raw,723.280029296875,0.01664234062582648,0.0,2.0,5797313.245037043,-115946.26490074085,115946.26490074085,5813747.949187026,5697801.684286285,0.016968735045322036,2.034929808464621,81.1623854305186,18.404169031863628,5014.174414470404,-1
2026-07-10,return_alpha_raw,725.510009765625,0.0030831495111482976,0.0,0.0,5797313.245037043,-115946.26490074085,0.0,5715287.446142613,5715287.446142613,0.0030688610845390762,0.0,81.1623854305186,0.0,inf,-1
2026-07-13,return_alpha_raw,711.739990234375,-0.01897977883957569,4.0,0.0,5797313.245037043,0.0,0.0,5606812.554410223,5606812.554410223,-0.01897977883957569,0.0,0.0,0.0,inf,0
2026-07-14,return_alpha_raw,719.6900024414062,0.011169826504217273,4.0,4.0,5797313.245037043,231892.5298014817,231892.5298014817,5903721.460763187,5671828.930961706,0.011595960435727859,4.088496543603659,162.3247708610372,36.808338063727255,2545.886866565835,1
2026-07-15,return_alpha_raw,717.739990234375,-0.002709516875899598,4.0,4.0,5797313.245037043,0.0,231892.5298014817,5887688.419496574,5655795.889695093,-0.002826785056772585,4.100086607156242,0.0,36.808338063727255,2538.9728701208705,0
2026-07-16,return_alpha_raw,705.9400024414062,-0.01644047698821338,6.0,4.0,5797313.245037043,0.0,231892.5298014817,5790855.205184007,5558962.675382526,-0.017121058857339277,4.171507227929438,0.0,36.808338063727255,2497.215072060077,0
2026-07-17,return_alpha_raw,695.3300170898438,-0.015029585113280453,8.0,6.0,5797313.245037043,115946.26490074088,347838.79470222257,5817889.539587314,5470050.744885092,-0.015994338456556734,6.358968333657196,81.16238543051861,55.21250709559089,1672.582135229593,1
2026-07-20,return_alpha_raw,696.0599975585938,0.001049833101992581,8.0,8.0,5797313.245037043,115946.26490074082,463785.0596029634,5939910.477468879,5476125.417865915,0.0011105332041945193,8.469219095856715,81.16238543051857,73.61667612745451,1280.7464049303164,1
2026-07-21,return_alpha_raw,708.969970703125,0.018547213156642428,4.0,8.0,5797313.245037043,0.0,463785.0596029634,6050005.646549741,5586220.586946777,0.02010457407013999,8.302304794169457,0.0,73.61667612745451,1304.4848084862897,0
2026-07-22,return_alpha_raw,705.3499755859375,-0.005105992167196205,4.0,4.0,5797313.245037043,-231892.5298014817,231892.5298014817,5788207.572466365,5556315.042664884,-0.005353448510746817,4.173494987610762,162.3247708610372,36.808338063727255,2496.0733221641626,-1
2026-07-23,return_alpha_raw,691.9600219726562,-0.01898341826999872,4.0,4.0,5797313.245037043,0.0,231892.5298014817,5678290.798746598,5446398.268945117,-0.019782314875192775,4.257722596669298,0.0,36.808338063727255,2448.673445241062,0
