date,strategy,price,underlying_return,signal_target_margin_pct,effective_target_margin_pct,reference_equity,loan_change,loan_balance,asset_value,equity,strategy_return,actual_margin_pct,transaction_cost,interest_cost,maintenance_ratio,trade_direction
2017-07-03,current_dynamic_state,128.3936309814453,0.0,0.0,0.0,1000000.0,0.0,0.0,1000000.0,1000000.0,0.0,0.0,0.0,0.0,inf,0
2017-07-05,current_dynamic_state,129.65689086914062,0.009838960687059917,0.0,0.0,1000000.0,0.0,0.0,1009838.9606870599,1009838.9606870599,0.009838960687059917,0.0,0.0,0.0,inf,0
2017-07-06,current_dynamic_state,128.4878692626953,-0.009016270547665517,0.0,0.0,1000000.0,0.0,0.0,1000733.979407932,1000733.979407932,-0.009016270547665517,0.0,0.0,0.0,inf,0
2017-07-07,current_dynamic_state,129.87374877929688,0.010786072837491778,0.0,0.0,1000000.0,0.0,0.0,1011527.969000779,1011527.969000779,0.010786072837491778,0.0,0.0,0.0,inf,0
2017-07-10,current_dynamic_state,130.72227478027344,0.006533468148505639,0.0,0.0,1000000.0,0.0,0.0,1018136.7547675682,1018136.7547675682,0.006533468148505639,0.0,0.0,0.0,inf,0
2017-07-11,current_dynamic_state,131.0899200439453,0.002812414825934084,0.0,0.0,1000000.0,0.0,0.0,1021000.1776715049,1021000.1776715049,0.002812414825934084,0.0,0.0,0.0,inf,0
2017-07-12,current_dynamic_state,132.6454315185547,0.011865988430597163,0.0,0.0,1000000.0,0.0,0.0,1033115.3539673926,1033115.3539673926,0.011865988430597163,0.0,0.0,0.0,inf,0
2017-07-13,current_dynamic_state,132.93771362304688,0.002203484139227996,0.0,0.0,1000000.0,0.0,0.0,1035391.8072638527,1035391.8072638527,0.002203484139227996,0.0,0.0,0.0,inf,0
2017-07-14,current_dynamic_state,133.98411560058594,0.007871370350976514,0.0,0.0,1000000.0,0.0,0.0,1043541.7596371934,1043541.7596371934,0.007871370350976514,0.0,0.0,0.0,inf,0
2017-07-17,current_dynamic_state,134.05020141601562,0.0004932361954508302,0.0,0.0,1000000.0,0.0,0.0,1044056.4722045109,1044056.4722045109,0.0004932361954508302,0.0,0.0,0.0,inf,0
2017-07-18,current_dynamic_state,134.94578552246094,0.006680960543027581,0.0,0.0,1000000.0,0.0,0.0,1051031.772300002,1051031.772300002,0.006680960543027581,0.0,0.0,0.0,inf,0
2017-07-19,current_dynamic_state,135.73765563964844,0.005868061118927681,0.0,0.0,1000000.0,0.0,0.0,1057199.2909777933,1057199.2909777933,0.005868061118927681,0.0,0.0,0.0,inf,0
2017-07-20,current_dynamic_state,135.91680908203125,0.0013198507189369213,0.0,0.0,1000000.0,0.0,0.0,1058594.6362220498,1058594.6362220498,0.0013198507189369213,0.0,0.0,0.0,inf,0
2017-07-21,current_dynamic_state,135.8602294921875,-0.00041628103415525253,0.0,0.0,1000000.0,0.0,0.0,1058153.9633521321,1058153.9633521321,-0.00041628103415525253,0.0,0.0,0.0,inf,0
2017-07-24,current_dynamic_state,136.48248291015625,0.004580099859205156,0.0,0.0,1000000.0,0.0,0.0,1063000.4141706985,1063000.4141706985,0.004580099859205156,0.0,0.0,0.0,inf,0
2017-07-25,current_dynamic_state,136.13363647460938,-0.0025559795521635786,0.0,0.0,1000000.0,0.0,0.0,1060283.4068481368,1060283.4068481368,-0.0025559795521635786,0.0,0.0,0.0,inf,0
2017-07-26,current_dynamic_state,136.5767364501953,0.003254889732329902,0.0,0.0,1000000.0,0.0,0.0,1063734.5124224466,1063734.5124224466,0.003254889732329902,0.0,0.0,0.0,inf,0
2017-07-27,current_dynamic_state,135.7188262939453,-0.006281524793666837,1.0,0.0,1000000.0,0.0,0.0,1057052.637708786,1057052.637708786,-0.006281524793666837,0.0,0.0,0.0,inf,0
2017-07-28,current_dynamic_state,135.60569763183594,-0.0008335517274836723,1.0,1.0,1000000.0,10000.0,10000.0,1066154.6126725827,1056154.6126725827,-0.0008495556457337461,0.9468310681042387,7.0,1.5873015873015872,10661.546126725827,1
2017-07-31,current_dynamic_state,135.03062438964844,-0.0042407749248767335,1.0,1.0,1000000.0,0.0,10000.0,1061631.7036235319,1051631.7036235319,-0.004282430805851223,0.9509032454559632,0.0,1.5873015873015872,10616.31703623532,0
2017-08-01,current_dynamic_state,135.34173583984375,0.002304006602958264,1.0,1.0,1051631.7036235319,516.3170362353194,10516.31703623532,1064593.18520137,1054076.8681651347,0.0023251148982839087,0.9976802787202235,0.36142192536472356,1.6692566724183047,10123.25114898284,1
2017-08-02,current_dynamic_state,135.70938110351562,0.0027164219624531416,1.0,1.0,1051631.7036235319,0.0,10516.31703623532,1067483.4002540563,1056967.083217821,0.0027419395491692367,0.9949521799883813,0.0,1.6692566724183047,10150.73429771949,0
2017-08-03,current_dynamic_state,135.18148803710938,-0.0038898789613047713,2.0,1.0,1051631.7036235319,0.0,10516.31703623532,1063329.3497771935,1052813.0327409583,-0.003930160686003825,0.9988779307619788,0.0,1.6692566724183047,10111.233296917122,0
2017-08-04,current_dynamic_state,135.42657470703125,0.001813019470939592,2.0,2.0,1051631.7036235319,10516.31703623532,21032.63407247064,1075781.8566344744,1054749.2225620036,0.0018390633102294274,1.9940886063307082,7.3614219253647235,3.3385133448366093,5114.822294381816,1
2017-08-07,current_dynamic_state,136.28443908691406,0.006334535018246212,2.0,2.0,1051631.7036235319,0.0,21032.63407247064,1082593.0959639747,1061560.461891504,0.006457686039299304,1.9812940315235914,0.0,3.3385133448366093,5147.206442301812,0
2017-08-08,current_dynamic_state,136.0487823486328,-0.001729153671982786,2.0,2.0,1051631.7036235319,0.0,21032.63407247064,1080717.7876234807,1059685.15355101,-0.0017665582016427317,1.984800296766467,0.0,3.3385133448366093,5138.290258365781,0
2017-08-09,current_dynamic_state,135.86968994140625,-0.0013163837568764825,2.0,2.0,1051631.7036235319,0.0,21032.63407247064,1079291.8097687408,1058259.17569627,-0.001345661822251043,1.9874747656813319,0.0,3.3385133448366093,5131.510423515678,0
2017-08-10,current_dynamic_state,132.95654296875,-0.021440742036818783,3.0,2.0,1051631.7036235319,0.0,21032.63407247064,1056147.653979693,1035115.0199072225,-0.02187002609622557,2.031912750561362,0.0,3.3385133448366093,5021.471159249958,0
2017-08-11,current_dynamic_state,133.96533203125,0.007587359297820395,3.0,3.0,1051631.7036235319,10516.317036235316,31548.951108705955,1074744.7087683706,1043195.7576596646,0.00780660853821491,3.0242599125866634,7.361421925364721,5.007770017254914,3406.594105348225,1
2017-08-14,current_dynamic_state,135.69056701660156,0.012878219754265396,3.0,3.0,1051631.7036235319,0.0,31548.951108705955,1088580.4995376063,1057031.5484289003,0.013262890179188691,2.984674502440175,0.0,5.007770017254914,3450.4490998346114,0
2017-08-15,current_dynamic_state,135.7848358154297,0.0006947336200355814,3.0,3.0,1051631.7036235319,0.0,31548.951108705955,1089331.7652387328,1057782.8141300268,0.0007107315786771817,2.9825547066250437,0.0,5.007770017254914,3452.8303698126147,0
2017-08-16,current_dynamic_state,136.0205078125,0.0017356282507912102,3.0,3.0,1051631.7036235319,0.0,31548.951108705955,1091217.432454948,1059668.4813462421,0.0017826600990547004,2.9772472866820574,0.0,5.007770017254914,3458.807326731778,0
2017-08-17,current_dynamic_state,133.2393798828125,-0.020446386904548253,4.0,3.0,1051631.7036235319,0.0,31548.951108705955,1068900.9708639693,1037352.0197552633,-0.021059852193232254,3.041296542339516,0.0,5.007770017254914,3388.071340885261,0
2017-08-18,current_dynamic_state,133.1450958251953,-0.0007076290635704696,4.0,4.0,1051631.7036235319,10516.317036235323,42065.26814494128,1078639.427616107,1036574.1594711657,-0.000749851804675794,4.058105033835874,7.361421925364726,6.677026689673219,2564.2043309922965,1
2017-08-21,current_dynamic_state,132.9754180908203,-0.001274382156724485,4.0,4.0,1051631.7036235319,0.0,42065.26814494128,1077258.1517493238,1035192.8836043825,-0.0013325393597385382,4.063519833953695,0.0,6.677026689673219,2560.920681730811,0
2017-08-22,current_dynamic_state,135.00238037109375,0.015243135230370575,4.0,4.0,1051631.7036235319,0.0,42065.26814494128,1093672.266407768,1051606.9982628268,0.01585609302229063,4.000093971838323,0.0,6.677026689673219,2599.941268980813,0
2017-08-23,current_dynamic_state,134.52154541015625,-0.0035616776505406067,4.0,4.0,1051631.7036235319,0.0,42065.26814494128,1089770.2813127977,1047705.0131678564,-0.0037104974590471684,4.014991587923409,0.0,6.677026689673219,2590.665243254493,0
2017-08-24,current_dynamic_state,134.12554931640625,-0.0029437373213533347,4.0,4.0,1051631.7036235319,0.0,42065.26814494128,1086555.6068373057,1044490.3386923644,-0.0030683011296968044,4.027348706509274,0.0,6.677026689673219,2583.0231322749187,0
2017-08-25,current_dynamic_state,133.8427734375,-0.002108292419658042,4.0,4.0,1051631.7036235319,0.0,42065.26814494128,1084258.152861184,1042192.8847162427,-0.0021995933241450993,4.036226763954003,0.0,6.677026689673219,2577.561491169469,0
2017-08-28,current_dynamic_state,134.257568359375,0.0030991207909234486,4.0,4.0,1051631.7036235319,0.0,42065.26814494128,1087611.7228187546,1045546.4546738133,0.0032178016245847374,4.023280644958495,0.0,6.677026689673219,2585.533792560763,0
2017-08-29,current_dynamic_state,134.78550720214844,0.003932283663593994,4.0,4.0,1051631.7036235319,0.0,42065.26814494128,1091881.8436020385,1049816.5754570973,0.004084104311382397,4.006915982120569,0.0,6.677026689673219,2595.6849718390467,0
2017-08-30,current_dynamic_state,136.36929321289062,0.011750417708981553,4.0,4.0,1051631.7036235319,0.0,42065.26814494128,1104705.2343265256,1062639.9661815844,0.01221488689003003,3.9585625878627213,0.0,6.677026689673219,2626.1694814832085,0
2017-08-31,current_dynamic_state,137.8306121826172,0.010715894577859597,4.0,4.0,1051631.7036235319,0.0,42065.26814494128,1116536.4621304886,1074471.1939855474,0.011133806538894397,3.9149740244694815,0.0,6.677026689673219,2654.2953637745018,0
2017-09-01,current_dynamic_state,137.64208984375,-0.0013677827870154369,4.0,4.0,1074471.1939855474,913.5796144806154,42978.84775942189,1115914.1521421687,1072935.3043827468,-0.0014294376725945135,4.0057259355583765,0.6395057301364308,6.822039326892364,2596.426405818514,1
2017-09-05,current_dynamic_state,136.40699768066406,-0.008973215711037263,4.0,4.0,1074471.1939855474,0.0,42978.84775942189,1105893.991700671,1062915.143941249,-0.00933901643516366,4.043488137732045,0.0,6.822039326892364,2573.1122385853982,0
2017-09-06,current_dynamic_state,136.82186889648438,0.0030414217956145073,4.0,4.0,1074471.1939855474,0.0,42978.84775942189,1109250.6597513417,1066271.8119919198,0.003157983089999483,4.030759068753061,0.0,6.822039326892364,2580.9222852145213,0
2017-09-07,current_dynamic_state,137.1424102783203,0.0023427642409887817,4.0,4.0,1074471.1939855474,0.0,42978.84775942189,1111842.5504919735,1068863.7027325516,0.0024307973928241466,4.0209848692163845,0.0,6.822039326892364,2586.95290463722,0
2017-09-08,current_dynamic_state,135.9545135498047,-0.00866177520217759,4.0,4.0,1074471.1939855474,0.0,42978.84775942189,1102205.1982200693,1059226.3504606474,-0.009016446388128152,4.057569729145315,0.0,6.822039326892364,2564.529427102759,0
2017-09-11,current_dynamic_state,137.5194854736328,0.011510996457317457,4.0,4.0,1074471.1939855474,0.0,42978.84775942189,1114885.8563126905,1071907.0085532686,0.01197162257822093,4.009568686133472,0.0,6.822039326892364,2594.033843236952,0
2017-09-12,current_dynamic_state,137.84947204589844,0.0023995622956929363,4.0,4.0,1074471.1939855474,0.0,42978.84775942189,1117554.272338173,1074575.424578751,0.0024894099993653107,3.999612011997224,0.0,6.822039326892364,2600.2425160250623,0
2017-09-13,current_dynamic_state,138.0380096435547,0.0013677063456105643,4.0,4.0,1074471.1939855474,0.0,42978.84775942189,1119075.936368687,1076097.0886092652,0.001416060702403188,3.9939563273948857,0.0,6.822039326892364,2603.783011198483,0
2017-09-14,current_dynamic_state,137.2272491455078,-0.005873458333255033,4.0,4.0,1074471.1939855474,0.0,42978.84775942189,1112496.2684453505,1069517.4206859285,-0.006114381307210981,4.018527134589138,0.0,6.822039326892364,2588.4739271574986,0
2017-09-15,current_dynamic_state,137.6986083984375,0.0034348808699786737,4.0,4.0,1074471.1939855474,0.0,42978.84775942189,1116310.7385564293,1073331.8907970074,0.0035665338752803866,4.004245856098412,0.0,6.822039326892364,2597.3491537164577,0
2017-09-18,current_dynamic_state,137.51812744140625,-0.0013106955773222184,4.0,4.0,1074471.1939855474,0.0,42978.84775942189,1114840.7729691593,1071861.9252097374,-0.001369534996466415,4.009737331700814,0.0,6.822039326892364,2593.928946652047,0
2017-09-19,current_dynamic_state,137.75440979003906,0.0017181905617023041,4.0,4.0,1074471.1939855474,0.0,42978.84775942189,1116749.459823749,1073770.612064327,0.0017807208276534592,4.002609801063091,0.0,6.822039326892364,2598.3699378700385,0
2017-09-20,current_dynamic_state,137.32919311523438,-0.003086773595508019,4.0,4.0,1074471.1939855474,0.0,42978.84775942189,1113295.4850390404,1070316.6372796185,-0.0032166784468689036,4.015526458474899,0.0,6.822039326892364,2590.3334851385866,0
2017-09-21,current_dynamic_state,136.48831176757812,-0.006123107029039732,4.0,4.0,1074471.1939855474,0.0,42978.84775942189,1106471.835589873,1063492.987830451,-0.006375355863392884,4.041291127560671,0.0,6.822039326892364,2574.4567229523045,0
2017-09-22,current_dynamic_state,136.35606384277344,-0.0009689322337717021,4.0,4.0,1074471.1939855474,0.0,42978.84775942189,1105392.9173232825,1062414.0695638605,-0.0010145043539887544,4.045395198603258,0.0,6.822039326892364,2571.946375833113,0
2017-09-25,current_dynamic_state,134.919921875,-0.010532292641047492,4.0,4.0,1074471.1939855474,0.0,42978.84775942189,1093743.7735953655,1050764.9258359435,-0.01096478676407131,4.090243850234129,0.0,6.822039326892364,2544.842010929884,0
2017-09-26,current_dynamic_state,135.26950073242188,0.002591009930659194,4.0,4.0,1074471.1939855474,0.0,42978.84775942189,1096570.8525350208,1053592.0047755989,0.0026904961044509346,4.079268593973036,0.0,6.822039326892364,2551.419848836289,0
2017-09-27,current_dynamic_state,136.48831176757812,0.009010242726978035,4.0,4.0,1074471.1939855474,0.0,42978.84775942189,1106444.4000443637,1063465.5522849418,0.00937131969926619,4.041395385781736,0.0,6.822039326892364,2574.3928879568607,0
2017-09-28,current_dynamic_state,136.44105529785156,-0.0003462308905031186,4.0,4.0,1074471.1939855474,0.0,42978.84775942189,1106054.4927751173,1063075.6450156954,-0.00036663836304684505,4.042877659828934,0.0,6.822039326892364,2573.485680598885,0
2017-09-29,current_dynamic_state,137.42367553710938,0.007201793016865299,3.0,4.0,1074471.1939855474,0.0,42978.84775942189,1114013.2462581308,1071034.3984987088,0.007486535431724617,4.012835425236224,0.0,6.822039326892364,2592.0035187865524,0
2017-10-02,current_dynamic_state,137.54649353027344,0.0008937178596339912,3.0,3.0,1071034.3984987088,-10847.815804460628,32131.031954961265,1104138.6486797114,1072007.61672475,0.0009086713063608531,2.997276460882765,7.59347106312244,5.100163802374804,3436.3622376878698,-1
2017-10-03,current_dynamic_state,137.8394317626953,0.0021297397331137002,3.0,3.0,1071034.3984987088,0.0,32131.031954961265,1106485.0764668689,1074354.0445119075,0.0021888163391285964,2.990730301532843,0.0,5.100163802374804,3443.6649218669727,0
2017-10-04,current_dynamic_state,137.97169494628906,0.0009595453340336402,3.0,3.0,1071034.3984987088,0.0,32131.031954961265,1107541.6988953683,1075410.666940407,0.0009834955561407455,2.987791821553671,0.0,5.100163802374804,3446.953401458853,0
2017-10-05,current_dynamic_state,139.32278442382812,0.009792511993601538,4.0,3.0,1071034.3984987088,0.0,32131.031954961265,1118382.2141014128,1086251.1821464514,0.010080349339370409,2.957974406202236,0.0,5.100163802374804,3480.6918609681516,0
2017-10-06,current_dynamic_state,139.51170349121094,0.0013559811352039652,4.0,4.0,1071034.3984987088,10710.343984987088,42841.37593994835,1130609.2786697545,1087767.9027298063,0.0013962890059717736,3.9384666372703077,7.497240789490962,6.800218403166405,2639.0592128846492,1
2017-10-09,current_dynamic_state,139.3511505126953,-0.0011508208594538383,4.0,4.0,1071034.3984987088,0.0,42841.37593994835,1129301.3497095662,1086459.973769618,-0.0012023970894029512,3.943207939019095,0.0,6.800218403166405,2636.006255477255,0
2017-10-10,current_dynamic_state,139.45504760742188,0.0007455775883034033,4.0,4.0,1071034.3984987088,0.0,42841.37593994835,1130136.5312679473,1087295.155327999,0.0007687182027362738,3.940179051660044,0.0,6.800218403166405,2637.9557296480934,0
2017-10-11,current_dynamic_state,139.87078857421875,0.0029811826386321183,4.0,4.0,1071034.3984987088,0.0,42841.37593994835,1133498.874455844,1090657.4985158958,0.0030923923199883685,3.928032035560608,0.0,6.800218403166405,2645.8040844549273,0
2017-10-12,current_dynamic_state,139.6156768798828,-0.0018239097451042685,4.0,4.0,1071034.3984987088,0.0,42841.37593994835,1131424.674594256,1088583.2986543078,-0.001901788475676791,3.935516555591868,0.0,6.800218403166405,2640.9625035857803,0
2017-10-13,current_dynamic_state,140.15419006347656,0.0038571111470315778,4.0,4.0,1071034.3984987088,0.0,42841.37593994835,1135781.9051002571,1092940.529160309,0.004002661543115238,3.919826815541628,0.0,6.800218403166405,2651.1331164813805,0
2017-10-16,current_dynamic_state,140.63607788085938,0.0034382690746852518,4.0,4.0,1071034.3984987088,0.0,42841.37593994835,1139680.2286817473,1096838.852741799,0.003566821320539093,3.905895185318842,0.0,6.800218403166405,2660.2325524727794,0
2017-10-17,current_dynamic_state,140.8155517578125,0.001276158149867923,4.0,4.0,1071034.3984987088,0.0,42841.37593994835,1141127.84067542,1098286.4647354716,0.0013198037159734,3.9007469649793904,0.0,6.800218403166405,2663.611556909289,0
2017-10-18,current_dynamic_state,140.6455078125,-0.0012075650962540818,4.0,4.0,1071034.3984987088,0.0,42841.37593994835,1139743.0543062533,1096901.678366305,-0.0012608608169455415,3.905671473103689,0.0,6.800218403166405,2660.3791995473134,0
2017-10-19,current_dynamic_state,140.12582397460938,-0.003694990661084141,4.0,4.0,1071034.3984987088,0.0,42841.37593994835,1135524.914146153,1092683.5382062048,-0.003845504335796668,3.9207487293419425,0.0,6.800218403166405,2650.5332502341707,0
2017-10-20,current_dynamic_state,140.5037841796875,0.002697291579506489,4.0,4.0,1071034.3984987088,0.0,42841.37593994835,1138580.9557169962,1095739.579777048,0.002796822194155224,3.9098136756787927,0.0,6.800218403166405,2657.6666382353565,0
2017-10-23,current_dynamic_state,139.58734130859375,-0.006522549385016729,4.0,4.0,1071034.3984987088,0.0,42841.37593994835,1131147.7049860894,1088306.3290461411,-0.006783774966328537,3.9365181288155497,0.0,6.800218403166405,2640.316003322682,0
2017-10-24,current_dynamic_state,139.823486328125,0.0016917366382758203,4.0,4.0,1071034.3984987088,0.0,42841.37593994835,1133054.5087835127,1090213.1328435645,0.001752083716259012,3.9296330826805126,0.0,6.800218403166405,2644.7668496262554,0
2017-10-25,current_dynamic_state,139.29440307617188,-0.0037839369182336435,4.0,4.0,1071034.3984987088,0.0,42841.37593994835,1128760.3017789526,1085918.9258390043,-0.003938869268029888,3.9451726017988116,0.0,6.800218403166405,2634.7433456879617,0
2017-10-26,current_dynamic_state,138.850341796875,-0.003187933394955156,4.0,4.0,1071034.3984987088,0.0,42841.37593994835,1125155.0888996087,1082313.7129596604,-0.003319965048549478,3.95831406614961,0.0,6.800218403166405,2626.328086373234,0
2017-10-27,current_dynamic_state,142.8941650390625,0.029123610283244616,2.9,4.0,1071034.3984987088,0.0,42841.37593994835,1157916.8669985272,1115075.491058579,0.030270131207456696,3.8420157454342023,0.0,6.800218403166405,2702.8003690208348,0
2017-10-30,current_dynamic_state,143.21543884277344,0.0022483339583747597,2.9,2.9,1071034.3984987088,-11781.3783834858,31059.997556462553,1148699.1882898512,1117639.1907333885,0.002299126557230524,2.7790719772524404,8.24696486844006,4.930158342295644,3698.3234985826493,-1
2017-10-31,current_dynamic_state,143.75396728515625,0.0037602680739889927,2.9,2.9,1071034.3984987088,0.0,31059.997556462553,1153013.6750158523,1121953.6774593897,0.003860357404942061,2.768385021634443,0.0,4.930158342295644,3712.21431334578,0
2017-11-01,current_dynamic_state,143.70675659179688,-0.0003284131509617705,2.9,2.9,1121953.6774593897,1476.659089859746,32536.6566463223,1154104.9864267644,1121568.3297804422,-0.0003434613092228034,2.9009963800147305,1.0336613629018223,5.164548674019413,3547.091512726818,1
2017-11-02,current_dynamic_state,143.4327392578125,-0.0019067811457378347,2.9,2.9,1121953.6774593897,0.0,32536.6566463223,1151899.1962497698,1119362.5396034475,-0.0019667015539093224,2.906713017022076,0.0,5.164548674019413,3540.312112492271,0
2017-11-03,current_dynamic_state,144.81216430664062,0.0096172258576801,2.9,2.9,1121953.6774593897,0.0,32536.6566463223,1162972.1064367099,1130435.4497903876,0.009892157183375883,2.8782410045930042,0.0,5.164548674019413,3574.344220668916,0
2017-11-06,current_dynamic_state,145.303466796875,0.0033926879871364335,3.9,2.9,1121953.6774593897,0.0,32536.6566463223,1166912.5433829182,1134375.886736596,0.003485769087424595,2.86824297190631,0.0,5.164548674019413,3586.4549823523967,0
2017-11-07,current_dynamic_state,145.3884735107422,0.0005850288072342114,3.9,3.9,1121953.6774593897,11219.5367745939,43756.1934209162,1178806.517665235,1135050.324244319,0.0005945449966000549,3.8550003014225562,7.85367574221573,6.945427527129556,2694.033519610839,1
2017-11-08,current_dynamic_state,145.97425842285156,0.004029101468391749,3.9,3.9,1121953.6774593897,0.0,43756.1934209162,1183549.1033089827,1139792.9098880666,0.00417830429404531,3.8389599585431076,0.0,6.945427527129556,2704.872181004727,0
2017-11-09,current_dynamic_state,145.2089080810547,-0.005243050042287867,3.9,3.9,1121953.6774593897,0.0,43756.1934209162,1177336.7507053015,1133580.5572843854,-0.005450422221253581,3.8599985805807115,0.0,6.945427527129556,2690.674527785853,0
2017-11-10,current_dynamic_state,145.19949340820312,-6.483536703072446e-05,3.9,3.9,1121953.6774593897,0.0,43756.1934209162,1177253.4722174236,1133497.2787965075,-7.346499315186161e-05,3.860282176184349,0.0,6.945427527129556,2690.484203899411,0
2017-11-13,current_dynamic_state,145.37901306152344,0.001236365562348185,3.9,3.9,1121953.6774593897,0.0,43756.1934209162,1178702.0424411008,1134945.8490201847,0.0012779653297581017,3.855355165948363,0.0,6.945427527129556,2693.7947528992804,0
2017-11-14,current_dynamic_state,144.8499298095703,-0.0036393372111366284,3.9,3.9,1121953.6774593897,0.0,43756.1934209162,1174405.402809675,1130649.209388759,-0.0037857661976870016,3.870006104242647,0.0,6.945427527129556,2683.975252400017,0
2017-11-15,current_dynamic_state,144.1696319580078,-0.004696570115407472,3.9,3.9,1121953.6774593897,0.0,43756.1934209162,1168882.7800639388,1125126.5866430227,-0.004884470532396046,3.8890018190281244,0.0,6.945427527129556,2671.3539014232283,0
2017-11-16,current_dynamic_state,146.0120849609375,0.01277975796918418,3.9,3.9,1121953.6774593897,0.0,43756.1934209162,1183813.8736599758,1140057.6802390597,0.013270589970312718,3.8380683871837893,0.0,6.945427527129556,2705.4772847175796,0
2017-11-17,current_dynamic_state,145.45460510253906,-0.003818039161262443,3.9,3.9,1121953.6774593897,0.0,43756.1934209162,1179287.080503169,1135530.887082253,-0.0039706702873644195,3.8533688443603467,0.0,6.945427527129556,2695.1317934787485,0
2017-11-20,current_dynamic_state,145.34124755859375,-0.0007793327950352813,3.9,3.9,1121953.6774593897,0.0,43756.1934209162,1178361.0779790443,1134604.8845581282,-0.0008154798206362335,3.8565137535043355,0.0,6.945427527129556,2693.0155158692755,0
2017-11-21,current_dynamic_state,146.9190673828125,0.010855967254461918,3.9,3.9,1121953.6774593897,0.0,43756.1934209162,1191146.38182799,1147390.188407074,0.011268507674303763,3.8135408392905195,0.0,6.945427527129556,2722.234931109437,0
2017-11-22,current_dynamic_state,147.0985870361328,0.0012218948603353041,3.9,3.9,1121953.6774593897,0.0,43756.1934209162,1192594.8920423256,1148838.6986214095,0.001262439080419897,3.8087325464769792,0.0,6.945427527129556,2725.5453429645117,0
2017-11-24,current_dynamic_state,147.63714599609375,0.003661210966143802,3.9,3.9,1121953.6774593897,0.0,43756.1934209162,1196954.288111711,1153198.0946907948,0.003794611092589939,3.7943345226084926,0.0,6.945427527129556,2735.5082664470224,0
2017-11-27,current_dynamic_state,147.57102966308594,-0.0004478299317000056,3.9,3.9,1121953.6774593897,0.0,43756.1934209162,1196411.3107270906,1152655.1173061745,-0.0004708448506116625,3.796121907060726,0.0,6.945427527129556,2734.2673509510214,0
2017-11-28,current_dynamic_state,147.9489288330078,0.0025607951017529995,3.9,3.9,1121953.6774593897,0.0,43756.1934209162,1199468.1295237553,1155711.9361028392,0.002651980415276922,3.786081293619401,0.0,6.945427527129556,2741.253376374347,0
2017-11-29,current_dynamic_state,145.3695526123047,-0.017434233833585222,3.9,3.9,1121953.6774593897,0.0,43756.1934209162,1178549.3762501779,1134793.1828292618,-0.018100317752291484,3.855873835250176,0.0,6.945427527129556,2693.445850997659,0
2017-11-30,current_dynamic_state,146.58840942382812,0.008384539882117403,3.9,3.9,1121953.6774593897,0.0,43756.1934209162,1188424.025070865,1144667.8316499488,0.008701716726978947,3.8226105609908756,0.0,6.945427527129556,2716.0132821397992,0
2017-12-01,current_dynamic_state,145.96482849121094,-0.004253957970266509,0.0,3.9,1144667.8316499488,885.8520134318096,44642.04543434801,1184242.899356054,1139600.8539217059,-0.004426592228890858,3.9173404688774527,0.6200964094022667,7.086038957833018,2652.7523276182287,1
2017-12-04,current_dynamic_state,144.28306579589844,-0.01152169815630455,0.0,0.0,1144667.8316499488,-44642.04543434801,0.0,1126439.8274788698,1126439.8274788698,-0.011548803598685486,0.0,31.249431804043606,0.0,inf,-1
2017-12-05,current_dynamic_state,144.3775177001953,0.0006546291747813182,0.0,0.0,1144667.8316499488,0.0,0.0,1127177.2278535732,1127177.2278535732,0.0006546291747813182,0.0,0.0,0.0,inf,0
2017-12-06,current_dynamic_state,145.02944946289062,0.004515465933200735,1.0,0.0,1144667.8316499488,0.0,0.0,1132266.9582266256,1132266.9582266256,0.004515465933200735,0.0,0.0,0.0,inf,0
2017-12-07,current_dynamic_state,145.520751953125,0.003387605014387729,0.0,1.0,1144667.8316499488,11446.678316499489,11446.678316499489,1147578.2298416372,1136131.5515251376,0.00341314675875104,1.0075134610189747,8.012674821549641,1.8169330661110301,10025.425700899563,1
2017-12-08,current_dynamic_state,146.16323852539062,0.004415085571249477,0.0,0.0,1144667.8316499488,-11446.678316499489,0.0,1141139.621493851,1141139.621493851,0.004408001839215414,0.0,8.012674821549641,0.0,inf,-1
2017-12-11,current_dynamic_state,147.29698181152344,0.0077566924321799124,0.0,0.0,1144667.8316499488,0.0,0.0,1149991.0905599531,1149991.0905599531,0.0077566924321799124,0.0,0.0,0.0,inf,0
2017-12-12,current_dynamic_state,147.0985870361328,-0.0013469031948291077,0.0,0.0,1144667.8316499488,0.0,0.0,1148442.163886053,1148442.163886053,-0.0013469031948289967,0.0,0.0,0.0,inf,0
2017-12-13,current_dynamic_state,147.38204956054688,0.0019270241144087041,0.0,0.0,1144667.8316499488,0.0,0.0,1150655.2396298652,1150655.2396298652,0.0019270241144087041,0.0,0.0,0.0,inf,0
2017-12-14,current_dynamic_state,147.2781524658203,-0.0007049508066712118,0.0,0.0,1144667.8316499488,0.0,0.0,1149844.0842904877,1149844.0842904877,-0.0007049508066712118,0.0,0.0,0.0,inf,0
2017-12-15,current_dynamic_state,148.950439453125,0.011354616820663743,0.0,0.0,1144667.8316499488,0.0,0.0,1162900.1232711133,1162900.1232711133,0.011354616820663743,0.0,0.0,0.0,inf,0
2017-12-18,current_dynamic_state,150.19923400878906,0.008383960196754359,0.0,0.0,1144667.8316499488,0.0,0.0,1172649.831617419,1172649.831617419,0.008383960196754359,0.0,0.0,0.0,inf,0
2017-12-19,current_dynamic_state,149.3092498779297,-0.005925357321111879,1.0,0.0,1144667.8316499488,0.0,0.0,1165701.462352544,1165701.462352544,-0.005925357321111879,0.0,0.0,0.0,inf,0
2017-12-20,current_dynamic_state,149.14837646484375,-0.001077451083690173,1.0,1.0,1144667.8316499488,11446.678316499489,11446.678316499489,1175870.0001545935,1164423.321838094,-0.001096456130260548,0.9830340995257978,8.012674821549641,1.8169330661110301,10272.587100308996,1
2017-12-21,current_dynamic_state,149.16725158691406,0.00012655264856165083,1.0,1.0,1144667.8316499488,0.0,11446.678316499489,1176016.9926844111,1164570.3143679115,0.00012623633266439782,0.9829100205694621,0.0,1.8169330661110301,10273.871250398248,0
2017-12-22,current_dynamic_state,148.99681091308594,-0.0011426145619423123,1.0,1.0,1144667.8316499488,0.0,11446.678316499489,1174671.4416104122,1163224.7632939126,-0.0011554056096039211,0.9840469939864279,0.0,1.8169330661110301,10262.11630248415,0
2017-12-26,current_dynamic_state,148.1920928955078,-0.005400907661356147,2.0,1.0,1144667.8316499488,0.0,11446.678316499489,1168325.332688776,1156878.6543722765,-0.005455617110201261,0.989445027206459,0.0,1.8169330661110301,10206.675686908462,0
2017-12-27,current_dynamic_state,148.2109375,0.00012716336023044228,2.0,2.0,1144667.8316499488,11446.678316499489,22893.356632998977,1179910.3872186285,1157017.0305856296,0.00011961169205609856,1.9786533843336254,8.012674821549641,3.6338661322220602,5153.942281744217,1
2017-12-28,current_dynamic_state,148.39089965820312,0.0012142299430710768,2.0,2.0,1144667.8316499488,0.0,22893.356632998977,1181339.4358747979,1158446.079241799,0.0012351146252755907,1.9762125353285878,0.0,3.6338661322220602,5160.1844797716985,0
2017-12-29,current_dynamic_state,147.4725341796875,-0.00618882613846905,2.0,2.0,1144667.8316499488,0.0,22893.356632998977,1174024.6976295195,1151131.3409965206,-0.006314267341701263,1.988770161811464,0.0,3.6338661322220602,5128.233122168092,0
2018-01-02,current_dynamic_state,150.05726623535156,0.01752687081727844,0.0,2.0,1151131.3409965206,129.27018693143327,23022.62681993041,1194729.4662696328,1171706.8394497023,0.017874153643814283,1.964879442945225,0.09048913085200329,3.6543852095127636,5189.3707682190725,1
2018-01-03,current_dynamic_state,151.51531982421875,0.009716647686892843,0.0,0.0,1151131.3409965206,-23022.62681993041,0.0,1183075.6295702562,1183075.6295702562,0.009702759886503154,0.0,16.115838773951285,0.0,inf,-1
2018-01-04,current_dynamic_state,151.7804412841797,0.0017497996919950687,0.0,0.0,1151131.3409965206,0.0,0.0,1185145.7749424851,1185145.7749424851,0.0017497996919950687,0.0,0.0,0.0,inf,0
2018-01-05,current_dynamic_state,153.3047637939453,0.010042944248077612,1.0,0.0,1151131.3409965206,0.0,0.0,1197048.1278860772,1197048.1278860772,0.010042944248077612,0.0,0.0,0.0,inf,0
2018-01-08,current_dynamic_state,153.9011993408203,0.0038905219388789547,1.0,1.0,1151131.3409965206,11511.313409965205,11511.313409965205,1213251.45185534,1201740.1384453748,0.003919650722467916,0.9578870707320103,8.057919386975643,1.8271926047563818,10539.643988886992,1
2018-01-09,current_dynamic_state,153.91070556640625,6.176836585192191e-05,1.0,1.0,1151131.3409965206,0.0,11511.313409965205,1213324.5652222838,1201813.2518123186,6.083958137437229e-05,0.9578287968289829,0.0,1.8271926047563818,10540.279132456975,0
2018-01-10,current_dynamic_state,153.55087280273438,-0.0023379319999063952,1.0,1.0,1151131.3409965206,0.0,11511.313409965205,1210486.0677023733,1198974.754292408,-0.0023618457490214295,0.9600963964215219,0.0,1.8271926047563818,10515.620803569383,0
2018-01-11,current_dynamic_state,154.60182189941406,0.006844305587437649,1.0,1.0,1151131.3409965206,0.0,11511.313409965205,1218769.1770664593,1207257.863656494,0.006908493556208706,0.9535090850516561,0.0,1.8271926047563818,10587.577052774755,0
2018-01-12,current_dynamic_state,155.7379913330078,0.007349004168482276,2.0,1.0,1151131.3409965206,0.0,11511.313409965205,1227724.0896365338,1216212.7762265685,0.007417564084405415,0.9464884463457373,0.0,1.8271926047563818,10665.369327653852,0
2018-01-16,current_dynamic_state,155.2930145263672,-0.0028572142406096956,2.0,2.0,1151131.3409965206,11511.313409965205,23022.62681993041,1235682.9527240524,1212660.3259041219,-0.002920911860068154,1.8985223090204966,8.057919386975643,3.6543852095127636,5367.254407539354,1
2018-01-17,current_dynamic_state,156.96884155273438,0.01079138705290994,2.0,2.0,1151131.3409965206,0.0,23022.62681993041,1249014.0313563708,1225991.4045364403,0.010993250416087674,1.8778783223717217,0.0,3.6543852095127636,5425.158654246675,0
2018-01-18,current_dynamic_state,156.99720764160156,0.00018071158955246247,2.0,2.0,1151131.3409965206,0.0,23022.62681993041,1249236.088282141,1226213.4614622104,0.00018112437407680204,1.8775382544305828,0.0,3.6543852095127636,5426.1231702747855,0
2018-01-19,current_dynamic_state,157.48956298828125,0.0031360770938273497,3.0,2.0,1151131.3409965206,0.0,23022.62681993041,1253150.1345781754,1230127.5077582449,0.0031919779215008326,1.871564262625612,0.0,3.6543852095127636,5443.124037841496,0
2018-01-22,current_dynamic_state,159.1748504638672,0.010700947057115995,3.0,3.0,1151131.3409965206,11511.313409965209,34533.94022989562,1278180.8974636672,1243646.9572337717,0.010990283031849568,2.776828265371149,8.057919386975646,5.481577814269146,3701.230988861101,1
2018-01-23,current_dynamic_state,160.4908447265625,0.008267601689966986,3.0,3.0,1151131.3409965206,0.0,34533.94022989562,1288742.906433807,1254208.9662039115,0.008492771126648924,2.753443896547701,0.0,5.481577814269146,3731.815419423694,0
2018-01-24,current_dynamic_state,159.449462890625,-0.0064887304799956524,3.0,3.0,1151131.3409965206,0.0,34533.94022989562,1280375.1194781375,1245841.179248242,-0.006671764579228023,2.771937611721414,0.0,5.481577814269146,3707.5848019500886,0
2018-01-25,current_dynamic_state,159.39260864257812,-0.00035656594268917985,3.0,3.0,1151131.3409965206,0.0,34533.94022989562,1279913.0997388507,1245379.1595089552,-0.0003708496291361385,2.772965965121186,0.0,5.481577814269146,3706.246930464208,0
2018-01-26,current_dynamic_state,161.83535766601562,0.015325359464535282,4.0,3.0,1151131.3409965206,0.0,34533.94022989562,1299522.7464979019,1264988.8062680063,0.01574592493324123,2.7299799064450454,0.0,5.481577814269146,3763.0306239220295,0
2018-01-29,current_dynamic_state,161.04954528808594,-0.004855628518159794,4.0,4.0,1151131.3409965206,11511.313409965202,46045.25363986082,1304652.8379747567,1258607.584334896,-0.00504448885357045,3.6584281084078465,8.057919386975641,7.308770419025527,2833.4143800770257,1
2018-01-30,current_dynamic_state,159.7239990234375,-0.00823067374873554,4.0,4.0,1151131.3409965206,0.0,46045.25363986082,1293907.3573396055,1247862.1036997447,-0.008537594059414233,3.689931243471758,0.0,7.308770419025527,2810.077597703763,0
2018-01-31,current_dynamic_state,160.38682556152344,0.0041498243353441655,4.0,4.0,1151131.3409965206,0.0,46045.25363986082,1299269.536808355,1253224.2831684942,0.0042970929663233015,3.674143108960976,0.0,7.308770419025527,2821.723053087046,0
2018-02-01,current_dynamic_state,159.02337646484375,-0.008501004318192451,4.0,4.0,1253224.2831684942,4083.7176868789466,50128.97132673977,1292262.6515696745,1242133.6802429347,-0.008849655304730808,4.035714683860405,2.8586023808152627,7.956979575672979,2577.875861738173,1
2018-02-02,current_dynamic_state,155.85162353515625,-0.019945199254329138,4.0,4.0,1253224.2831684942,0.0,50128.97132673977,1266480.258515614,1216351.2871888743,-0.020756536485684762,4.121257720094456,0.0,7.956979575672979,2526.4437410070072,0
2018-02-05,current_dynamic_state,149.70687866210938,-0.03942689035678071,4.0,4.0,1253224.2831684942,0.0,50128.97132673977,1216538.9232445161,1166409.9519177764,-0.04105831579832342,4.297714645208506,0.0,7.956979575672979,2426.8180476218763,0
2018-02-06,current_dynamic_state,153.67398071289062,0.026499130074945088,4.0,4.0,1253224.2831684942,0.0,50128.97132673977,1248768.1894332306,1198639.2181064908,0.027631165299750737,4.1821567799132495,0.0,7.956979575672979,2491.1107417181597,0
2018-02-07,current_dynamic_state,151.68572998046875,-0.01293810912685689,0.0,4.0,1253224.2831684942,0.0,50128.97132673977,1232603.5333446204,1182474.5620178806,-0.013485839478993289,4.239327672402119,0.0,7.956979575672979,2458.864606078852,0
2018-02-08,current_dynamic_state,145.28543090820312,-0.04219447058790393,0.0,0.0,1253224.2831684942,-50128.97132673977,0.0,1132547.0642257284,1132547.0642257284,-0.042222893748303125,0.0,35.090279928717834,0.0,inf,-1
2018-02-09,current_dynamic_state,147.79443359375,0.01726947203076512,0.0,0.0,1253224.2831684942,0.0,0.0,1152105.5540748998,1152105.5540748998,0.01726947203076512,0.0,0.0,0.0,inf,0
2018-02-12,current_dynamic_state,150.41702270507812,0.017744843615267403,0.0,0.0,1253224.2831684942,0.0,0.0,1172549.48696024,1172549.48696024,0.017744843615267403,0.0,0.0,0.0,inf,0
2018-02-13,current_dynamic_state,151.19337463378906,0.005161330245401219,1.0,0.0,1253224.2831684942,0.0,0.0,1178601.4020915176,1178601.4020915176,0.005161330245401219,0.0,0.0,0.0,inf,0
2018-02-14,current_dynamic_state,154.02430725097656,0.01872391977521759,1.0,1.0,1253224.2831684942,12532.242831684942,12532.242831684942,1213425.4096605345,1200893.1668288496,0.01891374360981879,1.0435768291344627,8.772569982179458,1.9892448939182448,9682.428165153828,1
2018-02-15,current_dynamic_state,156.88363647460938,0.018564142729586397,0.0,1.0,1253224.2831684942,0.0,12532.242831684942,1235949.6229122856,1223417.3800806007,0.018756217350482496,1.0243636420188258,0.0,1.9892448939182448,9862.158270564838,0
2018-02-16,current_dynamic_state,156.18301391601562,-0.00446587403465204,0.0,0.0,1253224.2831684942,-12532.242831684942,0.0,1217945.0187765672,1217945.0187765672,-0.004473012557393186,0.0,8.772569982179458,0.0,inf,-1
2018-02-20,current_dynamic_state,156.49539184570312,0.0020000762045446763,0.0,0.0,1253224.2831684942,0.0,0.0,1220381.001627066,1220381.001627066,0.0020000762045446763,0.0,0.0,0.0,inf,0
2018-02-21,current_dynamic_state,156.05043029785156,-0.002843288499448371,0.0,0.0,1253224.2831684942,0.0,0.0,1216911.1063601945,1216911.1063601945,-0.00284328849944826,0.0,0.0,0.0,inf,0
2018-02-22,current_dynamic_state,156.03150939941406,-0.00012124861431905831,0.0,0.0,1253224.2831684942,0.0,0.0,1216763.5575747988,1216763.5575747988,-0.00012124861431905831,0.0,0.0,0.0,inf,0
2018-02-23,current_dynamic_state,159.2222137451172,0.020449102607444924,0.0,0.0,1253224.2831684942,0.0,0.0,1241645.2804126455,1241645.2804126455,0.020449102607444924,0.0,0.0,0.0,inf,0
2018-02-26,current_dynamic_state,161.3335418701172,0.013260261086306846,0.0,0.0,1253224.2831684942,0.0,0.0,1258109.8210074978,1258109.8210074978,0.013260261086306846,0.0,0.0,0.0,inf,0
2018-02-27,current_dynamic_state,159.33580017089844,-0.012382680477113994,0.0,0.0,1253224.2831684942,0.0,0.0,1242531.049088843,1242531.049088843,-0.012382680477113994,0.0,0.0,0.0,inf,0
2018-02-28,current_dynamic_state,158.31329345703125,-0.006417306799667566,0.0,0.0,1253224.2831684942,0.0,0.0,1234557.346138727,1234557.346138727,-0.006417306799667677,0.0,0.0,0.0,inf,0
2018-03-01,current_dynamic_state,155.72850036621094,-0.016327075474062203,0.0,0.0,1234557.346138727,0.0,0.0,1214400.635171262,1214400.635171262,-0.01632707547406209,0.0,0.0,0.0,inf,0
2018-03-02,current_dynamic_state,157.15817260742188,0.009180543303562994,0.0,0.0,1234557.346138727,0.0,0.0,1225549.4927903262,1225549.4927903262,0.009180543303562994,0.0,0.0,0.0,inf,0
2018-03-05,current_dynamic_state,158.90028381347656,0.01108508184557766,0.0,0.0,1234557.346138727,0.0,0.0,1239134.8092237131,1239134.8092237131,0.01108508184557766,0.0,0.0,0.0,inf,0
2018-03-06,current_dynamic_state,159.57249450683594,0.004230393283302325,0.0,0.0,1234557.346138727,0.0,0.0,1244376.8367977592,1244376.8367977592,0.004230393283302325,0.0,0.0,0.0,inf,0
2018-03-07,current_dynamic_state,159.94175720214844,0.0023140748438741365,0.0,0.0,1234557.346138727,0.0,0.0,1247256.4179320924,1247256.4179320924,0.0023140748438741365,0.0,0.0,0.0,inf,0
2018-03-08,current_dynamic_state,160.8222198486328,0.005504895418721567,1.0,0.0,1234557.346138727,0.0,0.0,1254122.4340731378,1254122.4340731378,0.005504895418721567,0.0,0.0,0.0,inf,0
2018-03-09,current_dynamic_state,163.94668579101562,0.01942807371595534,1.0,1.0,1234557.346138727,12345.57346138727,12345.57346138727,1291062.271932049,1278716.6984706616,0.01961073634385646,0.9654658827989429,8.641901422971088,1.9596148351408367,10457.693812037569,1
2018-03-12,current_dynamic_state,164.8177490234375,0.005313088387356668,1.0,1.0,1234557.346138727,0.0,12345.57346138727,1297919.8402815703,1285574.266820183,0.005362851957531278,0.960315851057252,0.0,1.9596148351408367,10513.240590572965,0
2018-03-13,current_dynamic_state,162.57386779785156,-0.013614317868561931,1.0,1.0,1234557.346138727,0.0,12345.57346138727,1280247.5873932287,1267902.0139318414,-0.01374658263194184,0.9737009110903526,0.0,1.9596148351408367,10370.094118328365,0
2018-03-14,current_dynamic_state,162.54544067382812,-0.00017485666305716574,1.0,1.0,1234557.346138727,0.0,12345.57346138727,1280021.767957375,1267676.1944959876,-0.00017810480098023884,0.9738743627899171,0.0,1.9596148351408367,10368.26496525937,0
2018-03-15,current_dynamic_state,162.40341186523438,-0.0008737790983553984,0.0,1.0,1234557.346138727,0.0,12345.57346138727,1278901.3520762587,1266555.7786148714,-0.000883834441303577,0.9747358679211597,0.0,1.9596148351408367,10359.189519030644,0
2018-03-16,current_dynamic_state,161.9205780029297,-0.002973052454743663,0.0,0.0,1234557.346138727,-12345.57346138727,0.0,1262781.625639594,1262781.625639594,-0.002979855320233149,0.0,8.641901422971088,0.0,inf,-1
2018-03-19,current_dynamic_state,158.4657745361328,-0.021336407696953552,0.0,0.0,1234557.346138727,0.0,0.0,1235838.4020427258,1235838.4020427258,-0.021336407696953552,0.0,0.0,0.0,inf,0
2018-03-20,current_dynamic_state,158.9874267578125,0.003291892039190669,0.0,0.0,1234557.346138727,0.0,0.0,1239906.6486401365,1239906.6486401365,0.003291892039190669,0.0,0.0,0.0,inf,0
2018-03-21,current_dynamic_state,158.29513549804688,-0.0043543774113672384,0.0,0.0,1234557.346138727,0.0,0.0,1234507.6271370938,1234507.6271370938,-0.0043543774113672384,0.0,0.0,0.0,inf,0
2018-03-22,current_dynamic_state,154.38800048828125,-0.02468259683073981,0.0,0.0,1234557.346138727,0.0,0.0,1204036.7730919956,1204036.7730919956,-0.02468259683073981,0.0,0.0,0.0,inf,0
2018-03-23,current_dynamic_state,150.31964111328125,-0.026351525780067386,0.0,0.0,1234557.346138727,0.0,0.0,1172308.5670257127,1172308.5670257127,-0.026351525780067386,0.0,0.0,0.0,inf,0
2018-03-26,current_dynamic_state,155.9052734375,0.037158366550445576,0.0,0.0,1234557.346138727,0.0,0.0,1215869.6384694816,1215869.6384694816,0.037158366550445576,0.0,0.0,0.0,inf,0
2018-03-27,current_dynamic_state,150.86021423339844,-0.03235977265466938,0.0,0.0,1234557.346138727,0.0,0.0,1176524.3733908942,1176524.3733908942,-0.03235977265466938,0.0,0.0,0.0,inf,0
2018-03-28,current_dynamic_state,149.124755859375,-0.011503751223225,0.0,0.0,1234557.346138727,0.0,0.0,1162989.9296913447,1162989.9296913447,-0.01150375122322489,0.0,0.0,0.0,inf,0
2018-03-29,current_dynamic_state,151.85594177246094,0.018314772066828855,0.0,0.0,1234557.346138727,0.0,0.0,1184289.825169659,1184289.825169659,0.018314772066828855,0.0,0.0,0.0,inf,0
2018-04-02,current_dynamic_state,147.4746551513672,-0.02885159823155692,0.0,0.0,1184289.825169659,0.0,0.0,1150121.170944143,1150121.170944143,-0.02885159823155703,0.0,0.0,0.0,inf,0
2018-04-03,current_dynamic_state,149.13418579101562,0.011252988779292927,0.0,0.0,1184289.825169659,0.0,0.0,1163063.4715756048,1163063.4715756048,0.011252988779292927,0.0,0.0,0.0,inf,0
2018-04-04,current_dynamic_state,151.48611450195312,0.015770553870413817,0.0,0.0,1184289.825169659,0.0,0.0,1181405.6267087983,1181405.6267087983,0.015770553870413817,0.0,0.0,0.0,inf,0
2018-04-05,current_dynamic_state,152.3490753173828,0.005696633109027127,0.0,0.0,1184289.825169659,0.0,0.0,1188135.6611170985,1188135.6611170985,0.005696633109027127,0.0,0.0,0.0,inf,0
2018-04-06,current_dynamic_state,148.53683471679688,-0.02502306359683537,0.0,0.0,1184289.825169659,0.0,0.0,1158404.8669072974,1158404.8669072974,-0.02502306359683526,0.0,0.0,0.0,inf,0
2018-04-09,current_dynamic_state,149.5799102783203,0.007022335998422058,0.0,0.0,1184289.825169659,0.0,0.0,1166539.5751049279,1166539.5751049279,0.007022335998422058,0.0,0.0,0.0,inf,0
2018-04-10,current_dynamic_state,152.88014221191406,0.02206333676396155,0.0,0.0,1184289.825169659,0.0,0.0,1192277.3305989564,1192277.3305989564,0.02206333676396155,0.0,0.0,0.0,inf,0
2018-04-11,current_dynamic_state,151.9982147216797,-0.005768751110997061,0.0,0.0,1184289.825169659,0.0,0.0,1185399.3794234472,1185399.3794234472,-0.00576875111099695,0.0,0.0,0.0,inf,0
2018-04-12,current_dynamic_state,153.82847595214844,0.012041333734215787,0.0,0.0,1184289.825169659,0.0,0.0,1199673.1689594171,1199673.1689594171,0.012041333734215787,0.0,0.0,0.0,inf,0
2018-04-13,current_dynamic_state,153.0319061279297,-0.005178298876643228,0.0,0.0,1184289.825169659,0.0,0.0,1193460.9027362557,1193460.9027362557,-0.005178298876643117,0.0,0.0,0.0,inf,0
2018-04-16,current_dynamic_state,154.1982879638672,0.007621821262308703,0.0,0.0,1184289.825169659,0.0,0.0,1202557.248420465,1202557.248420465,0.007621821262308703,0.0,0.0,0.0,inf,0
2018-04-17,current_dynamic_state,157.5174560546875,0.021525323884257874,0.0,0.0,1184289.825169659,0.0,0.0,1228442.6826820774,1228442.6826820774,0.021525323884257874,0.0,0.0,0.0,inf,0
2018-04-18,current_dynamic_state,157.83990478515625,0.002047066646104323,0.0,0.0,1184289.825169659,0.0,0.0,1230957.386724447,1230957.386724447,0.002047066646104323,0.0,0.0,0.0,inf,0
2018-04-19,current_dynamic_state,156.3889617919922,-0.009192497899305097,0.0,0.0,1184289.825169659,0.0,0.0,1219641.8135328484,1219641.8135328484,-0.009192497899305097,0.0,0.0,0.0,inf,0
2018-04-20,current_dynamic_state,153.913818359375,-0.015826842280015185,0.0,0.0,1184289.825169659,0.0,0.0,1200338.7349119524,1200338.7349119524,-0.015826842280015074,0.0,0.0,0.0,inf,0
2018-04-23,current_dynamic_state,153.52500915527344,-0.002526148777582282,0.0,0.0,1184289.825169659,0.0,0.0,1197306.50068407,1197306.50068407,-0.002526148777582282,0.0,0.0,0.0,inf,0
2018-04-24,current_dynamic_state,150.27224731445312,-0.021187178940536677,0.0,0.0,1184289.825169659,0.0,0.0,1171938.9536074088,1171938.9536074088,-0.021187178940536677,0.0,0.0,0.0,inf,0
2018-04-25,current_dynamic_state,150.4524383544922,0.0011990972602013983,0.0,0.0,1184289.825169659,0.0,0.0,1173344.2223958028,1173344.2223958028,0.0011990972602013983,0.0,0.0,0.0,inf,0
2018-04-26,current_dynamic_state,153.61990356445312,0.02105293370186412,0.0,0.0,1184289.825169659,0.0,0.0,1198046.560519367,1198046.560519367,0.02105293370186412,0.0,0.0,0.0,inf,0
2018-04-27,current_dynamic_state,153.7146453857422,0.0006167288163236861,0.0,0.0,1184289.825169659,0.0,0.0,1198785.4303565368,1198785.4303565368,0.0006167288163236861,0.0,0.0,0.0,inf,0
2018-04-30,current_dynamic_state,152.62408447265625,-0.007094710529040427,0.0,0.0,1184289.825169659,0.0,0.0,1190280.3947417259,1190280.3947417259,-0.007094710529040538,0.0,0.0,0.0,inf,0
2018-05-01,current_dynamic_state,154.36895751953125,0.011432488213795722,0.0,0.0,1190280.3947417259,0.0,0.0,1203888.2613257228,1203888.2613257228,0.011432488213795722,0.0,0.0,0.0,inf,0
2018-05-02,current_dynamic_state,153.45863342285156,-0.00589706707428217,0.0,0.0,1190280.3947417259,0.0,0.0,1196788.851498744,1196788.851498744,-0.005897067074282281,0.0,0.0,0.0,inf,0
2018-05-03,current_dynamic_state,153.43963623046875,-0.00012379357198144536,0.0,0.0,1190280.3947417259,0.0,0.0,1196640.6967319094,1196640.6967319094,-0.00012379357198144536,0.0,0.0,0.0,inf,0
2018-05-04,current_dynamic_state,156.35101318359375,0.018974086648329003,0.0,0.0,1190280.3947417259,0.0,0.0,1219345.8609986175,1219345.8609986175,0.018974086648329003,0.0,0.0,0.0,inf,0
2018-05-07,current_dynamic_state,157.65023803710938,0.008309666992627918,0.0,0.0,1190280.3947417259,0.0,0.0,1229478.2190523553,1229478.2190523553,0.008309666992627918,0.0,0.0,0.0,inf,0
2018-05-08,current_dynamic_state,157.4890594482422,-0.001022380878544893,0.0,0.0,1190280.3947417259,0.0,0.0,1228221.2240306088,1228221.2240306088,-0.001022380878544893,0.0,0.0,0.0,inf,0
2018-05-09,current_dynamic_state,159.20545959472656,0.010898535761771244,0.0,0.0,1190280.3947417259,0.0,0.0,1241607.0369640728,1241607.0369640728,0.010898535761771244,0.0,0.0,0.0,inf,0
2018-05-10,current_dynamic_state,160.85557556152344,0.010364694596513235,0.0,0.0,1190280.3947417259,0.0,0.0,1254475.9147110872,1254475.9147110872,0.010364694596513235,0.0,0.0,0.0,inf,0
2018-05-11,current_dynamic_state,160.70387268066406,-0.0009430999225845671,0.0,0.0,1190280.3947417259,0.0,0.0,1253292.818573039,1253292.818573039,-0.0009430999225845671,0.0,0.0,0.0,inf,0
2018-05-14,current_dynamic_state,160.9788818359375,0.0017112789548010543,0.0,0.0,1190280.3947417259,0.0,0.0,1255437.5521976664,1255437.5521976664,0.0017112789548010543,0.0,0.0,0.0,inf,0
2018-05-15,current_dynamic_state,159.19602966308594,-0.011075068683037315,0.0,0.0,1190280.3947417259,0.0,0.0,1241533.495079813,1241533.495079813,-0.011075068683037204,0.0,0.0,0.0,inf,0
2018-05-16,current_dynamic_state,160.2486114501953,0.006611859537810183,0.0,0.0,1190280.3947417259,0.0,0.0,1249742.3401607673,1249742.3401607673,0.006611859537810183,0.0,0.0,0.0,inf,0
2018-05-17,current_dynamic_state,159.63223266601562,-0.0038463907961614474,0.0,0.0,1190280.3947417259,0.0,0.0,1244935.3427259997,1244935.3427259997,-0.0038463907961614474,0.0,0.0,0.0,inf,0
2018-05-18,current_dynamic_state,158.80722045898438,-0.005168205651532531,0.0,0.0,1190280.3947417259,0.0,0.0,1238501.2608519306,1238501.2608519306,-0.005168205651532531,0.0,0.0,0.0,inf,0
2018-05-21,current_dynamic_state,159.69862365722656,0.005613115043924699,0.0,0.0,1190280.3947417259,0.0,0.0,1245453.1109111384,1245453.1109111384,0.005613115043924699,0.0,0.0,0.0,inf,0
2018-05-22,current_dynamic_state,159.489990234375,-0.0013064196677071704,0.0,0.0,1190280.3947417259,0.0,0.0,1243826.026471837,1243826.026471837,-0.0013064196677071704,0.0,0.0,0.0,inf,0
2018-05-23,current_dynamic_state,160.8365936279297,0.00844318437524394,0.0,0.0,1190280.3947417259,0.0,0.0,1254327.8789440657,1254327.8789440657,0.00844318437524394,0.0,0.0,0.0,inf,0
2018-05-24,current_dynamic_state,160.78921508789062,-0.0002945756246781617,0.0,0.0,1190280.3947417259,0.0,0.0,1253958.3845255745,1253958.3845255745,-0.0002945756246781617,0.0,0.0,0.0,inf,0
2018-05-25,current_dynamic_state,160.95045471191406,0.0010028012384741825,0.0,0.0,1190280.3947417259,0.0,0.0,1255215.8555465718,1255215.8555465718,0.0010028012384741825,0.0,0.0,0.0,inf,0
2018-05-29,current_dynamic_state,160.23919677734375,-0.004419111060253944,0.0,0.0,1190280.3947417259,0.0,0.0,1249668.9172763198,1249668.9172763198,-0.004419111060253944,0.0,0.0,0.0,inf,0
2018-05-30,current_dynamic_state,161.38665771484375,0.00716092542010438,0.0,0.0,1190280.3947417259,0.0,0.0,1258617.7031927581,1258617.7031927581,0.00716092542010438,0.0,0.0,0.0,inf,0
2018-05-31,current_dynamic_state,161.28236389160156,-0.0006462357218306458,0.0,0.0,1190280.3947417259,0.0,0.0,1257804.3394728266,1257804.3394728266,-0.0006462357218306458,0.0,0.0,0.0,inf,0
2018-06-01,current_dynamic_state,163.81439208984375,0.015699349495794657,0.0,0.0,1257804.3394728266,0.0,0.0,1277551.0493955377,1277551.0493955377,0.015699349495794657,0.0,0.0,0.0,inf,0
2018-06-04,current_dynamic_state,165.2937774658203,0.009030863266062727,0.0,0.0,1257804.3394728266,0.0,0.0,1289088.4382380438,1289088.4382380438,0.009030863266062727,0.0,0.0,0.0,inf,0
2018-06-05,current_dynamic_state,165.80587768554688,0.0030981215843557397,0.0,0.0,1257804.3394728266,0.0,0.0,1293082.1909526924,1293082.1909526924,0.0030981215843557397,0.0,0.0,0.0,inf,0
2018-06-06,current_dynamic_state,166.77316284179688,0.005833841174704757,0.0,0.0,1257804.3394728266,0.0,0.0,1300625.8270805497,1300625.8270805497,0.005833841174704757,0.0,0.0,0.0,inf,0
2018-06-07,current_dynamic_state,165.41702270507812,-0.00813164488584539,0.0,0.0,1257804.3394728266,0.0,0.0,1290049.5997253717,1290049.5997253717,-0.00813164488584539,0.0,0.0,0.0,inf,0
2018-06-08,current_dynamic_state,165.426513671875,5.737599819943817e-05,0.0,0.0,1257804.3394728266,0.0,0.0,1290123.6176088827,1290123.6176088827,5.737599819943817e-05,0.0,0.0,0.0,inf,0
2018-06-11,current_dynamic_state,165.87229919433594,0.002694764657527271,0.0,0.0,1257804.3394728266,0.0,0.0,1293600.1971374564,1293600.1971374564,0.002694764657527271,0.0,0.0,0.0,inf,0
2018-06-12,current_dynamic_state,166.74465942382812,0.0052592279345577975,0.0,0.0,1257804.3394728266,0.0,0.0,1300403.535430391,1300403.535430391,0.0052592279345577975,0.0,0.0,0.0,inf,0
2018-06-13,current_dynamic_state,166.73521423339844,-5.6644635350378e-05,0.0,0.0,1257804.3394728266,0.0,0.0,1300329.8745463183,1300329.8745463183,-5.6644635350378e-05,0.0,0.0,0.0,inf,0
2018-06-14,current_dynamic_state,168.4232635498047,0.010124131990758123,0.0,0.0,1257804.3394728266,0.0,0.0,1313494.585827751,1313494.585827751,0.010124131990758123,0.0,0.0,0.0,inf,0
2018-06-15,current_dynamic_state,167.83529663085938,-0.0034910077536375317,0.0,0.0,1257804.3394728266,0.0,0.0,1308909.1660442655,1308909.1660442655,-0.0034910077536375317,0.0,0.0,0.0,inf,0
2018-06-18,current_dynamic_state,167.7383270263672,-0.000577766455797768,0.0,0.0,1257804.3394728266,0.0,0.0,1308152.9222344388,1308152.9222344388,-0.000577766455797768,0.0,0.0,0.0,inf,0
2018-06-19,current_dynamic_state,167.26315307617188,-0.002832828719703473,0.0,0.0,1257804.3394728266,0.0,0.0,1304447.149066569,1304447.149066569,-0.002832828719703473,0.0,0.0,0.0,inf,0
2018-06-20,current_dynamic_state,168.45111083984375,0.007102327929516372,0.0,0.0,1257804.3394728266,0.0,0.0,1313711.7604859625,1313711.7604859625,0.007102327929516372,0.0,0.0,0.0,inf,0
2018-06-21,current_dynamic_state,166.98756408691406,-0.00868825824675723,0.0,0.0,1257804.3394728266,0.0,0.0,1302297.8934490583,1302297.8934490583,-0.008688258246757341,0.0,0.0,0.0,inf,0
2018-06-22,current_dynamic_state,166.61692810058594,-0.0022195424452997603,0.0,0.0,1257804.3394728266,0.0,0.0,1299407.3879981237,1299407.3879981237,-0.0022195424452997603,0.0,0.0,0.0,inf,0
2018-06-25,current_dynamic_state,162.86300659179688,-0.022530252787536953,0.0,0.0,1257804.3394728266,0.0,0.0,1270131.4110725329,1270131.4110725329,-0.022530252787536953,0.0,0.0,0.0,inf,0
2018-06-26,current_dynamic_state,163.52828979492188,0.004084925220571911,0.0,0.0,1257804.3394728266,0.0,0.0,1275319.8029070636,1275319.8029070636,0.004084925220571911,0.0,0.0,0.0,inf,0
2018-06-27,current_dynamic_state,161.30438232421875,-0.013599527479264184,0.0,0.0,1257804.3394728266,0.0,0.0,1257976.0562025793,1257976.0562025793,-0.013599527479264184,0.0,0.0,0.0,inf,0
2018-06-28,current_dynamic_state,162.69198608398438,0.008602393436382805,0.0,0.0,1257804.3394728266,0.0,0.0,1268797.661171583,1268797.661171583,0.008602393436382805,0.0,0.0,0.0,inf,0
2018-06-29,current_dynamic_state,163.12908935546875,0.002686692086103948,0.0,0.0,1257804.3394728266,0.0,0.0,1272206.5298067199,1272206.5298067199,0.002686692086103948,0.0,0.0,0.0,inf,0
2018-07-02,current_dynamic_state,164.22201538085938,0.006699761702274154,0.0,0.0,1272206.5298067199,0.0,0.0,1280730.010392502,1280730.010392502,0.006699761702274154,0.0,0.0,0.0,inf,0
2018-07-03,current_dynamic_state,162.32130432128906,-0.011574033208411438,0.0,0.0,1272206.5298067199,0.0,0.0,1265906.79872121,1265906.79872121,-0.011574033208411327,0.0,0.0,0.0,inf,0
2018-07-05,current_dynamic_state,164.3360595703125,0.012412143048305957,0.0,0.0,1272206.5298067199,0.0,0.0,1281619.4149927609,1281619.4149927609,0.012412143048305957,0.0,0.0,0.0,inf,0
2018-07-06,current_dynamic_state,166.89256286621094,0.015556557109759783,0.0,0.0,1272206.5298067199,0.0,0.0,1301557.0006150727,1301557.0006150727,0.015556557109759783,0.0,0.0,0.0,inf,0
2018-07-09,current_dynamic_state,168.39410400390625,0.00899705242647042,0.0,0.0,1272206.5298067199,0.0,0.0,1313267.177185646,1313267.177185646,0.00899705242647042,0.0,0.0,0.0,inf,0
2018-07-10,current_dynamic_state,168.51766967773438,0.000733788600016938,0.0,0.0,1272206.5298067199,0.0,0.0,1314230.8376690412,1314230.8376690412,0.000733788600016938,0.0,0.0,0.0,inf,0
2018-07-11,current_dynamic_state,167.66229248046875,-0.00507589025472166,0.0,0.0,1272206.5298067199,0.0,0.0,1307559.9461676623,1307559.9461676623,-0.00507589025472166,0.0,0.0,0.0,inf,0
2018-07-12,current_dynamic_state,170.55140686035156,0.017231748040301698,0.0,0.0,1272206.5298067199,0.0,0.0,1330091.4897076138,1330091.4897076138,0.017231748040301698,0.0,0.0,0.0,inf,0
2018-07-13,current_dynamic_state,170.69395446777344,0.0008358043480614086,0.0,0.0,1272206.5298067199,0.0,0.0,1331203.1859580309,1331203.1859580309,0.0008358043480614086,0.0,0.0,0.0,inf,0
2018-07-16,current_dynamic_state,170.2853240966797,-0.002393935815523607,0.0,0.0,1272206.5298067199,0.0,0.0,1328016.3709734268,1328016.3709734268,-0.002393935815523607,0.0,0.0,0.0,inf,0
2018-07-17,current_dynamic_state,171.32122802734375,0.006083342391126623,0.0,0.0,1272206.5298067199,0.0,0.0,1336095.1492590797,1336095.1492590797,0.006083342391126623,0.0,0.0,0.0,inf,0
2018-07-18,current_dynamic_state,170.99807739257812,-0.0018862264675925111,0.0,0.0,1272206.5298067199,0.0,0.0,1333574.9712253253,1333574.9712253253,-0.0018862264675925111,0.0,0.0,0.0,inf,0
2018-07-19,current_dynamic_state,170.14276123046875,-0.005001905139235818,0.0,0.0,1272206.5298067199,0.0,0.0,1326904.555723197,1326904.555723197,-0.005001905139235818,0.0,0.0,0.0,inf,0
2018-07-20,current_dynamic_state,170.10475158691406,-0.00022339853473518634,0.0,0.0,1272206.5298067199,0.0,0.0,1326608.1271897152,1326608.1271897152,-0.00022339853473507532,0.0,0.0,0.0,inf,0
2018-07-23,current_dynamic_state,170.64645385742188,0.003184521687103148,0.0,0.0,1272206.5298067199,0.0,0.0,1330832.7395410382,1330832.7395410382,0.003184521687103148,0.0,0.0,0.0,inf,0
2018-07-24,current_dynamic_state,171.34970092773438,0.004121076379940858,0.0,0.0,1272206.5298067199,0.0,0.0,1336317.2029096128,1336317.2029096128,0.004121076379940858,0.0,0.0,0.0,inf,0
2018-07-25,current_dynamic_state,173.74461364746094,0.013976754594608787,0.0,0.0,1272206.5298067199,0.0,0.0,1354994.5805152345,1354994.5805152345,0.013976754594608787,0.0,0.0,0.0,inf,0
2018-07-26,current_dynamic_state,171.11204528808594,-0.0151519422910954,0.0,0.0,1272206.5298067199,0.0,0.0,1334463.7808265206,1334463.7808265206,-0.0151519422910954,0.0,0.0,0.0,inf,0
2018-07-27,current_dynamic_state,168.802734375,-0.013495899188148641,0.0,0.0,1272206.5298067199,0.0,0.0,1316453.9921702503,1316453.9921702503,-0.013495899188148641,0.0,0.0,0.0,inf,0
2018-07-30,current_dynamic_state,166.41734313964844,-0.014131235753873206,0.0,0.0,1272206.5298067199,0.0,0.0,1297850.8704477649,1297850.8704477649,-0.014131235753873206,0.0,0.0,0.0,inf,0
2018-07-31,current_dynamic_state,167.69076538085938,0.007651980359657307,0.0,0.0,1272206.5298067199,0.0,0.0,1307781.9998181954,1307781.9998181954,0.007651980359657307,0.0,0.0,0.0,inf,0
2018-08-01,current_dynamic_state,168.32762145996094,0.0037978005387186986,0.0,0.0,1307781.9998181954,0.0,0.0,1312748.6950016315,1312748.6950016315,0.0037978005387186986,0.0,0.0,0.0,inf,0
2018-08-02,current_dynamic_state,170.61795043945312,0.013606376420146615,1.0,0.0,1307781.9998181954,0.0,0.0,1330610.44789088,1330610.44789088,0.013606376420146615,0.0,0.0,0.0,inf,0
2018-08-03,current_dynamic_state,171.140625,0.0030634206963606747,1.0,1.0,1307781.9998181954,13077.819998181954,13077.819998181954,1347793.2919759222,1334715.4719777403,0.003085068280778147,0.9798208137052343,9.154473998727369,2.075844444155866,10305.947720363862,1
2018-08-06,current_dynamic_state,172.1479949951172,0.005886211968182176,1.0,1.0,1307781.9998181954,0.0,13077.819998181954,1355724.6131373425,1342646.7931391606,0.00594233102705255,0.9740327884450906,0.0,2.075844444155866,10366.594840163056,0
2018-08-07,current_dynamic_state,172.7752227783203,0.003643538126720136,1.0,1.0,1307781.9998181954,0.0,13077.819998181954,1360662.1716101973,1347584.3516120154,0.003677481298942853,0.9704639255077373,0.0,2.075844444155866,10404.350050691577,0
2018-08-08,current_dynamic_state,172.98431396484375,0.0012101919659610605,1.0,1.0,1307781.9998181954,0.0,13077.819998181954,1362306.758194223,1349228.9381960412,0.0012203960234908884,0.9692810188067404,0.0,2.075844444155866,10416.925438518098,0
2018-08-09,current_dynamic_state,172.87982177734375,-0.0006040558539963659,2.0,1.0,1307781.9998181954,0.0,13077.819998181954,1361481.7729775528,1348403.952979371,-0.0006114493940317933,0.9698740477054971,0.0,2.075844444155866,10410.617160710442,0
2018-08-10,current_dynamic_state,171.55877685546875,-0.00764140608368058,2.0,2.0,1307781.9998181954,13077.819998181954,26155.63999636391,1364042.7887297547,1337887.1487333907,-0.007799446317806158,1.9549959816211755,9.154473998727369,4.151688888311732,5215.100027831017,1
2018-08-13,current_dynamic_state,171.3686981201172,-0.0011079510989501218,2.0,2.0,1307781.9998181954,0.0,26155.63999636391,1362527.3443340785,1336371.7043377145,-0.0011327146666375576,1.9572129454301972,0.0,4.151688888311732,5209.306079008174,0
2018-08-14,current_dynamic_state,172.44261169433594,0.006266684557911573,2.0,2.0,1307781.9998181954,0.0,26155.63999636391,1371061.721713661,1344906.081717297,0.006386230232113377,1.9447930492637846,0.0,4.151688888311732,5241.9352839550575,0
2018-08-15,current_dynamic_state,170.3328094482422,-0.012234808005770037,2.0,2.0,1307781.9998181954,0.0,26155.63999636391,1354282.8930955457,1328127.2530991817,-0.012475836674550989,1.9693624940930763,0.0,4.151688888311732,5177.7853391613235,0
2018-08-16,current_dynamic_state,170.8935546875,0.0032920565396310497,2.0,2.0,1307781.9998181954,0.0,26155.63999636391,1358737.1172613832,1332581.4772650192,0.0033537630941942176,1.9627797956523871,0.0,4.151688888311732,5194.815028232043,0
2018-08-17,current_dynamic_state,170.93154907226562,0.00022232778079378512,0.0,2.0,1307781.9998181954,0.0,26155.63999636391,1359035.0505804578,1332879.4105840938,0.00022357606207012992,1.9623410631650462,0.0,4.151688888311732,5195.954106913031,0
2018-08-20,current_dynamic_state,170.7794647216797,-0.0008897383274847348,0.0,0.0,1307781.9998181954,-26155.63999636391,0.0,1331675.2040287573,1331675.2040287573,-0.0009034624931364421,0.0,18.308947997454737,0.0,inf,-1
2018-08-21,current_dynamic_state,171.40670776367188,0.003672824733432778,0.0,0.0,1307781.9998181954,0.0,0.0,1336566.2136550134,1336566.2136550134,0.003672824733432778,0.0,0.0,0.0,inf,0
2018-08-22,current_dynamic_state,172.0719757080078,0.0038812246791017913,0.0,0.0,1307781.9998181954,0.0,0.0,1341753.7274287047,1341753.7274287047,0.0038812246791017913,0.0,0.0,0.0,inf,0
2018-08-23,current_dynamic_state,171.82484436035156,-0.0014362091597972526,0.0,0.0,1307781.9998181954,0.0,0.0,1339826.6884351794,1339826.6884351794,-0.0014362091597973636,0.0,0.0,0.0,inf,0
2018-08-24,current_dynamic_state,173.42149353027344,0.009292306801532035,0.0,0.0,1307781.9998181954,0.0,0.0,1352276.7690849998,1352276.7690849998,0.009292306801532035,0.0,0.0,0.0,inf,0
2018-08-27,current_dynamic_state,175.1891326904297,0.010192734038746432,0.0,0.0,1307781.9998181954,0.0,0.0,1366060.1665390586,1366060.1665390586,0.010192734038746432,0.0,0.0,0.0,inf,0
2018-08-28,current_dynamic_state,175.44573974609375,0.0014647429993133176,0.0,0.0,1307781.9998181954,0.0,0.0,1368061.0936046373,1368061.0936046373,0.0014647429993133176,0.0,0.0,0.0,inf,0
2018-08-29,current_dynamic_state,177.46998596191406,0.011537733653435023,0.0,0.0,1307781.9998181954,0.0,0.0,1383845.4181242746,1383845.4181242746,0.011537733653435023,0.0,0.0,0.0,inf,0
2018-08-30,current_dynamic_state,177.15643310546875,-0.0017667937186437443,0.0,0.0,1307781.9998181954,0.0,0.0,1381400.4487319586,1381400.4487319586,-0.0017667937186437443,0.0,0.0,0.0,inf,0
2018-08-31,current_dynamic_state,177.3844757080078,0.0012872386203626185,0.0,0.0,1307781.9998181954,0.0,0.0,1383178.6407397527,1383178.6407397527,0.0012872386203626185,0.0,0.0,0.0,inf,0
2018-09-04,current_dynamic_state,176.6241912841797,-0.004286082086910614,0.0,0.0,1383178.6407397527,0.0,0.0,1377250.2235446807,1377250.2235446807,-0.004286082086910503,0.0,0.0,0.0,inf,0
2018-09-05,current_dynamic_state,174.3433837890625,-0.012913335815066707,0.0,0.0,1383178.6407397527,0.0,0.0,1359465.3289066725,1359465.3289066725,-0.012913335815066707,0.0,0.0,0.0,inf,0
2018-09-06,current_dynamic_state,172.78475952148438,-0.008939967974144092,0.0,0.0,1383178.6407397527,0.0,0.0,1347311.7524042877,1347311.7524042877,-0.008939967974144092,0.0,0.0,0.0,inf,0
2018-09-07,current_dynamic_state,172.11949157714844,-0.0038502698164950555,0.0,0.0,1383178.6407397527,0.0,0.0,1342124.2386305963,1342124.2386305963,-0.0038502698164951665,0.0,0.0,0.0,inf,0
2018-09-10,current_dynamic_state,172.69921875,0.0033681668911491602,0.0,0.0,1383178.6407397527,0.0,0.0,1346644.7370549606,1346644.7370549606,0.0033681668911491602,0.0,0.0,0.0,inf,0
2018-09-11,current_dynamic_state,174.02972412109375,0.007704177127864087,0.0,0.0,1383178.6407397527,0.0,0.0,1357019.5266375379,1357019.5266375379,0.007704177127864087,0.0,0.0,0.0,inf,0
2018-09-12,current_dynamic_state,173.51651000976562,-0.0029490026138926373,0.0,0.0,1383178.6407397527,0.0,0.0,1353017.6725063804,1353017.6725063804,-0.0029490026138926373,0.0,0.0,0.0,inf,0
2018-09-13,current_dynamic_state,175.36972045898438,0.010680311914494256,0.0,0.0,1383178.6407397527,0.0,0.0,1367468.3232745714,1367468.3232745714,0.010680311914494256,0.0,0.0,0.0,inf,0
2018-09-14,current_dynamic_state,174.8565216064453,-0.0029263823378169462,0.0,0.0,1383178.6407397527,0.0,0.0,1363466.5881258165,1363466.5881258165,-0.0029263823378169462,0.0,0.0,0.0,inf,0
2018-09-17,current_dynamic_state,172.3380889892578,-0.014402852087243345,0.0,0.0,1383178.6407397527,0.0,0.0,1343828.7805311421,1343828.7805311421,-0.014402852087243345,0.0,0.0,0.0,inf,0
2018-09-18,current_dynamic_state,173.76364135742188,0.00827183576494761,0.0,0.0,1383178.6407397527,0.0,0.0,1354944.7114999057,1354944.7114999057,0.00827183576494761,0.0,0.0,0.0,inf,0
2018-09-19,current_dynamic_state,173.63058471679688,-0.0007657334962917206,0.0,0.0,1383178.6407397527,0.0,0.0,1353907.184948687,1353907.184948687,-0.0007657334962916096,0.0,0.0,0.0,inf,0
2018-09-20,current_dynamic_state,175.5502471923828,0.011056015728548196,0.0,0.0,1383178.6407397527,0.0,0.0,1368876.0040804741,1368876.0040804741,0.011056015728548196,0.0,0.0,0.0,inf,0
2018-09-21,current_dynamic_state,174.59046936035156,-0.0054672542327978135,0.0,0.0,1383178.6407397527,0.0,0.0,1361392.0109529898,1361392.0109529898,-0.0054672542327978135,0.0,0.0,0.0,inf,0
2018-09-24,current_dynamic_state,175.07598876953125,0.002780904427134523,0.0,0.0,1383178.6407397527,0.0,0.0,1365177.9120233145,1365177.9120233145,0.002780904427134523,0.0,0.0,0.0,inf,0
2018-09-25,current_dynamic_state,175.31399536132812,0.001359447366081623,0.0,0.0,1383178.6407397527,0.0,0.0,1367033.7995400473,1367033.7995400473,0.001359447366081623,0.0,0.0,0.0,inf,0
2018-09-26,current_dynamic_state,175.43777465820312,0.0007060434429086992,0.0,0.0,1383178.6407397527,0.0,0.0,1367998.9847904472,1367998.9847904472,0.0007060434429086992,0.0,0.0,0.0,inf,0
2018-09-27,current_dynamic_state,176.9229736328125,0.008465673812284136,0.0,0.0,1383178.6407397527,0.0,0.0,1379580.017971219,1379580.017971219,0.008465673812284136,0.0,0.0,0.0,inf,0
2018-09-28,current_dynamic_state,176.88491821289062,-0.00021509597730851038,0.0,0.0,1383178.6407397527,0.0,0.0,1379283.2758589783,1379283.2758589783,-0.00021509597730851038,0.0,0.0,0.0,inf,0
2018-10-01,current_dynamic_state,177.24671936035156,0.0020454041594744066,0.0,0.0,1379283.2758589783,0.0,0.0,1382104.4676085138,1382104.4676085138,0.0020454041594744066,0.0,0.0,0.0,inf,0
2018-10-02,current_dynamic_state,176.8468017578125,-0.002256276471475971,0.0,0.0,1379283.2758589783,0.0,0.0,1378986.0578171269,1378986.0578171269,-0.002256276471475971,0.0,0.0,0.0,inf,0
2018-10-03,current_dynamic_state,177.0372772216797,0.0010770647926561239,0.0,0.0,1379283.2758589783,0.0,0.0,1380471.3151495655,1380471.3151495655,0.0010770647926561239,0.0,0.0,0.0,inf,0
2018-10-04,current_dynamic_state,173.6383819580078,-0.019198754731275636,0.0,0.0,1379283.2758589783,0.0,0.0,1353967.9849564475,1353967.9849564475,-0.019198754731275636,0.0,0.0,0.0,inf,0
2018-10-05,current_dynamic_state,171.5152587890625,-0.012227268792787793,0.0,0.0,1379283.2758589783,0.0,0.0,1337412.6544675557,1337412.6544675557,-0.012227268792787793,0.0,0.0,0.0,inf,0
2018-10-08,current_dynamic_state,170.468017578125,-0.006105819495777043,0.0,0.0,1379283.2758589783,0.0,0.0,1329246.6542080087,1329246.6542080087,-0.006105819495777154,0.0,0.0,0.0,inf,0
2018-10-09,current_dynamic_state,171.0201873779297,0.0032391401486888682,0.0,0.0,1379283.2758589783,0.0,0.0,1333552.2704131643,1333552.2704131643,0.0032391401486888682,0.0,0.0,0.0,inf,0
2018-10-10,current_dynamic_state,163.49880981445312,-0.04397947212427855,0.0,0.0,1379283.2758589783,0.0,0.0,1274903.3455102602,1274903.3455102602,-0.04397947212427855,0.0,0.0,0.0,inf,0
2018-10-11,current_dynamic_state,161.47091674804688,-0.012403105984120644,0.0,0.0,1379283.2758589783,0.0,0.0,1259090.5841963864,1259090.5841963864,-0.012403105984120755,0.0,0.0,0.0,inf,0
2018-10-12,current_dynamic_state,165.9647216796875,0.02783042929428947,0.0,0.0,1379283.2758589783,0.0,0.0,1294131.6156749695,1294131.6156749695,0.02783042929428947,0.0,0.0,0.0,inf,0
2018-10-15,current_dynamic_state,163.95582580566406,-0.012104354791138139,0.0,0.0,1379283.2758589783,0.0,0.0,1278466.9874524109,1278466.9874524109,-0.012104354791138139,0.0,0.0,0.0,inf,0
2018-10-16,current_dynamic_state,168.72569274902344,0.029092390709025917,0.0,0.0,1379283.2758589783,0.0,0.0,1315660.6485599678,1315660.6485599678,0.029092390709025917,0.0,0.0,0.0,inf,0
2018-10-17,current_dynamic_state,168.79232788085938,0.0003949317424647436,0.0,0.0,1379283.2758589783,0.0,0.0,1316180.2447123958,1316180.2447123958,0.0003949317424647436,0.0,0.0,0.0,inf,0
2018-10-18,current_dynamic_state,164.87933349609375,-0.02318230001263788,0.0,0.0,1379283.2758589783,0.0,0.0,1285668.1594087658,1285668.1594087658,-0.02318230001263799,0.0,0.0,0.0,inf,0
2018-10-19,current_dynamic_state,164.72702026367188,-0.0009237860755028082,0.0,0.0,1379283.2758589783,0.0,0.0,1284480.4770653867,1284480.4770653867,-0.0009237860755028082,0.0,0.0,0.0,inf,0
2018-10-22,current_dynamic_state,165.5743408203125,0.005143786097049352,0.0,0.0,1379283.2758589783,0.0,0.0,1291087.569885247,1291087.569885247,0.005143786097049352,0.0,0.0,0.0,inf,0
2018-10-23,current_dynamic_state,164.96502685546875,-0.0036800023592121756,0.0,0.0,1379283.2758589783,0.0,0.0,1286336.3645821197,1286336.3645821197,-0.0036800023592121756,0.0,0.0,0.0,inf,0
2018-10-24,current_dynamic_state,157.41513061523438,-0.045766647538263316,0.0,0.0,1379283.2758589783,0.0,0.0,1227465.0615686388,1227465.0615686388,-0.04576664753826343,0.0,0.0,0.0,inf,0
2018-10-25,current_dynamic_state,162.86094665527344,0.03459525154128995,0.0,0.0,1379283.2758589783,0.0,0.0,1269929.5241317507,1269929.5241317507,0.03459525154128995,0.0,0.0,0.0,inf,0
2018-10-26,current_dynamic_state,158.67185974121094,-0.025721862730722744,0.0,0.0,1379283.2758589783,0.0,0.0,1237264.5712343417,1237264.5712343417,-0.025721862730722744,0.0,0.0,0.0,inf,0
2018-10-29,current_dynamic_state,155.40623474121094,-0.02058099656313439,0.0,0.0,1379283.2758589783,0.0,0.0,1211800.4333460797,1211800.4333460797,-0.0205809965631345,0.0,0.0,0.0,inf,0
2018-10-30,current_dynamic_state,157.9673309326172,0.01648000928451232,0.0,0.0,1379283.2758589783,0.0,0.0,1231770.9157385991,1231770.9157385991,0.01648000928451232,0.0,0.0,0.0,inf,0
2018-10-31,current_dynamic_state,161.6803436279297,0.023504940378440198,0.0,0.0,1379283.2758589783,0.0,0.0,1260723.6176729316,1260723.6176729316,0.023504940378440198,0.0,0.0,0.0,inf,0
2018-11-01,current_dynamic_state,163.81301879882812,0.01319068925166511,0.0,0.0,1260723.6176729316,0.0,0.0,1277353.4311458904,1277353.4311458904,0.01319068925166511,0.0,0.0,0.0,inf,0
2018-11-02,current_dynamic_state,161.2614288330078,-0.015576234322095095,0.0,0.0,1260723.6176729316,0.0,0.0,1257457.0747902298,1257457.0747902298,-0.015576234322095095,0.0,0.0,0.0,inf,0
2018-11-05,current_dynamic_state,160.86160278320312,-0.002479365665417288,0.0,0.0,1260723.6176729316,0.0,0.0,1254339.3788932587,1254339.3788932587,-0.002479365665417399,0.0,0.0,0.0,inf,0
2018-11-06,current_dynamic_state,162.0802459716797,0.007575724519660376,0.0,0.0,1260723.6176729316,0.0,0.0,1263841.908481916,1263841.908481916,0.007575724519660376,0.0,0.0,0.0,inf,0
2018-11-07,current_dynamic_state,167.16424560546875,0.03136717619911189,0.0,0.0,1260723.6176729316,0.0,0.0,1303485.06031309,1303485.06031309,0.03136717619911189,0.0,0.0,0.0,inf,0
2018-11-08,current_dynamic_state,166.09799194335938,-0.006378479191213482,0.0,0.0,1260723.6176729316,0.0,0.0,1295170.8079798252,1295170.8079798252,-0.006378479191213593,0.0,0.0,0.0,inf,0
2018-11-09,current_dynamic_state,163.2989044189453,-0.016852025070649645,0.0,0.0,1260723.6176729316,0.0,0.0,1273344.5570529755,1273344.5570529755,-0.016852025070649757,0.0,0.0,0.0,inf,0
2018-11-12,current_dynamic_state,158.357666015625,-0.0302588582630261,0.0,0.0,1260723.6176729316,0.0,0.0,1234814.6045811137,1234814.6045811137,-0.03025885826302621,0.0,0.0,0.0,inf,0
2018-11-13,current_dynamic_state,158.49098205566406,0.0008418666641998307,0.0,0.0,1260723.6176729316,0.0,0.0,1235854.1538331776,1235854.1538331776,0.0008418666641998307,0.0,0.0,0.0,inf,0
2018-11-14,current_dynamic_state,157.28184509277344,-0.007629058431008806,0.0,0.0,1260723.6176729316,0.0,0.0,1226425.7502813793,1226425.7502813793,-0.007629058431008806,0.0,0.0,0.0,inf,0
2018-11-15,current_dynamic_state,160.0332794189453,0.017493654938679937,0.0,0.0,1260723.6176729316,0.0,0.0,1247880.4191647135,1247880.4191647135,0.017493654938679937,0.0,0.0,0.0,inf,0
2018-11-16,current_dynamic_state,159.47158813476562,-0.003509840492047056,0.0,0.0,1260723.6176729316,0.0,0.0,1243500.5579402966,1243500.5579402966,-0.003509840492046945,0.0,0.0,0.0,inf,0
2018-11-19,current_dynamic_state,154.29232788085938,-0.03247763638955792,0.0,0.0,1260723.6176729316,0.0,0.0,1203114.5989692993,1203114.5989692993,-0.03247763638955781,0.0,0.0,0.0,inf,0
2018-11-20,current_dynamic_state,151.53128051757812,-0.01789491027326562,0.0,0.0,1260723.6176729316,0.0,0.0,1181584.9711722878,1181584.9711722878,-0.01789491027326562,0.0,0.0,0.0,inf,0
2018-11-21,current_dynamic_state,152.68333435058594,0.007602745974776948,0.0,0.0,1260723.6176729316,0.0,0.0,1190568.2615557248,1190568.2615557248,0.007602745974776948,0.0,0.0,0.0,inf,0
2018-11-23,current_dynamic_state,151.57888793945312,-0.007233575398588155,0.0,0.0,1260723.6176729316,0.0,0.0,1181956.1962685955,1181956.1962685955,-0.0072335753985880435,0.0,0.0,0.0,inf,0
2018-11-26,current_dynamic_state,155.08255004882812,0.02311444658951789,0.0,0.0,1260723.6176729316,0.0,0.0,1209276.4596383958,1209276.4596383958,0.02311444658951789,0.0,0.0,0.0,inf,0
2018-11-27,current_dynamic_state,155.60618591308594,0.003376497640082299,0.0,0.0,1260723.6176729316,0.0,0.0,1213359.578750572,1213359.578750572,0.003376497640082299,0.0,0.0,0.0,inf,0
2018-11-28,current_dynamic_state,160.6140594482422,0.032182997775894284,0.0,0.0,1260723.6176729316,0.0,0.0,1252409.1273748616,1252409.1273748616,0.032182997775894284,0.0,0.0,0.0,inf,0
2018-11-29,current_dynamic_state,160.09039306640625,-0.0032604018828419346,0.0,0.0,1260723.6176729316,0.0,0.0,1248325.7702978803,1248325.7702978803,-0.0032604018828418235,0.0,0.0,0.0,inf,0
2018-11-30,current_dynamic_state,161.251953125,0.007255651237684901,0.0,0.0,1260723.6176729316,0.0,0.0,1257383.1867181761,1257383.1867181761,0.007255651237684901,0.0,0.0,0.0,inf,0
2018-12-03,current_dynamic_state,164.070068359375,0.017476471941958005,0.0,0.0,1257383.1867181761,0.0,0.0,1279357.8087011462,1279357.8087011462,0.017476471941958005,0.0,0.0,0.0,inf,0
2018-12-04,current_dynamic_state,157.7769317626953,-0.038356396505518364,0.0,0.0,1257383.1867181761,0.0,0.0,1230286.2533181738,1230286.2533181738,-0.038356396505518475,0.0,0.0,0.0,inf,0
2018-12-06,current_dynamic_state,158.89083862304688,0.007060010914820891,0.0,0.0,1257383.1867181761,0.0,0.0,1238972.0876949541,1238972.0876949541,0.007060010914820891,0.0,0.0,0.0,inf,0
2018-12-07,current_dynamic_state,153.64486694335938,-0.03301619983347848,0.0,0.0,1257383.1867181761,0.0,0.0,1198065.9376595155,1198065.9376595155,-0.03301619983347848,0.0,0.0,0.0,inf,0
2018-12-10,current_dynamic_state,155.25390625,0.010472457288363435,0.0,0.0,1257383.1867181761,0.0,0.0,1210612.632020298,1210612.632020298,0.010472457288363435,0.0,0.0,0.0,inf,0
2018-12-11,current_dynamic_state,155.76805114746094,0.0033116390426468634,0.0,0.0,1257383.1867181761,0.0,0.0,1214621.7440780178,1214621.7440780178,0.0033116390426468634,0.0,0.0,0.0,inf,0
2018-12-12,current_dynamic_state,157.13900756835938,0.008801268365363324,0.0,0.0,1257383.1867181761,0.0,0.0,1225311.956010054,1225311.956010054,0.008801268365363324,0.0,0.0,0.0,inf,0
2018-12-13,current_dynamic_state,157.18661499023438,0.00030296374281402194,0.0,0.0,1257383.1867181761,0.0,0.0,1225683.1811063616,1225683.1811063616,0.00030296374281402194,0.0,0.0,0.0,inf,0
2018-12-14,current_dynamic_state,153.35935974121094,-0.024348480621337987,0.0,0.0,1257383.1867181761,0.0,0.0,1195839.6579232935,1195839.6579232935,-0.024348480621337876,0.0,0.0,0.0,inf,0
2018-12-17,current_dynamic_state,149.88424682617188,-0.022659933641501984,0.0,0.0,1257383.1867181761,0.0,0.0,1168742.0106288753,1168742.0106288753,-0.022659933641501873,0.0,0.0,0.0,inf,0
2018-12-18,current_dynamic_state,150.82679748535156,0.006288523838484661,0.0,0.0,1257383.1867181761,0.0,0.0,1176091.6726237535,1176091.6726237535,0.006288523838484661,0.0,0.0,0.0,inf,0
2018-12-19,current_dynamic_state,147.1232147216797,-0.024555203885646137,0.0,0.0,1257383.1867181761,0.0,0.0,1147212.5018142667,1147212.5018142667,-0.024555203885646137,0.0,0.0,0.0,inf,0
2018-12-20,current_dynamic_state,144.99058532714844,-0.014495532867234151,0.0,0.0,1257383.1867181761,0.0,0.0,1130583.045288516,1130583.045288516,-0.014495532867234262,0.0,0.0,0.0,inf,0
2018-12-21,current_dynamic_state,140.49685668945312,-0.030993244337595538,0.0,0.0,1257383.1867181761,0.0,0.0,1095542.6087219461,1095542.6087219461,-0.030993244337595538,0.0,0.0,0.0,inf,0
2018-12-24,current_dynamic_state,137.01278686523438,-0.02479820478773953,0.0,0.0,1257383.1867181761,0.0,0.0,1068375.1187571648,1068375.1187571648,-0.02479820478773964,0.0,0.0,0.0,inf,0
2018-12-26,current_dynamic_state,145.56771850585938,0.06243892877706103,0.0,0.0,1257383.1867181761,0.0,0.0,1135083.3167044276,1135083.3167044276,0.06243892877706103,0.0,0.0,0.0,inf,0
2018-12-27,current_dynamic_state,146.1310577392578,0.0038699461610078867,0.0,0.0,1257383.1867181761,0.0,0.0,1139476.028028332,1139476.028028332,0.0038699461610078867,0.0,0.0,0.0,inf,0
2018-12-28,current_dynamic_state,146.05471801757812,-0.0005224058653972019,0.0,0.0,1257383.1867181761,0.0,0.0,1138880.7590678104,1138880.7590678104,-0.0005224058653972019,0.0,0.0,0.0,inf,0
2018-12-31,current_dynamic_state,147.28636169433594,0.008432755158306993,0.0,0.0,1257383.1867181761,0.0,0.0,1148484.661663536,1148484.661663536,0.008432755158306993,0.0,0.0,0.0,inf,0
2019-01-02,current_dynamic_state,147.87840270996094,0.0040196594498931315,0.0,0.0,1148484.661663536,0.0,0.0,1153101.1788868492,1153101.1788868492,0.0040196594498931315,0.0,0.0,0.0,inf,0
2019-01-03,current_dynamic_state,143.047119140625,-0.03267065021531035,0.0,0.0,1148484.661663536,0.0,0.0,1115428.613608575,1115428.613608575,-0.03267065021531035,0.0,0.0,0.0,inf,0
2019-01-04,current_dynamic_state,149.16729736328125,0.04278435147400428,0.0,0.0,1148484.661663536,0.0,0.0,1163151.5034573656,1163151.5034573656,0.04278435147400428,0.0,0.0,0.0,inf,0
2019-01-07,current_dynamic_state,150.94322204589844,0.011905589991968002,0.0,0.0,1148484.661663536,0.0,0.0,1176999.5083560701,1176999.5083560701,0.011905589991968002,0.0,0.0,0.0,inf,0
2019-01-08,current_dynamic_state,152.30859375,0.009045597977803688,0.0,0.0,1148484.661663536,0.0,0.0,1187646.1727287318,1187646.1727287318,0.009045597977803688,0.0,0.0,0.0,inf,0
2019-01-09,current_dynamic_state,153.54981994628906,0.008149416692313505,0.0,0.0,1148484.661663536,0.0,0.0,1197324.7962733295,1197324.7962733295,0.008149416692313505,0.0,0.0,0.0,inf,0
2019-01-10,current_dynamic_state,153.98898315429688,0.002860069833761081,0.0,0.0,1148484.661663536,0.0,0.0,1200749.228804365,1200749.228804365,0.002860069833761081,0.0,0.0,0.0,inf,0
2019-01-11,current_dynamic_state,153.42568969726562,-0.0036580114076526504,0.0,0.0,1148484.661663536,0.0,0.0,1196356.8744276685,1196356.8744276685,-0.0036580114076526504,0.0,0.0,0.0,inf,0
2019-01-14,current_dynamic_state,152.06985473632812,-0.008837079133310666,0.0,0.0,1148484.661663536,0.0,0.0,1185784.574056671,1185784.574056671,-0.008837079133310666,0.0,0.0,0.0,inf,0
2019-01-15,current_dynamic_state,155.039306640625,0.01952689380446615,0.0,0.0,1148484.661663536,0.0,0.0,1208939.2635092498,1208939.2635092498,0.01952689380446615,0.0,0.0,0.0,inf,0
2019-01-16,current_dynamic_state,155.01065063476562,-0.00018483058574170208,0.0,0.0,1148484.661663536,0.0,0.0,1208715.8145570492,1208715.8145570492,-0.00018483058574170208,0.0,0.0,0.0,inf,0
2019-01-17,current_dynamic_state,156.23275756835938,0.007884019121197516,0.0,0.0,1148484.661663536,0.0,0.0,1218245.3531511107,1218245.3531511107,0.007884019121197516,0.0,0.0,0.0,inf,0
2019-01-18,current_dynamic_state,157.77955627441406,0.009900604265900448,0.0,0.0,1148484.661663536,0.0,0.0,1230306.718291432,1230306.718291432,0.009900604265900448,0.0,0.0,0.0,inf,0
2019-01-22,current_dynamic_state,154.6191864013672,-0.02003028749523339,0.0,0.0,1148484.661663536,0.0,0.0,1205663.3210167375,1205663.3210167375,-0.02003028749523328,0.0,0.0,0.0,inf,0
2019-01-23,current_dynamic_state,154.81968688964844,0.0012967374421488653,0.0,0.0,1148484.661663536,0.0,0.0,1207226.7497877255,1207226.7497877255,0.0012967374421488653,0.0,0.0,0.0,inf,0
2019-01-24,current_dynamic_state,155.8222198486328,0.006475487576066197,0.0,0.0,1148484.661663536,0.0,0.0,1215044.1316074708,1215044.1316074708,0.006475487576066197,0.0,0.0,0.0,inf,0
2019-01-25,current_dynamic_state,157.68408203125,0.011948630846267072,0.0,0.0,1148484.661663536,0.0,0.0,1229562.2453979717,1229562.2453979717,0.011948630846267072,0.0,0.0,0.0,inf,0
2019-01-28,current_dynamic_state,155.73631286621094,-0.012352351232593373,0.0,0.0,1148484.661663536,0.0,0.0,1214374.2606804797,1214374.2606804797,-0.012352351232593484,0.0,0.0,0.0,inf,0
2019-01-29,current_dynamic_state,154.26589965820312,-0.009441684992703037,0.0,0.0,1148484.661663536,0.0,0.0,1202908.5214478879,1202908.5214478879,-0.009441684992703148,0.0,0.0,0.0,inf,0
2019-01-30,current_dynamic_state,158.19007873535156,0.025437760942910836,0.0,0.0,1148484.661663536,0.0,0.0,1233507.8208526697,1233507.8208526697,0.025437760942910836,0.0,0.0,0.0,inf,0
2019-01-31,current_dynamic_state,160.55801391601562,0.01496892345964107,0.0,0.0,1148484.661663536,0.0,0.0,1251972.105009882,1251972.105009882,0.01496892345964107,0.0,0.0,0.0,inf,0
2019-02-01,current_dynamic_state,159.88009643554688,-0.004222258758278863,0.0,0.0,1251972.105009882,0.0,0.0,1246685.9548243831,1246685.9548243831,-0.004222258758278974,0.0,0.0,0.0,inf,0
2019-02-04,current_dynamic_state,161.86607360839844,0.012421666093078487,0.0,0.0,1251972.105009882,0.0,0.0,1262171.8714781424,1262171.8714781424,0.012421666093078487,0.0,0.0,0.0,inf,0
2019-02-05,current_dynamic_state,163.29824829101562,0.008847899072921495,0.0,0.0,1251972.105009882,0.0,0.0,1273339.4408096615,1273339.4408096615,0.008847899072921495,0.0,0.0,0.0,inf,0
2019-02-06,current_dynamic_state,162.81134033203125,-0.002981709626894813,0.0,0.0,1251972.105009882,0.0,0.0,1269542.7123406944,1269542.7123406944,-0.002981709626894924,0.0,0.0,0.0,inf,0
2019-02-07,current_dynamic_state,160.6248016357422,-0.013429891872580368,0.0,0.0,1251972.105009882,0.0,0.0,1252492.8909863364,1252492.8909863364,-0.013429891872580368,0.0,0.0,0.0,inf,0
2019-02-08,current_dynamic_state,160.93992614746094,0.00196186708720969,0.0,0.0,1251972.105009882,0.0,0.0,1254950.1155661265,1254950.1155661265,0.00196186708720969,0.0,0.0,0.0,inf,0
2019-02-11,current_dynamic_state,160.78712463378906,-0.0009494319857701328,0.0,0.0,1251972.105009882,0.0,0.0,1253758.625785862,1253758.625785862,-0.0009494319857701328,0.0,0.0,0.0,inf,0
2019-02-12,current_dynamic_state,163.16453552246094,0.014786077517628948,0.0,0.0,1251972.105009882,0.0,0.0,1272296.798015128,1272296.798015128,0.014786077517628948,0.0,0.0,0.0,inf,0
2019-02-13,current_dynamic_state,163.27915954589844,0.0007025057440972482,0.0,0.0,1251972.105009882,0.0,0.0,1273190.59382393,1273190.59382393,0.0007025057440972482,0.0,0.0,0.0,inf,0
2019-02-14,current_dynamic_state,163.47964477539062,0.0012278678433290668,0.0,0.0,1251972.105009882,0.0,0.0,1274753.9036125154,1274753.9036125154,0.0012278678433290668,0.0,0.0,0.0,inf,0
2019-02-15,current_dynamic_state,164.16712951660156,0.004205323189657495,0.0,0.0,1251972.105009882,0.0,0.0,1280114.6557644836,1280114.6557644836,0.004205323189657495,0.0,0.0,0.0,inf,0
2019-02-19,current_dynamic_state,164.49172973632812,0.001977254647031801,0.0,0.0,1251972.105009882,0.0,0.0,1282645.7684163274,1282645.7684163274,0.001977254647031801,0.0,0.0,0.0,inf,0
2019-02-20,current_dynamic_state,164.46310424804688,-0.00017402387540776942,0.0,0.0,1251972.105009882,0.0,0.0,1282422.5574289323,1282422.5574289323,-0.00017402387540776942,0.0,0.0,0.0,inf,0
2019-02-21,current_dynamic_state,163.86158752441406,-0.0036574569498918352,0.0,0.0,1251972.105009882,0.0,0.0,1277732.1521335659,1277732.1521335659,-0.003657456949891724,0.0,0.0,0.0,inf,0
2019-02-22,current_dynamic_state,165.0741729736328,0.007400059205688425,0.0,0.0,1251972.105009882,0.0,0.0,1287187.4457083659,1287187.4457083659,0.007400059205688425,0.0,0.0,0.0,inf,0
2019-02-25,current_dynamic_state,165.67568969726562,0.00364391783885476,0.0,0.0,1251972.105009882,0.0,0.0,1291877.8510037325,1291877.8510037325,0.00364391783885476,0.0,0.0,0.0,inf,0
2019-02-26,current_dynamic_state,165.8475341796875,0.0010372341454312206,0.0,0.0,1251972.105009882,0.0,0.0,1293217.83082252,1293217.83082252,0.0010372341454312206,0.0,0.0,0.0,inf,0
2019-02-27,current_dynamic_state,165.74249267578125,-0.0006333618671257035,0.0,0.0,1251972.105009882,0.0,0.0,1292398.75596259,1292398.75596259,-0.0006333618671257035,0.0,0.0,0.0,inf,0
2019-02-28,current_dynamic_state,165.36056518554688,-0.0023043426225131114,0.0,0.0,1251972.105009882,0.0,0.0,1289420.6264239424,1289420.6264239424,-0.0023043426225132224,0.0,0.0,0.0,inf,0
2019-03-01,current_dynamic_state,166.50634765625,0.0069289946452315565,0.0,0.0,1289420.6264239424,0.0,0.0,1298355.015039885,1298355.015039885,0.0069289946452315565,0.0,0.0,0.0,inf,0
2019-03-04,current_dynamic_state,166.53497314453125,0.00017191830031815236,0.0,0.0,1289420.6264239424,0.0,0.0,1298578.22602728,1298578.22602728,0.00017191830031815236,0.0,0.0,0.0,inf,0
2019-03-05,current_dynamic_state,166.6591339111328,0.0007455537071712204,0.0,0.0,1289420.6264239424,0.0,0.0,1299546.3858377466,1299546.3858377466,0.0007455537071712204,0.0,0.0,0.0,inf,0
2019-03-06,current_dynamic_state,165.71388244628906,-0.005671765133183682,0.0,0.0,1289420.6264239424,0.0,0.0,1292175.6639575972,1292175.6639575972,-0.005671765133183682,0.0,0.0,0.0,inf,0
2019-03-07,current_dynamic_state,163.68014526367188,-0.012272581829566143,0.0,0.0,1289420.6264239424,0.0,0.0,1276317.3323835037,1276317.3323835037,-0.012272581829566143,0.0,0.0,0.0,inf,0
2019-03-08,current_dynamic_state,163.43191528320312,-0.0015165552307451202,0.0,0.0,1289420.6264239424,0.0,0.0,1274381.7266569869,1274381.7266569869,-0.0015165552307451202,0.0,0.0,0.0,inf,0
2019-03-11,current_dynamic_state,166.83096313476562,0.02079794418166392,0.0,0.0,1289420.6264239424,0.0,0.0,1300886.2466741314,1300886.2466741314,0.02079794418166392,0.0,0.0,0.0,inf,0
2019-03-12,current_dynamic_state,167.7476348876953,0.005494614043492607,0.0,0.0,1289420.6264239424,0.0,0.0,1308034.1145140934,1308034.1145140934,0.005494614043492607,0.0,0.0,0.0,inf,0
2019-03-13,current_dynamic_state,169.00791931152344,0.007512978795032543,0.0,0.0,1289420.6264239424,0.0,0.0,1317861.347079617,1317861.347079617,0.007512978795032543,0.0,0.0,0.0,inf,0
2019-03-14,current_dynamic_state,168.72145080566406,-0.0016950004888903747,0.0,0.0,1289420.6264239424,0.0,0.0,1315627.5714520272,1315627.5714520272,-0.0016950004888904857,0.0,0.0,0.0,inf,0
2019-03-15,current_dynamic_state,170.287353515625,0.009280993628750567,0.0,0.0,1289420.6264239424,0.0,0.0,1327837.902560482,1327837.902560482,0.009280993628750567,0.0,0.0,0.0,inf,0
2019-03-18,current_dynamic_state,170.6929168701172,0.0023816410679902145,0.0,0.0,1289420.6264239424,0.0,0.0,1331000.335840854,1331000.335840854,0.0023816410679902145,0.0,0.0,0.0,inf,0
2019-03-19,current_dynamic_state,171.26681518554688,0.003362168307583513,0.0,0.0,1289420.6264239424,0.0,0.0,1335475.3829874012,1335475.3829874012,0.003362168307583513,0.0,0.0,0.0,inf,0
2019-03-20,current_dynamic_state,171.94595336914062,0.0039653810509525655,0.0,0.0,1289420.6264239424,0.0,0.0,1340771.0517651131,1340771.0517651131,0.0039653810509525655,0.0,0.0,0.0,inf,0
2019-03-21,current_dynamic_state,174.63380432128906,0.015631952363415413,0.0,0.0,1289420.6264239424,0.0,0.0,1361729.9209765517,1361729.9209765517,0.015631952363415413,0.0,0.0,0.0,inf,0
2019-03-22,current_dynamic_state,170.79806518554688,-0.021964471029247257,0.0,0.0,1289420.6264239424,0.0,0.0,1331820.243577603,1331820.243577603,-0.021964471029247257,0.0,0.0,0.0,inf,0
2019-03-25,current_dynamic_state,170.472900390625,-0.0019037967120332233,0.0,0.0,1289420.6264239424,0.0,0.0,1329284.7285768606,1329284.7285768606,-0.0019037967120332233,0.0,0.0,0.0,inf,0
2019-03-26,current_dynamic_state,171.26681518554688,0.0046571319728982985,0.0,0.0,1289420.6264239424,0.0,0.0,1335475.3829874014,1335475.3829874014,0.0046571319728982985,0.0,0.0,0.0,inf,0
2019-03-27,current_dynamic_state,170.16677856445312,-0.006422940835923097,0.0,0.0,1289420.6264239424,0.0,0.0,1326897.7036146417,1326897.7036146417,-0.006422940835923097,0.0,0.0,0.0,inf,0
2019-03-28,current_dynamic_state,170.55899047851562,0.002304867714904457,0.0,0.0,1289420.6264239424,0.0,0.0,1329956.027292684,1329956.027292684,0.002304867714904457,0.0,0.0,0.0,inf,0
2019-03-29,current_dynamic_state,171.8502960205078,0.007571020081494018,0.0,0.0,1289420.6264239424,0.0,0.0,1340025.151082821,1340025.151082821,0.007571020081494018,0.0,0.0,0.0,inf,0
2019-04-01,current_dynamic_state,174.1268768310547,0.01324746516744546,0.0,0.0,1340025.151082821,0.0,0.0,1357777.0875952914,1357777.0875952914,0.01324746516744546,0.0,0.0,0.0,inf,0
2019-04-02,current_dynamic_state,174.78683471679688,0.003790097759477362,0.0,0.0,1340025.151082821,0.0,0.0,1362923.195492856,1362923.195492856,0.003790097759477362,0.0,0.0,0.0,inf,0
2019-04-03,current_dynamic_state,175.79124450683594,0.005746484234161464,0.0,0.0,1340025.151082821,0.0,0.0,1370755.2121481285,1370755.2121481285,0.005746484234161464,0.0,0.0,0.0,inf,0
2019-04-04,current_dynamic_state,175.7242889404297,-0.00038088112177647737,0.0,0.0,1340025.151082821,0.0,0.0,1370233.1173652445,1370233.1173652445,-0.00038088112177647737,0.0,0.0,0.0,inf,0
2019-04-05,current_dynamic_state,176.63291931152344,0.005170772786007749,0.0,0.0,1340025.151082821,0.0,0.0,1377318.2814790034,1377318.2814790034,0.005170772786007749,0.0,0.0,0.0,inf,0
2019-04-08,current_dynamic_state,177.08251953125,0.002545393132146634,1.0,0.0,1340025.151082821,0.0,0.0,1380824.09797346,1380824.09797346,0.002545393132146634,0.0,0.0,0.0,inf,0
2019-04-09,current_dynamic_state,176.46078491210938,-0.0035109881019673717,1.0,1.0,1340025.151082821,13400.25151082821,13400.25151082821,1389317.7701153555,1375917.5186045272,-0.0035533703214869483,0.9739138669023498,9.380176057579746,2.127024049337811,10367.84846159569,1
2019-04-10,current_dynamic_state,177.40773010253906,0.005366320856508455,1.0,1.0,1340025.151082821,0.0,13400.25151082821,1396771.168017394,1383370.9165065656,0.0054170383044456205,0.9686665630262012,0.0,2.127024049337811,10423.469790016396,0
2019-04-11,current_dynamic_state,176.98683166503906,-0.0023724920963518192,1.0,1.0,1340025.151082821,0.0,13400.25151082821,1393455.212436811,1380054.9609259828,-0.0023970111999728205,0.9709940466310828,0.0,2.127024049337811,10398.724317307144,0
2019-04-12,current_dynamic_state,177.75213623046875,0.004324076306863711,1.0,1.0,1340025.151082821,0.0,13400.25151082821,1399478.4920815355,1386078.2405707072,0.0043645215699836815,0.9667745383053382,0.0,2.127024049337811,10443.673321733348,0
2019-04-15,current_dynamic_state,177.78077697753906,0.00016112744227836373,2.0,1.0,1340025.151082821,0.0,13400.25151082821,1399701.8594474387,1386301.6079366105,0.0001611506186052214,0.9666187670930657,0.0,2.127024049337811,10445.340211087794,0
2019-04-16,current_dynamic_state,178.39295959472656,0.0034434691286384655,2.0,2.0,1340025.151082821,13400.25151082821,26800.50302165642,1417954.4179284628,1391153.9149068063,0.0035001813042820906,1.9264944543143374,9.380176057579746,4.254048098675622,5290.7753887405415,1
2019-04-17,current_dynamic_state,179.0147705078125,0.0034856247382102357,2.0,2.0,1340025.151082821,0.0,26800.50302165642,1422892.6208771502,1396092.117855494,0.003549717177784961,1.9196801327711868,0.0,4.254048098675622,5309.201173303976,0
2019-04-18,current_dynamic_state,179.24427795410156,0.001282058713021339,2.0,2.0,1340025.151082821,0.0,26800.50302165642,1424712.598711341,1397912.0956896846,0.0013036230281038286,1.917180851663918,0.0,4.254048098675622,5315.992007911521,0
2019-04-22,current_dynamic_state,179.7512664794922,0.0028284781594001274,2.0,2.0,1340025.151082821,0.0,26800.50302165642,1428738.1131321196,1401937.610110463,0.0028796620568565245,1.9116758711926363,0.0,4.254048098675622,5331.0123021855725,0
2019-04-23,current_dynamic_state,182.03733825683594,0.012717973130968563,2.0,2.0,1340025.151082821,0.0,26800.50302165642,1446904.512018026,1420104.0089963698,0.01295806514847353,1.8872211367530143,0.0,4.254048098675622,5398.796100389758,0
2019-04-24,current_dynamic_state,181.4634246826172,-0.0031527244889123507,2.0,2.0,1340025.151082821,0.0,26800.50302165642,1442338.5666817706,1415538.063660114,-0.0032152189609566673,1.8933085382641826,0.0,4.254048098675622,5381.759310697543,0
2019-04-25,current_dynamic_state,182.19993591308594,0.004058731018423911,2.0,2.0,1340025.151082821,0.0,26800.50302165642,1448188.3769133324,1421387.8738916758,0.004132570067692853,1.88551650917622,0.0,4.254048098675622,5403.58655112969,0
2019-04-26,current_dynamic_state,182.36260986328125,0.0008928320933818679,2.0,2.0,1340025.151082821,0.0,26800.50302165642,1449477.1119254045,1422676.608903748,0.000906673706553951,1.8838085095324444,0.0,4.254048098675622,5408.395173606033,0
2019-04-29,current_dynamic_state,182.7165069580078,0.0019406231079488467,2.0,2.0,1340025.151082821,0.0,26800.50302165642,1452285.7466551512,1425485.2436334947,0.0019741905589569786,1.8800968401007927,0.0,4.254048098675622,5418.874957240978,0
2019-04-30,current_dynamic_state,181.3008270263672,-0.007747958601058258,2.0,2.0,1340025.151082821,0.0,26800.50302165642,1441029.2427650616,1414228.739743405,-0.007896612006587644,1.8950614047427046,0.0,4.254048098675622,5376.873865392091,0
2019-05-01,current_dynamic_state,180.71737670898438,-0.0032181337887552397,2.0,2.0,1414228.739743405,1484.0717732116827,28284.574794868102,1437865.5885778992,1409581.0137830311,-0.003286403273926597,2.006594478664125,1.038850241248178,4.489615046804461,5083.567983630366,1
2019-05-02,current_dynamic_state,179.93301391601562,-0.004340273233557568,2.0,2.0,1414228.739743405,0.0,28284.574794868102,1431620.369435294,1403335.794640426,-0.004430549987222254,2.0155243600919763,0.0,4.489615046804461,5061.488036564171,0
2019-05-03,current_dynamic_state,182.80255126953125,0.015947809082189845,0.0,2.0,1414228.739743405,0.0,28284.574794868102,1454447.0881501753,1426162.5133553073,0.016266041814126275,1.9832644968576185,0.0,4.489615046804461,5142.191808427211,0
2019-05-06,current_dynamic_state,181.68344116210938,-0.006121961097642514,0.0,0.0,1414228.739743405,-28284.574794868102,0.0,1417411.9239372201,1417411.9239372201,-0.006135758958843884,0.0,19.799202356407672,0.0,inf,-1
2019-05-07,current_dynamic_state,178.144287109375,-0.01947978324329802,0.0,0.0,1414228.739743405,0.0,0.0,1389801.046892457,1389801.046892457,-0.019479783243298132,0.0,0.0,0.0,inf,0
2019-05-08,current_dynamic_state,177.69476318359375,-0.0025233698653791548,0.0,0.0,1414228.739743405,0.0,0.0,1386294.064811856,1386294.064811856,-0.0025233698653792658,0.0,0.0,0.0,inf,0
2019-05-09,current_dynamic_state,176.7381591796875,-0.005383411344080491,0.0,0.0,1414228.739743405,0.0,0.0,1378831.0736171163,1378831.0736171163,-0.005383411344080602,0.0,0.0,0.0,inf,0
2019-05-10,current_dynamic_state,176.95819091796875,0.0012449588662828415,0.0,0.0,1414228.739743405,0.0,0.0,1380547.6615873221,1380547.6615873221,0.0012449588662828415,0.0,0.0,0.0,inf,0
2019-05-13,current_dynamic_state,170.81724548339844,-0.03470280410708437,0.0,0.0,1414228.739743405,0.0,0.0,1332638.7865267638,1332638.7865267638,-0.03470280410708437,0.0,0.0,0.0,inf,0
2019-05-14,current_dynamic_state,172.6920166015625,0.010975303534831227,0.0,0.0,1414228.739743405,0.0,0.0,1347264.9017111843,1347264.9017111843,0.010975303534831227,0.0,0.0,0.0,inf,0
2019-05-15,current_dynamic_state,175.13124084472656,0.014124707622077626,0.0,0.0,1414228.739743405,0.0,0.0,1366294.624537342,1366294.624537342,0.014124707622077626,0.0,0.0,0.0,inf,0
2019-05-16,current_dynamic_state,176.89120483398438,0.010049400556798593,0.0,0.0,1414228.739743405,0.0,0.0,1380025.0664979185,1380025.0664979185,0.010049400556798593,0.0,0.0,0.0,inf,0
2019-05-17,current_dynamic_state,175.08338928222656,-0.010219928986602178,0.0,0.0,1414228.739743405,0.0,0.0,1365921.3083185789,1365921.3083185789,-0.010219928986602067,0.0,0.0,0.0,inf,0
2019-05-20,current_dynamic_state,172.127685546875,-0.01688169133273465,0.0,0.0,1414228.739743405,0.0,0.0,1342862.2464067396,1342862.2464067396,-0.01688169133273465,0.0,0.0,0.0,inf,0
2019-05-21,current_dynamic_state,173.92601013183594,0.010447619621720916,0.0,0.0,1414228.739743405,0.0,0.0,1356891.9603615669,1356891.9603615669,0.010447619621720916,0.0,0.0,0.0,inf,0
2019-05-22,current_dynamic_state,173.15115356445312,-0.004455093098470253,0.0,0.0,1414228.739743405,0.0,0.0,1350846.8803535902,1350846.8803535902,-0.004455093098470253,0.0,0.0,0.0,inf,0
2019-05-23,current_dynamic_state,170.50160217285156,-0.015301956337329892,0.0,0.0,1414228.739743405,0.0,0.0,1330176.2803720012,1330176.2803720012,-0.015301956337330003,0.0,0.0,0.0,inf,0
2019-05-24,current_dynamic_state,170.4154815673828,-0.0005051014440405899,0.0,0.0,1414228.739743405,0.0,0.0,1329504.4064119568,1329504.4064119568,-0.0005051014440405899,0.0,0.0,0.0,inf,0
2019-05-28,current_dynamic_state,169.77462768554688,-0.003760537927315899,0.0,0.0,1414228.739743405,0.0,0.0,1324504.754667111,1324504.754667111,-0.003760537927315899,0.0,0.0,0.0,inf,0
2019-05-29,current_dynamic_state,168.37811279296875,-0.008225698454569552,0.0,0.0,1414228.739743405,0.0,0.0,1313609.7779535756,1313609.7779535756,-0.008225698454569663,0.0,0.0,0.0,inf,0
2019-05-30,current_dynamic_state,169.0859375,0.00420378097420282,0.0,0.0,1414228.739743405,0.0,0.0,1319131.9057456637,1319131.9057456637,0.00420378097420282,0.0,0.0,0.0,inf,0
2019-05-31,current_dynamic_state,166.38851928710938,-0.01595294234856537,0.0,0.0,1414228.739743405,0.0,0.0,1298087.87050315,1298087.87050315,-0.01595294234856537,0.0,0.0,0.0,inf,0
2019-06-03,current_dynamic_state,162.7249755859375,-0.022018007713923482,0.0,0.0,1298087.87050315,0.0,0.0,1269506.5617570612,1269506.5617570612,-0.02201800771392337,0.0,0.0,0.0,inf,0
2019-06-04,current_dynamic_state,167.30677795410156,0.028156724876841954,0.0,0.0,1298087.87050315,0.0,0.0,1305251.7087458002,1305251.7087458002,0.028156724876841954,0.0,0.0,0.0,inf,0
2019-06-05,current_dynamic_state,168.55029296875,0.007432544155441034,0.0,0.0,1298087.87050315,0.0,0.0,1314953.0497050183,1314953.0497050183,0.007432544155441034,0.0,0.0,0.0,inf,0
2019-06-06,current_dynamic_state,169.88941955566406,0.007944967423832106,0.0,0.0,1298087.87050315,0.0,0.0,1325400.3088487934,1325400.3088487934,0.007944967423832106,0.0,0.0,0.0,inf,0
2019-06-07,current_dynamic_state,173.1703338623047,0.019312057897552748,0.0,0.0,1298087.87050315,0.0,0.0,1350996.5163507157,1350996.5163507157,0.019312057897552748,0.0,0.0,0.0,inf,0
2019-06-10,current_dynamic_state,175.18861389160156,0.011654883283309436,0.0,0.0,1298087.87050315,0.0,0.0,1366742.223064941,1366742.223064941,0.011654883283309436,0.0,0.0,0.0,inf,0
2019-06-11,current_dynamic_state,175.427734375,0.0013649316475921047,0.0,0.0,1298087.87050315,0.0,0.0,1368607.7327793026,1368607.7327793026,0.0013649316475921047,0.0,0.0,0.0,inf,0
2019-06-12,current_dynamic_state,174.413818359375,-0.0057796791324775665,0.0,0.0,1298087.87050315,0.0,0.0,1360697.6192256107,1360697.6192256107,-0.0057796791324774555,0.0,0.0,0.0,inf,0
2019-06-13,current_dynamic_state,175.44686889648438,0.0059229856144815685,0.0,0.0,1298087.87050315,0.0,0.0,1368757.0116499434,1368757.0116499434,0.0059229856144815685,0.0,0.0,0.0,inf,0
2019-06-14,current_dynamic_state,174.70069885253906,-0.00425296871148817,0.0,0.0,1298087.87050315,0.0,0.0,1362935.7309057661,1362935.7309057661,-0.00425296871148817,0.0,0.0,0.0,inf,0
2019-06-17,current_dynamic_state,175.7529754638672,0.006023310829548212,0.0,0.0,1298087.87050315,0.0,0.0,1371145.116453709,1371145.116453709,0.006023310829548212,0.0,0.0,0.0,inf,0
2019-06-18,current_dynamic_state,178.30685424804688,0.01453106997158482,0.0,0.0,1298087.87050315,0.0,0.0,1391069.3220820948,1391069.3220820948,0.01453106997158482,0.0,0.0,0.0,inf,0
2019-06-19,current_dynamic_state,178.97645568847656,0.00375533202721523,0.0,0.0,1298087.87050315,0.0,0.0,1396293.2492593862,1396293.2492593862,0.00375533202721523,0.0,0.0,0.0,inf,0
2019-06-20,current_dynamic_state,180.6408233642578,0.00929936660874664,0.0,0.0,1298087.87050315,0.0,0.0,1409277.8920775673,1409277.8920775673,0.00929936660874664,0.0,0.0,0.0,inf,0
2019-06-21,current_dynamic_state,180.3730010986328,-0.0014826231448521465,0.0,0.0,1298087.87050315,0.0,0.0,1407188.4640572446,1407188.4640572446,-0.0014826231448521465,0.0,0.0,0.0,inf,0
2019-06-24,current_dynamic_state,180.37876892089844,3.1977192986198943e-05,0.0,0.0,1298087.87050315,0.0,0.0,1407233.4619943276,1407233.4619943276,3.1977192986198943e-05,0.0,0.0,0.0,inf,0
2019-06-25,current_dynamic_state,177.28233337402344,-0.017166297150153387,0.0,0.0,1298087.87050315,0.0,0.0,1383076.4742260939,1383076.4742260939,-0.017166297150153387,0.0,0.0,0.0,inf,0
2019-06-26,current_dynamic_state,178.10675048828125,0.00465030608841599,0.0,0.0,1298087.87050315,0.0,0.0,1389508.2031749324,1389508.2031749324,0.00465030608841599,0.0,0.0,0.0,inf,0
2019-06-27,current_dynamic_state,178.7873992919922,0.0038215778000829648,0.0,0.0,1298087.87050315,0.0,0.0,1394818.316877219,1394818.316877219,0.0038215778000829648,0.0,0.0,0.0,inf,0
2019-06-28,current_dynamic_state,179.01744079589844,0.0012866762692294031,0.0,0.0,1298087.87050315,0.0,0.0,1396612.9965054314,1396612.9965054314,0.0012866762692294031,0.0,0.0,0.0,inf,0
2019-07-01,current_dynamic_state,181.43325805664062,0.01349487094666113,0.0,0.0,1396612.9965054314,0.0,0.0,1415460.1086557019,1415460.1086557019,0.01349487094666113,0.0,0.0,0.0,inf,0
2019-07-02,current_dynamic_state,182.1522216796875,0.00396268925966381,0.0,0.0,1396612.9965054314,0.0,0.0,1421069.1372257543,1421069.1372257543,0.00396268925966381,0.0,0.0,0.0,inf,0
2019-07-03,current_dynamic_state,183.52310180664062,0.007526013760972949,0.0,0.0,1396612.9965054314,0.0,0.0,1431764.1231078093,1431764.1231078093,0.007526013760972949,0.0,0.0,0.0,inf,0
2019-07-05,current_dynamic_state,183.1492156982422,-0.0020372699933568494,0.0,0.0,1396612.9965054314,0.0,0.0,1428847.233022237,1428847.233022237,-0.0020372699933568494,0.0,0.0,0.0,inf,0
2019-07-08,current_dynamic_state,181.86459350585938,-0.007014074220767386,1.0,0.0,1396612.9965054314,0.0,0.0,1418825.192479681,1418825.192479681,-0.007014074220767275,0.0,0.0,0.0,inf,0
2019-07-09,current_dynamic_state,182.77536010742188,0.005007937960904707,1.0,1.0,1396612.9965054314,13966.129965054313,13966.129965054313,1439954.6104024008,1425988.4804373465,0.005048745959427281,0.9793999149818478,9.77629097553802,2.2168460261990974,10310.333743173074,1
2019-07-10,current_dynamic_state,184.59678649902344,0.00996538259058033,1.0,1.0,1396612.9965054314,0.0,13966.129965054313,1454302.0921621046,1440335.9621970502,0.010061428936160466,0.9696439116711875,0.0,2.2168460261990974,10413.064290544491,0
2019-07-11,current_dynamic_state,184.4625701904297,-0.0007270782505981455,1.0,1.0,1396612.9965054314,0.0,13966.129965054313,1453242.4838950678,1439276.3539300135,-0.0007356674379083161,0.9703577722873805,0.0,2.2168460261990974,10405.477304960883,0
2019-07-12,current_dynamic_state,185.52667236328125,0.005768661749389281,1.0,1.0,1396612.9965054314,0.0,13966.129965054313,1461623.5313784746,1447657.4014134202,0.005823098156599205,0.9647399965916302,0.0,2.2168460261990974,10465.487110858276,0
2019-07-15,current_dynamic_state,186.12106323242188,0.003203802782474119,2.0,1.0,1396612.9965054314,0.0,13966.129965054313,1466304.0680692084,1452337.938104154,0.0032331798160005754,0.9616308710688474,0.0,2.2168460261990974,10499.000594568117,0
2019-07-16,current_dynamic_state,185.16233825683594,-0.005151082628346626,2.0,2.0,1396612.9965054314,13966.129965054313,27932.259930108627,1472631.044307364,1444698.7843772552,-0.005259900968276554,1.9334313998297554,9.77629097553802,4.433692052398195,5272.15144063582,1
2019-07-17,current_dynamic_state,184.2516326904297,-0.004918416860468788,2.0,2.0,1396612.9965054314,0.0,27932.259930108627,1465383.5972577403,1437451.3373276317,-0.005016580015153593,1.9431795153523277,0.0,4.433692052398195,5246.204929083378,0
2019-07-18,current_dynamic_state,184.4625701904297,0.0011448338173176698,2.0,2.0,1396612.9965054314,0.0,27932.259930108627,1467056.784263171,1439124.5243330623,0.001163995581611399,1.9409202927073566,0.0,4.433692052398195,5252.195088882898,0
2019-07-19,current_dynamic_state,183.11083984375,-0.007327938374078968,2.0,2.0,1396612.9965054314,0.0,27932.259930108627,1456301.8488647635,1428369.5889346548,-0.007473248642880126,1.955534488167157,0.0,4.433692052398195,5213.69145392705,0
2019-07-22,current_dynamic_state,184.5680389404297,0.007958016564847403,3.0,2.0,1396612.9965054314,0.0,27932.259930108627,1467886.6894093947,1439954.429479286,0.008110534300350025,1.9398016602656964,0.0,4.433692052398195,5255.166223865533,0
2019-07-23,current_dynamic_state,185.77590942382812,0.006544310110962792,3.0,3.0,1396612.9965054314,13966.129965054311,41898.38989516294,1491534.032955106,1449635.643059943,0.006723277752725743,2.8902703997207397,9.776290975538018,6.650538078597291,3559.883892166701,1
2019-07-24,current_dynamic_state,187.0796356201172,0.00701773550904683,3.0,3.0,1396612.9965054314,0.0,41898.38989516294,1501994.5737630485,1460096.1838678855,0.0072159793104022985,2.869563687521701,0.0,6.650538078597291,3584.8503427489704,0
2019-07-25,current_dynamic_state,185.30618286132812,-0.009479667591347218,3.0,3.0,1396612.9965054314,0.0,41898.38989516294,1487749.5139416892,1445851.1240465262,-0.009756247553242225,2.897835689880799,0.0,6.650538078597291,3550.8512801191105,0
2019-07-26,current_dynamic_state,187.2139129638672,0.01029501591949944,3.0,3.0,1396612.9965054314,0.0,41898.38989516294,1503059.268333868,1461160.8784387049,0.010588748825903327,2.867472741258488,0.0,6.650538078597291,3587.3914775598387,0
2019-07-29,current_dynamic_state,186.57159423828125,-0.0034309347815933977,4.0,3.0,1396612.9965054314,0.0,41898.38989516294,1497895.7194732663,1455997.3295781033,-0.003533867445259742,2.877641946452169,0.0,6.650538078597291,3575.067498348414,0
2019-07-30,current_dynamic_state,185.76632690429688,-0.004316130423133502,4.0,4.0,1396612.9965054314,13966.129965054315,55864.51986021725,1505317.8550350517,1449453.3351748344,-0.004494509893891885,3.854178572329052,9.77629097553802,8.86738410479639,2694.5865798213586,1
2019-07-31,current_dynamic_state,183.1971893310547,-0.013829942250867422,4.0,4.0,1396612.9965054314,0.0,55864.51986021725,1484490.5286466125,1428626.0087863952,-0.014369090665431461,3.9103669901455635,0.0,8.86738410479639,2657.3047300165936,0
2019-08-01,current_dynamic_state,182.28648376464844,-0.004971176521494147,4.0,4.0,1428626.0087863952,1280.5204912385525,57145.040351455806,1478375.056432377,1421230.0160809213,-0.005176997100701519,4.020815751487908,0.8963643438669867,9.070641325627905,2587.0575072482466,1
2019-08-02,current_dynamic_state,179.60226440429688,-0.014725279159025217,4.0,4.0,1428626.0087863952,0.0,57145.040351455806,1456596.5003833452,1399451.4600318894,-0.01532373775012641,4.08338852639831,0.0,9.070641325627905,2548.9464902376913,0
2019-08-05,current_dynamic_state,173.25599670410156,-0.03533512075276202,4.0,4.0,1428626.0087863952,0.0,57145.040351455806,1405118.4165129235,1347973.3761614677,-0.03678447258845874,4.239330046279093,0.0,9.070641325627905,2458.8632851969405,0
2019-08-06,current_dynamic_state,175.681396484375,0.013998936985804233,4.0,4.0,1428626.0087863952,0.0,57145.040351455806,1424779.5100419554,1367634.4696904996,0.014585669032291637,4.178385498311396,0.0,9.070641325627905,2493.268884367247,0
2019-08-07,current_dynamic_state,176.63043212890625,0.005402026984773212,4.0,4.0,1428626.0087863952,0.0,57145.040351455806,1432467.1367612283,1375322.0964097725,0.005621112138985973,4.155029610927565,0.0,9.070641325627905,2506.7217171450216,0
2019-08-08,current_dynamic_state,180.47459411621094,0.021763871270490842,4.0,4.0,1428626.0087863952,0.0,57145.040351455806,1463634.0964835826,1406489.0561321268,0.02266157128116708,4.0629566296524064,0.0,9.070641325627905,2561.2618128920362,0
2019-08-09,current_dynamic_state,178.77777099609375,-0.009402005464683727,4.0,4.0,1428626.0087863952,0.0,57145.040351455806,1449863.930068821,1392718.8897173651,-0.009790454006538774,4.103128116762506,0.0,9.070641325627905,2537.164942314867,0
2019-08-12,current_dynamic_state,176.7262725830078,-0.011475131397240435,4.0,4.0,1428626.0087863952,0.0,57145.040351455806,1433217.4803218362,1376072.4399703804,-0.011952483641808676,4.152763960063457,0.0,9.070641325627905,2508.0347682094584,0
2019-08-13,current_dynamic_state,180.5991973876953,0.021914821990422606,4.0,4.0,1428626.0087863952,0.0,57145.040351455806,1464617.1156353257,1407472.0752838699,0.022818301131127372,4.060118943385101,0.0,9.070641325627905,2562.982030684687,0
2019-08-14,current_dynamic_state,175.20205688476562,-0.02988463172039213,4.0,4.0,1428626.0087863952,0.0,57145.040351455806,1420838.5018818555,1363693.4615303997,-0.03110442794727597,4.1904608303485595,0.0,9.070641325627905,2486.372383575819,0
2019-08-15,current_dynamic_state,175.00071716308594,-0.0011491858329729654,4.0,4.0,1428626.0087863952,0.0,57145.040351455806,1419196.6237632248,1362051.583411769,-0.0012039935402990976,4.1955121999355285,0.0,9.070641325627905,2483.499206641246,0
2019-08-16,current_dynamic_state,177.80960083007812,0.016050698034423272,4.0,4.0,1428626.0087863952,0.0,57145.040351455806,1441966.6495813958,1384821.60922994,0.016717447485457892,4.126527198202268,0.0,9.070641325627905,2523.3452294599015,0
2019-08-19,current_dynamic_state,180.6375732421875,0.01590449783874104,4.0,4.0,1428626.0087863952,0.0,57145.040351455806,1464891.334401874,1407746.2940504183,0.016554251224622396,4.059328061666285,0.0,9.070641325627905,2563.4618951923712,0
2019-08-20,current_dynamic_state,179.2379150390625,-0.007748433385165288,4.0,4.0,1428626.0087863952,0.0,57145.040351455806,1453531.6508394298,1396386.610487974,-0.00806941109378434,4.0923509236089135,0.0,9.070641325627905,2543.5832084461904,0
2019-08-21,current_dynamic_state,180.829345703125,0.008878872886440625,4.0,4.0,1428626.0087863952,0.0,57145.040351455806,1466428.3029623257,1409283.26261087,0.009235731727898155,4.054900946285818,0.0,9.070641325627905,2566.1514874141963,0
2019-08-22,current_dynamic_state,180.2445068359375,-0.0032342033031942385,4.0,4.0,1428626.0087863952,0.0,57145.040351455806,1461676.5050596618,1404531.464708206,-0.0033717833942487063,4.068619449784117,0.0,9.070641325627905,2557.8361587812315,0
2019-08-23,current_dynamic_state,174.5406036376953,-0.031645364945484866,4.0,4.0,1428626.0087863952,0.0,57145.040351455806,1415412.1479834823,1358267.1076320265,-0.0329393525447228,4.207201958315934,0.0,9.070641325627905,2476.876627049969,0
2019-08-26,current_dynamic_state,177.17684936523438,0.015103910910101437,4.0,4.0,1428626.0087863952,0.0,57145.040351455806,1436781.3363263747,1379636.2959749189,0.015732684847347134,4.142036601833117,0.0,9.070641325627905,2514.271277944372,0
2019-08-27,current_dynamic_state,176.80300903320312,-0.0021099840829690297,2.7,4.0,1428626.0087863952,0.0,57145.040351455806,1433740.6799346935,1376595.6395832377,-0.002203955057251128,4.1511856283924,0.0,9.070641325627905,2508.95033255177,0
2019-08-28,current_dynamic_state,177.43569946289062,0.0035785048747032366,2.7,2.7,1428626.0087863952,-18572.138114223133,38572.90223723267,1420213.5596439862,1381640.6574067534,0.00366485093984692,2.791818699779103,13.000496679956193,6.122682894798837,3681.8944836178766,-1
2019-08-29,current_dynamic_state,180.148681640625,0.015289945517991788,2.7,2.7,1428626.0087863952,0.0,38572.90223723267,1441922.4249119612,1403349.5226747284,0.015712381617895677,2.748631158096256,0.0,6.122682894798837,3738.1745766595154,0
2019-08-30,current_dynamic_state,179.71728515625,-0.0023946691168996725,2.7,2.7,1428626.0087863952,0.0,38572.90223723267,1438463.3751291647,1399890.472891932,-0.0024648526449801977,2.7554228694440446,0.0,6.122682894798837,3729.207012431337,0
2019-09-03,current_dynamic_state,177.9725341796875,-0.009708309220482492,2.7,2.7,1399890.472891932,-775.8594691505132,37797.04276808216,1423723.4633359318,1385926.4205678497,-0.009975103477370517,2.727204143535682,0.5431016284053592,5.999530598108279,3766.758876009739,-1
2019-09-04,current_dynamic_state,180.54168701171875,0.014435670334599804,2.7,2.7,1399890.472891932,0.0,37797.04276808216,1444269.8663696859,1406472.8236016037,0.014825031638646236,2.687363888858795,0.0,5.999530598108279,3821.11869235787,0
2019-09-05,current_dynamic_state,183.8490447998047,0.018319080999122717,2.7,2.7,1399890.472891932,0.0,37797.04276808216,1470721.5635057061,1432924.520737624,0.018807115709697397,2.6377553193538374,0.0,5.999530598108279,3891.1022021745625,0
2019-09-06,current_dynamic_state,183.6669158935547,-0.0009906437449719308,2.7,2.7,1399890.472891932,0.0,37797.04276808216,1469258.6028576258,1431461.5600895437,-0.001020961416256072,2.6404511180668937,0.0,5.999530598108279,3887.231633101059,0
2019-09-09,current_dynamic_state,183.28341674804688,-0.0020880142928412226,2.7,2.7,1399890.472891932,0.0,37797.04276808216,1466184.7703643811,1428387.727596299,-0.0021473384818327945,2.646133261848118,0.0,5.999530598108279,3879.0991648756863,0
2019-09-10,current_dynamic_state,182.75619506835938,-0.002876537817997238,2.7,2.7,1399890.472891932,0.0,37797.04276808216,1461961.2348936584,1424164.1921255763,-0.002956855053515506,2.6539806980871896,0.0,5.999530598108279,3867.9249164122875,0
2019-09-11,current_dynamic_state,184.47218322753906,0.009389493792743009,2.7,2.7,1399890.472891932,0.0,37797.04276808216,1475682.3113033252,1437885.268535243,0.009634476477875742,2.628654983480397,0.0,5.999530598108279,3904.2269003898637,0
2019-09-12,current_dynamic_state,185.23907470703125,0.0041572201622737115,2.7,2.7,1399890.472891932,0.0,37797.04276808216,1481811.048030388,1444014.005262306,0.004262326669015826,2.617498350455147,0.0,5.999530598108279,3920.441758162383,0
2019-09-13,current_dynamic_state,184.57760620117188,-0.003570890790215442,2.7,2.7,1399890.472891932,0.0,37797.04276808216,1476513.6630755388,1438716.6203074567,-0.003668513557032238,2.6271360346142973,0.0,5.999530598108279,3906.4264157787125,0
2019-09-16,current_dynamic_state,183.75315856933594,-0.004466672034620367,2.7,2.7,1399890.472891932,0.0,37797.04276808216,1469912.5612573463,1432115.5184892642,-0.004588187642387775,2.639245387687313,0.0,5.999530598108279,3888.961817136178,0
2019-09-17,current_dynamic_state,184.63511657714844,0.004799688966868665,2.7,2.7,1399890.472891932,0.0,37797.04276808216,1476961.6848292768,1439164.6420611946,0.004922175258156969,2.6263181892760112,0.0,5.999530598108279,3907.611751246587,0
2019-09-18,current_dynamic_state,184.55844116210938,-0.0004152807789791213,2.7,2.7,1399890.472891932,0.0,37797.04276808216,1476342.3314996804,1438545.2887315983,-0.0004303561326446381,2.627448928035402,0.0,5.999530598108279,3905.973122178708,0
2019-09-19,current_dynamic_state,184.86524963378906,0.0016623919759388706,2.7,2.7,1399890.472891932,0.0,37797.04276808216,1478790.5916147062,1440993.548846624,0.0017018999222364606,2.6229848702886307,0.0,5.999530598108279,3912.450507539378,0
2019-09-20,current_dynamic_state,182.9095458984375,-0.010579077134430293,2.7,2.7,1399890.472891932,0.0,37797.04276808216,1463140.3523497463,1425343.3095816642,-0.01086072819513062,2.6517851884522843,0.0,5.999530598108279,3871.0445188196045,0
2019-09-23,current_dynamic_state,182.9902801513672,0.0004413889528462889,2.7,2.7,1399890.472891932,0.0,37797.04276808216,1463780.166807139,1425983.124039057,0.00044888445688262557,2.650595377385891,0.0,5.999530598108279,3872.7372820903147,0
2019-09-24,current_dynamic_state,180.56002807617188,-0.013280771378594736,2.7,2.7,1399890.472891932,0.0,37797.04276808216,1444334.0375326541,1406536.994764572,-0.01363699818508679,2.687241281869637,0.0,5.999530598108279,3821.2884706216405,0
2019-09-25,current_dynamic_state,182.58680725097656,0.011224960454423893,2.7,2.7,1399890.472891932,0.0,37797.04276808216,1460540.6304563384,1422743.5876882563,0.011522336763276408,2.656630688421984,0.0,5.999530598108279,3864.1664095734413,0
2019-09-26,current_dynamic_state,181.91439819335938,-0.0036826815022452664,2.7,2.7,1399890.472891932,0.0,37797.04276808216,1455155.9249626813,1417358.8821945991,-0.00378473362329923,2.6667235266172153,0.0,5.999530598108279,3849.920042399435,0
2019-09-27,current_dynamic_state,179.65701293945312,-0.01240905214938981,0.8,2.7,1399890.472891932,0.0,37797.04276808216,1437092.8196737277,1399295.7769056456,-0.012744200156974417,2.7011474908946864,0.0,5.999530598108279,3802.1303108064467,0
2019-09-30,current_dynamic_state,181.36685180664062,0.009517239762656837,0.8,0.8,1399890.472891932,-26597.918984946704,11199.123783135456,1423898.3454635153,1412699.2216803797,0.009578707372628559,0.792746510457782,18.618543289462693,1.7776386957357866,12714.372776267874,-1
2019-10-01,current_dynamic_state,179.88755798339844,-0.008156362689800134,0.8,0.8,1412699.2216803797,102.46999030758161,11301.593773443037,1412384.283284691,1401082.689511248,-0.008222933792880638,0.8066328888400921,0.07172899321530712,1.793903773562387,12497.213327588992,1
2019-10-02,current_dynamic_state,176.79454040527344,-0.01719417180820504,0.8,0.8,1412699.2216803797,0.0,11301.593773443037,1388097.7113549118,1376796.1175814688,-0.017334146022638608,0.820861827624546,0.0,1.793903773562387,12282.318221494765,0
2019-10-03,current_dynamic_state,178.73487854003906,0.010975102117507074,0.8,0.8,1412699.2216803797,0.0,11301.593773443037,1403330.431582336,1392028.837808893,0.011063889586050424,0.8118792848596571,0.0,1.793903773562387,12417.102045199512,0
2019-10-04,current_dynamic_state,181.36685180664062,0.014725571685282324,0.8,0.8,1412699.2216803797,0.0,11301.593773443037,1423993.4805469662,1412691.8867735232,0.014843836854094627,0.8000041537192506,0.0,1.793903773562387,12599.935098473688,0
2019-10-07,current_dynamic_state,180.81936645507812,-0.00301866270549922,0.8,0.8,1412699.2216803797,0.0,11301.593773443037,1419693.1306305914,1408391.5368571484,-0.0030440819803930763,0.802446867769651,0.0,1.793903773562387,12561.884271284343,0
2019-10-08,current_dynamic_state,178.11053466796875,-0.014980872017281044,0.8,0.8,1412699.2216803797,0.0,11301.593773443037,1398423.0956330278,1387121.5018595848,-0.015102359280735222,0.8147515382244483,0.0,1.793903773562387,12373.680417704461,0
2019-10-09,current_dynamic_state,179.84913635253906,0.009761363570163883,0.8,0.8,1412699.2216803797,0.0,11301.593773443037,1412071.8179906423,1400770.2242171993,0.009839601173593504,0.8068128218358421,0.0,1.793903773562387,12494.448537946819,0
2019-10-10,current_dynamic_state,181.24197387695312,0.007744477136013783,0.8,0.8,1412699.2216803797,0.0,11301.593773443037,1423005.7819957065,1411704.1882222635,0.007805679915258379,0.8005638764644422,0.0,1.793903773562387,12591.195635960175,0
2019-10-11,current_dynamic_state,183.5762481689453,0.012879325037460365,0.8,0.8,1412699.2216803797,0.0,11301.593773443037,1441331.342088441,1430029.7483149979,0.012981161524930673,0.7903048021734995,0.0,1.793903773562387,12753.345864150084,0
2019-10-14,current_dynamic_state,183.5569305419922,-0.00010522944632440634,0.8,0.8,1412699.2216803797,0.0,11301.593773443037,1441177.8776855692,1429876.2839121262,-0.00010731553175902242,0.7903896232562161,0.0,1.793903773562387,12751.987963610141,0
2019-10-15,current_dynamic_state,185.8911895751953,0.012716812306191372,0.8,0.8,1412699.2216803797,0.0,11301.593773443037,1459503.272352158,1448201.678578715,0.012816070084364695,0.7803881144879335,0.0,1.793903773562387,12914.136728058309,0
2019-10-16,current_dynamic_state,185.43011474609375,-0.002480347939863292,0.8,0.8,1412699.2216803797,0.0,11301.593773443037,1455881.402513582,1444579.808740139,-0.0025009429916768022,0.782344714017531,0.0,1.793903773562387,12882.089302613882,0
2019-10-17,current_dynamic_state,185.92002868652344,0.002642040863214179,0.8,0.8,1412699.2216803797,0.0,11301.593773443037,1459726.1067672428,1448424.5129937998,0.002661468913243148,0.7802680548455628,0.0,1.793903773562387,12916.108435939088,0
2019-10-18,current_dynamic_state,184.13331604003906,-0.009610113870501369,0.8,0.8,1412699.2216803797,0.0,11301.593773443037,1445696.1787576922,1434394.5849842492,-0.009686337039789272,0.7878999190147624,0.0,1.793903773562387,12791.967290090095,0
2019-10-21,current_dynamic_state,185.7663116455078,0.008868550464347535,0.8,0.8,1412699.2216803797,0.0,11301.593773443037,1458515.6143713456,1447214.0205979026,0.008937175131481734,0.7809206940086092,0.0,1.793903773562387,12905.397624524669,0
2019-10-22,current_dynamic_state,184.28704833984375,-0.00796303319240621,0.8,0.8,1412699.2216803797,0.0,11301.593773443037,1446899.61221869,1435598.018445247,-0.008026457723133817,0.7872394380763124,0.0,1.793903773562387,12802.615641863506,0
2019-10-23,current_dynamic_state,184.64247131347656,0.0019286378333944754,0.8,0.8,1412699.2216803797,0.0,11301.593773443037,1449688.3636481653,1438386.7698747222,0.0019425712446270449,0.7857131343350274,0.0,1.793903773562387,12827.291377740936,0
2019-10-24,current_dynamic_state,186.43873596191406,0.0097283395074792,0.8,0.8,1412699.2216803797,0.0,11301.593773443037,1463789.6303260028,1452488.0365525598,0.009803529185036686,0.7780851538210984,0.0,1.793903773562387,12952.063750209087,0
2019-10-25,current_dynamic_state,187.9276580810547,0.007986120005902597,0.8,0.8,1412699.2216803797,0.0,11301.593773443037,1475477.8360734084,1464176.2422999653,0.00804702376423494,0.7718738664745854,0.0,1.793903773562387,13055.484612626484,0
2019-10-28,current_dynamic_state,189.78152465820312,0.009864788376966027,0.8,0.8,1412699.2216803797,0.0,11301.593773443037,1490031.3187774026,1478729.7250039596,0.009939706903817402,0.7642771753582471,0.0,1.793903773562387,13184.258332472906,0
2019-10-29,current_dynamic_state,188.31182861328125,-0.007744147105830268,0.8,0.8,1412699.2216803797,0.0,11301.593773443037,1478490.5031487225,1467188.9093752794,-0.00780454699295996,0.7702889315224711,0.0,1.793903773562387,13082.141623449092,0
2019-10-30,current_dynamic_state,189.2244110107422,0.004846123603499342,0.8,0.8,1412699.2216803797,0.0,11301.593773443037,1485653.6569698073,1474352.0631963643,0.004882230076381111,0.7665464752659836,0.0,1.793903773562387,13145.523425738937,0
2019-10-31,current_dynamic_state,189.31082153320312,0.0004566563161665371,0.8,0.8,1412699.2216803797,0.0,11301.593773443037,1486330.296192125,1475028.702418682,0.00045894005862523457,0.7661948377622226,0.0,1.793903773562387,13151.510539024743,0
2019-11-01,current_dynamic_state,191.03028869628906,0.009082772707657227,0.8,0.8,1475028.702418682,498.63584590641767,11800.229619349455,1500331.2360151915,1488531.0063958422,0.009153926262600809,0.7927432864110218,0.34904509213449236,1.8730523205316594,12714.42407828251,1
2019-11-04,current_dynamic_state,192.21185302734375,0.006185219836699396,0.8,0.8,1475028.702418682,0.0,11800.229619349455,1509609.241485492,1497809.0118661427,0.006232994429027805,0.7878327293976801,0.0,1.8730523205316594,12793.049713287839,0
2019-11-05,current_dynamic_state,192.31744384765625,0.0005493460400565198,0.8,0.8,1475028.702418682,0.0,11800.229619349455,1510436.6662920145,1498636.4366726652,0.0005524234398159855,0.7873977524227834,0.0,1.8730523205316594,12800.061651472208,0
2019-11-06,current_dynamic_state,191.88523864746094,-0.0022473530822180177,1.8,0.8,1475028.702418682,0.0,11800.229619349455,1507040.3087422077,1495240.0791228584,-0.0022662985275785363,0.7891862841365072,0.0,1.8730523205316594,12771.279520451319,0
2019-11-07,current_dynamic_state,192.52877807617188,0.003353772459242066,1.8,1.8,1475028.702418682,14750.287024186822,26550.516643536277,1526879.7609581968,1500329.2443146606,0.0034035773003004977,1.7696460123100752,10.325200916930775,4.2143677211962345,5750.847644352396,1
2019-11-08,current_dynamic_state,193.2972869873047,0.003991657345006061,1.8,1.8,1475028.702418682,0.0,26550.516643536277,1532970.3274032455,1506419.8107597092,0.004059486588112726,1.7624912029101947,0.0,4.2143677211962345,5773.787184576113,0
2019-11-11,current_dynamic_state,193.0379180908203,-0.001341813434253769,1.8,1.8,1475028.702418682,0.0,26550.516643536277,1530909.1528559022,1504358.636212366,-0.0013682603830759144,1.7649060539436567,0.0,4.2143677211962345,5766.023966349454,0
2019-11-12,current_dynamic_state,193.594970703125,0.0028857160179411867,1.8,1.8,1475028.702418682,0.0,26550.516643536277,1535322.70755259,1508772.1909090537,0.002933844756460413,1.7597432404649018,0.0,4.2143677211962345,5782.647201053108,0
2019-11-13,current_dynamic_state,193.64306640625,0.0002484346724003217,2.8,1.8,1475028.702418682,0.0,26550.516643536277,1535699.9205787482,1509149.403935212,0.00025001324151596727,1.7593033913212277,0.0,4.2143677211962345,5784.067938100235,0
2019-11-14,current_dynamic_state,193.48934936523438,-0.0007938163956417998,2.8,2.8,1475028.702418682,14750.287024186815,41300.80366772309,1549202.5621197887,1507901.7584520655,-0.0008267209859362801,2.7389585187645364,10.32520091693077,6.555683121860808,3751.0227999037775,1
2019-11-15,current_dynamic_state,194.91102600097656,0.007347570501457401,2.8,2.8,1475028.702418682,0.0,41300.80366772309,1560578.8814828806,1519278.0778151574,0.007544469856425096,2.718449260264252,0.0,6.555683121860808,3778.5678313627723,0
2019-11-18,current_dynamic_state,195.06475830078125,0.0007887306478182587,2.8,2.8,1475028.702418682,0.0,41300.80366772309,1561803.2021919223,1520502.3985241991,0.0008058568914537378,2.716260343147744,0.0,6.555683121860808,3781.5322306003554,0
2019-11-19,current_dynamic_state,195.35289001464844,0.0014771079941713339,2.8,2.8,1475028.702418682,0.0,41300.80366772309,1564103.5985040807,1522802.7948363575,0.0015129185684883417,2.712157070355347,0.0,6.555683121860808,3787.102089072519,0
2019-11-20,current_dynamic_state,194.18096923828125,-0.005998993801828667,2.8,2.8,1475028.702418682,0.0,41300.80366772309,1554713.9950281149,1513413.1913603917,-0.006166000947598005,2.7289839882126454,0.0,6.555683121860808,3764.367414097407,0
2019-11-21,current_dynamic_state,193.74871826171875,-0.0022260213153642017,2.8,2.8,1475028.702418682,0.0,41300.80366772309,1551246.6128527655,1509945.8091850423,-0.002291100801250834,2.7352507233365038,0.0,6.555683121860808,3755.9719789788915,0
2019-11-22,current_dynamic_state,193.87359619140625,0.0006445355138753328,2.8,2.8,1475028.702418682,0.0,41300.80366772309,1552239.8907024062,1510939.087034683,0.0006578235083660733,2.733452593961192,0.0,6.555683121860808,3758.376963292591,0
2019-11-25,current_dynamic_state,196.1693878173828,0.01184169309837313,2.8,2.8,1475028.702418682,0.0,41300.80366772309,1570614.4834200346,1529313.6797523114,0.012161041351898438,2.7006103597014968,0.0,6.555683121860808,3802.8666368240247,0
2019-11-26,current_dynamic_state,196.54403686523438,0.001909824218854883,2.8,2.8,1475028.702418682,0.0,41300.80366772309,1573607.5253158326,1532306.7216481094,0.0019571144464507473,2.6953352800868107,0.0,6.555683121860808,3810.113570612233,0
2019-11-27,current_dynamic_state,197.9176483154297,0.006988822821102358,3.8,2.8,1475028.702418682,0.0,41300.80366772309,1584598.6338170965,1543297.8301493733,0.007172916718293898,2.676139553939868,0.0,6.555683121860808,3836.7259062696467,0
2019-11-29,current_dynamic_state,197.01470947265625,-0.0045621946827822946,3.8,3.8,1475028.702418682,14750.287024186822,56051.090691909914,1592033.2046048448,1535982.113912935,-0.004740313952058317,3.6492020437086348,10.325200916930775,8.896998522525383,2840.3251122366287,1
2019-12-02,current_dynamic_state,194.99746704101562,-0.010239044775083639,3.8,3.8,1535982.113912935,2316.229636781616,58367.32032869153,1578013.9495837165,1519646.629255025,-0.010635205000073311,3.8408482080669564,1.6213607457471313,9.264654020427226,2703.5915657892806,1
2019-12-03,current_dynamic_state,193.47019958496094,-0.007832242537455292,3.8,3.8,1535982.113912935,0.0,58367.32032869153,1565645.2969490688,1507277.9766203773,-0.008139163669063754,3.87236602896321,0.0,9.264654020427226,2682.400507907928,0
2019-12-04,current_dynamic_state,194.44996643066406,0.005064174471339555,3.8,3.8,1535982.113912935,0.0,58367.32032869153,1573564.7332390307,1515197.4129103392,0.005254131230470804,3.8521264510729054,0.0,9.264654020427226,2695.9687790661105,0
2019-12-05,current_dynamic_state,194.83419799804688,0.001975991945053046,3.8,3.8,1535982.113912935,0.0,58367.32032869153,1576664.8198229102,1518297.4994942187,0.002045995167009318,3.844261111418222,0.0,9.264654020427226,2701.2801186417864,0
2019-12-06,current_dynamic_state,196.91864013671875,0.010698543479993994,3.8,3.8,1535982.113912935,0.0,58367.32032869153,1593523.5722971421,1535156.2519684506,0.011103721424719382,3.802044270988713,0.0,9.264654020427226,2730.164008426846,0
2019-12-09,current_dynamic_state,196.0253143310547,-0.004536522317256653,3.8,3.8,1535982.113912935,0.0,58367.32032869153,1586285.2523943214,1527917.9320656299,-0.004715037895028251,3.8200559796940996,0.0,9.264654020427226,2717.762685456974,0
2019-12-10,current_dynamic_state,195.8620147705078,-0.000833053430390529,3.8,3.8,1535982.113912935,0.0,58367.32032869153,1584954.527369216,1526587.2070405246,-0.000870940118692265,3.8233859198809674,0.0,9.264654020427226,2715.482770912994,0
2019-12-11,current_dynamic_state,196.89947509765625,0.005296893981020512,3.8,3.8,1535982.113912935,0.0,58367.32032869153,1593340.598811409,1534973.2784827175,0.005493345813142536,3.802497486235471,0.0,9.264654020427226,2729.850522241935,0
2019-12-12,current_dynamic_state,198.369140625,0.007464039843757098,3.8,3.8,1535982.113912935,0.0,58367.32032869153,1605224.091871593,1546856.7715429014,0.0077418240608921884,3.773285374732753,0.0,9.264654020427226,2750.2103622915774,0
2019-12-13,current_dynamic_state,199.0223388671875,0.00329284202235014,3.8,3.8,1535982.113912935,0.0,58367.32032869153,1610500.5765625762,1552133.2562338847,0.0034111010069279857,3.760458072415426,0.0,9.264654020427226,2759.250497526961,0
2019-12-16,current_dynamic_state,201.02032470703125,0.01003900291402493,3.8,3.8,1535982.113912935,0.0,58367.32032869153,1626659.1318897065,1568291.811561015,0.010410546428428091,3.7217130063693333,0.0,9.264654020427226,2786.9347482962867,0
2019-12-17,current_dynamic_state,201.13558959960938,0.0005733991960570339,3.8,3.8,1535982.113912935,0.0,58367.32032869153,1627582.5922741706,1569215.271945479,0.0005888319875526626,3.7195228323472143,0.0,9.264654020427226,2788.51690142455,0
2019-12-18,current_dynamic_state,201.2892608642578,0.0007640182672512541,3.8,3.8,1535982.113912935,0.0,58367.32032869153,1628816.8304521078,1570449.5101234163,0.0007865320966491396,3.716599607465549,0.0,9.264654020427226,2790.631506259904,0
2019-12-19,current_dynamic_state,202.5476531982422,0.006251661557011623,3.8,3.8,1535982.113912935,0.0,58367.32032869153,1638990.3773604385,1580623.057031747,0.006478111421443389,3.6926780277582156,0.0,9.264654020427226,2808.061716951502,0
2019-12-20,current_dynamic_state,203.36415100097656,0.0040311392891589914,3.8,3.8,1535982.113912935,0.0,58367.32032869153,1645588.1112111493,1587220.7908824577,0.0041741348902633035,3.6773283631347002,0.0,9.264654020427226,2819.3655318492156,0
2019-12-23,current_dynamic_state,203.9012908935547,0.0026412712856924703,3.8,3.8,1535982.113912935,0.0,58367.32032869153,1649925.2911833478,1591557.9708546563,0.0027325624746807886,3.6673072170502627,0.0,9.264654020427226,2826.7963680564867,0
2019-12-24,current_dynamic_state,204.0072021484375,0.0005194241508656994,3.8,3.8,1535982.113912935,0.0,58367.32032869153,1650773.0375726921,1592405.7172440006,0.0005326519076707115,3.6653548587924365,0.0,9.264654020427226,2828.248801343762,0
2019-12-26,current_dynamic_state,205.8073272705078,0.00882383123298025,3.8,3.8,1535982.113912935,0.0,58367.32032869153,1665329.9156061674,1606962.595277476,0.009141437936224683,3.6321517688227947,0.0,9.264654020427226,2853.188918435825,0
2019-12-27,current_dynamic_state,205.6340789794922,-0.0008417984593324102,3.8,3.8,1535982.113912935,0.0,58367.32032869153,1663918.7787949096,1605551.458466218,-0.0008781391772308966,3.635344106905784,0.0,9.264654020427226,2850.771235384229,0
2019-12-30,current_dynamic_state,204.28636169433594,-0.006553958817743677,3.8,3.8,1535982.113912935,0.0,58367.32032869153,1653004.2589885972,1594636.9386599057,-0.006797988160864743,3.6602262818357896,0.0,9.264654020427226,2832.0715250928392,0
2019-12-31,current_dynamic_state,204.6714324951172,0.0018849559881897182,3.8,3.8,1535982.113912935,0.0,58367.32032869153,1656110.8346110606,1597743.514282369,0.0019481397596834427,3.653109513945195,0.0,9.264654020427226,2837.3939822571724,0
2020-01-02,current_dynamic_state,208.08889770507812,0.01669732394159329,3.8,3.8,1597743.514282369,2346.9332140384868,60714.25354273002,1686138.2669503216,1625424.0134075915,0.017324745103193262,3.7352871030523715,1.6428532498269408,9.63718310202064,2777.1703818505093,1
2020-01-03,current_dynamic_state,206.1827850341797,-0.009160088269581479,3.8,3.8,1597743.514282369,0.0,60714.25354273002,1670683.4544072354,1609969.2008645053,-0.009508172892491173,3.771143790212153,0.0,9.63718310202064,2751.715382997218,0
2020-01-06,current_dynamic_state,207.51124572753906,0.006443121297149856,3.8,3.8,1597743.514282369,0.0,60714.25354273002,1681438.2333700205,1620723.9798272904,0.006680114723319086,3.7461192836302653,0.0,9.63718310202064,2769.429145969229,0
2020-01-07,current_dynamic_state,207.4823760986328,-0.0001391232017572408,3.8,3.8,1597743.514282369,0.0,60714.25354273002,1681194.669116335,1620480.4155736049,-0.0001502811439314522,3.7466823393381685,0.0,9.63718310202064,2769.0279811035293,0
2020-01-08,current_dynamic_state,209.04190063476562,0.007516419300073185,3.8,3.8,1597743.514282369,0.0,60714.25354273002,1693821.595991359,1633107.342448629,0.007792088539715358,3.7177135859114445,0.0,9.63718310202064,2789.8252834472655,0
2020-01-09,current_dynamic_state,210.81317138671875,0.008473280938293026,3.8,3.8,1597743.514282369,0.0,60714.25354273002,1708164.1850504396,1647449.9315077094,0.008782392122232308,3.6853474197644167,0.0,9.63718310202064,2813.448383826794,0
2020-01-10,current_dynamic_state,210.2740936279297,-0.0025571350938038417,3.8,3.8,1597743.514282369,0.0,60714.25354273002,1703786.541283766,1643072.287741036,-0.0026572241638125327,3.69516630495926,0.0,9.63718310202064,2806.2381432140314,0
2020-01-13,current_dynamic_state,212.7000274658203,0.011537007702828062,3.8,3.8,1597743.514282369,0.0,60714.25354273002,1723433.5025514294,1662719.2490086993,0.011957453980722121,3.651503618480835,0.0,9.63718310202064,2838.5978612723884,0
2020-01-14,current_dynamic_state,211.8624725341797,-0.003937728366185667,3.8,3.8,1597743.514282369,0.0,60714.25354273002,1716637.4523780958,1655923.1988353657,-0.004087310697452606,3.6664897010580693,0.0,9.63718310202064,2827.4043609379887,0
2020-01-15,current_dynamic_state,211.94911193847656,0.0004089417217714164,3.8,3.8,1597743.514282369,0.0,60714.25354273002,1717329.8198704266,1656615.5663276964,0.00041811570296124145,3.664957324849867,0.0,9.63718310202064,2828.544731529622,0
2020-01-16,current_dynamic_state,213.9803924560547,0.00958381235476824,3.8,3.8,1597743.514282369,0.0,60714.25354273002,1733778.7494322106,1673064.4958894805,0.009929237595085016,3.628924867624511,0.0,9.63718310202064,2855.637100457797,0
2020-01-17,current_dynamic_state,215.03929138183594,0.004948579230214856,3.8,3.8,1597743.514282369,0.0,60714.25354273002,1742348.8537583365,1681634.6002156064,0.0051223992542914765,3.610430799589025,0.0,9.63718310202064,2869.75257388628,0
2020-01-21,current_dynamic_state,214.94300842285156,-0.0004477458903703324,3.8,3.8,1597743.514282369,0.0,60714.25354273002,1741559.0870363726,1680844.8334936425,-0.0004696422884392648,3.612127207276784,0.0,9.63718310202064,2868.4517809490694,0
2020-01-22,current_dynamic_state,215.51100158691406,0.002642529144028183,3.8,3.8,1597743.514282369,0.0,60714.25354273002,1746151.5704968113,1685437.3169540812,0.002732247122950282,3.6022848747915877,0.0,9.63718310202064,2876.0158753625938,0
2020-01-23,current_dynamic_state,216.2041015625,0.0032160770006277595,3.8,3.8,1597743.514282369,0.0,60714.25354273002,1751757.691219194,1691043.437676464,0.0033262113434833207,3.5903426363874438,0.0,9.63718310202064,2885.2494908569147,0
2020-01-24,current_dynamic_state,214.38467407226562,-0.008415323655219464,3.8,3.8,1597743.514282369,0.0,60714.25354273002,1737006.4460989626,1676292.1925562324,-0.00872316156496844,3.6219373813430984,0.0,9.63718310202064,2860.9533095494235,0
2020-01-27,current_dynamic_state,209.95643615722656,-0.020655571272535922,3.8,3.8,1597743.514282369,0.0,60714.25354273002,1701117.948467609,1640403.694924879,-0.0214094522367404,3.7011775656546777,0.0,9.63718310202064,2801.8428115407546,0
2020-01-28,current_dynamic_state,213.1813201904297,0.015359776971962669,3.8,3.8,1597743.514282369,0.0,60714.25354273002,1727237.1035759721,1666522.850033242,0.0159223947063587,3.643169581594333,0.0,9.63718310202064,2844.8626192206443,0
2020-01-29,current_dynamic_state,213.52792358398438,0.0016258619340807634,3.8,3.8,1597743.514282369,0.0,60714.25354273002,1730035.7154507062,1669321.461907976,0.0016793120326421551,3.637061819916683,0.0,9.63718310202064,2849.472100045052,0
2020-01-30,current_dynamic_state,214.28843688964844,0.0035616573837236043,3.8,3.8,1597743.514282369,0.0,60714.25354273002,1736187.8727476448,1675473.6192049147,0.0036854239505834663,3.6237069236304404,0.0,9.63718310202064,2859.6050703740184,0
2020-01-31,current_dynamic_state,210.8902130126953,-0.015858176606622476,3.8,3.8,1597743.514282369,0.0,60714.25354273002,1708645.4616562345,1647931.2081135043,-0.01643858236603002,3.6842711178601704,0.0,9.63718310202064,2814.2410751269617,0
2020-02-03,current_dynamic_state,214.07662963867188,0.015109362262272219,3.8,3.8,1647931.2081135043,1907.1323655831438,62621.38590831316,1736386.657767494,1673765.2718591809,0.015676663939904634,3.7413481424880284,1.3349926559082006,9.939902525129074,2772.833326157644,1
2020-02-04,current_dynamic_state,218.97654724121094,0.02288861521600638,3.8,3.8,1647931.2081135043,0.0,62621.38590831316,1776120.2039408165,1713498.8180325034,0.023739019348386403,3.6545917189611563,0.0,9.939902525129074,2836.283768202313,0
2020-02-05,current_dynamic_state,219.69862365722656,0.0032975057151678477,3.8,3.8,1647931.2081135043,0.0,62621.38590831316,1781967.0305616113,1719345.6446532982,0.0034122151467301798,3.6421638722294616,0.0,9.939902525129074,2845.620557121925,0
2020-02-06,current_dynamic_state,221.59498596191406,0.008631653094223202,3.8,3.8,1647931.2081135043,0.0,62621.38590831316,1797338.411892237,1734717.0259839238,0.008940250832301544,3.6098905452775267,0.0,9.939902525129074,2870.167093592918,0
2020-02-07,current_dynamic_state,220.64193725585938,-0.00430085862239904,3.8,3.8,1647931.2081135043,0.0,62621.38590831316,1789598.373583556,1726976.9876752428,-0.004461844896167411,3.6260695049915213,0.0,9.939902525129074,2857.8070376848395,0
2020-02-10,current_dynamic_state,223.30856323242188,0.01208576216166124,3.8,3.8,1647931.2081135043,0.0,62621.38590831316,1811217.0939890575,1748595.7080807444,0.012518244631970044,3.5812386830713594,0.0,9.939902525129074,2892.3299408303474,0
2020-02-11,current_dynamic_state,223.3470458984375,0.0001723295580724482,3.8,3.8,1647931.2081135043,0.0,62621.38590831316,1811519.2803279127,1748897.8944195996,0.00017281658502232844,3.5806198925692625,0.0,9.939902525129074,2892.812501754977,0
2020-02-12,current_dynamic_state,225.52268981933594,0.009741091099489063,3.8,3.8,1647931.2081135043,0.0,62621.38590831316,1829155.5147635425,1766534.1288552294,0.010084199021511475,3.544872690848822,0.0,9.939902525129074,2920.97577885244,0
2020-02-13,current_dynamic_state,225.2338409423828,-0.0012807974097175379,3.8,3.8,1647931.2081135043,0.0,62621.38590831316,1826802.7972157376,1764181.4113074245,-0.0013318268293687208,3.5496001435535374,0.0,9.939902525129074,2917.2187276251652,0
2020-02-14,current_dynamic_state,225.87884521484375,0.0028637094220043124,3.8,3.8,1647931.2081135043,0.0,62621.38590831316,1832024.289695743,1769402.90378743,0.0029597253698165904,3.5391253046025453,0.0,9.939902525129074,2925.5569213656395,0
2020-02-18,current_dynamic_state,225.9654541015625,0.00038343071320534605,3.8,3.8,1647931.2081135043,0.0,62621.38590831316,1832716.8041732253,1770095.4182649122,0.00039138314738829116,3.537740692515665,0.0,9.939902525129074,2926.662796726648,0
2020-02-19,current_dynamic_state,228.13143920898438,0.009585470115482053,3.8,3.8,1647931.2081135043,0.0,62621.38590831316,1850274.3164272443,1787652.9305189312,0.009918963730909613,3.502994615970284,0.0,9.939902525129074,2954.7003624868917,0
2020-02-20,current_dynamic_state,226.01364135742188,-0.009283235396689182,3.8,3.8,1647931.2081135043,0.0,62621.38590831316,1833087.844496877,1770466.4585885638,-0.009613986941737318,3.536999280869497,0.0,9.939902525129074,2927.25531047937,0
2020-02-21,current_dynamic_state,221.67202758789062,-0.019209520909692968,3.8,3.8,1647931.2081135043,0.0,62621.38590831316,1797865.165316185,1735243.779407872,-0.019894575810700088,3.6087947210323295,0.0,9.939902525129074,2871.0082653688337,0
2020-02-24,current_dynamic_state,213.1235809326172,-0.03856348835842205,3.8,3.8,1647931.2081135043,0.0,62621.38590831316,1728523.2730409766,1665901.8871326635,-0.03996089373613565,3.7590080419499716,0.0,9.939902525129074,2760.276298534476,0
2020-02-25,current_dynamic_state,207.32835388183594,-0.027191862230456443,3.8,3.8,1647931.2081135043,0.0,62621.38590831316,1681511.5664357836,1618890.1805274705,-0.02821997319788694,3.8681676287584694,0.0,9.939902525129074,2685.2033726908594,0
2020-02-26,current_dynamic_state,208.39694213867188,0.005154086437424654,3.8,3.8,1647931.2081135043,0.0,62621.38590831316,1690168.2824921978,1627546.8965838847,0.005347315191938318,3.8475933344686646,0.0,9.939902525129074,2699.027269959899,0
2020-02-27,current_dynamic_state,197.961669921875,-0.05007401792802224,3.8,3.8,1647931.2081135043,0.0,62621.38590831316,1605524.8257107837,1542903.4398024706,-0.05200676979512864,4.05867174139752,0.0,9.939902525129074,2563.860257039833,0
2020-02-28,current_dynamic_state,198.11570739746094,0.0007781176813002055,3.8,3.8,1647931.2081135043,0.0,62621.38590831316,1606764.1730629106,1544142.7871545975,0.0008032565876485709,4.055414203223137,0.0,9.939902525129074,2565.8393690223456,0
2020-03-02,current_dynamic_state,208.33917236328125,0.05160350534604485,0.0,3.8,1544142.7871545975,-3943.9599964384615,58677.4259118747,1685519.1373855579,1626841.7114736831,0.053556526641862945,3.606830676767037,2.760771997506923,9.313877128868999,2872.517175373324,-1
2020-03-03,current_dynamic_state,201.65826416015625,-0.03206746060925836,0.0,0.0,1544142.7871545975,-58677.4259118747,0.0,1574633.271920595,1574633.271920595,-0.032091898790691076,0.0,41.07419813831229,0.0,inf,-1
2020-03-04,current_dynamic_state,210.07196044921875,0.04172254642825046,0.0,0.0,1544142.7871545975,0.0,0.0,1640330.98171577,1640330.98171577,0.04172254642825046,0.0,0.0,0.0,inf,0
2020-03-05,current_dynamic_state,203.68948364257812,-0.030382335619624445,0.0,0.0,1544142.7871545975,0.0,0.0,1590493.8953020135,1590493.8953020135,-0.030382335619624334,0.0,0.0,0.0,inf,0
2020-03-06,current_dynamic_state,200.25282287597656,-0.01687205792436497,0.0,0.0,1544142.7871545975,0.0,0.0,1563658.9901721291,1563658.9901721291,-0.01687205792436497,0.0,0.0,0.0,inf,0
2020-03-09,current_dynamic_state,186.34237670898438,-0.06946441986292196,0.0,0.0,1544142.7871545975,0.0,0.0,1455040.3255563797,1455040.3255563797,-0.06946441986292196,0.0,0.0,0.0,inf,0
2020-03-10,current_dynamic_state,196.48878479003906,0.05445035241178986,0.0,0.0,1544142.7871545975,0.0,0.0,1534267.78405629,1534267.78405629,0.05445035241178986,0.0,0.0,0.0,inf,0
2020-03-11,current_dynamic_state,187.93072509765625,-0.043554952520713286,0.0,0.0,1544142.7871545975,0.0,0.0,1467442.8235676584,1467442.8235676584,-0.043554952520713286,0.0,0.0,0.0,inf,0
2020-03-12,current_dynamic_state,170.6990966796875,-0.09169138473240346,0.0,0.0,1544142.7871545975,0.0,0.0,1332890.9590591118,1332890.9590591118,-0.09169138473240346,0.0,0.0,0.0,inf,0
2020-03-13,current_dynamic_state,185.15823364257812,0.08470540995318121,0.0,0.0,1544142.7871545975,0.0,0.0,1445794.0341691028,1445794.0341691028,0.08470540995318121,0.0,0.0,0.0,inf,0
2020-03-16,current_dynamic_state,162.97854614257812,-0.11978774620854704,0.0,0.0,1544142.7871545975,0.0,0.0,1272605.6253342228,1272605.6253342228,-0.11978774620854715,0.0,0.0,0.0,inf,0
2020-03-17,current_dynamic_state,175.339111328125,0.07584167044129542,0.0,0.0,1544142.7871545975,0.0,0.0,1369122.1617725596,1369122.1617725596,0.07584167044129542,0.0,0.0,0.0,inf,0
2020-03-18,current_dynamic_state,170.0059814453125,-0.03041608824418085,0.0,0.0,1544142.7871545975,0.0,0.0,1327478.8212830217,1327478.8212830217,-0.03041608824418096,0.0,0.0,0.0,inf,0
2020-03-19,current_dynamic_state,171.02642822265625,0.006002416907148644,0.0,0.0,1544142.7871545975,0.0,0.0,1335446.9026037727,1335446.9026037727,0.006002416907148644,0.0,0.0,0.0,inf,0
2020-03-20,current_dynamic_state,164.3262939453125,-0.03917601710433294,0.0,0.0,1544142.7871545975,0.0,0.0,1283129.4119054389,1283129.4119054389,-0.03917601710433294,0.0,0.0,0.0,inf,0
2020-03-23,current_dynamic_state,164.44497680664062,0.0007222390189582928,0.0,0.0,1544142.7871545975,0.0,0.0,1284056.13803309,1284056.13803309,0.0007222390189582928,0.0,0.0,0.0,inf,0
2020-03-24,current_dynamic_state,177.1791534423828,0.07743730993203535,0.0,0.0,1544142.7871545975,0.0,0.0,1383489.9911640906,1383489.9911640906,0.07743730993203535,0.0,0.0,0.0,inf,0
2020-03-25,current_dynamic_state,175.86715698242188,-0.007404914373222771,0.0,0.0,1544142.7871545975,0.0,0.0,1373245.3662433098,1373245.3662433098,-0.007404914373222771,0.0,0.0,0.0,inf,0
2020-03-26,current_dynamic_state,185.1283721923828,0.05266028841807335,0.0,0.0,1544142.7871545975,0.0,0.0,1445560.8632984653,1445560.8632984653,0.05266028841807335,0.0,0.0,0.0,inf,0
2020-03-27,current_dynamic_state,178.7612762451172,-0.03439286950921294,0.0,0.0,1544142.7871545975,0.0,0.0,1395843.877159416,1395843.877159416,-0.03439286950921294,0.0,0.0,0.0,inf,0
2020-03-30,current_dynamic_state,185.26344299316406,0.036373463451508936,0.0,0.0,1544142.7871545975,0.0,0.0,1446615.5534092865,1446615.5534092865,0.036373463451508936,0.0,0.0,0.0,inf,0
2020-03-31,current_dynamic_state,183.68128967285156,-0.008540018984592002,0.0,0.0,1544142.7871545975,0.0,0.0,1434261.429119765,1434261.429119765,-0.008540018984592113,0.0,0.0,0.0,inf,0
2020-04-01,current_dynamic_state,175.87677001953125,-0.04248946458956526,0.0,0.0,1434261.429119765,0.0,0.0,1373320.4289150015,1373320.4289150015,-0.04248946458956537,0.0,0.0,0.0,inf,0
2020-04-02,current_dynamic_state,179.4462432861328,0.020295308278660995,0.0,0.0,1434261.429119765,0.0,0.0,1401192.3903852142,1401192.3903852142,0.020295308278660995,0.0,0.0,0.0,inf,0
2020-04-03,current_dynamic_state,176.89932250976562,-0.014193224275562244,0.0,0.0,1434261.429119765,0.0,0.0,1381304.9525352658,1381304.9525352658,-0.014193224275562133,0.0,0.0,0.0,inf,0
2020-04-06,current_dynamic_state,189.5467529296875,0.07149507550671186,0.0,0.0,1434261.429119765,0.0,0.0,1480061.4544145698,1480061.4544145698,0.07149507550671186,0.0,0.0,0.0,inf,0
2020-04-07,current_dynamic_state,189.4695587158203,-0.0004072568518006525,0.0,0.0,1434261.429119765,0.0,0.0,1479458.6892461735,1479458.6892461735,-0.0004072568518005415,0.0,0.0,0.0,inf,0
2020-04-08,current_dynamic_state,193.49249267578125,0.02123261376248209,0.0,0.0,1434261.429119765,0.0,0.0,1510871.4641724855,1510871.4641724855,0.02123261376248209,0.0,0.0,0.0,inf,0
2020-04-09,current_dynamic_state,193.77224731445312,0.0014458165006983048,0.0,0.0,1434261.429119765,0.0,0.0,1513055.9070658204,1513055.9070658204,0.0014458165006983048,0.0,0.0,0.0,inf,0
2020-04-13,current_dynamic_state,195.86561584472656,0.010803242256236745,0.0,0.0,1434261.429119765,0.0,0.0,1529401.8165770825,1529401.8165770825,0.010803242256236745,0.0,0.0,0.0,inf,0
2020-04-14,current_dynamic_state,204.3840789794922,0.04349136574087953,0.0,0.0,1434261.429119765,0.0,0.0,1595917.590346602,1595917.590346602,0.04349136574087953,0.0,0.0,0.0,inf,0
2020-04-15,current_dynamic_state,202.03977966308594,-0.011470068158496272,0.0,0.0,1434261.429119765,0.0,0.0,1577612.3068099834,1577612.3068099834,-0.011470068158496272,0.0,0.0,0.0,inf,0
2020-04-16,current_dynamic_state,205.72500610351562,0.018240103243901018,0.0,0.0,1434261.429119765,0.0,0.0,1606388.1181650464,1606388.1181650464,0.018240103243901018,0.0,0.0,0.0,inf,0
2020-04-17,current_dynamic_state,207.69302368164062,0.00956625358968144,0.0,0.0,1434261.429119765,0.0,0.0,1621755.2342668644,1621755.2342668644,0.00956625358968144,0.0,0.0,0.0,inf,0
2020-04-20,current_dynamic_state,205.23301696777344,-0.011844435938483833,0.0,0.0,1434261.429119765,0.0,0.0,1602546.4582866896,1602546.4582866896,-0.011844435938483833,0.0,0.0,0.0,inf,0
2020-04-21,current_dynamic_state,197.66000366210938,-0.03689958573699281,0.0,0.0,1434261.429119765,0.0,0.0,1543413.1578516257,1543413.1578516257,-0.03689958573699281,0.0,0.0,0.0,inf,0
2020-04-22,current_dynamic_state,203.52542114257812,0.029674275886867774,0.0,0.0,1434261.429119765,0.0,0.0,1589212.8257051366,1589212.8257051366,0.029674275886867774,0.0,0.0,0.0,inf,0
2020-04-23,current_dynamic_state,203.0913543701172,-0.002132739831830932,0.0,0.0,1434261.429119765,0.0,0.0,1585823.4482104988,1585823.4482104988,-0.002132739831830932,0.0,0.0,0.0,inf,0
2020-04-24,current_dynamic_state,206.29421997070312,0.01577056596288684,0.0,0.0,1434261.429119765,0.0,0.0,1610832.7815059952,1610832.7815059952,0.01577056596288684,0.0,0.0,0.0,inf,0
2020-04-27,current_dynamic_state,207.95347595214844,0.008043153034927197,0.0,0.0,1434261.429119765,0.0,0.0,1623788.9560813254,1623788.9560813254,0.008043153034927197,0.0,0.0,0.0,inf,0
2020-04-28,current_dynamic_state,204.03672790527344,-0.0188347322829856,1.0,0.0,1434261.429119765,0.0,0.0,1593205.325809465,1593205.325809465,-0.0188347322829856,0.0,0.0,0.0,inf,0
2020-04-29,current_dynamic_state,211.2720947265625,0.03546110004591019,1.0,1.0,1434261.429119765,14342.614291197651,14342.614291197651,1664540.685974306,1650198.0716831083,0.035772379711753066,0.8691450158203735,10.039830003838356,2.2766054430472464,11605.559852473114,1
2020-04-30,current_dynamic_state,211.18527221679688,-0.0004109511475143268,1.0,1.0,1434261.429119765,0.0,14342.614291197651,1663854.3644638774,1649511.7501726798,-0.0004159025041936548,0.8695066458117796,0.0,2.2766054430472464,11600.77466131832,0
2020-05-01,current_dynamic_state,205.23301696777344,-0.028184992194498437,1.0,1.0,1649511.7501726798,2152.503210529145,16495.117501726796,1619046.3945559561,1602551.2770542293,-0.028469317125831006,1.0293035697458441,1.5067522473704014,2.6182726193217136,9815.306828741692,1
2020-05-04,current_dynamic_state,207.62548828125,0.011657341244719177,1.0,1.0,1649511.7501726798,0.0,16495.117501726796,1637917.5525957078,1621422.435093981,0.011775696859098517,1.0173238722190683,0.0,2.6182726193217136,9929.711336850083,0
2020-05-05,current_dynamic_state,209.97940063476562,0.011337299543527246,2.0,1.0,1649511.7501726798,0.0,16495.117501726796,1656484.496244467,1639989.3787427403,0.011451021798451366,1.0058063616468293,0.0,2.6182726193217136,10042.271575640838,0
2020-05-06,current_dynamic_state,211.2720947265625,0.006156290035541856,2.0,2.0,1649511.7501726798,16495.117501726796,32990.23500345359,1683262.107260365,1650271.8722569114,0.006269853724329533,1.9990787916863755,11.546582251208758,5.236545238643427,5102.304082053833,1
2020-05-07,current_dynamic_state,213.99261474609375,0.012876854480248667,2.0,2.0,1649511.7501726798,0.0,32990.23500345359,1704931.991922435,1671941.7569189812,0.013131099806260371,1.9731689137453745,0.0,5.236545238643427,5167.989836216546,0
2020-05-08,current_dynamic_state,216.9253387451172,0.013704790712068204,2.0,2.0,1649511.7501726798,0.0,32990.23500345359,1728292.4915048028,1695302.2565013492,0.013972077367943925,1.9459795370966249,0.0,5.236545238643427,5238.800182308116,0
2020-05-11,current_dynamic_state,218.8643798828125,0.008938748921229811,2.0,2.0,1649511.7501726798,0.0,32990.23500345359,1743736.0276035722,1710745.7926001186,0.009109606289701144,1.928412458832506,0.0,5.236545238643427,5285.612628770388,0
2020-05-12,current_dynamic_state,214.28199768066406,-0.020937085352134566,3.0,2.0,1649511.7501726798,0.0,32990.23500345359,1707222.0410168055,1674231.8060133518,-0.021343899686738443,1.97046997225607,0.0,5.236545238643427,5174.9314330076295,0
2020-05-13,current_dynamic_state,211.6001434326172,-0.012515536895654322,3.0,3.0,1649511.7501726798,16495.117501726796,49485.35250518039,1702124.655934988,1652639.3034298078,-0.012896961165108745,2.994322620942203,11.546582251208758,7.854817857965141,3439.653492933693,1
2020-05-14,current_dynamic_state,214.00225830078125,0.011352141965484952,3.0,3.0,1649511.7501726798,0.0,49485.35250518039,1721439.5618542563,1671954.209349076,0.01168730882726976,2.9597313268792207,0.0,7.854817857965141,3478.68505468168,0
2020-05-15,current_dynamic_state,215.39144897460938,0.0064914767015009645,3.0,3.0,1649511.7501726798,0.0,49485.35250518039,1732606.3918452172,1683121.039340037,0.006678908984779186,2.9400947019582104,0.0,7.854817857965141,3501.2509846501325,0
2020-05-18,current_dynamic_state,219.40460205078125,0.018631905283505334,3.0,3.0,1649511.7501726798,0.0,49485.35250518039,1764880.2952138153,1715394.942708635,0.01917503412663235,2.8847789668216146,0.0,7.854817857965141,3566.4700883540404,0
2020-05-19,current_dynamic_state,218.85475158691406,-0.002506102692139134,3.0,3.0,1649511.7501726798,0.0,49485.35250518039,1760449.4691368188,1710964.1166316385,-0.0025829772297218945,2.892249581633647,0.0,7.854817857965141,3557.5162750483096,0
2020-05-20,current_dynamic_state,223.2248992919922,0.019968255993485284,3.0,3.0,1649511.7501726798,0.0,49485.35250518039,1795594.7199822802,1746109.3674770999,0.020541196921564753,2.8340351083895885,0.0,7.854817857965141,3628.5377977135918,0
2020-05-21,current_dynamic_state,220.79383850097656,-0.01089063450684169,3.0,3.0,1649511.7501726798,0.0,49485.35250518039,1776031.6993466804,1726546.3468415001,-0.011203777380717983,2.866146778840176,0.0,7.854817857965141,3589.0048457485595,0
2020-05-22,current_dynamic_state,221.55592346191406,0.0034515680605557986,4.0,3.0,1649511.7501726798,0.0,49485.35250518039,1782153.9388168221,1732668.5863116418,0.00354594562801136,2.856019489019572,0.0,7.854817857965141,3601.376667227453,0
2020-05-26,current_dynamic_state,220.95782470703125,-0.0026995385433042918,4.0,4.0,1649511.7501726798,16495.117501726796,65980.47000690718,1793771.5453628544,1727791.0753559473,-0.002815028213835946,3.81877594739366,11.546582251208758,10.473090477286854,2718.640144841455,1
2020-05-27,current_dynamic_state,222.1637420654297,0.00545768116606582,4.0,4.0,1649511.7501726798,0.0,65980.47000690718,1803550.9054517287,1737570.4354448216,0.005660036232598031,3.7972831869699744,0.0,10.473090477286854,2733.461742941394,0
2020-05-28,current_dynamic_state,221.87428283691406,-0.0013029094028780275,4.0,4.0,1649511.7501726798,0.0,65980.47000690718,1801190.5689279693,1735210.0989210622,-0.0013584119962050112,3.8024484785982535,0.0,10.473090477286854,2729.8844169182353,0
2020-05-29,current_dynamic_state,225.12539672851562,0.014652955042974813,4.0,4.0,1649511.7501726798,0.0,65980.47000690718,1827572.8602678238,1761592.3902609167,0.015204090476570453,3.745501534389266,0.0,10.473090477286854,2769.869417535983,0
2020-06-01,current_dynamic_state,225.80067443847656,0.0029995625539098736,4.0,4.0,1761592.3902609167,4483.225603529485,70463.69561043667,1837537.1203182833,1767073.4247078467,0.0031114090167694286,3.9875929672863792,3.1382579224706393,11.184713588958202,2607.7785225419234,1
2020-06-02,current_dynamic_state,227.31527709960938,0.006707697684691816,4.0,4.0,1761592.3902609167,0.0,70463.69561043667,1849851.5790921885,1779387.883481752,0.006968843853186968,3.959996370918263,0.0,11.184713588958202,2625.2548394838936,0
2020-06-03,current_dynamic_state,228.33787536621094,0.00449859015042553,4.0,4.0,1761592.3902609167,0.0,70463.69561043667,1858162.1184720527,1787698.4228616161,0.00467044844859954,3.941587390206653,0.0,11.184713588958202,2637.0489120312795,0
2020-06-04,current_dynamic_state,226.73641967773438,-0.007013535034028573,4.0,4.0,1761592.3902609167,0.0,70463.69561043667,1845118.6486416552,1774654.9530312186,-0.007296236134458622,3.97055751542464,0.0,11.184713588958202,2618.538004084428,0
2020-06-05,current_dynamic_state,231.23202514648438,0.019827451960032327,4.0,4.0,1761592.3902609167,0.0,70463.69561043667,1881691.4652945683,1811227.7696841317,0.02060840987170187,3.8903829098603735,0.0,11.184713588958202,2670.441067550058,0
2020-06-08,current_dynamic_state,233.02639770507812,0.007760052083862545,4.0,4.0,1761592.3902609167,0.0,70463.69561043667,1896282.3043574248,1825818.6087469882,0.00805577261296131,3.8592933204243147,0.0,11.184713588958202,2691.147956305259,0
2020-06-09,current_dynamic_state,234.71461486816406,0.007244746430928206,4.0,4.0,1761592.3902609167,0.0,70463.69561043667,1910009.2041003616,1839545.508489925,0.007518216583605186,3.830494830664995,0.0,11.184713588958202,2710.628767840928,0
2020-06-10,current_dynamic_state,237.53158569335938,0.012001684798271128,4.0,4.0,1761592.3902609167,0.0,70463.69561043667,1932921.3478161818,1862457.6522057452,0.012455328563536705,3.7833716931488417,0.0,11.184713588958202,2743.145006901808,0
2020-06-11,current_dynamic_state,225.7620849609375,-0.04954920289049758,4.0,4.0,1761592.3902609167,0.0,70463.69561043667,1837135.4510682747,1766671.755457838,-0.05142983875873153,3.9884995836238857,0.0,11.184713588958202,2607.2084853809015,0
2020-06-12,current_dynamic_state,227.55645751953125,0.007948068688788945,4.0,4.0,1761592.3902609167,0.0,70463.69561043667,1851725.9451103855,1781262.249499949,0.00825874642362745,3.955829391782026,0.0,11.184713588958202,2627.914884492829,0
2020-06-15,current_dynamic_state,230.32521057128906,0.012167323581754097,4.0,4.0,1761592.3902609167,0.0,70463.69561043667,1874245.309155684,1803781.6135452474,0.012642363049921723,3.9064427246236093,0.0,11.184713588958202,2659.8737022218884,0
2020-06-16,current_dynamic_state,234.28050231933594,0.017172639235784715,4.0,4.0,1761592.3902609167,0.0,70463.69561043667,1906419.8629755874,1835956.1673651508,0.017837277849099387,3.837983545738009,0.0,11.184713588958202,2705.5348807070227,0
2020-06-17,current_dynamic_state,235.02330017089844,0.0031705491673823527,4.0,4.0,1761592.3902609167,0.0,70463.69561043667,1912453.0761712368,1841989.3805608002,0.003286142285361837,3.8254126953209546,0.0,11.184713588958202,2714.0970390544994,0
2020-06-18,current_dynamic_state,235.6600341796875,0.002709237800363029,4.0,4.0,1761592.3902609167,0.0,70463.69561043667,1917623.1816230314,1847159.4860125948,0.002806805243481092,3.8147055597535022,0.0,11.184713588958202,2721.4343003306863,0
2020-06-19,current_dynamic_state,235.6214141845703,-0.00016388012185275525,4.0,4.0,1761592.3902609167,0.0,70463.69561043667,1917297.7365887703,1846834.0409783337,-0.00017618675416253282,3.8153777787802494,0.0,11.184713588958202,2720.97243833006,0
2020-06-22,current_dynamic_state,238.4471893310547,0.011992862177929497,4.0,4.0,1761592.3902609167,0.0,70463.69561043667,1940280.4393841466,1869816.74377371,0.012444379021301577,3.768481368298431,0.0,11.184713588958202,2753.5888127570242,0
2020-06-23,current_dynamic_state,240.4766082763672,0.008510978682558124,4.0,4.0,1761592.3902609167,0.0,70463.69561043667,1956782.9401283406,1886319.244517904,0.00882573161201261,3.735512735461988,0.0,11.184713588958202,2777.008675427057,0
2020-06-24,current_dynamic_state,235.51898193359375,-0.020615836102760965,4.0,4.0,1761592.3902609167,0.0,70463.69561043667,1916431.039032387,1845967.3434219505,-0.02139187267119591,3.817169131487182,0.0,11.184713588958202,2719.7424467026344,0
2020-06-25,current_dynamic_state,237.76101684570312,0.009519550796723175,4.0,4.0,1761592.3902609167,0.0,70463.69561043667,1934663.4169432838,1864199.7213328471,0.009876869152570356,3.779836184078883,0.0,11.184713588958202,2745.617300062151,0
2020-06-26,current_dynamic_state,232.14633178710938,-0.023614826068133143,4.0,4.0,1761592.3902609167,0.0,70463.69561043667,1888965.492138199,1818501.7965277624,-0.02451342754863839,3.8748213361669297,0.0,11.184713588958202,2680.764152055653,0
2020-06-29,current_dynamic_state,234.67820739746094,0.010906377847371918,4.0,4.0,1761592.3902609167,0.0,70463.69561043667,1909556.0788225161,1839092.3832120795,0.011322829993147376,3.831438608177356,0.0,11.184713588958202,2709.9857058017888,0
2020-06-30,current_dynamic_state,239.2782745361328,0.019601594837824088,4.0,4.0,1761592.3902609167,0.0,70463.69561043667,1946975.2386861101,1876511.5430756735,0.020346536261674597,3.7550366194360842,0.0,11.184713588958202,2763.0898746073367,0
2020-07-01,current_dynamic_state,242.07113647460938,0.011672024733088815,4.0,4.0,1876511.5430756735,4596.766112590267,75060.46172302694,1974335.6318543344,1899275.1701313076,0.012130821757868615,3.952058285363546,3.2177362788131867,11.914359003655068,2630.327054394672,1
2020-07-02,current_dynamic_state,243.7139892578125,0.006786652911737967,4.0,4.0,1876511.5430756735,0.0,75060.46172302694,1987722.8481600028,1912662.386436976,0.007048592282045574,3.9243968122808193,0.0,11.914359003655068,2648.1622981413293,0
2020-07-06,current_dynamic_state,249.70562744140625,0.02458471178384225,4.0,4.0,1876511.5430756735,0.0,75060.46172302694,2036578.5271291707,1961518.0654061437,0.025543284228106256,3.826651563746125,0.0,11.914359003655068,2713.2507319820975,0
2020-07-07,current_dynamic_state,247.9854278564453,-0.0068889099640518925,4.0,4.0,1876511.5430756735,0.0,75060.46172302694,2022536.8066620526,1947476.3449390256,-0.007158598595017662,3.854242538970456,0.0,11.914359003655068,2694.543518963702,0
2020-07-08,current_dynamic_state,251.2518310546875,0.01317175459250386,4.0,4.0,1876511.5430756735,0.0,75060.46172302694,2049165.2507747079,1974104.7890516808,0.01367330811583689,3.8022531599796396,0.0,11.914359003655068,2730.0195119184405,0
2020-07-09,current_dynamic_state,253.36830139160156,0.008423701144901763,4.0,4.0,1876511.5430756735,0.0,75060.46172302694,2066414.892084748,1991354.4303617212,0.008737956265395086,3.7693170325983862,0.0,11.914359003655068,2753.000507390719,0
2020-07-10,current_dynamic_state,255.09808349609375,0.006827144891415005,4.0,4.0,1876511.5430756735,0.0,75060.46172302694,2080510.6915997844,2005450.2298767576,0.007078498583738213,3.742823462023272,0.0,11.914359003655068,2771.7797677249414,0
2020-07-13,current_dynamic_state,249.85064697265625,-0.020570270272210256,4.0,4.0,1876511.5430756735,0.0,75060.46172302694,2037702.11001035,1962641.6482873228,-0.021346120163782678,3.824460863170187,0.0,11.914359003655068,2714.7476357519217,0
2020-07-14,current_dynamic_state,251.61907958984375,0.007077958927122818,4.0,4.0,1876511.5430756735,0.0,75060.46172302694,2052112.9674917108,1977052.5057686837,0.007342582123402996,3.7965841323897065,0.0,11.914359003655068,2733.946634999404,0
2020-07-15,current_dynamic_state,252.13124084472656,0.0020354627149803406,4.0,4.0,1876511.5430756735,0.0,75060.46172302694,2056278.0525649642,1981217.5908419373,0.002106714445418545,3.788602628504286,0.0,11.914359003655068,2739.495608423819,0
2020-07-16,current_dynamic_state,250.41111755371094,-0.006822333024866789,4.0,4.0,1876511.5430756735,0.0,75060.46172302694,2042237.5245396376,1967177.0628166106,-0.007086817768138243,3.8156433979336417,0.0,11.914359003655068,2720.7899840471177,0
2020-07-17,current_dynamic_state,250.70103454589844,0.0011577640602371542,4.0,4.0,1876511.5430756735,0.0,75060.46172302694,2044590.0393890135,1969529.5776659865,0.001195883631343042,3.811085782828313,0.0,11.914359003655068,2723.9241438902277,0
2020-07-20,current_dynamic_state,257.81365966796875,0.028370944439673362,4.0,4.0,1876511.5430756735,0.0,75060.46172302694,2102585.075439425,2027524.6137163984,0.02944613612715563,3.7020740076463543,0.0,11.914359003655068,2801.188571418549,0
2020-07-21,current_dynamic_state,255.12709045410156,-0.010420585229375168,0.0,4.0,1876511.5430756735,0.0,75060.46172302694,2080662.9940997926,2005602.5323767657,-0.010812239314545224,3.742539237526567,0.0,11.914359003655068,2771.982674150657,0
2020-07-22,current_dynamic_state,256.02581787109375,0.0035226655679432284,0.0,0.0,1876511.5430756735,-75060.46172302694,0.0,2012614.8719483102,2012614.8719483102,0.003496375507281879,0.0,52.54232320611885,0.0,inf,-1
2020-07-23,current_dynamic_state,249.33836364746094,-0.02612023380782591,0.0,0.0,1876511.5430756735,0.0,0.0,1960044.9009279127,1960044.9009279127,-0.02612023380782591,0.0,0.0,0.0,inf,0
2020-07-24,current_dynamic_state,246.97071838378906,-0.009495711887399283,0.0,0.0,1876511.5430756735,0.0,0.0,1941432.8792623351,1941432.8792623351,-0.009495711887399283,0.0,0.0,0.0,inf,0
2020-07-27,current_dynamic_state,251.37747192382812,0.01784322274671868,0.0,0.0,1876511.5430756735,0.0,0.0,1976074.2985748164,1976074.2985748164,0.01784322274671868,0.0,0.0,0.0,inf,0
2020-07-28,current_dynamic_state,248.17869567871094,-0.0127249917052491,0.0,0.0,1876511.5430756735,0.0,0.0,1950928.769516496,1950928.769516496,-0.0127249917052491,0.0,0.0,0.0,inf,0
2020-07-29,current_dynamic_state,251.03924560546875,0.011526170362588406,0.0,0.0,1876511.5430756735,0.0,0.0,1973415.5068792182,1973415.5068792182,0.011526170362588406,0.0,0.0,0.0,inf,0
2020-07-30,current_dynamic_state,252.353515625,0.0052353169575594105,0.0,0.0,1876511.5430756735,0.0,0.0,1983746.9625466936,1983746.9625466936,0.0052353169575594105,0.0,0.0,0.0,inf,0
2020-07-31,current_dynamic_state,256.85693359375,0.017845671607136016,0.0,0.0,1876511.5430756735,0.0,0.0,2019148.2593919556,2019148.2593919556,0.017845671607136016,0.0,0.0,0.0,inf,0
2020-08-03,current_dynamic_state,260.3263244628906,0.013507094477067438,0.0,0.0,2019148.2593919556,0.0,0.0,2046421.085694769,2046421.085694769,0.013507094477067438,0.0,0.0,0.0,inf,0
2020-08-04,current_dynamic_state,261.2926330566406,0.0037119127147196007,0.0,0.0,2019148.2593919556,0.0,0.0,2054017.2221424296,2054017.2221424296,0.0037119127147196007,0.0,0.0,0.0,inf,0
2020-08-05,current_dynamic_state,261.940185546875,0.0024782653940877974,0.0,0.0,2019148.2593919556,0.0,0.0,2059107.6219429255,2059107.6219429255,0.0024782653940877974,0.0,0.0,0.0,inf,0
2020-08-06,current_dynamic_state,265.4094543457031,0.013244507678671136,0.0,0.0,2019148.2593919556,0.0,0.0,2086379.4886529588,2086379.4886529588,0.013244507678671136,0.0,0.0,0.0,inf,0
2020-08-07,current_dynamic_state,262.3460388183594,-0.01154222457860743,0.0,0.0,2019148.2593919556,0.0,0.0,2062298.0280387262,2062298.0280387262,-0.01154222457860743,0.0,0.0,0.0,inf,0
2020-08-10,current_dynamic_state,261.2249755859375,-0.004273223401699888,0.0,0.0,2019148.2593919556,0.0,0.0,2053485.3678440317,2053485.3678440317,-0.004273223401699888,0.0,0.0,0.0,inf,0
2020-08-11,current_dynamic_state,256.277099609375,-0.01894105249876754,0.0,0.0,2019148.2593919556,0.0,0.0,2014590.1936862469,2014590.1936862469,-0.01894105249876754,0.0,0.0,0.0,inf,0
2020-08-12,current_dynamic_state,262.7228698730469,0.025151565526130515,0.0,0.0,2019148.2593919556,0.0,0.0,2065260.2909510464,2065260.2909510464,0.025151565526130515,0.0,0.0,0.0,inf,0
2020-08-13,current_dynamic_state,263.32208251953125,0.0022807783988274544,0.0,0.0,2019148.2593919556,0.0,0.0,2069970.6920106036,2069970.6920106036,0.0022807783988274544,0.0,0.0,0.0,inf,0
2020-08-14,current_dynamic_state,263.01287841796875,-0.0011742429598153858,0.0,0.0,2019148.2593919556,0.0,0.0,2067540.043498486,2067540.043498486,-0.0011742429598153858,0.0,0.0,0.0,inf,0
2020-08-17,current_dynamic_state,266.0666198730469,0.011610615698540938,0.0,0.0,2019148.2593919556,0.0,0.0,2091545.4563848916,2091545.4563848916,0.011610615698540938,0.0,0.0,0.0,inf,0
2020-08-18,current_dynamic_state,268.6275634765625,0.00962519689518948,0.0,0.0,2019148.2593919556,0.0,0.0,2111676.993217835,2111676.993217835,0.00962519689518948,0.0,0.0,0.0,inf,0
2020-08-19,current_dynamic_state,266.8204040527344,-0.006727378979431542,0.0,0.0,2019148.2593919556,0.0,0.0,2097470.941802312,2097470.941802312,-0.006727378979431653,0.0,0.0,0.0,inf,0
2020-08-20,current_dynamic_state,270.5216979980469,0.013871854959716545,0.0,0.0,2019148.2593919556,0.0,0.0,2126566.7544892137,2126566.7544892137,0.013871854959716545,0.0,0.0,0.0,inf,0
2020-08-21,current_dynamic_state,272.3965148925781,0.006930375302260483,0.0,0.0,2019148.2593919556,0.0,0.0,2141304.660203134,2141304.660203134,0.006930375302260483,0.0,0.0,0.0,inf,0
2020-08-24,current_dynamic_state,274.09735107421875,0.0062439718889626405,0.0,0.0,2019148.2593919556,0.0,0.0,2154674.9063071474,2154674.9063071474,0.0062439718889626405,0.0,0.0,0.0,inf,0
2020-08-25,current_dynamic_state,276.2524108886719,0.007862388330303727,0.0,0.0,2019148.2593919556,0.0,0.0,2171615.797146095,2171615.797146095,0.007862388330303727,0.0,0.0,0.0,inf,0
2020-08-26,current_dynamic_state,282.1474304199219,0.021339250985308755,0.0,0.0,2019148.2593919556,0.0,0.0,2217956.451685057,2217956.451685057,0.021339250985308755,0.0,0.0,0.0,inf,0
2020-08-27,current_dynamic_state,281.2679748535156,-0.003117007179889386,0.0,0.0,2019148.2593919556,0.0,0.0,2211043.0655004727,2211043.0655004727,-0.003117007179889386,0.0,0.0,0.0,inf,0
2020-08-28,current_dynamic_state,282.6981506347656,0.005084744475423619,0.0,0.0,2019148.2593919556,0.0,0.0,2222285.6545126997,2222285.6545126997,0.005084744475423619,0.0,0.0,0.0,inf,0
2020-08-31,current_dynamic_state,284.96917724609375,0.008033397481479021,0.0,0.0,2019148.2593919556,0.0,0.0,2240138.158492789,2240138.158492789,0.008033397481479021,0.0,0.0,0.0,inf,0
2020-09-01,current_dynamic_state,289.8398132324219,0.01709179930755078,0.0,0.0,2240138.158492789,0.0,0.0,2278426.150318934,2278426.150318934,0.01709179930755078,0.0,0.0,0.0,inf,0
2020-09-02,current_dynamic_state,292.58441162109375,0.009469362949357851,0.0,0.0,2240138.158492789,0.0,0.0,2300001.3944896124,2300001.3944896124,0.009469362949357851,0.0,0.0,0.0,inf,0
2020-09-03,current_dynamic_state,277.750244140625,-0.05070047101374453,0.0,0.0,2240138.158492789,0.0,0.0,2183390.24045672,2183390.24045672,-0.05070047101374453,0.0,0.0,0.0,inf,0
2020-09-04,current_dynamic_state,274.0489501953125,-0.013325979088747553,0.0,0.0,2240138.158492789,0.0,0.0,2154294.4277698183,2154294.4277698183,-0.013325979088747442,0.0,0.0,0.0,inf,0
2020-09-08,current_dynamic_state,260.8771057128906,-0.048063838496861244,0.0,0.0,2240138.158492789,0.0,0.0,2050750.7683188017,2050750.7683188017,-0.048063838496861244,0.0,0.0,0.0,inf,0
2020-09-09,current_dynamic_state,268.5405578613281,0.029375717457060135,0.0,0.0,2240138.158492789,0.0,0.0,2110993.043463784,2110993.043463784,0.029375717457060135,0.0,0.0,0.0,inf,0
2020-09-10,current_dynamic_state,263.186767578125,-0.019936617119741595,0.0,0.0,2240138.158492789,0.0,0.0,2068906.9834138083,2068906.9834138083,-0.019936617119741595,0.0,0.0,0.0,inf,0
2020-09-11,current_dynamic_state,261.3603210449219,-0.006939735420630311,0.0,0.0,2240138.158492789,0.0,0.0,2054549.316339022,2054549.316339022,-0.006939735420630311,0.0,0.0,0.0,inf,0
2020-09-14,current_dynamic_state,265.9119873046875,0.0174152918146413,0.0,0.0,2240138.158492789,0.0,0.0,2090329.8922306378,2090329.8922306378,0.0174152918146413,0.0,0.0,0.0,inf,0
2020-09-15,current_dynamic_state,269.680908203125,0.014173565233518426,0.0,0.0,2240138.158492789,0.0,0.0,2119957.3193177423,2119957.3193177423,0.014173565233518426,0.0,0.0,0.0,inf,0
2020-09-16,current_dynamic_state,265.3804626464844,-0.015946421959545987,0.0,0.0,2240138.158492789,0.0,0.0,2086151.5853676735,2086151.5853676735,-0.015946421959545987,0.0,0.0,0.0,inf,0
2020-09-17,current_dynamic_state,261.2346496582031,-0.015622148469173203,0.0,0.0,2240138.158492789,0.0,0.0,2053561.4155718586,2053561.4155718586,-0.015622148469173203,0.0,0.0,0.0,inf,0
2020-09-18,current_dynamic_state,257.9006652832031,-0.012762412564191417,0.0,0.0,2240138.158492789,0.0,0.0,2027353.0175604257,2027353.0175604257,-0.012762412564191417,0.0,0.0,0.0,inf,0
2020-09-21,current_dynamic_state,258.51904296875,0.0023977359068376725,0.0,0.0,2240138.158492789,0.0,0.0,2032214.074686466,2032214.074686466,0.0023977359068376725,0.0,0.0,0.0,inf,0
2020-09-22,current_dynamic_state,263.32208251953125,0.018579055127331046,0.0,0.0,2240138.158492789,0.0,0.0,2069970.6920106038,2069970.6920106038,0.018579055127331046,0.0,0.0,0.0,inf,0
2020-09-23,current_dynamic_state,255.2816925048828,-0.03053443120955135,0.0,0.0,2240138.158492789,0.0,0.0,2006765.3143096187,2006765.3143096187,-0.03053443120955135,0.0,0.0,0.0,inf,0
2020-09-24,current_dynamic_state,256.47039794921875,0.004656446111243273,1.0,0.0,2240138.158492789,0.0,0.0,2016109.7088536136,2016109.7088536136,0.004656446111243273,0.0,0.0,0.0,inf,0
2020-09-25,current_dynamic_state,262.43304443359375,0.023248868220478336,1.0,1.0,2240138.158492789,22401.38158492789,22401.38158492789,2085884.5648394285,2063483.1832545006,0.023497468512179376,1.0856100871923127,15.680967109449524,3.555774854750459,9311.410356238272,1
2020-09-28,current_dynamic_state,267.8834228515625,0.02076864378772214,1.0,1.0,2240138.158492789,0.0,22401.38158492789,2129202.0025740312,2106800.6209891033,0.020992387089039832,1.0632891105951385,0.0,3.555774854750459,9504.779848072416,0
2020-09-29,current_dynamic_state,266.67547607421875,-0.004509225559705787,1.0,1.0,2240138.158492789,0.0,22401.38158492789,2119597.394707393,2097196.013122465,-0.004558859424547368,1.068158695933005,0.0,3.555774854750459,9461.904778826238,0
2020-09-30,current_dynamic_state,268.5019226074219,0.006848948242600406,1.0,1.0,2240138.158492789,0.0,22401.38158492789,2134110.8517840398,2111709.470199112,0.006920410388840059,1.060817404148672,0.0,3.555774854750459,9526.69300191696,0
2020-10-01,current_dynamic_state,272.76373291015625,0.015872550413598363,2.0,1.0,2111709.470199112,-1284.2868829367726,21117.09470199112,2166675.69688591,2145558.602183919,0.016029256137026993,0.9842236273806025,0.8990008180557408,3.3519197939668444,10260.29256137027,-1
2020-10-02,current_dynamic_state,265.090576171875,-0.028131147262193568,2.0,2.0,2111709.470199112,21117.09470199112,42234.18940398224,2126226.6004163674,2083992.4110123853,-0.028694714331674143,2.026599961727559,14.781966291393783,6.703839587933689,5034.3729343977575,1
2020-10-05,current_dynamic_state,270.7439270019531,0.02132611016097652,2.0,2.0,2111709.470199112,0.0,42234.18940398224,2171564.0392844575,2129329.849880475,0.0217550882760007,1.983449835465978,0.0,6.703839587933689,5141.72065317229,0
2020-10-06,current_dynamic_state,265.9119873046875,-0.017846899654487047,2.0,2.0,2111709.470199112,0.0,42234.18940398224,2132801.649942467,2090567.4605384849,-0.018204032289391936,2.0202260965596213,0.0,6.703839587933689,5049.941007607847,0
2020-10-07,current_dynamic_state,270.5119934082031,0.01729897982464723,2.0,2.0,2111709.470199112,0.0,42234.18940398224,2169690.238815208,2127456.0494112256,0.017645251621413394,1.9851967995141695,0.0,6.703839587933689,5137.28396219824,0
2020-10-08,current_dynamic_state,271.9518737792969,0.005322796793415963,3.0,2.0,2111709.470199112,0.0,42234.18940398224,2181232.3552214913,2138998.165817509,0.0054253136789723655,1.9744846011983674,0.0,6.703839587933689,5164.612807783223,0
2020-10-09,current_dynamic_state,276.107421875,0.015280453993398835,3.0,3.0,2111709.470199112,21117.09470199112,63351.284105973355,2235977.285769596,2172626.001663623,0.015721301861547632,2.915885387428118,14.781966291393783,10.055759381900533,3529.4900763641617,1
2020-10-12,current_dynamic_state,284.6309814453125,0.03087044713405529,3.0,3.0,2111709.470199112,0.0,63351.284105973355,2304992.848603513,2241641.56449754,0.03176596560156697,2.8261112351462594,0.0,10.055759381900533,3638.431140160862,0
2020-10-13,current_dynamic_state,284.6213073730469,-3.398812109811633e-05,3.0,3.0,2111709.470199112,0.0,63351.284105973355,2304904.4504680624,2241553.166362089,-3.943455405663876e-05,2.8262226859775454,0.0,10.055759381900533,3638.2916037067894,0
2020-10-14,current_dynamic_state,282.2440185546875,-0.008352462576680986,3.0,3.0,2111709.470199112,0.0,63351.284105973355,2285642.7665433204,2222291.482437347,-0.00859300783661654,2.8507189361357512,0.0,10.055759381900533,3607.8870362279026,0
2020-10-15,current_dynamic_state,280.3498840332031,-0.006710981976460806,4.0,3.0,2111709.470199112,0.0,63351.284105973355,2270293.8033730383,2206942.519267065,-0.00690681816115668,2.8705452703413674,0.0,10.055759381900533,3583.6586983387974,0
2020-10-16,current_dynamic_state,278.8133544921875,-0.0054807568275421215,4.0,4.0,2111709.470199112,21117.09470199112,84468.37880796447,2278824.1235215953,2194355.744713631,-0.005703263426006244,3.849347536809161,14.781966291393783,13.407679175867377,2697.842856321905,1
2020-10-19,current_dynamic_state,274.2615966796875,-0.016325465545903528,4.0,4.0,2111709.470199112,0.0,84468.37880796447,2241607.8511286937,2157139.4723207294,-0.016959999527222713,3.9157588042784415,0.0,13.407679175867377,2653.7834427068865,0
2020-10-20,current_dynamic_state,274.8511047363281,0.0021494371205352802,4.0,4.0,2111709.470199112,0.0,84468.37880796447,2246412.638574417,2161944.259766453,0.002227388403659658,3.9070562724447524,0.0,13.407679175867377,2659.4717103326298,0
2020-10-21,current_dynamic_state,274.6385192871094,-0.0007734567755246502,4.0,4.0,2111709.470199112,0.0,84468.37880796447,2244661.727819312,2160193.3490113476,-0.0008098778436103071,3.910223075477155,0.0,13.407679175867377,2657.3988509030837,0
2020-10-22,current_dynamic_state,274.6287841796875,-3.54469848117267e-05,4.0,4.0,2111709.470199112,0.0,84468.37880796447,2244568.7536499626,2160100.3748419983,-4.3039744285766623e-05,3.9103913777221098,0.0,13.407679175867377,2657.2887811105043,0
2020-10-23,current_dynamic_state,275.16998291015625,0.001970655523547249,4.0,4.0,2111709.470199112,0.0,84468.37880796447,2248978.6177831483,2164510.238975184,0.0020415088967837836,3.90242454329794,0.0,13.407679175867377,2662.5095089087863,0
2020-10-26,current_dynamic_state,271.04351806640625,-0.014996057346477687,4.0,4.0,2111709.470199112,0.0,84468.37880796447,2215239.397780694,2130771.01897273,-0.015587461493565602,3.964216617170234,0.0,13.407679175867377,2622.566490611775,0
2020-10-27,current_dynamic_state,273.15997314453125,0.007808543414812297,4.0,4.0,2111709.470199112,0.0,84468.37880796447,2232523.7831132915,2148055.404305327,0.008111798583092522,3.932318442004117,0.0,13.407679175867377,2643.0290418960763,0
2020-10-28,current_dynamic_state,262.51025390625,-0.038987114823907265,4.0,4.0,2111709.470199112,0.0,84468.37880796447,2145470.714354774,2061002.3355468095,-0.04052645410543787,4.098412570966542,0.0,13.407679175867377,2539.969092140879,0
2020-10-29,current_dynamic_state,267.10064697265625,0.017486528614023555,4.0,4.0,2111709.470199112,0.0,84468.37880796447,2182974.141712712,2098505.762904748,0.01819669328418705,4.025167826608372,0.0,13.407679175867377,2584.3684613334626,0
2020-10-30,current_dynamic_state,260.3263244628906,-0.0253624339234908,4.0,4.0,2111709.470199112,0.0,84468.37880796447,2127595.1966076586,2043126.8177996941,-0.02638970360910431,4.134269986183778,0.0,13.407679175867377,2518.806713983066,0
2020-11-02,current_dynamic_state,260.9061584472656,0.0022273351939006147,4.0,4.0,2043126.8177996941,-2743.3060959767026,81725.07271198777,2129569.75108403,2047844.6783720423,0.002309137411954154,3.9907847296776464,1.920314267183692,12.972233763807584,2605.7728435298854,-1
2020-11-03,current_dynamic_state,265.41912841796875,0.017297291859882602,4.0,4.0,2043126.8177996941,0.0,81725.07271198777,2166392.568370744,2084667.4956587562,0.017981254963138404,3.9202929427439748,0.0,12.972233763807584,2650.8297839091047,0
2020-11-04,current_dynamic_state,277.26715087890625,0.04463891706508738,4.0,4.0,2043126.8177996941,0.0,81725.07271198777,2263085.0143269035,2181359.9416149156,0.0463826706932966,3.746519368623073,0.0,12.972233763807584,2769.1440817708135,0
2020-11-05,current_dynamic_state,284.49566650390625,0.026070580673139165,4.0,4.0,2043126.8177996941,0.0,81725.07271198777,2322071.982529321,2240346.9098173333,0.027041373171430072,3.64787579788932,0.0,12.972233763807584,2841.321402934292,0
2020-11-06,current_dynamic_state,284.7083740234375,0.0007476652356261937,4.0,4.0,2043126.8177996941,0.0,81725.07271198777,2323795.142791516,2242070.0700795283,0.0007691488557615145,3.6450721947815357,0.0,12.972233763807584,2843.429887154634,0
2020-11-09,current_dynamic_state,278.8906555175781,-0.020433956415277232,4.0,4.0,2043126.8177996941,0.0,81725.07271198777,2276297.8418919174,2194572.7691799295,-0.02118457470774493,3.723962762124625,0.0,12.972233763807584,2785.311491754746,0
2020-11-10,current_dynamic_state,273.8944091796875,-0.01791471402517364,4.0,4.0,2043126.8177996941,0.0,81725.07271198777,2235505.64478454,2153780.572072552,-0.01858776235641557,3.7944939132469244,0.0,12.972233763807584,2735.397559893057,0
2020-11-11,current_dynamic_state,280.0213317871094,0.022369651961031245,4.0,4.0,2043126.8177996941,0.0,81725.07271198777,2285500.155781527,2203775.083069539,0.023212444036895707,3.708412593455617,0.0,12.972233763807584,2796.571578267046,0
2020-11-12,current_dynamic_state,278.7070617675781,-0.004693463926992658,4.0,4.0,2043126.8177996941,0.0,81725.07271198777,2274760.2710114666,2193035.1982994787,-0.00487340330352648,3.7265736899872355,0.0,12.972233763807584,2783.4300974293237,0
2020-11-13,current_dynamic_state,281.1519470214844,0.008772240065969772,4.0,4.0,2043126.8177996941,0.0,81725.07271198777,2294702.0419675456,2212976.9692555577,0.009093228859957225,3.692992464330976,0.0,12.972233763807584,2807.831141434946,0
2020-11-16,current_dynamic_state,283.3456726074219,0.007802633448488416,4.0,4.0,2043126.8177996941,0.0,81725.07271198777,2312593.7886407524,2230868.7159287645,0.008084922220960022,3.6633743675034527,0.0,12.972233763807584,2829.7237456009407,0
2020-11-17,current_dynamic_state,282.4468994140625,-0.0031720025405316266,4.0,4.0,2043126.8177996941,0.0,81725.07271198777,2305245.2630342026,2223520.1903222147,-0.003294019748486421,3.675481476070826,0.0,12.972233763807584,2820.731981675019,0
2020-11-18,current_dynamic_state,280.3594665527344,-0.007390532045699616,4.0,4.0,2043126.8177996941,0.0,81725.07271198777,2288195.301810787,2206470.229098799,-0.007668003779603527,3.7038828638701915,0.0,12.972233763807584,2799.8693985562463,0
2020-11-19,current_dynamic_state,282.5532531738281,0.00782490653184742,4.0,4.0,2043126.8177996941,0.0,81725.07271198777,2306087.243940305,2224362.171228317,0.008108852724845406,3.67409020747994,0.0,12.972233763807584,2821.7622418854558,0
2020-11-20,current_dynamic_state,280.62054443359375,-0.006840157451825091,4.0,4.0,2043126.8177996941,0.0,81725.07271198777,2290300.271860344,2208575.199148356,-0.007097302896157176,3.7003527316390046,0.0,12.972233763807584,2802.445070843471,0
2020-11-23,current_dynamic_state,280.630126953125,3.4147605089351885e-05,4.0,4.0,2043126.8177996941,0.0,81725.07271198777,2290365.5078957994,2208640.4351838115,2.9537611162533395e-05,3.7002434352872067,0.0,12.972233763807584,2802.5248946151614,0
2020-11-24,current_dynamic_state,284.572998046875,0.014050063464528195,4.0,4.0,2043126.8177996941,0.0,81725.07271198777,2322532.3164049378,2240807.24369295,0.014564076613249766,3.6471264068792113,0.0,12.972233763807584,2841.8846742295514,0
2020-11-25,current_dynamic_state,286.3221740722656,0.0061466690002067725,4.0,4.0,2043126.8177996941,0.0,81725.07271198777,2336795.1815623986,2255070.1088504107,0.006365056698921956,3.6240590654473963,0.0,12.972233763807584,2859.3369256429282,0
2020-11-27,current_dynamic_state,288.96038818359375,0.009214145288874098,4.0,4.0,2043126.8177996941,0.0,81725.07271198777,2358313.7796418914,2276588.7069299035,0.009542318881811784,3.5898040108526335,0.0,12.972233763807584,2885.667398489771,0
2020-11-30,current_dynamic_state,289.54986572265625,0.0020399942800739534,4.0,4.0,2043126.8177996941,0.0,81725.07271198777,2363111.7540292167,2281386.681317229,0.0021075279749567244,3.58225430968157,0.0,12.972233763807584,2891.5382704610133,0
2020-12-01,current_dynamic_state,293.2608337402344,0.012816334790265893,4.0,4.0,2281386.681317229,9530.394540701382,91255.46725268915,2403029.482911196,2311774.015658507,0.013319677277914721,3.947421617968792,6.671276178490967,14.484994802014151,2633.2991931947863,1
2020-12-02,current_dynamic_state,293.6377258300781,0.0012851770386004269,4.0,4.0,2281386.681317229,0.0,91255.46725268915,2406103.3162309113,2314847.8489782223,0.001329642646251239,3.942179927418101,0.0,14.484994802014151,2636.6675758377723,0
2020-12-03,current_dynamic_state,294.05322265625,0.0014149981069269124,4.0,4.0,2281386.681317229,0.0,91255.46725268915,2409493.4628736465,2318237.9956209576,0.0014645224498153198,3.936414959338361,0.0,14.484994802014151,2640.3825824503056,0
2020-12-04,current_dynamic_state,295.2515563964844,0.00407522736669752,4.0,4.0,2281386.681317229,0.0,91255.46725268915,2419298.2115786257,2328042.744325937,0.004229396948673969,3.9198364151647622,0.0,14.484994802014151,2651.126868792985,0
2020-12-07,current_dynamic_state,296.9234619140625,0.005662647601196724,4.0,4.0,2281386.681317229,0.0,91255.46725268915,2432983.3597981986,2341727.8925455096,0.005878392161366985,3.8969287398072736,0.0,14.484994802014151,2666.1233929811506,0
2020-12-08,current_dynamic_state,297.9284362792969,0.0033846243026940392,4.0,4.0,2281386.681317229,0.0,91255.46725268915,2441203.6094110194,2349948.1421583304,0.003510335098705797,3.88329706581843,0.0,14.484994802014151,2675.131345995142,0
2020-12-09,current_dynamic_state,291.1831359863281,-0.02264067296565564,4.0,4.0,2281386.681317229,0.0,91255.46725268915,2385918.6318529644,2294663.1646002755,-0.02352604151820903,3.9768567631400327,0.0,14.484994802014151,2614.548699034419,0
2020-12-10,current_dynamic_state,292.35247802734375,0.004015830233625062,4.0,4.0,2281386.681317229,0.0,91255.46725268915,2395485.591034927,2304230.123782238,0.004169221578814719,3.960345206445764,0.0,14.484994802014151,2625.0324097314137,0
2020-12-11,current_dynamic_state,291.7049560546875,-0.002214867399193632,4.0,4.0,2281386.681317229,0.0,91255.46725268915,2390165.4230993036,2298909.9558466147,-0.002308870056299206,3.9695102898922676,0.0,14.484994802014151,2619.2024380093994,0
2020-12-14,current_dynamic_state,293.8212890625,0.007255046456652314,4.0,4.0,2281386.681317229,0.0,91255.46725268915,2407491.699288171,2316236.232035482,0.0075367354623014915,3.939816931906591,0.0,14.484994802014151,2638.189000360662,0
2020-12-15,current_dynamic_state,296.9621276855469,0.010689622365582796,4.0,4.0,2281386.681317229,0.0,91255.46725268915,2433212.3914070344,2341956.9241543454,0.011104520239829219,3.8965476397752483,0.0,14.484994802014151,2666.374371487678,0
2020-12-16,current_dynamic_state,298.5953063964844,0.005499619509282683,4.0,4.0,2281386.681317229,0.0,91255.46725268915,2446579.648750243,2355324.181497554,0.005707729807214568,3.8744334206541127,0.0,14.484994802014151,2681.0225429842903,0
2020-12-17,current_dynamic_state,300.5473937988281,0.006537568945413019,4.0,4.0,2281386.681317229,0.0,91255.46725268915,2462559.84688959,2371304.379636901,0.006784712807214044,3.8483236499003297,0.0,14.484994802014151,2698.5340396873835,0
2020-12-18,current_dynamic_state,299.6390686035156,-0.0030222361399696585,4.0,4.0,2281386.681317229,0.0,91255.46725268915,2455102.92452868,2363847.457275991,-0.003144650018337969,3.8604634563792257,0.0,14.484994802014151,2690.3625595718286,0
2020-12-21,current_dynamic_state,299.0784606933594,-0.0018709439752599977,4.0,4.0,2281386.681317229,0.0,91255.46725268915,2450495.0795085877,2359239.612255899,-0.0019492988034862657,3.8680033506825917,0.0,14.484994802014151,2685.3131689338597,0
2020-12-22,current_dynamic_state,299.89178466796875,0.002719433464796639,4.0,4.0,2281386.681317229,0.0,91255.46725268915,2457144.552838321,2365889.085585632,0.002818481554476282,3.8571320950196006,0.0,14.484994802014151,2692.5998264130444,0
2020-12-23,current_dynamic_state,298.38140869140625,-0.0050364033087293425,4.0,4.0,2281386.681317229,0.0,91255.46725268915,2444754.8968875776,2353499.4296348887,-0.005236786469081878,3.877437406766065,0.0,14.484994802014151,2679.022934722341,0
2020-12-24,current_dynamic_state,299.6980285644531,0.004412539905958246,4.0,4.0,2281386.681317229,0.0,91255.46725268915,2455527.990435579,2364272.52318289,0.0045774787163099795,3.859769394512818,0.0,14.484994802014151,2690.8283573149074,0
2020-12-28,current_dynamic_state,302.71875,0.01007921690381508,4.0,4.0,2281386.681317229,0.0,91255.46725268915,2480263.304669766,2389007.8374170773,0.010462124814988538,3.8198061062600694,0.0,14.484994802014151,2717.933926963348,0
2020-12-29,current_dynamic_state,302.9897766113281,0.0008953083062350764,4.0,4.0,2281386.681317229,0.0,91255.46725268915,2482469.420013285,2391213.952760596,0.0009234441632905988,3.8162819829374546,0.0,14.484994802014151,2720.351442768083,0
2020-12-30,current_dynamic_state,302.9994201660156,3.182798705414491e-05,4.0,4.0,2281386.681317229,0.0,91255.46725268915,2482533.9470230453,2391278.4797703563,2.6985042340443854e-05,3.8161790031854745,0.0,14.484994802014151,2720.4221530627133,0
2020-12-31,current_dynamic_state,303.7449035644531,0.002460345957193688,4.0,4.0,2281386.681317229,0.0,91255.46725268915,2488627.354388397,2397371.8871357082,0.0025481797360284997,3.8064794094886056,0.0,14.484994802014151,2727.0994596929877,0
2021-01-04,current_dynamic_state,299.4560241699219,-0.014120004464934777,4.0,4.0,2397371.8871357082,4639.408232739181,95894.87548542833,2458043.401662008,2362148.5261765798,-0.014692489366433747,4.059646310244752,3.2475857629174265,15.221408807210848,2563.2687765839155,1
2021-01-05,current_dynamic_state,301.9247131347656,0.008243911511504276,4.0,4.0,2397371.8871357082,0.0,95894.87548542833,2478292.072547939,2382397.197062511,0.008572141277968681,4.025142222449994,0.0,15.221408807210848,2584.384264542402,0
2021-01-06,current_dynamic_state,297.74249267578125,-0.013851865306294453,4.0,4.0,2397371.8871357082,0.0,95894.87548542833,2443947.8831605404,2348053.007675112,-0.014415811699973857,4.084016637272475,0.0,15.221408807210848,2548.5698487943805,0
2021-01-07,current_dynamic_state,304.9453430175781,0.024191543091701906,4.0,4.0,2397371.8871357082,0.0,95894.87548542833,2503055.532281085,2407160.656795657,0.025173047170288898,3.983733915503622,0.0,15.221408807210848,2610.207813097829,0
2021-01-08,current_dynamic_state,308.8663330078125,0.012858009082658217,4.0,4.0,2397371.8871357082,0.0,95894.87548542833,2535224.621640746,2439329.746155318,0.013363914564175294,3.9311977249722134,0.0,15.221408807210848,2643.7540158503934,0
2021-01-11,current_dynamic_state,304.40325927734375,-0.014449855013352497,4.0,4.0,2397371.8871357082,0.0,95894.87548542833,2498575.7720229486,2402680.8965375205,-0.015024147381287989,3.991161523930268,0.0,15.221408807210848,2605.536280614514,0
2021-01-12,current_dynamic_state,303.9191589355469,-0.0015903257506051371,4.0,4.0,2397371.8871357082,0.0,95894.87548542833,2494587.001224055,2398692.125738627,-0.0016601333970907017,3.9977984025732156,0.0,15.221408807210848,2601.3767561574437,0
2021-01-13,current_dynamic_state,305.9716491699219,0.006753408510222547,4.0,4.0,2397371.8871357082,0.0,95894.87548542833,2511418.744898805,2415523.869413377,0.007017050456013418,3.9699411253889587,0.0,15.221408807210848,2618.9290430648994,0
2021-01-14,current_dynamic_state,304.33544921875,-0.005347554113627084,4.0,4.0,2397371.8871357082,0.0,95894.87548542833,2497973.575849674,2402078.700364246,-0.005566150357436128,3.992162099888194,0.0,15.221408807210848,2604.9083052714873,0
2021-01-15,current_dynamic_state,301.9247131347656,-0.007921312125067637,4.0,4.0,2397371.8871357082,0.0,95894.87548542833,2478171.1260663904,2382276.2505809623,-0.008243880510776291,4.025346576075826,0.0,15.221408807210848,2584.258140512378,0
2021-01-19,current_dynamic_state,306.329833984375,0.01459013011512944,4.0,4.0,2397371.8871357082,0.0,95894.87548542833,2514312.7438344485,2418417.8683490204,0.015171043979154142,3.9651904966651945,0.0,15.221408807210848,2621.946930017663,0
2021-01-20,current_dynamic_state,313.45538330078125,0.02326103606601282,4.0,4.0,2397371.8871357082,0.0,95894.87548542833,2572783.04184121,2476888.1663557817,0.024177086504358902,3.87158680751087,0.0,15.221408807210848,2682.920259104102,0
2021-01-21,current_dynamic_state,315.9628601074219,0.007999469590332486,4.0,4.0,2397371.8871357082,0.0,95894.87548542833,2593348.7201381344,2497453.8446527063,0.008303030623777685,3.839705614209795,0.0,15.221408807210848,2704.3663251142193,0
2021-01-22,current_dynamic_state,315.05279541015625,-0.002880290097881155,4.0,4.0,2397371.8871357082,0.0,95894.87548542833,2585863.9020903604,2489969.0266049323,-0.0029969795292913437,3.85124772480326,0.0,15.221408807210848,2696.5610925510764,0
2021-01-25,current_dynamic_state,317.6570129394531,0.008265971821981521,4.0,4.0,2397371.8871357082,0.0,95894.87548542833,2607223.358831711,2511328.483346283,0.008578201782081685,3.8184919305200085,0.0,15.221408807210848,2718.834917542482,0
2021-01-26,current_dynamic_state,318.1217956542969,0.0014631589919671395,4.0,4.0,2397371.8871357082,0.0,95894.87548542833,2611022.9197244453,2515128.044239017,0.001512968501703682,3.8127234001099337,0.0,15.221408807210848,2722.7971322838853,0
2021-01-27,current_dynamic_state,309.253662109375,-0.02787653554728098,4.0,4.0,2397371.8871357082,0.0,95894.87548542833,2538221.4250791743,2442326.549593746,-0.028945442683137035,3.9263740346834197,0.0,15.221408807210848,2646.8791082218663,0
2021-01-28,current_dynamic_state,311.0834045410156,0.005916639496393428,4.0,4.0,2397371.8871357082,0.0,95894.87548542833,2553223.9448045827,2457329.0693191546,0.006142716553568128,3.9024026811353214,0.0,15.221408807210848,2662.523864679877,0
2021-01-29,current_dynamic_state,304.53875732421875,-0.0210382396529738,4.0,4.0,2397371.8871357082,0.0,95894.87548542833,2499493.3861572654,2403598.5106718373,-0.02186543077122527,3.9896378309297775,0.0,15.221408807210848,2606.493176517107,0
2021-02-01,current_dynamic_state,312.1484375,0.024987559030720696,4.0,4.0,2403598.5106718373,249.06494144516182,96143.9404268735,2562189.4735122873,2466045.5330854137,0.02598063783793969,3.898709052082351,0.17434545901161327,15.260942924900554,2664.951594594849,1
2021-02-02,current_dynamic_state,317.24078369140625,0.016313860906019162,4.0,4.0,2403598.5106718373,0.0,96143.9404268735,2603973.4152551084,2507829.474828235,0.016943702450839426,3.833751113937224,0.0,15.260942924900554,2708.411371214471,0
2021-02-03,current_dynamic_state,315.9822082519531,-0.003967256116342854,4.0,4.0,2403598.5106718373,0.0,96143.9404268735,2593627.5248537185,2497483.584426845,-0.004125436161124374,3.849632527171859,0.0,15.260942924900554,2697.6505366205747,0
2021-02-04,current_dynamic_state,319.71917724609375,0.011826517115675284,4.0,4.0,2403598.5106718373,0.0,96143.9404268735,2624285.8442251626,2528141.903798289,0.012275684037571066,3.802948730149463,0.0,15.260942924900554,2729.5384738481553,0
2021-02-05,current_dynamic_state,320.8035583496094,0.0033916673777780737,4.0,4.0,2403598.5106718373,0.0,96143.9404268735,2633171.287970061,2537027.3475431874,0.0035146143226962856,3.7896296435266095,0.0,15.260942924900554,2738.7802874304234,0
2021-02-08,current_dynamic_state,322.95281982421875,0.0066996185630432414,4.0,4.0,2403598.5106718373,0.0,96143.9404268735,2650797.270267693,2554653.3298408194,0.0069474940089631065,3.763482868842491,0.0,15.260942924900554,2757.1131976683164,0
2021-02-09,current_dynamic_state,322.88507080078125,-0.00020977994084203644,4.0,4.0,2403598.5106718373,0.0,96143.9404268735,2650225.925230227,2554081.9848033534,-0.00022364875530944683,3.764324755388614,0.0,15.260942924900554,2756.5189376089415,0
2021-02-10,current_dynamic_state,322.14923095703125,-0.0022789528234460343,4.0,4.0,2403598.5106718373,0.0,96143.9404268735,2644170.924432229,2548026.9840053553,-0.0023707151274019456,3.773270103903712,0.0,15.260942924900554,2750.2210879773224,0
2021-02-11,current_dynamic_state,323.92095947265625,0.005499713627630243,4.0,4.0,2403598.5106718373,0.0,96143.9404268735,2658697.8463561875,2562553.905929314,0.005701243360116681,3.751879724536243,0.0,15.260942924900554,2765.330643357994,0
2021-02-12,current_dynamic_state,325.73138427734375,0.0055890943507788116,4.0,4.0,2403598.5106718373,0.0,96143.9404268735,2673542.2985267597,2577398.358099886,0.0057928350838687415,3.7302708805073066,0.0,15.260942924900554,2780.7704642189487,0
2021-02-16,current_dynamic_state,324.8504638671875,-0.0027044382355437824,4.0,4.0,2403598.5106718373,0.0,96143.9404268735,2666296.6075673555,2570152.667140482,-0.0028112421724152403,3.7407871390706906,0.0,15.260942924900554,2773.2341692353716,0
2021-02-17,current_dynamic_state,323.2916259765625,-0.0047986321831521295,4.0,4.0,2403598.5106718373,0.0,96143.9404268735,2653486.7699135286,2557342.829486655,-0.004984076556074357,3.759524898981683,0.0,15.260942924900554,2759.9105654835885,0
2021-02-18,current_dynamic_state,321.87811279296875,-0.004372254243591889,4.0,4.0,2403598.5106718373,0.0,96143.9404268735,2641869.7901805346,2545725.849753661,-0.004542597730366027,3.7766808407974066,0.0,15.260942924900554,2747.827661785846,0
2021-02-19,current_dynamic_state,320.4744567871094,-0.0043608308551323915,4.0,4.0,2403598.5106718373,0.0,96143.9404268735,2630333.781941348,2534189.8415144747,-0.004531520250031118,3.7938728524543466,0.0,15.260942924900554,2735.828977117871,0
2021-02-22,current_dynamic_state,312.1676940917969,-0.02592020212341184,4.0,4.0,2403598.5106718373,0.0,96143.9404268735,2562139.7377184653,2465995.7972915918,-0.026909603655474013,3.898787683761204,0.0,15.260942924900554,2664.8998640400155,0
2021-02-23,current_dynamic_state,311.2383117675781,-0.002977189317820428,4.0,4.0,2403598.5106718373,0.0,96143.9404268735,2554496.501717642,2458352.5612907684,-0.0030994521601447333,3.9109093602258866,0.0,15.260942924900554,2656.950079615862,0
2021-02-24,current_dynamic_state,313.8039245605469,0.008243242222971014,4.0,4.0,2403598.5106718373,0.0,96143.9404268735,2575538.5741961077,2479394.633769234,0.008559420162020048,3.877718339686539,0.0,15.260942924900554,2678.8360896806043,0
2021-02-25,current_dynamic_state,302.8638916015625,-0.034862639064520584,4.0,4.0,2403598.5106718373,0.0,96143.9404268735,2485733.241544234,2389589.3011173606,-0.036220669121699856,4.0234504055536675,0.0,15.260942924900554,2585.428920957185,0
2021-02-26,current_dynamic_state,304.1321716308594,0.004187623762575754,4.0,4.0,2403598.5106718373,0.0,96143.9404268735,2496127.2961910246,2399983.355764151,0.00434972429861924,4.006025299965525,0.0,15.260942924900554,2596.239851527163,0
2021-03-01,current_dynamic_state,313.2811279296875,0.030082172003600638,4.0,4.0,2399983.355764151,-144.60619630744623,95999.33423056605,2571051.9283342026,2475052.5941036367,0.031279066231517216,3.878678556539244,0.10122433741521236,15.237989560407309,2678.1976655787926,-1
2021-03-02,current_dynamic_state,308.2565002441406,-0.01603871806371493,4.0,4.0,2399983.355764151,0.0,95999.33423056605,2529800.3133389195,2433800.9791083536,-0.01666696501462539,3.94442006781246,0.0,15.237989560407309,2635.226935285802,0
2021-03-03,current_dynamic_state,299.3108215332031,-0.029020243543453228,4.0,4.0,2399983.355764151,0.0,95999.33423056605,2456369.6541399597,2360370.319909394,-0.030171184837743725,4.067130204986272,0.0,15.237989560407309,2558.736134815668,0
2021-03-04,current_dynamic_state,294.4119873046875,-0.016367046815820463,4.0,4.0,2399983.355764151,0.0,95999.33423056605,2416150.89902413,2320151.564793564,-0.017039171682761034,4.137632027462293,0.0,15.237989560407309,2516.841307691935,0
2021-03-05,current_dynamic_state,298.84613037109375,0.015061014013051599,4.0,4.0,2399983.355764151,0.0,95999.33423056605,2452525.343582419,2356526.0093518533,0.015677615682631485,4.073765103783854,0.0,15.237989560407309,2554.7316168798375,0
2021-03-08,current_dynamic_state,290.38446044921875,-0.028314470431213823,4.0,4.0,2399983.355764151,0.0,95999.33423056605,2383068.1492701923,2287068.8150396263,-0.0294744017407772,4.197483416296013,0.0,15.237989560407309,2482.379871038134,0
2021-03-09,current_dynamic_state,301.8375549316406,0.03944114111583019,4.0,4.0,2399983.355764151,0.0,95999.33423056605,2477043.838444638,2381044.504214072,0.04109001380127575,4.03181603958525,0.0,15.237989560407309,2580.271892818972,0
2021-03-10,current_dynamic_state,300.97601318359375,-0.0028543225783882464,4.0,4.0,2399983.355764151,0.0,95999.33423056605,2469958.318299348,2373958.984068782,-0.002975803321924375,4.043849741078113,0.0,15.237989560407309,2572.891091481046,0
2021-03-11,current_dynamic_state,307.9078369140625,0.02303115008118728,4.0,4.0,2399983.355764151,0.0,95999.33423056605,2526829.061032817,2430829.726802251,0.023956076374999746,3.9492414121845085,0.0,15.237989560407309,2632.1318593356223,0
2021-03-12,current_dynamic_state,305.4100646972656,-0.00811207743794451,4.0,4.0,2399983.355764151,0.0,95999.33423056605,2506315.99002771,2410316.655797144,-0.008438711596674309,3.9828515477281545,0.0,15.237989560407309,2610.7639288499386,0
2021-03-15,current_dynamic_state,308.6727600097656,0.010682998661927234,4.0,4.0,2399983.355764151,0.0,95999.33423056605,2533075.7224059827,2437076.3881754167,0.011102164652893931,3.9391188021988324,0.0,15.237989560407309,2638.638843392577,0
2021-03-16,current_dynamic_state,310.3669738769531,0.0054887054728571805,4.0,4.0,2399983.355764151,0.0,95999.33423056605,2546963.7909971536,2450964.4567665877,0.005698659532608508,3.916798302216601,0.0,15.237989560407309,2653.1056818373268,0
2021-03-17,current_dynamic_state,311.6449890136719,0.004117754929767292,4.0,4.0,2399983.355764151,0.0,95999.33423056605,2557436.3257139106,2461436.9914833447,0.004272821944783622,3.9001337252477715,0.0,15.237989560407309,2664.014647822033,0
2021-03-18,current_dynamic_state,302.0990905761719,-0.030630681621777067,4.0,4.0,2399983.355764151,0.0,95999.33423056605,2479085.0698634405,2383085.7356328745,-0.03183150985443384,4.028362588686788,0.0,15.237989560407309,2582.398190292973,0
2021-03-19,current_dynamic_state,303.16400146484375,0.0035250383794298568,4.0,4.0,2399983.355764151,0.0,95999.33423056605,2487808.7018910204,2391809.3676604545,0.00366064548041245,4.013669965866372,0.0,15.237989560407309,2591.4853700088534,0
2021-03-22,current_dynamic_state,308.8492736816406,0.018753124346315708,4.0,4.0,2399983.355764151,0.0,95999.33423056605,2534447.6498378688,2438448.315607303,0.019499441961157604,3.9369025628356256,0.0,15.237989560407309,2640.0679443784147,0
2021-03-23,current_dynamic_state,307.50189208984375,-0.00436258624064545,4.0,4.0,2399983.355764151,0.0,95999.33423056605,2523375.6654034895,2427376.3311729236,-0.0045405860618463745,3.954859944777436,0.0,15.237989560407309,2628.5345472740273,0
2021-03-24,current_dynamic_state,302.3157653808594,-0.016865348937329938,4.0,4.0,2399983.355764151,0.0,95999.33423056605,2480802.8163169324,2384803.4820863665,-0.017538627422467146,4.02546100555758,0.0,15.237989560407309,2584.1875219245517,0
2021-03-25,current_dynamic_state,301.7923889160156,-0.0017312245168041862,4.0,4.0,2399983.355764151,0.0,95999.33423056605,2476492.7516704076,2380493.4174398417,-0.0018073039052903805,4.032749409314091,0.0,15.237989560407309,2579.6978401147035,0
2021-03-26,current_dynamic_state,306.3193054199219,0.015000101626704732,4.0,4.0,2399983.355764151,0.0,95999.33423056605,2513625.156633701,2417625.8224031352,0.01559861694691378,3.97081026108259,0.0,15.237989560407309,2618.377696866742,0
2021-03-29,current_dynamic_state,306.2320556640625,-0.00028483270337720246,4.0,4.0,2399983.355764151,0.0,95999.33423056605,2512893.9559955,2416894.621764934,-0.0003024457430199634,3.9720115790759074,0.0,15.237989560407309,2617.616024253008,0
2021-03-30,current_dynamic_state,304.6907043457031,-0.005033278815364306,4.0,4.0,2399983.355764151,0.0,95999.33423056605,2500230.622091971,2404231.287861405,-0.005239506013001827,3.992932573303241,0.0,15.237989560407309,2604.4249599555046,0
2021-03-31,current_dynamic_state,309.3533630371094,0.015302923997694284,4.0,4.0,2399983.355764151,0.0,95999.33423056605,2538476.223288992,2442476.889058426,0.015907621446454634,3.93040911300388,0.0,15.237989560407309,2644.264404159529,0
2021-04-01,current_dynamic_state,314.626708984375,0.017046350799273746,4.0,4.0,2442476.889058426,1699.741331770987,97699.07556233704,2583459.9773147968,2485760.90175246,0.017721360184791646,3.9303488719876176,1.1898189322396908,15.507789771799528,2644.303400461979,1
2021-04-05,current_dynamic_state,320.9082336425781,0.01996500767045517,4.0,4.0,2442476.889058426,0.0,97699.07556233704,2635023.267788429,2537324.192226092,0.020743463475219936,3.8504766502313563,0.0,15.507789771799528,2697.08106511934,0
2021-04-06,current_dynamic_state,320.6852111816406,-0.0006949726979766924,4.0,4.0,2442476.889058426,0.0,97699.07556233704,2633176.4907690105,2535477.4152066736,-0.0007278443271366841,3.853281239122113,0.0,15.507789771799528,2695.190794398979,0
2021-04-07,current_dynamic_state,321.4607849121094,0.002418489233136034,4.0,4.0,2442476.889058426,0.0,97699.07556233704,2639529.2919711103,2541830.2164087733,0.0025055641055993227,3.843650725829015,0.0,15.507789771799528,2701.6932113006073,0
2021-04-08,current_dynamic_state,324.81488037109375,0.010433917965768202,4.0,4.0,2442476.889058426,0.0,97699.07556233704,2667054.416282007,2569355.34071967,0.010828860296493659,3.8024742632512547,0.0,15.507789771799528,2729.8665836201176,0
2021-04-09,current_dynamic_state,326.78253173828125,0.006057762393580912,4.0,4.0,2442476.889058426,0.0,97699.07556233704,2683195.290436822,2585496.214874485,0.006282071576091841,3.7787359733992076,0.0,15.507789771799528,2746.3875937339913,0
2021-04-12,current_dynamic_state,326.3560485839844,-0.0013050977726020152,4.0,4.0,2442476.889058426,0.0,97699.07556233704,2679677.9504500446,2581978.8748877076,-0.0013604119652320668,3.7838836139426606,0.0,15.507789771799528,2742.7874163868337,0
2021-04-13,current_dynamic_state,330.1656799316406,0.011673236528588093,4.0,4.0,2442476.889058426,0.0,97699.07556233704,2710942.957196318,2613243.881633981,0.012108932048343402,3.738613003132674,0.0,15.507789771799528,2774.788749630079,0
2021-04-14,current_dynamic_state,326.2010192871094,-0.012008094376593337,4.0,4.0,2442476.889058426,0.0,97699.07556233704,2678374.1905269716,2580675.1149646346,-0.01246296486073939,3.7857952361305234,0.0,15.507789771799528,2741.4529514335386,0
2021-04-15,current_dynamic_state,331.1446533203125,0.015155176535030845,4.0,4.0,2442476.889058426,0.0,97699.07556233704,2718949.916421506,2621250.840859169,0.01572291128753367,3.72719291261397,0.0,15.507789771799528,2782.9842818591214,0
2021-04-16,current_dynamic_state,331.5324401855469,0.0011710497552841481,4.0,4.0,2442476.889058426,0.0,97699.07556233704,2722118.4342659893,2624419.3587036524,0.001208780859539793,3.722692992578598,0.0,15.507789771799528,2786.227421905479,0
2021-04-19,current_dynamic_state,328.4983825683594,-0.009151616099738025,4.0,4.0,2442476.889058426,0.0,97699.07556233704,2697191.143587795,2599492.068025458,-0.009498211707486881,3.758390985841632,0.0,15.507789771799528,2760.713065157764,0
2021-04-20,current_dynamic_state,326.1040344238281,-0.007288766921197842,4.0,4.0,2442476.889058426,0.0,97699.07556233704,2677516.4382104925,2579817.3626481555,-0.007568672980120761,3.7870539588139667,0.0,15.507789771799528,2740.5749980736505,0
2021-04-21,current_dynamic_state,328.8957824707031,0.008560912322987946,4.0,4.0,2442476.889058426,0.0,97699.07556233704,2700422.9138915995,2602723.8383292626,0.008879107495266103,3.7537242377989637,0.0,15.507789771799528,2764.0209473308587,0
2021-04-22,current_dynamic_state,324.93115234375,-0.012054365967147262,4.0,4.0,2442476.889058426,0.0,97699.07556233704,2667855.520031708,2570156.444469371,-0.012512811916610134,3.801289052756778,0.0,15.507789771799528,2730.686554274998,0
2021-04-23,current_dynamic_state,329.0218200683594,0.012589336833674247,4.0,4.0,2442476.889058426,0.0,97699.07556233704,2701426.5440071924,2603727.4684448554,0.013061860124400138,3.752277331109864,0.0,15.507789771799528,2765.048214078078,0
2021-04-26,current_dynamic_state,331.1641540527344,0.006511221608128892,4.0,4.0,2442476.889058426,0.0,97699.07556233704,2719000.623103533,2621301.547541196,0.006749584704745182,3.7271208134744986,0.0,15.507789771799528,2783.0361827412285,0
2021-04-27,current_dynamic_state,329.7294616699219,-0.004332269556517443,4.0,4.0,2442476.889058426,0.0,97699.07556233704,2707205.6716901376,2609506.5961278006,-0.004499654541637588,3.743967373269373,0.0,15.507789771799528,2770.9634467961787,0
2021-04-28,current_dynamic_state,328.6146545410156,-0.003380975188751023,4.0,4.0,2442476.889058426,0.0,97699.07556233704,2698037.168693535,2600338.093131198,-0.003513500602070674,3.757168185952799,0.0,15.507789771799528,2761.579015117752,0
2021-04-29,current_dynamic_state,329.79730224609375,0.003598889120541404,4.0,4.0,2442476.889058426,0.0,97699.07556233704,2707731.5975169907,2610032.521954654,0.003728141678600805,3.74321295771327,0.0,15.507789771799528,2771.5017587749016,0
2021-04-30,current_dynamic_state,327.6355895996094,-0.0065546704953678425,4.0,4.0,2442476.889058426,0.0,97699.07556233704,2689967.8013155987,2592268.7257532617,-0.006805967378555433,3.768863721254348,0.0,15.507789771799528,2753.3196049529256,0
2021-05-03,current_dynamic_state,325.8907470703125,-0.0053255585921822,4.0,4.0,2592268.7257532617,5991.673467793429,103690.74903013046,2681581.3539541103,2577890.60492398,-0.005546539479661328,4.022309900663463,4.194171427455401,16.458849052401664,2586.1336513008464,1
2021-05-04,current_dynamic_state,320.0261535644531,-0.017995581521048964,4.0,4.0,2592268.7257532617,0.0,103690.74903013046,2633308.279244652,2529617.5302145216,-0.018725804197141982,4.099068250105662,0.0,16.458849052401664,2539.5787993386616,0
2021-05-05,current_dynamic_state,318.9501647949219,-0.003362190113360697,4.0,4.0,2592268.7257532617,0.0,103690.74903013046,2624438.1373336925,2520747.388303562,-0.0035065150383454258,4.113492272619721,0.0,16.458849052401664,2531.0243795915517,0
2021-05-06,current_dynamic_state,321.3541259765625,0.007537105940002675,4.0,4.0,2592268.7257532617,0.0,103690.74903013046,2644202.3467587074,2540511.597728577,0.007840614857610229,4.081490874626922,0.0,16.458849052401664,2550.08510546139,0
2021-05-07,current_dynamic_state,323.96173095703125,0.008114428195202139,4.0,4.0,2592268.7257532617,0.0,103690.74903013046,2665642.0779860136,2561951.328955883,0.008439139284573738,4.047334852078918,0.0,16.458849052401664,2570.761714925438,0
2021-05-10,current_dynamic_state,315.78033447265625,-0.02525420660090294,4.0,4.0,2592268.7257532617,0.0,103690.74903013046,2598306.943375442,2494616.1943453117,-0.02628275324731233,4.156581251463539,0.0,16.458849052401664,2505.823294439146,0
2021-05-11,current_dynamic_state,315.3440246582031,-0.0013816877329670962,4.0,4.0,2592268.7257532617,0.0,103690.74903013046,2594700.4356962447,2491009.6866661143,-0.0014457164542476253,4.1625991896043875,0.0,16.458849052401664,2502.3451561163633,0
2021-05-12,current_dynamic_state,307.18206787109375,-0.02588270634256029,4.0,4.0,2592268.7257532617,0.0,103690.74903013046,2527526.1074231532,2423835.358393023,-0.026966706967324283,4.277961729994579,0.0,16.458849052401664,2437.5618182570024,0
2021-05-13,current_dynamic_state,309.5569763183594,0.007731273064618627,4.0,4.0,2592268.7257532617,0.0,103690.74903013046,2547050.643088542,2443359.8940584115,0.008055223552120072,4.243777156295241,0.0,16.458849052401664,2456.3914012699624,0
2021-05-14,current_dynamic_state,316.39105224609375,0.0220769565881338,4.0,4.0,2592268.7257532617,0.0,103690.74903013046,2603265.3107147333,2499574.561684603,0.02300711727440974,4.148335905620974,0.0,16.458849052401664,2510.6051745833915,0
2021-05-17,current_dynamic_state,314.4716491699219,-0.006066552965217631,4.0,4.0,2592268.7257532617,0.0,103690.74903013046,2587456.004975716,2483765.2559455857,-0.006324798620275018,4.174740297293301,0.0,16.458849052401664,2495.358582301159,0
2021-05-18,current_dynamic_state,312.3487243652344,-0.006750766914254913,4.0,4.0,2592268.7257532617,0.0,103690.74903013046,2569972.2337361835,2466281.484706053,-0.007039220472901064,4.204335542116312,0.0,16.458849052401664,2478.497125128685,0
2021-05-19,current_dynamic_state,312.7074279785156,0.001148407485928482,4.0,4.0,2592268.7257532617,0.0,103690.74903013046,2572907.150238982,2469216.4012088515,0.0011900168415481804,4.1993382588649055,0.0,16.458849052401664,2481.3275767651617,0
2021-05-20,current_dynamic_state,318.7562561035156,0.019343410433523722,4.0,4.0,2592268.7257532617,0.0,103690.74903013046,2622659.49040435,2518968.74137422,0.02014904005214402,4.116396814577466,0.0,16.458849052401664,2529.3090414866783,0
2021-05-21,current_dynamic_state,316.9920654296875,-0.005534607211772569,4.0,4.0,2592268.7257532617,0.0,103690.74903013046,2608127.641425682,2504436.892395552,-0.005768967569935057,4.1402819669753335,0.0,16.458849052401664,2515.2944364089917,0
2021-05-24,current_dynamic_state,322.3235168457031,0.016818879705360334,4.0,4.0,2592268.7257532617,0.0,103690.74903013046,2651976.9676339934,2548286.218603863,0.017508656872710526,4.069038566905558,0.0,16.458849052401664,2557.5829979426435,0
2021-05-25,current_dynamic_state,322.7694091796875,0.0013833689156408369,4.0,4.0,2592268.7257532617,0.0,103690.74903013046,2655629.171286961,2551938.4222568306,0.0014331999389647354,4.0632151671759615,0.0,16.458849052401664,2561.1052057452957,0
2021-05-26,current_dynamic_state,323.8939208984375,0.003483947631864881,4.0,4.0,2592268.7257532617,0.0,103690.74903013046,2664864.785400325,2561174.0363701945,0.0036190583725748127,4.048563180699951,0.0,16.458849052401664,2570.0120891459355,0
2021-05-27,current_dynamic_state,322.6820983886719,-0.003741417888931675,4.0,4.0,2592268.7257532617,0.0,103690.74903013046,2654877.9537715917,2551187.204741461,-0.003899317846782102,4.064411613440909,0.0,16.458849052401664,2560.3807269249614,0
2021-05-28,current_dynamic_state,323.7000427246094,0.003154635292818009,4.0,4.0,2592268.7257532617,0.0,103690.74903013046,2663236.6666136314,2559545.917583501,0.0032764012090154004,4.051138458497599,0.0,16.458849052401664,2568.441921313297,0
2021-06-01,current_dynamic_state,322.6240539550781,-0.0033240303599424426,4.0,4.0,2559545.917583501,-1308.9123267904215,102381.83670334004,2653062.261337403,2550680.424634063,-0.0034636975599984243,4.0139029458395745,0.9162386287532951,16.251085191006357,2591.340756100004,-1
2021-06-02,current_dynamic_state,323.2540588378906,0.0019527523601827745,4.0,4.0,2559545.917583501,0.0,102381.83670334004,2658226.783844751,2555844.947141411,0.002024762670175928,4.005792167394551,0.0,16.251085191006357,2596.3851298616432,0
2021-06-03,current_dynamic_state,319.890380859375,-0.010405679021040504,4.0,4.0,2559545.917583501,0.0,102381.83670334004,2630549.8780817385,2528168.0413783984,-0.010828867296495237,4.049645238277745,0.0,16.251085191006357,2569.352106569427,0
2021-06-04,current_dynamic_state,325.31884765625,0.016969771902148434,4.0,4.0,2559545.917583501,0.0,102381.83670334004,2675173.458404819,2572791.621701479,0.0176505594536156,3.9794064874803685,0.0,16.251085191006357,2612.937552738342,0
2021-06-07,current_dynamic_state,326.2882080078125,0.0029797239186915014,4.0,4.0,2559545.917583501,0.0,102381.83670334004,2683128.4856602857,2580746.6489569456,0.003091982727386977,3.9671401586327533,0.0,16.251085191006357,2620.7075122464107,0
2021-06-08,current_dynamic_state,326.443359375,0.00047550405861973566,4.0,4.0,2559545.917583501,0.0,102381.83670334004,2684388.0730598243,2582006.2363564842,0.0004880709232142344,3.96520485743725,0.0,16.251085191006357,2621.9377962890662,0
2021-06-09,current_dynamic_state,326.52081298828125,0.0002372650907329632,4.0,4.0,2559545.917583501,0.0,102381.83670334004,2685008.73355435,2582626.89685101,0.00024037916167141127,3.964251933880729,0.0,16.251085191006357,2622.544017582326,0
2021-06-10,current_dynamic_state,329.9233703613281,0.010420644680830815,4.0,4.0,2559545.917583501,0.0,102381.83670334004,2712972.0044464567,2610590.1677431166,0.010827452825726391,3.9217889490425164,0.0,16.251085191006357,2649.8567439335166,0
2021-06-11,current_dynamic_state,330.7860412597656,0.0026147614141207587,4.0,4.0,2559545.917583501,0.0,102381.83670334004,2720049.527876082,2617667.691172742,0.002711081776479496,3.911185405565056,0.0,16.251085191006357,2656.7696140846288,0
2021-06-14,current_dynamic_state,333.9559020996094,0.009582813191788997,4.0,4.0,2559545.917583501,0.0,102381.83670334004,2746099.003288941,2643717.166585601,0.009951406551986341,3.872647119645089,0.0,16.251085191006357,2682.2130679741495,0
2021-06-15,current_dynamic_state,331.7747802734375,-0.0065311671764415324,4.0,4.0,2559545.917583501,0.0,102381.83670334004,2728147.5205302103,2625765.6838268703,-0.006790243292899345,3.8991231142196074,0.0,16.251085191006357,2664.679213008501,0
2021-06-16,current_dynamic_state,330.5631408691406,-0.003651993690714783,4.0,4.0,2559545.917583501,0.0,102381.83670334004,2718168.0919127036,2615786.2552093635,-0.0038005785051477003,3.9139985730655793,0.0,16.251085191006357,2654.931948318942,0
2021-06-17,current_dynamic_state,334.7604064941406,0.012697318926617962,4.0,4.0,2559545.917583501,0.0,102381.83670334004,2752665.2879866846,2650283.4512833445,0.013188079112075535,3.863052333280192,0.0,16.251085191006357,2688.6265929793417,0
2021-06-18,current_dynamic_state,332.1335144042969,-0.007847081192649097,4.0,4.0,2559545.917583501,0.0,102381.83670334004,2731048.6488904753,2628666.812187135,-0.008156349874856583,3.8948198466489963,0.0,16.251085191006357,2667.512848791644,0
2021-06-21,current_dynamic_state,334.1976623535156,0.0062148138013742305,4.0,4.0,2559545.917583501,0.0,102381.83670334004,2748005.356640633,2645623.519937293,0.006450687349017548,3.8698566115622794,0.0,16.251085191006357,2684.075071443785,0
2021-06-22,current_dynamic_state,337.31298828125,0.009321806459672288,4.0,4.0,2559545.917583501,0.0,102381.83670334004,2773605.479640189,2671223.642936849,0.009676404373726966,3.8327691870373455,0.0,16.251085191006357,2709.0796267671417,0
2021-06-23,current_dynamic_state,337.47796630859375,0.000489094796451095,4.0,4.0,2559545.917583501,0.0,102381.83670334004,2774945.7845624983,2672563.9478591583,0.0005017569104905917,3.830847033065473,0.0,16.251085191006357,2710.3887504998925,0
2021-06-24,current_dynamic_state,339.5644226074219,0.006182496361615053,4.0,4.0,2559545.917583501,0.0,102381.83670334004,2792085.625694044,2689703.788990704,0.006413257630476954,3.8064353823049877,0.0,16.251085191006357,2727.129846072547,0
2021-06-25,current_dynamic_state,339.1471862792969,-0.0012287398218021606,4.0,4.0,2559545.917583501,0.0,102381.83670334004,2788638.6278146813,2686256.791111341,-0.0012815529700600514,3.8113197905023544,0.0,16.251085191006357,2723.76304001558,0
2021-06-28,current_dynamic_state,343.2718505859375,0.012161870932474228,4.0,4.0,2559545.917583501,0.0,102381.83670334004,2822537.4397982843,2720155.6030949443,0.01261934901226569,3.763822797006606,0.0,16.251085191006357,2756.8732215430196,0
2021-06-29,current_dynamic_state,344.5140686035156,0.003618758763521468,4.0,4.0,2559545.917583501,0.0,102381.83670334004,2832735.2708087307,2730353.4341053907,0.003748988108931428,3.7497649727126183,0.0,16.251085191006357,2766.833807657523,0
2021-06-30,current_dynamic_state,343.97052001953125,-0.001577725363111182,4.0,4.0,2559545.917583501,0.0,102381.83670334004,2828249.7414398054,2725867.9047364653,-0.0016428383640358923,3.7559353674270666,0.0,16.251085191006357,2762.4526307677957,0
2021-07-01,current_dynamic_state,344.1064453125,0.00039516553035134905,4.0,4.0,2725867.9047364653,6652.879486118574,109034.71618945862,2836000.910769876,2726966.1945804176,0.00040291381766666134,3.9983889938259813,4.657015640283002,17.307097807850575,2601.0072845441664,1
2021-07-02,current_dynamic_state,348.05633544921875,0.01147868687298681,4.0,4.0,2725867.9047364653,0.0,109034.71618945862,2868537.170098301,2759502.4539088425,0.011931302776355457,3.951245487570074,0.0,17.307097807850575,2630.8475597019337,0
2021-07-06,current_dynamic_state,349.560546875,0.004321747006385657,4.0,4.0,2725867.9047364653,0.0,109034.71618945862,2880916.9549280712,2771882.2387386127,0.0044862380217254305,3.933598428736876,0.0,17.307097807850575,2642.2015442514594,0
2021-07-07,current_dynamic_state,350.2981262207031,0.0021100188573823786,4.0,4.0,2725867.9047364653,0.0,109034.71618945862,2886978.436931714,2777943.7207422554,0.0021867747189725506,3.9250153044974208,0.0,17.307097807850575,2647.760766318961,0
2021-07-08,current_dynamic_state,348.1824951171875,-0.006039515901328785,4.0,4.0,2725867.9047364653,0.0,109034.71618945862,2869525.1776572634,2760490.461467805,-0.0062827980077966306,3.9498312966994567,0.0,17.307097807850575,2631.75370005199,0
2021-07-09,current_dynamic_state,350.3563537597656,0.006243446103878503,4.0,4.0,2725867.9047364653,0.0,109034.71618945862,2887423.596349881,2778388.8801604225,0.006483782118595238,3.924386430137275,0.0,17.307097807850575,2648.1690394210746,0
2021-07-12,current_dynamic_state,351.7247314453125,0.0039056739541396546,4.0,4.0,2725867.9047364653,0.0,109034.71618945862,2898683.624386905,2789648.9081974467,0.004052718507991493,3.9085461926430103,0.0,17.307097807850575,2658.4960512486277,0
2021-07-13,current_dynamic_state,351.7247314453125,0.0,4.0,4.0,2725867.9047364653,0.0,109034.71618945862,2898666.3172890972,2789631.6010996387,-6.2040415756969836e-06,3.9085704415765314,0.0,17.307097807850575,2658.4801782327545,0
2021-07-14,current_dynamic_state,352.3555603027344,0.0017935299995244236,4.0,4.0,2725867.9047364653,0.0,109034.71618945862,2903847.855189958,2794813.1390004996,0.001857427302880632,3.901324015832141,0.0,17.307097807850575,2663.2323691696824,0
2021-07-15,current_dynamic_state,349.8808288574219,-0.007023392629837533,4.0,4.0,2725867.9047364653,0.0,109034.71618945862,2883435.6844678395,2774400.968278381,-0.0073035905110344634,3.9300273261192924,0.0,17.307097807850575,2644.5115695606382,0
2021-07-16,current_dynamic_state,347.0469970703125,-0.008099420012132708,4.0,4.0,2725867.9047364653,0.0,109034.71618945862,2860064.220683555,2751029.5044940966,-0.008423967570479696,3.963415005594775,0.0,17.307097807850575,2623.0766866159493,0
2021-07-19,current_dynamic_state,344.2034606933594,-0.008193519612495037,4.0,4.0,2725867.9047364653,0.0,109034.71618945862,2836612.921300581,2727578.2051111227,-0.008524553933232593,3.9974918403858006,0.0,17.307097807850575,2601.56858332321,0
2021-07-20,current_dynamic_state,348.2018737792969,0.011616423256997965,4.0,4.0,2725867.9047364653,0.0,109034.71618945862,2869546.91051287,2760512.1943234117,0.012074443603697693,3.9498002006175703,0.0,17.307097807850575,2631.7736321033276,0
2021-07-21,current_dynamic_state,350.89013671875,0.007720414914128337,4.0,4.0,2725867.9047364653,0.0,109034.71618945862,2891683.6961797765,2782648.979990318,0.008019086353767024,3.918378385973713,0.0,17.307097807850575,2652.0761434873543,0
2021-07-22,current_dynamic_state,353.2095947265625,0.006610211473888183,4.0,4.0,2725867.9047364653,0.0,109034.71618945862,2910781.029829311,2801746.3136398527,0.006863004923316263,3.8916698367243523,0.0,17.307097807850575,2669.591054624787,0
2021-07-23,current_dynamic_state,357.3341369628906,0.011677322184639793,4.0,4.0,2725867.9047364653,0.0,109034.71618945862,2944753.8506257576,2835719.134436299,0.012125587756127265,3.84504638930446,0.0,17.307097807850575,2700.7488564549994,0
2021-07-26,current_dynamic_state,357.61566162109375,0.0007878470850726238,4.0,4.0,2725867.9047364653,0.0,109034.71618945862,2947056.5592654217,2838021.843075963,0.0008120369227335722,3.841926603048353,0.0,17.307097807850575,2702.8607605531975,0
2021-07-27,current_dynamic_state,353.67535400390625,-0.011018274757111701,4.0,4.0,2725867.9047364653,0.0,109034.71618945862,2914567.773272879,2805533.0570834205,-0.011447687082397517,3.886417089763649,0.0,17.307097807850575,2673.0640250473334,0
2021-07-28,current_dynamic_state,355.03411865234375,0.0038418414884020535,4.0,4.0,2725867.9047364653,0.0,109034.71618945862,2925747.7735671904,2816713.057377732,0.00398498255655344,3.8709912571274256,0.0,17.307097807850575,2683.317640304042,0
2021-07-29,current_dynamic_state,355.66497802734375,0.0017768978863064167,4.0,4.0,2725867.9047364653,0.0,109034.71618945862,2930929.2215040997,2821894.505314641,0.0018395370175665615,3.863883500396881,0.0,17.307097807850575,2688.0697487315138,0
2021-07-30,current_dynamic_state,353.81134033203125,-0.005211752097700195,4.0,4.0,2725867.9047364653,0.0,109034.71618945862,2915636.6378879067,2806601.9216984482,-0.005419261275498299,3.884936988979006,0.0,17.307097807850575,2674.044322563925,0
2021-08-02,current_dynamic_state,353.84039306640625,8.211363250176795e-05,4.0,4.0,2806601.9216984482,3229.3606784793083,112264.07686793793,2919085.5968234763,2806821.519955538,7.824346423768169e-05,3.999687050629292,2.260552474935516,17.81969474094253,2600.1956086605946,1
2021-08-03,current_dynamic_state,355.9851989746094,0.006061506685588025,4.0,4.0,2806601.9216984482,0.0,112264.07686793793,2936761.8339896845,2824497.7571217464,0.0062975992739602304,3.974656258263013,0.0,17.81969474094253,2615.9408387104545,0
2021-08-04,current_dynamic_state,356.4996032714844,0.0014450159679579855,4.0,4.0,2806601.9216984482,0.0,112264.07686793793,2940987.682039148,2828723.60517121,0.0014961414073735302,3.9687184941896465,0.0,17.81969474094253,2619.705041977751,0
2021-08-05,current_dynamic_state,358.7607727050781,0.0063426983167547135,4.0,4.0,2806601.9216984482,0.0,112264.07686793793,2959623.659964873,2847359.583096935,0.006588122604716862,3.9427432184674664,0.0,17.81969474094253,2636.305167722024,0
2021-08-06,current_dynamic_state,357.1885070800781,-0.004382490351843682,4.0,4.0,2806601.9216984482,0.0,112264.07686793793,2946635.3181352476,2834371.2412673095,-0.004561539015560001,3.960810610600967,0.0,17.81969474094253,2624.7357127440937,0
2021-08-09,current_dynamic_state,357.8485107421875,0.0018477740717492974,4.0,4.0,2806601.9216984482,0.0,112264.07686793793,2952062.2147802575,2839798.1379123195,0.0019146739022737336,3.953241442381851,0.0,17.81969474094253,2629.5697583234232,0
2021-08-10,current_dynamic_state,356.01434326171875,-0.005125541745764517,4.0,4.0,2806601.9216984482,0.0,112264.07686793793,2936913.476967566,2824649.400099628,-0.005334441772621212,3.9744428764850697,0.0,17.81969474094253,2616.0759157378634,0
2021-08-11,current_dynamic_state,355.4029235839844,-0.001717401810648167,4.0,4.0,2806601.9216984482,0.0,112264.07686793793,2931851.796749764,2819587.719881826,-0.0017919676040586419,3.9815777347988703,0.0,17.81969474094253,2611.5671892075093,0
2021-08-12,current_dynamic_state,356.6839599609375,0.003604462124382035,4.0,4.0,2806601.9216984482,0.0,112264.07686793793,2942401.725810709,2830137.648942771,0.003741656621127243,3.966735572380213,0.0,17.81969474094253,2620.9646112104133,0
2021-08-13,current_dynamic_state,357.9358215332031,0.003509722086753486,4.0,4.0,2806601.9216984482,0.0,112264.07686793793,2952710.918441147,2840446.841573209,0.003642647075589922,3.952338597745395,0.0,17.81969474094253,2630.1475955791047,0
2021-08-16,current_dynamic_state,358.0911865234375,0.000434058233034218,4.0,4.0,2806601.9216984482,0.0,112264.07686793793,2953974.7472303254,2841710.6703623873,0.0004449401307853318,3.9505808257960875,0.0,17.81969474094253,2631.2733597811875,0
2021-08-17,current_dynamic_state,354.93707275390625,-0.008808130130633085,4.0,4.0,2806601.9216984482,0.0,112264.07686793793,2927937.9335593753,2815673.8566914373,-0.009162373193900675,3.987112236068919,0.0,17.81969474094253,2608.0808886030936,0
2021-08-18,current_dynamic_state,351.5209655761719,-0.009624543165438593,4.0,4.0,2806601.9216984482,0.0,112264.07686793793,2899740.048837367,2787475.971969429,-0.010014613253234605,4.027445545606632,0.0,17.81969474094253,2582.9634284959043,0
2021-08-19,current_dynamic_state,353.21923828125,0.004831213132037604,4.0,4.0,2806601.9216984482,0.0,112264.07686793793,2913731.4913460645,2801467.4144781264,0.00501939483941527,4.007331168221035,0.0,17.81969474094253,2595.4264023153532,0
2021-08-20,current_dynamic_state,356.87799072265625,0.010358304545385444,4.0,4.0,2806601.9216984482,0.0,112264.07686793793,2943894.989802166,2831630.912934228,0.010767035268807623,3.9646437095718188,0.0,17.81969474094253,2622.2947463997966,0
2021-08-23,current_dynamic_state,362.21575927734375,0.014956844337413067,4.0,4.0,2806601.9216984482,0.0,112264.07686793793,2987908.549215586,2875644.472347648,0.015543536840333383,3.9039623273139408,0.0,17.81969474094253,2661.5001277126416,0
2021-08-24,current_dynamic_state,363.32208251953125,0.0030543211162172845,4.0,4.0,2806601.9216984482,0.0,112264.07686793793,2997016.76169604,2884752.684828102,0.00316736389635075,3.8916360996342245,0.0,17.81969474094253,2669.613330737656,0
2021-08-25,current_dynamic_state,363.7393493652344,0.0011484764229290345,4.0,4.0,2806601.9216984482,0.0,112264.07686793793,3000440.94509123,2888176.868223292,0.0011869937458413027,3.8870222285589793,0.0,17.81969474094253,2672.6634456904717,0
2021-08-26,current_dynamic_state,361.4295959472656,-0.006350023504466895,4.0,4.0,2806601.9216984482,0.0,112264.07686793793,2981370.2548713945,2869106.1780034564,-0.0066030202061575505,3.9128589150388247,0.0,17.81969474094253,2655.676096974935,0
2021-08-27,current_dynamic_state,364.9427795410156,0.009720243259388806,4.0,4.0,2806601.9216984482,0.0,112264.07686793793,3010332.079300309,2898068.002432371,0.010094371777160438,3.873755783981391,0.0,17.81969474094253,2681.4740416398017,0
2021-08-30,current_dynamic_state,369.0382995605469,0.01122236210477201,4.0,4.0,2806601.9216984482,0.0,112264.07686793793,3044097.296255087,2931833.219387149,0.011650940187200032,3.8291426717446386,0.0,17.81969474094253,2711.550641293757,0
2021-08-31,current_dynamic_state,368.7373352050781,-0.0008155369126379153,4.0,4.0,2806601.9216984482,0.0,112264.07686793793,3041596.9028495885,2929332.8259816505,-0.000852842988804503,3.832411116695729,0.0,17.81969474094253,2709.3233986394216,0
2021-09-01,current_dynamic_state,369.34881591796875,0.0016583097357107945,4.0,4.0,2929332.8259816505,4909.236171328099,117173.31303926602,3051536.1487085363,2934362.8356692703,0.001717117851206984,3.993143302353102,3.436465319929669,18.598938577661276,2604.2927946280174,1
2021-09-02,current_dynamic_state,369.1740417480469,-0.00047319542500090517,4.0,4.0,2929332.8259816505,0.0,117173.31303926602,3050073.5768251647,2932900.2637858987,-0.0004984291191235668,3.9951345937694542,0.0,18.598938577661276,2603.0445821763633,0
2021-09-03,current_dynamic_state,370.3096008300781,0.003075945092602783,4.0,4.0,2929332.8259816505,0.0,117173.31303926602,3059436.8367373,2942263.5236980338,0.003192491755600546,3.982420748362973,0.0,18.598938577661276,2611.035531368862,0
2021-09-07,current_dynamic_state,370.8336181640625,0.001415078984746243,4.0,4.0,2929332.8259816505,0.0,117173.31303926602,3063747.5825715475,2946574.2695322814,0.0014651120810653673,3.9765945915853425,0.0,18.598938577661276,2614.714479861855,0
2021-09-08,current_dynamic_state,369.54290771484375,-0.0034805648301490244,4.0,4.0,2929332.8259816505,0.0,117173.31303926602,3053065.411548617,2935892.098509351,-0.0036252848378487412,3.9910633329732645,0.0,18.598938577661276,2605.597923586493,0
2021-09-09,current_dynamic_state,368.2715759277344,-0.0034402819282095543,4.0,4.0,2929332.8259816505,0.0,117173.31303926602,3042543.4068490467,2925370.0938097807,-0.0035839207799607253,4.005418435336104,0.0,18.598938577661276,2596.618059121925,0
2021-09-10,current_dynamic_state,365.4765930175781,-0.0075894613998249705,4.0,4.0,2929332.8259816505,0.0,117173.31303926602,3019433.542166896,2902260.22912763,-0.007899808892916527,4.037312431989819,0.0,18.598938577661276,2576.8952535762573,0
2021-09-13,current_dynamic_state,365.2242736816406,-0.0006903843933047105,4.0,4.0,2929332.8259816505,0.0,117173.31303926602,3017330.3734341855,2900157.0603949195,-0.0007246658006758722,4.040240255929805,0.0,18.598938577661276,2575.100332294134,0
2021-09-14,current_dynamic_state,364.1858215332031,-0.002843327301248033,4.0,4.0,2929332.8259816505,0.0,117173.31303926602,3008732.5166679374,2891559.2036286714,-0.0029646176352522424,4.052253638529104,0.0,18.598938577661276,2567.7626061999968,0
2021-09-15,current_dynamic_state,366.8934326171875,0.007434696585895351,4.0,4.0,2929332.8259816505,0.0,117173.31303926602,3031082.931098903,2913909.618059637,0.007729537200178216,4.021171841194284,0.0,18.598938577661276,2586.837269065828,0
2021-09-16,current_dynamic_state,367.1458435058594,0.0006879678572366821,4.0,4.0,2929332.8259816505,0.0,117173.31303926602,3033149.61978954,2915976.306750274,0.0007092494145419792,4.0183218487755985,0.0,18.598938577661276,2588.6010569429736,0
2021-09-17,current_dynamic_state,362.79803466796875,-0.011842184556343005,4.0,4.0,2929332.8259816505,0.0,117173.31303926602,2997211.9032664127,2880038.5902271466,-0.012324419934391817,4.068463298959638,0.0,18.598938577661276,2557.9304924680373,0
2021-09-20,current_dynamic_state,355.3014221191406,-0.020663321827773973,4.0,4.0,2929332.8259816505,0.0,117173.31303926602,2935260.950184606,2818087.63714534,-0.02151045937093521,4.157901673986263,0.0,18.598938577661276,2505.059278473221,0
2021-09-21,current_dynamic_state,355.7386169433594,0.0012304899361539334,4.0,4.0,2929332.8259816505,0.0,117173.31303926602,2938854.160305216,2821680.84726595,0.001275052653880504,4.152606881561406,0.0,18.598938577661276,2508.125855688978,0
2021-09-22,current_dynamic_state,359.06134033203125,0.009340350556321209,4.0,4.0,2929332.8259816505,0.0,117173.31303926602,2966285.4894577917,2849112.1764185256,0.009721627156790369,4.11262547010552,0.0,18.598938577661276,2531.5367574046127,0
2021-09-23,current_dynamic_state,362.37445068359375,0.009227143051654618,4.0,4.0,2929332.8259816505,0.0,117173.31303926602,2993637.231062488,2876463.918023222,0.009600092910023283,4.073519306294322,0.0,18.598938577661276,2554.8797361898337,0
2021-09-24,current_dynamic_state,362.7145080566406,0.0009384143181325744,4.0,4.0,2929332.8259816505,0.0,117173.31303926602,2996427.904164834,2879254.591125568,0.0009701749028938611,4.0695711105373364,0.0,18.598938577661276,2557.261398899508,0
2021-09-27,current_dynamic_state,359.8192138671875,-0.007982294959651859,4.0,4.0,2929332.8259816505,0.0,117173.31303926602,2972490.933869881,2855317.620830615,-0.008313599765971125,4.103687526194728,0.0,18.598938577661276,2536.832711108687,0
2021-09-28,current_dynamic_state,349.6371765136719,-0.0282976477105914,4.0,4.0,2929332.8259816505,0.0,117173.31303926602,2888357.8336617267,2771184.5206224606,-0.02946540853962154,4.228275387917751,0.0,18.598938577661276,2465.030439733156,0
2021-09-29,current_dynamic_state,349.06396484375,-0.0016394471424278079,4.0,4.0,2929332.8259816505,0.0,117173.31303926602,2883603.9247264434,2766430.6116871773,-0.0017154790306838086,4.2355413703221325,0.0,18.598938577661276,2460.9732796068647,0
2021-09-30,current_dynamic_state,347.7814636230469,-0.0036741152048657133,4.0,4.0,2929332.8259816505,0.0,117173.31303926602,2872990.6327632177,2755817.3197239516,-0.0038364569559014017,4.251853422962128,0.0,18.598938577661276,2451.91550724562,0
2021-10-01,current_dynamic_state,349.9383850097656,0.006201944647218349,4.0,4.0,2755817.3197239516,-6940.620250307955,110232.69278895807,2883802.7102279356,2773570.0174389775,0.006441899318930133,3.974397332530414,4.858434175215568,17.49725282364414,2616.1047482973254,-1
2021-10-04,current_dynamic_state,342.5933532714844,-0.02098950001748534,4.0,4.0,2755817.3197239516,0.0,110232.69278895807,2823255.6359383585,2713022.9431494004,-0.021830014713486223,4.063094750720941,0.0,17.49725282364414,2561.178144621322,0
2021-10-05,current_dynamic_state,347.2180480957031,0.013499079243822765,4.0,4.0,2755817.3197239516,0.0,110232.69278895807,2861349.490240636,2751116.7974516777,0.014041110267226875,4.0068343478206785,0.0,17.49725282364414,2595.7358183372394,0
2021-10-06,current_dynamic_state,349.4429016113281,0.006407655154526237,4.0,4.0,2755817.3197239516,0.0,110232.69278895807,2879666.5337978536,2769433.8410088955,0.006658039227627421,3.980333133677628,0.0,17.49725282364414,2612.3525253175235,0
2021-10-07,current_dynamic_state,352.6491394042969,0.009175283796535538,4.0,4.0,2755817.3197239516,0.0,110232.69278895807,2906070.794232011,2795838.1014430528,0.009534172668496765,3.9427423473505927,0.0,17.49725282364414,2636.3057280980347,0
2021-10-08,current_dynamic_state,350.8905334472656,-0.00498684318357312,4.0,4.0,2755817.3197239516,0.0,110232.69278895807,2891561.17764799,2781328.484859032,-0.005189719882754185,3.963310820316323,0.0,17.49725282364414,2623.143011832181,0
2021-10-11,current_dynamic_state,348.1993103027344,-0.007669694357644197,4.0,4.0,2755817.3197239516,0.0,110232.69278895807,2869366.2899461766,2759133.5971572185,-0.007979959153561977,3.995192291614029,0.0,17.49725282364414,2603.008433659165,0
2021-10-12,current_dynamic_state,346.98486328125,-0.0034877927254608476,4.0,4.0,2755817.3197239516,0.0,110232.69278895807,2859341.037820596,2749108.3450316377,-0.00363347832664207,4.009761673750602,0.0,17.49725282364414,2593.9138067640615,0
2021-10-13,current_dynamic_state,349.763427734375,0.008007739665787161,4.0,4.0,2755817.3197239516,0.0,110232.69278895807,2882220.399214341,2771987.7064253828,0.008322466240770154,3.976666005171742,0.0,17.49725282364414,2614.6693202282463,0
2021-10-14,current_dynamic_state,356.2049560546875,0.018416814936993653,4.0,4.0,2755817.3197239516,0.0,110232.69278895807,2935284.2216614755,2825051.5288725174,0.019142877987566198,3.9019710494608963,0.0,17.49725282364414,2662.8073282044516,0
2021-10-15,current_dynamic_state,358.4492492675781,0.006300567060459672,4.0,4.0,2755817.3197239516,0.0,110232.69278895807,2953760.679488739,2843527.986699781,0.006540219758270238,3.876617121567174,0.0,17.49725282364414,2679.568651329014,0
2021-10-18,current_dynamic_state,362.0538330078125,0.010056050466278332,4.0,4.0,2755817.3197239516,0.0,110232.69278895807,2983446.3486941624,2873213.6559052044,0.01043973167989698,3.8365644184657515,0.0,17.49725282364414,2706.4986558987625,0
2021-10-19,current_dynamic_state,364.7935791015625,0.007567234051878868,4.0,4.0,2755817.3197239516,0.0,110232.69278895807,3006005.288243131,2895772.5954541727,0.007851466076183922,3.8066764276311957,0.0,17.49725282364414,2726.963491673171,0
2021-10-20,current_dynamic_state,364.3175964355469,-0.0013048000109757707,4.0,4.0,2755817.3197239516,0.0,110232.69278895807,3002065.5552572142,2891832.862468256,-0.0013605118689572482,3.8118625118213623,0.0,17.49725282364414,2723.3894766634326,0
2021-10-21,current_dynamic_state,366.5423889160156,0.006106739016275675,4.0,4.0,2755817.3197239516,0.0,110232.69278895807,3020380.888860097,2910148.196071139,0.006333468936116304,3.787872141280581,0.0,17.49725282364414,2740.0046324212144,0
2021-10-22,current_dynamic_state,363.4626159667969,-0.008402228616249952,4.0,4.0,2755817.3197239516,0.0,110232.69278895807,2994985.460870919,2884752.7680819607,-0.008726506788713895,3.8212180263284927,0.0,17.49725282364414,2716.966614074154,0
2021-10-25,current_dynamic_state,367.18365478515625,0.01023774840903946,4.0,4.0,2755817.3197239516,0.0,110232.69278895807,3025629.8712552227,2915397.1784662646,0.010622889671297209,3.7810523246424146,0.0,17.49725282364414,2744.766361688932,0
2021-10-26,current_dynamic_state,368.33990478515625,0.0031489691464521297,4.0,4.0,2755817.3197239516,0.0,110232.69278895807,3035139.9891155655,2924907.2963266075,0.003262031647209618,3.7687585150954823,0.0,17.49725282364414,2753.3936732602374,0
2021-10-27,current_dynamic_state,369.1948547363281,0.0023210896784875423,4.0,4.0,2755817.3197239516,0.0,110232.69278895807,3042167.323964243,2931934.6311752847,0.002402583787015411,3.759725459662468,0.0,17.49725282364414,2759.7686738801817,0
2021-10-28,current_dynamic_state,373.2947998046875,0.011105098068843633,4.0,4.0,2755817.3197239516,0.0,110232.69278895807,3075933.3931858735,2965700.7003969154,0.011516651450068416,3.7169189990819045,0.0,17.49725282364414,2790.4003026350706,0
2021-10-29,current_dynamic_state,375.13104248046875,0.004919014882452055,4.0,4.0,2755817.3197239516,0.0,110232.69278895807,3091046.4580715625,2980813.7652826044,0.005095950809758554,3.6980737969219337,0.0,17.49725282364414,2804.1104502358585,0
2021-11-01,current_dynamic_state,376.41357421875,0.003418889915909995,4.0,4.0,2980813.7652826044,8999.857822346108,119232.55061130418,3110619.7857413464,2991387.2351300423,0.0035471755970086782,3.9858614495331586,6.299900475642276,18.925801684333997,2608.8679389925214,1
2021-11-02,current_dynamic_state,377.9874267578125,0.004181179019191905,4.0,4.0,2980813.7652826044,0.0,119232.55061130418,3123606.918124487,3004374.367513183,0.004341508257648341,3.968631602658652,0.0,18.925801684333997,2619.760209867007,0
2021-11-03,current_dynamic_state,382.0000305175781,0.01061570696724945,4.0,4.0,2980813.7652826044,0.0,119232.55061130418,3156747.2880464857,3037514.7374351816,0.011030705853555034,3.925332415406874,0.0,18.925801684333997,2647.5549435635417,0
2021-11-04,current_dynamic_state,386.8966979980469,0.012818500233715113,4.0,4.0,2980813.7652826044,0.0,119232.55061130418,3197193.128094405,3077960.577483101,0.013315438292184512,3.8737517135064348,0.0,18.925801684333997,2681.476754210512,0
2021-11-05,current_dynamic_state,387.2658386230469,0.0009541064240405905,4.0,4.0,2980813.7652826044,0.0,119232.55061130418,3200224.664795134,3080992.11418383,0.0009849173257470145,3.869940142410571,0.0,18.925801684333997,2684.0192953917467,0
2021-11-08,current_dynamic_state,386.7412414550781,-0.0013546177215991717,4.0,4.0,2980813.7652826044,0.0,119232.55061130418,3195870.6579494197,3076638.1073381156,-0.0014131833787143222,3.8754168170420047,0.0,18.925801684333997,2680.367602273222,0
2021-11-09,current_dynamic_state,384.0791931152344,-0.0068832802258896875,4.0,4.0,2980813.7652826044,0.0,119232.55061130418,3173853.658843371,3054621.108232067,-0.007156187480593101,3.903349920878167,0.0,18.925801684333997,2661.9020079425068,0
2021-11-10,current_dynamic_state,378.43438720703125,-0.014696984396417201,4.0,4.0,2980813.7652826044,0.0,119232.55061130418,3127188.6553411544,3007956.1047298503,-0.015276854918751304,3.9639059367860243,0.0,18.925801684333997,2622.7642026511107,0
2021-11-11,current_dynamic_state,379.4836730957031,0.0027727022811430135,4.0,4.0,2980813.7652826044,0.0,119232.55061130418,3135840.492657699,3016607.942046395,0.002876317677289242,3.9525371842129293,0.0,18.925801684333997,2630.020473922829,0
2021-11-12,current_dynamic_state,383.476806640625,0.010522543729871714,4.0,4.0,2980813.7652826044,0.0,119232.55061130418,3168818.585569908,3049586.034958604,0.010932177314973535,3.909794616203464,0.0,18.925801684333997,2657.679106354267,0
2021-11-15,current_dynamic_state,383.38934326171875,-0.00022807997091778276,4.0,4.0,2980813.7652826044,0.0,119232.55061130418,3168076.9157173834,3048844.3651060793,-0.00024320345254158493,3.9107457230653258,0.0,18.925801684333997,2657.0570699651084,0
2021-11-16,current_dynamic_state,386.11956787109375,0.007121284556705021,4.0,4.0,2980813.7652826044,0.0,119232.55061130418,3190618.7671300513,3071386.216518747,0.007393572355040012,3.8820435531695496,0.0,18.925801684333997,2675.962856427862,0
2021-11-17,current_dynamic_state,386.3235168457031,0.000528201602767453,4.0,4.0,2980813.7652826044,0.0,119232.55061130418,3192285.131274985,3073052.580663681,0.0005425446451414739,3.879938513305677,0.0,18.925801684333997,2677.3604312817,0
2021-11-18,current_dynamic_state,390.326416015625,0.010361520837781635,4.0,4.0,2980813.7652826044,0.0,119232.55061130418,3225343.134381147,3106110.583769843,0.010757382842770058,3.83864474221627,0.0,18.925801684333997,2705.0860841648046,0
2021-11-19,current_dynamic_state,392.5026550292969,0.005575433597055701,4.0,4.0,2980813.7652826044,0.0,119232.55061130418,3243306.8950529248,3124074.3444416206,0.005783361598792558,3.8165721255463634,0.0,18.925801684333997,2720.152238985512,0
2021-11-22,current_dynamic_state,387.9460144042969,-0.011609196948387246,4.0,4.0,2980813.7652826044,0.0,119232.55061130418,3205635.780742509,3086403.2301312047,-0.012058328374112026,3.863155320966779,0.0,18.925801684333997,2688.55758289766,0
2021-11-23,current_dynamic_state,386.1778564453125,-0.004557742297467415,4.0,4.0,2980813.7652826044,0.0,119232.55061130418,3191006.3931526598,3071773.8425413556,-0.004739946954120833,3.8815536795072156,0.0,18.925801684333997,2676.2879572670377,0
2021-11-24,current_dynamic_state,387.4214172363281,0.0032201763261683336,4.0,4.0,2980813.7652826044,0.0,119232.55061130418,3201263.0705948574,3082030.5199835533,0.0033390080025266222,3.8686362720360226,0.0,18.925801684333997,2684.8902033731656,0
2021-11-26,current_dynamic_state,380.07635498046875,-0.01895884411413129,4.0,4.0,2980813.7652826044,0.0,119232.55061130418,3140551.8972694403,3021319.346658136,-0.019698433526784465,3.9463736510735488,0.0,18.925801684333997,2633.9719155279827,0
2021-11-29,current_dynamic_state,388.3249206542969,0.021702391021540812,4.0,4.0,2980813.7652826044,0.0,119232.55061130418,3208690.4567657392,3089457.906154435,0.02255258437730734,3.8593356580060165,0.0,18.925801684333997,2691.119530962655,0
2021-11-30,current_dynamic_state,382.621826171875,-0.014686398371787757,4.0,4.0,2980813.7652826044,0.0,119232.55061130418,3161547.42466424,3042314.8740529357,-0.015259321710642815,3.9191390617784405,0.0,18.925801684333997,2651.580804448966,0
2021-12-01,current_dynamic_state,376.11236572265625,-0.01701277868632267,4.0,4.0,3042314.8740529357,2460.0443508132594,121692.59496211744,3110157.9011634006,2988465.3062012834,-0.017700195437007737,4.072076550783321,1.7220310455692815,19.316284914621814,2555.7495114074804,1
2021-12-02,current_dynamic_state,378.8230285644531,0.007207055892960668,4.0,4.0,3042314.8740529357,0.0,121692.59496211744,3132553.666708104,3010861.0717459866,0.00749406911240702,4.041787118777565,0.0,19.316284914621814,2574.153067968728,0
2021-12-03,current_dynamic_state,372.2358093261719,-0.017388645202598862,4.0,4.0,3042314.8740529357,0.0,121692.59496211744,3078063.486134702,2956370.8911725846,-0.01809787275963659,4.116283086316363,0.0,19.316284914621814,2529.3761605567656,0
2021-12-06,current_dynamic_state,375.2185363769531,0.008013004058316175,4.0,4.0,3042314.8740529357,0.0,121692.59496211744,3102708.7050559395,2981016.1100938222,0.008336308206397858,4.0822521740175155,0.0,19.316284914621814,2549.6281889804422,0
2021-12-07,current_dynamic_state,386.51776123046875,0.030113717095693104,4.0,4.0,3042314.8740529357,0.0,121692.59496211744,3196123.4809454237,3074430.8859833064,0.03133655520115397,3.958215340501826,0.0,19.316284914621814,2626.3910979467305,0
2021-12-08,current_dynamic_state,388.2471923828125,0.004474389862028971,4.0,4.0,3042314.8740529357,0.0,121692.59496211744,3210404.8671614444,3088712.272199327,0.0046452129664489306,3.939913602747654,0.0,19.316284914621814,2638.126722633234,0
2021-12-09,current_dynamic_state,382.5343322753906,-0.014714491745220326,4.0,4.0,3042314.8740529357,0.0,121692.59496211744,3163146.0749598676,3041453.4799977504,-0.015300483838180834,4.001132871583735,0.0,19.316284914621814,2599.292155734329,0
2021-12-10,current_dynamic_state,386.6926574707031,0.010870462712661455,4.0,4.0,3042314.8740529357,0.0,121692.59496211744,3197511.6201375057,3075819.0251753884,0.01129905336499304,3.9564289695222987,0.0,19.316284914621814,2627.5317911766792,0
2021-12-13,current_dynamic_state,381.106201171875,-0.01444676073077844,4.0,4.0,3042314.8740529357,0.0,121692.59496211744,3151298.618542581,3029606.0235804636,-0.015024616603471874,4.016779542123372,0.0,19.316284914621814,2589.556595061163,0
2021-12-14,current_dynamic_state,377.1616516113281,-0.010350263386997294,4.0,4.0,3042314.8740529357,0.0,121692.59496211744,3118662.53154467,2996969.9365825527,-0.010772386489825037,4.060521044161144,0.0,19.316284914621814,2562.7381292308714,0
2021-12-15,current_dynamic_state,385.75994873046875,0.022797379008195895,4.0,4.0,3042314.8740529357,0.0,121692.59496211744,3189740.546990039,3068047.9520279216,0.023716626108842176,3.9664502271446223,0.0,19.316284914621814,2621.1459686458293,0
2021-12-16,current_dynamic_state,375.8403015136719,-0.025714559661888958,4.0,4.0,3042314.8740529357,0.0,121692.59496211744,3107698.4571036026,2986005.8621414853,-0.026740810824748662,4.075430544360777,0.0,19.316284914621814,2553.728481236694,0
2021-12-17,current_dynamic_state,373.9651794433594,-0.004989145822735241,4.0,4.0,3042314.8740529357,0.0,121692.59496211744,3092174.380043109,2970481.7850809917,-0.005198943932869682,4.096729209830836,0.0,19.316284914621814,2540.971684436259,0
2021-12-20,current_dynamic_state,370.3376159667969,-0.009700270709594006,4.0,4.0,3042314.8740529357,0.0,121692.59496211744,3062160.135190505,2940467.540228388,-0.010104167277964149,4.138545768563917,0.0,19.316284914621814,2516.3076982159405,0
2021-12-21,current_dynamic_state,378.6258850097656,0.022380305660637534,4.0,4.0,3042314.8740529357,0.0,121692.59496211744,3130672.898712973,3008980.303750856,0.02329995573328003,4.044313444339302,0.0,19.316284914621814,2572.607560622356,0
2021-12-22,current_dynamic_state,383.237060546875,0.012178711809390563,4.0,4.0,3042314.8740529357,0.0,121692.59496211744,3168781.1454309532,3047088.550468836,0.012664837543295393,3.9937334588912217,0.0,19.316284914621814,2603.9227336859617,0
2021-12-23,current_dynamic_state,386.1261901855469,0.0075387532577071426,4.0,4.0,3042314.8740529357,0.0,121692.59496211744,3192650.488329117,3070957.893367,0.007833491709484885,3.962691745952062,0.0,19.316284914621814,2623.5371916614813,0
2021-12-27,current_dynamic_state,392.5078430175781,0.016527376267754912,4.0,4.0,3042314.8740529357,0.0,121692.59496211744,3245397.3079562495,3123704.712994132,0.0171760152560414,3.8957778069064886,0.0,19.316284914621814,2666.881504964647,0
2021-12-28,current_dynamic_state,390.6886901855469,-0.004634691674045843,4.0,4.0,3042314.8740529357,0.0,121692.59496211744,3230336.575789179,3108643.980827062,-0.00482143273799851,3.9146520384023145,0.0,19.316284914621814,2654.5054584420473,0
2021-12-29,current_dynamic_state,390.6303405761719,-0.0001493506488434715,4.0,4.0,3042314.8740529357,0.0,121692.59496211744,3229834.806640688,3108142.2116785706,-0.00016141094045696303,3.915284008076214,0.0,19.316284914621814,2654.0931333135973,0
2021-12-30,current_dynamic_state,389.46295166015625,-0.002988474766946525,4.0,4.0,3042314.8740529357,0.0,121692.59496211744,3220163.210534722,3098470.615572605,-0.003111696778102857,3.927505213394717,0.0,19.316284914621814,2646.145569939691,0
2021-12-31,current_dynamic_state,387.0309753417969,-0.006244435595202713,4.0,4.0,3042314.8740529357,0.0,121692.59496211744,3200035.792475582,3078343.197513465,-0.006495920264010802,3.953184786557092,0.0,19.316284914621814,2629.6060113367985,0
2022-01-03,current_dynamic_state,390.75677490234375,0.00962661853423108,4.0,4.0,3078343.197513465,1441.1329384211567,123133.7279005386,3232275.7589806095,3109142.031080071,0.010005003208051644,3.960376421200794,1.0087930568948098,19.545036174688665,2625.0125080201287,1
2022-01-04,current_dynamic_state,385.6884460449219,-0.01297054634225736,4.0,4.0,3078343.197513465,0.0,123133.7279005386,3190331.8314216216,3067198.103521083,-0.013490515113076751,4.01453456035929,0.0,19.545036174688665,2590.9487886199754,0
2022-01-05,current_dynamic_state,373.8396911621094,-0.030721052197224652,4.0,4.0,3078343.197513465,0.0,123133.7279005386,3092301.9356658757,2969168.207765337,-0.03196073173206826,4.147078214649611,0.0,19.545036174688665,2511.336242628572,0
2022-01-06,current_dynamic_state,373.5770263671875,-0.0007026134493781644,4.0,4.0,3078343.197513465,0.0,123133.7279005386,3090109.697700164,2966975.969799625,-0.0007383340425033413,4.150142406069249,0.0,19.545036174688665,2509.5558709927172,0
2022-01-07,current_dynamic_state,369.5301208496094,-0.010832854356521482,0.0,4.0,3078343.197513465,0.0,123133.7279005386,3056615.4443631284,2933481.71646259,-0.011289020766587998,4.1975283912463714,0.0,19.545036174688665,2482.3543447268266,0
2022-01-10,current_dynamic_state,369.7733459472656,0.000658201006989767,0.0,0.0,3078343.197513465,-123133.7279005386,0.0,2935326.2867401005,2935326.2867401005,0.0006287989685291873,0.0,86.19360953037702,0.0,inf,-1
2022-01-11,current_dynamic_state,375.328125,0.015022118585925837,0.0,0.0,3078343.197513465,0.0,0.0,2979421.1063078954,2979421.1063078954,0.015022118585925837,0.0,0.0,0.0,inf,0
2022-01-12,current_dynamic_state,376.8164978027344,0.003965524306856594,0.0,0.0,3078343.197513465,0.0,0.0,2991236.073125321,2991236.073125321,0.003965524306856594,0.0,0.0,0.0,inf,0
2022-01-13,current_dynamic_state,367.3899841308594,-0.02501619150658796,0.0,0.0,3078343.197513465,0.0,0.0,2916406.738678604,2916406.738678604,-0.02501619150658796,0.0,0.0,0.0,inf,0
2022-01-14,current_dynamic_state,369.6761474609375,0.006222715449052174,0.0,0.0,3078343.197513465,0.0,0.0,2934554.707947099,2934554.707947099,0.006222715449052174,0.0,0.0,0.0,inf,0
2022-01-18,current_dynamic_state,360.47332763671875,-0.02489427540139355,0.0,0.0,3078343.197513465,0.0,0.0,2861501.094867008,2861501.094867008,-0.024894275401393662,0.0,0.0,0.0,inf,0
2022-01-19,current_dynamic_state,356.5139465332031,-0.010983839302268317,0.0,0.0,3078343.197513465,0.0,0.0,2830070.826677724,2830070.826677724,-0.010983839302268317,0.0,0.0,0.0,inf,0
2022-01-20,current_dynamic_state,351.8834228515625,-0.012988338118798848,0.0,0.0,3078343.197513465,0.0,0.0,2793312.909880685,2793312.909880685,-0.012988338118798737,0.0,0.0,0.0,inf,0
2022-01-21,current_dynamic_state,342.12628173828125,-0.027728334100572738,0.0,0.0,3078343.197513465,0.0,0.0,2715858.9962680703,2715858.9962680703,-0.02772833410057285,0.0,0.0,0.0,inf,0
2022-01-24,current_dynamic_state,343.6924743652344,0.0045778202685733405,0.0,0.0,3078343.197513465,0.0,0.0,2728291.7106277733,2728291.7106277733,0.0045778202685733405,0.0,0.0,0.0,inf,0
2022-01-25,current_dynamic_state,335.72515869140625,-0.023181524962229583,0.0,0.0,3078343.197513465,0.0,0.0,2665045.7482336117,2665045.7482336117,-0.02318152496222947,0.0,0.0,0.0,inf,0
2022-01-26,current_dynamic_state,335.1998291015625,-0.0015647608653798217,0.0,0.0,3078343.197513465,0.0,0.0,2660875.588942329,2660875.588942329,-0.0015647608653798217,0.0,0.0,0.0,inf,0
2022-01-27,current_dynamic_state,331.8241882324219,-0.010070532786930042,0.0,0.0,3078343.197513465,0.0,0.0,2634079.1540819434,2634079.1540819434,-0.010070532786930042,0.0,0.0,0.0,inf,0
2022-01-28,current_dynamic_state,342.2333068847656,0.0313693787899898,0.0,0.0,3078343.197513465,0.0,0.0,2716708.5808291556,2716708.5808291556,0.0313693787899898,0.0,0.0,0.0,inf,0
2022-01-31,current_dynamic_state,353.17730712890625,0.031978185711262874,0.0,0.0,3078343.197513465,0.0,0.0,2803583.992350292,2803583.992350292,0.031978185711262874,0.0,0.0,0.0,inf,0
2022-02-01,current_dynamic_state,355.58013916015625,0.006803472314751424,0.0,0.0,2803583.992350292,0.0,0.0,2822658.0984243276,2822658.0984243276,0.006803472314751424,0.0,0.0,0.0,inf,0
2022-02-02,current_dynamic_state,358.4693603515625,0.00812537280127712,0.0,0.0,2803583.992350292,0.0,0.0,2845593.2477645692,2845593.2477645692,0.00812537280127712,0.0,0.0,0.0,inf,0
2022-02-03,current_dynamic_state,343.93560791015625,-0.040543918250509736,0.0,0.0,2803583.992350292,0.0,0.0,2730221.747753,2730221.747753,-0.04054391825050985,0.0,0.0,0.0,inf,0
2022-02-04,current_dynamic_state,348.2744140625,0.012615169969482087,0.0,0.0,2803583.992350292,0.0,0.0,2764663.9591552806,2764663.9591552806,0.012615169969482087,0.0,0.0,0.0,inf,0
2022-02-07,current_dynamic_state,345.47265625,-0.008044684591723139,0.0,0.0,2803583.992350292,0.0,0.0,2742423.109601772,2742423.109601772,-0.008044684591723139,0.0,0.0,0.0,inf,0
2022-02-08,current_dynamic_state,349.3541259765625,0.011235244400221722,0.0,0.0,2803583.992350292,0.0,0.0,2773234.903486964,2773234.903486964,0.011235244400221722,0.0,0.0,0.0,inf,0
2022-02-09,current_dynamic_state,356.7572326660156,0.021190838003584345,0.0,0.0,2803583.992350292,0.0,0.0,2832002.075072642,2832002.075072642,0.021190838003584345,0.0,0.0,0.0,inf,0
2022-02-10,current_dynamic_state,348.682861328125,-0.02263267734630514,0.0,0.0,2803583.992350292,0.0,0.0,2767906.2858634563,2767906.2858634563,-0.02263267734630514,0.0,0.0,0.0,inf,0
2022-02-11,current_dynamic_state,337.6221008300781,-0.031721549077338373,0.0,0.0,2803583.992350292,0.0,0.0,2680104.0107749654,2680104.0107749654,-0.031721549077338373,0.0,0.0,0.0,inf,0
2022-02-14,current_dynamic_state,338.0404357910156,0.0012390627269629473,0.0,0.0,2803583.992350292,0.0,0.0,2683424.8277591006,2683424.8277591006,0.0012390627269629473,0.0,0.0,0.0,inf,0
2022-02-15,current_dynamic_state,346.4454345703125,0.024863885764521587,0.0,0.0,2803583.992350292,0.0,0.0,2750145.196134184,2750145.196134184,0.024863885764521587,0.0,0.0,0.0,inf,0
2022-02-16,current_dynamic_state,346.3580017089844,-0.00025237123253352145,0.0,0.0,2803583.992350292,0.0,0.0,2749451.1386013897,2749451.1386013897,-0.00025237123253341043,0.0,0.0,0.0,inf,0
2022-02-17,current_dynamic_state,336.055908203125,-0.029744060928366678,0.0,0.0,2803583.992350292,0.0,0.0,2667671.296415263,2667671.296415263,-0.029744060928366678,0.0,0.0,0.0,inf,0
2022-02-18,current_dynamic_state,332.2230224609375,-0.011405500241557287,0.0,0.0,2803583.992350292,0.0,0.0,2637245.170799603,2637245.170799603,-0.011405500241557287,0.0,0.0,0.0,inf,0
2022-02-22,current_dynamic_state,328.88629150390625,-0.010043647584428217,0.0,0.0,2803583.992350292,0.0,0.0,2610757.6097103567,2610757.6097103567,-0.010043647584428217,0.0,0.0,0.0,inf,0
2022-02-23,current_dynamic_state,320.4617614746094,-0.025615327384956754,0.0,0.0,2803583.992350292,0.0,0.0,2543882.1988148587,2543882.1988148587,-0.025615327384956754,0.0,0.0,0.0,inf,0
2022-02-24,current_dynamic_state,331.2308044433594,0.03360476744306751,0.0,0.0,2803583.992350292,0.0,0.0,2629368.768508591,2629368.768508591,0.03360476744306751,0.0,0.0,0.0,inf,0
2022-02-25,current_dynamic_state,336.3672180175781,0.015507052802201216,0.0,0.0,2803583.992350292,0.0,0.0,2670142.5288383127,2670142.5288383127,0.015507052802201216,0.0,0.0,0.0,inf,0
2022-02-28,current_dynamic_state,337.36920166015625,0.0029788385695950215,0.0,0.0,2803583.992350292,0.0,0.0,2678096.4523895322,2678096.4523895322,0.0029788385695950215,0.0,0.0,0.0,inf,0
2022-03-01,current_dynamic_state,332.20361328125,-0.015311380984058265,0.0,0.0,2678096.4523895322,0.0,0.0,2637091.097294941,2637091.097294941,-0.015311380984058376,0.0,0.0,0.0,inf,0
2022-03-02,current_dynamic_state,337.77777099609375,0.01677934101855949,0.0,0.0,2678096.4523895322,0.0,0.0,2681339.74811346,2681339.74811346,0.01677934101855949,0.0,0.0,0.0,inf,0
2022-03-03,current_dynamic_state,332.9526672363281,-0.014284846944002783,0.0,0.0,2678096.4523895322,0.0,0.0,2643037.2202067883,2643037.2202067883,-0.014284846944002783,0.0,0.0,0.0,inf,0
2022-03-04,current_dynamic_state,328.1274719238281,-0.01449213593196752,0.0,0.0,2678096.4523895322,0.0,0.0,2604733.965538302,2604733.965538302,-0.01449213593196752,0.0,0.0,0.0,inf,0
2022-03-07,current_dynamic_state,316.0257568359375,-0.036881139567307986,0.0,0.0,2678096.4523895322,0.0,0.0,2508668.408619576,2508668.408619576,-0.036881139567307986,0.0,0.0,0.0,inf,0
2022-03-08,current_dynamic_state,314.556884765625,-0.004647950486754371,0.0,0.0,2678096.4523895322,0.0,0.0,2497008.2420686274,2497008.2420686274,-0.004647950486754371,0.0,0.0,0.0,inf,0
2022-03-09,current_dynamic_state,325.8802490234375,0.03599782680404373,0.0,0.0,2678096.4523895322,0.0,0.0,2586895.1122948835,2586895.1122948835,0.03599782680404373,0.0,0.0,0.0,inf,0
2022-03-10,current_dynamic_state,322.2615661621094,-0.011104333178129644,0.0,0.0,2678096.4523895322,0.0,0.0,2558169.367071086,2558169.367071086,-0.011104333178129644,0.0,0.0,0.0,inf,0
2022-03-11,current_dynamic_state,315.5782775878906,-0.020738708167441833,0.0,0.0,2678096.4523895322,0.0,0.0,2505116.2391245095,2505116.2391245095,-0.020738708167441833,0.0,0.0,0.0,inf,0
2022-03-14,current_dynamic_state,309.5177917480469,-0.01920438214622,0.0,0.0,2678096.4523895322,0.0,0.0,2457007.029547661,2457007.029547661,-0.01920438214622,0.0,0.0,0.0,inf,0
2022-03-15,current_dynamic_state,319.226318359375,0.03136661888319181,0.0,0.0,2678096.4523895322,0.0,0.0,2534075.032636806,2534075.032636806,0.03136661888319181,0.0,0.0,0.0,inf,0
2022-03-16,current_dynamic_state,331.06536865234375,0.03708669872150305,0.0,0.0,2678096.4523895322,0.0,0.0,2628055.50990989,2628055.50990989,0.03708669872150305,0.0,0.0,0.0,inf,0
2022-03-17,current_dynamic_state,335.0733947753906,0.012106449367876193,0.0,0.0,2678096.4523895322,0.0,0.0,2659871.9308765824,2659871.9308765824,0.012106449367876193,0.0,0.0,0.0,inf,0
2022-03-18,current_dynamic_state,341.9316101074219,0.020467800305746575,0.0,0.0,2678096.4523895322,0.0,0.0,2714313.658396625,2714313.658396625,0.020467800305746575,0.0,0.0,0.0,inf,0
2022-03-21,current_dynamic_state,340.98101806640625,-0.0027800648226614655,0.0,0.0,2678096.4523895322,0.0,0.0,2706767.690477247,2706767.690477247,-0.0027800648226614655,0.0,0.0,0.0,inf,0
2022-03-22,current_dynamic_state,347.68218994140625,0.019652624398273533,0.0,0.0,2678096.4523895322,0.0,0.0,2759962.7792315786,2759962.7792315786,0.019652624398273533,0.0,0.0,0.0,inf,0
2022-03-23,current_dynamic_state,342.6854553222656,-0.01437155759972264,0.0,0.0,2678096.4523895322,0.0,0.0,2720297.8151767612,2720297.8151767612,-0.01437155759972264,0.0,0.0,0.0,inf,0
2022-03-24,current_dynamic_state,350.30224609375,0.022226769923227252,0.0,0.0,2678096.4523895322,0.0,0.0,2780761.2488373527,2780761.2488373527,0.022226769923227252,0.0,0.0,0.0,inf,0
2022-03-25,current_dynamic_state,350.01007080078125,-0.0008340662848349556,0.0,0.0,2678096.4523895322,0.0,0.0,2778441.909633522,2778441.909633522,-0.0008340662848349556,0.0,0.0,0.0,inf,0
2022-03-28,current_dynamic_state,355.42559814453125,0.01547249006681417,0.0,0.0,2678096.4523895322,0.0,0.0,2821431.324481547,2821431.324481547,0.01547249006681417,0.0,0.0,0.0,inf,0
2022-03-29,current_dynamic_state,361.5423889160156,0.017209764303461883,0.0,0.0,2678096.4523895322,0.0,0.0,2869987.4925742787,2869987.4925742787,0.017209764303461883,0.0,0.0,0.0,inf,0
2022-03-30,current_dynamic_state,357.54888916015625,-0.011045730399228626,0.0,0.0,2678096.4523895322,0.0,0.0,2838286.3844821453,2838286.3844821453,-0.011045730399228515,0.0,0.0,0.0,inf,0
2022-03-31,current_dynamic_state,353.1171875,-0.012394673272698054,0.0,0.0,2678096.4523895322,0.0,0.0,2803106.7520921417,2803106.7520921417,-0.012394673272698054,0.0,0.0,0.0,inf,0
2022-04-01,current_dynamic_state,352.4450988769531,-0.0019033019259275807,0.0,0.0,2803106.7520921417,0.0,0.0,2797771.593612304,2797771.593612304,-0.0019033019259275807,0.0,0.0,0.0,inf,0
2022-04-04,current_dynamic_state,359.7014465332031,0.020588590050966582,0.0,0.0,2803106.7520921417,0.0,0.0,2855373.766009427,2855373.766009427,0.020588590050966582,0.0,0.0,0.0,inf,0
2022-04-05,current_dynamic_state,351.7146301269531,-0.02220401525550375,0.0,0.0,2803106.7520921417,0.0,0.0,2791973.0033487887,2791973.0033487887,-0.02220401525550375,0.0,0.0,0.0,inf,0
2022-04-06,current_dynamic_state,344.078369140625,-0.021711525004153964,0.0,0.0,2803106.7520921417,0.0,0.0,2731355.0116756586,2731355.0116756586,-0.021711525004153964,0.0,0.0,0.0,inf,0
2022-04-07,current_dynamic_state,344.8965148925781,0.002377788972891759,0.0,0.0,2803106.7520921417,0.0,0.0,2737849.5975034735,2737849.5975034735,0.002377788972891759,0.0,0.0,0.0,inf,0
2022-04-08,current_dynamic_state,340.07513427734375,-0.013979209435433293,0.0,0.0,2803106.7520921417,0.0,0.0,2699576.624577256,2699576.624577256,-0.013979209435433182,0.0,0.0,0.0,inf,0
2022-04-11,current_dynamic_state,332.0299987792969,-0.023656935444994254,0.0,0.0,2803106.7520921417,0.0,0.0,2635712.9146408164,2635712.9146408164,-0.023656935444994254,0.0,0.0,0.0,inf,0
2022-04-12,current_dynamic_state,330.6273193359375,-0.0042245563609201175,0.0,0.0,2803106.7520921417,0.0,0.0,2624578.196881711,2624578.196881711,-0.004224556360920229,0.0,0.0,0.0,inf,0
2022-04-13,current_dynamic_state,337.3480529785156,0.020327218138164405,0.0,0.0,2803106.7520921417,0.0,0.0,2677928.570410396,2677928.570410396,0.020327218138164405,0.0,0.0,0.0,inf,0
2022-04-14,current_dynamic_state,329.63385009765625,-0.022867192541202175,0.0,0.0,2803106.7520921417,0.0,0.0,2616691.862179235,2616691.862179235,-0.022867192541202175,0.0,0.0,0.0,inf,0
2022-04-18,current_dynamic_state,329.88702392578125,0.0007680455998375635,0.0,0.0,2803106.7520921417,0.0,0.0,2618701.6008501127,2618701.6008501127,0.0007680455998375635,0.0,0.0,0.0,inf,0
2022-04-19,current_dynamic_state,337.26031494140625,0.0223509579973169,0.0,0.0,2803106.7520921417,0.0,0.0,2677232.0903382204,2677232.0903382204,0.0223509579973169,0.0,0.0,0.0,inf,0
2022-04-20,current_dynamic_state,332.3416442871094,-0.014584196350381218,0.0,0.0,2803106.7520921417,0.0,0.0,2638186.8118571863,2638186.8118571863,-0.014584196350381218,0.0,0.0,0.0,inf,0
2022-04-21,current_dynamic_state,325.4650573730469,-0.020691318804819447,0.0,0.0,2803106.7520921417,0.0,0.0,2583599.247466379,2583599.247466379,-0.02069131880481956,0.0,0.0,0.0,inf,0
2022-04-22,current_dynamic_state,316.9425048828125,-0.026185768017688793,0.0,0.0,2803106.7520921417,0.0,0.0,2515945.716921549,2515945.716921549,-0.026185768017688793,0.0,0.0,0.0,inf,0
2022-04-25,current_dynamic_state,321.0137939453125,0.012845512986670249,0.0,0.0,2803106.7520921417,0.0,0.0,2548264.330302022,2548264.330302022,0.012845512986670249,0.0,0.0,0.0,inf,0
2022-04-26,current_dynamic_state,308.8970947265625,-0.03774510456337021,0.0,0.0,2803106.7520921417,0.0,0.0,2452079.8266996657,2452079.8266996657,-0.0377451045633701,0.0,0.0,0.0,inf,0
2022-04-27,current_dynamic_state,308.52703857421875,-0.0011979916893402054,0.0,0.0,2803106.7520921417,0.0,0.0,2449142.2554456806,2449142.2554456806,-0.0011979916893403164,0.0,0.0,0.0,inf,0
2022-04-28,current_dynamic_state,319.4846496582031,0.03551588585111465,0.0,0.0,2803106.7520921417,0.0,0.0,2536125.712223231,2536125.712223231,0.03551588585111465,0.0,0.0,0.0,inf,0
2022-04-29,current_dynamic_state,305.1082763671875,-0.04499863547871863,0.0,0.0,2803106.7520921417,0.0,0.0,2422003.515770692,2422003.515770692,-0.04499863547871863,0.0,0.0,0.0,inf,0
2022-05-02,current_dynamic_state,310.202392578125,0.016696093175810445,0.0,0.0,2422003.515770692,0.0,0.0,2462441.51214214,2462441.51214214,0.016696093175810445,0.0,0.0,0.0,inf,0
2022-05-03,current_dynamic_state,310.53350830078125,0.0010674183390537717,0.0,0.0,2422003.515770692,0.0,0.0,2465069.967371048,2465069.967371048,0.0010674183390537717,0.0,0.0,0.0,inf,0
2022-05-04,current_dynamic_state,321.0332946777344,0.033812088216847336,0.0,0.0,2422003.515770692,0.0,0.0,2548419.1305684987,2548419.1305684987,0.033812088216847336,0.0,0.0,0.0,inf,0
2022-05-05,current_dynamic_state,304.8647766113281,-0.05036399131945746,0.0,0.0,2422003.515770692,0.0,0.0,2420070.5715982076,2420070.5715982076,-0.05036399131945746,0.0,0.0,0.0,inf,0
2022-05-06,current_dynamic_state,301.2122802734375,-0.011980709541093315,0.0,0.0,2422003.515770692,0.0,0.0,2391076.4090109416,2391076.4090109416,-0.011980709541093426,0.0,0.0,0.0,inf,0
2022-05-09,current_dynamic_state,289.42669677734375,-0.0391271680072105,0.0,0.0,2422003.515770692,0.0,0.0,2297520.360637493,2297520.360637493,-0.0391271680072105,0.0,0.0,0.0,inf,0
2022-05-10,current_dynamic_state,292.9429016113281,0.01214886143239724,0.0,0.0,2422003.515770692,0.0,0.0,2325432.6171369893,2325432.6171369893,0.01214886143239724,0.0,0.0,0.0,inf,0
2022-05-11,current_dynamic_state,284.2547607421875,-0.02965813754609392,0.0,0.0,2422003.515770692,0.0,0.0,2256464.6167237675,2256464.6167237675,-0.02965813754609381,0.0,0.0,0.0,inf,0
2022-05-12,current_dynamic_state,283.5826721191406,-0.0023643882737163224,0.0,0.0,2422003.515770692,0.0,0.0,2251129.45824393,2251129.45824393,-0.0023643882737164335,0.0,0.0,0.0,inf,0
2022-05-13,current_dynamic_state,294.0922546386719,0.03706003064642793,0.0,0.0,2422003.515770692,0.0,0.0,2334556.3849555263,2334556.3849555263,0.03706003064642793,0.0,0.0,0.0,inf,0
2022-05-16,current_dynamic_state,290.68316650390625,-0.011591900435984348,0.0,0.0,2422003.515770692,0.0,0.0,2307494.4397789305,2307494.4397789305,-0.011591900435984237,0.0,0.0,0.0,inf,0
2022-05-17,current_dynamic_state,298.2123107910156,0.02590154902213171,0.0,0.0,2422003.515770692,0.0,0.0,2367262.120129161,2367262.120129161,0.02590154902213171,0.0,0.0,0.0,inf,0
2022-05-18,current_dynamic_state,283.5729675292969,-0.0490903384333381,0.0,0.0,2422003.515770692,0.0,0.0,2251052.421491599,2251052.421491599,-0.0490903384333381,0.0,0.0,0.0,inf,0
2022-05-19,current_dynamic_state,282.0534973144531,-0.005358304171524275,0.0,0.0,2422003.515770692,0.0,0.0,2238990.597911201,2238990.597911201,-0.005358304171524275,0.0,0.0,0.0,inf,0
2022-05-20,current_dynamic_state,281.1768493652344,-0.0031080910450168586,0.0,0.0,2422003.515770692,0.0,0.0,2232031.611283956,2232031.611283956,-0.0031080910450168586,0.0,0.0,0.0,inf,0
2022-05-23,current_dynamic_state,285.85211181640625,0.016627480042280984,0.0,0.0,2422003.515770692,0.0,0.0,2269144.6723543205,2269144.6723543205,0.016627480042280984,0.0,0.0,0.0,inf,0
2022-05-24,current_dynamic_state,279.7742614746094,-0.02126221948536966,0.0,0.0,2422003.515770692,0.0,0.0,2220897.620286666,2220897.620286666,-0.02126221948536966,0.0,0.0,0.0,inf,0
2022-05-25,current_dynamic_state,283.6898498535156,0.01399552753090405,0.0,0.0,2422003.515770692,0.0,0.0,2251980.254074707,2251980.254074707,0.01399552753090405,0.0,0.0,0.0,inf,0
2022-05-26,current_dynamic_state,291.550048828125,0.02770701517402907,0.0,0.0,2422003.515770692,0.0,0.0,2314375.905145969,2314375.905145969,0.02770701517402907,0.0,0.0,0.0,inf,0
2022-05-27,current_dynamic_state,301.0661315917969,0.03263961985916808,0.0,0.0,2422003.515770692,0.0,0.0,2389916.254901151,2389916.254901151,0.03263961985916808,0.0,0.0,0.0,inf,0
2022-05-31,current_dynamic_state,300.2674865722656,-0.0026527228928363566,0.0,0.0,2422003.515770692,0.0,0.0,2383576.469339813,2383576.469339813,-0.0026527228928363566,0.0,0.0,0.0,inf,0
2022-06-01,current_dynamic_state,298.04669189453125,-0.007396054441611621,0.0,0.0,2383576.469339813,0.0,0.0,2365947.4080068315,2365947.4080068315,-0.007396054441611621,0.0,0.0,0.0,inf,0
2022-06-02,current_dynamic_state,306.20892333984375,0.02738574749288225,0.0,0.0,2383576.469339813,0.0,0.0,2430740.6463039457,2430740.6463039457,0.02738574749288225,0.0,0.0,0.0,inf,0
2022-06-03,current_dynamic_state,298.2415466308594,-0.026019413876263275,0.0,0.0,2383576.469339813,0.0,0.0,2367494.1994019076,2367494.1994019076,-0.026019413876263275,0.0,0.0,0.0,inf,0
2022-06-06,current_dynamic_state,299.2349548339844,0.0033308846951312088,0.0,0.0,2383576.469339813,0.0,0.0,2375380.0495965076,2375380.0495965076,0.0033308846951312088,0.0,0.0,0.0,inf,0
2022-06-07,current_dynamic_state,301.81610107421875,0.008625817935161928,0.0,0.0,2383576.469339813,0.0,0.0,2395869.6454311428,2395869.6454311428,0.008625817935161928,0.0,0.0,0.0,inf,0
2022-06-08,current_dynamic_state,299.6440734863281,-0.007196526560909078,0.0,0.0,2383576.469339813,0.0,0.0,2378627.705891322,2378627.705891322,-0.007196526560908967,0.0,0.0,0.0,inf,0
2022-06-09,current_dynamic_state,291.6182556152344,-0.026784503954021766,0.0,0.0,2383576.469339813,0.0,0.0,2314917.34269773,2314917.34269773,-0.026784503954021877,0.0,0.0,0.0,inf,0
2022-06-10,current_dynamic_state,281.33270263671875,-0.03527060731097209,0.0,0.0,2383576.469339813,0.0,0.0,2233268.802146079,2233268.802146079,-0.0352706073109722,0.0,0.0,0.0,inf,0
2022-06-13,current_dynamic_state,268.2517395019531,-0.04649641869632515,0.0,0.0,2383576.469339813,0.0,0.0,2129429.8008600543,2129429.8008600543,-0.04649641869632515,0.0,0.0,0.0,inf,0
2022-06-14,current_dynamic_state,268.7387390136719,0.0018154570502428857,0.0,0.0,2383576.469339813,0.0,0.0,2133295.689205023,2133295.689205023,0.0018154570502428857,0.0,0.0,0.0,inf,0
2022-06-15,current_dynamic_state,275.44970703125,0.024972090150488846,0.0,0.0,2383576.469339813,0.0,0.0,2186568.5414735,2186568.5414735,0.024972090150488846,0.0,0.0,0.0,inf,0
2022-06-16,current_dynamic_state,264.33624267578125,-0.04034661889913693,0.0,0.0,2383576.469339813,0.0,0.0,2098347.8938338268,2098347.8938338268,-0.04034661889913704,0.0,0.0,0.0,inf,0
2022-06-17,current_dynamic_state,267.550537109375,0.012159870326734712,0.0,0.0,2383576.469339813,0.0,0.0,2123863.532123223,2123863.532123223,0.012159870326734712,0.0,0.0,0.0,inf,0
2022-06-21,current_dynamic_state,274.3006286621094,0.025229220713449463,0.0,0.0,2383576.469339813,0.0,0.0,2177446.953940406,2177446.953940406,0.025229220713449463,0.0,0.0,0.0,inf,0
2022-06-22,current_dynamic_state,273.90057373046875,-0.0014584543010049966,0.0,0.0,2383576.469339813,0.0,0.0,2174271.2470652214,2174271.2470652214,-0.0014584543010049966,0.0,0.0,0.0,inf,0
2022-06-23,current_dynamic_state,277.979736328125,0.01489285890167702,0.0,0.0,2383576.469339813,0.0,0.0,2206652.3619617373,2206652.3619617373,0.01489285890167702,0.0,0.0,0.0,inf,0
2022-06-24,current_dynamic_state,287.50433349609375,0.034263638399620655,0.0,0.0,2383576.469339813,0.0,0.0,2282260.3005656633,2282260.3005656633,0.034263638399620655,0.0,0.0,0.0,inf,0
2022-06-27,current_dynamic_state,285.396484375,-0.007331538608347232,0.0,0.0,2383576.469339813,0.0,0.0,2265527.821057768,2265527.821057768,-0.007331538608347121,0.0,0.0,0.0,inf,0
2022-06-28,current_dynamic_state,276.7013854980469,-0.03046673436077829,0.0,0.0,2383576.469339813,0.0,0.0,2196504.5867466484,2196504.5867466484,-0.03046673436077818,0.0,0.0,0.0,inf,0
2022-06-29,current_dynamic_state,276.95501708984375,0.0009166256661141681,0.0,0.0,2383576.469339813,0.0,0.0,2198517.959226598,2198517.959226598,0.0009166256661141681,0.0,0.0,0.0,inf,0
2022-06-30,current_dynamic_state,273.5200500488281,-0.012402617136563099,0.0,0.0,2383576.469339813,0.0,0.0,2171250.5827104524,2171250.5827104524,-0.012402617136563099,0.0,0.0,0.0,inf,0
2022-07-01,current_dynamic_state,275.3253173828125,0.006600127974757619,0.0,0.0,2171250.5827104524,0.0,0.0,2185581.1144216084,2185581.1144216084,0.006600127974757619,0.0,0.0,0.0,inf,0
2022-07-05,current_dynamic_state,280.0389099121094,0.017120083885141302,0.0,0.0,2171250.5827104524,0.0,0.0,2222998.446438287,2222998.446438287,0.017120083885141302,0.0,0.0,0.0,inf,0
2022-07-06,current_dynamic_state,281.83447265625,0.006411833072426099,0.0,0.0,2171250.5827104524,0.0,0.0,2237251.941397112,2237251.941397112,0.006411833072426099,0.0,0.0,0.0,inf,0
2022-07-07,current_dynamic_state,287.8653869628906,0.021398781525198585,0.0,0.0,2171250.5827104524,0.0,0.0,2285126.406907895,2285126.406907895,0.021398781525198585,0.0,0.0,0.0,inf,0
2022-07-08,current_dynamic_state,288.2265319824219,0.0012545621526141026,0.0,0.0,2171250.5827104524,0.0,0.0,2287993.2400119407,2287993.2400119407,0.0012545621526141026,0.0,0.0,0.0,inf,0
2022-07-11,current_dynamic_state,282.0687561035156,-0.02136436169339817,0.0,0.0,2171250.5827104524,0.0,0.0,2239111.724880276,2239111.724880276,-0.02136436169339806,0.0,0.0,0.0,inf,0
2022-07-12,current_dynamic_state,279.3362121582031,-0.009687510176808467,0.0,0.0,2171250.5827104524,0.0,0.0,2217420.3072584867,2217420.3072584867,-0.009687510176808578,0.0,0.0,0.0,inf,0
2022-07-13,current_dynamic_state,278.7604064941406,-0.0020613355483477536,0.0,0.0,2171250.5827104524,0.0,0.0,2212849.4599535065,2212849.4599535065,-0.0020613355483478646,0.0,0.0,0.0,inf,0
2022-07-14,current_dynamic_state,279.755859375,0.0035709980961027288,0.0,0.0,2171250.5827104524,0.0,0.0,2220751.5411619623,2220751.5411619623,0.0035709980961027288,0.0,0.0,0.0,inf,0
2022-07-15,current_dynamic_state,284.8304138183594,0.01813922487520503,0.0,0.0,2171250.5827104524,0.0,0.0,2261034.252759057,2261034.252759057,0.01813922487520503,0.0,0.0,0.0,inf,0
2022-07-18,current_dynamic_state,282.4200134277344,-0.008462580797857333,0.0,0.0,2171250.5827104524,0.0,0.0,2241900.0677083605,2241900.0677083605,-0.008462580797857333,0.0,0.0,0.0,inf,0
2022-07-19,current_dynamic_state,291.10528564453125,0.03075303379312122,0.0,0.0,2171250.5827104524,0.0,0.0,2310845.2962513966,2310845.2962513966,0.03075303379312122,0.0,0.0,0.0,inf,0
2022-07-20,current_dynamic_state,295.72125244140625,0.015856691803636913,0.0,0.0,2171250.5827104524,0.0,0.0,2347487.657919939,2347487.657919939,0.015856691803636913,0.0,0.0,0.0,inf,0
2022-07-21,current_dynamic_state,299.96630859375,0.014354924163541005,0.0,0.0,2171250.5827104524,0.0,0.0,2381185.6652242285,2381185.6652242285,0.014354924163541005,0.0,0.0,0.0,inf,0
2022-07-22,current_dynamic_state,294.70635986328125,-0.01753513171238308,0.0,0.0,2171250.5827104524,0.0,0.0,2339431.260952883,2339431.260952883,-0.01753513171238319,0.0,0.0,0.0,inf,0
2022-07-25,current_dynamic_state,293.0278015136719,-0.0056956977460143055,0.0,0.0,2171250.5827104524,0.0,0.0,2326106.5675929184,2326106.5675929184,-0.005695697746014194,0.0,0.0,0.0,inf,0
2022-07-26,current_dynamic_state,287.2701721191406,-0.019648747882588302,0.0,0.0,2171250.5827104524,0.0,0.0,2280401.4860982522,2280401.4860982522,-0.019648747882588302,0.0,0.0,0.0,inf,0
2022-07-27,current_dynamic_state,299.41009521484375,0.04225960184501254,0.0,0.0,2171250.5827104524,0.0,0.0,2376770.3449475393,2376770.3449475393,0.04225960184501254,0.0,0.0,0.0,inf,0
2022-07-28,current_dynamic_state,302.3377380371094,0.009778036442508409,0.0,0.0,2171250.5827104524,0.0,0.0,2400010.4919959097,2400010.4919959097,0.009778036442508409,0.0,0.0,0.0,inf,0
2022-07-29,current_dynamic_state,307.8514404296875,0.018236897677329944,0.0,0.0,2171250.5827104524,0.0,0.0,2443779.2377629573,2443779.2377629573,0.018236897677329944,0.0,0.0,0.0,inf,0
2022-08-01,current_dynamic_state,307.6660461425781,-0.000602219976137186,0.0,0.0,2443779.2377629573,0.0,0.0,2442307.545088707,2442307.545088707,-0.000602219976137297,0.0,0.0,0.0,inf,0
2022-08-02,current_dynamic_state,306.7486877441406,-0.00298166928050414,0.0,0.0,2443779.2377629573,0.0,0.0,2435025.3917079726,2435025.3917079726,-0.00298166928050414,0.0,0.0,0.0,inf,0
2022-08-03,current_dynamic_state,315.10223388671875,0.027232540761660262,0.0,0.0,2443779.2377629573,0.0,0.0,2501337.3199433377,2501337.3199433377,0.027232540761660262,0.0,0.0,0.0,inf,0
2022-08-04,current_dynamic_state,316.5757751464844,0.004676391028999749,0.0,0.0,2443779.2377629573,0.0,0.0,2513034.551346823,2513034.551346823,0.004676391028999749,0.0,0.0,0.0,inf,0
2022-08-05,current_dynamic_state,313.9897766113281,-0.008168655779045908,0.0,0.0,2443779.2377629573,0.0,0.0,2492506.437136022,2492506.437136022,-0.008168655779045908,0.0,0.0,0.0,inf,0
2022-08-08,current_dynamic_state,312.9748229980469,-0.0032324415916815674,0.0,0.0,2443779.2377629573,0.0,0.0,2484449.5556610893,2484449.5556610893,-0.0032324415916816784,0.0,0.0,0.0,inf,0
2022-08-09,current_dynamic_state,309.4323425292969,-0.01131873942707562,0.0,0.0,2443779.2377629573,0.0,0.0,2456328.7185208476,2456328.7185208476,-0.01131873942707562,0.0,0.0,0.0,inf,0
2022-08-10,current_dynamic_state,318.06890869140625,0.02791100016085646,0.0,0.0,2443779.2377629573,0.0,0.0,2524887.3097785995,2524887.3097785995,0.02791100016085646,0.0,0.0,0.0,inf,0
2022-08-11,current_dynamic_state,316.2635803222656,-0.005675903302111762,0.0,0.0,2443779.2377629573,0.0,0.0,2510556.293559567,2510556.293559567,-0.005675903302111762,0.0,0.0,0.0,inf,0
2022-08-12,current_dynamic_state,322.42138671875,0.019470488477395076,0.0,0.0,2443779.2377629573,0.0,0.0,2559438.05094517,2559438.05094517,0.019470488477395076,0.0,0.0,0.0,inf,0
2022-08-15,current_dynamic_state,325.0269775390625,0.008081321300765332,0.0,0.0,2443779.2377629573,0.0,0.0,2580121.692184263,2580121.692184263,0.008081321300765332,0.0,0.0,0.0,inf,0
2022-08-16,current_dynamic_state,324.2657775878906,-0.002341959294995366,0.0,0.0,2443779.2377629573,0.0,0.0,2574079.1522050328,2574079.1522050328,-0.002341959294995366,0.0,0.0,0.0,inf,0
2022-08-17,current_dynamic_state,320.567138671875,-0.011406195693941634,0.0,0.0,2443779.2377629573,0.0,0.0,2544718.701663287,2544718.701663287,-0.011406195693941634,0.0,0.0,0.0,inf,0
2022-08-18,current_dynamic_state,321.3382263183594,0.002405385809908678,0.0,0.0,2443779.2377629573,0.0,0.0,2550839.731918477,2550839.731918477,0.002405385809908678,0.0,0.0,0.0,inf,0
2022-08-19,current_dynamic_state,315.0730285644531,-0.01949720649699216,0.0,0.0,2443779.2377629573,0.0,0.0,2501105.4829245303,2501105.4829245303,-0.01949720649699216,0.0,0.0,0.0,inf,0
2022-08-22,current_dynamic_state,306.77801513671875,-0.026327272332793528,0.0,0.0,2443779.2377629573,0.0,0.0,2435258.197742533,2435258.197742533,-0.02632727233279364,0.0,0.0,0.0,inf,0
2022-08-23,current_dynamic_state,306.5242919921875,-0.0008270577812369284,0.0,0.0,2443779.2377629573,0.0,0.0,2433244.098500769,2433244.098500769,-0.0008270577812368174,0.0,0.0,0.0,inf,0
2022-08-24,current_dynamic_state,307.41229248046875,0.0028969987419589227,0.0,0.0,2443779.2377629573,0.0,0.0,2440293.203593005,2440293.203593005,0.0028969987419589227,0.0,0.0,0.0,inf,0
2022-08-25,current_dynamic_state,312.8480224609375,0.01768221412555948,0.0,0.0,2443779.2377629573,0.0,0.0,2483442.990548084,2483442.990548084,0.01768221412555948,0.0,0.0,0.0,inf,0
2022-08-26,current_dynamic_state,300.02490234375,-0.040988336817083804,0.0,0.0,2443779.2377629573,0.0,0.0,2381650.792785473,2381650.792785473,-0.040988336817083804,0.0,0.0,0.0,inf,0
2022-08-29,current_dynamic_state,297.0679931640625,-0.009855545844990043,0.0,0.0,2443779.2377629573,0.0,0.0,2358178.324210419,2358178.324210419,-0.009855545844990155,0.0,0.0,0.0,inf,0
2022-08-30,current_dynamic_state,293.75970458984375,-0.011136469260731419,0.0,0.0,2443779.2377629573,0.0,0.0,2331916.5437915265,2331916.5437915265,-0.011136469260731419,0.0,0.0,0.0,inf,0
2022-08-31,current_dynamic_state,292.0519104003906,-0.005813575390939296,0.0,0.0,2443779.2377629573,0.0,0.0,2318359.771158816,2318359.771158816,-0.005813575390939296,0.0,0.0,0.0,inf,0
2022-09-01,current_dynamic_state,292.1788024902344,0.0004344847108508354,0.0,0.0,2318359.771158816,0.0,0.0,2319367.063033636,2319367.063033636,0.0004344847108508354,0.0,0.0,0.0,inf,0
2022-09-02,current_dynamic_state,288.0508728027344,-0.014128094346056996,0.0,0.0,2318359.771158816,0.0,0.0,2286598.8263439597,2286598.8263439597,-0.014128094346057107,0.0,0.0,0.0,inf,0
2022-09-06,current_dynamic_state,285.98193359375,-0.007182547960551511,0.0,0.0,2318359.771158816,0.0,0.0,2270175.2206072034,2270175.2206072034,-0.007182547960551511,0.0,0.0,0.0,inf,0
2022-09-07,current_dynamic_state,291.7592468261719,0.020201672042083674,0.0,0.0,2318359.771158816,0.0,0.0,2316036.5558919753,2316036.5558919753,0.020201672042083674,0.0,0.0,0.0,inf,0
2022-09-08,current_dynamic_state,293.27178955078125,0.005184215208474674,0.0,0.0,2318359.771158816,0.0,0.0,2328043.387828414,2328043.387828414,0.005184215208474674,0.0,0.0,0.0,inf,0
2022-09-09,current_dynamic_state,299.6833190917969,0.02186207391729189,0.0,0.0,2318359.771158816,0.0,0.0,2378939.2444557813,2378939.2444557813,0.02186207391729189,0.0,0.0,0.0,inf,0
2022-09-12,current_dynamic_state,303.2453308105469,0.0118859192081322,0.0,0.0,2318359.771158816,0.0,0.0,2407215.124116438,2407215.124116438,0.0118859192081322,0.0,0.0,0.0,inf,0
2022-09-13,current_dynamic_state,286.61627197265625,-0.054836982298928305,0.0,0.0,2318359.771158816,0.0,0.0,2275210.7109655524,2275210.7109655524,-0.054836982298928305,0.0,0.0,0.0,inf,0
2022-09-14,current_dynamic_state,288.89007568359375,0.007933268042626729,0.0,0.0,2318359.771158816,0.0,0.0,2293260.5673890975,2293260.5673890975,0.007933268042626729,0.0,0.0,0.0,inf,0
2022-09-15,current_dynamic_state,284.07904052734375,-0.01665351481827737,0.0,0.0,2318359.771158816,0.0,0.0,2255069.718547912,2255069.718547912,-0.01665351481827748,0.0,0.0,0.0,inf,0
2022-09-16,current_dynamic_state,282.3419494628906,-0.006114816007645296,0.0,0.0,2318359.771158816,0.0,0.0,2241280.382134579,2241280.382134579,-0.006114816007645185,0.0,0.0,0.0,inf,0
2022-09-19,current_dynamic_state,284.5406188964844,0.007787257394008762,0.0,0.0,2318359.771158816,0.0,0.0,2258733.8093624036,2258733.8093624036,0.007787257394008762,0.0,0.0,0.0,inf,0
2022-09-20,current_dynamic_state,282.27252197265625,-0.007971083118552102,0.0,0.0,2318359.771158816,0.0,0.0,2240729.254425292,2240729.254425292,-0.007971083118552214,0.0,0.0,0.0,inf,0
2022-09-21,current_dynamic_state,277.2181701660156,-0.017905929246383567,0.0,0.0,2318359.771158816,0.0,0.0,2200606.9149352508,2200606.9149352508,-0.017905929246383567,0.0,0.0,0.0,inf,0
2022-09-22,current_dynamic_state,273.8061828613281,-0.012307949737364599,0.0,0.0,2318359.771158816,0.0,0.0,2173521.9556345306,2173521.9556345306,-0.012307949737364599,0.0,0.0,0.0,inf,0
2022-09-23,current_dynamic_state,269.34820556640625,-0.016281507043906518,0.0,0.0,2318359.771158816,0.0,0.0,2138133.7426037816,2138133.7426037816,-0.016281507043906518,0.0,0.0,0.0,inf,0
2022-09-26,current_dynamic_state,268.23370361328125,-0.004137773818768675,0.0,0.0,2318359.771158816,0.0,0.0,2129286.62878261,2129286.62878261,-0.004137773818768564,0.0,0.0,0.0,inf,0
2022-09-27,current_dynamic_state,268.34124755859375,0.0004009337524100154,0.0,0.0,2318359.771158816,0.0,0.0,2130140.331660644,2130140.331660644,0.0004009337524100154,0.0,0.0,0.0,inf,0
2022-09-28,current_dynamic_state,273.67919921875,0.019892400846763802,0.0,0.0,2318359.771158816,0.0,0.0,2172513.936997896,2172513.936997896,0.019892400846763802,0.0,0.0,0.0,inf,0
2022-09-29,current_dynamic_state,265.78961181640625,-0.028827866439486538,0.0,0.0,2318359.771158816,0.0,0.0,2109884.9953841977,2109884.9953841977,-0.028827866439486538,0.0,0.0,0.0,inf,0
2022-09-30,current_dynamic_state,261.28271484375,-0.01695663326288832,0.0,0.0,2318359.771158816,0.0,0.0,2074108.449290597,2074108.449290597,-0.01695663326288832,0.0,0.0,0.0,inf,0
2022-10-03,current_dynamic_state,267.4123840332031,0.02345991082157406,0.0,0.0,2074108.449290597,0.0,0.0,2122766.8485452277,2122766.8485452277,0.02345991082157406,0.0,0.0,0.0,inf,0
2022-10-04,current_dynamic_state,275.82012939453125,0.03144112189016712,0.0,0.0,2074108.449290597,0.0,0.0,2189509.0197747443,2189509.0197747443,0.03144112189016712,0.0,0.0,0.0,inf,0
2022-10-05,current_dynamic_state,275.6734619140625,-0.0005317504592239342,0.0,0.0,2074108.449290597,0.0,0.0,2188344.747348004,2188344.747348004,-0.0005317504592239342,0.0,0.0,0.0,inf,0
2022-10-06,current_dynamic_state,273.5031433105469,-0.007872787567024475,0.0,0.0,2074108.449290597,0.0,0.0,2171116.3740287195,2171116.3740287195,-0.007872787567024364,0.0,0.0,0.0,inf,0
2022-10-07,current_dynamic_state,263.0815124511719,-0.03810424528665046,0.0,0.0,2074108.449290597,0.0,0.0,2088387.6231668661,2088387.6231668661,-0.03810424528665046,0.0,0.0,0.0,inf,0
2022-10-10,current_dynamic_state,260.4517517089844,-0.00999599218388858,0.0,0.0,2074108.449290597,0.0,0.0,2067512.1168087604,2067512.1168087604,-0.00999599218388858,0.0,0.0,0.0,inf,0
2022-10-11,current_dynamic_state,256.87353515625,-0.013738500621537364,0.0,0.0,2074108.449290597,0.0,0.0,2039107.6003069472,2039107.6003069472,-0.013738500621537364,0.0,0.0,0.0,inf,0
2022-10-12,current_dynamic_state,256.78558349609375,-0.0003423928436331325,0.0,0.0,2074108.449290597,0.0,0.0,2038409.4244572043,2038409.4244572043,-0.0003423928436331325,0.0,0.0,0.0,inf,0
2022-10-13,current_dynamic_state,262.80780029296875,0.02345231657822655,0.0,0.0,2074108.449290597,0.0,0.0,2086214.8475956153,2086214.8475956153,0.02345231657822655,0.0,0.0,0.0,inf,0
2022-10-14,current_dynamic_state,254.9084930419922,-0.03005735462254433,0.0,0.0,2074108.449290597,0.0,0.0,2023508.7481026165,2023508.7481026165,-0.03005735462254433,0.0,0.0,0.0,inf,0
2022-10-17,current_dynamic_state,263.3259582519531,0.033021517288458035,0.0,0.0,2074108.449290597,0.0,0.0,2090328.077211433,2090328.077211433,0.033021517288458035,0.0,0.0,0.0,inf,0
2022-10-18,current_dynamic_state,265.4083557128906,0.00790805993742949,0.0,0.0,2074108.449290597,0.0,0.0,2106858.5169349127,2106858.5169349127,0.00790805993742949,0.0,0.0,0.0,inf,0
2022-10-19,current_dynamic_state,264.4404602050781,-0.003646816262482422,0.0,0.0,2074108.449290597,0.0,0.0,2099175.191032605,2099175.191032605,-0.003646816262482422,0.0,0.0,0.0,inf,0
2022-10-20,current_dynamic_state,263.0913391113281,-0.005101795287694388,0.0,0.0,2074108.449290597,0.0,0.0,2088465.6289349496,2088465.6289349496,-0.005101795287694388,0.0,0.0,0.0,inf,0
2022-10-21,current_dynamic_state,269.26019287109375,0.023447574445448538,0.0,0.0,2074108.449290597,0.0,0.0,2137435.0822461625,2137435.0822461625,0.023447574445448538,0.0,0.0,0.0,inf,0
2022-10-24,current_dynamic_state,272.2223815917969,0.011001212949889094,0.0,0.0,2074108.449290597,0.0,0.0,2160949.460752516,2160949.460752516,0.011001212949889094,0.0,0.0,0.0,inf,0
2022-10-25,current_dynamic_state,277.85357666015625,0.020686010589693105,0.0,0.0,2074108.449290597,0.0,0.0,2205650.8841814343,2205650.8841814343,0.020686010589693105,0.0,0.0,0.0,inf,0
2022-10-26,current_dynamic_state,271.7139892578125,-0.022096485048501258,0.0,0.0,2074108.449290597,0.0,0.0,2156913.752396906,2156913.752396906,-0.022096485048501147,0.0,0.0,0.0,inf,0
2022-10-27,current_dynamic_state,266.7672119140625,-0.018205825019396826,0.0,0.0,2074108.449290597,0.0,0.0,2117645.358038837,2117645.358038837,-0.018205825019396826,0.0,0.0,0.0,inf,0
2022-10-28,current_dynamic_state,274.9305114746094,0.030600835469902554,0.0,0.0,2074108.449290597,0.0,0.0,2182447.0752237863,2182447.0752237863,0.030600835469902554,0.0,0.0,0.0,inf,0
2022-10-31,current_dynamic_state,271.73358154296875,-0.011628138013833667,0.0,0.0,2074108.449290597,0.0,0.0,2157069.2794251963,2157069.2794251963,-0.011628138013833778,0.0,0.0,0.0,inf,0
2022-11-01,current_dynamic_state,268.9571228027344,-0.010217576806182627,0.0,0.0,2157069.2794251963,0.0,0.0,2135029.258386412,2135029.258386412,-0.010217576806182738,0.0,0.0,0.0,inf,0
2022-11-02,current_dynamic_state,259.7380065917969,-0.03427727109387335,0.0,0.0,2157069.2794251963,0.0,0.0,2061846.2817033497,2061846.2817033497,-0.03427727109387335,0.0,0.0,0.0,inf,0
2022-11-03,current_dynamic_state,254.66412353515625,-0.019534619223495864,0.0,0.0,2157069.2794251963,0.0,0.0,2021568.899692894,2021568.899692894,-0.019534619223495864,0.0,0.0,0.0,inf,0
2022-11-04,current_dynamic_state,258.7604064941406,0.016085041356125318,0.0,0.0,2157069.2794251963,0.0,0.0,2054085.919048711,2054085.919048711,0.016085041356125318,0.0,0.0,0.0,inf,0
2022-11-07,current_dynamic_state,261.60528564453125,0.01099425985967084,0.0,0.0,2157069.2794251963,0.0,0.0,2076669.0734168233,2076669.0734168233,0.01099425985967084,0.0,0.0,0.0,inf,0
2022-11-08,current_dynamic_state,263.51171875,0.007287441080449764,0.0,0.0,2157069.2794251963,0.0,0.0,2091802.6769329405,2091802.6769329405,0.007287441080449764,0.0,0.0,0.0,inf,0
2022-11-09,current_dynamic_state,257.43084716796875,-0.023076285225099635,0.0,0.0,2157069.2794251963,0.0,0.0,2043531.641725409,2043531.641725409,-0.023076285225099635,0.0,0.0,0.0,inf,0
2022-11-10,current_dynamic_state,276.42626953125,0.07378844677027807,0.0,0.0,2157069.2794251963,0.0,0.0,2194320.6674942435,2194320.6674942435,0.07378844677027807,0.0,0.0,0.0,inf,0
2022-11-11,current_dynamic_state,281.5197448730469,0.01842616242817341,0.0,0.0,2157069.2794251963,0.0,0.0,2234753.57653299,2234753.57653299,0.01842616242817341,0.0,0.0,0.0,inf,0
2022-11-14,current_dynamic_state,279.0561218261719,-0.008751155440219649,0.0,0.0,2157069.2794251963,0.0,0.0,2215196.9006141634,2215196.9006141634,-0.008751155440219538,0.0,0.0,0.0,inf,0
2022-11-15,current_dynamic_state,282.91778564453125,0.01383830533115793,0.0,0.0,2157069.2794251963,0.0,0.0,2245851.4716934967,2245851.4716934967,0.01383830533115793,0.0,0.0,0.0,inf,0
2022-11-16,current_dynamic_state,279.0561218261719,-0.013649420482921948,0.0,0.0,2157069.2794251963,0.0,0.0,2215196.900614163,2215196.900614163,-0.013649420482922059,0.0,0.0,0.0,inf,0
2022-11-17,current_dynamic_state,278.440185546875,-0.002207212926439772,0.0,0.0,2157069.2794251963,0.0,0.0,2210307.489380518,2210307.489380518,-0.002207212926439772,0.0,0.0,0.0,inf,0
2022-11-18,current_dynamic_state,278.4499816894531,3.5182215379236936e-05,0.0,0.0,2157069.2794251963,0.0,0.0,2210385.2528946637,2210385.2528946637,3.5182215379236936e-05,0.0,0.0,0.0,inf,0
2022-11-21,current_dynamic_state,275.58551025390625,-0.010287202815267293,0.0,0.0,2157069.2794251963,0.0,0.0,2187646.5714982604,2187646.5714982604,-0.010287202815267293,0.0,0.0,0.0,inf,0
2022-11-22,current_dynamic_state,279.5547180175781,0.014402817332503925,0.0,0.0,2157069.2794251963,0.0,0.0,2219154.8454556284,2219154.8454556284,0.014402817332503925,0.0,0.0,0.0,inf,0
2022-11-23,current_dynamic_state,282.3605041503906,0.010036625933947052,0.0,0.0,2157069.2794251963,0.0,0.0,2241427.6725289724,2241427.6725289724,0.010036625933947052,0.0,0.0,0.0,inf,0
2022-11-25,current_dynamic_state,280.5029602050781,-0.0065786252610001705,0.0,0.0,2157069.2794251963,0.0,0.0,2226682.1598217683,2226682.1598217683,-0.0065786252610002816,0.0,0.0,0.0,inf,0
2022-11-28,current_dynamic_state,276.3871765136719,-0.01467287079037305,0.0,0.0,2157069.2794251963,0.0,0.0,2194010.3401994747,2194010.3401994747,-0.01467287079037305,0.0,0.0,0.0,inf,0
2022-11-29,current_dynamic_state,274.2950744628906,-0.007569461351900841,0.0,0.0,2157069.2794251963,0.0,0.0,2177402.863723664,2177402.863723664,-0.007569461351900841,0.0,0.0,0.0,inf,0
2022-11-30,current_dynamic_state,286.7989196777344,0.045585380048577484,0.0,0.0,2157069.2794251963,0.0,0.0,2276660.600785368,2276660.600785368,0.045585380048577484,0.0,0.0,0.0,inf,0
2022-12-01,current_dynamic_state,287.15093994140625,0.001227411400529066,0.0,0.0,2276660.600785368,0.0,0.0,2279454.9999619075,2279454.9999619075,0.001227411400529066,0.0,0.0,0.0,inf,0
2022-12-02,current_dynamic_state,286.00701904296875,-0.003983691986768068,0.0,0.0,2276660.600785368,0.0,0.0,2270374.353344361,2270374.353344361,-0.003983691986768068,0.0,0.0,0.0,inf,0
2022-12-05,current_dynamic_state,281.20697021484375,-0.016782975621321583,0.0,0.0,2276660.600785368,0.0,0.0,2232270.715920909,2232270.715920909,-0.016782975621321472,0.0,0.0,0.0,inf,0
2022-12-06,current_dynamic_state,275.3802490234375,-0.02072040101621453,0.0,0.0,2276660.600785368,0.0,0.0,2186017.1715102755,2186017.1715102755,-0.020720401016214418,0.0,0.0,0.0,inf,0
2022-12-07,current_dynamic_state,274.25592041015625,-0.00408282226945611,0.0,0.0,2276660.600785368,0.0,0.0,2177092.05192102,2177092.05192102,-0.00408282226945611,0.0,0.0,0.0,inf,0
2022-12-08,current_dynamic_state,277.5016784667969,0.011834778449947514,0.0,0.0,2276660.600785368,0.0,0.0,2202857.454020647,2202857.454020647,0.011834778449947514,0.0,0.0,0.0,inf,0
2022-12-09,current_dynamic_state,275.73211669921875,-0.006376760592422315,0.0,0.0,2276660.600785368,0.0,0.0,2188810.359417124,2188810.359417124,-0.006376760592422315,0.0,0.0,0.0,inf,0
2022-12-12,current_dynamic_state,279.1930236816406,0.012551700628321116,0.0,0.0,2276660.600785368,0.0,0.0,2216283.6517806957,2216283.6517806957,0.012551700628321116,0.0,0.0,0.0,inf,0
2022-12-13,current_dynamic_state,282.1943359375,0.01074995433726067,0.0,0.0,2276660.600785368,0.0,0.0,2240108.5998357553,2240108.5998357553,0.01074995433726067,0.0,0.0,0.0,inf,0
2022-12-14,current_dynamic_state,280.1022033691406,-0.007413800710807772,0.0,0.0,2276660.600785368,0.0,0.0,2223500.8811060064,2223500.8811060064,-0.007413800710807772,0.0,0.0,0.0,inf,0
2022-12-15,current_dynamic_state,270.69732666015625,-0.03357658953003628,0.0,0.0,2276660.600785368,0.0,0.0,2148843.304701436,2148843.304701436,-0.033576589530036394,0.0,0.0,0.0,inf,0
2022-12-16,current_dynamic_state,268.116455078125,-0.009534159845144607,0.0,0.0,2276660.600785368,0.0,0.0,2128355.8891522437,2128355.8891522437,-0.009534159845144496,0.0,0.0,0.0,inf,0
2022-12-19,current_dynamic_state,264.348388671875,-0.014053842406472339,0.0,0.0,2276660.600785368,0.0,0.0,2098444.3109012106,2098444.3109012106,-0.01405384240647245,0.0,0.0,0.0,inf,0
2022-12-20,current_dynamic_state,264.142578125,-0.0007785579776332652,0.0,0.0,2276660.600785368,0.0,0.0,2096810.5503423393,2096810.5503423393,-0.0007785579776332652,0.0,0.0,0.0,inf,0
2022-12-21,current_dynamic_state,267.9742126464844,0.01450593292714486,0.0,0.0,2276660.600785368,0.0,0.0,2127226.743546535,2127226.743546535,0.01450593292714486,0.0,0.0,0.0,inf,0
2022-12-22,current_dynamic_state,261.4183044433594,-0.024464698070682078,0.0,0.0,2276660.600785368,0.0,0.0,2075184.7835377885,2075184.7835377885,-0.024464698070682078,0.0,0.0,0.0,inf,0
2022-12-23,current_dynamic_state,262.00616455078125,0.0022487335333063463,0.0,0.0,2276660.600785368,0.0,0.0,2079851.321148337,2079851.321148337,0.0022487335333063463,0.0,0.0,0.0,inf,0
2022-12-27,current_dynamic_state,258.3019104003906,-0.014138041968370096,0.0,0.0,2276660.600785368,0.0,0.0,2050446.295881972,2050446.295881972,-0.014138041968370096,0.0,0.0,0.0,inf,0
2022-12-28,current_dynamic_state,254.8916015625,-0.013202801452781965,0.0,0.0,2276660.600785368,0.0,0.0,2023374.66054785,2023374.66054785,-0.013202801452781965,0.0,0.0,0.0,inf,0
2022-12-29,current_dynamic_state,261.1046447753906,0.024375237060791033,0.0,0.0,2276660.600785368,0.0,0.0,2072694.8975615015,2072694.8975615015,0.024375237060791033,0.0,0.0,0.0,inf,0
2022-12-30,current_dynamic_state,260.9478759765625,-0.0006004060133169009,0.0,0.0,2276660.600785368,0.0,0.0,2071450.4390812344,2071450.4390812344,-0.0006004060133169009,0.0,0.0,0.0,inf,0
2023-01-03,current_dynamic_state,259.18389892578125,-0.006759882770380088,0.0,0.0,2071450.4390812344,0.0,0.0,2057447.676948393,2057447.676948393,-0.006759882770380088,0.0,0.0,0.0,inf,0
2023-01-04,current_dynamic_state,260.41864013671875,0.004763958008406455,0.0,0.0,2071450.4390812344,0.0,0.0,2067249.2712858685,2067249.2712858685,0.004763958008406455,0.0,0.0,0.0,inf,0
2023-01-05,current_dynamic_state,256.3419494628906,-0.015654373556700407,0.0,0.0,2071450.4390812344,0.0,0.0,2034887.7789583427,2034887.7789583427,-0.015654373556700407,0.0,0.0,0.0,inf,0
2023-01-06,current_dynamic_state,263.41741943359375,0.027601685894674155,0.0,0.0,2071450.4390812344,0.0,0.0,2091054.112264062,2091054.112264062,0.027601685894674155,0.0,0.0,0.0,inf,0
2023-01-09,current_dynamic_state,265.1225891113281,0.006473260885331289,0.0,0.0,2071450.4390812344,0.0,0.0,2104590.051058092,2104590.051058092,0.006473260885331289,0.0,0.0,0.0,inf,0
2023-01-10,current_dynamic_state,267.3667297363281,0.008464539489155598,0.0,0.0,2071450.4390812344,0.0,0.0,2122404.4366537575,2122404.4366537575,0.008464539489155598,0.0,0.0,0.0,inf,0
2023-01-11,current_dynamic_state,271.9921875,0.017300049891149083,0.0,0.0,2071450.4390812344,0.0,0.0,2159122.1392970635,2159122.1392970635,0.017300049891149083,0.0,0.0,0.0,inf,0
2023-01-12,current_dynamic_state,273.4621276855469,0.005404347084589922,0.0,0.0,2071450.4390812344,0.0,0.0,2170790.7847358473,2170790.7847358473,0.005404347084589922,0.0,0.0,0.0,inf,0
2023-01-13,current_dynamic_state,275.3437194824219,0.006880630282518174,0.0,0.0,2071450.4390812344,0.0,0.0,2185727.193546312,2185727.193546312,0.006880630282518174,0.0,0.0,0.0,inf,0
2023-01-17,current_dynamic_state,275.9022521972656,0.0020284926632561096,0.0,0.0,2071450.4390812344,0.0,0.0,2190160.9251223,2190160.9251223,0.0020284926632561096,0.0,0.0,0.0,inf,0
2023-01-18,current_dynamic_state,272.3155822753906,-0.012999784863338415,0.0,0.0,2071450.4390812344,0.0,0.0,2161689.30427962,2161689.30427962,-0.012999784863338526,0.0,0.0,0.0,inf,0
2023-01-19,current_dynamic_state,269.64019775390625,-0.009824573750534693,0.0,0.0,2071450.4390812344,0.0,0.0,2140451.6282839826,2140451.6282839826,-0.009824573750534693,0.0,0.0,0.0,inf,0
2023-01-20,current_dynamic_state,277.0194091796875,0.027366881819735456,0.0,0.0,2071450.4390812344,0.0,0.0,2199029.115036091,2199029.115036091,0.027366881819735456,0.0,0.0,0.0,inf,0
2023-01-23,current_dynamic_state,283.1737060546875,0.022216121582325776,0.0,0.0,2071450.4390812344,0.0,0.0,2247883.013218807,2247883.013218807,0.022216121582325776,0.0,0.0,0.0,inf,0
2023-01-24,current_dynamic_state,282.595458984375,-0.0020420224687133226,0.0,0.0,2071450.4390812344,0.0,0.0,2243292.7855987754,2243292.7855987754,-0.0020420224687132116,0.0,0.0,0.0,inf,0
2023-01-25,current_dynamic_state,281.9683532714844,-0.002219093382265891,0.0,0.0,2071450.4390812344,0.0,0.0,2238314.7094237683,2238314.7094237683,-0.002219093382265891,0.0,0.0,0.0,inf,0
2023-01-26,current_dynamic_state,287.4659729003906,0.019497293100878776,0.0,0.0,2071450.4390812344,0.0,0.0,2281955.787365412,2281955.787365412,0.019497293100878776,0.0,0.0,0.0,inf,0
2023-01-27,current_dynamic_state,290.32745361328125,0.009954154517905822,0.0,0.0,2071450.4390812344,0.0,0.0,2304670.7278758767,2304670.7278758767,0.009954154517905822,0.0,0.0,0.0,inf,0
2023-01-30,current_dynamic_state,284.4573974609375,-0.020218742937630374,0.0,0.0,2071450.4390812344,0.0,0.0,2258073.182873073,2258073.182873073,-0.020218742937630263,0.0,0.0,0.0,inf,0
2023-01-31,current_dynamic_state,288.72039794921875,0.014986428640396454,0.0,0.0,2071450.4390812344,0.0,0.0,2291913.635492993,2291913.635492993,0.014986428640396454,0.0,0.0,0.0,inf,0
2023-02-01,current_dynamic_state,294.8941650390625,0.021383203728229994,0.0,0.0,2291913.635492993,0.0,0.0,2340922.091688248,2340922.091688248,0.021383203728229994,0.0,0.0,0.0,inf,0
2023-02-02,current_dynamic_state,305.4779052734375,0.035889961515423785,0.0,0.0,2291913.635492993,0.0,0.0,2424937.6954695443,2424937.6954695443,0.035889961515423785,0.0,0.0,0.0,inf,0
2023-02-03,current_dynamic_state,300.0488586425781,-0.017772305417636525,0.0,0.0,2291913.635492993,0.0,0.0,2381840.96212692,2381840.96212692,-0.017772305417636414,0.0,0.0,0.0,inf,0
2023-02-06,current_dynamic_state,297.5107727050781,-0.00845890882232414,0.0,0.0,2291913.635492993,0.0,0.0,2361693.1865990115,2361693.1865990115,-0.00845890882232414,0.0,0.0,0.0,inf,0
2023-02-07,current_dynamic_state,303.6747741699219,0.02071858241904434,0.0,0.0,2291913.635492993,0.0,0.0,2410624.121534059,2410624.121534059,0.02071858241904434,0.0,0.0,0.0,inf,0
2023-02-08,current_dynamic_state,298.2750549316406,-0.01778125711311085,0.0,0.0,2291913.635492993,0.0,0.0,2367760.194225995,2367760.194225995,-0.01778125711311085,0.0,0.0,0.0,inf,0
2023-02-09,current_dynamic_state,295.6390075683594,-0.00883763935232662,0.0,0.0,2291913.635492993,0.0,0.0,2346834.783556631,2346834.783556631,-0.00883763935232651,0.0,0.0,0.0,inf,0
2023-02-10,current_dynamic_state,293.6986389160156,-0.006563303903308837,1.0,0.0,2291913.635492993,0.0,0.0,2331431.7936612926,2331431.7936612926,-0.006563303903308837,0.0,0.0,0.0,inf,0
2023-02-13,current_dynamic_state,298.402587890625,0.016016243697862365,1.0,1.0,2291913.635492993,22919.13635492993,22919.13635492993,2392038.8499531196,2369119.71359819,0.01616513939604114,0.9674114914235646,16.04339544845095,3.63795815157618,10436.862946795069,1
2023-02-14,current_dynamic_state,300.60748291015625,0.007388994294980522,1.0,1.0,2291913.635492993,0.0,22919.13635492993,2409709.973410643,2386790.8370557134,0.007458940701094763,0.9602490506961395,0.0,3.63795815157618,10513.964994550555,0
2023-02-15,current_dynamic_state,302.9104309082031,0.007660980278176188,1.0,1.0,2291913.635492993,0.0,22919.13635492993,2428167.0760349147,2405247.939679985,0.007733020563728932,0.9528804069146939,0.0,3.63795815157618,10594.496400003369,0
2023-02-16,current_dynamic_state,297.22650146484375,-0.018764389942985793,1.0,1.0,2291913.635492993,0.0,22919.13635492993,2382600.364215324,2359681.2278603944,-0.018944704646812083,0.9712810393339236,0.0,3.63795815157618,10395.681265288273,0
2023-02-17,current_dynamic_state,295.1293640136719,-0.007055687971417091,1.0,1.0,2291913.635492993,0.0,22919.13635492993,2365785.8415266844,2342866.7051717546,-0.007125760246813551,0.9782518273163875,0.0,3.63795815157618,10322.316709014218,0
2023-02-21,current_dynamic_state,288.1422119140625,-0.02367487939724522,0.0,1.0,2291913.635492993,0.0,22919.13635492993,2309772.509090678,2286853.372735748,-0.023908032118242217,1.0022127622249744,0.0,3.63795815157618,10077.921232812261,0
2023-02-22,current_dynamic_state,288.3577575683594,0.0007480530286245735,0.0,0.0,2291913.635492993,-22919.13635492993,0.0,2288548.004930484,2288548.004930484,0.0007410322913308232,0.0,16.04339544845095,0.0,inf,-1
2023-02-23,current_dynamic_state,290.8762512207031,0.008733920230138859,0.0,0.0,2291913.635492993,0.0,0.0,2308536.0006483905,2308536.0006483905,0.008733920230138859,0.0,0.0,0.0,inf,0
2023-02-24,current_dynamic_state,286.00579833984375,-0.016744071956441342,0.0,0.0,2291913.635492993,0.0,0.0,2269881.7077394985,2269881.7077394985,-0.016744071956441342,0.0,0.0,0.0,inf,0
2023-02-27,current_dynamic_state,288.0539855957031,0.007161348713027316,0.0,0.0,2291913.635492993,0.0,0.0,2286137.122185943,2286137.122185943,0.007161348713027316,0.0,0.0,0.0,inf,0
2023-02-28,current_dynamic_state,287.6815490722656,-0.0012929400114609635,0.0,0.0,2291913.635492993,0.0,0.0,2283181.2840289827,2283181.2840289827,-0.0012929400114609635,0.0,0.0,0.0,inf,0
2023-03-01,current_dynamic_state,285.3688659667969,-0.008039038697222112,0.0,0.0,2283181.2840289827,0.0,0.0,2264826.7013339004,2264826.7013339004,-0.008039038697222112,0.0,0.0,0.0,inf,0
2023-03-02,current_dynamic_state,287.7305908203125,0.008276042467051825,0.0,0.0,2283181.2840289827,0.0,0.0,2283570.503294653,2283570.503294653,0.008276042467051825,0.0,0.0,0.0,inf,0
2023-03-03,current_dynamic_state,293.6790771484375,0.02067380569846966,0.0,0.0,2283181.2840289827,0.0,0.0,2330780.596178523,2330780.596178523,0.02067380569846966,0.0,0.0,0.0,inf,0
2023-03-06,current_dynamic_state,294.0122375488281,0.0011344369630466034,0.0,0.0,2283181.2840289827,0.0,0.0,2333424.7198395794,2333424.7198395794,0.0011344369630466034,0.0,0.0,0.0,inf,0
2023-03-07,current_dynamic_state,290.4059143066406,-0.012265895026184359,0.0,0.0,2283181.2840289827,0.0,0.0,2304803.1771745235,2304803.1771745235,-0.012265895026184359,0.0,0.0,0.0,inf,0
2023-03-08,current_dynamic_state,291.85626220703125,0.0049942092393449045,0.0,0.0,2283181.2840289827,0.0,0.0,2316313.84649684,2316313.84649684,0.0049942092393449045,0.0,0.0,0.0,inf,0
2023-03-09,current_dynamic_state,286.79962158203125,-0.01732579108209442,0.0,0.0,2283181.2840289827,0.0,0.0,2276181.8767118733,2276181.8767118733,-0.01732579108209442,0.0,0.0,0.0,inf,0
2023-03-10,current_dynamic_state,282.7718811035156,-0.0140437440478407,0.0,0.0,2283181.2840289827,0.0,0.0,2244215.761028998,2244215.761028998,-0.0140437440478407,0.0,0.0,0.0,inf,0
2023-03-13,current_dynamic_state,284.8690490722656,0.0074164657410977775,0.0,0.0,2283181.2840289827,0.0,0.0,2260859.910336301,2260859.910336301,0.0074164657410977775,0.0,0.0,0.0,inf,0
2023-03-14,current_dynamic_state,291.4152526855469,0.02297969412472267,0.0,0.0,2283181.2840289827,0.0,0.0,2312813.7795346775,2312813.7795346775,0.02297969412472267,0.0,0.0,0.0,inf,0
2023-03-15,current_dynamic_state,292.9439697265625,0.005245837432761968,0.0,0.0,2283181.2840289827,0.0,0.0,2324946.424634368,2324946.424634368,0.005245837432761968,0.0,0.0,0.0,inf,0
2023-03-16,current_dynamic_state,300.66632080078125,0.02636118805048926,0.0,0.0,2283181.2840289827,0.0,0.0,2386234.7745414674,2386234.7745414674,0.02636118805048926,0.0,0.0,0.0,inf,0
2023-03-17,current_dynamic_state,299.2453308105469,-0.004726136224535438,0.0,0.0,2283181.2840289827,0.0,0.0,2374957.103933261,2374957.103933261,-0.004726136224535438,0.0,0.0,0.0,inf,0
2023-03-20,current_dynamic_state,300.3072814941406,0.003548762751677037,0.0,0.0,2283181.2840289827,0.0,0.0,2383385.2632405297,2383385.2632405297,0.003548762751677037,0.0,0.0,0.0,inf,0
2023-03-21,current_dynamic_state,304.59637451171875,0.014282347721434885,1.0,0.0,2283181.2840289827,0.0,0.0,2417425.6003242745,2417425.6003242745,0.014282347721434885,0.0,0.0,0.0,inf,0
2023-03-22,current_dynamic_state,300.4544677734375,-0.013598017195447287,1.0,1.0,2283181.2840289827,22831.81284028983,22831.81284028983,2407055.3618599395,2384223.5490196496,-0.01373446665749345,0.9576204735364627,15.98226898820288,3.624097276236481,10542.55033841362,1
2023-03-23,current_dynamic_state,304.0173034667969,0.01185815514664279,1.0,1.0,2283181.2840289827,0.0,22831.81284028983,2435594.9736901573,2412763.1608498674,0.011970191235613159,0.9462931634055449,0.0,3.624097276236481,10667.549662951948,0
2023-03-24,current_dynamic_state,305.1361999511719,0.0036803710565678216,1.0,1.0,2283181.2840289827,0.0,22831.81284028983,2444555.2428395725,2421723.4299992826,0.0037136961036237093,0.9427919207230279,0.0,3.624097276236481,10706.794330960103,0
2023-03-27,current_dynamic_state,303.045654296875,-0.00685118859916134,1.0,1.0,2283181.2840289827,0.0,22831.81284028983,2427803.5097325337,2404971.696892244,-0.006917277546860001,0.9493588997240003,0.0,3.624097276236481,10633.424190690392,0
2023-03-28,current_dynamic_state,301.43597412109375,-0.005311675494954815,2.0,1.0,2283181.2840289827,0.0,22831.81284028983,2414904.1812260463,2392072.3683857564,-0.0053636092778789335,0.954478348650356,0.0,3.624097276236481,10576.92701897337,0
2023-03-29,current_dynamic_state,306.9324035644531,0.018234152242065704,2.0,2.0,2283181.2840289827,22831.81284028983,45663.62568057966,2482162.5214214385,2436498.8957408587,0.01857240104532565,1.8741492458872984,15.98226898820288,7.248194552472962,5435.754354646177,1
2023-03-30,current_dynamic_state,309.8375244140625,0.009465018407544434,2.0,2.0,2283181.2840289827,0.0,45663.62568057966,2505648.987182657,2459985.361502077,0.00963943213857954,1.8562559922184765,0.0,7.248194552472962,5487.187996655919,0
2023-03-31,current_dynamic_state,314.9903869628906,0.01663085373075046,2.0,2.0,2283181.2840289827,0.0,45663.62568057966,2547312.820794542,2501649.195113962,0.016936618511601553,1.8253408899124026,0.0,7.248194552472962,5578.42874460556,0
2023-04-03,current_dynamic_state,314.22479248046875,-0.0024305328483312794,2.0,2.0,2501649.195113962,4369.358221699586,50032.983902279244,2545469.2388013173,2495436.254899038,-0.0024835377506401413,2.0049794421337968,3.0585507551897098,7.9417434765522605,5087.582311246799,1
2023-04-04,current_dynamic_state,313.164794921875,-0.0033733734064272936,3.0,2.0,2501649.195113962,0.0,50032.983902279244,2536874.4788207896,2486841.4949185103,-0.0034441913567836435,2.0119088411752086,0.0,7.9417434765522605,5070.404123359156,0
2023-04-05,current_dynamic_state,310.07318115234375,-0.009872162579138255,3.0,3.0,2501649.195113962,25016.491951139615,75049.47585341886,2536570.3153156745,2461520.8394622556,-0.010181853370226368,3.048906783572638,17.51154436579773,11.91261521482839,3379.864131589564,1
2023-04-06,current_dynamic_state,312.1636962890625,0.00674200564186056,3.0,3.0,2501649.195113962,0.0,75049.47585341886,2553659.9740772936,2478610.4982238747,0.00694272357464687,3.027885014898383,0.0,11.91261521482839,3402.635321617589,0
2023-04-10,current_dynamic_state,311.9870300292969,-0.0005659410811243992,3.0,3.0,2501649.195113962,0.0,75049.47585341886,2552202.8403755254,2477153.3645221065,-0.0005878832930031885,3.029666104984882,0.0,11.91261521482839,3400.6937574891276,0
2023-04-11,current_dynamic_state,309.9847717285156,-0.006417761342813577,4.0,3.0,2501649.195113962,0.0,75049.47585341886,2535811.4990323293,2460762.0231789104,-0.0066170070767331834,3.0498469639281476,0.0,11.91261521482839,3378.8530435376933,0
2023-04-12,current_dynamic_state,307.2464294433594,-0.008833796156781815,4.0,4.0,2501649.195113962,25016.49195113963,100065.96780455849,2538172.9181806343,2438106.9503760757,-0.009206527323421532,4.104248494477381,17.51154436579774,15.883486953104521,2536.49964505216,1
2023-04-13,current_dynamic_state,313.2630615234375,0.019582431245754428,4.0,4.0,2501649.195113962,0.0,100065.96780455849,2587860.6313537895,2487794.663549231,0.02037962820519046,4.022276004957685,0.0,15.883486953104521,2586.1546019404013,0
2023-04-14,current_dynamic_state,312.6741027832031,-0.0018800772021131396,4.0,4.0,2501649.195113962,0.0,100065.96780455849,2582979.370091582,2482913.4022870236,-0.0019620836613756243,4.030183562277574,0.0,15.883486953104521,2581.27655861628,0
2023-04-17,current_dynamic_state,312.9390869140625,0.0008474770647797225,4.0,4.0,2501649.195113962,0.0,100065.96780455849,2585152.502379581,2485086.5345750223,0.0008752348293730172,4.026659289821104,0.0,15.883486953104521,2583.4482582816877,0
2023-04-18,current_dynamic_state,312.9587097167969,6.270486351800386e-05,4.0,4.0,2501649.195113962,0.0,100065.96780455849,2585298.7205274627,2485232.752722904,5.883825204766602e-05,4.026422382166132,0.0,15.883486953104521,2583.594380036256,0
2023-04-19,current_dynamic_state,312.81146240234375,-0.0004705007717675791,4.0,4.0,2501649.195113962,0.0,100065.96780455849,2584066.4519972517,2484000.484192693,-0.0004958362667886185,4.028419818810148,0.0,15.883486953104521,2582.362923870642,0
2023-04-20,current_dynamic_state,310.42645263671875,-0.007624432133363945,4.0,4.0,2501649.195113962,0.0,100065.96780455849,2564348.529218943,2464282.5614143843,-0.007937970585668919,4.06065316418606,0.0,15.883486953104521,2562.6579999980017,0
2023-04-21,current_dynamic_state,310.75030517578125,0.001043250458560241,4.0,4.0,2501649.195113962,0.0,100065.96780455849,2567007.903511006,2466941.9357064473,0.0010791677601031946,4.056275762157451,0.0,15.883486953104521,2565.3156211157598,0
2023-04-24,current_dynamic_state,310.10260009765625,-0.00208432644260359,4.0,4.0,2501649.195113962,0.0,100065.96780455849,2561641.5375723923,2461575.5697678337,-0.0021753110038550405,4.065118659509459,0.0,15.883486953104521,2559.952792917171,0
2023-04-25,current_dynamic_state,304.2528381347656,-0.018863956513258673,4.0,4.0,2501649.195113962,0.0,100065.96780455849,2513302.9595181164,2413236.991713558,-0.019637251298701752,4.146545413822164,0.0,15.883486953104521,2511.6460817397133,0
2023-04-26,current_dynamic_state,306.0981140136719,0.006064942204709656,2.0,4.0,2501649.195113962,0.0,100065.96780455849,2528530.1132235667,2428464.145419008,0.006309845969432848,4.120545406993977,0.0,15.883486953104521,2526.8631970482775,0
2023-04-27,current_dynamic_state,314.4211730957031,0.027190821181144242,2.0,2.0,2501649.195113962,-50032.983902279244,50032.983902279244,2545845.5844238903,2495812.600521611,0.027732941921192245,2.004677109644475,35.02308873159547,7.9417434765522605,5088.334506285392,-1
2023-04-28,current_dynamic_state,316.5902404785156,0.006898604701001787,2.0,2.0,2501649.195113962,0.0,50032.983902279244,2563400.424997145,2513367.4410948656,0.007033717423169383,1.990675262367687,0.0,7.9417434765522605,5123.421041614849,0
2023-05-01,current_dynamic_state,316.2270812988281,-0.0011470953088718039,0.4,2.0,2513367.4410948656,234.36491961807042,50267.348821897314,2560685.913664075,2510418.5648421776,-0.0011732770165127082,2.0023493104249517,0.1640554437326493,7.978944257444018,5094.133614917437,1
2023-05-02,current_dynamic_state,313.4691467285156,-0.008721373764020934,0.4,0.4,2513367.4410948656,-40213.87905751785,10053.469764379463,2498460.5559309884,2488407.086166609,-0.008768051265965804,0.4040122623130298,28.149715340262496,1.5957888514888037,24851.723976763784,-1
2023-05-03,current_dynamic_state,311.41778564453125,-0.006544060573083987,0.4,0.4,2513367.4410948656,0.0,10053.469764379463,2482108.8829246634,2472055.413160284,-0.006571140669557773,0.406684644318999,0.0,1.5957888514888037,24689.076916698406,0
2023-05-04,current_dynamic_state,310.3184814453125,-0.003529998124363831,0.4,0.4,2513367.4410948656,0.0,10053.469764379463,2473345.447434621,2463291.9776702416,-0.0035449996158618546,0.4081314702241648,0.0,1.5957888514888037,24601.90864847431,0
2023-05-05,current_dynamic_state,316.91412353515625,0.021254428866513075,0.4,0.4,2513367.4410948656,0.0,10053.469764379463,2525913.3965205825,2515859.926756203,0.021340527051803226,0.3996037163063285,0.0,1.5957888514888037,25124.792292807888,0
2023-05-08,current_dynamic_state,317.6993713378906,0.002477793649506621,1.4,0.4,2513367.4410948656,0.0,10053.469764379463,2532170.4929048335,2522117.023140454,0.002487060713399325,0.3986123432076607,0.0,1.5957888514888037,25187.03047058031,0
2023-05-09,current_dynamic_state,315.6872863769531,-0.006333298528304443,1.4,1.4,2513367.4410948656,25133.674410948646,35187.14417532811,2541084.9291887707,2505897.7850134424,-0.006430803161867615,1.4041731624396385,17.593572087664054,5.585260980210811,7221.62877591664,1
2023-05-10,current_dynamic_state,319.12249755859375,0.01088168998208805,1.4,1.4,2513367.4410948656,0.0,35187.14417532811,2568730.6423453786,2533543.4981700503,0.011032258906146675,1.3888509986405753,0.0,5.585260980210811,7300.196428406018,0
2023-05-11,current_dynamic_state,320.162841796875,0.003260015342823719,1.4,1.4,2513367.4410948656,0.0,35187.14417532811,2577099.1583900256,2541912.0142146973,0.0033030875730735154,1.3842786051821265,0.0,5.585260980210811,7323.979307752374,0
2023-05-12,current_dynamic_state,319.0145263671875,-0.0035866605357534054,1.4,1.4,2513367.4410948656,0.0,35187.14417532811,2567850.3932809243,2532663.249105596,-0.0036385071778177736,1.3893337058432211,0.0,5.585260980210811,7297.69480718871,0
2023-05-15,current_dynamic_state,320.74200439453125,0.005415045035771948,2.4,1.4,2513367.4410948656,0.0,35187.14417532811,2581749.833544685,2546562.6893693567,0.00548807279004393,1.3817505582021241,0.0,5.585260980210811,7337.196280211083,0
2023-05-16,current_dynamic_state,321.1051025390625,0.0011320567295720618,2.4,2.4,2513367.4410948656,25133.67441094866,60320.81858627677,2609807.4597519073,2549486.6411656304,0.00114819549052525,2.3659986136933813,17.59357208766406,9.574733108932822,4326.545164534039,1
2023-05-17,current_dynamic_state,324.9918518066406,0.012104289956293313,2.4,2.4,2513367.4410948656,0.0,60320.81858627677,2641387.751241733,2581066.932655456,0.01238692173550171,2.337049761209309,0.0,9.574733108932822,4378.899048698685,0
2023-05-18,current_dynamic_state,331.0280456542969,0.018573369806353046,2.4,2.4,2513367.4410948656,0.0,60320.81858627677,2690437.648014408,2630116.829428131,0.01900372909826542,2.2934653666845812,0.0,9.574733108932822,4460.21408705898,0
2023-05-19,current_dynamic_state,330.2820739746094,-0.0022534999359737906,2.4,2.4,2513367.4410948656,0.0,60320.81858627677,2684365.1722137574,2624044.3536274806,-0.002308823597760523,2.2987728276349153,0.0,9.574733108932822,4450.147121883491,0
2023-05-22,current_dynamic_state,331.39117431640625,0.0033580397762735803,3.4,2.4,2513367.4410948656,0.0,60320.81858627677,2693369.802502986,2633048.983916709,0.003431584636433671,2.2909113713694924,0.0,9.574733108932822,4465.075019913173,0
2023-05-23,current_dynamic_state,327.1903076171875,-0.01267645919624838,3.4,3.4,2513367.4410948656,25133.67441094866,85454.49299722543,2684011.543760849,2598557.050763624,-0.01309961697020079,3.2885363425872596,17.59357208766406,13.56420523765483,3140.8665005454945,1
2023-05-24,current_dynamic_state,325.51202392578125,-0.005129380829244634,3.4,3.4,2513367.4410948656,0.0,85454.49299722543,2670230.662197573,2584776.1692003477,-0.005303282280920585,3.3060693616524053,0.0,13.56420523765483,3124.739927114507,0
2023-05-25,current_dynamic_state,333.43267822265625,0.02433290850933645,3.4,3.4,2513367.4410948656,0.0,85454.49299722543,2735191.576394414,2649737.0833971887,0.02513212361321715,3.225017815264354,0.0,13.56420523765483,3200.758064860582,0
2023-05-26,current_dynamic_state,341.9519958496094,0.025550337994358685,3.4,3.4,2513367.4410948656,0.0,85454.49299722543,2805063.0814453764,2719608.588448151,0.026369221870639725,3.1421614625061554,0.0,13.56420523765483,3282.522642240066,0
2023-05-30,current_dynamic_state,343.50274658203125,0.004534995412349918,4.4,3.4,2513367.4410948656,0.0,85454.49299722543,2817770.465445846,2732315.9724486205,0.004672504732646354,3.1275479797691057,0.0,13.56420523765483,3297.3929943476865,0
2023-05-31,current_dynamic_state,341.549560546875,-0.005686085641500971,4.4,4.4,2513367.4410948656,25133.67441094866,110588.1674081741,2826704.0962360944,2716115.9288279205,-0.005929052051100059,4.071555497113702,17.59357208766406,17.553677366376842,2556.063783752654,1
2023-06-01,current_dynamic_state,345.4952087402344,0.011552198126215663,4.4,4.4,2716115.9288279205,8920.933460254426,119509.10086842852,2868357.4453596105,2748848.344491182,0.012051185045472756,4.347606193260178,6.244653422178098,18.969698550544212,2400.116329648801,1
2023-06-02,current_dynamic_state,348.0863952636719,0.0074999202822105815,4.4,4.4,2716115.9288279205,0.0,119509.10086842852,2889850.927842142,2770341.8269737135,0.007819086318678004,4.313875627361796,0.0,18.969698550544212,2418.101137773326,0
2023-06-05,current_dynamic_state,348.33172607421875,0.0007047986186332622,4.4,4.4,2716115.9288279205,0.0,119509.10086842852,2891868.721085591,2772359.620217162,0.0007283553328336634,4.310735879895236,0.0,18.969698550544212,2419.789539099071,0
2023-06-06,current_dynamic_state,348.27276611328125,-0.00016926382676074603,4.4,4.4,2716115.9288279205,0.0,119509.10086842852,2891360.2626208193,2771851.1617523907,-0.0001834027811773442,4.311526625869541,0.0,18.969698550544212,2419.3640832458545,0
2023-06-07,current_dynamic_state,342.36419677734375,-0.01696534989478804,4.4,4.4,2716115.9288279205,0.0,119509.10086842852,2842288.3543950203,2722779.2535265917,-0.01770365916573069,4.389232094876521,0.0,18.969698550544212,2378.302852034832,0
2023-06-08,current_dynamic_state,346.61407470703125,0.012413324669142911,4.4,4.4,2716115.9288279205,0.0,119509.10086842852,2877551.632842899,2758042.5319744702,0.012951207264490838,4.333113049669778,0.0,18.969698550544212,2407.809624482816,0
2023-06-09,current_dynamic_state,347.93914794921875,0.0038229066240529352,4.4,4.4,2716115.9288279205,0.0,119509.10086842852,2888533.2743425975,2769024.173474169,0.003981679532634619,4.3159284058718015,0.0,18.969698550544212,2416.998582829837,0
2023-06-12,current_dynamic_state,353.8182067871094,0.01689680184751352,4.4,4.4,2716115.9288279205,0.0,119509.10086842852,2937321.279010563,2817812.1781421346,0.017619205038124974,4.241201801719245,0.0,18.969698550544212,2457.82225593376,0
2023-06-13,current_dynamic_state,356.5370178222656,0.007684203308373494,4.4,4.4,2716115.9288279205,0.0,119509.10086842852,2959873.2832019413,2840364.1823335127,0.00800337381118399,4.207527387218541,0.0,18.969698550544212,2476.6927888283276,0
2023-06-14,current_dynamic_state,359.12811279296875,0.007267393962426594,4.4,4.4,2716115.9288279205,0.0,119509.10086842852,2981364.87873128,2861855.7778628515,0.007566492938832381,4.175930240540435,0.0,18.969698550544212,2494.6760180327706,0
2023-06-15,current_dynamic_state,363.40740966796875,0.011915794733304397,4.4,4.4,2716115.9288279205,0.0,119509.10086842852,3016871.2409527744,2897362.140084346,0.012406761548273915,4.124755384045622,0.0,18.969698550544212,2524.386192373873,0
2023-06-16,current_dynamic_state,361.1205749511719,-0.006292757538670646,4.4,4.4,2716115.9288279205,0.0,119509.10086842852,2997867.8320095195,2878358.731141091,-0.006558865624820331,4.1519877135346,0.0,18.969698550544212,2508.4849691154236,0
2023-06-20,current_dynamic_state,360.60357666015625,-0.001431650055069622,4.4,4.4,2716115.9288279205,0.0,119509.10086842852,2993556.9646641808,2874047.863795752,-0.001497682446145121,4.158215399746091,0.0,18.969698550544212,2504.877823455375,0
2023-06-21,current_dynamic_state,355.68939208984375,-0.013627664527974925,4.4,4.4,2716115.9288279205,0.0,119509.10086842852,2952742.804905804,2833233.7040373753,-0.014200932514907283,4.2181165887631265,0.0,18.969698550544212,2470.726315777888,0
2023-06-22,current_dynamic_state,359.8861389160156,0.01179890915923587,4.4,4.4,2716115.9288279205,0.0,119509.10086842852,2987562.9793329244,2868053.8784644958,0.012289905480618035,4.16690571142309,0.0,18.969698550544212,2499.862318119212,0
2023-06-23,current_dynamic_state,356.3183898925781,-0.009913549419223622,0.0,4.4,2716115.9288279205,0.0,119509.10086842852,2957926.656395714,2838417.555527285,-0.010333251812227884,4.21041296886383,0.0,18.969698550544212,2475.063936471409,0
2023-06-26,current_dynamic_state,351.54180908203125,-0.0134053726836465,0.0,0.0,2716115.9288279205,-119509.10086842852,0.0,2800284.975437855,2800284.975437855,-0.01343445047934344,0.0,83.65637060789996,0.0,inf,-1
2023-06-27,current_dynamic_state,357.5862731933594,0.01719415430873439,0.0,0.0,2716115.9288279205,0.0,0.0,2848433.507413964,2848433.507413964,0.01719415430873439,0.0,0.0,0.0,inf,0
2023-06-28,current_dynamic_state,358.2840881347656,0.0019514589728921727,1.0,0.0,2716115.9288279205,0.0,0.0,2853992.1085406933,2853992.1085406933,0.0019514589728921727,0.0,0.0,0.0,inf,0
2023-06-29,current_dynamic_state,357.5666198730469,-0.0020025122116192895,1.0,1.0,2716115.9288279205,27161.159288279203,27161.159288279203,2875360.4371933583,2848199.277905079,-0.0020297290305320015,0.9536256644323324,19.012811501795444,4.311295125123683,10586.29496140158,1
2023-06-30,current_dynamic_state,363.080322265625,0.015420070236242367,0.0,1.0,2716115.9288279205,0.0,27161.159288279203,2919694.3857942675,2892533.2265059883,0.015565606291957801,0.9390094135958571,0.0,4.311295125123683,10749.520500232098,0
2023-07-03,current_dynamic_state,363.9353942871094,0.002355049197237502,0.0,0.0,2892533.2265059883,-27161.159288279203,0.0,2899326.2269714456,2899326.2269714456,0.0023484606514487805,0.0,19.012811501795444,0.0,inf,-1
2023-07-05,current_dynamic_state,363.925537109375,-2.708496587333631e-05,0.0,0.0,2892533.2265059883,0.0,0.0,2899247.6988195325,2899247.6988195325,-2.708496587333631e-05,0.0,0.0,0.0,inf,0
2023-07-06,current_dynamic_state,361.1539306640625,-0.007615861385620537,0.0,0.0,2892533.2265059883,0.0,0.0,2877167.4302227437,2877167.4302227437,-0.007615861385620537,0.0,0.0,0.0,inf,0
2023-07-07,current_dynamic_state,359.95489501953125,-0.003320012722349608,0.0,0.0,2892533.2265059883,0.0,0.0,2867615.1977500743,2867615.1977500743,-0.003320012722349608,0.0,0.0,0.0,inf,0
2023-07-10,current_dynamic_state,360.07281494140625,0.0003275963836208984,0.0,0.0,2892533.2265059883,0.0,0.0,2868554.618118474,2868554.618118474,0.0003275963836208984,0.0,0.0,0.0,inf,0
2023-07-11,current_dynamic_state,361.8517761230469,0.004940559541908529,0.0,0.0,2892533.2265059883,0.0,0.0,2882726.8830085048,2882726.8830085048,0.004940559541908529,0.0,0.0,0.0,inf,0
2023-07-12,current_dynamic_state,366.4220275878906,0.012630175575785163,0.0,0.0,2892533.2265059883,0.0,0.0,2919136.229677938,2919136.229677938,0.012630175575785163,0.0,0.0,0.0,inf,0
2023-07-13,current_dynamic_state,372.6433410644531,0.016978546616088108,0.0,0.0,2892533.2265059883,0.0,0.0,2968698.9202322364,2968698.9202322364,0.016978546616088108,0.0,0.0,0.0,inf,0
2023-07-14,current_dynamic_state,372.564697265625,-0.00021104308104225034,0.0,0.0,2892533.2265059883,0.0,0.0,2968072.396865424,2968072.396865424,-0.00021104308104225034,0.0,0.0,0.0,inf,0
2023-07-17,current_dynamic_state,376.0439453125,0.009338641241132928,0.0,0.0,2892533.2265059883,0.0,0.0,2995790.1601574593,2995790.1601574593,0.009338641241132928,0.0,0.0,0.0,inf,0
2023-07-18,current_dynamic_state,379.1202087402344,0.0081805955556018,0.0,0.0,2892533.2265059883,0.0,0.0,3020297.507827159,3020297.507827159,0.0081805955556018,0.0,0.0,0.0,inf,0
2023-07-19,current_dynamic_state,379.03179931640625,-0.0002331962838960644,0.0,0.0,2892533.2265059883,0.0,0.0,3019593.185672073,3019593.185672073,-0.0002331962838960644,0.0,0.0,0.0,inf,0
2023-07-20,current_dynamic_state,370.2944030761719,-0.023051881810424613,0.0,0.0,2892533.2265059883,0.0,0.0,2949985.880440397,2949985.880440397,-0.0230518818104245,0.0,0.0,0.0,inf,0
2023-07-21,current_dynamic_state,369.1837158203125,-0.002999470817361738,0.0,0.0,2892533.2265059883,0.0,0.0,2941137.483880387,2941137.483880387,-0.002999470817361738,0.0,0.0,0.0,inf,0
2023-07-24,current_dynamic_state,369.7735290527344,0.0015976144319131969,0.0,0.0,2892533.2265059883,0.0,0.0,2945836.287570875,2945836.287570875,0.0015976144319131969,0.0,0.0,0.0,inf,0
2023-07-25,current_dynamic_state,372.27972412109375,0.0067776486726338625,0.0,0.0,2892533.2265059883,0.0,0.0,2965802.1309751268,2965802.1309751268,0.0067776486726338625,0.0,0.0,0.0,inf,0
2023-07-26,current_dynamic_state,371.0412902832031,-0.003326621778326544,0.0,0.0,2892533.2265059883,0.0,0.0,2955936.0290160174,2955936.0290160174,-0.003326621778326655,0.0,0.0,0.0,inf,0
2023-07-27,current_dynamic_state,370.1567687988281,-0.00238388963045022,0.0,0.0,2892533.2265059883,0.0,0.0,2948889.403768172,2948889.403768172,-0.00238388963045022,0.0,0.0,0.0,inf,0
2023-07-28,current_dynamic_state,376.8990783691406,0.018214740722401368,1.0,0.0,2892533.2265059883,0.0,0.0,3002602.659676846,3002602.659676846,0.018214740722401368,0.0,0.0,0.0,inf,0
2023-07-31,current_dynamic_state,377.0956115722656,0.0005214478209270013,1.0,1.0,2892533.2265059883,28925.332265059882,28925.332265059882,3033083.92599408,3004158.59372902,0.0005181951222081871,0.9628430511438236,20.247732585541918,4.591322581755537,10485.908677556901,1
2023-08-01,current_dynamic_state,376.2209167480469,-0.0023195571557350636,1.0,1.0,3004158.59372902,1116.2536722303194,30041.5859372902,3027156.6308568083,2997115.0449195183,-0.0023445995242078466,1.0023501095900345,0.7813775705612236,4.768505704331779,10076.554004757922,1
2023-08-02,current_dynamic_state,367.965087890625,-0.021944098506757825,1.0,1.0,3004158.59372902,0.0,30041.5859372902,2960723.6390481973,2930682.0531109073,-0.02216564623410877,1.0250714814116795,0.0,4.768505704331779,9855.417238052976,0
2023-08-03,current_dynamic_state,367.3753662109375,-0.001602656608180153,1.0,1.0,3004158.59372902,0.0,30041.5859372902,2955973.8472373774,2925932.2613000874,-0.0016207120816050802,1.0267355240801692,0.0,4.768505704331779,9839.606515474165,0
2023-08-04,current_dynamic_state,365.6553955078125,-0.00468178016633114,2.0,1.0,3004158.59372902,0.0,30041.5859372902,2942129.859001484,2912088.273064194,-0.004731479405385208,1.0316165967620023,0.0,4.768505704331779,9793.523767829643,0
2023-08-07,current_dynamic_state,368.75128173828125,0.008466677282771284,2.0,2.0,3004158.59372902,30041.5859372902,60083.1718745804,2997305.1172238844,2937221.945349304,0.008630807148803932,2.045578202549999,21.02911015610314,9.537011408663558,4988.593351031064,1
2023-08-08,current_dynamic_state,365.6160583496094,-0.008502271161994424,2.0,2.0,3004158.59372902,0.0,60083.1718745804,2971811.679350605,2911728.5074760243,-0.008679438717133725,2.0634881212418508,0.0,9.537011408663558,4946.1631046278035,0
2023-08-09,current_dynamic_state,361.5962219238281,-0.010994693296368818,2.0,2.0,3004158.59372902,0.0,60083.1718745804,2939127.9843901694,2879044.812515589,-0.011224842864476559,2.0869133961858077,0.0,9.537011408663558,4891.765685282731,0
2023-08-10,current_dynamic_state,362.2645568847656,0.0018482907741173005,2.0,2.0,3004158.59372902,0.0,60083.1718745804,2944550.810516259,2884467.6386416787,0.0018835504409364656,2.08298997949147,0.0,9.537011408663558,4900.79121765211,0
2023-08-11,current_dynamic_state,359.95489501953125,-0.006375621962843803,3.0,2.0,3004158.59372902,0.0,60083.1718745804,2925767.9306866135,2865684.758812033,-0.006511731862760883,2.0966427549235327,0.0,9.537011408663558,4869.529752513662,0
2023-08-14,current_dynamic_state,363.994384765625,0.011222210899158869,3.0,3.0,3004158.59372902,30041.585937290212,90124.75781187062,2988944.6637768196,2898819.905964949,0.011562732799211384,3.1090154178401845,21.029110156103147,14.305517112995336,3316.452367079911,1
2023-08-15,current_dynamic_state,360.1318664550781,-0.010611477737586417,3.0,3.0,3004158.59372902,0.0,90124.75781187062,2957213.2385011613,2867088.480689291,-0.01094632516161631,3.143424363038956,0.0,14.305517112995336,3281.2440336030036,0
2023-08-16,current_dynamic_state,356.3183898925781,-0.010589111705213927,3.0,3.0,3004158.59372902,0.0,90124.75781187062,2925884.671665422,2835759.9138535517,-0.01092696198486598,3.1781519081211247,0.0,14.305517112995336,3246.4827009832416,0
2023-08-17,current_dynamic_state,352.4263610839844,-0.010922896260749049,3.0,3.0,3004158.59372902,0.0,90124.75781187062,2893911.231408792,2803786.4735969217,-0.011275087182250565,3.2143944861910745,0.0,14.305517112995336,3211.0058342122124,0
2023-08-18,current_dynamic_state,351.984130859375,-0.0012548159656649016,3.0,3.0,3004158.59372902,0.0,90124.75781187062,2890265.5998752904,2800140.84206342,-0.0013002529143472108,3.218579453505553,0.0,14.305517112995336,3206.960739809727,0
2023-08-21,current_dynamic_state,357.655029296875,0.016111233263995217,3.0,3.0,3004158.59372902,0.0,90124.75781187062,2936817.0376326693,2846692.279820799,0.016624677251261044,3.1659466128718354,0.0,14.305517112995336,3258.612959341403,0
2023-08-22,current_dynamic_state,357.14398193359375,-0.001428883481062515,3.0,3.0,3004158.59372902,0.0,90124.75781187062,2932606.3627635804,2842481.60495171,-0.001479146481316862,3.1706364486183443,0.0,14.305517112995336,3253.9409080967516,0
2023-08-23,current_dynamic_state,362.77569580078125,0.01576874916580473,3.0,3.0,3004158.59372902,0.0,90124.75781187062,2978835.5913829296,2888710.833571059,0.01626368611807938,3.1198954483255528,0.0,14.305517112995336,3305.2356130610074,0
2023-08-24,current_dynamic_state,355.02105712890625,-0.021375849489469245,3.0,3.0,3004158.59372902,0.0,90124.75781187062,2915146.144610541,2825021.3867986705,-0.022047705859729483,3.1902327618836357,0.0,14.305517112995336,3234.567521053108,0
2023-08-25,current_dynamic_state,357.7729797363281,0.007751434885797881,3.0,3.0,3004158.59372902,0.0,90124.75781187062,2937728.4046159615,2847603.646804091,0.007993659839514056,3.164933361179636,0.0,14.305517112995336,3259.624187560395,0
2023-08-28,current_dynamic_state,360.4660339355469,0.007527271067824914,3.0,3.0,3004158.59372902,0.0,90124.75781187062,2959827.1771240416,2869702.419312171,0.007760480477289056,3.140561098090174,0.0,14.305517112995336,3284.1443893835276,0
2023-08-29,current_dynamic_state,368.3385009765625,0.021839691676534656,3.0,3.0,3004158.59372902,0.0,90124.75781187062,3024454.584571146,2934329.8267592755,0.022520595519654796,3.071391531721775,0.0,14.305517112995336,3355.8532172530126,0
2023-08-30,current_dynamic_state,370.392578125,0.005576601802395276,3.0,3.0,3004158.59372902,0.0,90124.75781187062,3041306.457941615,2951181.7001297446,0.005743005853258376,3.053853234719787,0.0,14.305517112995336,3374.5516013370466,0
2023-08-31,current_dynamic_state,371.5032653808594,0.0029986757874087555,3.0,3.0,3004158.59372902,0.0,90124.75781187062,3050412.0444620214,2960287.286650151,0.0030854035588543383,3.0444598474716087,0.0,14.305517112995336,3384.6549145014646,0
2023-09-01,current_dynamic_state,371.1100769042969,-0.0010583715224128376,3.0,3.0,2960287.286650151,-1316.1392123660917,88808.61859950452,3045853.8120459327,2957045.193446428,-0.0010951954623943383,3.003289188691713,0.9212974486562642,14.096606126905481,3429.6826817920196,-1
2023-09-05,current_dynamic_state,371.5818786621094,0.0012713256448009247,3.0,3.0,2960287.286650151,0.0,88808.61859950452,3049711.9875013744,2960903.3689018697,0.0013047401047479035,2.99937578281866,0.0,14.096606126905481,3434.027052323038,0
2023-09-06,current_dynamic_state,368.30902099609375,-0.008807904405348399,3.0,3.0,2960287.286650151,0.0,88808.61859950452,3022836.3192454902,2934027.7006459855,-0.00907684747099724,3.0268500389396977,0.0,14.096606126905481,3403.7645973049234,0
2023-09-07,current_dynamic_state,365.6750183105469,-0.007151610564474331,3.0,3.0,2960287.286650151,0.0,88808.61859950452,3001204.0744839706,2912395.455884466,-0.007372883615501258,3.0493324119177427,0.0,14.096606126905481,3379.4063254359803,0
2023-09-08,current_dynamic_state,366.18609619140625,0.0013976286463883714,3.0,3.0,2960287.286650151,0.0,88808.61859950452,3005384.546666,2916575.9280664953,0.0014354067795232517,3.044961653317183,0.0,14.096606126905481,3384.1136075083227,0
2023-09-11,current_dynamic_state,370.500732421875,0.011782632588577258,3.0,3.0,2960287.286650151,0.0,88808.61859950452,3040781.7919606264,2951973.1733611217,0.012136575960185025,3.0084493789076983,0.0,14.096606126905481,3423.971501767725,0
2023-09-12,current_dynamic_state,366.3924865722656,-0.011088360939949471,3.0,3.0,2960287.286650151,0.0,88808.61859950452,3007050.4093056135,2918241.790706109,-0.011426723982252973,3.0432234533251634,0.0,14.096606126905481,3385.9893968921506,0
2023-09-13,current_dynamic_state,367.78814697265625,0.003809194924949244,3.0,3.0,2960287.286650151,0.0,88808.61859950452,3018490.75385768,2929682.1352581754,0.0039202867248702145,3.0313397324136107,0.0,14.096606126905481,3398.871417502851,0
2023-09-14,current_dynamic_state,370.795654296875,0.008177281810124004,3.0,3.0,2960287.286650151,0.0,88808.61859950452,3043159.706787101,2954351.0881875963,0.008420351352296684,3.006027921142774,0.0,14.096606126905481,3426.6490739042747,0
2023-09-15,current_dynamic_state,364.44647216796875,-0.017123129829948902,3.0,3.0,2960287.286650151,0.0,88808.61859950452,2991037.1914283894,2902228.5728288847,-0.01764262736650135,3.060014618798279,0.0,14.096606126905481,3367.9582439142646,0
2023-09-18,current_dynamic_state,364.8263854980469,0.0010424393130166187,3.0,3.0,2960287.286650151,0.0,88808.61859950452,2994141.0695773023,2905332.4509777976,0.001069480942325507,3.056745487753587,0.0,14.096606126905481,3371.4532629764462,0
2023-09-19,current_dynamic_state,364.048828125,-0.002131307942503602,3.0,3.0,2960287.286650151,0.0,88808.61859950452,2987745.536328609,2898936.9177291044,-0.0022013085788309406,3.0634891727507187,0.0,14.096606126905481,3364.2517848434118,0
2023-09-20,current_dynamic_state,358.8027038574219,-0.014410496236446635,3.0,3.0,2960287.286650151,0.0,88808.61859950452,2944676.5439157584,2855867.9253162537,-0.01485682290961643,3.109689275622577,0.0,14.096606126905481,3315.7553741435936,0
2023-09-21,current_dynamic_state,352.22784423828125,-0.018324442788349993,3.0,3.0,2960287.286650151,0.0,88808.61859950452,2890702.890450451,2801894.2718509464,-0.01889921203528011,3.1695920681845386,0.0,14.096606126905481,3254.980131474062,0
2023-09-22,current_dynamic_state,352.277099609375,0.00013983951552809515,0.0,3.0,2960287.286650151,0.0,88808.61859950452,2891093.0283360602,2802284.4097365555,0.000139240759199577,3.1691507932220726,0.0,14.096606126905481,3255.419433302828,0
2023-09-25,current_dynamic_state,353.9502868652344,0.004749633903863515,0.0,0.0,2960287.286650151,-88808.61859950452,0.0,2815531.7734783906,2815531.7734783906,0.004727344482168494,0.0,62.16603301965316,0.0,inf,-1
2023-09-26,current_dynamic_state,348.6352844238281,-0.015016239959793953,0.0,0.0,2960287.286650151,0.0,0.0,2773253.072753415,2773253.072753415,-0.015016239959793953,0.0,0.0,0.0,inf,0
2023-09-27,current_dynamic_state,349.4522399902344,0.0023432957101756635,0.0,0.0,2960287.286650151,0.0,0.0,2779751.6247820295,2779751.6247820295,0.0023432957101756635,0.0,0.0,0.0,inf,0
2023-09-28,current_dynamic_state,352.3755187988281,0.008365317127958516,0.0,0.0,2960287.286650151,0.0,0.0,2803005.128660289,2803005.128660289,0.008365317127958516,0.0,0.0,0.0,inf,0
2023-09-29,current_dynamic_state,352.6313781738281,0.0007260986117088031,0.0,0.0,2960287.286650151,0.0,0.0,2805040.386792822,2805040.386792822,0.0007260986117088031,0.0,0.0,0.0,inf,0
2023-10-02,current_dynamic_state,355.57440185546875,0.008345892804212829,0.0,0.0,2805040.386792822,0.0,0.0,2828450.9531724826,2828450.9531724826,0.008345892804212829,0.0,0.0,0.0,inf,0
2023-10-03,current_dynamic_state,349.3341369628906,-0.017549814778608952,0.0,0.0,2805040.386792822,0.0,0.0,2778812.1628339253,2778812.1628339253,-0.017549814778609063,0.0,0.0,0.0,inf,0
2023-10-04,current_dynamic_state,354.0881042480469,0.013608653670343251,0.0,0.0,2805040.386792822,0.0,0.0,2816628.05517287,2816628.05517287,0.013608653670343251,0.0,0.0,0.0,inf,0
2023-10-05,current_dynamic_state,353.0448303222656,-0.0029463681870838254,0.0,0.0,2805040.386792822,0.0,0.0,2808329.2318762606,2808329.2318762606,-0.0029463681870839364,0.0,0.0,0.0,inf,0
2023-10-06,current_dynamic_state,358.960205078125,0.01675530767710076,0.0,0.0,2805040.386792822,0.0,0.0,2855383.6522149434,2855383.6522149434,0.01675530767710076,0.0,0.0,0.0,inf,0
2023-10-09,current_dynamic_state,360.7909240722656,0.00510006114394268,0.0,0.0,2805040.386792822,0.0,0.0,2869946.283430654,2869946.283430654,0.00510006114394268,0.0,0.0,0.0,inf,0
2023-10-10,current_dynamic_state,362.7889404296875,0.005537878655233808,0.0,0.0,2805040.386792822,0.0,0.0,2885839.697695332,2885839.697695332,0.005537878655233808,0.0,0.0,0.0,inf,0
2023-10-11,current_dynamic_state,365.3775939941406,0.007135425797123673,1.0,0.0,2805040.386792822,0.0,0.0,2906431.392720631,2906431.392720631,0.007135425797123673,0.0,0.0,0.0,inf,0
2023-10-12,current_dynamic_state,364.10791015625,-0.0034749909648564836,1.0,1.0,2805040.386792822,28050.403867928217,28050.403867928217,2924260.479363542,2896210.0754956137,-0.0035167928789294756,0.9685210373811746,19.635282707549752,4.452445058401304,10425.020948475656,1
2023-10-13,current_dynamic_state,359.53106689453125,-0.012570018761071888,1.0,1.0,2805040.386792822,0.0,28050.403867928217,2887498.017830623,2859447.6139626945,-0.012693299372155575,0.980972819049315,0.0,4.452445058401304,10293.962366552876,0
2023-10-16,current_dynamic_state,363.5960693359375,0.011306401075483974,1.0,1.0,2805040.386792822,0.0,28050.403867928217,2920140.7760798223,2892090.372211894,0.01141575669713446,0.9699006689917177,0.0,4.452445058401304,10410.334160709186,0
2023-10-17,current_dynamic_state,362.40509033203125,-0.003275555222809312,1.0,1.0,2805040.386792822,0.0,28050.403867928217,2910571.241264337,2882520.837396409,-0.003308864379699905,0.9731205930592439,0.0,4.452445058401304,10376.218663262014,0
2023-10-18,current_dynamic_state,357.6511535644531,-0.013117742808807176,2.0,1.0,2805040.386792822,0.0,28050.403867928217,2872386.6638496625,2844336.259981734,-0.013246938901286254,0.9861845191295474,0.0,4.452445058401304,10240.090222493523,0
2023-10-19,current_dynamic_state,354.3046569824219,-0.009356873446874414,2.0,2.0,2805040.386792822,28050.403867928217,56100.80773585643,2873269.6886863653,2817168.8809505086,-0.009551394964602444,1.9913895867303528,19.635282707549752,8.904890116802608,5121.619107900893,1
2023-10-20,current_dynamic_state,349.0191650390625,-0.014917929638225469,2.0,2.0,2805040.386792822,0.0,56100.80773585643,2830397.548748779,2774296.7410129225,-0.015218164671448875,2.022163199289687,0.0,8.904890116802608,5045.199281399563,0
2023-10-23,current_dynamic_state,350.07232666015625,0.003017489371897053,2.0,2.0,2805040.386792822,0.0,56100.80773585643,2838929.3383802553,2782828.5306443986,0.0030752981486621422,2.015963510438266,0.0,8.904890116802608,5060.407243594415,0
2023-10-24,current_dynamic_state,353.4778137207031,0.009727952772036419,2.0,2.0,2805040.386792822,0.0,56100.80773585643,2866537.4040170503,2810436.5962811937,0.00992086480815324,1.9961598781516636,0.0,8.904890116802608,5109.6187732515,0
2023-10-25,current_dynamic_state,344.82623291015625,-0.02447559783025821,2.0,2.0,2805040.386792822,0.0,56100.80773585643,2796368.28246082,2740267.4747249633,-0.024967338401826633,2.0472748829559855,0.0,8.904890116802608,4984.541926075587,0
2023-10-26,current_dynamic_state,338.2513427734375,-0.019067256227085938,2.0,2.0,2805040.386792822,0.0,56100.80773585643,2743040.3070237264,2686939.49928787,-0.019460865017363327,2.0879073663819026,0.0,8.904890116802608,4889.484514980579,0
2023-10-27,current_dynamic_state,339.8753356933594,0.00480114256637143,0.1,2.0,2805040.386792822,0.0,56100.80773585643,2756201.1297129337,2700100.321977077,0.004898071837008411,2.0777304931684206,0.0,8.904890116802608,4912.943754197192,0
2023-10-30,current_dynamic_state,343.7041320800781,0.01126529637376561,0.1,0.1,2805040.386792822,-53295.76734906361,2805.0403867928217,2733316.219784659,2730511.179397866,0.011262862040074761,0.10272949651176272,37.30703714434453,0.4452445058401304,97443.02551414708,-1
2023-10-31,current_dynamic_state,345.34783935546875,0.004782332017491342,0.0,0.1,2805040.386792822,0.0,2805.0403867928217,2746387.4002119573,2743582.3598251645,0.00478708182040144,0.10224006495549759,0.0,0.4452445058401304,97909.01454192871,0
2023-11-01,current_dynamic_state,351.34197998046875,0.01735682098427782,0.0,0.0,2743582.3598251645,-2805.0403867928217,0.0,2791200.230091393,2791200.230091393,0.017356092881885665,0.0,1.963528270754975,0.0,inf,-1
2023-11-02,current_dynamic_state,357.72003173828125,0.018153400735565484,0.0,0.0,2743582.3598251645,0.0,0.0,2841870.006401445,2841870.006401445,0.018153400735565484,0.0,0.0,0.0,inf,0
2023-11-03,current_dynamic_state,361.9228210449219,0.011748822916675561,0.0,0.0,2743582.3598251645,0.0,0.0,2875258.633858867,2875258.633858867,0.011748822916675561,0.0,0.0,0.0,inf,0
2023-11-06,current_dynamic_state,363.3992004394531,0.004079265823218048,0.0,0.0,2743582.3598251645,0.0,0.0,2886987.57813688,2886987.57813688,0.004079265823218048,0.0,0.0,0.0,inf,0
2023-11-07,current_dynamic_state,366.8343505859375,0.009452828025846793,0.0,0.0,2743582.3598251645,0.0,0.0,2914277.7752257637,2914277.7752257637,0.009452828025846793,0.0,0.0,0.0,inf,0
2023-11-08,current_dynamic_state,367.070556640625,0.0006439038609939995,0.0,0.0,2743582.3598251645,0.0,0.0,2916154.2899372405,2916154.2899372405,0.0006439038609939995,0.0,0.0,0.0,inf,0
2023-11-09,current_dynamic_state,364.24566650390625,-0.0076957687987064816,1.0,0.0,2743582.3598251645,0.0,0.0,2893712.2407405274,2893712.2407405274,-0.0076957687987064816,0.0,0.0,0.0,inf,0
2023-11-10,current_dynamic_state,372.43475341796875,0.02248231802635514,1.0,1.0,2743582.3598251645,27435.823598251645,27435.823598251645,2986798.2523795236,2959362.428781272,0.02268718607070075,0.9270856226133242,19.205076518776153,4.354892634643119,10886.49021846699,1
2023-11-13,current_dynamic_state,371.27325439453125,-0.0031186644446523637,1.0,1.0,2743582.3598251645,0.0,27435.823598251645,2977479.0759738428,2950043.252375591,-0.0031490486988167143,0.9300142828807106,0.0,4.354892634643119,10852.523035479728,0
2023-11-14,current_dynamic_state,379.2655029296875,0.02152659379730948,1.0,1.0,2743582.3598251645,0.0,27435.823598251645,3041569.703689685,3014133.8800914334,0.02172531798109456,0.9102390500789362,0.0,4.354892634643119,11086.125017524568,0
2023-11-15,current_dynamic_state,379.5509338378906,0.0007525886377703905,1.0,1.0,2743582.3598251645,0.0,27435.823598251645,3043854.399597034,3016418.575998782,0.0007579941695488035,0.9095496167725073,0.0,4.354892634643119,11094.452436233787,0
2023-11-16,current_dynamic_state,379.8757629394531,0.0008558247987375811,2.0,1.0,2743582.3598251645,0.0,27435.823598251645,3046455.050783321,3019019.227185069,0.0008621652203641972,0.9087661102388137,0.0,4.354892634643119,11103.931470741256,0
2023-11-17,current_dynamic_state,379.9643249511719,0.0002331341463679415,2.0,2.0,2743582.3598251645,27435.823598251645,54871.64719650329,3074579.5839674524,3019707.936770949,0.00022812361699409145,1.8171176930169926,19.205076518776153,8.709785269286238,5603.220863694759,1
2023-11-20,current_dynamic_state,384.5903625488281,0.012174926154582266,2.0,2.0,2743582.3598251645,0.0,54871.64719650329,3112003.6535733733,3057132.00637687,0.012393274578050617,1.7948733349442076,0.0,8.709785269286238,5671.423790922185,0
2023-11-21,current_dynamic_state,382.3561096191406,-0.0058094355638041995,2.0,2.0,2743582.3598251645,0.0,54871.64719650329,3093915.9590883465,3039044.311891843,-0.005916556578943188,1.8055560092292633,0.0,8.709785269286238,5638.460146837922,0
2023-11-22,current_dynamic_state,383.92108154296875,0.004092969575893557,2.0,2.0,2743582.3598251645,0.0,54871.64719650329,3106570.5531939976,3051698.9059974942,0.00416400447210763,1.79806884252782,0.0,8.709785269286238,5661.522319657946,0
2023-11-24,current_dynamic_state,383.3797607421875,-0.0014099793598353338,3.0,2.0,2743582.3598251645,0.0,54871.64719650329,3102181.6430488527,3047309.9958523493,-0.0014381858369183487,1.8006585241143276,0.0,8.709785269286238,5653.523817026109,0
2023-11-27,current_dynamic_state,383.04510498046875,-0.0008729093081776274,3.0,3.0,2743582.3598251645,27435.823598251656,82307.47079475495,3126853.3414393,3044545.870644545,-0.0009070705676699209,2.703439997024254,19.20507651877616,13.064677903929358,3798.9909193498866,1
2023-11-28,current_dynamic_state,384.04901123046875,0.0026208564916949673,3.0,3.0,2743582.3598251645,0.0,82307.47079475495,3135035.3106398857,3052727.8398451307,0.0026874185997576294,2.6961941945971355,0.0,13.064677903929358,3808.931656346882,0
2023-11-29,current_dynamic_state,383.67498779296875,-0.0009738950669385682,3.0,3.0,2743582.3598251645,0.0,82307.47079475495,3131969.050538271,3049661.579743516,-0.0010044328425196092,2.698905063481739,0.0,13.064677903929358,3805.2062835805864,0
2023-11-30,current_dynamic_state,382.7104187011719,-0.0025140265132876927,3.0,3.0,2743582.3598251645,0.0,82307.47079475495,3124082.1326285177,3041774.6618337627,-0.0025861616784432773,2.7059029660380927,0.0,13.064677903929358,3795.624021079263,0
2023-12-01,current_dynamic_state,383.802978515625,0.002854795064532123,4.0,3.0,3041774.6618337627,8945.769060257924,91253.23985501287,3141951.2897231327,3050698.04986812,0.0029336124553611675,2.991224905360847,6.262038342180547,14.48464124682744,3443.1120415178707,1
2023-12-04,current_dynamic_state,380.2399597167969,-0.009283457915330029,4.0,4.0,3041774.6618337627,30417.74661833764,121670.98647335051,3142878.074290379,3021207.0878170286,-0.00966695542102769,4.02723093574045,21.292422632836345,19.31285499576992,2583.0957448337617,1
2023-12-05,current_dynamic_state,381.1947021484375,0.002510894521322138,4.0,4.0,3041774.6618337627,0.0,121670.98647335051,3150750.1967733023,3029079.210299952,0.0026056216121919107,4.016764766653367,0.0,19.31285499576992,2589.5657527716426,0
2023-12-06,current_dynamic_state,378.9898681640625,-0.0057840100398783845,4.0,4.0,3041774.6618337627,0.0,121670.98647335051,3132506.9131470206,3010835.9266736703,-0.006022715934349887,4.0411031831871,0.0,19.31285499576992,2574.5718054428125,0
2023-12-07,current_dynamic_state,384.2852478027344,0.013972351462386623,4.0,4.0,3041774.6618337627,0.0,121670.98647335051,3176256.0878408705,3054585.10136752,0.01453057415260206,3.9832246421577553,0.0,19.31285499576992,2610.5287545577376,0
2023-12-08,current_dynamic_state,385.9978942871094,0.0044567062986871075,4.0,4.0,3041774.6618337627,0.0,121670.98647335051,3190392.4154987982,3068721.429025448,0.004627904343407874,3.9648755772527156,0.0,19.31285499576992,2622.147241485206,0
2023-12-11,current_dynamic_state,389.2951354980469,0.008542122275115194,4.0,4.0,3041774.6618337627,0.0,121670.98647335051,3217625.824762593,3095954.8382892427,0.008874513341682988,3.9299987509050114,0.0,19.31285499576992,2644.530070829455,0
2023-12-12,current_dynamic_state,392.39556884765625,0.007964223199560028,4.0,4.0,3041774.6618337627,0.0,121670.98647335051,3243232.4021486747,3121561.4156753244,0.008270978978566434,3.8977604561090455,0.0,19.31285499576992,2665.575825555616,0
2023-12-13,current_dynamic_state,397.3857727050781,0.012717278821666067,4.0,4.0,3041774.6618337627,0.0,121670.98647335051,3284458.180035265,3162787.193561915,0.013206780965311138,3.846954569723209,0.0,19.31285499576992,2699.458823533626,0
2023-12-14,current_dynamic_state,397.0412902832031,-0.0008668715528742377,4.0,4.0,3041774.6618337627,0.0,121670.98647335051,3281591.6638173917,3159920.6773440414,-0.0009063259847860161,3.8504443274701665,0.0,19.31285499576992,2697.102866455477,0
2023-12-15,current_dynamic_state,398.9605712890625,0.004833958212483003,4.0,4.0,3041774.6618337627,0.0,121670.98647335051,3297435.427935722,3175764.4414623715,0.0050139752658751036,3.831234611888394,0.0,19.31285499576992,2710.1246759908177,0
2023-12-18,current_dynamic_state,401.4734802246094,0.006298639806503914,4.0,4.0,3041774.6618337627,0.0,121670.98647335051,3318185.473126498,3196514.4866531477,0.006533874150068009,3.8063643065401496,0.0,19.31285499576992,2727.1789021397285,0
2023-12-19,current_dynamic_state,403.52490234375,0.005109732573102876,4.0,4.0,3041774.6618337627,0.0,121670.98647335051,3335121.2006671336,3213450.2141937832,0.005298185761819507,3.7863037658380625,0.0,19.31285499576992,2741.0981839927977,0
2023-12-20,current_dynamic_state,397.5285949707031,-0.014859819897654836,4.0,4.0,3041774.6618337627,0.0,121670.98647335051,3285542.5874333736,3163871.6009600232,-0.01542846782401408,3.845636037708721,0.0,19.31285499576992,2700.350085641003,0
2023-12-21,current_dynamic_state,402.15399169921875,0.011635381170143289,4.0,4.0,3041774.6618337627,0.0,121670.98647335051,3323751.8149339035,3202080.828460553,0.012076731397360208,3.7997475076806726,0.0,19.31285499576992,2731.7538151643917,0
2023-12-22,current_dynamic_state,402.755615234375,0.0014960028933548308,4.0,4.0,3041774.6618337627,0.0,121670.98647335051,3328704.8444108423,3207033.857937492,0.0015468158807596666,3.793879075277352,0.0,19.31285499576992,2735.8246537599375,0
2023-12-26,current_dynamic_state,405.22119140625,0.0061217673413198614,4.0,4.0,3041774.6618337627,0.0,121670.98647335051,3349063.088161254,3227392.1016879035,0.006347997761241064,3.7699474572586773,0.0,19.31285499576992,2752.55686276103,0
2023-12-27,current_dynamic_state,406.0460510253906,0.0020355786830350553,4.0,4.0,3041774.6618337627,0.0,121670.98647335051,3355861.0567366583,3234190.070263308,0.002106334886253558,3.762023376178531,0.0,19.31285499576992,2758.1440358188347,0
2023-12-28,current_dynamic_state,405.84869384765625,-0.0004860462926211673,4.0,4.0,3041774.6618337627,0.0,121670.98647335051,3354210.640056484,3232539.6535831336,-0.000510302933445117,3.763944127908326,0.0,19.31285499576992,2756.787577119837,0
2023-12-29,current_dynamic_state,404.0923767089844,-0.0043275170409471375,4.0,4.0,3041774.6618337627,0.0,121670.98647335051,3339675.9234977174,3218004.937024367,-0.004496376878982855,3.780944680148861,0.0,19.31285499576992,2744.8416588857062,0
2024-01-02,current_dynamic_state,397.2541809082031,-0.01692235784419638,4.0,4.0,3218004.937024367,7049.211007624166,128720.19748097468,3290065.3714504824,3161345.1739695077,-0.017607108803024962,4.071690701188083,4.9344477053369165,20.43177737793249,2555.982227992438,1
2024-01-03,current_dynamic_state,393.05059814453125,-0.01058159477154308,4.0,4.0,3218004.937024367,0.0,128720.19748097468,3255230.801140529,3126510.6036595544,-0.011018907583006388,4.11705616255735,0.0,20.43177737793249,2528.9199867966827,0
2024-01-04,current_dynamic_state,391.02783203125,-0.005146324984187989,4.0,4.0,3218004.937024367,0.0,128720.19748097468,3238457.893761943,3109737.6962809684,-0.005364737083876636,4.139262216067778,0.0,20.43177737793249,2515.8894696697457,0
2024-01-05,current_dynamic_state,391.4916076660156,0.0011860425186527301,4.0,4.0,3218004.937024367,0.0,128720.19748097468,3242278.410741433,3113558.2132604583,0.0012285656710078197,4.13418310063268,0.0,20.43177737793249,2518.857548537131,0
2024-01-08,current_dynamic_state,399.5828857421875,0.02066781999340983,4.0,4.0,3218004.937024367,0.0,128720.19748097468,3309268.805525778,3180548.608044803,0.02151570331944863,4.047106752444937,0.0,20.43177737793249,2570.9009699234653,0
2024-01-09,current_dynamic_state,400.372314453125,0.00197563193796757,4.0,4.0,3218004.937024367,0.0,128720.19748097468,3315786.2708919165,3187066.0734109418,0.0020491638925603795,4.038830526761327,0.0,20.43177737793249,2575.964250973125,0
2024-01-10,current_dynamic_state,403.0859069824219,0.006777672759424869,4.0,4.0,3218004.937024367,0.0,128720.19748097468,3338239.1533988374,3209518.9559178627,0.0070450006337303694,4.0105760161856745,0.0,20.43177737793249,2593.4074206903247,0
2024-01-11,current_dynamic_state,403.9245910644531,0.0020806584092949443,4.0,4.0,3218004.937024367,0.0,128720.19748097468,3345164.4569882164,3216444.2595072417,0.0021577388027604893,4.001940873077483,0.0,20.43177737793249,2598.787542633039,0
2024-01-12,current_dynamic_state,404.1318054199219,0.0005130025753636858,4.0,4.0,3218004.937024367,0.0,128720.19748097468,3346860.1031922884,3218139.9057113137,0.000527180348006917,3.9998322401251643,0.0,20.43177737793249,2600.104854319359,0
2024-01-16,current_dynamic_state,404.0923767089844,-9.756398879945394e-05,4.0,4.0,3218004.937024367,0.0,128720.19748097468,3346513.138393289,3217792.940912314,-0.00010781532474202216,4.000263529836687,0.0,20.43177737793249,2599.835304702602,0
2024-01-17,current_dynamic_state,401.8129577636719,-0.005640836295593088,4.0,4.0,3218004.937024367,0.0,128720.19748097468,3327615.573841183,3198895.3763602083,-0.005872834237354074,4.023895199330842,0.0,20.43177737793249,2585.154186337398,0
2024-01-18,current_dynamic_state,407.51629638671875,0.014194013689327933,4.0,4.0,3218004.937024367,0.0,128720.19748097468,3374827.3630717276,3246107.165590753,0.014758778789528026,3.9653711635102207,0.0,20.43177737793249,2621.8320272314218,0
2024-01-19,current_dynamic_state,415.5978088378906,0.0198311393257824,4.0,4.0,3218004.937024367,0.0,128720.19748097468,3441733.602931888,3313013.405450913,0.02061122336606047,3.8852905716949673,0.0,20.43177737793249,2673.8100704363737,0
2024-01-22,current_dynamic_state,416.1405029296875,0.001305815575193714,4.0,4.0,3218004.937024367,0.0,128720.19748097468,3446207.4404988857,3317487.243017911,0.0013503831767287533,3.880051016078006,0.0,20.43177737793249,2677.2857002555857,0
2024-01-23,current_dynamic_state,417.86737060546875,0.004149722662475375,4.0,4.0,3218004.937024367,0.0,128720.19748097468,3460487.8138369373,3331767.6163559626,0.004304575207668471,3.863420631411238,0.0,20.43177737793249,2688.3798203839847,0
2024-01-24,current_dynamic_state,420.1861877441406,0.005549170147724158,4.0,4.0,3218004.937024367,0.0,128720.19748097468,3479670.2177326665,3350950.020251692,0.005757425518382764,3.841304606247348,0.0,20.43177737793249,2703.2822244131307,0
2024-01-25,current_dynamic_state,420.69927978515625,0.0012211063951679257,4.0,4.0,3218004.937024367,0.0,128720.19748097468,3483898.833511237,3355178.6360302623,0.0012619155024737871,3.8364633137170965,0.0,20.43177737793249,2706.5673466094318,0
2024-01-26,current_dynamic_state,418.1929626464844,-0.005957502803313086,4.0,4.0,3218004.937024367,0.0,128720.19748097468,3463123.0646667564,3334402.8671857817,-0.006192149837083494,3.86036728638054,0.0,20.43177737793249,2690.4270910387772,0
2024-01-29,current_dynamic_state,422.47540283203125,0.01024034493178938,4.0,4.0,3218004.937024367,0.0,128720.19748097468,3498566.2076128013,3369846.0101318266,0.01062953229042729,3.8197649712765127,0.0,20.43177737793249,2717.962119448972,0
2024-01-30,current_dynamic_state,419.6632080078125,-0.006656469951546118,4.0,4.0,3218004.937024367,0.0,128720.19748097468,3475257.675000954,3346537.4775199792,-0.00691679457808092,3.8463695191115996,0.0,20.43177737793249,2699.854213255546,0
2024-01-31,current_dynamic_state,411.443603515625,-0.019586192773979105,4.0,4.0,3218004.937024367,0.0,128720.19748097468,3407170.1764617567,3278449.978980782,-0.020345655471235014,3.926251683150333,0.0,20.43177737793249,2646.95847515721,0
2024-02-01,current_dynamic_state,416.28851318359375,0.01177539188012866,4.0,4.0,3278449.978980782,2417.801678256612,131137.9991592313,3449714.684786397,3318576.6856271657,0.012239536031859233,3.9516338352882747,1.6924611747796283,20.815555422100207,2630.598840079648,1
2024-02-02,current_dynamic_state,423.3240051269531,0.016900519040400575,4.0,4.0,3278449.978980782,0.0,131137.9991592313,3507995.8379451567,3376857.8387859254,0.017562093234481102,3.8834326293812547,0.0,20.815555422100207,2675.041452848197,0
2024-02-05,current_dynamic_state,422.7714538574219,-0.0013052679811189627,4.0,4.0,3278449.978980782,0.0,131137.9991592313,3503396.147744566,3372258.148585335,-0.001362121362575408,3.8887295509759174,0.0,20.815555422100207,2671.533933875755,0
2024-02-06,current_dynamic_state,421.9228515625,-0.0020072365037400175,4.0,4.0,3278449.978980782,0.0,131137.9991592313,3496343.187554329,3365205.188395098,-0.002091465089407718,3.8968797389074625,0.0,20.815555422100207,2666.1556604268267,0
2024-02-07,current_dynamic_state,426.2644958496094,0.010290137808443012,4.0,4.0,3278449.978980782,0.0,131137.9991592313,3532300.225224452,3401162.226065221,0.010684946580410859,3.8556819828892386,0.0,20.815555422100207,2693.574896575506,0
2024-02-08,current_dynamic_state,427.053955078125,0.0018520407779731851,4.0,4.0,3278449.978980782,0.0,131137.9991592313,3538821.3737261896,3407683.3745669583,0.001917329450433769,3.8483035172214626,0.0,20.815555422100207,2698.547634106616,0
2024-02-09,current_dynamic_state,431.25738525390625,0.00984285504395399,4.0,4.0,3278449.978980782,0.0,131137.9991592313,3573632.6639788006,3442494.6648195693,0.01021552956252414,3.80938859540991,0.0,20.815555422100207,2725.0931742824596,0
2024-02-12,current_dynamic_state,429.5700988769531,-0.003912481118345856,4.0,4.0,3278449.978980782,0.0,131137.9991592313,3559630.0781016573,3428492.078942426,-0.004067569376429825,3.8249468320102675,0.0,20.815555422100207,2714.415425676473,0
2024-02-13,current_dynamic_state,422.8701477050781,-0.01559687508369656,4.0,4.0,3278449.978980782,0.0,131137.9991592313,3504090.156873915,3372952.1577146836,-0.01619951860728075,3.887929416943843,0.0,20.815555422100207,2672.063154341065,0
2024-02-14,current_dynamic_state,427.4782409667969,0.01089718270898743,4.0,4.0,3278449.978980782,0.0,131137.9991592313,3542254.051986712,3411116.0528274807,0.011314686164613397,3.8444308879649736,0.0,20.815555422100207,2701.1652417279997,0
2024-02-15,current_dynamic_state,428.7511901855469,0.0029778105567923596,4.0,4.0,3278449.978980782,0.0,131137.9991592313,3552781.3979421365,3421643.398782905,0.003086188154372005,3.8326027547428727,0.0,20.815555422100207,2709.192927084585,0
2024-02-16,current_dynamic_state,424.8633728027344,-0.009067770473430103,4.0,4.0,3278449.978980782,0.0,131137.9991592313,3520544.776127903,3389406.7769686715,-0.009421385590824727,3.86905461009655,0.0,20.815555422100207,2684.610714437669,0
2024-02-20,current_dynamic_state,421.6564025878906,-0.007548238846027289,4.0,4.0,3278449.978980782,0.0,131137.9991592313,3493950.0477341334,3362812.048574902,-0.007846425685604674,3.89965294714598,0.0,20.815555422100207,2664.330758540616,0
2024-02-21,current_dynamic_state,419.96905517578125,-0.004001711824493603,4.0,4.0,3278449.978980782,0.0,131137.9991592313,3479947.450958504,3348809.4517992726,-0.00416395462290664,3.9159588219859005,0.0,20.815555422100207,2653.6530016239294,0
2024-02-22,current_dynamic_state,432.2639465332031,0.029275707831082354,4.0,4.0,3278449.978980782,0.0,131137.9991592313,3581804.560244863,3450666.5610856316,0.03041591668693866,3.8003671707408695,0.0,20.815555422100207,2731.3246985686733,0
2024-02-23,current_dynamic_state,430.9910583496094,-0.0029447012497859637,4.0,4.0,3278449.978980782,0.0,131137.9991592313,3571236.4003243987,3440098.4011651673,-0.0030626430382016956,3.812042094924221,0.0,20.815555422100207,2723.2658902993535,0
2024-02-26,current_dynamic_state,430.7640686035156,-0.0005266692700376385,4.0,4.0,3278449.978980782,0.0,131137.9991592313,3569334.724300886,3438196.7251416547,-0.0005527969847806125,3.8141505458454636,0.0,20.815555422100207,2721.815756824918,0
2024-02-27,current_dynamic_state,431.80023193359375,0.002405407984554575,4.0,4.0,3278449.978980782,0.0,131137.9991592313,3577899.6149908453,3446761.615831614,0.0024910996591116508,3.8046727269124205,0.0,20.815555422100207,2728.3469611629985,0
2024-02-28,current_dynamic_state,429.50103759765625,-0.005324671377877066,4.0,4.0,3278449.978980782,0.0,131137.9991592313,3558827.659762564,3427689.660603333,-0.0055332968606474076,3.825842247811569,0.0,20.815555422100207,2713.803537174103,0
2024-02-29,current_dynamic_state,433.181640625,0.008569485764063911,4.0,4.0,3278449.978980782,0.0,131137.9991592313,3589304.167174234,3458166.1680150027,0.008891268005372988,3.792125444177394,0.0,20.815555422100207,2737.0435649365095,0
2024-03-01,current_dynamic_state,439.7040100097656,0.015056892474378802,4.0,4.0,3458166.1680150027,7188.6475613688235,138326.6467206001,3650617.755900984,3512291.109180384,0.015651341935500218,3.9383593905141745,5.032053292958176,21.956610590571447,2639.1283548387505,1
2024-03-04,current_dynamic_state,438.13507080078125,-0.0035681712544526345,4.0,4.0,3458166.1680150027,0.0,138326.6467206001,3637569.769952793,3499243.123232193,-0.0037149500262340096,3.9530447542275966,0.0,21.956610590571447,2629.695619890331,0
2024-03-05,current_dynamic_state,430.27069091796875,-0.017949669877918573,4.0,4.0,3458166.1680150027,0.0,138326.6467206001,3572254.6368136536,3433927.9900930533,-0.01866550303564185,4.028233763773588,0.0,21.956610590571447,2582.477578618018,0
2024-03-06,current_dynamic_state,432.9743957519531,0.00628372996593396,4.0,4.0,3458166.1680150027,0.0,138326.6467206001,3594679.7637103554,3456353.116989755,0.0065304592761987745,4.002098224300446,0.0,21.956610590571447,2598.689297349259,0
2024-03-07,current_dynamic_state,439.5461730957031,0.015178212402922053,4.0,4.0,3458166.1680150027,0.0,138326.6467206001,3649218.620073846,3510891.9733532458,0.01577930683511597,3.9399288776317607,0.0,21.956610590571447,2638.1168824577535,0
2024-03-08,current_dynamic_state,433.2013854980469,-0.014434860285485351,4.0,4.0,3458166.1680150027,0.0,138326.6467206001,3596520.7025312977,3458194.0558106974,-0.015009837369680312,3.9999677429372156,0.0,21.956610590571447,2600.0201608268226,0
2024-03-11,current_dynamic_state,431.593017578125,-0.003712748790202447,4.0,4.0,3458166.1680150027,0.0,138326.6467206001,3583145.768033446,3444819.1213128455,-0.0038676066993343916,4.015498110329892,0.0,21.956610590571447,2590.351066104338,0
2024-03-12,current_dynamic_state,437.7798767089844,0.014334937959786354,4.0,4.0,3458166.1680150027,0.0,138326.6467206001,3634487.9837084855,3496161.336987885,0.014904183316154063,3.9565292727530506,0.0,21.956610590571447,2627.4677149151366,0
2024-03-13,current_dynamic_state,434.4150695800781,-0.007686070803896272,4.0,4.0,3458166.1680150027,0.0,138326.6467206001,3606531.095119201,3468204.448398601,-0.007996452650371855,3.9884225044596398,0.0,21.956610590571447,2607.256939007474,0
2024-03-14,current_dynamic_state,433.3197937011719,-0.002521265848270393,4.0,4.0,3458166.1680150027,0.0,138326.6467206001,3597416.114827761,3459089.4681071606,-0.002628155412132349,3.9989323200794074,0.0,21.956610590571447,2600.6674781136153,0
2024-03-15,current_dynamic_state,428.1689453125,-0.01188694461583728,4.0,4.0,3458166.1680150027,0.0,138326.6467206001,3554631.872100092,3416305.2253794917,-0.012368642997569235,4.049013117826275,0.0,21.956610590571447,2569.7376148211965,0
2024-03-18,current_dynamic_state,432.2525634765625,0.009537399217689702,4.0,4.0,3458166.1680150027,0.0,138326.6467206001,3588511.8587256437,3450185.2120050434,0.009917142758164577,4.009252785597932,0.0,21.956610590571447,2594.230355322587,0
2024-03-19,current_dynamic_state,433.3295593261719,0.00249158927120563,4.0,4.0,3458166.1680150027,0.0,138326.6467206001,3597430.9997618482,3459104.353041248,0.0025851194901567176,3.9989151122018964,0.0,21.956610590571447,2600.6782388270717,0
2024-03-20,current_dynamic_state,438.4674072265625,0.011856675340542244,4.0,4.0,3458166.1680150027,0.0,138326.6467206001,3640062.614575436,3501735.9678548356,0.012324466238234688,3.9502306281915094,0.0,21.956610590571447,2631.4977633541844,0
2024-03-21,current_dynamic_state,440.5423278808594,0.004732211836271594,4.0,4.0,3458166.1680150027,0.0,138326.6467206001,3657266.2053543087,3518939.5586337084,0.00491287491027248,3.9309185172338656,0.0,21.956610590571447,2643.934695201178,0
2024-03-22,current_dynamic_state,441.0462341308594,0.001143831632306247,4.0,4.0,3458166.1680150027,0.0,138326.6467206001,3661427.545517167,3523100.8987965668,0.0011825551685447078,3.926275479872013,0.0,21.956610590571447,2646.943038323428,0
2024-03-25,current_dynamic_state,439.4455871582031,-0.0036292044887551445,4.0,4.0,3458166.1680150027,0.0,138326.6467206001,3648117.519623134,3509790.8729025335,-0.0037779292380129004,3.9411649220629057,0.0,21.956610590571447,2637.320867751392,0
2024-03-26,current_dynamic_state,438.0227966308594,-0.0032376944243418526,4.0,4.0,3458166.1680150027,0.0,138326.6467206001,3636284.0732599157,3497957.4265393154,-0.0033715531186141456,3.9544977211873276,0.0,21.956610590571447,2628.7661556668004,0
2024-03-27,current_dynamic_state,439.5147399902344,0.0034060861006564025,4.0,4.0,3458166.1680150027,0.0,138326.6467206001,3648647.613289294,3510320.9665686935,0.0035345027173787624,3.940569766639121,0.0,21.956610590571447,2637.7040865156196,0
2024-03-28,current_dynamic_state,438.7045593261719,-0.0018433526577071868,4.0,4.0,3458166.1680150027,0.0,138326.6467206001,3641899.9124037093,3503573.265683109,-0.0019222461278748382,3.9481591001816794,0.0,21.956610590571447,2632.825994661623,0
2024-04-01,current_dynamic_state,439.63336181640625,0.0021171480224890793,4.0,4.0,3503573.265683109,1816.2839067242458,140142.93062732436,3651406.9638498663,3511264.033222542,0.0021951210824568967,3.991238747679849,1.271398734706972,22.244909623384817,2605.4878027061422,1
2024-04-02,current_dynamic_state,435.83917236328125,-0.008630349247037983,4.0,4.0,3503573.265683109,0.0,140142.93062732436,3619871.8015991524,3479728.8709718282,-0.008981142389845265,4.027409485733434,0.0,22.244909623384817,2582.9856599940176,0
2024-04-03,current_dynamic_state,436.81744384765625,0.002244569892766668,4.0,4.0,3503573.265683109,0.0,140142.93062732436,3627974.6119510736,3487831.6813237495,0.002328575200072569,4.018053146823169,0.0,22.244909623384817,2588.767478824015,0
2024-04-04,current_dynamic_state,430.1381530761719,-0.01529080595465837,4.0,4.0,3503573.265683109,0.0,140142.93062732436,3572477.7112416797,3432334.7806143556,-0.015911576526631888,4.083020438998089,0.0,22.244909623384817,2549.1672646277143,0
2024-04-05,current_dynamic_state,435.2068176269531,0.011783806004029618,4.0,4.0,3503573.265683109,0.0,140142.93062732436,3614552.8506350485,3474409.9200077243,0.012258460226842294,4.033575020042909,0.0,22.244909623384817,2579.1902841300375,0
2024-04-08,current_dynamic_state,435.3352966308594,0.00029521367474627525,4.0,4.0,3503573.265683109,0.0,140142.93062732436,3615597.6711550257,3475454.7405277016,0.00030071883975479885,4.032362412696691,0.0,22.244909623384817,2579.9358233558128,0
2024-04-09,current_dynamic_state,436.9458312988281,0.003699526963315325,4.0,4.0,3503573.265683109,0.0,140142.93062732436,3628951.4273183406,3488808.4966910165,0.0038423047227733598,4.0169281506922445,0.0,22.244909623384817,2589.4644924820673,0
2024-04-10,current_dynamic_state,433.1319580078125,-0.008728480781425074,4.0,4.0,3503573.265683109,0.0,140142.93062732436,3597253.949618644,3457111.01899132,-0.009085473659491528,4.053758466461219,0.0,22.244909623384817,2566.8465284093822,0
2024-04-11,current_dynamic_state,440.04827880859375,0.015968160910113438,4.0,4.0,3503573.265683109,0.0,140142.93062732436,3654673.2346110726,3514530.3039837484,0.016609037047697006,3.9875294422264966,0.0,22.244909623384817,2607.8184737907163,0
2024-04-12,current_dynamic_state,433.0331115722656,-0.01594181269228301,4.0,4.0,3503573.265683109,0.0,140142.93062732436,3596388.87354378,3456245.9429164557,-0.01658382657882529,4.054773096068178,0.0,22.244909623384817,2566.2292471301967,0
2024-04-15,current_dynamic_state,425.9092712402344,-0.016451029128386696,4.0,4.0,3503573.265683109,0.0,140142.93062732436,3537202.3305184823,3397059.399891158,-0.017124517179282317,4.125418902943368,0.0,22.244909623384817,2523.9962620196675,0
2024-04-16,current_dynamic_state,425.9488220214844,9.28619870961267e-05,4.0,4.0,3503573.265683109,0.0,140142.93062732436,3537508.557246032,3397365.626618708,9.01446490926272e-05,4.125047052024372,0.0,22.244909623384817,2524.214772312109,0
2024-04-17,current_dynamic_state,420.75164794921875,-0.012201404965978435,4.0,4.0,3503573.265683109,0.0,140142.93062732436,3494323.737858836,3354180.807231512,-0.012711266355566408,4.1781567149028,0.0,22.244909623384817,2493.399932638151,0
2024-04-18,current_dynamic_state,418.3507080078125,-0.005706311438371414,4.0,4.0,3503573.265683109,0.0,140142.93062732436,3474361.793434496,3334218.862807172,-0.005951362067692534,4.203171309196365,0.0,22.244909623384817,2479.15594306623,0
2024-04-19,current_dynamic_state,409.6954040527344,-0.020689110331125526,4.0,4.0,3503573.265683109,0.0,140142.93062732436,3402458.0940502593,3262315.163422935,-0.021565380781182086,4.295812133622354,0.0,22.244909623384817,2427.8485392161947,0
2024-04-22,current_dynamic_state,413.8155517578125,0.010056611971531515,2.0,4.0,3503573.265683109,0.0,140142.93062732436,3436653.0499418965,3296510.1193145723,0.010481806379417646,4.251251340204095,0.0,22.244909623384817,2452.2485968848687,0
2024-04-23,current_dynamic_state,419.99090576171875,0.014922962604171142,2.0,2.0,3503573.265683109,-70071.46531366218,70071.46531366218,3416760.0512673017,3346688.5859536394,0.015221693494907429,2.09375517064117,49.05002571956352,11.122454811692409,4876.107608100952,-1
2024-04-24,current_dynamic_state,421.4136962890625,0.0033876698467156796,2.0,2.0,3503573.265683109,0.0,70071.46531366218,3428323.7838116307,3358252.3184979684,0.003455275938389679,2.0865455799045725,0.0,11.122454811692409,4892.6103777983835,0
2024-04-25,current_dynamic_state,419.3782958984375,-0.004829934120671897,2.0,2.0,3503573.265683109,0.0,70071.46531366218,3411754.083336676,3341682.6180230137,-0.0049340248746900794,2.096891695690641,0.0,11.122454811692409,4868.963518979628,0
2024-04-26,current_dynamic_state,425.85003662109375,0.015431749296400232,0.0,2.0,3503573.265683109,0.0,70071.46531366218,3464392.2945568855,3394320.829243223,0.015752007966379322,2.064373665269729,0.0,11.122454811692409,4944.084270321968,0
2024-04-29,current_dynamic_state,427.5790710449219,0.004060195550403378,0.0,0.0,3503573.265683109,-70071.46531366218,0.0,3408053.186392342,3408053.186392342,0.004045686262420967,0.0,49.05002571956352,0.0,inf,-1
2024-04-30,current_dynamic_state,419.5165710449219,-0.018856161458737364,0.0,0.0,3503573.265683109,0.0,0.0,3343790.3852497637,3343790.3852497637,-0.018856161458737364,0.0,0.0,0.0,inf,0
2024-05-01,current_dynamic_state,416.4832458496094,-0.007230525334808946,0.0,0.0,3343790.3852497637,0.0,0.0,3319613.024154925,3319613.024154925,-0.007230525334808946,0.0,0.0,0.0,inf,0
2024-05-02,current_dynamic_state,421.7989501953125,0.012763308965428655,0.0,0.0,3343790.3852497637,0.0,0.0,3361982.270827875,3361982.270827875,0.012763308965428655,0.0,0.0,0.0,inf,0
2024-05-03,current_dynamic_state,430.2765197753906,0.02009860284420495,0.0,0.0,3343790.3852497637,0.0,0.0,3429553.417258503,3429553.417258503,0.02009860284420495,0.0,0.0,0.0,inf,0
2024-05-06,current_dynamic_state,434.9895324707031,0.010953450812916099,0.0,0.0,3343790.3852497637,0.0,0.0,3467118.861924712,3467118.861924712,0.010953450812916099,0.0,0.0,0.0,inf,0
2024-05-07,current_dynamic_state,435.0586853027344,0.00015897585313950913,0.0,0.0,3343790.3852497637,0.0,0.0,3467670.0501037226,3467670.0501037226,0.00015897585313950913,0.0,0.0,0.0,inf,0
2024-05-08,current_dynamic_state,434.8017272949219,-0.000590628383004721,0.0,0.0,3343790.3852497637,0.0,0.0,3465621.945749236,3465621.945749236,-0.000590628383004721,0.0,0.0,0.0,inf,0
2024-05-09,current_dynamic_state,435.7502746582031,0.0021815630061603475,0.0,0.0,3343790.3852497637,0.0,0.0,3473182.41837942,3473182.41837942,0.0021815630061603475,0.0,0.0,0.0,inf,0
2024-05-10,current_dynamic_state,436.77789306640625,0.0023582736901524015,0.0,0.0,3343790.3852497637,0.0,0.0,3481373.133097784,3481373.133097784,0.0023582736901524015,0.0,0.0,0.0,inf,0
2024-05-13,current_dynamic_state,437.78564453125,0.0023072400889359024,0.0,0.0,3343790.3852497637,0.0,0.0,3489405.496755012,3489405.496755012,0.0023072400889359024,0.0,0.0,0.0,inf,0
2024-05-14,current_dynamic_state,440.60162353515625,0.0064323237618295614,0.0,0.0,3343790.3852497637,0.0,0.0,3511850.4826464476,3511850.4826464476,0.0064323237618295614,0.0,0.0,0.0,inf,0
2024-05-15,current_dynamic_state,447.48834228515625,0.015630261855924532,0.0,0.0,3343790.3852497637,0.0,0.0,3566741.6252890667,3566741.6252890667,0.015630261855924532,0.0,0.0,0.0,inf,0
2024-05-16,current_dynamic_state,446.5793762207031,-0.00203126199849446,0.0,0.0,3343790.3852497637,0.0,0.0,3559496.6385671687,3559496.6385671687,-0.00203126199849446,0.0,0.0,0.0,inf,0
2024-05-17,current_dynamic_state,446.3619079589844,-0.00048696440834128385,0.0,0.0,3343790.3852497637,0.0,0.0,3557763.2903925763,3557763.2903925763,-0.00048696440834128385,0.0,0.0,0.0,inf,0
2024-05-20,current_dynamic_state,449.47430419921875,0.006972808800970398,0.0,0.0,3343790.3852497637,0.0,0.0,3582570.893575595,3582570.893575595,0.006972808800970398,0.0,0.0,0.0,inf,0
2024-05-21,current_dynamic_state,450.3536376953125,0.001956359880595171,0.0,0.0,3343790.3852497637,0.0,0.0,3589579.6915411744,3589579.6915411744,0.001956359880595171,0.0,0.0,0.0,inf,0
2024-05-22,current_dynamic_state,450.26470947265625,-0.0001974630939173272,0.0,0.0,3343790.3852497637,0.0,0.0,3588870.8820294198,3588870.8820294198,-0.0001974630939173272,0.0,0.0,0.0,inf,0
2024-05-23,current_dynamic_state,448.2392578125,-0.004498357560663413,0.0,0.0,3343790.3852497637,0.0,0.0,3572726.857562998,3572726.857562998,-0.004498357560663413,0.0,0.0,0.0,inf,0
2024-05-24,current_dynamic_state,452.4779968261719,0.009456420739133442,0.0,0.0,3343790.3852497637,0.0,0.0,3606512.0659141154,3606512.0659141154,0.009456420739133442,0.0,0.0,0.0,inf,0
2024-05-28,current_dynamic_state,454.18731689453125,0.003777686606529107,0.0,0.0,3343790.3852497637,0.0,0.0,3620136.338241805,3620136.338241805,0.003777686606529107,0.0,0.0,0.0,inf,0
2024-05-29,current_dynamic_state,450.9860534667969,-0.007048332942502067,1.0,0.0,3343790.3852497637,0.0,0.0,3594620.4120326266,3594620.4120326266,-0.007048332942501956,0.0,0.0,0.0,inf,0
2024-05-30,current_dynamic_state,446.1544189453125,-0.010713489883651395,1.0,1.0,3343790.3852497637,33437.903852497635,33437.903852497635,3589160.6864497596,3555722.782597262,-0.010821067310795573,0.9403968165390292,23.406532696748343,5.307603786110736,10733.808860395022,1
2024-05-31,current_dynamic_state,445.3245544433594,-0.0018600387370697469,1.0,1.0,3343790.3852497637,0.0,33437.903852497635,3582479.400935609,3549041.497083111,-0.0018790231754991504,0.9421671704875698,0.0,5.307603786110736,10713.82768710251,0
2024-06-03,current_dynamic_state,447.7156066894531,0.005369235139262685,1.0,1.0,3549041.497083111,2052.511118333474,35490.41497083111,3603771.028882676,3568280.613911845,0.0054209331856349685,0.9946082948875362,1.4367577828334317,5.633399201719223,10154.209331856351,1
2024-06-04,current_dynamic_state,448.94073486328125,0.002736398185640976,1.0,1.0,3549041.497083111,0.0,35490.41497083111,3613626.7479883744,3578136.3330175434,0.0027620358856512706,0.9918687178948555,0.0,5.633399201719223,10181.979418832789,0
2024-06-05,current_dynamic_state,457.9913024902344,0.020159827175650236,2.0,1.0,3549041.497083111,0.0,35490.41497083111,3686471.2053059256,3650980.7903350946,0.020358211800197035,0.9720789291683379,0.0,5.633399201719223,10387.230491206614,0
2024-06-06,current_dynamic_state,457.833251953125,-0.0003450950623953286,2.0,2.0,3549041.497083111,35490.41497083111,70980.82994166222,3720641.088183588,3649660.258241926,-0.00036169242431083326,1.9448612999351977,24.843290479581775,11.266798403438447,5241.7548389354015,1
2024-06-07,current_dynamic_state,457.4281005859375,-0.0008849321569788238,2.0,2.0,3549041.497083111,0.0,70980.82994166222,3717337.306441674,3646356.476500012,-0.0009052299414590292,1.9466234417594246,0.0,11.266798403438447,5237.100368503556,0
2024-06-10,current_dynamic_state,459.27581787109375,0.004039361120992346,2.0,2.0,3549041.497083111,0.0,70980.82994166222,3732341.707432525,3661360.877490863,0.004114902392991837,1.938646102274013,0.0,11.266798403438447,5258.23903510295,0
2024-06-11,current_dynamic_state,462.4276428222656,0.0068625972205149655,0.0,2.0,3549041.497083111,0.0,70980.82994166222,3757943.9984615603,3686963.1685198983,0.006992561478009973,1.925184133861497,0.0,11.266798403438447,5294.308338674178,0
2024-06-12,current_dynamic_state,468.484375,0.01309768624723473,0.0,0.0,3549041.497083111,-70980.82994166222,0.0,3735203.517946075,3735203.517946075,0.013084033450093457,0.0,49.68658095916355,0.0,inf,-1
2024-06-13,current_dynamic_state,471.02374267578125,0.005420389262248637,0.0,0.0,3549041.497083111,0.0,0.0,3755449.7749870634,3755449.7749870634,0.005420389262248637,0.0,0.0,0.0,inf,0
2024-06-14,current_dynamic_state,473.46417236328125,0.005181118203588797,1.0,0.0,3549041.497083111,0.0,0.0,3774907.204178912,3774907.204178912,0.005181118203588797,0.0,0.0,0.0,inf,0
2024-06-17,current_dynamic_state,479.2640380859375,0.012249851332375217,1.0,1.0,3549041.497083111,35490.41497083111,35490.41497083111,3857043.642485268,3821553.227514437,0.012356866225449625,0.9286908452643562,24.843290479581775,5.633399201719223,10867.845996321255,1
2024-06-18,current_dynamic_state,479.4122619628906,0.0003092739391528099,1.0,1.0,3549041.497083111,0.0,35490.41497083111,3858230.8921668623,3822740.4771960313,0.00031067202545975725,0.9284024166051477,0.0,5.633399201719223,10871.191264846771,0
2024-06-20,current_dynamic_state,475.71697998046875,-0.00770794215252657,1.0,1.0,3549041.497083111,0.0,35490.41497083111,3828486.2382397475,3792995.8232689165,-0.00778097652837062,0.93568294362751,0.0,5.633399201719223,10787.380878432406,0
2024-06-21,current_dynamic_state,474.4424133300781,-0.0026792540607715187,2.0,1.0,3549041.497083111,0.0,35490.41497083111,3818223.117540134,3782732.702569303,-0.0027058085950562027,0.9382215916743298,0.0,5.633399201719223,10758.462871392905,0
2024-06-24,current_dynamic_state,469.041015625,-0.011384727742121736,2.0,2.0,3549041.497083111,35490.41497083111,70980.82994166222,3809804.225892413,3738823.395950751,-0.011607826952385047,1.8984804154840909,24.843290479581775,11.266798403438447,5367.370639401677,1
2024-06-25,current_dynamic_state,474.40472412109375,0.011435478598703197,2.0,2.0,3549041.497083111,0.0,70980.82994166222,3853359.893784451,3782379.063842789,0.011649565459339373,1.8766186239817995,0.0,11.266798403438447,5428.73321846399,0
2024-06-26,current_dynamic_state,475.384521484375,0.0020653195751716424,2.0,2.0,3549041.497083111,0.0,70980.82994166222,3861307.0466048615,3790326.2166631995,0.0021010989872434216,1.8726839296737352,0.0,11.266798403438447,5439.929414432595,0
2024-06-27,current_dynamic_state,476.6116638183594,0.0025813678791068995,2.0,2.0,3549041.497083111,0.0,70980.82994166222,3871263.233787933,3800282.403846271,0.002626736226370552,1.8677777701420932,0.0,11.266798403438447,5453.956000471747,0
2024-06-28,current_dynamic_state,474.1375427246094,-0.005191062832849425,0.0,2.0,3549041.497083111,0.0,70980.82994166222,3851155.996300436,3780175.166358774,-0.005290985077094912,1.877712720123337,0.0,11.266798403438447,5425.628299169829,0
2024-07-01,current_dynamic_state,476.91839599609375,0.005865077157789056,0.0,0.0,3780175.166358774,-70980.82994166222,0.0,3802296.207382836,3802296.207382836,0.005851856078238349,0.0,49.68658095916355,0.0,inf,-1
2024-07-02,current_dynamic_state,481.9258728027344,0.010499651195425175,0.0,0.0,3780175.166358774,0.0,0.0,3842218.9913020437,3842218.9913020437,0.010499651195425175,0.0,0.0,0.0,inf,0
2024-07-03,current_dynamic_state,485.9437561035156,0.008337139646424241,0.0,0.0,3780175.166358774,0.0,0.0,3874252.107584672,3874252.107584672,0.008337139646424241,0.0,0.0,0.0,inf,0
2024-07-05,current_dynamic_state,491.0105895996094,0.010426789998747132,0.0,0.0,3780175.166358774,0.0,0.0,3914648.1207126607,3914648.1207126607,0.010426789998747132,0.0,0.0,0.0,inf,0
2024-07-08,current_dynamic_state,492.1783447265625,0.0023782687210582854,0.0,0.0,3780175.166358774,0.0,0.0,3923958.2058921014,3923958.2058921014,0.0023782687210582854,0.0,0.0,0.0,inf,0
2024-07-09,current_dynamic_state,492.6038818359375,0.0008645994159117709,0.0,0.0,3780175.166358774,0.0,0.0,3927350.857864978,3927350.857864978,0.0008645994159117709,0.0,0.0,0.0,inf,0
2024-07-10,current_dynamic_state,497.739990234375,0.010426447268939931,0.0,0.0,3780175.166358774,0.0,0.0,3968299.174491133,3968299.174491133,0.010426447268939931,0.0,0.0,0.0,inf,0
2024-07-11,current_dynamic_state,486.824462890625,-0.021930179527287152,0.0,0.0,3780175.166358774,0.0,0.0,3881273.661176557,3881273.661176557,-0.021930179527287152,0.0,0.0,0.0,inf,0
2024-07-12,current_dynamic_state,489.68450927734375,0.00587490277242142,0.0,0.0,3780175.166358774,0.0,0.0,3904075.7665691297,3904075.7665691297,0.00587490277242142,0.0,0.0,0.0,inf,0
2024-07-15,current_dynamic_state,491.000732421875,0.0026879003104951504,0.0,0.0,3780175.166358774,0.0,0.0,3914569.5330342874,3914569.5330342874,0.0026879003104951504,0.0,0.0,0.0,inf,0
2024-07-16,current_dynamic_state,491.1887512207031,0.00038292977263143513,0.0,0.0,3780175.166358774,0.0,0.0,3916068.538255522,3916068.538255522,0.00038292977263143513,0.0,0.0,0.0,inf,0
2024-07-17,current_dynamic_state,476.7699279785156,-0.029354954091179386,0.0,0.0,3780175.166358774,0.0,0.0,3801112.5260971193,3801112.5260971193,-0.029354954091179386,0.0,0.0,0.0,inf,0
2024-07-18,current_dynamic_state,474.51361083984375,-0.004732507245661544,0.0,0.0,3780175.166358774,0.0,0.0,3783123.73352579,3783123.73352579,-0.004732507245661544,0.0,0.0,0.0,inf,0
2024-07-19,current_dynamic_state,470.3077392578125,-0.008863542553789516,0.0,0.0,3780175.166358774,0.0,0.0,3749591.855327433,3749591.855327433,-0.008863542553789516,0.0,0.0,0.0,inf,0
2024-07-22,current_dynamic_state,477.31427001953125,0.01489775773789237,0.0,0.0,3780175.166358774,0.0,0.0,3805452.3664040756,3805452.3664040756,0.01489775773789237,0.0,0.0,0.0,inf,0
2024-07-23,current_dynamic_state,475.63189697265625,-0.0035246653044882503,0.0,0.0,3780175.166358774,0.0,0.0,3792039.4204803286,3792039.4204803286,-0.0035246653044882503,0.0,0.0,0.0,inf,0
2024-07-24,current_dynamic_state,458.5708312988281,-0.035870314380553325,0.0,0.0,3780175.166358774,0.0,0.0,3656017.774324248,3656017.774324248,-0.035870314380553325,0.0,0.0,0.0,inf,0
2024-07-25,current_dynamic_state,453.5138854980469,-0.011027622028331519,0.0,0.0,3780175.166358774,0.0,0.0,3615700.5921801385,3615700.5921801385,-0.011027622028331519,0.0,0.0,0.0,inf,0
2024-07-26,current_dynamic_state,458.1650695800781,0.010255880207335588,0.0,0.0,3780175.166358774,0.0,0.0,3652782.7843191302,3652782.7843191302,0.010255880207335588,0.0,0.0,0.0,inf,0
2024-07-29,current_dynamic_state,459.08544921875,0.0020088385164662714,0.0,0.0,3780175.166358774,0.0,0.0,3660120.6350685554,3660120.6350685554,0.0020088385164662714,0.0,0.0,0.0,inf,0
2024-07-30,current_dynamic_state,452.7815246582031,-0.013731484130622307,1.0,0.0,3780175.166358774,0.0,0.0,3609861.7466519484,3609861.7466519484,-0.013731484130622307,0.0,0.0,0.0,inf,0
2024-07-31,current_dynamic_state,466.1810302734375,0.029593755234049057,1.0,1.0,3780175.166358774,37801.75166358774,37801.75166358774,3755578.3144696048,3717776.562806017,0.029894445751047716,1.0167838498356827,26.46122616451142,6.000278041839325,9934.931978528228,1
2024-08-01,current_dynamic_state,454.8894348144531,-0.024221482054645804,1.0,1.0,3717776.562806017,-623.9860355275669,37177.76562806017,3663997.4421087387,3626819.6764806784,-0.024465398818020567,1.0250789657162112,0.4367902248692968,5.901232639374631,9855.346011819795,-1
2024-08-02,current_dynamic_state,444.0926513671875,-0.02373496199503855,1.0,1.0,3717776.562806017,0.0,37177.76562806017,3577026.70083773,3539848.9352096696,-0.02397989120743982,1.0502641866511766,0.0,5.901232639374631,9621.413875765425,0
2024-08-05,current_dynamic_state,430.85150146484375,-0.029816187819319717,1.0,1.0,3717776.562806017,0.0,37177.76562806017,3470367.499658191,3433189.734030131,-0.030131003647821286,1.0828928346007307,0.0,5.901232639374631,9334.52411954232,0
2024-08-06,current_dynamic_state,434.96832275390625,0.009555081681428046,2.0,1.0,3717776.562806017,0.0,37177.76562806017,3503521.243349359,3466343.4777212986,0.009656834098781264,1.0725355368562626,0.0,5.901232639374631,9423.700386945935,0
2024-08-07,current_dynamic_state,430.25775146484375,-0.01082968814657248,2.0,2.0,3717776.562806017,37177.76562806017,74355.53125612035,3502316.7978246226,3427961.2665685024,-0.011072823971278178,2.1690890145486557,26.02443593964212,11.802465278749262,4710.230346900171,1
2024-08-08,current_dynamic_state,443.4197692871094,0.03059100684985827,2.0,2.0,3717776.562806017,0.0,74355.53125612035,3609444.392511971,3535088.8612558506,0.031251110020442674,2.1033567803923696,0.0,11.802465278749262,4854.305162690732,0
2024-08-09,current_dynamic_state,445.7354431152344,0.005222306240084684,2.0,2.0,3717776.562806017,0.0,74355.53125612035,3628282.214020946,3553926.682764826,0.005328811310922221,2.0922077998039748,0.0,11.802465278749262,4879.639957817254,0
2024-08-12,current_dynamic_state,446.6953430175781,0.002153519351378197,2.0,2.0,3717776.562806017,0.0,74355.53125612035,3636083.987515823,3561728.456259703,0.0021952544864565215,2.0876249318063884,0.0,11.802465278749262,4890.132483878299,0
2024-08-13,current_dynamic_state,457.77911376953125,0.024812819128756658,3.0,2.0,3717776.562806017,0.0,74355.53125612035,3726293.6793697425,3651938.1481136223,0.025327504036804616,2.0360566975792858,0.0,11.802465278749262,5011.454583700555,0
2024-08-14,current_dynamic_state,457.92755126953125,0.00032425572844019257,3.0,3.0,3717776.562806017,37177.765628060166,111533.29688418051,3764648.0356002343,3653114.738716054,0.0003221825109605003,3.0531013904967215,26.024435939642117,17.70369791812389,3375.357978980534,1
2024-08-15,current_dynamic_state,469.4962463378906,0.0252631557902272,3.0,3.0,3717776.562806017,0.0,111533.29688418051,3859737.221721058,3748203.9248368773,0.02602961935825876,2.9756464461584615,0.0,17.70369791812389,3460.614300435433,0
2024-08-16,current_dynamic_state,470.0998840332031,0.0012857135707067258,3.0,3.0,3717776.562806017,0.0,111533.29688418051,3864682.0345484684,3753148.737664288,0.001319248612553947,2.9717260007550745,0.0,17.70369791812389,3465.0477861886116,0
2024-08-19,current_dynamic_state,476.275146484375,0.013136064612889298,3.0,3.0,3717776.562806017,0.0,111533.29688418051,3915431.0437646518,3803897.7468804712,0.013521715435068637,2.932079259376716,0.0,17.70369791812389,3510.5490047788617,0
2024-08-20,current_dynamic_state,475.275634765625,-0.002098601462049654,4.0,3.0,3717776.562806017,0.0,111533.29688418051,3907196.410753735,3795663.1138695544,-0.002164788214317759,2.938440360437467,0.0,17.70369791812389,3503.1658884889625,0
2024-08-21,current_dynamic_state,477.49237060546875,0.004664105789763173,4.0,4.0,3717776.562806017,37177.76562806018,148711.0625122407,3962721.4040676304,3814010.3415553896,0.004833734484705365,3.899073395055214,26.024435939642125,23.604930557498523,2664.7119166009934,1
2024-08-22,current_dynamic_state,469.9217834472656,-0.015854886118082834,4.0,4.0,3717776.562806017,0.0,148711.0625122407,3899869.3025578917,3751158.240045651,-0.01647926876991823,3.9644038719739774,0.0,23.604930557498523,2622.447339609914,0
2024-08-23,current_dynamic_state,475.018310546875,0.010845479565178007,4.0,4.0,3717776.562806017,0.0,148711.0625122407,3942141.650455091,3793430.5879428503,0.011269145472435405,3.920226271831841,0.0,23.604930557498523,2650.8731656265354,0
2024-08-26,current_dynamic_state,470.4066467285156,-0.009708391689259521,4.0,4.0,3717776.562806017,0.0,148711.0625122407,3903846.1902873716,3755135.127775131,-0.01009520519221807,3.96020535751932,0.0,23.604930557498523,2625.121577600213,0
2024-08-27,current_dynamic_state,471.8119812011719,0.0029874885536371742,4.0,4.0,3717776.562806017,0.0,148711.0625122407,3915485.281165458,3766774.218653217,0.003099513195143677,3.9479685768214496,0.0,23.604930557498523,2632.9482252493267,0
2024-08-28,current_dynamic_state,466.45806884765625,-0.011347554888040956,4.0,4.0,3717776.562806017,0.0,148711.0625122407,3871030.492093559,3722319.429581318,-0.011801819406046965,3.9951182408052373,0.0,23.604930557498523,2603.054827730067,0
2024-08-29,current_dynamic_state,465.7752685546875,-0.0014637977957066006,4.0,4.0,3717776.562806017,0.0,148711.0625122407,3865340.481261562,3716629.4187493213,-0.0015286197059763973,4.001234606873538,0.0,23.604930557498523,2599.2286087952593,0
2024-08-30,current_dynamic_state,471.3269958496094,0.011919326056424318,4.0,4.0,3717776.562806017,0.0,148711.0625122407,3911389.1298462576,3762678.067334017,0.012389895089457426,3.952266440312483,0.0,23.604930557498523,2630.1937890628033,0
2024-09-03,current_dynamic_state,457.01715087890625,-0.03036075823517881,2.1,4.0,3762678.067334017,1796.060181119974,150507.12269336067,3794352.8114526966,3643845.688759336,-0.03158186176126354,4.130447212889678,1.2572421267839817,23.890019475136615,2521.0453455968413,1
2024-09-04,current_dynamic_state,455.82958984375,-0.0025985043074913117,2.1,2.1,3762678.067334017,-71490.88327934631,79016.23941401436,3713125.599576834,3634109.3601628197,-0.0026719925672349376,2.1742944854712403,50.043618295542416,12.542260224446725,4699.193010339938,-1
2024-09-05,current_dynamic_state,456.2550964355469,0.0009334773373153027,2.1,2.1,3762678.067334017,0.0,79016.23941401436,3716579.17591442,3637562.9365004054,0.0009503226224956141,2.17223016600322,0.0,12.542260224446725,4703.563727502888,0
2024-09-06,current_dynamic_state,444.03326416015625,-0.026787278368773593,2.1,2.1,3762678.067334017,0.0,79016.23941401436,3617009.5926893884,3537993.353275374,-0.02737260769454186,2.233363139047827,0.0,12.542260224446725,4577.552183593129,0
2024-09-09,current_dynamic_state,449.7433776855469,0.01285965261226707,0.8,2.1,3762678.067334017,0.0,79016.23941401436,3663510.5372863873,3584494.297872373,0.013143310332663471,2.2043901551444947,0.0,12.542260224446725,4636.4020414727875,0
2024-09-10,current_dynamic_state,453.8998107910156,0.009241788343518076,0.8,0.8,3762678.067334017,-48914.81487534222,30101.424538672138,3647961.7162083895,3617860.2916697175,0.00930842429213774,0.8320228563823205,34.24037041273955,4.778003895027323,12118.900590640656,-1
2024-09-11,current_dynamic_state,463.7564392089844,0.02171542746579136,0.8,0.8,3762678.067334017,0.0,30101.424538672138,3727173.9862508015,3697072.5617121295,0.021894784114467214,0.8141962062203086,0.0,4.778003895027323,12382.051824365979,0
2024-09-12,current_dynamic_state,468.3087463378906,0.009816159397529889,0.8,0.8,3762678.067334017,0.0,30101.424538672138,3763755.742198271,3733654.3176595992,0.009894789820010574,0.8062188402471306,0.0,4.778003895027323,12503.580145726557,0
2024-09-13,current_dynamic_state,470.4066467285156,0.004479737794842231,0.8,0.8,3762678.067334017,0.0,30101.424538672138,3780611.603043256,3750510.178504584,0.004514574572493046,0.8025954631770732,0.0,4.778003895027323,12559.577033260333,0
2024-09-16,current_dynamic_state,468.3284912109375,-0.004417785190814927,0.8,0.8,3762678.067334017,0.0,30101.424538672138,3763904.8950872133,3733803.4705485413,-0.004454516095381944,0.8061866345164083,0.0,4.778003895027323,12504.075646824023,0
2024-09-17,current_dynamic_state,468.5758972167969,0.0005282745135144484,0.8,0.8,3762678.067334017,0.0,30101.424538672138,3765888.492110685,3735787.067572013,0.0005312537307113896,0.8057585722688378,0.0,4.778003895027323,12510.665358287424,0
2024-09-18,current_dynamic_state,466.547119140625,-0.004329668017971522,0.8,0.8,3762678.067334017,0.0,30101.424538672138,3749578.6671432513,3719477.2426045793,-0.004365833671037822,0.8092918056837872,0.0,4.778003895027323,12456.48245758623,0
2024-09-19,current_dynamic_state,478.34344482421875,0.02528431791696084,0.8,0.8,3762678.067334017,0.0,30101.424538672138,3844379.42821406,3814278.003675388,0.02548765723981794,0.7891775195637759,0.0,4.778003895027323,12771.42024715501,0
2024-09-20,current_dynamic_state,477.43304443359375,-0.0019032358454489362,0.0,0.8,3762678.067334017,0.0,30101.424538672138,3837057.8894788814,3806956.4649402094,-0.0019195084176150123,0.7906952657822133,0.0,4.778003895027323,12747.09734932746,0
2024-09-23,current_dynamic_state,478.6985168457031,0.0026505756710046846,0.0,0.0,3762678.067334017,-30101.424538672138,0.0,3817025.9642793043,3817025.9642793043,0.0026450261335606573,0.0,21.070997177070495,0.0,inf,-1
2024-09-24,current_dynamic_state,481.0075378417969,0.004823539064437998,0.0,0.0,3762678.067334017,0.0,0.0,3835437.5381279797,3835437.5381279797,0.004823539064437998,0.0,0.0,0.0,inf,0
2024-09-25,current_dynamic_state,481.4535217285156,0.0009271868975688768,0.0,0.0,3762678.067334017,0.0,0.0,3838993.7055597757,3838993.7055597757,0.0009271868975688768,0.0,0.0,0.0,inf,0
2024-09-26,current_dynamic_state,485.07073974609375,0.0075131198637650165,0.0,0.0,3762678.067334017,0.0,0.0,3867836.525425886,3867836.525425886,0.0075131198637650165,0.0,0.0,0.0,inf,0
2024-09-27,current_dynamic_state,482.37518310546875,-0.005557038220932453,1.0,0.0,3762678.067334017,0.0,0.0,3846342.810021776,3846342.810021776,-0.005557038220932453,0.0,0.0,0.0,inf,0
2024-09-30,current_dynamic_state,483.6833190917969,0.0027118641923211673,1.0,1.0,3762678.067334017,37626.78067334017,37626.78067334017,3894470.0060737426,3856843.2254004027,0.002729973873173197,0.9755849142515742,26.338746471338116,5.972504868784154,10350.261001290246,1
2024-10-01,current_dynamic_state,476.9444580078125,-0.013932382652016684,1.0,1.0,3856843.2254004027,941.6515806638636,38568.43225400403,3841132.519906974,3802564.08765297,-0.014073462304602158,1.0142743518573898,0.6591561064647045,6.121973373651433,9959.265376953977,1
2024-10-02,current_dynamic_state,477.61834716796875,0.0014129300568268555,1.0,1.0,3856843.2254004027,0.0,38568.43225400403,3846553.649523232,3807985.2172692283,0.0014256510847143744,1.0128304090860447,0.0,6.121973373651433,9973.321249333118,0
2024-10-03,current_dynamic_state,477.26153564453125,-0.0007470641057932825,1.0,1.0,3856843.2254004027,0.0,38568.43225400403,3843673.9053872917,3805105.473133288,-0.0007562382655480482,1.0135969298702545,0.0,6.121973373651433,9965.854665996325,0
2024-10-04,current_dynamic_state,482.9400329589844,0.011898082896591333,2.0,1.0,3856843.2254004027,0.0,38568.43225400403,3889400.134167681,3850831.701913677,0.012017072615528868,1.0015610974335074,0.0,6.121973373651433,10084.413357931855,0
2024-10-07,current_dynamic_state,477.7669982910156,-0.010711546599840638,2.0,2.0,3856843.2254004027,38568.43225400403,77136.86450800806,3885854.995419716,3808718.130911708,-0.010936227356038608,2.0252710191904777,26.997902577802822,12.243946747302866,5037.610771716422,1
2024-10-08,current_dynamic_state,484.9022216796875,0.014934525436446577,2.0,2.0,3856843.2254004027,0.0,77136.86450800806,3943876.151744407,3866739.287236399,0.015233775336060962,1.99488144345875,0.0,12.243946747302866,5112.829224909666,0
2024-10-09,current_dynamic_state,488.7176208496094,0.007868388717019004,2.0,2.0,3856843.2254004027,0.0,77136.86450800806,3974895.8584113657,3897758.9939033575,0.008022187264952185,1.9790054908130787,0.0,12.243946747302866,5153.043079679116,0
2024-10-10,current_dynamic_state,488.1627197265625,-0.0011354227868481948,2.0,2.0,3856843.2254004027,0.0,77136.86450800806,3970370.4271316295,3893233.5626236214,-0.001161034144700701,1.98130585456132,0.0,12.243946747302866,5147.1763241289655,0
2024-10-11,current_dynamic_state,488.9256896972656,0.001562941904147186,2.0,2.0,3856843.2254004027,0.0,77136.86450800806,3976563.641500433,3899426.776992425,0.0015907636336696118,1.9781590710494807,0.0,12.243946747302866,5155.205188678107,0
2024-10-14,current_dynamic_state,493.02850341796875,0.008391487310154488,2.0,2.0,3856843.2254004027,0.0,77136.86450800806,4009920.6808893583,3932783.81638135,0.008554344342542874,1.9613807447718692,0.0,12.243946747302866,5198.449154584269,0
2024-10-15,current_dynamic_state,486.43829345703125,-0.013366793025657131,2.0,2.0,3856843.2254004027,0.0,77136.86450800806,3956308.6571518607,3879171.7926438525,-0.013632080033025407,1.9884879719502027,0.0,12.243946747302866,5128.946687664666,0
2024-10-16,current_dynamic_state,486.4977722167969,0.00012227400795872256,2.0,2.0,3856843.2254004027,0.0,77136.86450800806,3956780.166921345,3879643.302413337,0.0001215490817856324,1.9882463024377777,0.0,12.243946747302866,5129.5579515169,0
2024-10-17,current_dynamic_state,486.834716796875,0.0006925922364304782,2.0,2.0,3856843.2254004027,0.0,77136.86450800806,3959508.3581994693,3882371.493691461,0.0007032067294503452,1.9868491367544092,0.0,12.243946747302866,5133.094770514568,0
2024-10-18,current_dynamic_state,490.02581787109375,0.006554793575968887,2.0,2.0,3856843.2254004027,0.0,77136.86450800806,3985449.874203043,3908313.009695035,0.006681873706760655,1.9736613806688692,0.0,12.243946747302866,5166.725274125303,0
2024-10-21,current_dynamic_state,490.96728515625,0.001921260576119188,2.0,2.0,3856843.2254004027,0.0,77136.86450800806,3993094.717977701,3915957.853469693,0.00195604695828977,1.9698083430510305,0.0,12.243946747302866,5176.636026686246,0
2024-10-22,current_dynamic_state,491.50238037109375,0.0010898795724718635,3.0,2.0,3856843.2254004027,0.0,77136.86450800806,3997434.466395023,3920297.6018870147,0.0011082214313098415,1.9676277757810692,0.0,12.243946747302866,5182.262063529979,0
2024-10-23,current_dynamic_state,483.970703125,-0.015323785899891695,3.0,3.0,3856843.2254004027,38568.432254004016,115705.29676201208,3974111.104226167,3858405.807464155,-0.015787524496371996,2.998785056205807,26.99790257780281,18.3659201209543,3434.683817803345,1
2024-10-24,current_dynamic_state,487.8951416015625,0.008108834793557618,3.0,3.0,3856843.2254004027,0.0,115705.29676201208,4006318.1487014587,3890612.8519394468,0.00834724134329945,2.973960688592639,0.0,18.3659201209543,3462.519228434145,0
2024-10-25,current_dynamic_state,490.8681335449219,0.0060935059398219416,3.0,3.0,3856843.2254004027,0.0,115705.29676201208,4030712.3062172667,3915007.0094552548,0.006270003838507732,2.9554301303310218,0.0,18.3659201209543,3483.602236903484,0
2024-10-28,current_dynamic_state,490.94744873046875,0.00016158145156852655,3.0,3.0,3856843.2254004027,0.0,115705.29676201208,4031345.2286424395,3915639.9318804275,0.00016166571953624143,2.9549524158225227,0.0,18.3659201209543,3484.1492493937367,0
2024-10-29,current_dynamic_state,495.6646423339844,0.009608347320499755,3.0,3.0,3856843.2254004027,0.0,115705.29676201208,4070061.4278479544,3954356.1310859425,0.009887579011107483,2.9260211505086966,0.0,18.3659201209543,3517.6102924824972,0
2024-10-30,current_dynamic_state,491.9185791015625,-0.007557656755144859,3.0,3.0,3856843.2254004027,0.0,115705.29676201208,4039282.934683804,3923577.637921792,-0.0077834398682998795,2.948974314760798,0.0,18.3659201209543,3491.009528277677,0
2024-10-31,current_dynamic_state,479.5012512207031,-0.025242648699177694,3.0,3.0,3856843.2254004027,0.0,115705.29676201208,3937302.3686468764,3821597.0718848645,-0.025991728837292394,3.0276686575161267,0.0,18.3659201209543,3402.8713281340083,0
2024-11-01,current_dynamic_state,483.0490417480469,0.007398918184909675,3.0,3.0,3821597.0718848645,-1057.3846054661408,114647.91215654594,3965349.994907124,3850702.082750578,0.007615928712065623,2.977324905765036,0.7401692238262986,18.198081294689832,3458.719762373552,-1
2024-11-04,current_dynamic_state,481.6418151855469,-0.0029132167562273548,3.0,3.0,3821597.0718848645,0.0,114647.91215654594,3953779.87277636,3839131.9606198138,-0.0030046785968183,2.9862977707605665,0.0,18.198081294689832,3448.6278889908376,0
2024-11-05,current_dynamic_state,487.7861022949219,0.012756963609997118,3.0,3.0,3821597.0718848645,0.0,114647.91215654594,4004199.9006540123,3889551.9884974663,0.013133184374707563,2.9475865728390587,0.0,18.198081294689832,3492.606036459242,0
2024-11-06,current_dynamic_state,501.03594970703125,0.027163232715675667,3.0,3.0,3821597.0718848645,0.0,114647.91215654594,4112948.7163142683,3998300.8041577223,0.02795921380710631,2.867415879198652,0.0,18.198081294689832,3587.460633995885,0
2024-11-07,current_dynamic_state,508.92431640625,0.01574411317956592,3.0,3.0,3821597.0718848645,0.0,114647.91215654594,4177685.248324376,4063037.33616783,0.01619101092713926,2.8217292303958836,0.0,18.198081294689832,3643.9261472288813,0
2024-11-08,current_dynamic_state,509.51904296875,0.0011685952966438151,3.0,3.0,3821597.0718848645,0.0,114647.91215654594,4182549.0735751316,4067901.1614185856,0.0011970909564278376,2.818355402631394,0.0,18.198081294689832,3648.1685491699773,0
2024-11-11,current_dynamic_state,509.2217712402344,-0.0005834359532149724,3.0,3.0,3821597.0718848645,0.0,114647.91215654594,4180090.6259882273,4065442.7138316813,-0.0006043528319275016,2.8200597137055765,0.0,18.198081294689832,3646.02420345913,0
2024-11-12,current_dynamic_state,508.300048828125,-0.0018100608893144576,3.0,3.0,3821597.0718848645,0.0,114647.91215654594,4172506.2093510414,4057858.2971944953,-0.001865581972507413,2.825330599538449,0.0,18.198081294689832,3639.408804631082,0
2024-11-13,current_dynamic_state,507.64599609375,-0.0012867453699501041,3.0,3.0,3821597.0718848645,0.0,114647.91215654594,4167119.0582237765,4052471.1460672305,-0.0013275848323706096,2.829086451801326,0.0,18.198081294689832,3634.709939186495,0
2024-11-14,current_dynamic_state,504.11798095703125,-0.006949754679178466,3.0,3.0,3821597.0718848645,0.0,114647.91215654594,4138140.4049688973,4023492.4928123513,-0.007150859860656111,2.849462559240642,0.0,18.198081294689832,3609.4337237633035,0
2024-11-15,current_dynamic_state,492.10693359375,-0.023825865803237423,3.0,3.0,3821597.0718848645,0.0,114647.91215654594,4039527.4289238593,3924879.5167673132,-0.024509297885158765,2.9210555806047904,0.0,18.198081294689832,3523.4199672193668,0
2024-11-18,current_dynamic_state,495.52587890625,0.00694756582178635,3.0,3.0,3821597.0718848645,0.0,114647.91215654594,4067574.1135439244,3952926.2013873784,0.007145871484780075,2.900330193776635,0.0,18.198081294689832,3547.883286343547,0
2024-11-19,current_dynamic_state,498.9349365234375,0.0068796762435741066,3.0,3.0,3821597.0718848645,0.0,114647.91215654594,4095539.508460555,3980891.596304009,0.0070746058721804506,2.879955642675345,0.0,18.198081294689832,3572.275701687705,0
2024-11-20,current_dynamic_state,498.6476135253906,-0.0005758726780067391,3.0,3.0,3821597.0718848645,0.0,114647.91215654594,4093162.8010746413,3978514.8889180953,-0.0005970289138544915,2.8816760866194198,0.0,18.198081294689832,3570.2026526969235,0
2024-11-21,current_dynamic_state,500.44134521484375,0.0035971929691422933,3.0,3.0,3821597.0718848645,0.0,114647.91215654594,4107868.499442927,3993220.587286381,0.0036962783296972113,2.8710638355807854,0.0,18.198081294689832,3583.029487561745,0
2024-11-22,current_dynamic_state,501.2440185546875,0.0016039309052275907,3.0,3.0,3821597.0718848645,0.0,114647.91215654594,4114439.0386024998,3999791.1264459537,0.0016454235412117768,2.8663474799599657,0.0,18.198081294689832,3588.760546275314,0
2024-11-25,current_dynamic_state,502.0368957519531,0.0015818187707292708,3.0,3.0,3821597.0718848645,0.0,114647.91215654594,4120929.137423488,4006281.225266942,0.0016226094352969067,2.8617040519642214,0.0,18.198081294689832,3594.4214420551916,0
2024-11-26,current_dynamic_state,504.732421875,0.005369179328960527,3.0,3.0,3821597.0718848645,0.0,114647.91215654594,4143036.9468829585,4028389.0347264125,0.005518286963990482,2.8459990127128383,0.0,18.198081294689832,3613.704662345574,0
2024-11-27,current_dynamic_state,500.7584228515625,-0.007873476819013736,3.0,3.0,3821597.0718848645,0.0,114647.91215654594,4110398.6434400636,3995750.7312835176,-0.008102073350299333,2.86924585307449,0.0,18.198081294689832,3585.2363694399614,0
2024-11-29,current_dynamic_state,505.15850830078125,0.008786842613974555,3.0,3.0,3821597.0718848645,0.0,114647.91215654594,4146497.8713193713,4031849.9591628253,0.009034404372795235,2.8435560181498287,0.0,18.198081294689832,3616.723404136255,0
2024-12-02,current_dynamic_state,510.65863037109375,0.010887913357756629,3.0,3.0,4031849.9591628253,6307.586618338813,120955.49877488475,4197997.181285682,4077041.6825107974,0.011208681822414857,2.9667466804115614,4.415310632837169,19.199285519822975,3470.695606074716,1
2024-12-03,current_dynamic_state,512.2244873046875,0.0030663477330361566,3.0,3.0,4031849.9591628253,0.0,120955.49877488475,4210850.501140289,4089895.0023654043,0.0031526093809006728,2.9574230806641673,0.0,19.199285519822975,3481.3220926625886,0
2024-12-04,current_dynamic_state,518.5570068359375,0.012362781725980154,3.0,3.0,4031849.9591628253,0.0,120955.49877488475,4262889.1274811,4141933.6287062154,0.012723707163805997,2.9202664653191635,0.0,19.199285519822975,3524.3450447961345,0
2024-12-05,current_dynamic_state,517.1199340820312,-0.0027712917479888466,3.0,3.0,4031849.9591628253,0.0,120955.49877488475,4251056.218734,4130100.719959115,-0.002856856195157409,2.92863314907444,0.0,19.199285519822975,3514.562183440552,0
2024-12-06,current_dynamic_state,521.748046875,0.00894978609011532,3.0,3.0,4031849.9591628253,0.0,120955.49877488475,4289083.063263203,4168127.5644883183,0.009207243868275317,2.9019145144549654,0.0,19.199285519822975,3546.0008901668803,0
2024-12-09,current_dynamic_state,517.6849365234375,-0.007787495086753915,3.0,3.0,4031849.9591628253,0.0,120955.49877488475,4255662.650695841,4134707.151920956,-0.008018087750504055,2.925370390952348,0.0,19.199285519822975,3518.370552641207,0
2024-12-10,current_dynamic_state,515.9208984375,-0.0034075515076488205,3.0,3.0,4031849.9591628253,0.0,120955.49877488475,4241142.0617288975,4120186.562954013,-0.0035118784555751015,2.9356801427983004,0.0,19.199285519822975,3506.3656507442142,0
2024-12-11,current_dynamic_state,525.1571655273438,0.01790248683047424,3.0,3.0,4031849.9591628253,0.0,120955.49877488475,4317049.852349649,4196094.353574764,0.018423386771672767,2.8825733785475904,0.0,19.199285519822975,3569.122442613616,0
2024-12-12,current_dynamic_state,521.7679443359375,-0.006453727405590914,3.0,3.0,4031849.9591628253,0.0,120955.49877488475,4289169.590120718,4168214.091345833,-0.006644336347007784,2.9018542743765505,0.0,19.199285519822975,3546.0724262759377,0
2024-12-13,current_dynamic_state,525.7616577148438,0.007654194594091335,3.0,3.0,4031849.9591628253,0.0,120955.49877488475,4321980.529525041,4201025.030750155,0.007871702049192963,2.8791901473932984,0.0,19.199285519822975,3573.1988816555217,0
2024-12-16,current_dynamic_state,533.3328857421875,0.014400494817844223,3.0,3.0,4031849.9591628253,0.0,120955.49877488475,4384199.988457769,4263244.489682884,0.014810542302724272,2.8371701193210686,0.0,19.199285519822975,3624.638840618056,0
2024-12-17,current_dynamic_state,530.9843139648438,-0.004403575778147428,3.0,3.0,4031849.9591628253,0.0,120955.49877488475,4364874.632296522,4243919.133521637,-0.004533016158940639,2.8500896216303477,0.0,19.199285519822975,3608.6615957991044,0
2024-12-18,current_dynamic_state,511.8280944824219,-0.03607680863372964,3.0,3.0,4031849.9591628253,0.0,120955.49877488475,4207384.686191419,4086429.1874165344,-0.03710955396419535,2.9599313539396865,0.0,19.199285519822975,3478.4567289676975,0
2024-12-19,current_dynamic_state,509.5487365722656,-0.0044533661491583665,3.0,3.0,4031849.9591628253,0.0,120955.49877488475,4188628.462367927,4067672.9635930425,-0.004589881033849497,2.9735797311503323,0.0,19.199285519822975,3462.9500145037277,0
2024-12-20,current_dynamic_state,513.9984130859375,0.008732582762553509,3.0,3.0,4031849.9591628253,0.0,120955.49877488475,4225186.807791622,4104231.3090167376,0.008987533105759393,2.9470926384961085,0.0,19.199285519822975,3493.174639092094,0
2024-12-23,current_dynamic_state,519.0060424804688,0.009742499717978692,3.0,3.0,4031849.9591628253,0.0,120955.49877488475,4266331.489789419,4145375.991014534,0.010024942285149496,2.917841446398744,0.0,19.199285519822975,3527.1910190124254,0
2024-12-24,current_dynamic_state,526.0436401367188,0.013559760542700916,4.0,3.0,4031849.9591628253,0.0,120955.49877488475,4324162.723901228,4203207.225126343,0.013950781361488751,2.8776953477769345,0.0,19.199285519822975,3575.003011602726,0
2024-12-26,current_dynamic_state,525.6863403320312,-0.0006792208429601265,4.0,4.0,4031849.9591628253,40318.49959162825,161273.998366513,4361462.974049693,4200188.97568318,-0.0007180824740499192,3.839684340399971,28.222949714139773,25.59904735976397,2704.3807546321173,1
2024-12-27,current_dynamic_state,518.6983642578125,-0.013293052411833761,4.0,4.0,4031849.9591628253,0.0,161273.998366513,4303460.219096018,4142186.220729505,-0.013809558400700306,3.8934511818763684,0.0,25.59904735976397,2668.415406503365,0
2024-12-30,current_dynamic_state,511.7997131347656,-0.013299928433200159,4.0,4.0,4031849.9591628253,0.0,161273.998366513,4246198.907119557,4084924.9087530444,-0.013823934735212373,3.9480284697753025,0.0,25.59904735976397,2632.9097995509483,0
2024-12-31,current_dynamic_state,507.4521179199219,-0.008494719913410664,4.0,4.0,4031849.9591628253,0.0,161273.998366513,4210103.037659586,4048829.0392930736,-0.008836360585876557,3.98322568825162,0.0,25.59904735976397,2610.528095230616,0
2025-01-02,current_dynamic_state,506.4595031738281,-0.001956075678947844,4.0,4.0,4048829.0392930736,679.1632052099449,161953.16157172294,4202519.410876999,4040566.2493052757,-0.0020407851029542456,4.008179833694565,0.4754142436469614,25.706851043130627,2594.8980372426145,1
2025-01-03,current_dynamic_state,514.747802734375,0.016365177291780775,4.0,4.0,4048829.0392930736,0.0,161953.16157172294,4271268.679257108,4109315.517685385,0.017014760837526177,3.941122575638698,0.0,25.706851043130627,2637.3481306603107,0
2025-01-06,current_dynamic_state,520.6637573242188,0.011492918587350465,4.0,4.0,4048829.0392930736,0.0,161953.16157172294,4320332.315601467,4158379.154029744,0.011939612846276315,3.8946222932745234,0.0,25.706851043130627,2667.6430849966177,0
2025-01-07,current_dynamic_state,511.3728942871094,-0.01784426687360907,4.0,4.0,4048829.0392930736,0.0,161953.16157172294,4243213.4459281545,4081260.2843564316,-0.01854541560948797,3.9682144800343484,0.0,25.706851043130627,2620.025076848528,0
2025-01-08,current_dynamic_state,511.4621887207031,0.00017461706436017188,4.0,4.0,4048829.0392930736,0.0,161953.16157172294,4243928.676552493,4081975.51498077,0.00017524749084985025,3.9675191822527602,0.0,25.706851043130627,2620.4667049201244,0
2025-01-10,current_dynamic_state,503.4419860839844,-0.015680929721861414,4.0,4.0,4048829.0392930736,0.0,161953.16157172294,4177354.222379838,4015401.060808115,-0.016309371266027495,4.033299765556401,0.0,25.706851043130627,2579.359477665921,0
2025-01-13,current_dynamic_state,501.8240051269531,-0.0032138379431098096,4.0,4.0,4048829.0392930736,0.0,161953.16157172294,4163903.1760271005,4001950.0144553776,-0.0033498637244545604,4.0468561822795035,0.0,25.706851043130627,2571.0539612918055,0
2025-01-14,current_dynamic_state,501.3475036621094,-0.0009495390016729388,4.0,4.0,4048829.0392930736,0.0,161953.16157172294,4159923.68071123,3997970.519139507,-0.000994389060707035,4.050884337350754,0.0,25.706851043130627,2568.59677226428,0
2025-01-15,current_dynamic_state,512.8817138671875,0.02300641794528957,4.0,4.0,4048829.0392930736,0.0,161953.16157172294,4255602.916679136,4093649.7551074135,0.02393195135128212,3.9562046403618973,0.0,25.706851043130627,2627.675110124041,0
2025-01-16,current_dynamic_state,509.2884826660156,-0.007005964736154224,4.0,4.0,4048829.0392930736,0.0,161953.16157172294,4225762.605862765,4063809.4442910417,-0.007289414728053334,3.9852548155091148,0.0,25.706851043130627,2609.2498379485687,0
2025-01-17,current_dynamic_state,517.8844604492188,0.016878406003224322,4.0,4.0,4048829.0392930736,0.0,161953.16157172294,4297061.035946717,4135107.8743749936,0.01754472768995452,3.9165401844855516,0.0,25.706851043130627,2653.2739430614392,0
2025-01-21,current_dynamic_state,520.9217529296875,0.00586480713832227,4.0,4.0,4048829.0392930736,0.0,161953.16157172294,4322236.763333101,4160283.601761378,0.006088287936185877,3.892839456982099,0.0,25.706851043130627,2668.8190100067577,0
2025-01-22,current_dynamic_state,527.5823364257812,0.012786149663811086,4.0,4.0,4048829.0392930736,0.0,161953.16157172294,4377475.822620462,4215522.661048738,0.013277714832703458,3.84182875039823,0.0,25.706851043130627,2702.9270562784554,0
2025-01-23,current_dynamic_state,528.7037963867188,0.0021256586574429637,4.0,4.0,4048829.0392930736,0.0,161953.16157172294,4386755.135149519,4224801.973577796,0.002201224682006231,3.8333905964016597,0.0,25.706851043130627,2708.6566835601975,0
2025-01-24,current_dynamic_state,525.716064453125,-0.005651050652581979,4.0,4.0,4048829.0392930736,0.0,161953.16157172294,4361939.652829272,4199986.491257548,-0.00587376224387437,3.8560400589105557,0.0,25.706851043130627,2693.334054425071,0
2025-01-27,current_dynamic_state,510.4101257324219,-0.029114458841247526,4.0,4.0,4048829.0392930736,0.0,161953.16157172294,4234918.433487926,4072965.2719162027,-0.030243244735607022,3.9762961567194766,0.0,25.706851043130627,2614.903217935909,0
2025-01-28,current_dynamic_state,517.953857421875,0.014779745363844743,4.0,4.0,4048829.0392930736,0.0,161953.16157172294,4297483.742720487,4135530.5811487637,0.015361120229519187,3.916139861471796,0.0,25.706851043130627,2653.5349486322275,0
2025-01-29,current_dynamic_state,516.981201171875,-0.001877882046947943,4.0,4.0,4048829.0392930736,0.0,161953.16157172294,4289387.868301938,4127434.7067302153,-0.0019576386293580494,3.9238212855951744,0.0,25.706851043130627,2648.536049975369,0
2025-01-30,current_dynamic_state,519.1846923828125,0.0042622269551439995,4.0,4.0,4048829.0392930736,0.0,161953.16157172294,4307644.50604424,4145691.344472517,0.004423240835895514,3.906541710772954,0.0,25.706851043130627,2659.808838703372,0
2025-01-31,current_dynamic_state,518.4302978515625,-0.001453036929474294,4.0,4.0,4048829.0392930736,0.0,161953.16157172294,4301359.632646868,4139406.471075145,-0.0015160012830552905,3.91247302489862,0.0,25.706851043130627,2655.9281652195214,0
2025-02-03,current_dynamic_state,514.28125,-0.008003096788047781,4.0,4.0,4139406.471075145,3623.097271282866,165576.2588430058,4270500.738643003,4104924.479799997,-0.008330177651336479,4.033600609652948,2.5361680898980064,26.28194584809616,2579.1745558716584,1
2025-02-04,current_dynamic_state,520.5941772460938,0.012275242867776592,4.0,4.0,4139406.471075145,0.0,165576.2588430058,4322895.890431017,4157319.631588011,0.012763974598277272,3.9827647021636166,0.0,26.28194584809616,2610.8186769275,0
2025-02-05,current_dynamic_state,522.9566650390625,0.004538060347632378,4.0,4.0,4139406.471075145,0.0,165576.2588430058,4342487.170912477,4176910.9120694716,0.004712478764587358,3.9640840403026507,0.0,26.28194584809616,2622.65085662425,0
2025-02-06,current_dynamic_state,525.6863403320312,0.005219696918414618,4.0,4.0,4139406.471075145,0.0,165576.2588430058,4365127.355870896,4199551.09702789,0.005420317894020199,3.9427132809548993,0.0,26.28194584809616,2636.324426202776,0
2025-02-07,current_dynamic_state,519.0556640625,-0.012613369914354688,4.0,4.0,4139406.471075145,0.0,165576.2588430058,4310042.107862179,4144465.8490191735,-0.013116937200193135,3.995116979482192,0.0,26.28194584809616,2603.0556179849586,0
2025-02-10,current_dynamic_state,525.3389282226562,0.012105183692590726,4.0,4.0,4139406.471075145,0.0,165576.2588430058,4362189.677354804,4196613.418511799,0.012582458486168013,3.945473226402693,0.0,26.28194584809616,2634.550211386824,0
2025-02-11,current_dynamic_state,524.0882568359375,-0.002380694289970231,4.0,4.0,4139406.471075145,0.0,165576.2588430058,4351778.35535231,4186202.096509305,-0.002480886601698429,3.9552858420541326,0.0,26.28194584809616,2628.2622797260624,0
2025-02-12,current_dynamic_state,524.3960571289062,0.0005873062198091805,4.0,4.0,4139406.471075145,0.0,165576.2588430058,4354307.8999017915,4188731.641058786,0.0006042576280753664,3.9528972737234866,0.0,26.28194584809616,2629.790001494362,0
2025-02-13,current_dynamic_state,531.9397583007812,0.014385503226658658,4.0,4.0,4139406.471075145,0.0,165576.2588430058,4416920.528299846,4251344.26945684,0.014947872951399654,3.894680090543694,0.0,26.28194584809616,2667.6049810304207,0
2025-02-14,current_dynamic_state,534.1732788085938,0.0041988222781979,4.0,4.0,4139406.471075145,0.0,165576.2588430058,4435440.110669252,4269863.851826247,0.004356170941614446,3.877787784080933,0.0,26.28194584809616,2678.7899072383298,0
2025-02-18,current_dynamic_state,535.3841552734375,0.002266823356541714,4.0,4.0,4139406.471075145,0.0,165576.2588430058,4445468.187962811,4279891.929119806,0.0023485707370434206,3.86870186409258,0.0,26.28194584809616,2684.846377751453,0
2025-02-19,current_dynamic_state,535.5330810546875,0.00027816620978238227,4.0,4.0,4139406.471075145,0.0,165576.2588430058,4446678.485053517,4281102.226210511,0.00028278683451588016,3.8676081554251596,0.0,26.28194584809616,2685.577338276327,0
2025-02-20,current_dynamic_state,533.2599487304688,-0.004244616074401963,4.0,4.0,4139406.471075145,0.0,165576.2588430058,4427777.760132314,4262201.501289308,-0.004414920252426069,3.8847590568610912,0.0,26.28194584809616,2674.162220521357,0
2025-02-21,current_dynamic_state,522.1923828125,-0.02075454184083636,4.0,4.0,4139406.471075145,0.0,165576.2588430058,4335854.979401875,4170278.7205588697,-0.02156697206892544,3.9703883106598807,0.0,26.28194584809616,2618.6453358104895,0
2025-02-24,current_dynamic_state,516.0282592773438,-0.011804315302258117,4.0,4.0,4139406.471075145,0.0,165576.2588430058,4284646.898174302,4119070.639331296,-0.012279294660840101,4.019747980575687,0.0,26.28194584809616,2587.7181475859225,0
2025-02-25,current_dynamic_state,509.5266418457031,-0.012599343766067417,4.0,4.0,4139406.471075145,0.0,165576.2588430058,4230636.877042142,4065060.618199136,-0.013112186185019636,4.0731559598822855,0.0,26.28194584809616,2555.0987240589234,0
2025-02-26,current_dynamic_state,510.7574768066406,0.002415643971979353,2.0,4.0,4139406.471075145,0.0,165576.2588430058,4240830.3075659545,4075254.048722949,0.002507571591473301,4.06296777730684,0.0,26.28194584809616,2561.2550598736357,0
2025-02-27,current_dynamic_state,496.5731201171875,-0.02777121693477025,2.0,2.0,4139406.471075145,-82788.1294215029,82788.1294215029,4042498.8035167297,3959710.674095227,-0.02835243477984628,2.090762084288382,57.951690595052035,13.14097292404808,4882.944972624004,-1
2025-02-28,current_dynamic_state,504.41473388671875,0.015791458401293923,2.0,2.0,4139406.471075145,0.0,82788.1294215029,4106322.6142368205,4023534.4848153177,0.016118301556129255,2.0575971135314606,0.0,13.14097292404808,4960.03792201913,0
2025-03-03,current_dynamic_state,493.37689208984375,-0.021882473003561942,0.0,2.0,4023534.4848153177,-2317.4397251965565,80470.68969630635,4014185.032238657,3933714.3425423508,-0.022323691424031566,2.0456668351850458,1.6222078076375896,12.773125348620056,4988.3815428798425,-1
2025-03-04,current_dynamic_state,491.88800048828125,-0.003017757064494586,0.0,0.0,4023534.4848153177,-80470.68969630635,0.0,3921787.1888013473,3921787.1888013473,-0.003032033519062005,0.0,56.32948278741444,0.0,inf,-1
2025-03-05,current_dynamic_state,498.3002014160156,0.013035896223061227,0.0,0.0,4023534.4848153177,0.0,0.0,3972911.199603493,3972911.199603493,0.013035896223061227,0.0,0.0,0.0,inf,0
2025-03-06,current_dynamic_state,484.5923156738281,-0.027509291995535867,0.0,0.0,4023534.4848153177,0.0,0.0,3863619.2253412656,3863619.2253412656,-0.027509291995535867,0.0,0.0,0.0,inf,0
2025-03-07,current_dynamic_state,488.15576171875,0.007353492677585782,0.0,0.0,4023534.4848153177,0.0,0.0,3892030.321023792,3892030.321023792,0.007353492677585782,0.0,0.0,0.0,inf,0
2025-03-10,current_dynamic_state,469.2366027832031,-0.038756397894258776,0.0,0.0,4023534.4848153177,0.0,0.0,3741189.245285674,3741189.245285674,-0.03875639789425889,0.0,0.0,0.0,inf,0
2025-03-11,current_dynamic_state,468.1149597167969,-0.0023903571455282657,0.0,0.0,4023534.4848153177,0.0,0.0,3732246.466840432,3732246.466840432,-0.0023903571455282657,0.0,0.0,0.0,inf,0
2025-03-12,current_dynamic_state,473.3956604003906,0.011280777454300006,0.0,0.0,4023534.4848153177,0.0,0.0,3774349.1086374563,3774349.1086374563,0.011280777454300006,0.0,0.0,0.0,inf,0
2025-03-13,current_dynamic_state,464.87908935546875,-0.017990386810303072,0.0,0.0,4023534.4848153177,0.0,0.0,3706447.108215946,3706447.108215946,-0.017990386810303072,0.0,0.0,0.0,inf,0
2025-03-14,current_dynamic_state,476.11541748046875,0.024170431370829304,0.0,0.0,4023534.4848153177,0.0,0.0,3796033.533674688,3796033.533674688,0.024170431370829304,0.0,0.0,0.0,inf,0
2025-03-17,current_dynamic_state,479.202392578125,0.006483669682431303,0.0,0.0,4023534.4848153177,0.0,0.0,3820645.761210467,3820645.761210467,0.006483669682431303,0.0,0.0,0.0,inf,0
2025-03-18,current_dynamic_state,471.0332946777344,-0.017047281121533198,0.0,0.0,4023534.4848153177,0.0,0.0,3755514.138853318,3755514.138853318,-0.017047281121533198,0.0,0.0,0.0,inf,0
2025-03-19,current_dynamic_state,477.3363342285156,0.013381303661545996,0.0,0.0,4023534.4848153177,0.0,0.0,3805767.8139505438,3805767.8139505438,0.013381303661545996,0.0,0.0,0.0,inf,0
2025-03-20,current_dynamic_state,475.7183837890625,-0.003389539667178476,0.0,0.0,4023534.4848153177,0.0,0.0,3792868.0129810874,3792868.0129810874,-0.003389539667178476,0.0,0.0,0.0,inf,0
2025-03-21,current_dynamic_state,477.28668212890625,0.003296694837295,0.0,0.0,4023534.4848153177,0.0,0.0,3805371.9413780235,3805371.9413780235,0.003296694837295,0.0,0.0,0.0,inf,0
2025-03-24,current_dynamic_state,487.76043701171875,0.021944368604828846,0.0,0.0,4023534.4848153177,0.0,0.0,3888878.425938096,3888878.425938096,0.021944368604828846,0.0,0.0,0.0,inf,0
2025-03-25,current_dynamic_state,490.5438537597656,0.005706524221397613,0.0,0.0,4023534.4848153177,0.0,0.0,3911070.4048697823,3911070.4048697823,0.005706524221397613,0.0,0.0,0.0,inf,0
2025-03-26,current_dynamic_state,481.51751708984375,-0.01840067223498909,0.0,0.0,4023534.4848153177,0.0,0.0,3839104.0802618074,3839104.0802618074,-0.01840067223498909,0.0,0.0,0.0,inf,0
2025-03-27,current_dynamic_state,478.7738037109375,-0.005698055172506433,0.0,0.0,4023534.4848153177,0.0,0.0,3817228.653399481,3817228.653399481,-0.005698055172506433,0.0,0.0,0.0,inf,0
2025-03-28,current_dynamic_state,466.1687927246094,-0.02632769564380444,0.0,0.0,4023534.4848153177,0.0,0.0,3716729.81920997,3716729.81920997,-0.02632769564380444,0.0,0.0,0.0,inf,0
2025-03-31,current_dynamic_state,466.14892578125,-4.261748892120387e-05,0.0,0.0,4023534.4848153177,0.0,0.0,3716571.4215180767,3716571.4215180767,-4.261748892120387e-05,0.0,0.0,0.0,inf,0
2025-04-01,current_dynamic_state,469.90655517578125,0.008061006229358014,0.0,0.0,3716571.4215180767,0.0,0.0,3746530.726898788,3746530.726898788,0.008061006229358014,0.0,0.0,0.0,inf,0
2025-04-02,current_dynamic_state,473.3361511230469,0.007298463725373461,0.0,0.0,3716571.4215180767,0.0,0.0,3773874.645505056,3773874.645505056,0.007298463725373461,0.0,0.0,0.0,inf,0
2025-04-03,current_dynamic_state,447.996826171875,-0.05353346641926948,0.0,0.0,3716571.4215180767,0.0,0.0,3571846.0538993785,3571846.0538993785,-0.05353346641926948,0.0,0.0,0.0,inf,0
2025-04-04,current_dynamic_state,420.1722106933594,-0.06210895670015448,0.0,0.0,3716571.4215180767,0.0,0.0,3350002.4219981246,3350002.4219981246,-0.06210895670015437,0.0,0.0,0.0,inf,0
2025-04-07,current_dynamic_state,421.1861572265625,0.0024131689516779797,0.0,0.0,3716571.4215180767,0.0,0.0,3358086.5438309363,3358086.5438309363,0.0024131689516779797,0.0,0.0,0.0,inf,0
2025-04-08,current_dynamic_state,413.60125732421875,-0.01800842637443023,0.0,0.0,3716571.4215180767,0.0,0.0,3297612.689547392,3297612.689547392,-0.01800842637443023,0.0,0.0,0.0,inf,0
2025-04-09,current_dynamic_state,463.2461242675781,0.12003074474322295,0.0,0.0,3716571.4215180767,0.0,0.0,3693427.596548468,3693427.596548468,0.12003074474322295,0.0,0.0,0.0,inf,0
2025-04-10,current_dynamic_state,443.54327392578125,-0.04253214287102425,0.0,0.0,3716571.4215180767,0.0,0.0,3536338.206328285,3536338.206328285,-0.04253214287102425,0.0,0.0,0.0,inf,0
2025-04-11,current_dynamic_state,451.7146911621094,0.018423043965932084,0.0,0.0,3716571.4215180767,0.0,0.0,3601488.320581876,3601488.320581876,0.018423043965932084,0.0,0.0,0.0,inf,0
2025-04-14,current_dynamic_state,454.7764892578125,0.006778168068490631,0.0,0.0,3716571.4215180767,0.0,0.0,3625899.8137154863,3625899.8137154863,0.006778168068490631,0.0,0.0,0.0,inf,0
2025-04-15,current_dynamic_state,455.283447265625,0.0011147410206711061,0.0,0.0,3716571.4215180767,0.0,0.0,3629941.7529746788,3629941.7529746788,0.0011147410206711061,0.0,0.0,0.0,inf,0
2025-04-16,current_dynamic_state,441.5550537109375,-0.030153509065920403,0.0,0.0,3716571.4215180767,0.0,0.0,3520486.2714175936,3520486.2714175936,-0.030153509065920514,0.0,0.0,0.0,inf,0
2025-04-17,current_dynamic_state,441.4755554199219,-0.0001800416286655837,0.0,0.0,3716571.4215180767,0.0,0.0,3519852.4373355927,3519852.4373355927,-0.0001800416286655837,0.0,0.0,0.0,inf,0
2025-04-21,current_dynamic_state,430.5505065917969,-0.024746667610471285,0.0,0.0,3716571.4215180767,0.0,0.0,3432747.8190309415,3432747.8190309415,-0.024746667610471285,0.0,0.0,0.0,inf,0
2025-04-22,current_dynamic_state,441.8533630371094,0.02625210346350526,0.0,0.0,3716571.4215180767,0.0,0.0,3522864.669940264,3522864.669940264,0.02625210346350526,0.0,0.0,0.0,inf,0
2025-04-23,current_dynamic_state,451.8737487792969,0.022678079608383417,0.0,0.0,3716571.4215180767,0.0,0.0,3602756.475374731,3602756.475374731,0.022678079608383417,0.0,0.0,0.0,inf,0
2025-04-24,current_dynamic_state,464.5881652832031,0.028137099219092354,0.0,0.0,3716571.4215180767,0.0,0.0,3704127.591784577,3704127.591784577,0.028137099219092354,0.0,0.0,0.0,inf,0
2025-04-25,current_dynamic_state,469.76739501953125,0.011148001872090196,0.0,0.0,3716571.4215180767,0.0,0.0,3745421.2131122523,3745421.2131122523,0.011148001872090196,0.0,0.0,0.0,inf,0
2025-04-28,current_dynamic_state,469.6182556152344,-0.0003174750011986083,0.0,0.0,3716571.4215180767,0.0,0.0,3744232.1355081303,3744232.1355081303,-0.0003174750011986083,0.0,0.0,0.0,inf,0
2025-04-29,current_dynamic_state,472.7198181152344,0.006604433415682953,0.0,0.0,3716571.4215180767,0.0,0.0,3768960.667339954,3768960.667339954,0.006604433415682953,0.0,0.0,0.0,inf,0
2025-04-30,current_dynamic_state,472.66015625,-0.0001262097820908803,0.0,0.0,3716571.4215180767,0.0,0.0,3768484.98763542,3768484.98763542,-0.0001262097820908803,0.0,0.0,0.0,inf,0
2025-05-01,current_dynamic_state,478.83349609375,0.013060842472376155,0.0,0.0,3768484.98763542,0.0,0.0,3817704.576418441,3817704.576418441,0.013060842472376155,0.0,0.0,0.0,inf,0
2025-05-02,current_dynamic_state,485.94122314453125,0.014843838429777767,0.0,0.0,3768484.98763542,0.0,0.0,3874373.9663234195,3874373.9663234195,0.014843838429777767,0.0,0.0,0.0,inf,0
2025-05-05,current_dynamic_state,483.058349609375,-0.005932556033219738,0.0,0.0,3768484.98763542,0.0,0.0,3851389.025674558,3851389.025674558,-0.005932556033219738,0.0,0.0,0.0,inf,0
2025-05-06,current_dynamic_state,478.5650634765625,-0.00930174612745227,0.0,0.0,3768484.98763542,0.0,0.0,3815564.3827196774,3815564.3827196774,-0.00930174612745227,0.0,0.0,0.0,inf,0
2025-05-07,current_dynamic_state,480.44390869140625,0.003925997441590834,0.0,0.0,3768484.98763542,0.0,0.0,3830544.27872446,3830544.27872446,0.003925997441590834,0.0,0.0,0.0,inf,0
2025-05-08,current_dynamic_state,485.4044189453125,0.010324847842107632,0.0,0.0,3768484.98763542,0.0,0.0,3870094.065554746,3870094.065554746,0.010324847842107632,0.0,0.0,0.0,inf,0
2025-05-09,current_dynamic_state,485.0863037109375,-0.0006553612244943885,0.0,0.0,3768484.98763542,0.0,0.0,3867557.7559690354,3867557.7559690354,-0.0006553612244943885,0.0,0.0,0.0,inf,0
2025-05-12,current_dynamic_state,504.8488464355469,0.04074026121418983,0.0,0.0,3768484.98763542,0.0,0.0,4025123.0692081796,4025123.0692081796,0.04074026121418983,0.0,0.0,0.0,inf,0
2025-05-13,current_dynamic_state,512.5431518554688,0.015240810143960948,0.0,0.0,3768484.98763542,0.0,0.0,4086469.205712059,4086469.205712059,0.015240810143960948,0.0,0.0,0.0,inf,0
2025-05-14,current_dynamic_state,515.6148071289062,0.005992969103806534,0.0,0.0,3768484.98763542,0.0,0.0,4110959.289405548,4110959.289405548,0.005992969103806534,0.0,0.0,0.0,inf,0
2025-05-15,current_dynamic_state,516.1814575195312,0.0010989800579628284,0.0,0.0,3768484.98763542,0.0,0.0,4115477.1516837017,4115477.1516837017,0.0010989800579628284,0.0,0.0,0.0,inf,0
2025-05-16,current_dynamic_state,518.4281616210938,0.0043525470914023145,0.0,0.0,3768484.98763542,0.0,0.0,4133389.959789995,4133389.959789995,0.0043525470914023145,0.0,0.0,0.0,inf,0
2025-05-19,current_dynamic_state,518.9252319335938,0.0009588026833760033,0.0,0.0,3768484.98763542,0.0,0.0,4137353.0651748814,4137353.0651748814,0.0009588026833760033,0.0,0.0,0.0,inf,0
2025-05-20,current_dynamic_state,517.1954956054688,-0.0033333054969783005,1.0,0.0,3768484.98763542,0.0,0.0,4123562.003459794,4123562.003459794,-0.0033333054969783005,0.0,0.0,0.0,inf,0
2025-05-21,current_dynamic_state,510.0080871582031,-0.013896889103512944,1.0,1.0,3768484.98763542,37684.8498763542,37684.8498763542,4103386.472757403,4065701.622881049,-0.014031650434793597,0.9268965942869624,26.37939491344794,5.981722202595905,10888.689980776919,1
2025-05-22,current_dynamic_state,510.9624938964844,0.0018713560869185741,1.0,1.0,3768484.98763542,0.0,37684.8498763542,4111059.388287974,4073374.53841162,0.0018872303583197247,0.9251506219472052,0.0,5.981722202595905,10909.050724035142,0
2025-05-23,current_dynamic_state,506.2305908203125,-0.009260764014375034,1.0,1.0,3768484.98763542,0.0,37684.8498763542,4072981.8557217554,4035297.0058454014,-0.009347908523301807,0.9338804509746158,0.0,5.981722202595905,10808.008706643132,0
2025-05-27,current_dynamic_state,518.1398315429688,0.02352532805921137,1.0,1.0,3768484.98763542,0.0,37684.8498763542,4168794.108334623,4131109.258458269,0.02374354414906188,0.9122210892678786,0.0,5.981722202595905,11062.254784117851,0
2025-05-28,current_dynamic_state,515.8433837890625,-0.0044321003985886565,1.0,1.0,3768484.98763542,0.0,37684.8498763542,4150311.6125832363,4112626.7627068823,-0.004473978923105082,0.9163206887159991,0.0,5.981722202595905,11013.209887264,0
2025-05-29,current_dynamic_state,516.8574829101562,0.0019659050653026977,1.0,1.0,3768484.98763542,0.0,37684.8498763542,4158464.7494827956,4120779.8996064416,0.001982464582852783,0.9145077095710287,0.0,5.981722202595905,11034.844939350742,0
2025-05-30,current_dynamic_state,516.0422973632812,-0.0015771959850230388,1.0,1.0,3768484.98763542,0.0,37684.8498763542,4151900.053853849,4114215.203977495,-0.0015930711634400962,0.915966910042082,0.0,5.981722202595905,11017.424953201173,0
2025-06-02,current_dynamic_state,520.1180419921875,0.007898082482252544,1.0,1.0,4114215.203977495,3457.302163420747,41142.15203977495,4188167.7414322505,4147025.5893924753,0.007974883127956023,0.992088212453064,2.420111514394523,6.5305003237738015,10179.748831279561,1
2025-06-03,current_dynamic_state,524.183837890625,0.007817063762803667,1.0,1.0,4114215.203977495,0.0,41142.15203977495,4220900.38521602,4179758.233176245,0.00789304118776002,0.9843189424980346,0.0,6.5305003237738015,10259.308703967128,0
2025-06-04,current_dynamic_state,525.645263671875,0.0027880023678923394,1.0,1.0,4114215.203977495,0.0,41142.15203977495,4232661.734984317,4191519.5829445417,0.0028138827922972176,0.9815569562691294,0.0,6.5305003237738015,10287.895807910854,0
2025-06-05,current_dynamic_state,521.688720703125,-0.007527021058102434,1.0,1.0,4114215.203977495,0.0,41142.15203977495,4200795.870472942,4159653.7184331664,-0.007602461083812795,0.9890763708877222,0.0,6.5305003237738015,10210.442726505271,0
2025-06-06,current_dynamic_state,526.7883911132812,0.009775312763678379,1.0,1.0,4114215.203977495,0.0,41142.15203977495,4241853.43346286,4200711.281423085,0.009870428109911122,0.9794091829571567,0.0,6.5305003237738015,10310.237124596615,0
2025-06-09,current_dynamic_state,527.5637817382812,0.001471920486632916,1.0,1.0,4114215.203977495,0.0,41142.15203977495,4248090.573932544,4206948.42189277,0.0014847819932941597,0.9779571298205856,0.0,6.5305003237738015,10325.39710082648,0
2025-06-10,current_dynamic_state,531.0530395507812,0.00661390704457232,1.0,1.0,4114215.203977495,0.0,41142.15203977495,4276180.519605135,4235038.36756536,0.006677035907169948,0.9714705858361978,0.0,6.5305003237738015,10393.672444433769,0
2025-06-11,current_dynamic_state,529.263671875,-0.003369470735531177,1.0,1.0,4114215.203977495,0.0,41142.15203977495,4261765.523984153,4220623.371944378,-0.003403746169428179,0.97478851852212,0.0,6.5305003237738015,10358.63539628168,0
2025-06-12,current_dynamic_state,530.5062255859375,0.0023477026234117737,1.0,1.0,4114215.203977495,0.0,41142.15203977495,4271764.351584853,4230622.199545078,0.0023690404756711025,0.9724846629935189,0.0,6.5305003237738015,10382.938518760624,0
2025-06-13,current_dynamic_state,523.845947265625,-0.01255457146229777,2.0,1.0,4114215.203977495,0.0,41142.15203977495,4218127.650262461,4176985.498222686,-0.012678206370722367,0.984972345661267,0.0,6.5305003237738015,10252.569302122327,0
2025-06-16,current_dynamic_state,531.132568359375,0.013909854856728021,2.0,2.0,4114215.203977495,41142.15203977495,82284.3040795499,4318473.365943874,4236189.061864324,0.014173753695536861,1.9424134021850532,28.799506427842463,13.061000647547603,5248.234659393739,1
2025-06-17,current_dynamic_state,525.953369140625,-0.009751236371642769,2.0,2.0,4114215.203977495,0.0,82284.3040795499,4276349.850387264,4194065.546307714,-0.009943728889680759,1.9619222248920185,0.0,13.061000647547603,5197.042009680269,0
2025-06-18,current_dynamic_state,525.8638305664062,-0.00017024051840386356,2.0,2.0,4114215.203977495,0.0,82284.3040795499,4275608.78137121,4193324.47729166,-0.00017669466723202465,1.9622689473506905,0.0,13.061000647547603,5196.141389538501,0
2025-06-20,current_dynamic_state,523.7166748046875,-0.004083102196639099,2.0,2.0,4114215.203977495,0.0,82284.3040795499,4258137.972763375,4175853.6686838255,-0.004166338355747312,1.970478628037865,0.0,13.061000647547603,5174.909140200956,0
2025-06-23,current_dynamic_state,529.1017456054688,0.010282412342111469,2.0,2.0,4114215.203977495,0.0,82284.3040795499,4301908.842208283,4219624.538128733,0.010481897335905321,1.9500385244237946,0.0,13.061000647547603,5228.103816797589,0
2025-06-24,current_dynamic_state,537.1928100585938,0.015292076656950204,2.0,2.0,4114215.203977495,0.0,82284.3040795499,4367680.900993896,4285396.596914345,0.015587182743699968,1.920109427883474,0.0,13.061000647547603,5308.036508118678,0
2025-06-25,current_dynamic_state,538.5661010742188,0.002556421065045944,3.0,2.0,4114215.203977495,0.0,82284.3040795499,4378833.471453947,4296549.167374397,0.002602459354189346,1.9151253918928965,0.0,13.061000647547603,5321.5902114461915,0
2025-06-26,current_dynamic_state,543.601806640625,0.009350208927673131,3.0,3.0,4114215.203977495,41142.15203977494,123426.45611932484,4461254.658739809,4337828.202620484,0.009607485830614326,2.845351414441975,28.79950642784246,19.591500971321405,3614.504376943957,1
2025-06-27,current_dynamic_state,545.4630126953125,0.0034238408186857416,3.0,3.0,4114215.203977495,0.0,123426.45611932484,4476509.693041983,4353083.236922658,0.0035167446910320255,2.8353801065053648,0.0,19.591500971321405,3626.8639915531835,0
2025-06-30,current_dynamic_state,548.9959106445312,0.006476879031195093,3.0,3.0,4114215.203977495,0.0,123426.45611932484,4505483.913304817,4382057.457185492,0.006656022567424369,2.816632536776439,0.0,19.591500971321405,3650.338877873198,0
2025-07-01,current_dynamic_state,544.3682861328125,-0.008429251333194498,0.0,3.0,4382057.457185492,8035.267596239923,131461.72371556476,4475447.1491123615,4343985.425396796,-0.008688163530641724,3.026292927848775,5.624687317367946,20.86694027231187,3404.3727882311946,1
2025-07-02,current_dynamic_state,548.1598510742188,0.006965073164606039,0.0,0.0,4382057.457185492,-131461.72371556476,0.0,4374148.9375557,4374148.9375557,0.006943741565649475,0.0,92.02320660089534,0.0,inf,-1
2025-07-03,current_dynamic_state,553.553955078125,0.009840385050702949,0.0,0.0,4382057.457185492,0.0,0.0,4417192.247370371,4417192.247370371,0.009840385050702949,0.0,0.0,0.0,inf,0
2025-07-07,current_dynamic_state,549.3840942382812,-0.007532889615530336,1.0,0.0,4382057.457185492,0.0,0.0,4383918.025760354,4383918.025760354,-0.007532889615530225,0.0,0.0,0.0,inf,0
2025-07-08,current_dynamic_state,549.692626953125,0.0005615974653789824,1.0,1.0,4382057.457185492,43820.57457185492,43820.57457185492,4430187.559831892,4386366.985260037,0.0005586234699856973,0.9990175176657524,30.674402200298445,6.9556467574372896,10109.834485550797,1
2025-07-09,current_dynamic_state,553.5838623046875,0.007078929497619679,1.0,1.0,4382057.457185492,0.0,43820.57457185492,4461541.589582417,4417721.015010562,0.007148063501272839,0.9919271593421377,0.0,6.9556467574372896,10181.385418090742,0
2025-07-10,current_dynamic_state,552.7877197265625,-0.0014381607419162723,0.0,1.0,4382057.457185492,0.0,43820.57457185492,4455118.219973096,4411297.64540124,-0.0014540007364648444,0.9933715222670972,0.0,6.9556467574372896,10166.727076268253,0
2025-07-11,current_dynamic_state,551.5436401367188,-0.0022505557657089836,0.0,0.0,4382057.457185492,-43820.57457185492,0.0,4401339.168683376,4401339.168683376,-0.002257493716898873,0.0,30.674402200298445,0.0,inf,-1
2025-07-14,current_dynamic_state,553.5440673828125,0.003626960951989,0.0,0.0,4382057.457185492,0.0,0.0,4417302.65398465,4417302.65398465,0.003626960951989,0.0,0.0,0.0,inf,0
2025-07-15,current_dynamic_state,554.051513671875,0.0009167224778718897,0.0,0.0,4382057.457185492,0.0,0.0,4421352.0946191205,4421352.0946191205,0.0009167224778718897,0.0,0.0,0.0,inf,0
2025-07-16,current_dynamic_state,554.6188354492188,0.001023951317421501,0.0,0.0,4382057.457185492,0.0,0.0,4425879.34392119,4425879.34392119,0.001023951317421501,0.0,0.0,0.0,inf,0
2025-07-17,current_dynamic_state,559.1072387695312,0.008092771167205415,0.0,0.0,4382057.457185492,0.0,0.0,4461696.972665206,4461696.972665206,0.008092771167205415,0.0,0.0,0.0,inf,0
2025-07-18,current_dynamic_state,558.56982421875,-0.0009612012034828643,0.0,0.0,4382057.457185492,0.0,0.0,4457408.384165504,4457408.384165504,-0.0009612012034828643,0.0,0.0,0.0,inf,0
2025-07-21,current_dynamic_state,561.4658813476562,0.005184771900194951,0.0,0.0,4382057.457185492,0.0,0.0,4480519.029903418,4480519.029903418,0.005184771900194951,0.0,0.0,0.0,inf,0
2025-07-22,current_dynamic_state,558.559814453125,-0.0051758566122592775,1.0,0.0,4382057.457185492,0.0,0.0,4457328.50585614,4457328.50585614,-0.0051758566122591665,0.0,0.0,0.0,inf,0
2025-07-23,current_dynamic_state,561.1076049804688,0.004561356655845783,1.0,1.0,4382057.457185492,43820.57457185492,43820.57457185492,4521642.656779113,4477822.082207258,0.004597726266797109,0.9786135707798018,30.674402200298445,6.9556467574372896,10318.538040537866,1
2025-07-24,current_dynamic_state,562.3018798828125,0.0021284240166115076,1.0,1.0,4382057.457185492,0.0,43820.57457185492,4531259.67395758,4487439.099385724,0.0021476997080076554,0.9765163069924095,0.0,6.9556467574372896,10340.484391703794,0
2025-07-25,current_dynamic_state,563.6553344726562,0.002406989267270232,1.0,1.0,4382057.457185492,0.0,43820.57457185492,4542159.411713253,4498338.837141397,0.0024289438840885413,0.9741501509410972,0.0,6.9556467574372896,10365.357953637127,0
2025-07-28,current_dynamic_state,565.4168090820312,0.0031250917034661985,1.0,1.0,4382057.457185492,0.0,43820.57457185492,4556347.120759862,4512526.546188006,0.003153988518931783,0.9710873525801795,0.0,6.9556467574372896,10397.734774765624,0
2025-07-29,current_dynamic_state,564.541015625,-0.0015489342427812414,2.0,1.0,4382057.457185492,0.0,43820.57457185492,4549282.683035762,4505462.108463907,-0.00156551715580866,0.9726099902057576,0.0,6.9556467574372896,10381.61349430976,0
2025-07-30,current_dynamic_state,565.2974853515625,0.0013399730145824407,2.0,2.0,4382057.457185492,43820.57457185492,87641.14914370984,4599213.265227416,4511572.116083706,0.0013561333938023612,1.9425855752426098,30.674402200298445,13.911293514874579,5247.77836685578,1
2025-07-31,current_dynamic_state,562.3018798828125,-0.00529916645018691,2.0,2.0,4382057.457185492,0.0,87641.14914370984,4574827.357301553,4487186.208157843,-0.005405190762423406,1.9531426840360564,0.0,13.911293514874579,5219.953642780249,0
2025-08-01,current_dynamic_state,551.2252197265625,-0.019698778454303678,2.0,2.0,4487186.208157843,2102.5750194470165,89743.72416315686,4486754.315737953,4397010.5915747965,-0.02009625016655303,2.0410167838830473,1.4718025136129116,14.245035581453472,4999.518749167235,1
2025-08-04,current_dynamic_state,561.3961181640625,0.018451438855692004,2.0,2.0,4487186.208157843,0.0,89743.72416315686,4569527.143619724,4479783.419456567,0.01882479611042398,2.0033049761598405,0.0,14.245035581453472,5091.751190659507,0
2025-08-05,current_dynamic_state,557.5845947265625,-0.006789365501786548,3.0,2.0,4487186.208157843,0.0,89743.72416315686,4538488.7086357735,4448744.984472617,-0.006928557047901962,2.0172818283895335,0.0,14.245035581453472,5057.16555776609,0
2025-08-06,current_dynamic_state,564.6007690429688,0.01258315667750276,3.0,3.0,4487186.208157843,44871.86208157842,134615.58624473528,4640980.5417905785,4506364.955545844,0.012951960895564163,2.9872322275866288,31.410303457104895,21.367553372180204,3447.5803814820765,1
2025-08-07,current_dynamic_state,566.5115966796875,0.003384387236945674,3.0,3.0,4487186.208157843,0.0,134615.58624473528,4656666.049549756,4522050.463305021,0.0034807451047376148,2.976870500165739,0.0,21.367553372180204,3459.2324555076357,0
2025-08-08,current_dynamic_state,571.7960815429688,0.009328114189106618,3.0,3.0,4487186.208157843,0.0,134615.58624473528,4700082.59464712,4565467.008402385,0.009601074877353843,2.948561143843244,0.0,21.367553372180204,3491.4846978434016,0
2025-08-11,current_dynamic_state,570.1041870117188,-0.002958912426759719,3.0,3.0,4487186.208157843,0.0,134615.58624473528,4686154.094297649,4551538.508052914,-0.0030508380246393463,2.957584254347482,0.0,21.367553372180204,3481.1378273672385,0
2025-08-12,current_dynamic_state,577.2697143554688,0.012568803224037195,4.0,3.0,4487186.208157843,0.0,134615.58624473528,4745032.0754330205,4610416.489188286,0.012935841590969721,2.919814002930478,0.0,21.367553372180204,3524.875690699297,0
2025-08-13,current_dynamic_state,577.558349609375,0.0005000006872497575,4.0,4.0,4487186.208157843,44871.86208157844,179487.44832631372,4792238.976695424,4612751.52836911,0.000506470334361353,3.891114603126553,31.410303457104906,28.490071162906943,2669.957716476634,1
2025-08-14,current_dynamic_state,577.1105346679688,-0.0007753587870543699,4.0,4.0,4487186.208157843,0.0,179487.44832631372,4788494.782024016,4609007.333697702,-0.0008117052584299955,3.894275607114624,0.0,28.490071162906943,2667.871668284227,0
2025-08-15,current_dynamic_state,574.5728149414062,-0.004397285397021111,4.0,4.0,4487186.208157843,0.0,179487.44832631372,4767409.913774147,4587922.465447833,-0.004574709199465121,3.912172659369337,0.0,28.490071162906943,2656.1244021402813,0
2025-08-18,current_dynamic_state,574.3438110351562,-0.0003985637682377696,4.0,4.0,4487186.208157843,0.0,179487.44832631372,4765481.306843016,4585993.858516702,-0.0004203660688808508,3.9138178956124308,0.0,28.490071162906943,2655.0498941737833,0
2025-08-19,current_dynamic_state,566.5513916015625,-0.013567517023556408,4.0,4.0,4487186.208157843,0.0,179487.44832631372,4700797.068015821,4521309.619689507,-0.014104737342172657,3.969811037595777,0.0,28.490071162906943,2619.0115865203156,0
2025-08-20,current_dynamic_state,563.1875610351562,-0.005937379408595511,4.0,4.0,4487186.208157843,0.0,179487.44832631372,4672858.162229035,4493370.713902721,-0.006179383439063102,3.9944945510721,0.0,28.490071162906943,2603.445648039764,0
2025-08-21,current_dynamic_state,560.5802001953125,-0.00462964919724318,4.0,4.0,4487186.208157843,0.0,179487.44832631372,4651195.978118277,4471708.529791963,-0.0048209207497021955,4.0138449796204405,0.0,28.490071162906943,2591.3767349693776,0
2025-08-22,current_dynamic_state,569.2284545898438,0.015427327600079588,4.0,4.0,4487186.208157843,0.0,179487.44832631372,4722923.012133718,4543435.563807404,0.016040185431937637,3.9504785707999135,0.0,28.490071162906943,2631.3388797791017,0
2025-08-25,current_dynamic_state,567.5863647460938,-0.002884764158413655,4.0,4.0,4487186.208157843,0.0,179487.44832631372,4709270.003034204,4529782.55470789,-0.003004996749215949,3.962385526425964,0.0,28.490071162906943,2623.7322146742017,0
2025-08-26,current_dynamic_state,569.8654174804688,0.004015340881901697,4.0,4.0,4487186.208157843,0.0,179487.44832631372,4728150.837330138,4548663.389003824,0.004168154667007373,3.9459382455122096,0.0,28.490071162906943,2634.2515208830723,0
2025-08-27,current_dynamic_state,570.7412109375,0.001536842612600342,4.0,4.0,4487186.208157843,0.0,179487.44832631372,4735388.770944587,4555901.322618273,0.0015912220789839893,3.939669356648015,0.0,28.490071162906943,2638.2840778568,0
2025-08-28,current_dynamic_state,574.31396484375,0.006259849188709143,4.0,4.0,4487186.208157843,0.0,179487.44832631372,4765003.100429445,4585515.652103131,0.006500213105546049,3.9142260531592,0.0,28.490071162906943,2654.7834652852835,0
2025-08-29,current_dynamic_state,567.6660766601562,-0.01157535527697362,4.0,4.0,4487186.208157843,0.0,179487.44832631372,4709818.006574931,4530330.558248617,-0.012034653906197734,3.9619062233662232,0.0,28.490071162906943,2624.037530475299,0
2025-09-02,current_dynamic_state,562.9088745117188,-0.008380282606327838,4.0,4.0,4530330.558248617,1725.7740036309406,181213.22232994466,4672029.750263611,4490816.5279336665,-0.008722107538710389,4.035195408290823,1.2080418025416584,28.76400354443566,2578.194731153224,1
2025-09-03,current_dynamic_state,567.337646484375,0.00786765349275731,4.0,4.0,4530330.558248617,0.0,181213.22232994466,4708758.897442995,4527545.67511305,0.008178723613160743,4.002460390980371,0.0,28.76400354443566,2598.4632009189177,0
2025-09-04,current_dynamic_state,572.4728393554688,0.009051387481361362,4.0,4.0,4530330.558248617,0.0,181213.22232994466,4751350.934776515,4570137.71244657,0.009407312568405324,3.9651589018076714,0.0,28.76400354443566,2621.96702519062,0
2025-09-05,current_dynamic_state,573.2988891601562,0.0014429502116075632,4.0,4.0,4530330.558248617,0.0,181213.22232994466,4758178.133609728,4576964.911279784,0.0014938715773531452,3.959244299281178,0.0,28.76400354443566,2625.7345200485743,0
2025-09-08,current_dynamic_state,576.0953369140625,0.0048778181970714485,4.0,4.0,4530330.558248617,0.0,181213.22232994466,4781358.897491213,4600145.675161269,0.005064658421207735,3.9392931251811243,0.0,28.76400354443566,2638.526502655273,0
2025-09-09,current_dynamic_state,577.7276000976562,0.002833321290773183,4.0,4.0,4530330.558248617,0.0,181213.22232994466,4794877.259450759,4613664.037120814,0.002938681275364674,3.927750717692741,0.0,28.76400354443566,2645.986422955643,0
2025-09-10,current_dynamic_state,577.9166870117188,0.00032729423699073834,4.0,4.0,4530330.558248617,0.0,181213.22232994466,4796417.831141311,4615204.608811366,0.000333915013784436,3.92643962055272,0.0,28.76400354443566,2646.836566047159,0
2025-09-11,current_dynamic_state,581.2804565429688,0.005820509438208665,4.0,4.0,4530330.558248617,0.0,181213.22232994466,4824306.662393517,4643093.4400635725,0.006042815783066313,3.902855384436621,0.0,28.76400354443566,2662.2266302453595,0
2025-09-12,current_dynamic_state,583.8480224609375,0.0044170862602861405,0.0,4.0,4530330.558248617,0.0,181213.22232994466,4845587.277063838,4664374.054733894,0.004583283740684285,3.8850491020554103,0.0,28.76400354443566,2673.9700418997113,0
2025-09-15,current_dynamic_state,588.8440551757812,0.008557077394533819,0.0,0.0,4530330.558248617,-181213.22232994466,0.0,4704159.529802779,4704159.529802779,0.008529649338158585,0.0,126.84925563096127,0.0,inf,-1
2025-09-16,current_dynamic_state,588.3463745117188,-0.0008451824548248998,0.0,0.0,4530330.558248617,0.0,0.0,4700183.656703492,4700183.656703492,-0.0008451824548250109,0.0,0.0,0.0,inf,0
2025-09-17,current_dynamic_state,587.1720581054688,-0.001995960980000211,0.0,0.0,4530330.558248617,0.0,0.0,4690802.273525877,4690802.273525877,-0.001995960980000211,0.0,0.0,0.0,inf,0
2025-09-18,current_dynamic_state,592.4666137695312,0.009017042945036469,0.0,0.0,4530330.558248617,0.0,0.0,4733099.439072935,4733099.439072935,0.009017042945036469,0.0,0.0,0.0,inf,0
2025-09-19,current_dynamic_state,596.4771728515625,0.0067692575224016505,0.0,0.0,4530330.558248617,0.0,0.0,4765139.008055154,4765139.008055154,0.0067692575224016505,0.0,0.0,0.0,inf,0
2025-09-22,current_dynamic_state,600.0083618164062,0.005920073936714676,0.0,0.0,4530330.558248617,0.0,0.0,4793348.983301564,4793348.983301564,0.005920073936714676,0.0,0.0,0.0,inf,0
2025-09-23,current_dynamic_state,596.02294921875,-0.006642261760471446,0.0,0.0,4530330.558248617,0.0,0.0,4761510.304645185,4761510.304645185,-0.006642261760471446,0.0,0.0,0.0,inf,0
2025-09-24,current_dynamic_state,593.9305419921875,-0.0035106152024937387,0.0,0.0,4530330.558248617,0.0,0.0,4744794.474182867,4744794.474182867,-0.0035106152024937387,0.0,0.0,0.0,inf,0
2025-09-25,current_dynamic_state,591.3699340820312,-0.004311291858417277,0.0,0.0,4530330.558248617,0.0,0.0,4724338.28039646,4724338.28039646,-0.004311291858417277,0.0,0.0,0.0,inf,0
2025-09-26,current_dynamic_state,593.801025390625,0.004110948441042206,0.0,0.0,4530330.558248617,0.0,0.0,4743759.791485212,4743759.791485212,0.004110948441042206,0.0,0.0,0.0,inf,0
2025-09-29,current_dynamic_state,596.5509643554688,0.004631078168035652,0.0,0.0,4530330.558248617,0.0,0.0,4765728.513889965,4765728.513889965,0.004631078168035652,0.0,0.0,0.0,inf,0
2025-09-30,current_dynamic_state,598.18505859375,0.00273923660495079,0.0,0.0,4530330.558248617,0.0,0.0,4778782.9718844695,4778782.9718844695,0.00273923660495079,0.0,0.0,0.0,inf,0
2025-10-01,current_dynamic_state,601.0545043945312,0.004796919882163131,0.0,0.0,4778782.9718844695,0.0,0.0,4801706.410934845,4801706.410934845,0.004796919882163131,0.0,0.0,0.0,inf,0
2025-10-02,current_dynamic_state,603.5254516601562,0.004111020294430778,0.0,0.0,4778782.9718844695,0.0,0.0,4821446.323438097,4821446.323438097,0.004111020294430778,0.0,0.0,0.0,inf,0
2025-10-03,current_dynamic_state,600.9848022460938,-0.004209680647392355,0.0,0.0,4778782.9718844695,0.0,0.0,4801149.574157879,4801149.574157879,-0.004209680647392244,0.0,0.0,0.0,inf,0
2025-10-06,current_dynamic_state,605.498291015625,0.007510154587375251,0.0,0.0,4778782.9718844695,0.0,0.0,4837206.949656915,4837206.949656915,0.007510154587375251,0.0,0.0,0.0,inf,0
2025-10-07,current_dynamic_state,602.3099365234375,-0.005265670505592235,0.0,0.0,4778782.9718844695,0.0,0.0,4811735.811692661,4811735.811692661,-0.005265670505592235,0.0,0.0,0.0,inf,0
2025-10-08,current_dynamic_state,609.2147827148438,0.011463942021712858,0.0,0.0,4778782.9718844695,0.0,0.0,4866897.272061705,4866897.272061705,0.011463942021712858,0.0,0.0,0.0,inf,0
2025-10-09,current_dynamic_state,608.4774169921875,-0.0012103542848554971,0.0,0.0,4778782.9718844695,0.0,0.0,4861006.602094513,4861006.602094513,-0.0012103542848554971,0.0,0.0,0.0,inf,0
2025-10-10,current_dynamic_state,587.3546142578125,-0.03471419340226101,0.0,0.0,4778782.9718844695,0.0,0.0,4692260.678779737,4692260.678779737,-0.034714193402260896,0.0,0.0,0.0,inf,0
2025-10-13,current_dynamic_state,599.8190307617188,0.02122127961769138,0.0,0.0,4778782.9718844695,0.0,0.0,4791836.45468322,4791836.45468322,0.02122127961769138,0.0,0.0,0.0,inf,0
2025-10-14,current_dynamic_state,595.8236083984375,-0.006661046346274513,0.0,0.0,4778782.9718844695,0.0,0.0,4759917.809974807,4759917.809974807,-0.006661046346274513,0.0,0.0,0.0,inf,0
2025-10-15,current_dynamic_state,600.0281982421875,0.007056769460766832,0.0,0.0,4778782.9718844695,0.0,0.0,4793507.452611998,4793507.452611998,0.007056769460766832,0.0,0.0,0.0,inf,0
2025-10-16,current_dynamic_state,597.8063354492188,-0.003702930628056822,0.0,0.0,4778782.9718844695,0.0,0.0,4775757.427049902,4775757.427049902,-0.003702930628056822,0.0,0.0,0.0,inf,0
2025-10-17,current_dynamic_state,601.7320556640625,0.006566876230734042,0.0,0.0,4778782.9718844695,0.0,0.0,4807119.234981348,4807119.234981348,0.006566876230734042,0.0,0.0,0.0,inf,0
2025-10-20,current_dynamic_state,609.3142700195312,0.012600648883664967,0.0,0.0,4778782.9718844695,0.0,0.0,4867692.05660326,4867692.05660326,0.012600648883664967,0.0,0.0,0.0,inf,0
2025-10-21,current_dynamic_state,609.1549682617188,-0.00026144432462971157,0.0,0.0,4778782.9718844695,0.0,0.0,4866419.426141016,4866419.426141016,-0.00026144432462971157,0.0,0.0,0.0,inf,0
2025-10-22,current_dynamic_state,603.286376953125,-0.009633987432361102,0.0,0.0,4778782.9718844695,0.0,0.0,4819536.402548975,4819536.402548975,-0.009633987432361213,0.0,0.0,0.0,inf,0
2025-10-23,current_dynamic_state,608.3578491210938,0.008406409230690803,0.0,0.0,4778782.9718844695,0.0,0.0,4860051.397851014,4860051.397851014,0.008406409230690803,0.0,0.0,0.0,inf,0
2025-10-24,current_dynamic_state,614.8540649414062,0.010678280603591661,0.0,0.0,4778782.9718844695,0.0,0.0,4911948.390425145,4911948.390425145,0.010678280603591661,0.0,0.0,0.0,inf,0
2025-10-27,current_dynamic_state,625.8041381835938,0.01780922314180522,0.0,0.0,4778782.9718844695,0.0,0.0,4999426.375371257,4999426.375371257,0.01780922314180522,0.0,0.0,0.0,inf,0
2025-10-28,current_dynamic_state,630.6165771484375,0.007690008216966859,0.0,0.0,4778782.9718844695,0.0,0.0,5037872.005277983,5037872.005277983,0.007690008216966859,0.0,0.0,0.0,inf,0
2025-10-29,current_dynamic_state,633.4562377929688,0.004502990798896933,0.0,0.0,4778782.9718844695,0.0,0.0,5060557.49656377,5060557.49656377,0.004502990798896933,0.0,0.0,0.0,inf,0
2025-10-30,current_dynamic_state,623.7715454101562,-0.015288652640875422,0.0,0.0,4778782.9718844695,0.0,0.0,4983188.390829628,4983188.390829628,-0.015288652640875422,0.0,0.0,0.0,inf,0
2025-10-31,current_dynamic_state,626.7805786132812,0.004823934700558308,0.0,0.0,4778782.9718844695,0.0,0.0,5007226.966227571,5007226.966227571,0.004823934700558308,0.0,0.0,0.0,inf,0
2025-11-03,current_dynamic_state,629.7796020507812,0.004784805942990689,0.0,0.0,5007226.966227571,0.0,0.0,5031185.57557348,5031185.57557348,0.004784805942990689,0.0,0.0,0.0,inf,0
2025-11-04,current_dynamic_state,616.996337890625,-0.02029799650310915,0.0,0.0,5007226.966227571,0.0,0.0,4929062.588353996,4929062.588353996,-0.02029799650310915,0.0,0.0,0.0,inf,0
2025-11-05,current_dynamic_state,621.01171875,0.006507949258017787,0.0,0.0,5007226.966227571,0.0,0.0,4961140.677568598,4961140.677568598,0.006507949258017787,0.0,0.0,0.0,inf,0
2025-11-06,current_dynamic_state,609.4439086914062,-0.018627361947175403,0.0,0.0,5007226.966227571,0.0,0.0,4868727.714496672,4868727.714496672,-0.018627361947175403,0.0,0.0,0.0,inf,0
2025-11-07,current_dynamic_state,607.5209350585938,-0.0031552922350828183,0.0,0.0,5007226.966227571,0.0,0.0,4853365.4557443885,4853365.4557443885,-0.0031552922350828183,0.0,0.0,0.0,inf,0
2025-11-10,current_dynamic_state,620.9618530273438,0.022124205427511257,0.0,0.0,5007226.966227571,0.0,0.0,4960742.310102064,4960742.310102064,0.022124205427511257,0.0,0.0,0.0,inf,0
2025-11-11,current_dynamic_state,619.307861328125,-0.002663596308138949,0.0,0.0,5007226.966227571,0.0,0.0,4947528.895199248,4947528.895199248,-0.002663596308138949,0.0,0.0,0.0,inf,0
2025-11-12,current_dynamic_state,618.8196411132812,-0.0007883320159972618,0.0,0.0,5007226.966227571,0.0,0.0,4943628.599771091,4943628.599771091,-0.0007883320159971507,0.0,0.0,0.0,inf,0
2025-11-13,current_dynamic_state,606.1858520507812,-0.020415947108225807,0.0,0.0,5007226.966227571,0.0,0.0,4842699.739755452,4842699.739755452,-0.020415947108225807,0.0,0.0,0.0,inf,0
2025-11-14,current_dynamic_state,606.6441040039062,0.0007559594991779495,0.0,0.0,5007226.966227571,0.0,0.0,4846360.624625387,4846360.624625387,0.0007559594991779495,0.0,0.0,0.0,inf,0
2025-11-17,current_dynamic_state,601.4630737304688,-0.008540477422004478,0.0,0.0,5007226.966227571,0.0,0.0,4804970.391131882,4804970.391131882,-0.008540477422004589,0.0,0.0,0.0,inf,0
2025-11-18,current_dynamic_state,594.1397705078125,-0.012175815178868343,0.0,0.0,5007226.966227571,0.0,0.0,4746465.959709525,4746465.959709525,-0.012175815178868343,0.0,0.0,0.0,inf,0
2025-11-19,current_dynamic_state,597.6868896484375,0.005970176239158853,0.0,0.0,5007226.966227571,0.0,0.0,4774803.19800216,4774803.19800216,0.005970176239158853,0.0,0.0,0.0,inf,0
2025-11-20,current_dynamic_state,583.5385131835938,-0.023671886919195972,0.0,0.0,5007226.966227571,0.0,0.0,4661774.596637637,4661774.596637637,-0.023671886919195972,0.0,0.0,0.0,inf,0
2025-11-21,current_dynamic_state,587.9224853515625,0.00751273835218047,0.0,0.0,5007226.966227571,0.0,0.0,4696797.289439018,4696797.289439018,0.00751273835218047,0.0,0.0,0.0,inf,0
2025-11-24,current_dynamic_state,602.9575805664062,0.025573261083649657,0.0,0.0,5007226.966227571,0.0,0.0,4816909.71277882,4816909.71277882,0.025573261083649657,0.0,0.0,0.0,inf,0
2025-11-25,current_dynamic_state,606.6740112304688,0.006163668529668875,0.0,0.0,5007226.966227571,0.0,0.0,4846599.54758573,4846599.54758573,0.006163668529668875,0.0,0.0,0.0,inf,0
2025-11-26,current_dynamic_state,612.034423828125,0.008835737972002766,0.0,0.0,5007226.966227571,0.0,0.0,4889422.831243425,4889422.831243425,0.008835737972002766,0.0,0.0,0.0,inf,0
2025-11-28,current_dynamic_state,616.996337890625,0.008107246699400328,0.0,0.0,5007226.966227571,0.0,0.0,4929062.588353995,4929062.588353995,0.008107246699400328,0.0,0.0,0.0,inf,0
2025-12-01,current_dynamic_state,614.923828125,-0.0033590309023721066,0.0,0.0,4929062.588353995,0.0,0.0,4912505.714799988,4912505.714799988,-0.0033590309023721066,0.0,0.0,0.0,inf,0
2025-12-02,current_dynamic_state,619.736328125,0.007826172575998713,0.0,0.0,4929062.588353995,0.0,0.0,4950951.832304592,4950951.832304592,0.007826172575998713,0.0,0.0,0.0,inf,0
2025-12-03,current_dynamic_state,621.2507934570312,0.0024437252800932896,0.0,0.0,4929062.588353995,0.0,0.0,4963050.598457719,4963050.598457719,0.0024437252800932896,0.0,0.0,0.0,inf,0
2025-12-04,current_dynamic_state,620.6729125976562,-0.0009301893300760478,0.0,0.0,4929062.588353995,0.0,0.0,4958434.021746406,4958434.021746406,-0.0009301893300760478,0.0,0.0,0.0,inf,0
2025-12-05,current_dynamic_state,623.20361328125,0.004077349973276911,0.0,0.0,4929062.588353995,0.0,0.0,4978651.292572469,4978651.292572469,0.004077349973276911,0.0,0.0,0.0,inf,0
2025-12-08,current_dynamic_state,622.008056640625,-0.0019184045392969251,0.0,0.0,4929062.588353995,0.0,0.0,4969100.225333222,4969100.225333222,-0.0019184045392969251,0.0,0.0,0.0,inf,0
2025-12-09,current_dynamic_state,622.7752075195312,0.001233345566373334,0.0,0.0,4929062.588353995,0.0,0.0,4975228.843065002,4975228.843065002,0.001233345566373334,0.0,0.0,0.0,inf,0
2025-12-10,current_dynamic_state,625.3258666992188,0.004095633783892216,0.0,0.0,4929062.588353995,0.0,0.0,4995605.558397254,4995605.558397254,0.004095633783892216,0.0,0.0,0.0,inf,0
2025-12-11,current_dynamic_state,623.3032836914062,-0.0032344464150966257,0.0,0.0,4929062.588353995,0.0,0.0,4979447.539907659,4979447.539907659,-0.0032344464150966257,0.0,0.0,0.0,inf,0
2025-12-12,current_dynamic_state,611.3868408203125,-0.019118209678794962,0.0,0.0,4929062.588353995,0.0,0.0,4884249.417755145,4884249.417755145,-0.019118209678795073,0.0,0.0,0.0,inf,0
2025-12-15,current_dynamic_state,608.3179931640625,-0.0050194859479351095,0.0,0.0,4929062.588353995,0.0,0.0,4859732.996436512,4859732.996436512,-0.0050194859479352205,0.0,0.0,0.0,inf,0
2025-12-16,current_dynamic_state,609.5235595703125,0.001981802971139146,0.0,0.0,4929062.588353995,0.0,0.0,4869364.029727793,4869364.029727793,0.001981802971139146,0.0,0.0,0.0,inf,0
2025-12-17,current_dynamic_state,598.224853515625,-0.01853694722260213,0.0,0.0,4929062.588353995,0.0,0.0,4779100.885701092,4779100.885701092,-0.01853694722260213,0.0,0.0,0.0,inf,0
2025-12-18,current_dynamic_state,606.8932495117188,0.014490197030684548,0.0,0.0,4929062.588353995,0.0,0.0,4848350.99916442,4848350.99916442,0.014490197030684548,0.0,0.0,0.0,inf,0
2025-12-19,current_dynamic_state,614.8042602539062,0.01303525908148151,0.0,0.0,4929062.588353995,0.0,0.0,4911550.510556488,4911550.510556488,0.01303525908148151,0.0,0.0,0.0,inf,0
2025-12-22,current_dynamic_state,617.7513427734375,0.004793529762324944,0.0,0.0,4929062.588353995,0.0,0.0,4935094.174108003,4935094.174108003,0.004793529762324944,0.0,0.0,0.0,inf,0
2025-12-23,current_dynamic_state,620.6444702148438,0.004683320360612031,0.0,0.0,4929062.588353995,0.0,0.0,4958206.801135141,4958206.801135141,0.004683320360612031,0.0,0.0,0.0,inf,0
2025-12-24,current_dynamic_state,622.4602661132812,0.002925661929782386,1.0,0.0,4929062.588353995,0.0,0.0,4972712.83801321,4972712.83801321,0.002925661929782386,0.0,0.0,0.0,inf,0
2025-12-26,current_dynamic_state,622.4202880859375,-6.42258301777332e-05,1.0,1.0,4929062.588353995,49290.62588353995,49290.62588353995,5021638.596424149,4972347.970540609,-7.337392777073681e-05,0.991294780163604,34.503438118477966,7.823908870403167,10187.816661709441,1
2025-12-29,current_dynamic_state,619.4074096679688,-0.004840585173137457,1.0,1.0,4929062.588353995,0.0,49290.62588353995,4997323.103180573,4948032.477297033,-0.004890143125066193,0.9961661753373533,0.0,7.823908870403167,10138.485794414255,0
2025-12-30,current_dynamic_state,617.9707641601562,-0.002319387022803987,1.0,1.0,4929062.588353995,0.0,49290.62588353995,4985724.552917427,4936433.927033887,-0.002344073187951601,0.9985067482338772,0.0,7.823908870403167,10114.954849015934,0
2025-12-31,current_dynamic_state,612.8628540039062,-0.008265617813153048,2.0,1.0,4929062.588353995,0.0,49290.62588353995,4944506.635332488,4895216.009448948,-0.008349735496146926,1.0069142156014597,0.0,7.823908870403167,10031.332625020797,0
2026-01-02,current_dynamic_state,611.6757202148438,-0.0019370300896959236,2.0,2.0,4895216.009448948,48613.694305439014,97904.32018897896,4983399.001279982,4885494.681091003,-0.001985883429695634,2.00397967002014,34.02958601380731,15.540368283964915,5090.070582851522,1
2026-01-05,current_dynamic_state,616.5341796875,0.007942867947986931,2.0,2.0,4895216.009448948,0.0,97904.32018897896,5022965.941110995,4925061.620922016,0.008098860486769999,1.9878801063741898,0.0,15.540368283964915,5130.484468321171,0
2026-01-06,current_dynamic_state,621.951416015625,0.008786595304206557,2.0,2.0,4895216.009448948,0.0,97904.32018897896,5067085.169694066,4969180.849505087,0.008958106919038311,1.9702305702705485,0.0,15.540368283964915,5175.548086042954,0
2026-01-07,current_dynamic_state,622.550048828125,0.0009625073552126384,3.0,2.0,4895216.009448948,0.0,97904.32018897896,5071946.736071101,4974042.415882123,0.0009783436192545292,1.968304891738968,0.0,15.540368283964915,5180.513716127154,0
2026-01-08,current_dynamic_state,619.0083618164062,-0.005688999652936455,3.0,3.0,4895216.009448948,48952.160094489474,146856.48028346844,5091708.7220002655,4944852.241716797,-0.005868501256065084,2.969886118022437,34.26651206614263,23.31055242594737,3467.1324766684043,1
2026-01-09,current_dynamic_state,625.173828125,0.00996023105487942,3.0,3.0,4895216.009448948,0.0,146856.48028346844,5142400.006783107,4995543.526499639,0.010251324469352063,2.9397497890759103,0.0,23.31055242594737,3501.650044218025,0
2026-01-12,current_dynamic_state,625.6925659179688,0.0008297496946161331,3.0,3.0,4895216.009448948,0.0,146856.48028346844,5146643.601065904,4999787.120782436,0.0008494759900070648,2.9372546617642055,0.0,23.31055242594737,3504.5396642569945,0
2026-01-13,current_dynamic_state,624.7647705078125,-0.0014828295247444334,3.0,3.0,4895216.009448948,0.0,146856.48028346844,5138988.69542848,4992132.215145012,-0.0015310463130729923,2.941758630469336,0.0,23.31055242594737,3499.327156356323,0
2026-01-14,current_dynamic_state,618.0905151367188,-0.010682829260153182,4.0,3.0,4895216.009448948,0.0,146856.48028346844,5084066.446072935,4937209.965789467,-0.011001761770035534,2.974483185869246,0.0,23.31055242594737,3461.9285688036784,0
2026-01-15,current_dynamic_state,620.3153076171875,0.0035994606388298767,4.0,4.0,4895216.009448948,48952.16009448949,195808.64037795793,5151429.234009109,4955620.593631151,0.003728953795615997,3.9512435764272724,34.26651206614264,31.08073656792983,2630.848783825682,1
2026-01-16,current_dynamic_state,619.7965087890625,-0.0008363469702494797,4.0,4.0,4895216.009448948,0.0,195808.64037795793,5147089.771040224,4951281.130662265,-0.0008756648913887943,3.9547065741299825,0.0,31.08073656792983,2628.632608400272,0
2026-01-20,current_dynamic_state,606.6276245117188,-0.021247109479646253,4.0,4.0,4895216.009448948,0.0,195808.64037795793,5037697.910436796,4841889.270058838,-0.022093647627073,4.04405448899451,0.0,31.08073656792983,2572.76589057195,0
2026-01-21,current_dynamic_state,614.8282470703125,0.013518379690002691,4.0,4.0,4895216.009448948,0.0,195808.64037795793,5105768.342817046,4909959.702439087,0.014058651196586114,3.9879887462352777,0.0,31.08073656792983,2607.529643718316,0
2026-01-22,current_dynamic_state,619.2976684570312,0.00726938199084981,4.0,4.0,4895216.009448948,0.0,195808.64037795793,5142853.042521203,4947044.402143245,0.007552953985698663,3.9580934485473045,0.0,31.08073656792983,2626.4688997350963,0
2026-01-23,current_dynamic_state,621.2530517578125,0.003157420737031069,4.0,4.0,4895216.009448948,0.0,195808.64037795793,5159060.112628595,4963251.472250637,0.0032761117123529804,3.9451686353737485,0.0,31.08073656792983,2634.7458940884144,0
2026-01-26,current_dynamic_state,623.9866333007812,0.004400109641689687,4.0,4.0,4895216.009448948,0.0,195808.64037795793,5181729.462035661,4985920.821657702,0.004567439214758551,3.9272312453781835,0.0,31.08073656792983,2646.3231918845217,0
2026-01-27,current_dynamic_state,629.6432495117188,0.009065284269015539,4.0,4.0,4895216.009448948,0.0,195808.64037795793,5228672.231877578,5032863.59149962,0.009415065244920973,3.8906009832786608,0.0,31.08073656792983,2670.29699087077,0
2026-01-28,current_dynamic_state,631.7283325195312,0.003311530790538031,4.0,4.0,4895216.009448948,0.0,195808.64037795793,5245956.060230504,5050147.4198525455,0.0034341936829198616,3.8772856334493926,0.0,31.08073656792983,2679.1238885600465,0
2026-01-29,current_dynamic_state,627.947265625,-0.005985273573928751,4.0,4.0,4895216.009448948,0.0,195808.64037795793,5214526.497316646,5018717.856938688,-0.0062234941479738515,3.901567012922242,0.0,31.08073656792983,2663.072726132694,0
2026-01-30,current_dynamic_state,620.4050903320312,-0.012010841842685638,4.0,4.0,4895216.009448948,0.0,195808.64037795793,5151864.563536314,4956055.923158356,-0.012485645849506732,3.9508965075029776,0.0,31.08073656792983,2631.071107787671,0
2026-02-02,current_dynamic_state,624.6650390625,0.006866398739876489,4.0,4.0,4956055.923158356,2433.596548376314,198242.23692633424,5189656.444239695,4991414.207313361,0.0071343593985258025,3.9716647165020302,1.7035175838634198,31.46702173433877,2617.8358984963143,1
2026-02-03,current_dynamic_state,615.0676879882812,-0.015363995860281365,4.0,4.0,4956055.923158356,0.0,198242.23692633424,5109891.117092379,4911648.880166045,-0.01598050649261762,4.036164672252231,0.0,31.46702173433877,2577.5996055730484,0
2026-02-04,current_dynamic_state,604.3230590820312,-0.017469018639871603,4.0,4.0,4956055.923158356,0.0,198242.23692633424,5020594.866898444,4822352.62997211,-0.01818050360939416,4.1109029583239085,0.0,31.46702173433877,2532.555597001294,0
2026-02-05,current_dynamic_state,595.6236572265625,-0.014395283656200686,4.0,4.0,4956055.923158356,0.0,198242.23692633424,4948290.512644841,4750048.275718507,-0.014993585040673496,4.173478361045657,0.0,31.46702173433877,2496.0828677914888,0
2026-02-06,current_dynamic_state,608.2138671875,0.021137860808890796,4.0,4.0,4956055.923158356,0.0,198242.23692633424,5052855.321721348,4854613.084795014,0.022013420286910668,4.0835846948800665,0.0,31.46702173433877,2548.828847002449,0
2026-02-09,current_dynamic_state,612.8728637695312,0.0076601288352324826,4.0,4.0,4956055.923158356,0.0,198242.23692633424,5091529.377449789,4893287.140523455,0.007966454803488121,4.051310115946465,0.0,31.46702173433877,2568.3373313335715,0
2026-02-10,current_dynamic_state,610.029541015625,-0.004639335369521991,4.0,4.0,4956055.923158356,0.0,198242.23692633424,5067876.598102291,4869634.361175957,-0.004833719883637899,4.070988132227265,0.0,31.46702173433877,2556.406080095579,0
2026-02-11,current_dynamic_state,611.6657104492188,0.002682115083918246,4.0,4.0,4956055.923158356,0.0,198242.23692633424,5081437.759347763,4883195.522421429,0.0027848417847529117,4.059682558605229,0.0,31.46702173433877,2563.2467823877505,0
2026-02-12,current_dynamic_state,599.22509765625,-0.02033890829654672,4.0,4.0,4956055.923158356,0.0,198242.23692633424,4978055.395724044,4779813.15879771,-0.021171047349841654,4.147489249897774,0.0,31.46702173433877,2511.0972681234744,0
2026-02-13,current_dynamic_state,600.5020751953125,0.002131048155454618,4.0,4.0,4956055.923158356,0.0,198242.23692633424,4988632.404471118,4790390.167544784,0.0022128498323423784,4.13833174319367,0.0,31.46702173433877,2516.4326643090026,0
2026-02-17,current_dynamic_state,599.8834838867188,-0.001030123515214476,4.0,4.0,4956055.923158356,0.0,198242.23692633424,4983462.029900777,4785219.792974443,-0.0010793222241833877,4.142803162717609,0.0,31.46702173433877,2513.824554831171,0
2026-02-18,current_dynamic_state,604.3629150390625,0.00746716866302255,4.0,4.0,4956055.923158356,0.0,198242.23692633424,5020642.914382081,4822400.677455747,0.007769942884523706,4.1108619997732125,0.0,31.46702173433877,2532.5798337554697,0
2026-02-19,current_dynamic_state,602.0484008789062,-0.003829676015125183,4.0,4.0,4956055.923158356,0.0,198242.23692633424,5001384.011610629,4803141.774684295,-0.003993633888922821,4.127345105056044,0.0,31.46702173433877,2522.865000493874,0
2026-02-20,current_dynamic_state,607.3758544921875,0.008848879268683163,4.0,4.0,4956055.923158356,0.0,198242.23692633424,5045609.187883959,4847366.950957625,0.009207551712594908,4.089689081351069,0.0,31.46702173433877,2545.1736552785574,0
2026-02-23,current_dynamic_state,599.9932250976562,-0.012154960293414563,4.0,4.0,4956055.923158356,0.0,198242.23692633424,4984248.541527407,4786006.304601073,-0.01265855194734733,4.142122352320183,0.0,31.46702173433877,2514.2212975429284,0
2026-02-24,current_dynamic_state,606.4380493164062,0.010741494985549327,4.0,4.0,4956055.923158356,0.0,198242.23692633424,5037755.355221221,4839513.118294887,0.011179846052934428,4.096326057613441,0.0,31.46702173433877,2541.2119199871745,0
2026-02-25,current_dynamic_state,615.227294921875,0.014493229135896346,4.0,4.0,4956055.923158356,0.0,198242.23692633424,5110737.230893297,4912494.993966963,0.015080416952726328,4.035469495028404,0.0,31.46702173433877,2578.0264136105466,0
2026-02-26,current_dynamic_state,607.8048095703125,-0.012064622965899163,4.0,4.0,4956055.923158356,0.0,198242.23692633424,5049046.6461030515,4850804.4091767175,-0.01255789265251317,4.0867909774160545,0.0,31.46702173433877,2546.907623918333,0
2026-02-27,current_dynamic_state,605.859375,-0.0032007554722836007,4.0,4.0,4956055.923158356,0.0,198242.23692633424,5032854.415398988,4834612.178472654,-0.0033380506279393485,4.100478582523299,0.0,31.46702173433877,2538.739722387803,0
2026-03-02,current_dynamic_state,606.6575317382812,0.0013173960348162872,4.0,4.0,4834612.178472654,-4857.749787428096,193384.48713890614,5034586.427627008,4841201.940488102,0.001363038393191296,3.994555267806256,3.4004248511996673,30.69595033950891,2603.4075959829784,-1
2026-03-03,current_dynamic_state,600.1629028320312,-0.010705593463318008,4.0,4.0,4834612.178472654,0.0,193384.48713890614,4980657.496126556,4787273.008987649,-0.011139574874874048,4.039554184101162,0.0,30.69595033950891,2575.5206996251977,0
2026-03-04,current_dynamic_state,609.311279296875,0.015243155519400808,4.0,4.0,4834612.178472654,0.0,193384.48713890614,5056547.736978543,4863163.2498396365,0.01585249905520536,3.9765164606654535,0.0,30.69595033950891,2614.7638891771476,0
2026-03-05,current_dynamic_state,607.4755249023438,-0.003012835076103726,4.0,4.0,4834612.178472654,0.0,193384.48713890614,5041282.496642241,4847898.009503335,-0.003138952889727764,3.989037862591468,0.0,30.69595033950891,2606.870163800232,0
2026-03-06,current_dynamic_state,598.337158203125,-0.015043184992000858,4.0,4.0,4834612.178472654,0.0,193384.48713890614,4965414.855497977,4772030.36835907,-0.01564959514320252,4.0524571767426565,0.0,30.69595033950891,2567.6386606601845,0
2026-03-09,current_dynamic_state,606.3283081054688,0.01335559691185173,4.0,4.0,4834612.178472654,0.0,193384.48713890614,5031700.238857789,4838315.7517188825,0.01389039428569383,3.996938130178947,0.0,30.69595033950891,2601.9151346113763,0
2026-03-10,current_dynamic_state,606.3383178710938,1.6508821196747903e-05,4.0,4.0,4834612.178472654,0.0,193384.48713890614,5031752.610347008,4838368.123208102,1.082432232757391e-05,3.996894866500602,0.0,30.69595033950891,2601.9422161472294,0
2026-03-11,current_dynamic_state,606.2584838867188,-0.00013166574175171863,4.0,4.0,4834612.178472654,0.0,193384.48713890614,5031059.404956916,4837674.91781801,-0.00014327256059065707,3.997467593918661,0.0,30.69595033950891,2601.5837564794724,0
2026-03-12,current_dynamic_state,595.8530883789062,-0.01716329879806977,4.0,4.0,4834612.178472654,0.0,193384.48713890614,4944679.133168462,4751294.646029555,-0.017855741292227112,4.070143014609901,0.0,30.69595033950891,2556.916124102937,0
2026-03-13,current_dynamic_state,592.3213500976562,-0.005927196401479651,4.0,4.0,4834612.178472654,0.0,193384.48713890614,4915340.352853535,4721955.865714628,-0.006174902316244291,4.095431906575837,0.0,30.69595033950891,2541.744907037396,0
2026-03-16,current_dynamic_state,598.9656982421875,0.011217471974352744,4.0,4.0,4834612.178472654,0.0,193384.48713890614,4970447.349555735,4777062.862416828,0.011670375215135476,4.048188033285968,0.0,30.69595033950891,2570.2409862821683,0
2026-03-17,current_dynamic_state,601.8887939453125,0.0048802389046711525,4.0,4.0,4834612.178472654,0.0,193384.48713890614,4994673.624134316,4801289.13699541,0.0050713744567147945,4.027761745253357,0.0,30.69595033950891,2582.7685033219295,0
2026-03-18,current_dynamic_state,593.4986572265625,-0.013939679228373136,4.0,4.0,4834612.178472654,0.0,193384.48713890614,4925018.780013128,4731634.292874222,-0.014507529568356103,4.08705481381223,0.0,30.69595033950891,2546.7496658486034,0
2026-03-19,current_dynamic_state,591.623046875,-0.003160260480330801,4.0,4.0,4834612.178472654,0.0,193384.48713890614,4909423.741847426,4716039.254708519,-0.0032959094470146333,4.100569920952843,0.0,30.69595033950891,2538.6854005104533,0
2026-03-20,current_dynamic_state,580.6888427734375,-0.018481707498242073,4.0,4.0,4834612.178472654,0.0,193384.48713890614,4818658.512315337,4625274.02517643,-0.019246071677937904,4.181038487368963,0.0,30.69595033950891,2491.7502864922885,0
2026-03-23,current_dynamic_state,587.3545532226562,0.011478971108489944,4.0,4.0,4834612.178472654,0.0,193384.48713890614,4873941.058209544,4680556.571070638,0.011952274739462254,4.131655802093449,0.0,30.69595033950891,2520.337143024632,0
2026-03-24,current_dynamic_state,583.3389282226562,-0.006836798962342794,2.3,4.0,4834612.178472654,0.0,193384.48713890614,4840588.207089918,4647203.719951011,-0.007125830147160728,4.161308580226062,0.0,30.69595033950891,2503.090231644574,0
2026-03-25,current_dynamic_state,587.1747436523438,0.006575620525403059,2.3,2.3,4834612.178472654,-82188.4070340351,111196.08010487104,4789613.671084992,4678417.590980121,0.006716699527310244,2.376788261040538,57.53188492382457,17.650171445217627,4307.358376813121,-1
2026-03-26,current_dynamic_state,573.1600952148438,-0.023867934697473725,2.3,2.3,4834612.178472654,0.0,111196.08010487104,4675277.834585962,4564081.754481091,-0.024438997647295624,2.4363297172689093,0.0,17.650171445217627,4204.534755340856,0
2026-03-27,current_dynamic_state,561.9624633789062,-0.019536656388718376,2.3,2.3,4834612.178472654,0.0,111196.08010487104,4583920.887838419,4472724.807733548,-0.02001650094410501,2.486092591983479,0.0,17.650171445217627,4122.376331535464,0
2026-03-30,current_dynamic_state,557.6671752929688,-0.007643371872404492,0.2999999999999998,2.3,4834612.178472654,0.0,111196.08010487104,4548866.625687541,4437670.545582671,-0.007837339353019557,2.5057308550216155,0.0,17.650171445217627,4090.8516032196662,0
2026-03-31,current_dynamic_state,576.54638671875,0.03385390473424077,0.2999999999999998,0.2999999999999998,4834612.178472654,-96692.24356945309,14503.836535417955,4602825.5913567655,4588321.754821347,0.03394826355206493,0.31610330117275487,67.68457049861716,2.3021962754631673,31735.22798686263,-1
2026-04-01,current_dynamic_state,583.6685791015625,0.012353199234057088,0.2999999999999998,0.2999999999999998,4588321.754821347,-738.8712709539232,13764.965264464032,4658934.505717232,4645169.540452768,0.012389668525683906,0.29632858703198917,0.5172098896677462,2.184915121343497,33846.32228418948,-1
2026-04-02,current_dynamic_state,584.3378295898438,0.0011466275764089318,0.2999999999999998,0.2999999999999998,4588321.754821347,0.0,13764.965264464032,4664274.383583048,4650509.418318585,0.0011495549988678189,0.29598833216514214,0.0,2.184915121343497,33885.115537664686,0
2026-04-06,current_dynamic_state,587.85400390625,0.006017365534718655,0.2999999999999998,0.2999999999999998,4588321.754821347,0.0,13764.965264464032,4692338.84258817,4678573.877323707,0.0060347064118555505,0.2942128440288311,0.0,2.184915121343497,34088.99879102511,0
2026-04-07,current_dynamic_state,587.9439086914062,0.00015293726768694782,1.2999999999999998,0.2999999999999998,4588321.754821347,0.0,13764.965264464032,4693054.291154696,4679289.325890232,0.00015292022425739127,0.29416785981373905,0.0,2.184915121343497,34094.19639634252,0
2026-04-08,current_dynamic_state,605.4246826171875,0.029732043596962132,1.2999999999999998,1.2999999999999998,4588321.754821347,45883.21754821347,59648.1828126775,4879793.264155857,4820145.08134318,0.03010195472923649,1.2374769183515109,32.11825228374943,9.467965525821825,8180.958805535844,1
2026-04-09,current_dynamic_state,609.5202026367188,0.006764706060259584,1.2999999999999998,1.2999999999999998,4588321.754821347,0.0,59648.1828126775,4912794.163257181,4853145.980444503,0.006846453487272974,1.229062201158315,0.0,9.467965525821825,8236.284714130512,0
2026-04-10,current_dynamic_state,610.3992309570312,0.0014421643720912147,1.2999999999999998,1.2999999999999998,4588321.754821347,0.0,59648.1828126775,4919869.752001322,4860221.569188644,0.0014579385768842545,1.2272729126346198,0.0,9.467965525821825,8248.146917487758,0
2026-04-13,current_dynamic_state,616.7122802734375,0.010342492251355084,1.2999999999999998,1.2999999999999998,4588321.754821347,0.0,59648.1828126775,4970743.998823546,4911095.816010868,0.010467474805005095,1.2145595412375376,0.0,9.467965525821825,8333.43744005404,0
2026-04-14,current_dynamic_state,627.909912109375,0.01815697886050316,2.3,1.2999999999999998,4588321.754821347,0.0,59648.1828126775,5060988.224565633,5001340.041752955,0.018375578307366247,1.1926440176975246,0.0,9.467965525821825,8484.731614472554,0
2026-04-15,current_dynamic_state,636.7003173828125,0.013999468879074328,2.3,2.3,4588321.754821347,45883.217548213484,105531.40036089098,5178315.611030465,5072784.210669574,0.01428500528262,2.080344757005966,32.11825228374944,16.751015930300156,4906.895571670537,1
2026-04-16,current_dynamic_state,639.7669067382812,0.004816377928118731,2.3,2.3,4588321.754821347,0.0,105531.40036089098,5203239.5850283345,5097708.184667444,0.004913273059289125,2.0701734296659327,0.0,16.751015930300156,4930.513162181642,0
2026-04-17,current_dynamic_state,648.1376953125,0.013084122492198702,2.3,2.3,4588321.754821347,0.0,105531.40036089098,5271302.658099172,5165771.257738281,0.013351700529966148,2.042897277009814,0.0,16.751015930300156,4995.008727329151,0
2026-04-20,current_dynamic_state,646.0799560546875,-0.003174848913578998,2.3,2.3,4588321.754821347,0.0,105531.40036089098,5254550.317566029,5149018.917205138,-0.0032429505096742695,2.0495438462706774,0.0,16.751015930300156,4979.134456281999,0
2026-04-21,current_dynamic_state,643.6226806640625,-0.00380336112828894,3.3,2.3,4588321.754821347,0.0,105531.40036089098,5234548.614125629,5129017.213764738,-0.0038845659264458154,2.05753648238256,0.0,16.751015930300156,4960.181136822578,0
2026-04-22,current_dynamic_state,654.390869140625,0.01673059200687632,3.3,3.3,4588321.754821347,45883.21754821346,151414.61790910445,5368719.892593707,5217305.274684602,0.0172134460151403,2.902161363717744,32.11825228374942,24.034066334778487,3545.7077835223263,1
2026-04-23,current_dynamic_state,650.7048950195312,-0.005632679633709281,3.3,3.3,4588321.754821347,0.0,151414.61790910445,5338455.57932927,5187040.961420165,-0.00580075569111993,2.9190943166881893,0.0,24.034066334778487,3525.720074487123,0
2026-04-24,current_dynamic_state,663.1512451171875,0.019127488040923124,3.3,3.3,4588321.754821347,0.0,151414.61790910445,5440542.7905135555,5289128.172604451,0.019681203974208694,2.862751912373216,0.0,24.034066334778487,3593.1423700316454,0
2026-04-27,current_dynamic_state,663.5008544921875,0.0005271940263615882,3.3,3.3,4588321.754821347,0.0,151414.61790910445,5443386.978106544,5291972.36019744,0.0005377422327785819,2.8612133171356033,0.0,24.034066334778487,3595.0207802091195,0
2026-04-28,current_dynamic_state,656.8281860351562,-0.010056759402575555,3.3,3.3,4588321.754821347,0.0,151414.61790910445,5388620.110866279,5237205.492957175,-0.010349046350314195,2.89113379478277,0.0,24.034066334778487,3558.8506481594245,0
2026-04-29,current_dynamic_state,660.84375,0.006113568281962856,3.3,3.3,4588321.754821347,0.0,151414.61790910445,5421539.773793284,5270125.155884179,0.006285730619368213,2.873074422910955,0.0,24.034066334778487,3580.592051586382,0
2026-04-30,current_dynamic_state,667.0069580078125,0.00932627116139395,3.3,3.3,4588321.754821347,0.0,151414.61790910445,5472078.489769628,5320663.871860524,0.009589661437151564,2.8457843148087827,0.0,24.034066334778487,3613.9697509619355,0
2026-05-01,current_dynamic_state,673.4099731445312,0.009599622702352262,3.3,3.3,5320663.871860524,24167.28986229282,175581.90777139727,5548962.715750984,5373380.8079795865,0.009907962124400926,3.2676245002151036,16.917102903604974,27.87014409069798,3160.327157952731,1
2026-05-04,current_dynamic_state,672.141357421875,-0.0018838683316975136,4.3,3.3,5320663.871860524,0.0,175581.90777139727,5538481.33047292,5362899.422701523,-0.0019506127804116424,3.274010827578585,0.0,27.87014409069798,3154.357644686187,0
2026-05-05,current_dynamic_state,680.8617553710938,0.012974053527471385,4.3,4.3,5320663.871860524,53206.638718605245,228788.5464900025,5664160.784709285,5435372.238219283,0.013513737589591512,4.209252585890187,37.244647103023674,36.3156423000004,2475.7186806800205,1
2026-05-06,current_dynamic_state,695.0062255859375,0.02077436440402569,4.3,4.3,5320663.871860524,0.0,228788.5464900025,5781793.809251527,5553005.262761525,0.021642128521593307,4.12008517305502,0.0,36.3156423000004,2527.134289698448,0
2026-05-07,current_dynamic_state,694.1771240234375,-0.001192941202506459,4.3,4.3,5320663.871860524,0.0,228788.5464900025,5774860.153549775,5546071.607059772,-0.0012486312138492162,4.125236071578489,0.0,36.3156423000004,2524.1036940641266,0
2026-05-08,current_dynamic_state,710.44921875,0.023440839756069476,4.3,4.3,5320663.871860524,0.0,228788.5464900025,5910191.409380546,5681402.862890543,0.02440128173940348,4.026972774354556,0.0,36.3156423000004,2583.2549312685137,0
2026-05-11,current_dynamic_state,712.5069580078125,0.0028963917525772764,4.3,4.3,5320663.871860524,0.0,228788.5464900025,5927273.323392529,5698484.776902527,0.003006636639615534,4.014901424626829,0.0,36.3156423000004,2590.721176530372,0
2026-05-12,current_dynamic_state,706.463623046875,-0.008481790799397704,4.3,4.3,5320663.871860524,0.0,228788.5464900025,5876963.115410362,5648174.56892036,-0.00882869919844087,4.050663514349116,0.0,36.3156423000004,2568.731348475598,0
2026-05-13,current_dynamic_state,713.9254760742188,0.010562260792936318,4.3,4.3,5320663.871860524,0.0,228788.5464900025,5939000.816863494,5710212.270373492,0.010983672812540313,4.0066557188606575,0.0,36.3156423000004,2595.8470858693154,0
2026-05-14,current_dynamic_state,718.9998168945312,0.00710766178035227,4.3,4.3,5320663.871860524,0.0,228788.5464900025,5981176.910340696,5752388.363850693,0.007386081546569834,3.9772792102800527,0.0,36.3156423000004,2614.2816159733143,0
2026-05-15,current_dynamic_state,708.1517944335938,-0.015087656778261405,4.3,4.3,5320663.871860524,0.0,228788.5464900025,5890898.650345113,5662110.103855111,-0.015694048156225215,4.040694057401485,0.0,36.3156423000004,2574.8223592139175,0
2026-05-18,current_dynamic_state,705.1051025390625,-0.004302314727548051,4.3,4.3,5320663.871860524,0.0,228788.5464900025,5865517.83468094,5636729.288190938,-0.004482571903165922,4.058888316125437,0.0,36.3156423000004,2563.7287900411784,0
2026-05-19,current_dynamic_state,700.7599487304688,-0.006162420032059024,4.3,4.3,5320663.871860524,0.0,228788.5464900025,5829335.734435802,5600547.1879458,-0.006418988458597785,4.085110593879646,0.0,36.3156423000004,2547.914143372789,0
2026-05-20,current_dynamic_state,712.3671875,0.016563787343382597,4.3,4.3,5320663.871860524,0.0,228788.5464900025,5925855.296251878,5697066.749761876,0.017233952072364778,4.015900752778881,0.0,36.3156423000004,2590.1013783969397,0
2026-05-21,current_dynamic_state,713.7256469726562,0.001906965251198045,4.3,4.3,5320663.871860524,0.0,228788.5464900025,5937119.380743158,5708330.834253156,0.001977172637436686,4.0079762917233905,0.0,36.3156423000004,2595.0247387067498,0
2026-05-22,current_dynamic_state,716.7523193359375,0.004240666390677106,4.3,4.3,5320663.871860524,0.0,228788.5464900025,5962260.407716213,5733471.86122621,0.0044042694270967075,3.990401488445986,0.0,36.3156423000004,2606.0134998832855,0
2026-05-26,current_dynamic_state,729.4783935546875,0.01775519084548005,4.3,4.3,5320663.871860524,0.0,228788.5464900025,6068085.163483364,5839296.616993361,0.018457360274637846,3.9180840004631436,0.0,36.3156423000004,2652.267893903738,0
2026-05-27,current_dynamic_state,728.6492919921875,-0.0011365676760621835,4.3,4.3,5320663.871860524,0.0,228788.5464900025,6061152.058388656,5832363.511898654,-0.001187318533285464,3.922741544199861,0.0,36.3156423000004,2649.2375389313966,0
2026-05-28,current_dynamic_state,734.79248046875,0.008430926296197239,4.3,4.3,5320663.871860524,0.0,228788.5464900025,6112216.869020675,5883428.322530673,0.008755423170699439,3.88869437932733,0.0,36.3156423000004,2671.557192347373,0
2026-05-29,current_dynamic_state,737.49951171875,0.0036840758744198787,4.3,4.3,5320663.871860524,0.0,228788.5464900025,6134698.4240847565,5905909.877594754,0.003821165795117709,3.873891597261879,0.0,36.3156423000004,2681.3835387309596,0
2026-06-01,current_dynamic_state,741.9246826171875,0.00600023569930852,4.3,4.3,5905909.877594754,25165.57824657188,253954.1247365744,6196766.60643812,5942812.481701545,0.006248419781478276,4.273298636268972,17.615904772600317,40.31017852961498,2440.112604142973,1
2026-06-02,current_dynamic_state,745.3408813476562,0.004604508800567064,4.3,4.3,5905909.877594754,0.0,253954.1247365744,6225259.362633995,5971305.23789742,0.004794490198640311,4.2529081100197645,0.0,40.31017852961498,2451.3322510872513,0
2026-06-03,current_dynamic_state,743.39306640625,-0.002613320951729392,4.3,4.3,5905909.877594754,0.0,253954.1247365744,6208950.451733144,5954996.3269965695,-0.0027312137382200508,4.264555522650631,0.0,40.31017852961498,2444.910260139962,0
2026-06-04,current_dynamic_state,739.7969970703125,-0.004837372714978083,4.3,4.3,5905909.877594754,0.0,253954.1247365744,6178875.13405075,5924921.009314176,-0.0050504342959960535,4.286202707805724,0.0,40.31017852961498,2433.067444941118,0
2026-06-05,current_dynamic_state,704.2860107421875,-0.04800098739080161,4.3,4.3,5905909.877594754,0.0,253954.1247365744,5882242.716473313,5628288.591736739,-0.05006521050848123,4.512102046604738,0.0,40.31017852961498,2316.261932179657,0
2026-06-08,current_dynamic_state,715.283935546875,0.015615708159669062,4.3,4.3,5905909.877594754,0.0,253954.1247365744,5974057.79187957,5720103.667142996,0.016313142780392642,4.439676962417994,0.0,40.31017852961498,2352.4161295180525,0
2026-06-09,current_dynamic_state,707.052978515625,-0.01150725833784727,4.3,4.3,5905909.877594754,0.0,253954.1247365744,5905272.455364653,5651318.330628078,-0.012025190541568143,4.493714738386545,0.0,40.31017852961498,2325.3303963816966,0
2026-06-10,current_dynamic_state,692.9285278320312,-0.019976509699805467,4.3,4.3,5905909.877594754,0.0,253954.1247365744,5787265.412701538,5533311.287964963,-0.02088132994093783,4.5895506599986255,0.0,40.31017852961498,2278.862538147252,0
2026-06-11,current_dynamic_state,716.332763671875,0.03377582954055702,4.3,4.3,5905909.877594754,0.0,253954.1247365744,5982694.792608377,5728740.667871802,0.03531870334710807,4.432983433179514,0.0,40.31017852961498,2355.817137766202,0
2026-06-12,current_dynamic_state,720.5481567382812,0.005884685554236491,4.3,4.3,5905909.877594754,0.0,253954.1247365744,6017860.760051316,5763906.635314741,0.006138516208310518,4.405937514334965,0.0,40.31017852961498,2369.6645078293645,0
2026-06-15,current_dynamic_state,743.1832885742188,0.03141376689991193,4.3,4.3,5905909.877594754,0.0,253954.1247365744,6206864.125025165,5952910.000288591,0.03279084428881096,4.266050128832167,0.0,40.31017852961498,2444.0887232934374,0
2026-06-16,current_dynamic_state,729.0587768554688,-0.019005421591015037,4.3,4.3,5905909.877594754,0.0,253954.1247365744,6088859.745392386,5834905.620655811,-0.019822973911424624,4.352326177094726,0.0,40.31017852961498,2397.621913685527,0
2026-06-17,current_dynamic_state,721.7168579101562,-0.010070407460121666,4.3,4.3,5905909.877594754,0.0,253954.1247365744,6027502.136610222,5773548.011873648,-0.010515612894398063,4.398579941039765,0.0,40.31017852961498,2373.461011063524,0
2026-06-18,current_dynamic_state,739.8070068359375,0.02506543768170255,4.3,4.3,5905909.877594754,0.0,253954.1247365744,6178543.805613225,5924589.680876651,0.02616097912278148,4.286442410624415,0.0,40.31017852961498,2432.9369771104152,0
2026-06-22,current_dynamic_state,737.9500122070312,-0.002510106841037363,4.3,4.3,5905909.877594754,0.0,253954.1247365744,6162994.690360577,5909040.565624002,-0.002624505002065902,4.297721802993859,0.0,40.31017852961498,2426.814172344484,0
2026-06-23,current_dynamic_state,713.6500244140625,-0.03292904314791367,4.3,4.3,5905909.877594754,0.0,253954.1247365744,5960012.862102801,5706058.7373662265,-0.03435106359543849,4.450604811926511,0.0,40.31017852961498,2346.8856307355113,0
2026-06-24,current_dynamic_state,710.6199951171875,-0.00424581964999271,4.3,4.3,5905909.877594754,0.0,253954.1247365744,5934667.412200146,5680713.287463572,-0.004441848755723399,4.470461927677474,0.0,40.31017852961498,2336.905304592376,0
2026-06-25,current_dynamic_state,716.3800048828125,0.008105611726665796,4.3,4.3,5905909.877594754,0.0,253954.1247365744,5982731.211791808,5728777.087055233,0.008460874041598121,4.432955251661129,0.0,40.31017852961498,2355.831478617514,0
2026-06-26,current_dynamic_state,706.52001953125,-0.013763624451209266,4.3,4.3,5905909.877594754,0.0,253954.1247365744,5900346.836021648,5646392.711285073,-0.014380796201045376,4.497634821414618,0.0,40.31017852961498,2323.390825859613,0
2026-06-29,current_dynamic_state,724.0800170898438,0.024854210883145544,4.3,4.3,5905909.877594754,0.0,253954.1247365744,6046954.9903893005,5793000.865652726,0.025964923423522634,4.3838095423443395,0.0,40.31017852961498,2381.1209983936205,0
2026-06-30,current_dynamic_state,736.4000244140625,0.017014704222517052,4.3,4.3,5905909.877594754,0.0,253954.1247365744,6149801.830819119,5895847.706082544,0.01775363802198049,4.307338611792476,0.0,40.31017852961498,2421.61919488344,0
2026-07-01,current_dynamic_state,725.1699829101562,-0.015249920059198452,4.3,4.3,5895847.706082544,-432.67337502501323,253521.45136154938,6055551.229625756,5802029.778264207,-0.015912542605459268,4.369530337663924,0.30287136251750923,40.24150021611894,2388.5754823128855,-1
2026-07-02,current_dynamic_state,712.5999755859375,-0.017333877050142776,4.3,4.3,5895847.706082544,0.0,253521.45136154938,5950544.807640365,5697023.356278816,-0.01809822182898302,4.450068667563698,0.0,40.24150021611894,2347.1563355616154,0
2026-07-06,current_dynamic_state,722.8200073242188,0.014341891788415717,4.3,4.3,5895847.706082544,0.0,253521.45136154938,6035846.635853446,5782325.184491897,0.014973052220168315,4.3844205103076845,0.0,40.24150021611894,2380.803124720861,0
2026-07-07,current_dynamic_state,709.4299926757812,-0.0185246873533641,4.3,4.3,5895847.706082544,0.0,253521.45136154938,5923994.22251119,5670472.771149641,-0.0193438469427909,4.4709050125665275,0.0,40.24150021611894,2336.6836181696217,0
2026-07-08,current_dynamic_state,711.4400024414062,0.0028332742996159954,4.3,4.3,5895847.706082544,0.0,253521.45136154938,5940738.281592688,5687216.8302311385,0.0029528506276739197,4.457741966403026,0.0,40.24150021611894,2343.288210795442,0
2026-07-09,current_dynamic_state,723.280029296875,0.01664234062582648,4.3,4.3,5895847.706082544,0.0,253521.45136154938,6039565.830143624,5786044.378782075,0.01737713744719671,4.381602261663158,0.0,40.24150021611894,2382.2701383681106,0
2026-07-10,current_dynamic_state,725.510009765625,0.0030831495111482976,4.3,4.3,5895847.706082544,0.0,253521.45136154938,6058146.473080163,5804625.021718614,0.003211285935634356,4.367576723956711,0.0,40.24150021611894,2389.5991603647703,0
2026-07-13,current_dynamic_state,711.739990234375,-0.01897977883957569,4.3,4.3,5895847.706082544,0.0,253521.45136154938,5943123.951343129,5689602.49998158,-0.019815667903898104,4.4558728199794295,0.0,40.24150021611894,2344.229223769938,0
2026-07-14,current_dynamic_state,719.6900024414062,0.011169826504217273,4.3,4.3,5895847.706082544,0.0,253521.45136154938,6009467.373272474,5755945.921910925,0.01166046695345746,4.40451412853758,0.0,40.24150021611894,2370.3979844696905,0
2026-07-15,current_dynamic_state,717.739990234375,-0.002709516875899598,4.3,4.3,5895847.706082544,0.0,253521.45136154938,5993144.378509208,5739622.927147659,-0.0028358492217812614,4.417040188518769,0.0,40.24150021611894,2363.9594781122987,0
2026-07-16,current_dynamic_state,705.9400024414062,-0.01644047698821338,4.3,4.3,5895847.706082544,0.0,253521.45136154938,5894573.98476707,5641052.533405521,-0.01717367063886943,4.494222485258398,0.0,40.24150021611894,2325.0789836954514,0
2026-07-17,current_dynamic_state,695.3300170898438,-0.015029585113280453,4.3,4.3,5895847.706082544,0.0,253521.45136154938,5805940.741856268,5552419.290494719,-0.015712181793367197,4.56596373756494,0.0,40.24150021611894,2290.1181381990273,0
2026-07-20,current_dynamic_state,696.0599975585938,0.001049833101992581,4.3,4.3,5895847.706082544,0.0,253521.45136154938,5811995.769135059,5558474.31777351,0.001090520539246187,4.560989884416689,0.0,40.24150021611894,2292.506507012109,0
2026-07-21,current_dynamic_state,708.969970703125,0.018547213156642428,4.3,4.3,5895847.706082544,0.0,253521.45136154938,5919751.852030494,5666230.400668945,0.019385910006074925,4.474252429474436,0.0,40.24150021611894,2335.010240844779,0
2026-07-22,current_dynamic_state,705.3499755859375,-0.005105992167196205,2.9,4.3,5895847.706082544,0.0,253521.45136154938,5889485.403942064,5635963.952580515,-0.005341549133769163,4.498280214256349,0.0,40.24150021611894,2323.0718238288296,0
2026-07-23,current_dynamic_state,691.9600219726562,-0.01898341826999872,2.9,2.9,5895847.706082544,-82541.8678851556,170979.58347639377,5696624.075966492,5525644.492490099,-0.019574195473678446,3.09429214472216,57.77930751960892,27.13961642482441,3331.7569034509866,-1
