date,strategy,price,underlying_return,signal_target_margin_pct,effective_target_margin_pct,reference_equity,loan_change,loan_balance,asset_value,equity,strategy_return,actual_margin_pct,transaction_cost,interest_cost,maintenance_ratio,trade_direction
2017-07-03,fixed_3pct,128.39364624023438,0.0,3.0,0.0,1000000.0,0.0,0.0,1000000.0,1000000.0,0.0,0.0,0.0,0.0,inf,0
2017-07-05,fixed_3pct,129.6569366455078,0.009839197205364192,3.0,3.0,1000000.0,30000.0,30000.0,1040108.404593622,1010108.404593622,0.010108404593621945,2.9699782581325356,21.0,4.761904761904762,3467.028015312073,1
2017-07-06,fixed_3pct,128.4879150390625,-0.009016267364402641,3.0,3.0,1000000.0,0.0,30000.0,1030725.7472250817,1000725.7472250817,-0.009288762796023864,2.997824337305918,0.0,4.761904761904762,3435.752490750272,0
2017-07-07,fixed_3pct,129.873779296875,0.01078595023813067,3.0,3.0,1000000.0,0.0,30000.0,1041838.3419390495,1011838.3419390495,0.011104535628049916,2.964900494135171,0.0,4.761904761904762,3472.794473130165,0
2017-07-10,fixed_3pct,130.7222442626953,0.0065329966557825525,3.0,3.0,1000000.0,0.0,30000.0,1048639.9064380415,1018639.9064380415,0.006721987314651123,2.9451035454622394,0.0,4.761904761904762,3495.4663547934715,0
2017-07-11,fixed_3pct,131.0899658203125,0.0028129991164949075,3.0,3.0,1000000.0,0.0,30000.0,1051584.967663611,1021584.967663611,0.002891170085676187,2.936613296944914,0.0,4.761904761904762,3505.28322554537,0
2017-07-12,fixed_3pct,132.64544677734375,0.011865751488282283,3.0,3.0,1000000.0,0.0,30000.0,1064058.0516539589,1034058.0516539589,0.01220954143332209,2.901191084196433,0.0,4.761904761904762,3546.8601721798627,0
2017-07-13,fixed_3pct,132.93771362304688,0.0022033688513538596,3.0,3.0,1000000.0,0.0,30000.0,1066397.8021162436,1036397.8021162436,0.0022626877268083767,2.8946414145941195,0.0,4.761904761904762,3554.659340387479,0
2017-07-14,fixed_3pct,133.98411560058594,0.007871370350976514,3.0,3.0,1000000.0,0.0,30000.0,1074787.052253406,1044787.052253406,0.008094623628139841,2.871398524253888,0.0,4.761904761904762,3582.6235075113536,0
2017-07-17,fixed_3pct,134.05014038085938,0.0004927806552104119,3.0,3.0,1000000.0,0.0,30000.0,1075311.9246164653,1045311.9246164653,0.0005023725762367537,2.869956736694387,0.0,4.761904761904762,3584.3730820548844,0
2017-07-18,fixed_3pct,134.94580078125,0.006681532729812201,3.0,3.0,1000000.0,0.0,30000.0,1082491.8945307857,1052491.8945307857,0.0068687343416222735,2.850378245751183,0.0,4.761904761904762,3608.306315102619,0
2017-07-19,fixed_3pct,135.7376708984375,0.005868060455405555,3.0,3.0,1000000.0,0.0,30000.0,1088839.260505617,1058839.260505617,0.006030797964160062,2.833291238716857,0.0,4.761904761904762,3629.46420168539,0
2017-07-20,fixed_3pct,135.91680908203125,0.0013197381567551236,3.0,3.0,1000000.0,0.0,30000.0,1090271.4813195174,1060271.4813195174,0.0013526328946440458,2.8294640126191766,0.0,4.761904761904762,3634.2382710650577,0
2017-07-21,fixed_3pct,135.8602294921875,-0.00041628103415525253,3.0,3.0,1000000.0,0.0,30000.0,1089812.8600750018,1059812.8600750018,-0.00043255076892645405,2.8306884290757646,0.0,4.761904761904762,3632.7095335833396,0
2017-07-24,fixed_3pct,136.482421875,0.004579650609586761,3.0,3.0,1000000.0,0.0,30000.0,1094799.060299218,1064799.060299218,0.004704793093247783,2.817432989804643,0.0,4.761904761904762,3649.330200997393,0
2017-07-25,fixed_3pct,136.13363647460938,-0.0025555334936103735,3.0,3.0,1000000.0,0.0,30000.0,1091996.5027270883,1061996.5027270883,-0.0026320060531815903,2.8248680596370472,0.0,4.761904761904762,3639.9883424236277,0
2017-07-26,fixed_3pct,136.57667541503906,0.0032544413849719955,3.0,3.0,1000000.0,0.0,30000.0,1095545.579433046,1065545.579433046,0.0033418911426206233,2.815459101802323,0.0,4.761904761904762,3651.8185981101533,0
2017-07-27,fixed_3pct,135.7188262939453,-0.006281080707865039,3.0,3.0,1000000.0,0.0,30000.0,1088659.6073247204,1058659.6073247204,-0.006462390949047547,2.833772044615108,0.0,4.761904761904762,3628.8653577490677,0
2017-07-28,fixed_3pct,135.605712890625,-0.000833439298062677,3.0,3.0,1000000.0,0.0,30000.0,1087747.5137210006,1057747.5137210006,-0.000861555118764401,2.836215600683796,0.0,4.761904761904762,3625.825045736669,0
2017-07-31,fixed_3pct,135.03057861328125,-0.0042412245405002436,3.0,3.0,1000000.0,0.0,30000.0,1083129.370367177,1053129.370367177,-0.004366016742102907,2.8486528667926523,0.0,4.761904761904762,3610.431234557257,0
2017-08-01,fixed_3pct,135.3417510986328,0.0023044593939181013,3.0,3.0,1053129.370367177,1593.8811110153147,31593.881111015315,1087216.8189751972,1055622.9378641818,0.002367769399627795,2.9929134710674727,1.1157167777107202,5.014901763653224,3441.225897998759,1
2017-08-02,fixed_3pct,135.70941162109375,0.0027165343988566626,3.0,3.0,1053129.370367177,0.0,31593.881111015315,1090165.265961195,1058571.3848501798,0.0027930872665229423,2.984577286253285,0.0,5.014901763653224,3450.558233509036,0
2017-08-03,fixed_3pct,135.1814727783203,-0.0038902153982324217,3.0,3.0,1053129.370367177,0.0,31593.881111015315,1085919.2733551709,1054325.3922441555,-0.004011059307658549,2.9965968137945556,0.0,5.014901763653224,3437.118945720668,0
2017-08-04,fixed_3pct,135.4265899658203,0.0018132454282544508,3.0,3.0,1053129.370367177,0.0,31593.881111015315,1087883.2966112718,1056289.4155002565,0.0018628245801046717,2.9910250587953224,0.0,5.014901763653224,3443.3354129194895,0
2017-08-07,fixed_3pct,136.28448486328125,0.006334759648584987,3.0,3.0,1053129.370367177,0.0,31593.881111015315,1094769.7609192508,1063175.8798082354,0.006519486238265149,2.971651418268997,0.0,5.014901763653224,3465.132242133923,0
2017-08-08,fixed_3pct,136.04881286621094,-0.001729265053954876,3.0,3.0,1053129.370367177,0.0,31593.881111015315,1092871.5989278029,1061277.7178167875,-0.001785369690469496,2.9769664038559873,0.0,5.014901763653224,3459.124237024395,0
2017-08-09,fixed_3pct,135.86962890625,-0.0013170564019338027,3.0,3.0,1053129.370367177,0.0,31593.881111015315,1091427.2104901797,1059833.3293791644,-0.0013609900720373824,2.981023547308384,0.0,5.014901763653224,3454.5525022870643,0
2017-08-10,fixed_3pct,132.95655822753906,-0.02144019014522336,3.0,3.0,1053129.370367177,0.0,31593.881111015315,1068021.7886658357,1036427.9075548204,-0.022084059045448745,3.0483433416563224,0.0,5.014901763653224,3380.470366755499,0
2017-08-11,fixed_3pct,133.9652862548828,0.007586899366163191,3.0,3.0,1053129.370367177,0.0,31593.881111015315,1076119.7475955493,1044525.866484534,0.007813335467604876,3.024710265658425,0.0,5.014901763653224,3406.1017822224967,0
2017-08-14,fixed_3pct,135.69053649902344,0.012878338055861471,3.0,3.0,1053129.370367177,0.0,31593.881111015315,1089973.3665919094,1058379.485480894,0.013263069341677536,2.985118432889887,0.0,5.014901763653224,3449.950839410757,0
2017-08-15,fixed_3pct,135.78482055664062,0.0006948462291462842,3.0,3.0,1053129.370367177,0.0,31593.881111015315,1090725.7155737919,1059131.8344627765,0.0007108499287857839,2.9829979689960577,0.0,5.014901763653224,3452.332151726388,0
2017-08-16,fixed_3pct,136.0205078125,0.00173574082061001,3.0,3.0,1053129.370367177,0.0,31593.881111015315,1092613.9178206385,1061020.0367096232,0.0017827830166246006,2.977689394914022,0.0,5.014901763653224,3458.3086325525705,0
2017-08-17,fixed_3pct,133.2393798828125,-0.020446386904548253,3.0,3.0,1053129.370367177,0.0,31593.881111015315,1070268.8960178196,1038675.0149068043,-0.021059943290151262,3.0417484446614993,0.0,5.014901763653224,3387.5828432001877,0
2017-08-18,fixed_3pct,133.14511108398438,-0.0007075145419547235,3.0,3.0,1053129.370367177,0.0,31593.881111015315,1069506.6503083215,1037912.7691973061,-0.0007338635266648241,3.043982312256277,0.0,5.014901763653224,3385.170206060674,0
2017-08-21,fixed_3pct,132.9754180908203,-0.001274496613375642,3.0,3.0,1053129.370367177,0.0,31593.881111015315,1068138.5528027571,1036544.6716917418,-0.001318123782813041,3.0479999534849784,0.0,5.014901763653224,3380.839945081477,0
2017-08-22,fixed_3pct,135.0022735595703,0.015242331987749047,3.0,3.0,1053129.370367177,0.0,31593.881111015315,1084414.4603317268,1052820.5792207115,0.01570208016448138,3.0008798967817314,0.0,5.014901763653224,3432.3559569059785,0
2017-08-23,fixed_3pct,134.5215301513672,-0.0035610023114980294,3.0,3.0,1053129.370367177,0.0,31593.881111015315,1080547.8430301,1048953.9619190847,-0.003672627015411156,3.0119416349992716,0.0,5.014901763653224,3420.1174563936793,0
2017-08-24,fixed_3pct,134.1255645751953,-0.002943510795084814,3.0,3.0,1053129.370367177,0.0,31593.881111015315,1077362.2238877716,1045768.3427767563,-0.0030369484819907644,3.0211166105034573,0.0,5.014901763653224,3410.034430724453,0
2017-08-25,fixed_3pct,133.84280395507812,-0.002108178414851447,3.0,3.0,1053129.370367177,0.0,31593.881111015315,1075085.9372006312,1043492.0560896159,-0.0021766643663130303,3.027706912250993,0.0,5.014901763653224,3402.829596727826,0
2017-08-28,fixed_3pct,134.257568359375,0.003098892073690296,3.0,3.0,1053129.370367177,0.0,31593.881111015315,1078412.4975881944,1046818.6164771791,0.003187911559220824,3.0180855225270125,0.0,5.014901763653224,3413.3587253773712,0
2017-08-29,fixed_3pct,134.78555297851562,0.003932624622899006,3.0,3.0,1053129.370367177,0.0,31593.881111015315,1082648.474228088,1051054.5931170727,0.004046523985357542,3.0059219871080662,0.0,5.014901763653224,3426.7663109317045,0
2017-08-30,fixed_3pct,136.36936950683594,0.011750640134056356,3.0,3.0,1053129.370367177,0.0,31593.881111015315,1095365.2719386637,1063771.3908276483,0.012099083904730357,2.9699878548561323,0.0,5.014901763653224,3467.017135659097,0
2017-08-31,fixed_3pct,137.8306121826172,0.010715329117276573,3.0,3.0,1053129.370367177,0.0,31593.881111015315,1107097.4564293579,1075503.5753183425,0.011028858824231103,2.9375895939410257,0.0,5.014901763653224,3504.1514923070486,0
2017-09-01,fixed_3pct,137.64199829101562,-0.0013684470279480276,3.0,3.0,1075503.5753183425,671.2261485349627,32265.107259550277,1106247.169155641,1073982.0618960906,-0.0014146986185532562,3.0042501084782525,0.46985830397447387,5.121445596754013,3428.6176712714896,1
2017-09-05,fixed_3pct,136.4070281982422,-0.008972334811373162,3.0,3.0,1075503.5753183425,0.0,32265.107259550277,1096316.4277242462,1064051.3204646958,-0.009246654840642576,3.032288634862025,0.0,5.121445596754013,3397.8390925687786,0
2017-09-06,fixed_3pct,136.82183837890625,0.003040973666409652,3.0,3.0,1075503.5753183425,0.0,32265.107259550277,1099645.1756654112,1067380.0684058608,0.003128371608722036,3.0228320927650847,0.0,5.121445596754013,3408.1559587561046,0
2017-09-07,fixed_3pct,137.14236450195312,0.0023426532404806633,3.0,3.0,1075503.5753183425,0.0,32265.107259550277,1102216.141553966,1069951.0342944157,0.002408669568277233,3.015568584484584,0.0,5.121445596754013,3416.124213341075,0
2017-09-08,fixed_3pct,135.95452880859375,-0.008661333043754382,3.0,3.0,1075503.5753183425,0.0,32265.107259550277,1092664.3590201687,1060399.2517606183,-0.00892730809882003,3.042731990425246,0.0,5.121445596754013,3386.520150794622,0
2017-09-11,fixed_3pct,137.51954650878906,0.011511331868897523,3.0,3.0,1075503.5753183425,0.0,32265.107259550277,1105237.2596325693,1072972.152373019,0.011856761112878367,3.0070777874515895,0.0,5.121445596754013,3425.4876351152548,0
2017-09-12,fixed_3pct,137.84950256347656,0.002399339316221605,3.0,3.0,1075503.5753183425,0.0,32265.107259550277,1107883.977397762,1075618.8701382116,0.0024667161765001833,2.9996784321387344,0.0,5.121445596754013,3433.690669259545,0
2017-09-13,fixed_3pct,138.0380401611328,0.0013677060428232135,3.0,3.0,1075503.5753183425,0.0,32265.107259550277,1109394.1155627992,1077129.0083032488,0.0014039714316680385,2.9954728737995833,0.0,5.121445596754013,3438.371075721204,0
2017-09-14,fixed_3pct,137.2272186279297,-0.005873899196602972,3.0,3.0,1075503.5753183425,0.0,32265.107259550277,1102872.5249130821,1070607.4176535318,-0.006054604972518751,3.0137197564225975,0.0,5.121445596754013,3418.1585576060297,0
2017-09-15,fixed_3pct,137.69863891601562,0.003435326408269823,3.0,3.0,1075503.5753183425,0.0,32265.107259550277,1106656.1305772746,1074391.0233177242,0.0035340738367803937,3.0031065561135724,0.0,5.121445596754013,3429.8851749507544,0
2017-09-18,fixed_3pct,137.51812744140625,-0.001310916912689808,3.0,3.0,1075503.5753183425,0.0,32265.107259550277,1105200.2748935723,1072935.167634022,-0.001355051980243216,3.007181443283244,0.0,5.121445596754013,3425.3730074504547,0
2017-09-19,fixed_3pct,137.75439453125,0.001718079603319378,3.0,3.0,1075503.5753183425,0.0,32265.107259550277,1107093.9754978532,1074828.8682383029,0.001764972070453119,3.001883203270709,0.0,5.121445596754013,3431.2421979324436,0
2017-09-20,fixed_3pct,137.32923889160156,-0.0030863308651252197,3.0,3.0,1075503.5753183425,0.0,32265.107259550277,1103671.9957450833,1071406.888485533,-0.003183743806936201,3.011470955274332,0.0,5.121445596754013,3420.6363762153715,0
2017-09-21,fixed_3pct,136.48837280273438,-0.0061229938770061,3.0,3.0,1075503.5753183425,0.0,32265.107259550277,1096909.0974273165,1064643.990167766,-0.006312166171832612,3.0306006099246336,0.0,5.121445596754013,3399.6759676124675,0
2017-09-22,fixed_3pct,136.3560028076172,-0.0009698261646690076,3.0,3.0,1075503.5753183425,0.0,32265.107259550277,1095840.1648387713,1063575.057579221,-0.001004028199489193,3.033646476534355,0.0,5.121445596754013,3396.362999891808,0
2017-09-25,fixed_3pct,134.919921875,-0.010531849739269128,3.0,3.0,1075503.5753183425,0.0,32265.107259550277,1084293.8194388368,1052028.7121792864,-0.010856164139665836,3.0669416990257643,0.0,5.121445596754013,3360.5771421010613,0
2017-09-26,fixed_3pct,135.2694854736328,0.0025908968355072837,3.0,3.0,1075503.5753183425,0.0,32265.107259550277,1087097.9914187843,1054832.884159234,0.0026654899695071066,3.0587885288831824,0.0,5.121445596754013,3369.2681777681364,0
2017-09-27,fixed_3pct,136.48837280273438,0.009010807757815709,3.0,3.0,1075503.5753183425,0.0,32265.107259550277,1096888.5009877698,1064623.3937282194,0.00928157409198449,3.030659240594052,0.0,5.121445596754013,3399.612132586658,0
2017-09-28,fixed_3pct,136.4410400390625,-0.0003467897132913844,3.0,3.0,1075503.5753183425,0.0,32265.107259550277,1096502.989893403,1064237.8826338525,-0.0003621102980058133,3.031757071050531,0.0,5.121445596754013,3398.4173090540235,0
2017-09-29,fixed_3pct,137.4236297607422,0.007201570153660297,3.0,3.0,1075503.5753183425,0.0,32265.107259550277,1104394.4116532218,1072129.3043936715,0.007415091953209441,3.0094417834980622,0.0,5.121445596754013,3422.8753767007165,0
2017-10-02,fixed_3pct,137.54649353027344,0.0008940512613817564,3.0,3.0,1072129.3043936715,-101.22812774013437,32163.879131810143,1105275.3019384665,1073111.4228066565,0.0009160447428870899,2.9972543808812984,0.07085968941809406,5.105377639969864,3436.386815809623,-1
2017-10-03,fixed_3pct,137.83938598632812,0.002129406926612898,3.0,3.0,1072129.3043936715,0.0,32163.879131810143,1107623.7774445885,1075459.8983127784,0.0021884731223713594,2.990709293974609,0.0,5.105377639969864,3443.688408681857,0
2017-10-04,fixed_3pct,137.9716796875,0.0009597670522487611,3.0,3.0,1072129.3043936715,0.0,32163.879131810143,1108681.7328748272,1076517.8537430172,0.0009837237370715624,2.9877701535536447,0.0,5.105377639969864,3446.977674338848,0
2017-10-05,fixed_3pct,139.32273864746094,0.009792291889328508,3.0,3.0,1072129.3043936715,0.0,32163.879131810143,1119533.1626378642,1087369.2835060542,0.010080120571439588,2.957953624375216,0.0,5.105377639969864,3480.7156128460997,0
2017-10-06,fixed_3pct,139.51170349121094,0.0013563101442339853,3.0,3.0,1072129.3043936715,0.0,32163.879131810143,1121046.4914455165,1088882.6123137064,0.0013917340048201776,2.953842661098876,0.0,5.105377639969864,3485.420669725124,0
2017-10-09,fixed_3pct,139.35110473632812,-0.001151148977927341,3.0,3.0,1072129.3043936715,0.0,32163.879131810143,1119750.89454504,1087587.01541323,-0.0011898407466746086,2.9573614502550343,0.0,5.105377639969864,3481.3925582676507,0
2017-10-10,fixed_3pct,139.45504760742188,0.0007459063298451696,3.0,3.0,1072129.3043936715,0.0,32163.879131810143,1120581.018447491,1088417.139315681,0.0007632712515748263,2.955105902874011,0.0,5.105377639969864,3483.973477997665,0
2017-10-11,fixed_3pct,139.8707733154297,0.0029810732213733093,3.0,3.0,1072129.3043936715,0.0,32163.879131810143,1123916.4471363244,1091752.5680045143,0.003064476447816933,2.9460777170965304,0.0,5.105377639969864,3494.3435850210262,0
2017-10-12,fixed_3pct,139.61570739746094,-0.001823582667935475,3.0,3.0,1072129.3043936715,0.0,32163.879131810143,1121861.787205479,1089697.908073669,-0.0018819831444049084,2.951632639973436,0.0,5.105377639969864,3487.955487607698,0
2017-10-13,fixed_3pct,140.1541748046875,0.003856782429885408,3.0,3.0,1072129.3043936715,0.0,32163.879131810143,1126183.458657493,1094019.579525683,0.003965935347764127,2.939972897537623,0.0,5.105377639969864,3501.391900032653,0
2017-10-16,fixed_3pct,140.63607788085938,0.0034383783204705587,3.0,3.0,1072129.3043936715,0.0,32163.879131810143,1130050.5980689737,1097886.7189371637,0.0035347990875604918,2.9296172890175027,0.0,5.105377639969864,3513.4151370173236,0
2017-10-17,fixed_3pct,140.8155975341797,0.0012764836450600558,3.0,3.0,1072129.3043936715,0.0,32163.879131810143,1131487.9837978592,1099324.1046660491,0.0013092295444441238,2.925786762547232,0.0,5.105377639969864,3517.8840809621597,0
2017-10-18,fixed_3pct,140.64552307128906,-0.0012077814238535822,3.0,3.0,1072129.3043936715,0.0,32163.879131810143,1130116.2882520747,1097952.4091202647,-0.0012477626388454066,2.9294420108410235,0.0,5.105377639969864,3513.619372902031,0
2017-10-19,fixed_3pct,140.1258087158203,-0.003695207242432663,3.0,3.0,1072129.3043936715,0.0,32163.879131810143,1125935.1689812946,1093771.2898494846,-0.0038081061037338326,2.9406402810441534,0.0,5.105377639969864,3500.6199481322587,0
2017-10-20,fixed_3pct,140.50381469726562,0.0026976185537093134,3.0,3.0,1072129.3043936715,0.0,32163.879131810143,1128967.4072057726,1096803.5280739625,0.002772278128543082,2.9325105461952146,0.0,5.105377639969864,3510.0474124379525,0
2017-10-23,fixed_3pct,139.58731079101562,-0.006522982370441244,3.0,3.0,1072129.3043936715,0.0,32163.879131810143,1121598.0673341267,1089434.1882023166,-0.006718924295025519,2.952347143142625,0.0,5.105377639969864,3487.1355620313343,0
2017-10-24,fixed_3pct,139.823486328125,0.0016919556353010012,3.0,3.0,1072129.3043936715,0.0,32163.879131810143,1123490.6561270554,1091326.7769952454,0.00173722177385649,2.947227155954799,0.0,5.105377639969864,3493.019767680699,0
2017-10-25,fixed_3pct,139.29440307617188,-0.0037839369182336435,3.0,3.0,1072129.3043936715,0.0,32163.879131810143,1119234.3329784058,1087070.4538465957,-0.003900136272994792,2.9587667494777685,0.0,5.105377639969864,3479.786528209779,0
2017-10-26,fixed_3pct,138.85032653808594,-0.003188042938402136,3.0,3.0,1072129.3043936715,0.0,32163.879131810143,1115661.060489097,1083497.1813572869,-0.0032870661479803553,2.9685244858245734,0.0,5.105377639969864,3468.6769463255005,0
2017-10-27,fixed_3pct,142.89413452148438,0.029123503589955524,3.0,3.0,1072129.3043936715,0.0,32163.879131810143,1148147.9140117848,1115984.0348799748,0.029983329981525086,2.882109253047639,0.0,5.105377639969864,3569.6810988083344,0
2017-10-30,fixed_3pct,143.2154083251953,0.00224833443854644,3.0,3.0,1072129.3043936715,0.0,32163.879131810143,1150724.2291297629,1118560.3499979528,0.002308559116847242,2.875471058121183,0.0,5.105377639969864,3577.6910627415405,0
2017-10-31,fixed_3pct,143.75396728515625,0.0037604819639103226,3.0,3.0,1072129.3043936715,0.0,32163.879131810143,1155046.4014612,1122882.52232939,0.003864049294653782,2.8644028642539583,0.0,5.105377639969864,3591.1290324395504,0
2017-11-01,fixed_3pct,143.70672607421875,-0.00032862544129852456,3.0,3.0,1122882.52232939,1522.596538071557,33686.4756698817,1156182.50747496,1122496.0318050783,-0.00034419497732496307,3.0010329404648948,1.06581757665009,5.3470596301399524,3432.1860167422506,1
2017-11-02,fixed_3pct,143.43267822265625,-0.0019069939107858591,3.0,3.0,1122882.52232939,0.0,33686.4756698817,1153972.327413818,1120285.8517439363,-0.0019689869705711294,3.0069535929104476,0.0,5.3470596301399524,3425.624985891766,0
2017-11-03,fixed_3pct,144.81214904785156,0.009617549098915212,3.0,3.0,1122882.52232939,0.0,33686.4756698817,1165065.36587188,1131378.8902019982,0.009901971394884246,2.9774707625901757,0.0,5.3470596301399524,3458.555229372178,0
2017-11-06,fixed_3pct,145.30345153808594,0.0033926883446224743,3.0,3.0,1122882.52232939,0.0,33686.4756698817,1169012.7224997666,1135326.2468298848,0.0034889785040816967,2.967118549751032,0.0,5.3470596301399524,3470.273156372229,0
2017-11-07,fixed_3pct,145.3884735107422,0.0005851338819296004,3.0,3.0,1122882.52232939,0.0,33686.4756698817,1169691.4043924778,1136004.928722596,0.00059778578589742,2.9653459081168907,0.0,5.3470596301399524,3472.2878577597003,0
2017-11-08,fixed_3pct,145.97427368164062,0.0040292064202405165,3.0,3.0,1122882.52232939,0.0,33686.4756698817,1174398.985449126,1140712.5097792442,0.004143979429685807,2.953108288117298,0.0,5.3470596301399524,3486.262549273236,0
2017-11-09,fixed_3pct,145.20896911621094,-0.005242735902209472,3.0,3.0,1122882.52232939,0.0,33686.4756698817,1168236.5746649634,1134550.0989950816,-0.005402247044134834,2.9691483610745104,0.0,5.3470596301399524,3467.96912242576,0
2017-11-10,fixed_3pct,145.19949340820312,-6.525566613058142e-05,3.0,3.0,1122882.52232939,0.0,33686.4756698817,1168154.9935494554,1134468.5178795736,-7.19061375784591e-05,2.9693618764181164,0.0,5.3470596301399524,3467.7269447746826,0
2017-11-13,fixed_3pct,145.37901306152344,0.001236365562348185,3.0,3.0,1122882.52232939,0.0,33686.4756698817,1169593.913095335,1135907.4374254532,0.0012683644571900299,2.965600414258443,0.0,5.3470596301399524,3471.998449932956,0
2017-11-14,fixed_3pct,144.8499755859375,-0.003639022335101827,3.0,3.0,1122882.52232939,0.0,33686.4756698817,1165332.3876629518,1131645.91199307,-0.0037516484987913934,2.9767682022155344,0.0,5.3470596301399524,3459.3478970103383,0
2017-11-15,fixed_3pct,144.16966247558594,-0.0046966739731891805,3.0,3.0,1122882.52232939,0.0,33686.4756698817,1159853.8543080708,1126167.378638189,-0.004841208099477079,2.991249463345037,0.0,5.3470596301399524,3443.08459476237,0
2017-11-16,fixed_3pct,146.01205444335938,0.012779331907539326,3.0,3.0,1122882.52232939,0.0,33686.4756698817,1174670.6646168823,1140984.1889470005,0.013156845589621602,2.9524051249974383,0.0,5.3470596301399524,3487.0690425687017,0
2017-11-17,fixed_3pct,145.45457458496094,-0.003818039959260333,3.0,3.0,1122882.52232939,0.0,33686.4756698817,1170180.378020774,1136493.9023508923,-0.003935450324033196,2.9640700755366662,0.0,5.3470596301399524,3473.7394006076015,0
2017-11-20,fixed_3pct,145.34124755859375,-0.0007791231502382034,3.0,3.0,1122882.52232939,0.0,33686.4756698817,1169263.3163386735,1135576.8406687917,-0.0008069217795217964,2.9664637797687243,0.0,5.3470596301399524,3471.0170568068206,0
2017-11-21,fixed_3pct,146.91908264160156,0.01085607224041274,3.0,3.0,1122882.52232939,0.0,33686.4756698817,1181951.5763092807,1148265.100639399,0.01117340501866404,2.9336845342703315,0.0,5.3470596301399524,3508.682795707348,0
2017-11-22,fixed_3pct,147.0985565185547,0.0012215831580635328,3.0,3.0,1122882.52232939,0.0,33686.4756698817,1183390.0813889166,1149703.6057190348,0.0012527639121269196,2.930013918571116,0.0,5.3470596301399524,3512.9530705016978,0
2017-11-24,fixed_3pct,147.63714599609375,0.0036614191891890524,3.0,3.0,1122882.52232939,0.0,33686.4756698817,1187717.62148158,1154031.1458116982,0.0037640484653058692,2.9190265611235318,0.0,5.3470596301399524,3525.7995912688807,0
2017-11-27,fixed_3pct,147.57101440429688,-0.0004479332850191309,3.0,3.0,1122882.52232939,0.0,33686.4756698817,1187180.2561660844,1153493.7804962026,-0.0004656419520788768,2.920386415554895,0.0,5.3470596301399524,3524.2043952597714,0
2017-11-28,fixed_3pct,147.9488983154297,0.002560691966903006,3.0,3.0,1122882.52232939,0.0,33686.4756698817,1190214.9120516847,1156528.436381803,0.0026308385332558526,2.912723510307259,0.0,5.3470596301399524,3533.2129241285647,0
2017-11-29,fixed_3pct,145.36956787109375,-0.01743392802315269,3.0,3.0,1122882.52232939,0.0,33686.4756698817,1169459.4438832626,1135772.9682133808,-0.01794635351410434,2.965951524878424,0.0,5.3470596301399524,3471.599271302962,0
2017-11-30,fixed_3pct,146.58837890625,0.00838422410553652,3.0,3.0,1122882.52232939,0.0,33686.4756698817,1179259.1068834858,1145572.631213604,0.008628188268680503,2.9405796500388375,0.0,5.3470596301399524,3500.69006458231,0
2017-12-01,fixed_3pct,145.96481323242188,-0.004253854763118237,3.0,3.0,1145572.631213604,680.7032665264196,34367.17893640812,1174914.5879952875,1140547.4090588794,-0.004386646483864554,3.0132179218017896,0.47649228656849374,5.455107767683828,3418.7111783871183,1
2017-12-04,fixed_3pct,144.2830810546875,-0.011521490285857694,3.0,3.0,1145572.631213604,0.0,34367.17893640812,1161372.3658752197,1127005.1869388116,-0.011873440781599909,3.0494250900261397,0.0,5.455107767683828,3379.306657739305,0
2017-12-05,fixed_3pct,144.37747192382812,0.000654206081895703,3.0,3.0,1145572.631213604,0.0,34367.17893640812,1162126.6876325533,1127759.5086961451,0.0006693152490118148,3.0473854284892354,0.0,5.455107767683828,3381.501547691516,0
2017-12-06,fixed_3pct,145.0294647216797,0.004515890111966625,3.0,3.0,1145572.631213604,0.0,34367.17893640812,1167369.2689423182,1133002.09000591,0.004648669569477626,3.0332846902540886,0.0,5.455107767683828,3396.7561640784634,0
2017-12-07,fixed_3pct,145.52072143554688,0.0033872890230266517,3.0,3.0,1145572.631213604,0.0,34367.17893640812,1171318.0309450575,1136950.8520086494,0.0034852204047732815,3.0227497411776136,0.0,5.455107767683828,3408.2460859310722,0
2017-12-08,fixed_3pct,146.16319274902344,0.004414981640680882,3.0,3.0,1145572.631213604,0.0,34367.17893640812,1176483.9234393109,1142116.7445029027,0.00454363747133546,3.009077583514999,0.0,5.455107767683828,3423.277556811507,0
2017-12-11,fixed_3pct,147.29698181152344,0.007757008048167258,3.0,3.0,1145572.631213604,0.0,34367.17893640812,1185604.4635942015,1151237.2846577934,0.007985646124871737,2.9852385250555713,0.0,5.455107767683828,3449.8160753549323,0
2017-12-12,fixed_3pct,147.0985565185547,-0.0013471103788307293,3.0,3.0,1145572.631213604,0.0,34367.17893640812,1184001.8684083382,1149634.68947193,-0.0013920633106837554,2.9893999590595377,0.0,5.455107767683828,3445.152919298892,0
2017-12-13,fixed_3pct,147.38201904296875,0.0019270245141957965,3.0,3.0,1145572.631213604,0.0,34367.17893640812,1186278.0139258471,1151910.834989439,0.001979885904934253,2.9834929833543242,0.0,5.455107767683828,3451.7759404136614,0
2017-12-14,fixed_3pct,147.2781524658203,-0.0007047438881818691,3.0,3.0,1145572.631213604,0.0,34367.17893640812,1185436.5366380808,1151069.3577016727,-0.0007305055757844681,2.985674034884282,0.0,5.455107767683828,3449.327449400409,0
2017-12-15,fixed_3pct,148.9504852294922,0.01135492763639867,3.0,3.0,1145572.631213604,0.0,34367.17893640812,1198891.6276213818,1164524.4486849736,0.011689209597383954,2.9511771071201536,0.0,5.455107767683828,3488.4784399667215,0
2017-12-18,fixed_3pct,150.19931030273438,0.008384162504191162,3.0,3.0,1145572.631213604,0.0,34367.17893640812,1208937.874744506,1174570.695808098,0.00862690958053225,2.925935327610374,0.0,5.455107767683828,3517.710537083897,0
2017-12-19,fixed_3pct,149.30926513671875,-0.0059257606724137935,3.0,3.0,1145572.631213604,0.0,34367.17893640812,1201768.5431231859,1167401.3641867777,-0.006103788939147425,2.943904298103044,0.0,5.455107767683828,3496.849553310437,0
2017-12-20,fixed_3pct,149.1483154296875,-0.0010779619528893392,3.0,3.0,1145572.631213604,0.0,34367.17893640812,1200467.6272497522,1166100.448313344,-0.0011143689851176308,2.9471885536204923,0.0,5.455107767683828,3493.064209521117,0
2017-12-21,fixed_3pct,149.16726684570312,0.00012706423107111675,3.0,3.0,1145572.631213604,0.0,34367.17893640812,1200614.7086379668,1166247.5297015586,0.00012613097647573568,2.946816868731344,0.0,5.455107767683828,3493.492180023109,0
2017-12-22,fixed_3pct,148.99679565429688,-0.0011428190313534925,3.0,3.0,1145572.631213604,0.0,34367.17893640812,1199237.1681918448,1164869.9892554367,-0.0011811733024416071,2.9503016863173706,0.0,5.455107767683828,3489.4838776580214,0
2017-12-26,fixed_3pct,148.19207763671875,-0.005400908214464151,3.0,3.0,1145572.631213604,0.0,34367.17893640812,1192754.7432112992,1158387.564274891,-0.005564934319141623,2.966811799116709,0.0,5.455107767683828,3470.6216225030653,0
2017-12-27,fixed_3pct,148.2110137939453,0.00012778117108913634,3.0,3.0,1145572.631213604,0.0,34367.17893640812,1192901.6997014412,1158534.520765033,0.00012686297287212156,2.966435468294368,0.0,5.455107767683828,3471.0492295825234,0
2017-12-28,fixed_3pct,148.39093017578125,0.0012139204586110175,3.0,3.0,1145572.631213604,0.0,34367.17893640812,1194344.332372053,1159977.153435645,0.0012452219979248724,2.9627461915623665,0.0,5.455107767683828,3475.246934239287,0
2017-12-29,fixed_3pct,147.47250366210938,-0.006189236178949287,3.0,3.0,1145572.631213604,0.0,34367.17893640812,1186946.7981122453,1152579.6191758371,-0.006377310309860551,2.9817618119069893,0.0,5.455107767683828,3453.7219371672372,0
2018-01-02,fixed_3pct,150.05726623535156,0.01752708138165482,3.0,3.0,1152579.6191758371,210.20963886698883,34577.38857527511,1207958.7670385907,1173381.3784633155,0.01804800201339063,2.9468158614003546,0.14714674720689216,5.488474377027795,3493.493340044636,1
2018-01-03,fixed_3pct,151.51531982421875,0.009716647686892843,3.0,3.0,1152579.6191758371,0.0,34577.38857527511,1219690.5883238213,1185113.1997485461,0.009998301916632535,2.9176443720829064,0.0,5.488474377027795,3527.4225110104835,0
2018-01-04,fixed_3pct,151.78041076660156,0.0017495982762030238,3.0,3.0,1152579.6191758371,0.0,34577.38857527511,1221819.0684002768,1187241.6798250016,0.0017960141502999516,2.912413635981158,0.0,5.488474377027795,3533.578210339315,0
2018-01-05,fixed_3pct,153.30470275878906,0.010042745203341585,3.0,3.0,1152579.6191758371,0.0,34577.38857527511,1234083.997514428,1199506.608939153,0.010330608605283453,2.882634269589848,0.0,5.488474377027795,3569.0491629459593,0
2018-01-08,fixed_3pct,153.9011993408203,0.003890921617517362,3.0,3.0,1152579.6191758371,0.0,34577.38857527511,1238880.2331438123,1204302.844568537,0.003998507047515032,2.871153940324958,0.0,5.488474377027795,3582.920180472175,0
2018-01-09,fixed_3pct,153.91065979003906,6.14709258879298e-05,3.0,3.0,1152579.6191758371,0.0,34577.38857527511,1238950.8997844309,1204373.5112091557,5.867846359186579e-05,2.8709854753082724,0.0,5.488474377027795,3583.1245528771788,0
2018-01-10,fixed_3pct,153.55087280273438,-0.002337635273576888,3.0,3.0,1152579.6191758371,0.0,34577.38857527511,1236049.195984488,1201471.8074092127,-0.0024093055625490356,2.8779192621952467,0.0,5.488474377027795,3574.73264151688,0
2018-01-11,fixed_3pct,154.60182189941406,0.006844305587437649,3.0,3.0,1152579.6191758371,0.0,34577.38857527511,1244503.6059285353,1209926.2173532601,0.007036711050488975,2.857809681231133,0.0,5.488474377027795,3599.183331092937,0
2018-01-12,fixed_3pct,155.73802185058594,0.007349201563168428,3.0,3.0,1152579.6191758371,0.0,34577.38857527511,1253644.225300217,1219066.8367249419,0.007554691551090675,2.8363816924237115,0.0,5.488474377027795,3625.618581840062,0
2018-01-16,fixed_3pct,155.29298400878906,-0.0028576055898786867,3.0,3.0,1152579.6191758371,0.0,34577.38857527511,1250056.3160799032,1215478.927504628,-0.0029431603848341092,2.844754260467708,0.0,5.488474377027795,3615.2421208979554,0
2018-01-17,fixed_3pct,156.9688262939453,0.010791487431662805,3.0,3.0,1152579.6191758371,0.0,34577.38857527511,1263540.7946293731,1228963.406054098,0.011093963247189809,2.8135409406773695,0.0,5.488474377027795,3654.2400877921705,0
2018-01-18,fixed_3pct,156.99728393554688,0.00018129486136486683,3.0,3.0,1152579.6191758371,0.0,34577.38857527511,1263764.3796081874,1229186.9910329122,0.0001819297285117205,2.8130291670447134,0.0,5.488474377027795,3654.8867097264083,0
2018-01-19,fixed_3pct,157.4895477294922,0.0031354924213045088,3.0,3.0,1152579.6191758371,0.0,34577.38857527511,1267721.4147683864,1233144.0261931112,0.0032192296119843977,2.80400243935985,0.0,5.488474377027795,3666.3307062896088,0
2018-01-22,fixed_3pct,159.17483520507812,0.010700948093905538,3.0,3.0,1152579.6191758371,0.0,34577.38857527511,1281281.7473509784,1246704.3587757032,0.010996552141970595,2.7735034639031038,0.0,5.488474377027795,3705.548047856833,0
2018-01-23,fixed_3pct,160.49090576171875,0.008268081791603654,3.0,3.0,1152579.6191758371,0.0,34577.38857527511,1291870.0011617881,1257292.612586513,0.00849299494004141,2.750146483732392,0.0,5.488474377027795,3736.1699491833574,0
2018-01-24,fixed_3pct,159.4494171142578,-0.006489393542380761,3.0,3.0,1152579.6191758371,0.0,34577.38857527511,1283481.0598442764,1248903.6712690012,-0.0066722266825810506,2.7686193395637386,0.0,5.488474377027795,3711.9085990260173,0
2018-01-25,fixed_3pct,159.3926544189453,-0.00035599186462897947,3.0,3.0,1152579.6191758371,0.0,34577.38857527511,1283018.6625541896,1248441.2739789144,-0.0003702425581125768,2.7696447799321238,0.0,5.488474377027795,3710.571316746645,0
2018-01-26,fixed_3pct,161.83534240722656,0.015324972139938886,3.0,3.0,1152579.6191758371,0.0,34577.38857527511,1302675.3993384773,1268098.010763202,0.0157450231692835,2.7267126264526493,0.0,5.488474377027795,3767.419845783171,0
2018-01-29,fixed_3pct,161.0495147705078,-0.004855723261865563,3.0,3.0,1152579.6191758371,0.0,34577.38857527511,1296344.4796248726,1261767.0910495974,-0.004992452996432362,2.7403939142613085,0.0,5.488474377027795,3749.110424584915,0
2018-01-30,fixed_3pct,159.7239990234375,-0.008230485816484112,3.0,3.0,1152579.6191758371,0.0,34577.38857527511,1285669.4462976656,1251092.0577223904,-0.008460383380523129,2.7637765232258884,0.0,5.488474377027795,3718.2375513950633,0
2018-01-31,fixed_3pct,160.38674926757812,0.004149346674217513,3.0,3.0,1152579.6191758371,0.0,34577.38857527511,1290998.646064427,1256421.2574891518,0.0042596383966047036,2.75205376932057,0.0,5.488474377027795,3733.6499349970227,0
2018-02-01,fixed_3pct,159.0233917236328,-0.008500437537210637,3.0,3.0,1256421.2574891518,3115.2491493994457,37692.637724674554,1283105.215785438,1245412.5780607634,-0.008761933438143354,3.0265181505847565,2.180674404579612,5.982958368995962,3404.126888539522,1
2018-02-02,fixed_3pct,155.8516387939453,-0.019945197340525245,3.0,3.0,1256421.2574891518,0.0,37692.637724674554,1257507.446089571,1219814.8083648966,-0.020553646355270683,3.0900295246620044,0.0,5.982958368995962,3336.2150329595397,0
2018-02-05,fixed_3pct,149.70692443847656,-0.039426690684932764,3.0,3.0,1256421.2574891518,0.0,37692.637724674554,1207922.106020229,1170229.4682955544,-0.04064989187646362,3.2209612512641717,0.0,5.982958368995962,3204.663241780748,0
2018-02-06,fixed_3pct,153.67396545410156,0.026498714274604485,3.0,3.0,1256421.2574891518,0.0,37692.637724674554,1239924.5058152685,1202231.868090594,0.027347114956565832,3.135221975486199,0.0,5.982958368995962,3289.5668243551513,0
2018-02-07,fixed_3pct,151.6857147216797,-0.012938110411523929,3.0,3.0,1256421.2574891518,0.0,37692.637724674554,1223876.2426987074,1186183.6049740328,-0.013348725435176845,3.177639411522611,0.0,5.982958368995962,3246.9901725596856,0
2018-02-08,fixed_3pct,145.28538513183594,-0.042194676021979904,3.0,3.0,1256421.2574891518,0.0,37692.637724674554,1172229.1981886683,1134536.5604639938,-0.0435405145489004,3.3222937927411804,0.0,5.982958368995962,3109.968601166104,0
2018-02-09,fixed_3pct,147.79446411132812,0.01727000260360234,3.0,3.0,1256421.2574891518,0.0,37692.637724674554,1192467.6165350364,1154774.9788103618,0.01783848934589738,3.2640677548716157,0.0,5.982958368995962,3163.661893989491,0
2018-02-12,fixed_3pct,150.41702270507812,0.017744633464583215,3.0,3.0,1256421.2574891518,0.0,37692.637724674554,1213621.5343504667,1175928.8966257921,0.01831864926379234,3.205350071150537,0.0,5.982958368995962,3219.7840416883305,0
2018-02-13,fixed_3pct,151.19345092773438,0.0051618374615656215,3.0,3.0,1256421.2574891518,0.0,37692.637724674554,1219880.0684922708,1182187.4307675962,0.005322204565056943,3.1883808560035747,0.0,5.982958368995962,3236.388170556995,0
2018-02-14,fixed_3pct,154.02432250976562,0.01872350663775979,3.0,3.0,1256421.2574891518,0.0,37692.637724674554,1242714.5180935878,1205021.8803689133,0.019315422416977146,3.1279629306926013,0.0,5.982958368995962,3296.9688329349137,0
2018-02-15,fixed_3pct,156.8835906982422,0.018563744620887945,3.0,3.0,1256421.2574891518,0.0,37692.637724674554,1265777.970085778,1228085.3323611035,0.019139446650652925,3.069219762783674,0.0,5.982958368995962,3358.157047356672,0
2018-02-16,fixed_3pct,156.18301391601562,-0.0044655835521644205,3.0,3.0,1256421.2574891518,0.0,37692.637724674554,1260119.549843502,1222426.9121188275,-0.004607513902472271,3.0834266941441975,0.0,5.982958368995962,3343.145043464538,0
2018-02-20,fixed_3pct,156.49539184570312,0.0020000762045446763,3.0,3.0,1256421.2574891518,0.0,37692.637724674554,1262633.9020116567,1224941.2642869821,0.002056852760053074,3.077097557540019,0.0,5.982958368995962,3349.81571529844,0
2018-02-21,fixed_3pct,156.05044555664062,-0.0028431909963277935,3.0,3.0,1256421.2574891518,0.0,37692.637724674554,1259038.00971143,1221345.3719867554,-0.0029355630388693266,3.086157166449991,0.0,5.982958368995962,3340.2756764014734,0
2018-02-22,fixed_3pct,156.031494140625,-0.00012144416472525954,3.0,3.0,1256421.2574891518,0.0,37692.637724674554,1258879.1239336142,1221186.4862089397,-0.0001300907846870647,3.086558699293165,0.0,5.982958368995962,3339.854146396128,0
2018-02-23,fixed_3pct,159.22218322753906,0.020449006814216686,3.0,3.0,1256421.2574891518,0.0,37692.637724674554,1284615.968758839,1246923.3310341644,0.021075278113437346,3.022851268121938,0.0,5.982958368995962,3408.1349735783992,0
2018-02-26,fixed_3pct,161.3335418701172,0.013260455294479057,3.0,3.0,1256421.2574891518,0.0,37692.637724674554,1301644.5784247704,1263951.9407000958,0.013656500958890927,2.9821258634087635,0.0,5.982958368995962,3453.3125220172133,0
2018-02-27,fixed_3pct,159.3358154296875,-0.012382585897965148,3.0,3.0,1256421.2574891518,0.0,37692.637724674554,1285520.869665436,1247828.2319407614,-0.012756583727703719,3.0206591548302097,0.0,5.982958368995962,3410.5357100649435,0
2018-02-28,fixed_3pct,158.313232421875,-0.006417785009948052,3.0,3.0,1256421.2574891518,0.0,37692.637724674554,1277264.6901397528,1239572.0524150783,-0.0066164391174594606,3.0407782791841247,0.0,5.982958368995962,3388.631752093123,0
2018-03-01,fixed_3pct,155.72853088378906,-0.01632650346749409,3.0,3.0,1239572.0524150783,-505.47615222221066,37187.16157245234,1255907.9494727033,1218720.7879002509,-0.016821341263868028,3.051327419836874,0.35383330655554746,5.90272405911942,3377.262195787107,-1
2018-03-02,fixed_3pct,157.158203125,0.009180541504483886,3.0,3.0,1239572.0524150783,0.0,37187.16157245234,1267431.9618045897,1230244.8002321373,0.009455826507843046,3.0227448687802156,0.0,5.90272405911942,3408.2514185311825,0
2018-03-05,fixed_3pct,158.9002685546875,0.01108478841732441,3.0,3.0,1239572.0524150783,0.0,37187.16157245234,1281475.274210489,1244288.1126380365,0.01141505528269593,2.9886294978428434,0.0,5.90272405911942,3446.0152913627735,0
2018-03-06,fixed_3pct,159.572509765625,0.0042305857444548955,3.0,3.0,1239572.0524150783,0.0,37187.16157245234,1286890.762513376,1249703.6009409237,0.004352278421599465,2.975678516446098,0.0,5.90272405911942,3460.578081513713,0
2018-03-07,fixed_3pct,159.94175720214844,0.002313978999677113,3.0,3.0,1239572.0524150783,0.0,37187.16157245234,1289862.6979886515,1252675.536416199,0.002378112276413269,2.9686188076157163,0.0,5.90272405911942,3468.569913505206,0
2018-03-08,fixed_3pct,160.82228088378906,0.005505277027360256,3.0,3.0,1239572.0524150783,0.0,37187.16157245234,1296957.8467442782,1259770.6851718258,0.005663995623260476,2.9518992631091603,0.0,5.90272405911942,3487.6494787519464,0
2018-03-09,fixed_3pct,163.9467010498047,0.019427781703166724,3.0,3.0,1239572.0524150783,0.0,37187.16157245234,1322148.9579449762,1284961.7963725238,0.019996584693715125,2.894028575591317,0.0,5.90272405911942,3555.3908984664295,0
2018-03-12,fixed_3pct,164.81776428222656,0.005313087892858892,3.0,3.0,1239572.0524150783,0.0,37187.16157245234,1329167.7488419306,1291980.5872694782,0.005462256478572902,2.8783065271162576,0.0,5.90272405911942,3574.2651297875796,0
2018-03-13,fixed_3pct,162.57382202148438,-0.0136146869271917,3.0,3.0,1239572.0524150783,0.0,37187.16157245234,1311065.6433436684,1273878.481771216,-0.01401112809018279,2.919207923250801,0.0,5.90272405911942,3525.58675603487,0
2018-03-14,fixed_3pct,162.54547119140625,-0.00017438742428277365,3.0,3.0,1239572.0524150783,0.0,37187.16157245234,1310831.1072590011,1273643.9456865487,-0.00018411181915967134,2.9197454829031413,0.0,5.90272405911942,3524.956065025527,0
2018-03-15,fixed_3pct,162.4033966064453,-0.0008740605562220782,3.0,3.0,1239572.0524150783,0.0,37187.16157245234,1309679.458768218,1272492.2971957657,-0.0009042154164696781,2.9223879511414688,0.0,5.90272405911942,3521.8591669507996,0
2018-03-16,fixed_3pct,161.9205780029297,-0.0029729587779844246,3.0,3.0,1239572.0524150783,0.0,37187.16157245234,1305779.9330008682,1268592.7714284158,-0.0030644788781380994,2.931371075887511,0.0,5.90272405911942,3511.372951809716,0
2018-03-19,fixed_3pct,158.4657745361328,-0.021336407696953552,3.0,3.0,1239572.0524150783,0.0,37187.16157245234,1277913.3772638019,1240726.2156913495,-0.021966509950777202,2.9972093038858825,0.0,5.90272405911942,3436.4369939179755,0
2018-03-20,fixed_3pct,158.9873504638672,0.0032914105854160436,3.0,3.0,1239572.0524150783,0.0,37187.16157245234,1282113.6121569136,1244926.4505844612,0.003385303574625631,2.9870970734852587,0.0,5.90272405911942,3447.731845999999,0
2018-03-21,fixed_3pct,158.29513549804688,-0.004353899626609814,3.0,3.0,1239572.0524150783,0.0,37187.16157245234,1276525.5154556131,1239338.3538831607,-0.004488696258864944,3.0005657015241685,0.0,5.90272405911942,3432.704894587176,0
2018-03-22,fixed_3pct,154.3879852294922,-0.024682693225294372,3.0,3.0,1239572.0524150783,0.0,37187.16157245234,1245011.5250393024,1207824.36346685,-0.025428076455125792,3.0788550634723957,0.0,5.90272405911942,3347.9606197252415,0
2018-03-23,fixed_3pct,150.31964111328125,-0.026351429550450334,3.0,3.0,1239572.0524150783,0.0,37187.16157245234,1212197.7888236714,1175010.627251219,-0.02716763894499108,3.164836190413593,0.0,5.90272405911942,3259.721198300997,0
2018-03-26,fixed_3pct,155.90528869628906,0.0371584680593966,3.0,3.0,1239572.0524150783,0.0,37187.16157245234,1257235.298917288,1220048.1373448356,0.03832944915483516,3.0480077329884674,0.0,5.90272405911942,3380.8315713147294,0
2018-03-27,fixed_3pct,150.8601837158203,-0.03236006310406092,3.0,3.0,1239572.0524150783,0.0,37187.16157245234,1216545.1825836126,1179358.0210111602,-0.03335123843738519,3.1531698525752803,0.0,5.90272405911942,3271.4117753069113,0
2018-03-28,fixed_3pct,149.12474060058594,-0.011503652405087106,3.0,3.0,1239572.0524150783,0.0,37187.16157245234,1202544.5669440285,1165357.405371576,-0.0118713871361813,3.1910520670347617,0.0,5.90272405911942,3233.7627183539985,0
2018-03-29,fixed_3pct,151.85597229003906,0.018315080907791215,3.0,3.0,1239572.0524150783,0.0,37187.16157245234,1224563.365258774,1187376.2036863216,0.018894459513667305,3.131876944897606,0.0,5.90272405911942,3292.973471161378,0
2018-04-02,fixed_3pct,147.4746551513672,-0.028851793397389303,3.0,3.0,1187376.2036863216,-1565.8754618626917,35621.28611058965,1187705.100235364,1152083.8141247742,-0.029723005608482733,3.091900578227528,1.0961128233038842,5.654172398506295,3334.2566479717243,-1
2018-04-03,fixed_3pct,149.13424682617188,0.011253402648077282,3.0,3.0,1187376.2036863216,0.0,35621.28611058965,1201065.1697830888,1165443.883672499,0.011596438890927763,3.0564565664321233,0.0,5.654172398506295,3371.7625075475053,0
2018-04-04,fixed_3pct,151.486083984375,0.015769933521335266,3.0,3.0,1187376.2036863216,0.0,35621.28611058965,1220000.2334929607,1184378.947382371,0.016247083171610388,3.0075919695564712,0.0,5.654172398506295,3424.9191051253865,0
2018-04-05,fixed_3pct,152.3490753173828,0.005696835711304082,3.0,3.0,1187376.2036863216,0.0,35621.28611058965,1226944.720218524,1191323.4341079344,0.005863399329168795,2.9900600534449278,0.0,5.654172398506295,3444.414433575919,0
2018-04-06,fixed_3pct,148.5367889404297,-0.025023364067101372,3.0,3.0,1187376.2036863216,0.0,35621.28611058965,1196236.7816218894,1160615.4955112997,-0.025776323807168988,3.0691720253913193,0.0,5.654172398506295,3358.207724190697,0
2018-04-09,fixed_3pct,149.57992553710938,0.007022749071935452,3.0,3.0,1187376.2036863216,0.0,35621.28611058965,1204631.998197441,1169010.7120868512,0.007233417620237104,3.0471308553709116,0.0,5.654172398506295,3381.7757013532496,0
2018-04-10,fixed_3pct,152.88014221191406,0.02206323250231823,3.0,3.0,1187376.2036863216,0.0,35621.28611058965,1231204.4198810046,1195583.1337704149,0.022730691351944943,2.979406877232673,0.0,5.654172398506295,3456.372731907023,0
2018-04-11,fixed_3pct,151.9981689453125,-0.005769050537505538,3.0,3.0,1187376.2036863216,0.0,35621.28611058965,1224095.8851883123,1188474.5990777225,-0.005945663243236532,2.9972273819089112,0.0,5.654172398506295,3436.4168699243223,0
2018-04-12,fixed_3pct,153.82850646972656,0.0120418393005286,3.0,3.0,1187376.2036863216,0.0,35621.28611058965,1238830.5969537897,1203209.3108432,0.012398003101548705,2.9605228109169572,0.0,5.654172398506295,3477.7817766257035,0
2018-04-13,fixed_3pct,153.03184509277344,-0.005178893010379104,3.0,3.0,1187376.2036863216,0.0,35621.28611058965,1232409.1716617832,1196787.8855511935,-0.005336914561861583,2.9764076442154064,0.0,5.654172398506295,3459.754843875239,0
2018-04-16,fixed_3pct,154.1983184814453,0.007622422561557096,3.0,3.0,1187376.2036863216,0.0,35621.28611058965,1241797.4609645293,1206176.1748539396,0.00784457247277559,2.953240733253844,0.0,5.654172398506295,3486.110684238777,0
2018-04-17,fixed_3pct,157.51744079589844,0.021525022757316936,3.0,3.0,1187376.2036863216,0.0,35621.28611058965,1268521.5253993706,1232900.2392887808,0.022156020813524524,2.889226960580232,0.0,5.654172398506295,3561.1334230356692,0
2018-04-18,fixed_3pct,157.83987426757812,0.0020469699739311675,3.0,3.0,1187376.2036863216,0.0,35621.28611058965,1271112.4967007497,1235491.21059016,0.002101525507752111,2.883167909674918,0.0,5.654172398506295,3568.407083209912,0
2018-04-19,fixed_3pct,156.3889923095703,-0.009192112986280088,3.0,3.0,1187376.2036863216,0.0,35621.28611058965,1259422.6328404052,1223801.3467298155,-0.009461713495121149,2.910708196699994,0.0,5.654172398506295,3535.5900091041312,0
2018-04-20,fixed_3pct,153.913818359375,-0.01582703433049648,3.0,3.0,1187376.2036863216,0.0,35621.28611058965,1239484.0534214373,1203862.7673108475,-0.016292333287789673,2.9589158397314184,0.0,5.654172398506295,3479.6162316356063,0
2018-04-23,fixed_3pct,153.52496337890625,-0.0025264461931598925,3.0,3.0,1187376.2036863216,0.0,35621.28611058965,1236346.9094807897,1200725.6233702,-0.0026058983015607717,2.9666466191175074,0.0,5.654172398506295,3470.80929543766,0
2018-04-24,fixed_3pct,150.27227783203125,-0.021186688309752122,3.0,3.0,1187376.2036863216,0.0,35621.28611058965,1210147.1586944961,1174525.8725839064,-0.021819931445083984,3.032822600342073,0.0,5.654172398506295,3397.258467696758,0
2018-04-25,fixed_3pct,150.4524383544922,0.0011988939347968852,3.0,3.0,1187376.2036863216,0.0,35621.28611058965,1211592.3426108682,1175971.0565002784,0.0012304402568779071,3.0290954793223874,0.0,5.654172398506295,3401.315547252744,0
2018-04-26,fixed_3pct,153.61981201171875,0.02105232518574196,3.0,3.0,1187376.2036863216,0.0,35621.28611058965,1237093.5244276684,1201472.2383170787,0.02168521212817298,2.9648030952829134,0.0,5.654172398506295,3472.9052751969557,0
2018-04-27,fixed_3pct,153.71466064453125,0.0006174244817149788,3.0,3.0,1187376.2036863216,0.0,35621.28611058965,1237851.6820834226,1202230.3959728328,0.0006310238652007527,2.962933413587939,0.0,5.654172398506295,3475.033658920666,0
2018-04-30,fixed_3pct,152.6240692138672,-0.007094908358715846,3.0,3.0,1187376.2036863216,0.0,35621.28611058965,1229063.5836649598,1193442.29755437,-0.007309828838050203,2.9847514357070826,0.0,5.654172398506295,3450.3627405512975,0
2018-05-01,fixed_3pct,154.3690185546875,0.011432989238251645,3.0,3.0,1193442.29755437,181.98281604144722,35803.2689266311,1243293.7059107907,1207490.4369841595,0.01177110905033052,2.9650975138199613,0.12738797122901305,5.683058559782714,3472.5703635011023,1
2018-05-02,fixed_3pct,153.45855712890625,-0.005897954358365709,3.0,3.0,1193442.29755437,0.0,35803.2689266311,1235955.1333207255,1200151.8643940943,-0.00607754096040225,2.983228205432706,0.0,5.683058559782714,3452.073428975086,0
2018-05-03,fixed_3pct,153.43960571289062,-0.00012349533561495374,3.0,3.0,1193442.29755437,0.0,35803.2689266311,1235796.8155681712,1199993.54664154,-0.0001319147661652531,2.983621789203354,0.0,5.683058559782714,3451.6312409925335,0
2018-05-04,fixed_3pct,156.35098266601562,0.01897409042208209,3.0,3.0,1193442.29755437,0.0,35803.2689266311,1259239.253031523,1223435.9841048918,0.019535469610616474,2.9264521717354923,0.0,5.683058559782714,3517.1069312469363,0
2018-05-07,fixed_3pct,157.65020751953125,0.008309668614561394,3.0,3.0,1193442.29755437,0.0,35803.2689266311,1269697.430872103,1233894.1619454718,0.008548201930018928,2.901648296169937,0.0,5.683058559782714,3546.3170513117025,0
2018-05-08,fixed_3pct,157.48899841308594,-0.0010225746542410485,3.0,3.0,1193442.29755437,0.0,35803.2689266311,1268393.3874021783,1232590.118475547,-0.0010568519652193187,2.9047181532586164,0.0,5.683058559782714,3542.6748043632547,0
2018-05-09,fixed_3pct,159.20550537109375,0.010899218201296135,3.0,3.0,1193442.29755437,0.0,35803.2689266311,1282212.2006379957,1246408.9317113645,0.011211199107217018,2.872513828785864,0.0,5.683058559782714,3581.27131705637,0
2018-05-10,fixed_3pct,160.85556030273438,0.010364308242949871,3.0,3.0,1193442.29755437,0.0,35803.2689266311,1295495.7600597192,1259692.491133088,0.01065746488472663,2.8422229376334704,0.0,5.683058559782714,3618.3728438721046,0
2018-05-11,fixed_3pct,160.70388793945312,-0.0009429102916665988,3.0,3.0,1193442.29755437,0.0,35803.2689266311,1294268.5407161885,1258465.2717895573,-0.0009742213692381929,2.8449945921605204,0.0,5.683058559782714,3614.945169862657,0
2018-05-14,fixed_3pct,160.9788818359375,0.0017111838425960535,3.0,3.0,1193442.29755437,0.0,35803.2689266311,1296477.5890724824,1260674.3201458512,0.0017553510659475968,2.84000937867037,0.0,5.683058559782714,3621.115132613323,0
2018-05-15,fixed_3pct,159.19602966308594,-0.011075068683037315,3.0,3.0,1193442.29755437,0.0,35803.2689266311,1282113.3276689262,1246310.058742295,-0.011394109623724558,2.8727417126651225,0.0,5.683058559782714,3580.995160794572,0
2018-05-16,fixed_3pct,160.24864196777344,0.006612051235920902,3.0,3.0,1193442.29755437,0.0,35803.2689266311,1290585.0436231703,1254781.7746965392,0.006797438482357476,2.853346266946688,0.0,5.683058559782714,3604.6570112574573,0
2018-05-17,fixed_3pct,159.6322479248047,-0.0038464852831183727,3.0,3.0,1193442.29755437,0.0,35803.2689266311,1285615.1441877012,1249811.87526107,-0.003960767948411714,2.864692649775971,0.0,5.683058559782714,3590.775878097092,0
2018-05-18,fixed_3pct,158.8071746826172,-0.005168587506054201,3.0,3.0,1193442.29755437,0.0,35803.2689266311,1278964.6467572986,1243161.3778306674,-0.005321198783627579,2.8800177969740552,0.0,5.683058559782714,3572.2007657406452,0
2018-05-21,fixed_3pct,159.6986083984375,0.005613308829414576,3.0,3.0,1193442.29755437,0.0,35803.2689266311,1286138.1872428905,1250334.9183162593,0.005770401665880165,2.863494284782906,0.0,5.683058559782714,3592.236758823545,0
2018-05-22,fixed_3pct,159.49000549316406,-0.001306228697704026,3.0,3.0,1193442.29755437,0.0,35803.2689266311,1284452.5135749409,1248649.2446483097,-0.00134817771083251,2.867359995617931,0.0,5.683058559782714,3587.528603064349,0
2018-05-23,fixed_3pct,160.836669921875,0.008443566257000601,3.0,3.0,1193442.29755437,0.0,35803.2689266311,1295292.1904187219,1259488.9214920907,0.008681122332984792,2.842682322621441,0.0,5.683058559782714,3617.804265507334,0
2018-05-24,fixed_3pct,160.78924560546875,-0.0002948600989394201,3.0,3.0,1193442.29755437,0.0,35803.2689266311,1294904.5773767396,1259101.3084501084,-0.0003077542290115254,2.8435574394488685,0.0,5.683058559782714,3616.7216463677896,0
2018-05-25,fixed_3pct,160.95040893554688,0.0010023265515752833,3.0,3.0,1193442.29755437,0.0,35803.2689266311,1296196.8115578408,1260393.5426312096,0.0010263146995628247,2.840642046760082,0.0,5.683058559782714,3620.330909487728,0
2018-05-29,fixed_3pct,160.2391815185547,-0.004418922708528172,3.0,3.0,1193442.29755437,0.0,35803.2689266311,1290463.3349739662,1254660.066047335,-0.004548957440630219,2.853623056596139,0.0,5.683058559782714,3604.317074003533,0
2018-05-30,fixed_3pct,161.3866424560547,0.00716092610200425,3.0,3.0,1193442.29755437,0.0,35803.2689266311,1299698.5644945009,1263895.2955678697,0.007360742379909357,2.832771753497559,0.0,5.683058559782714,3630.1114492027914,0
2018-05-31,fixed_3pct,161.28237915039062,-0.0006460466868716264,3.0,3.0,1193442.29755437,0.0,35803.2689266311,1298853.2154844175,1263049.9465577863,-0.0006688441780325904,2.8346677044883632,0.0,5.683058559782714,3627.750354712186,0
2018-06-01,fixed_3pct,163.8144073486328,0.015699348010492553,3.0,3.0,1263049.9465577863,2088.2294701024875,37891.49839673359,1321357.8782072612,1283466.3798105277,0.016164391050712323,2.9522782203556694,1.4617606290717413,6.014523555037078,3487.214636835708,1
2018-06-04,fixed_3pct,165.2937469482422,0.009030582984444147,3.0,3.0,1263049.9465577863,0.0,37891.49839673359,1333284.4956550058,1295392.9972582723,0.00929250476315957,2.9250967449207903,0.0,6.014523555037078,3518.690344982348,0
2018-06-05,fixed_3pct,165.80589294433594,0.00309839909584797,3.0,3.0,1263049.9465577863,0.0,37891.49839673359,1337409.5286072963,1299518.0302105627,0.0031843872562389297,2.915811671392814,0.0,6.014523555037078,3529.576778949937,0
2018-06-06,fixed_3pct,166.77316284179688,0.005833748609801681,3.0,3.0,1263049.9465577863,0.0,37891.49839673359,1345205.6250619895,1307314.126665256,0.005999221460151638,2.898423387605287,0.0,6.014523555037078,3550.1515695614507,0
2018-06-07,fixed_3pct,165.41708374023438,-0.008131278908758754,3.0,3.0,1263049.9465577863,0.0,37891.49839673359,1334261.3684114243,1296369.8700146908,-0.008371558470405382,2.9228925535197905,0.0,6.014523555037078,3521.268423965106,0
2018-06-08,fixed_3pct,165.426513671875,5.700699968480549e-05,3.0,3.0,1263049.9465577863,0.0,37891.49839673359,1334331.4161252778,1296439.9177285442,5.4033741043957306e-05,2.922734627233803,0.0,6.014523555037078,3521.4532878971686,0
2018-06-11,fixed_3pct,165.8722381591797,0.0026943957012162123,3.0,3.0,1263049.9465577863,0.0,37891.49839673359,1337920.6184333283,1300029.1200365948,0.0027685064760571976,2.914665357316532,0.0,6.014523555037078,3530.925603482239,0
2018-06-12,fixed_3pct,166.7447052001953,0.005259873808288296,3.0,3.0,1263049.9465577863,0.0,37891.49839673359,1344951.8975282395,1307060.399131506,0.005408555075068877,2.8989860317022154,0.0,6.014523555037078,3549.4819535671363,0
2018-06-13,fixed_3pct,166.73524475097656,-5.6736129686374426e-05,3.0,3.0,1263049.9465577863,0.0,37891.49839673359,1344869.5756394044,1306978.0772426708,-6.298246729063983e-05,2.89916862849553,0.0,6.014523555037078,3549.2646966828265,0
2018-06-14,fixed_3pct,168.42327880859375,0.01012403862265776,3.0,3.0,1263049.9465577863,0.0,37891.49839673359,1358479.07264206,1320587.5742453265,0.010412949719376785,2.8692908471736427,0.0,6.014523555037078,3585.181716538206,0
2018-06-15,fixed_3pct,167.8352813720703,-0.0034911886330848407,3.0,3.0,1263049.9465577863,0.0,37891.49839673359,1353730.3514218132,1315838.8530250797,-0.0035959154189078024,2.8796458099426085,0.0,6.014523555037078,3572.6492978660112,0
2018-06-18,fixed_3pct,167.7383270263672,-0.0005776755930607669,3.0,3.0,1263049.9465577863,0.0,37891.49839673359,1352942.3199146562,1315050.8215179227,-0.0005988814704364076,2.8813714098894363,0.0,6.014523555037078,3570.569592548195,0
2018-06-19,fixed_3pct,167.26315307617188,-0.002832828719703473,3.0,3.0,1263049.9465577863,0.0,37891.49839673359,1349103.6515311447,1311212.1531344112,-0.0029190266419366617,2.8898068330250872,0.0,6.014523555037078,3560.4389074448513,0
2018-06-20,fixed_3pct,168.4511260986328,0.007102419155759598,3.0,3.0,1263049.9465577863,0.0,37891.49839673359,1358679.5366253296,1320788.038228596,0.007303078354859771,2.868855357560067,0.0,6.014523555037078,3585.710763928126,0
2018-06-21,fixed_3pct,166.98756408691406,-0.008688348042635186,3.0,3.0,1263049.9465577863,0.0,37891.49839673359,1346868.8414091675,1308977.343012434,-0.008942157919602511,2.8947405850074865,0.0,6.014523555037078,3554.540987815023,0
2018-06-22,fixed_3pct,166.61692810058594,-0.0022195424452997603,3.0,3.0,1263049.9465577863,0.0,37891.49839673359,1343873.394323853,1305981.8959271195,-0.00228838726759073,2.901380066209442,0.0,6.014523555037078,3546.635660203136,0
2018-06-25,fixed_3pct,162.86302185058594,-0.0225301612074722,3.0,3.0,1263049.9465577863,0.0,37891.49839673359,1313589.6955837489,1275698.1971870153,-0.023188452178815044,2.9702556984313704,0.0,6.014523555037078,3466.7135140187174,0
2018-06-26,fixed_3pct,163.52825927734375,0.0040846437650414735,3.0,3.0,1263049.9465577863,0.0,37891.49839673359,1318949.2270200828,1281057.7286233492,0.004201253437648544,2.9578291087203823,0.0,6.014523555037078,3480.857930743066,0
2018-06-27,fixed_3pct,161.3043670654297,-0.013599436707403267,3.0,3.0,1263049.9465577863,0.0,37891.49839673359,1301006.2459633895,1263114.747566656,-0.014006379771796196,2.9998460923467296,0.0,6.014523555037078,3433.50435061059,0
2018-06-28,fixed_3pct,162.69195556640625,0.008602299653881706,3.0,3.0,1263049.9465577863,0.0,37891.49839673359,1312191.8770191832,1274300.3786224497,0.008855593743436474,2.9735138615979406,0.0,6.014523555037078,3463.024510881575,0
2018-06-29,fixed_3pct,163.12908935546875,0.0026868801689710065,3.0,3.0,1263049.9465577863,0.0,37891.49839673359,1315711.564827876,1277820.0664311424,0.0027620550599676275,2.965323474889681,0.0,6.014523555037078,3472.3133697486505,0
2018-07-02,fixed_3pct,164.22201538085938,0.006699761702274154,3.0,3.0,1277820.0664311424,443.1035962006863,38334.60199293427,1324966.1939577952,1286631.591964861,0.006895748286633641,2.9794544322040264,0.3101725173404804,6.084857459195916,3456.319160955445,1
2018-07-03,fixed_3pct,162.3213348388672,-0.011573847377187363,3.0,3.0,1277820.0664311424,0.0,38334.60199293427,1309625.1525915356,1271290.5505986013,-0.011923414178592995,3.0154083954202284,0.0,6.084857459195916,3416.3003774838253,0
2018-07-05,fixed_3pct,164.33604431152344,0.012411858703947898,3.0,3.0,1277820.0664311424,0.0,38334.60199293427,1325873.9500831787,1287539.3480902445,0.012781340570801936,2.9773538222186726,0.0,6.084857459195916,3458.6871420435255,0
2018-07-06,fixed_3pct,166.8925323486328,0.015556465703063793,3.0,3.0,1277820.0664311424,0.0,38334.60199293427,1346493.7778567742,1308159.17586384,0.01601491077082806,2.9304233536885986,0.0,6.084857459195916,3512.4762169304795,0
2018-07-09,fixed_3pct,168.39407348632812,0.008997054071650412,3.0,3.0,1277820.0664311424,0.0,38334.60199293427,1358602.1703258331,1320267.568332899,0.009256054379669143,2.903547955914675,0.0,6.084857459195916,3544.062282363717,0
2018-07-10,fixed_3pct,168.51768493652344,0.0007340605737253814,3.0,3.0,1277820.0664311424,0.0,38334.60199293427,1359593.381756988,1321258.7797640536,0.0007507655682297276,2.901369707437626,0.0,6.084857459195916,3546.6479657401537,0
2018-07-11,fixed_3pct,167.66233825683594,-0.005075708700898018,3.0,3.0,1277820.0664311424,0.0,38334.60199293427,1352686.3969420614,1314351.7949491271,-0.005227579124325588,2.9166165512345223,0.0,6.084857459195916,3528.6303407855517,0
2018-07-12,fixed_3pct,170.55140686035156,0.01723147030843597,3.0,3.0,1277820.0664311424,0.0,38334.60199293427,1375989.0875701346,1337654.4855772003,0.01772941667339145,2.865807456728471,0.0,6.084857459195916,3589.4179567163706,0
2018-07-13,fixed_3pct,170.69395446777344,0.0008358043480614086,3.0,3.0,1277820.0664311424,0.0,38334.60199293427,1377133.0603749515,1338798.4583820172,0.0008552079906667398,2.8633586894970677,0.0,6.084857459195916,3592.4021348357305,0
2018-07-16,fixed_3pct,170.28533935546875,-0.002393846422849344,3.0,3.0,1277820.0664311424,0.0,38334.60199293427,1373830.330467126,1335495.7284741919,-0.0024669358462040547,2.8704398805327274,0.0,6.084857459195916,3583.786602819945,0
2018-07-17,fixed_3pct,171.3212127685547,0.0060831626316553145,3.0,3.0,1277820.0664311424,0.0,38334.60199293427,1382181.478938199,1343846.8769452649,0.006253219904053253,2.8526019333447947,0.0,6.084857459195916,3605.5714865461728,0
2018-07-18,fixed_3pct,170.998046875,-0.0018863157009708642,3.0,3.0,1277820.0664311424,0.0,38334.60199293427,1379568.1634554276,1341233.5614624934,-0.0019446527187024776,2.858160062080006,0.0,6.084857459195916,3598.7543674242547,0
2018-07-19,fixed_3pct,170.1427764892578,-0.005001638330801472,3.0,3.0,1277820.0664311424,0.0,38334.60199293427,1372661.9775916764,1334327.3755987422,-0.0051491299220254305,2.872953271736083,0.0,6.084857459195916,3580.7388266211337,0
2018-07-20,fixed_3pct,170.104736328125,-0.0002235778792243348,3.0,3.0,1277820.0664311424,0.0,38334.60199293427,1372348.9958803754,1334014.3938874411,-0.00023456141050881563,2.8736273138120874,0.0,6.084857459195916,3579.922379612349,0
2018-07-23,fixed_3pct,170.6464080810547,0.003184342568127052,3.0,3.0,1277820.0664311424,0.0,38334.60199293427,1376712.9403488245,1338378.3383558902,0.003271287392733635,2.8642575043485694,0.0,6.084857459195916,3591.306205820466,0
2018-07-24,fixed_3pct,171.34971618652344,0.004121435155756137,3.0,3.0,1277820.0664311424,0.0,38334.60199293427,1382380.8886031033,1344046.286610169,0.004234937231008651,2.8521787065546906,0.0,6.084857459195916,3606.0916684563467,0
2018-07-25,fixed_3pct,173.74462890625,0.013976753349970839,3.0,3.0,1277820.0664311424,0.0,38334.60199293427,1401696.0004613632,1363361.398468429,0.014370868065098241,2.811771114834155,0.0,6.084857459195916,3656.4772492478724,0
2018-07-26,fixed_3pct,171.1121063232422,-0.015151677491154425,3.0,3.0,1277820.0664311424,0.0,38334.60199293427,1380451.8698642724,1342117.2678713382,-0.015582171111017229,2.856278129386918,0.0,6.084857459195916,3601.0596121976523,0
2018-07-27,fixed_3pct,168.80271911621094,-0.01349634024531654,3.0,3.0,1277820.0664311424,0.0,38334.60199293427,1361814.7368788416,1323480.1348859074,-0.013886367034819602,2.896499991383623,0.0,6.084857459195916,3552.442613411892,0
2018-07-30,fixed_3pct,166.4173583984375,-0.014131056242827733,3.0,3.0,1277820.0664311424,0.0,38334.60199293427,1342564.771382236,1304230.1693893017,-0.014544959904717603,2.9392512834513123,0.0,6.084857459195916,3502.226974026478,0
2018-07-31,fixed_3pct,167.69081115722656,0.007652163037825455,3.0,3.0,1277820.0664311424,0.0,38334.60199293427,1352832.2110442345,1314497.6090513002,0.007872413859898897,2.9162930178778446,0.0,6.084857459195916,3529.0107128113254,0
2018-08-01,fixed_3pct,168.3275604248047,0.0037971625468560255,3.0,3.0,1314497.6090513002,1100.3262786047344,39434.92827153901,1359066.60657903,1319631.678307491,0.003905727344681864,2.9883284040374614,0.7702283950233141,6.259512424053811,3446.352424482273,1
2018-08-02,fixed_3pct,170.61790466308594,0.013606472003165448,3.0,3.0,1314497.6090513002,0.0,39434.92827153901,1377552.4487994607,1338117.5205279216,0.014008334692404478,2.9470452084044845,0.0,6.259512424053811,3493.2292492431598,0
2018-08-03,fixed_3pct,171.14065551757812,0.0030638686808659443,3.0,3.0,1314497.6090513002,0.0,39434.92827153901,1381766.8290911636,1342331.9008196245,0.003149484426480109,2.937792676122808,0.0,6.259512424053811,3503.916171919128,0
2018-08-06,fixed_3pct,172.1480255126953,0.005886210918560675,3.0,3.0,1314497.6090513002,0.0,39434.92827153901,1389893.9405750409,1350459.0123035018,0.006054472428849378,2.9201129328815507,0.0,6.259512424053811,3524.5250885321266,0
2018-08-07,fixed_3pct,172.77525329589844,0.003643537480811032,3.0,3.0,1314497.6090513002,0.0,39434.92827153901,1394951.8117294542,1355516.8834579152,0.0037452977901091256,2.9092170486981135,0.0,6.259512424053811,3537.350954778379,0
2018-08-08,fixed_3pct,172.9843292236328,0.0012101034363776186,3.0,3.0,1314497.6090513002,0.0,39434.92827153901,1396633.5881979852,1357198.6599264462,0.001240690167016334,2.905612084355889,0.0,6.259512424053811,3541.6156423085577,0
2018-08-09,fixed_3pct,172.87979125976562,-0.0006043204279622127,3.0,3.0,1314497.6090513002,0.0,39434.92827153901,1395783.314477835,1356348.386206296,-0.0006264917180187624,2.9074335674065592,0.0,6.259512424053811,3539.4594986120474,0
2018-08-10,fixed_3pct,171.5587921142578,-0.007641142645313015,3.0,3.0,1314497.6090513002,0.0,39434.92827153901,1385111.6755575382,1345676.7472859991,-0.007867918765432691,2.9304904280372344,0.0,6.259512424053811,3512.398110679972,0
2018-08-13,fixed_3pct,171.3687286376953,-0.0011078620583661047,3.0,3.0,1314497.6090513002,0.0,39434.92827153901,1383570.9033731641,1344135.975101625,-0.001144979422050274,2.9338496254858053,0.0,6.259512424053811,3508.4909850634003,0
2018-08-14,fixed_3pct,172.44261169433594,0.006266505360560837,3.0,3.0,1314497.6090513002,0.0,39434.92827153901,1392234.798343444,1352799.870071905,0.0064456983004452795,2.915060028017517,0.0,6.259512424053811,3530.4610896129057,0
2018-08-15,fixed_3pct,170.3328094482422,-0.012234808005770037,3.0,3.0,1314497.6090513002,0.0,39434.92827153901,1375194.813374336,1335759.885102797,-0.012596087082860308,2.952246785619272,0.0,6.259512424053811,3487.250702993778,0
2018-08-16,fixed_3pct,170.8935546875,0.0032920565396310497,3.0,3.0,1314497.6090513002,0.0,39434.92827153901,1379715.772940548,1340280.8446690089,0.003384560066994169,2.942288433681056,0.0,6.259512424053811,3498.715056460029,0
2018-08-17,fixed_3pct,170.93154907226562,0.00022232778079378512,3.0,3.0,1314497.6090513002,0.0,39434.92827153901,1380016.262574048,1340581.334302509,0.00022419900627190792,2.941628923399609,0.0,6.259512424053811,3499.477044998289,0
2018-08-20,fixed_3pct,170.7794647216797,-0.0008897383274847348,3.0,3.0,1314497.6090513002,0.0,39434.92827153901,1378782.1497002596,1339347.2214287205,-0.0009205803797279755,2.944339424505068,0.0,6.259512424053811,3496.347553129328,0
2018-08-21,fixed_3pct,171.40673828125,0.003673003429262245,3.0,3.0,1314497.6090513002,0.0,39434.92827153901,1383840.16175189,1344405.233480351,0.0037764755626512603,2.9332620321219065,0.0,6.259512424053811,3509.1737766659917,0
2018-08-22,fixed_3pct,172.0719757080078,0.003881045946199979,3.0,3.0,1314497.6090513002,0.0,39434.92827153901,1389204.649489422,1349769.721217883,0.003990231221909557,2.921604156000572,0.0,6.259512424053811,3522.77716831056,0
2018-08-23,fixed_3pct,171.8249053955078,-0.0014358544526695827,3.0,3.0,1314497.6090513002,0.0,39434.92827153901,1387203.6942953593,1347768.7660238203,-0.001482441902947218,2.925941694574189,0.0,6.259512424053811,3517.7031000118045,0
2018-08-24,fixed_3pct,173.42147827148438,0.009291859479285458,3.0,3.0,1314497.6090513002,0.0,39434.92827153901,1400087.1365794735,1360652.2083079345,0.009559089518095032,2.898237185869788,0.0,6.259512424053811,3550.373229891089,0
2018-08-27,fixed_3pct,175.18919372558594,0.01019317486922966,3.0,3.0,1314497.6090513002,0.0,39434.92827153901,1414352.210082363,1374917.281810824,0.01048399687722501,2.868167328553871,0.0,6.259512424053811,3586.5469320585275,0
2018-08-28,fixed_3pct,175.44569396972656,0.0014641327965834172,3.0,3.0,1314497.6090513002,0.0,39434.92827153901,1416416.750026641,1376981.821755102,0.0015015739285484386,2.8638670205010563,0.0,6.259512424053811,3591.782240032367,0
2018-08-29,fixed_3pct,177.47006225585938,0.011538432436433155,3.0,3.0,1314497.6090513002,0.0,39434.92827153901,1432753.7194862317,1393318.7912146926,0.011864331976995546,2.830287549424329,0.0,6.259512424053811,3633.209903719489,0
2018-08-30,fixed_3pct,177.15643310546875,-0.001767222856655426,3.0,3.0,1314497.6090513002,0.0,39434.92827153901,1430215.4648527736,1390780.5365812345,-0.0018217328650576015,2.835452987318653,0.0,6.259512424053811,3626.7733391187357,0
2018-08-31,fixed_3pct,177.38449096679688,0.001287324752087038,3.0,3.0,1314497.6090513002,0.0,39434.92827153901,1432050.3571090722,1392615.428837533,0.0013193255211991772,2.831717030771143,0.0,6.259512424053811,3631.4263011925195,0
2018-09-04,fixed_3pct,176.6241912841797,-0.004286167739204982,3.0,3.0,1392615.428837533,2343.5345935869846,41778.46286512599,1428237.5739338205,1386459.1110686944,-0.004420687607904483,3.0133209505848897,1.6404742155108891,6.631502042083491,3418.5977079736517,1
2018-09-05,fixed_3pct,174.34332275390625,-0.012913681380166242,3.0,3.0,1392615.428837533,0.0,41778.46286512599,1409787.1374668155,1368008.6746016894,-0.013307595095814362,3.0539618381652622,0.0,6.631502042083491,3374.435153390041,0
2018-09-06,fixed_3pct,172.78475952148438,-0.008939621017903021,3.0,3.0,1392615.428837533,0.0,41778.46286512599,1397177.5432399057,1355399.0803747796,-0.00921748119073973,3.0823735584632304,0.0,6.631502042083491,3344.253108953372,0
2018-09-07,fixed_3pct,172.1195068359375,-0.003850181505528849,3.0,3.0,1392615.428837533,0.0,41778.46286512599,1391791.5246009412,1350013.0617358151,-0.003973751138650061,3.0946710109166076,0.0,6.631502042083491,3331.361254467599,0
2018-09-10,fixed_3pct,172.69921875,0.0033680779402596173,3.0,3.0,1392615.428837533,0.0,41778.46286512599,1396472.5554303478,1354694.0925652217,0.0034673966956939584,3.083977637048312,0.0,6.631502042083491,3342.565665803934,0
2018-09-11,fixed_3pct,174.0297088623047,0.0077040887731560925,3.0,3.0,1392615.428837533,0.0,41778.46286512599,1407224.4724646173,1365446.0095994913,0.007936785945460212,3.0596935046432434,0.0,6.631502042083491,3368.301215407518,0
2018-09-12,fixed_3pct,173.51658630371094,-0.002948476797141275,3.0,3.0,1392615.428837533,0.0,41778.46286512599,1403068.672257144,1361290.209392018,-0.003043547806545921,3.0690342571247298,0.0,6.631502042083491,3358.353984412233,0
2018-09-13,fixed_3pct,175.36972045898438,0.01067986752591965,3.0,3.0,1392615.428837533,0.0,41778.46286512599,1418046.6283045763,1376268.1654394502,0.011002764835957857,3.0356338912907934,0.0,6.631502042083491,3394.2048870550275,0
2018-09-14,fixed_3pct,174.85655212402344,-0.002926208319303125,3.0,3.0,1392615.428837533,0.0,41778.46286512599,1413890.4969616297,1372112.0340965036,-0.0030198557572677087,3.044828835178602,0.0,6.631502042083491,3384.256863461235,0
2018-09-17,fixed_3pct,172.3380889892578,-0.014403024102747408,3.0,3.0,1392615.428837533,0.0,41778.46286512599,1393519.5665532039,1351741.1036880778,-0.014846404595408647,3.0907148381548826,0.0,6.631502042083491,3335.4974572710416,0
2018-09-18,fixed_3pct,173.7635955810547,0.008271570145388596,3.0,3.0,1392615.428837533,0.0,41778.46286512599,1405039.5298948782,1363261.067029752,0.00852231489465205,3.064597374305725,0.0,6.631502042083491,3363.0713854427518,0
2018-09-19,fixed_3pct,173.63050842285156,-0.0007659093250118598,3.0,3.0,1392615.428837533,0.0,41778.46286512599,1403956.7655148793,1362178.3026497532,-0.0007942458023524335,3.0670333526717597,0.0,6.631502042083491,3360.479704692087,0
2018-09-20,fixed_3pct,175.55030822753906,0.011056811513862064,3.0,3.0,1392615.428837533,0.0,41778.46286512599,1419473.4193427467,1377694.9564776206,0.011391059303825335,3.0324900783510014,0.0,6.631502042083491,3397.6200223671535,0
2018-09-21,fixed_3pct,174.59042358398438,-0.005467860770204558,3.0,3.0,1392615.428837533,0.0,41778.46286512599,1411705.3048167324,1369926.8419516063,-0.005638486581873825,3.0496856901940936,0.0,6.631502042083491,3379.026436118918,0
2018-09-24,fixed_3pct,175.07595825195312,0.002780992553896855,3.0,3.0,1392615.428837533,0.0,41778.46286512599,1415624.6152556823,1373846.1523905562,0.002860963314921472,3.04098554211689,0.0,6.631502042083491,3388.407610461312,0
2018-09-25,fixed_3pct,175.31394958496094,0.0013593604477966093,3.0,3.0,1392615.428837533,0.0,41778.46286512599,1417542.327864546,1375763.86499942,0.0013958714413013773,3.0367466342157203,0.0,6.631502042083491,3392.9978047321138,0
2018-09-26,fixed_3pct,175.43777465820312,0.0007063047380733156,3.0,3.0,1392615.428837533,0.0,41778.46286512599,1418536.9132250943,1376758.4503599682,0.0007229331906815073,3.034552855237792,0.0,6.631502042083491,3395.3784221419955,0
2018-09-27,fixed_3pct,176.92298889160156,0.008465760787789378,3.0,3.0,1392615.428837533,0.0,41778.46286512599,1430539.275899065,1388760.8130339389,0.008717842022929023,3.0083267379827054,0.0,6.631502042083491,3424.1070106319976,0
2018-09-28,fixed_3pct,176.8849334716797,-0.0002150959587574608,3.0,3.0,1392615.428837533,0.0,41778.46286512599,1430224.9411799333,1388446.4783148072,-0.00022634186980330373,3.0090078024349616,0.0,6.631502042083491,3423.3546260357853,0
2018-10-01,fixed_3pct,177.24668884277344,0.002045145191247544,3.0,3.0,1388446.4783148072,-125.06851568177808,41653.394349444214,1433017.9351649284,1391364.5408154842,0.0021016744586501712,2.9937081999395354,0.08754796097724465,6.611649896737177,3440.3389148621673,-1
2018-10-02,fixed_3pct,176.8468475341797,-0.0022558464206258177,3.0,3.0,1388446.4783148072,0.0,41653.394349444214,1429778.6551352972,1388125.260785853,-0.002328131797675881,3.0006942115485433,0.0,6.611649896737177,3432.5621656194626,0
2018-10-03,fixed_3pct,177.0372314453125,0.0010765468188287386,3.0,3.0,1388446.4783148072,0.0,41653.394349444214,1431311.2671482156,1389657.8727987714,0.0011040876902208563,2.9973848358484285,0.0,6.611649896737177,3436.2416064834188,0
2018-10-04,fixed_3pct,173.63836669921875,-0.01919858731604529,3.0,3.0,1388446.4783148072,0.0,41653.394349444214,1403825.5011595343,1362172.1068100901,-0.019778800614661307,3.057865752881064,0.0,6.611649896737177,3370.2547489464464,0
2018-10-05,fixed_3pct,171.51527404785156,-0.012227094113623327,3.0,3.0,1388446.4783148072,0.0,41653.394349444214,1386654.1829878555,1345000.7886384113,-0.012605835992259617,3.0969048272165938,0.0,6.611649896737177,3329.030453928319,0
2018-10-08,fixed_3pct,170.46798706054688,-0.006106085846398157,3.0,3.0,1388446.4783148072,0.0,41653.394349444214,1378180.5418573678,1336527.1475079237,-0.006300101235677258,3.1165393405671376,0.0,6.611649896737177,3308.6872351754855,0
2018-10-09,fixed_3pct,171.02015686035156,0.0032391407285672358,3.0,3.0,1388446.4783148072,0.0,41653.394349444214,1382638.0509319203,1340984.656582476,0.003335142935827262,3.106179786993138,0.0,6.611649896737177,3319.388665741161,0
2018-10-10,fixed_3pct,163.4988250732422,-0.04397921230566404,3.0,3.0,1388446.4783148072,0.0,41653.394349444214,1321824.106898199,1280170.7125487549,-0.0453502161528877,3.2537374852541676,0.0,6.611649896737177,3173.388693869642,0
2018-10-11,fixed_3pct,161.47093200683594,-0.012403104826581024,3.0,3.0,1388446.4783148072,0.0,41653.394349444214,1305422.7722881422,1263769.377938698,-0.012811833960333807,3.2959648395171595,0.0,6.611649896737177,3134.0129482282173,0
2018-10-12,fixed_3pct,165.9647216796875,0.02783033216567632,3.0,3.0,1388446.4783148072,0.0,41653.394349444214,1341746.5100076625,1300093.1156582183,0.028742378438356253,3.2038777721206304,0.0,6.611649896737177,3221.217696573066,0
2018-10-15,fixed_3pct,163.955810546875,-0.012104446731093232,3.0,3.0,1388446.4783148072,0.0,41653.394349444214,1325498.7992007479,1283845.4048513037,-0.012497343929621985,3.2444244604566355,0.0,6.611649896737177,3182.21076553977,0
2018-10-16,fixed_3pct,168.72569274902344,0.029092486483025315,3.0,3.0,1388446.4783148072,0.0,41653.394349444214,1364054.2434498651,1322400.849100421,0.030031220350539733,3.149831186041618,0.0,6.611649896737177,3274.7733162065,0
2018-10-17,fixed_3pct,168.7923126220703,0.000394841306984306,3.0,3.0,1388446.4783148072,0.0,41653.394349444214,1364586.2167602496,1322932.8224108054,0.0004022784095656373,3.148564586487351,0.0,6.611649896737177,3276.050458966875,0
2018-10-18,fixed_3pct,164.87936401367188,-0.023182030908952656,3.0,3.0,1388446.4783148072,0.0,41653.394349444214,1332945.725255486,1291292.330906042,-0.02391692984614624,3.2257137560956393,0.0,6.611649896737177,3200.0890829519435,0
2018-10-19,fixed_3pct,164.72703552246094,-0.0009238784496906627,3.0,3.0,1388446.4783148072,0.0,41653.394349444214,1331707.6337754186,1290054.2394259744,-0.0009588003044971316,3.2288095396654337,0.0,6.611649896737177,3197.1167165952415,0
2018-10-22,fixed_3pct,165.57432556152344,0.005143600359073908,3.0,3.0,1388446.4783148072,0.0,41653.394349444214,1338550.7939887906,1296897.3996393464,0.005304552323642575,3.211772524258865,0.0,6.611649896737177,3213.5455342708487,0
2018-10-23,fixed_3pct,164.9650115966797,-0.0036800026983491163,3.0,3.0,1388446.4783148072,0.0,41653.394349444214,1333618.3118051377,1291964.9174556935,-0.003803294065532592,3.2240344754464028,0.0,6.611649896737177,3201.703805017591,0
2018-10-24,fixed_3pct,157.4150848388672,-0.04576683676579363,3.0,3.0,1388446.4783148072,0.0,41653.394349444214,1272576.2085709819,1230922.8142215377,-0.047247492876484554,3.3839160236693417,0.0,6.611649896737177,3055.1560765850577,0
2018-10-25,fixed_3pct,162.86093139648438,0.03459545546852549,3.0,3.0,1388446.4783148072,0.0,41653.394349444214,1316594.9504750075,1274941.5561255633,0.03576076533431061,3.26708264777448,0.0,6.611649896737177,3160.834719566078,0
2018-10-26,fixed_3pct,158.67184448242188,-0.025721865140659106,3.0,3.0,1388446.4783148072,0.0,41653.394349444214,1282723.06106412,1241069.6667146757,-0.026567405578826198,3.3562494891771784,0.0,6.611649896737177,3079.516282161613,0
2018-10-29,fixed_3pct,155.40625,-0.02058080621091951,3.0,3.0,1388446.4783148072,0.0,41653.394349444214,1256316.974672185,1214663.5803227408,-0.021276876794383615,3.429212419324925,0.0,6.611649896737177,3016.1214813192005,0
2018-10-30,fixed_3pct,157.96731567382812,0.016479811293484747,3.0,3.0,1388446.4783148072,0.0,41653.394349444214,1277014.2296896875,1235360.8353402433,0.01703949583472575,3.3717593400937007,0.0,6.611649896737177,3065.8107211536935,0
2018-10-31,fixed_3pct,161.68040466308594,0.02350542562187119,3.0,3.0,1388446.4783148072,0.0,41653.394349444214,1307024.381033833,1265370.9866843887,0.02429262000675303,3.2917930620953526,0.0,6.611649896737177,3137.858034014634,0
2018-11-01,fixed_3pct,163.81297302246094,0.01319002363841748,3.0,3.0,1265370.9866843887,-3692.264748912552,37961.12960053166,1320514.4534552344,1282553.3238547028,0.013578892950071753,2.959809069492707,2.584585324238786,6.0255761270685175,3478.596309833573,-1
2018-11-02,fixed_3pct,161.261474609375,-0.01557567978902441,3.0,3.0,1265370.9866843887,0.0,37961.12960053166,1299940.51759531,1261979.3879947783,-0.016041388281689217,3.008062569139896,0.0,6.0255761270685175,3424.39893458045,0
2018-11-05,fixed_3pct,160.86155700683594,-0.0024799326901095986,3.0,3.0,1265370.9866843887,0.0,37961.12960053166,1296710.7270344005,1258749.5974338688,-0.002559305319591254,3.015780873171325,0.0,6.0255761270685175,3415.8907827027347,0
2018-11-06,fixed_3pct,162.08026123046875,0.007576106102100022,3.0,3.0,1265370.9866843887,0.0,37961.12960053166,1306528.7195100174,1268567.5899094858,0.007799797907091621,2.992440442471043,0.0,6.0255761270685175,3441.7540606898037,0
2018-11-07,fixed_3pct,167.1643524169922,0.03136773810658022,3.0,3.0,1265370.9866843887,0.0,37961.12960053166,1347505.5446362062,1309544.4150356746,0.032301649082105754,2.89880428373997,0.0,6.0255761270685175,3549.6982276769077,0
2018-11-08,fixed_3pct,166.09800720214844,-0.006379022796581313,3.0,3.0,1265370.9866843887,0.0,37961.12960053166,1338903.7504723251,1300942.6208717935,-0.00656853945931013,2.917971091998891,0.0,6.0255761270685175,3527.038748745699,0
2018-11-09,fixed_3pct,163.2989501953125,-0.016851839790162915,3.0,3.0,1265370.9866843887,0.0,37961.12960053166,1316334.7333987902,1278373.6037982586,-0.01734820330385578,2.9694863448167963,0.0,6.0255761270685175,3467.585783802267,0
2018-11-12,fixed_3pct,158.357666015625,-0.030259130103270748,3.0,3.0,1265370.9866843887,0.0,37961.12960053166,1276497.5638652951,1238536.4342647635,-0.031162384310136182,3.0649990222586108,0.0,6.0255761270685175,3362.64378141007,0
2018-11-13,fixed_3pct,158.49087524414062,0.0008411921687609958,3.0,3.0,1265370.9866843887,0.0,37961.12960053166,1277565.3180433342,1239604.1884428025,0.0008621096226957281,3.06235893315419,0.0,6.0255761270685175,3365.456538009452,0
2018-11-14,fixed_3pct,157.28179931640625,-0.007628678470428696,3.0,3.0,1265370.9866843887,0.0,37961.12960053166,1267813.1574308835,1229852.0278303518,-0.007867156874244996,3.0866420302205735,0.0,6.0255761270685175,3339.7666791589027,0
2018-11-15,fixed_3pct,160.0332794189453,0.01749395107697027,3.0,3.0,1265370.9866843887,0.0,37961.12960053166,1289986.1932055915,1252025.0636050599,0.018029027291864175,3.031978408741038,0.0,6.0255761270685175,3398.176521036731,0
2018-11-16,fixed_3pct,159.47158813476562,-0.003509840492047056,3.0,3.0,1265370.9866843887,0.0,37961.12960053166,1285452.52185437,1247491.3922538382,-0.0036210707620879523,3.0429973173560283,0.0,6.0255761270685175,3386.2335904682,0
2018-11-19,fixed_3pct,154.29232788085938,-0.03247763638955792,3.0,3.0,1265370.9866843887,0.0,37961.12960053166,1243698.0366774164,1205736.9070768848,-0.033470760148104794,3.1483758502974184,0.0,6.0255761270685175,3276.2408541709938,0
2018-11-20,fixed_3pct,151.5313262939453,-0.01789461358730704,3.0,3.0,1265370.9866843887,0.0,37961.12960053166,1221436.5153156547,1183475.385715123,-0.01846300070197837,3.2075977294275027,0.0,6.0255761270685175,3217.597917050782,0
2018-11-21,fixed_3pct,152.6833038330078,0.0076022401917597016,3.0,3.0,1265370.9866843887,0.0,37961.12960053166,1230716.1435079433,1192755.0139074116,0.007840998050568926,3.1826426347329044,0.0,6.0255761270685175,3242.0429962408352,0
2018-11-23,fixed_3pct,151.57894897460938,-0.007232977219344794,3.0,3.0,1265370.9866843887,0.0,37961.12960053166,1221808.3761023434,1183847.2465018118,-0.007468228849794034,3.20659018405493,0.0,6.0255761270685175,3218.577500089016,0
2018-11-26,fixed_3pct,155.08255004882812,0.02311403461971251,3.0,3.0,1265370.9866843887,0.0,37961.12960053166,1250043.2716301007,1212082.142029569,0.023850117159278206,3.1318941418415513,0.0,6.0255761270685175,3292.9559388364282,0
2018-11-27,fixed_3pct,155.60618591308594,0.003376497640082299,3.0,3.0,1265370.9866843887,0.0,37961.12960053166,1254258.0142106335,1216296.8846101018,0.0034772747113289704,3.1210414234268593,0.0,6.0255761270685175,3304.058723776932,0
2018-11-28,fixed_3pct,160.6140594482422,0.032182997775894284,3.0,3.0,1265370.9866843887,0.0,37961.12960053166,1294617.7715162449,1256656.6419157132,0.033182488433775026,3.0208036415310495,0.0,6.0255761270685175,3410.377365319796,0
2018-11-29,fixed_3pct,160.09046936035156,-0.0032599268687268923,3.0,3.0,1265370.9866843887,0.0,37961.12960053166,1290391.3866820207,1252430.257081489,-0.003363197784703731,3.030997485559927,0.0,6.0255761270685175,3399.243911498219,0
2018-11-30,fixed_3pct,161.25193786621094,0.007255075898646934,3.0,3.0,1265370.9866843887,0.0,37961.12960053166,1299747.248555232,1261786.1189547004,0.007470165959590602,3.008523317087982,0.0,6.0255761270685175,3423.8898110582795,0
2018-12-03,fixed_3pct,164.07008361816406,0.017476662849728486,3.0,3.0,1261786.1189547004,-107.54603189064801,37853.583568641014,1322346.9823272305,1284493.3987585895,0.017996140124524773,2.9469659871529865,0.07528222232345361,6.008505328355717,3493.3204670817495,-1
2018-12-04,fixed_3pct,157.77688598632812,-0.038356764944923905,3.0,3.0,1261786.1189547004,0.0,37853.583568641014,1271620.0214451472,1233766.4378765062,-0.039491803485412036,3.0681320553501688,0.0,6.008505328355717,3359.31212203273,0
2018-12-06,fixed_3pct,158.89080810546875,0.007060109674348336,3.0,3.0,1261786.1189547004,0.0,37853.583568641014,1280591.7897553188,1242738.2061866778,0.007271853111528337,3.0459821207874604,0.0,6.008505328355717,3383.0133610287758,0
2018-12-07,fixed_3pct,153.6448974609375,-0.03301582204207254,3.0,3.0,1261786.1189547004,0.0,37853.583568641014,1238305.9906108896,1200452.4070422486,-0.03402631297076031,3.1532764936435167,0.0,6.008505328355717,3271.3045209192233,0
2018-12-10,fixed_3pct,155.25390625,0.010472256584189932,3.0,3.0,1261786.1189547004,0.0,37853.583568641014,1251267.840168978,1213414.256600337,0.010797470588629787,3.11959278232783,0.0,6.008505328355717,3305.5465882114368,0
2018-12-11,fixed_3pct,155.76806640625,0.0033117373254496485,3.0,3.0,1261786.1189547004,0.0,37853.583568641014,1255405.702074072,1217552.118505431,0.003410098309448939,3.1089908179952923,0.0,6.008505328355717,3316.4778172127562,0
2018-12-12,fixed_3pct,157.13900756835938,0.008801169544814691,3.0,3.0,1261786.1189547004,0.0,37853.583568641014,1266448.7320002248,1228595.1484315838,0.009069862191778855,3.081046153972254,0.0,6.008505328355717,3345.6508277577896,0
2018-12-13,fixed_3pct,157.18658447265625,0.00030276953528662887,3.0,3.0,1261786.1189547004,0.0,37853.583568641014,1266826.1655889484,1228972.5820203074,0.00030720745495815827,3.0800999243134886,0.0,6.008505328355717,3346.647915888268,0
2018-12-14,fixed_3pct,153.3592529296875,-0.024348970720427743,3.0,3.0,1261786.1189547004,0.0,37853.583568641014,1235974.243869823,1198120.660301182,-0.0251038323966577,3.159413306429874,0.0,6.008505328355717,3265.144610756851,0
2018-12-17,fixed_3pct,149.8842315673828,-0.022659352441537495,3.0,3.0,1261786.1189547004,0.0,37853.583568641014,1207961.8593639855,1170108.2757953445,-0.023380269979482504,3.2350496404199194,0.0,6.008505328355717,3191.142675233252,0
2018-12-18,fixed_3pct,150.82681274414062,0.006288728086343509,3.0,3.0,1261786.1189547004,0.0,37853.583568641014,1215552.3945308712,1177698.8109622302,0.006487036562258464,3.2141990138983854,0.0,6.008505328355717,3211.1950307866477,0
2018-12-19,fixed_3pct,147.12322998046875,-0.02455520140145473,3.0,3.0,1261786.1189547004,0.0,37853.583568641014,1185698.2521638167,1147844.6685951757,-0.025349556345957702,3.29779669708875,0.0,6.008505328355717,3132.327617050458,0
2018-12-20,fixed_3pct,144.99063110351562,-0.014495323935154514,3.0,3.0,1261786.1189547004,0.0,37853.583568641014,1168505.1634040272,1130651.5798353862,-0.014978584847052279,3.347944162794359,0.0,6.008505328355717,3086.9076405544074,0
2018-12-21,fixed_3pct,140.496826171875,-0.030993760751563904,3.0,3.0,1261786.1189547004,0.0,37853.583568641014,1132282.7854271873,1094429.2018585464,-0.03203672875256014,3.4587512380296976,0.0,6.008505328355717,2991.2168906650168,0
2018-12-24,fixed_3pct,137.0128173828125,-0.024797775750467044,3.0,3.0,1261786.1189547004,0.0,37853.583568641014,1104198.6823227215,1066345.0987540805,-0.025660959207570277,3.549843630628509,0.0,6.008505328355717,2917.0254919734234,0
2018-12-26,fixed_3pct,145.56773376464844,0.062438803502110174,3.0,3.0,1261786.1189547004,0.0,37853.583568641014,1173137.5183702304,1135283.9348015895,0.06464964871884082,3.334283381298493,0.0,6.008505328355717,3099.1452004615253,0
2018-12-27,fixed_3pct,146.13108825683594,0.0038700505779551975,3.0,3.0,1261786.1189547004,0.0,37853.583568641014,1177671.6113958918,1139818.0278272508,0.003993796517920201,3.3210199035716648,0.0,6.008505328355717,3111.123176119865,0
2018-12-28,fixed_3pct,146.05465698242188,-0.0005230322673005494,3.0,3.0,1261786.1189547004,0.0,37853.583568641014,1177049.6426375196,1139196.0590688786,-0.0005456737331640538,3.3228330863065505,0.0,6.008505328355717,3109.4800852953354,0
2018-12-31,fixed_3pct,147.28636169433594,0.008433176574864643,3.0,3.0,1261786.1189547004,0.0,37853.583568641014,1186969.9016059348,1149116.3180372939,0.008708122618088732,3.2941472481476413,0.0,6.008505328355717,3135.687006894783,0
2019-01-02,fixed_3pct,147.8783721923828,0.004019452250952238,3.0,3.0,1149116.3180372939,-3380.0940275221947,34473.48954111882,1188339.3427361131,1153865.8531949944,0.004133206606806272,2.987651419414443,2.366065819265536,5.471982466844257,3447.110688689353,-1
2019-01-03,fixed_3pct,143.04713439941406,-0.03267034740336161,3.0,3.0,1149116.3180372939,0.0,34473.48954111882,1149510.4115933753,1115036.9220522565,-0.03365116580512595,3.0916904058808568,0.0,5.471982466844257,3334.4765119361587,0
2019-01-04,fixed_3pct,149.16725158691406,0.04278392023157562,3.0,3.0,1149116.3180372939,0.0,34473.48954111882,1198685.5013658851,1164212.0118247664,0.044101759143546415,2.9611006578677754,0.0,5.471982466844257,3477.122616021025,0
2019-01-07,fixed_3pct,150.94325256347656,0.011906105111333387,3.0,3.0,1149116.3180372939,0.0,34473.48954111882,1212951.704958112,1178478.2154169932,0.012253956708337288,2.9252547132507414,0.0,5.471982466844257,3518.505730356493,0
2019-01-08,fixed_3pct,152.30856323242188,0.009045191790677531,3.0,3.0,1149116.3180372939,0.0,34473.48954111882,1223917.6137798207,1189444.124238702,0.009305143428407492,2.8982857486629237,0.0,5.471982466844257,3550.315416488293,0
2019-01-09,fixed_3pct,153.54983520507812,0.00814971887537319,3.0,3.0,1149116.3180372939,0.0,34473.48954111882,1233886.726276277,1199413.2367351584,0.008381320562524941,2.874196189042967,0.0,5.471982466844257,3579.2336160357036,0
2019-01-10,fixed_3pct,153.98902893066406,0.0028602682966045734,3.0,3.0,1149116.3180372939,0.0,34473.48954111882,1237410.5013785795,1202937.0118374608,0.002937915802808888,2.8657767781590904,0.0,5.471982466844257,3589.455311457919,0
2019-01-11,fixed_3pct,153.42568969726562,-0.0036583075905497475,3.0,3.0,1149116.3180372939,0.0,34473.48954111882,1232878.2011662936,1198404.7116251749,-0.0037676953719820716,2.876614987133086,0.0,5.471982466844257,3576.3081068302004,0
2019-01-14,fixed_3pct,152.06988525390625,-0.008836880225434274,3.0,3.0,1149116.3180372939,0.0,34473.48954111882,1221977.9321875714,1187504.4426464527,-0.009095649301929187,2.9030198374914518,0.0,5.471982466844257,3544.6888274250196,0
2019-01-15,fixed_3pct,155.03932189941406,0.01952678954514786,3.0,3.0,1149116.3180372939,0.0,34473.48954111882,1245833.7661157462,1211360.2765746275,0.02008904815127277,2.8458494312360783,0.0,5.471982466844257,3613.8893471453116,0
2019-01-16,fixed_3pct,155.01063537597656,-0.00018502740521597616,3.0,3.0,1149116.3180372939,0.0,34473.48954111882,1245597.7807442045,1211124.2912030858,-0.00019481022789435976,2.8464039398362773,0.0,5.471982466844257,3613.204805560799,0
2019-01-17,fixed_3pct,156.2327880859375,0.007884315208415371,3.0,3.0,1149116.3180372939,0.0,34473.48954111882,1255412.9942880278,1220939.504746909,0.008104216565645084,2.8235215100411466,0.0,5.471982466844257,3641.6765781445283,0
2019-01-18,fixed_3pct,157.77955627441406,0.009900406997958466,3.0,3.0,1149116.3180372939,0.0,34473.48954111882,1267836.6218995382,1233363.1323584195,0.010175465338952971,2.795080267658001,0.0,5.471982466844257,3677.7147854072196,0
2019-01-22,fixed_3pct,154.61912536621094,-0.020030674333412546,3.0,3.0,1149116.3180372939,0.0,34473.48954111882,1242435.527435828,1207962.0378947093,-0.02059498439452989,2.8538553745613373,0.0,5.471982466844257,3604.031805233679,0
2019-01-23,fixed_3pct,154.81968688964844,0.0012971326992212706,3.0,3.0,1149116.3180372939,0.0,34473.48954111882,1244041.6592026725,1209568.1696615538,0.0013296210613074066,2.8500658669585164,0.0,5.471982466844257,3608.6908397214083,0
2019-01-24,fixed_3pct,155.8221893310547,0.006475290459157179,3.0,3.0,1149116.3180372939,0.0,34473.48954111882,1252091.7183068348,1217618.228765716,0.0066553165882454746,2.831223180361233,0.0,5.471982466844257,3632.042288070031,0
2019-01-25,fixed_3pct,157.68405151367188,0.011948633186391389,3.0,3.0,1149116.3180372939,0.0,34473.48954111882,1267047.0309821349,1232573.5414410161,0.012282431653852566,2.7968708058438008,0.0,5.471982466844257,3675.4243560717687,0
2019-01-28,fixed_3pct,155.73631286621094,-0.012352160086982922,3.0,3.0,1149116.3180372939,0.0,34473.48954111882,1251390.7912352404,1216917.3016941217,-0.01270207352381636,2.8328539246772833,0.0,5.471982466844257,3630.0090530221014,0
2019-01-29,fixed_3pct,154.26588439941406,-0.00944178297106646,3.0,3.0,1149116.3180372939,0.0,34473.48954111882,1239569.9589899394,1205096.4694488207,-0.009713751484052957,2.8606414851489927,0.0,5.471982466844257,3595.7194223445877,0
2019-01-30,fixed_3pct,158.19007873535156,0.0254378623712892,3.0,3.0,1149116.3180372939,0.0,34473.48954111882,1271096.4970238432,1236623.0074827245,0.026161007714447404,2.787712126696819,0.0,5.471982466844257,3687.1709651200877,0
2019-01-31,fixed_3pct,160.5579833984375,0.014968730542497477,3.0,3.0,1149116.3180372939,0.0,34473.48954111882,1290117.725998839,1255644.2364577202,0.015381590719159677,2.7454822425157213,0.0,5.471982466844257,3742.347360745218,0
2019-02-01,fixed_3pct,159.880126953125,-0.004221879416798302,3.0,3.0,1255644.2364577202,3195.8375526127857,37669.327093731605,1287845.1427381807,1250175.815644449,-0.004355071806563582,3.0131223642583076,2.23708628682895,5.979258268846287,3418.816427311455,1
2019-02-04,fixed_3pct,161.8660888671875,0.012421568283122353,3.0,3.0,1255644.2364577202,0.0,37669.327093731605,1303836.2198585216,1266166.89276479,0.012791062601141157,2.9750680821765303,0.0,5.979258268846287,3461.267615994891,0
2019-02-05,fixed_3pct,163.2982635498047,0.008847898238848018,3.0,3.0,1255644.2364577202,0.0,37669.327093731605,1315366.4507936852,1277697.1236999535,0.009106406905006192,2.9482203876806747,0.0,5.979258268846287,3491.876686622761,0
2019-02-06,fixed_3pct,162.81130981445312,-0.0029819896719418537,3.0,3.0,1255644.2364577202,0.0,37669.327093731605,1311438.0623643307,1273768.7352705991,-0.003074585014309683,2.957312897598255,0.0,5.979258268846287,3481.4480733916844,0
2019-02-07,fixed_3pct,160.6248321533203,-0.013429519507119125,3.0,3.0,1255644.2364577202,0.0,37669.327093731605,1293820.1000651617,1256150.77297143,-0.01383136656704509,2.998790265011313,0.0,5.979258268846287,3434.6780255611757,0
2019-02-08,fixed_3pct,160.93991088867188,0.001961581725114625,3.0,3.0,1255644.2364577202,0.0,37669.327093731605,1296352.0546707667,1258682.727577035,0.002015645462380089,2.9927579260776125,0.0,5.979258268846287,3441.3995541918966,0
2019-02-11,fixed_3pct,160.7871551513672,-0.0009491476443674873,3.0,3.0,1255644.2364577202,0.0,37669.327093731605,1295115.6459135362,1257446.3188198046,-0.0009823037451308636,2.9957006140100457,0.0,5.979258268846287,3438.117284895835,0
2019-02-12,fixed_3pct,163.16461181640625,0.014786359412857886,3.0,3.0,1255644.2364577202,0.0,37669.327093731605,1314259.7120769606,1276590.384983229,0.015224559392239101,2.950776344302991,0.0,5.979258268846287,3488.9386497579912,0
2019-02-13,fixed_3pct,163.2791748046875,0.0007021313445720878,3.0,3.0,1255644.2364577202,0.0,37669.327093731605,1315176.5157574492,1277507.1886637176,0.0007181658982184924,2.9486587181661195,0.0,5.979258268846287,3491.372469927402,0
2019-02-14,fixed_3pct,163.47970581054688,0.0012281480850160342,3.0,3.0,1255644.2364577202,0.0,37669.327093731605,1316785.768018466,1279116.4409247343,0.0012596815699330577,2.94494902016103,0.0,5.979258268846287,3495.644519324548,0
2019-02-15,fixed_3pct,164.16709899902344,0.004204761594525763,3.0,3.0,1255644.2364577202,0.0,37669.327093731605,1322316.5589857793,1284647.2318920477,0.004323915157649738,2.932270132887116,0.0,5.979258268846287,3510.3269981316457,0
2019-02-19,fixed_3pct,164.49180603027344,0.001977905641445954,3.0,3.0,1255644.2364577202,0.0,37669.327093731605,1324925.9971093058,1287256.6700155742,0.002031248780790529,2.9263260366928883,0.0,5.979258268846287,3517.2542206886974,0
2019-02-20,fixed_3pct,164.46310424804688,-0.00017448761077665242,3.0,3.0,1255644.2364577202,0.0,37669.327093731605,1324688.8346793456,1287019.507585614,-0.00018423864912453514,2.92686527839795,0.0,5.979258268846287,3516.6246303873627,0
2019-02-21,fixed_3pct,163.86155700683594,-0.0036576425087031517,3.0,3.0,1255644.2364577202,0.0,37669.327093731605,1319837.6172285492,1282168.2901348176,-0.0037693425952004533,2.9379393784392174,0.0,5.979258268846287,3503.7462016362324,0
2019-02-22,fixed_3pct,165.0741424560547,0.007400060583875545,3.0,3.0,1255644.2364577202,0.0,37669.327093731605,1329598.5162986496,1291929.189204918,0.007612806481958723,2.915742395828532,0.0,5.979258268846287,3529.658262782991,0
2019-02-25,fixed_3pct,165.6757049560547,0.0036441958204334046,3.0,3.0,1255644.2364577202,0.0,37669.327093731605,1334437.8543963307,1296768.527302599,0.0037458230204236997,2.9048612995017207,0.0,5.979258268846287,3542.50515565591,0
2019-02-26,fixed_3pct,165.84759521484375,0.001037510350927251,3.0,3.0,1255644.2364577202,0.0,37669.327093731605,1335816.3682246672,1298147.0411309355,0.0010630376966380695,2.9017766015870112,0.0,5.979258268846287,3546.164668407243,0
2019-02-27,fixed_3pct,165.7425537109375,-0.0006333616340362669,3.0,3.0,1255644.2364577202,0.0,37669.327093731605,1334964.334128647,1297295.0070349155,-0.0006563463683418869,2.9036824230001654,0.0,5.979258268846287,3543.902790742426,0
2019-02-28,fixed_3pct,165.36058044433594,-0.0023046179635178854,3.0,3.0,1255644.2364577202,0.0,37669.327093731605,1331881.7720852897,1294212.444991558,-0.0023761457699609245,2.910598429145635,0.0,5.979258268846287,3535.719575694047,0
2019-03-01,fixed_3pct,166.50636291503906,0.006928994005852784,3.0,3.0,1294212.444991558,1157.0462560151427,38826.37334974675,1342268.4578623602,1303442.0845126135,0.0071314717740298406,2.978757077976718,0.8099323792105999,6.162916404721706,3457.104905913432,1
2019-03-04,fixed_3pct,166.5349884033203,0.0001719182845634215,3.0,3.0,1294212.444991558,0.0,38826.37334974675,1342493.0554366547,1303666.682086908,0.000172311126795055,2.9782438934155726,0.0,6.162916404721706,3457.6833724425396,0
2019-03-05,fixed_3pct,166.6591339111328,0.0007454620137352652,3.0,3.0,1294212.444991558,0.0,38826.37334974675,1343487.6700967816,1304661.2967470349,0.0007629363193777383,2.975973415211605,0.0,6.162916404721706,3460.245071036347,0
2019-03-06,fixed_3pct,165.71383666992188,-0.005672039803800932,3.0,3.0,1294212.444991558,0.0,38826.37334974675,1335861.1916396723,1297034.8182899256,-0.005845561967787849,2.993471940941211,0.0,6.162916404721706,3440.60255024665,0
2019-03-07,fixed_3pct,163.68016052246094,-0.01227221690311675,3.0,3.0,1294212.444991558,0.0,38826.37334974675,1319461.0504270096,1280634.677077263,-0.012644333815406306,3.03180712225898,0.0,6.162916404721706,3398.362856456734,0
2019-03-08,fixed_3pct,163.43194580078125,-0.0015164618661626106,3.0,3.0,1294212.444991558,0.0,38826.37334974675,1317453.9751437455,1278627.6017939989,-0.0015672504572847856,3.0365661819962892,0.0,6.162916404721706,3393.193495761661,0
2019-03-11,fixed_3pct,166.83099365234375,0.020797940298072692,3.0,3.0,1294212.444991558,0.0,38826.37334974675,1344848.141347839,1306021.7679980923,0.02142466357339523,2.972873370193586,0.0,6.162916404721706,3463.749058490447,0
2019-03-12,fixed_3pct,167.74757385253906,0.005494064263054987,3.0,3.0,1294212.444991558,0.0,38826.37334974675,1352230.6605440495,1313404.2871943028,0.005652676989853278,2.956163134862894,0.0,6.162916404721706,3482.7632453930173,0
2019-03-13,fixed_3pct,169.0078887939453,0.00751316345423958,3.0,3.0,1294212.444991558,0.0,38826.37334974675,1362384.0276081467,1323557.6542584,0.007730572500099564,2.9334856116639267,0.0,6.162916404721706,3508.9139419122002,0
2019-03-14,fixed_3pct,168.72145080566406,-0.001694820225998317,3.0,3.0,1294212.444991558,0.0,38826.37334974675,1360068.8686861747,1321242.495336428,-0.001749193859839182,2.938625837936009,0.0,6.162916404721706,3502.9510905762877,0
2019-03-15,fixed_3pct,170.287353515625,0.009280993628750567,3.0,3.0,1294212.444991558,0.0,38826.37334974675,1372685.4962747085,1333859.1229249618,0.009549062820085386,2.9108301380888015,0.0,6.162916404721706,3535.446084313878,0
2019-03-18,fixed_3pct,170.69290161132812,0.002381551461870135,3.0,3.0,1294212.444991558,0.0,38826.37334974675,1375948.4545086448,1337122.081158898,0.0024462540142777822,2.9037268845411264,0.0,6.162916404721706,3543.8500580884656,0
2019-03-19,fixed_3pct,171.2667999267578,0.0033621686081384272,3.0,3.0,1294212.444991558,0.0,38826.37334974675,1380568.4622924055,1341742.0889426589,0.003455187711623564,2.893728509354829,0.0,6.162916404721706,3555.749206489848,0
2019-03-20,fixed_3pct,171.9459686279297,0.003965559591598167,3.0,3.0,1294212.444991558,0.0,38826.37334974675,1386037.0258835026,1347210.6525337559,0.004075718900199643,2.881982359382651,0.0,6.162916404721706,3569.8338688450885,0
2019-03-21,fixed_3pct,174.63381958007812,0.015631950976208175,3.0,3.0,1294212.444991558,0.0,38826.37334974675,1407697.325806918,1368870.9524571714,0.01607788647059616,2.8363793738227874,0.0,6.162916404721706,3625.621463860209,0
2019-03-22,fixed_3pct,170.79811096191406,-0.02196429435825975,3.0,3.0,1294212.444991558,0.0,38826.37334974675,1376772.084459155,1337945.7111094084,-0.02259178726252542,2.9019393707351835,0.0,6.162916404721706,3545.971373780486,0
2019-03-25,fixed_3pct,170.47288513183594,-0.00190415355443041,3.0,3.0,1294212.444991558,0.0,38826.37334974675,1374144.336084487,1335317.9627347402,-0.001964017189075129,2.9076500454041723,0.0,6.162916404721706,3539.20342676932,0
2019-03-26,fixed_3pct,171.2667999267578,0.004657132389751517,3.0,3.0,1294212.444991558,0.0,38826.37334974675,1380537.745263855,1341711.3719141083,0.004787930184264377,2.8937947581346335,0.0,6.162916404721706,3555.670092666174,0
2019-03-27,fixed_3pct,170.1668243408203,-0.006422585033456052,3.0,3.0,1294212.444991558,0.0,38826.37334974675,1371664.9612865974,1332838.5879368507,-0.0066130347875038575,2.9130589180980646,0.0,6.162916404721706,3532.8176261292365,0
2019-03-28,fixed_3pct,170.5589599609375,0.0023044187469338784,3.0,3.0,1294212.444991558,0.0,38826.37334974675,1374819.6888214939,1335993.3154717472,0.0023669239197072756,2.9061802106425154,0.0,6.162916404721706,3540.9428442805142,0
2019-03-29,fixed_3pct,171.85032653808594,0.007571379289860847,3.0,3.0,1294212.444991558,0.0,38826.37334974675,1385222.8072243251,1346396.4338745784,0.007786804231994182,2.8837252069967647,0.0,6.162916404721706,3567.7367925824074,0
2019-04-01,fixed_3pct,174.12680053710938,0.013246841276841614,3.0,3.0,1346396.4338745784,1565.5196664906107,40391.89301623736,1405151.3699496253,1364759.476933388,0.01363865990491786,2.959634550917196,1.0958637665434274,6.411411589878946,3478.7955330163927,1
2019-04-02,fixed_3pct,174.78683471679688,0.003790537571767061,3.0,3.0,1346396.4338745784,0.0,40391.89301623736,1410471.2375998495,1370079.3445836122,0.0038980257987861755,2.9481426149456373,0.0,6.411411589878946,3491.966165172913,0
2019-04-03,fixed_3pct,175.7911834716797,0.005746135036486688,3.0,3.0,1346396.4338745784,0.0,40391.89301623736,1418569.5843845888,1378177.6913683515,0.005910859700757332,2.9308189552925827,0.0,6.411411589878946,3512.0156012849666,0
2019-04-04,fixed_3pct,175.72425842285156,-0.00038070765271858154,3.0,3.0,1346396.4338745784,0.0,40391.89301623736,1418023.11267631,1377631.2196600726,-0.000396517598348467,2.9319815375702625,0.0,6.411411589878946,3510.662677053217,0
2019-04-05,fixed_3pct,176.63294982910156,0.00517112101883721,3.0,3.0,1346396.4338745784,0.0,40391.89301623736,1425349.4703878774,1384957.5773716401,0.0053180833934463045,2.916471498924373,0.0,6.411411589878946,3528.8008655967014,0
2019-04-08,fixed_3pct,177.08251953125,0.002545219918386854,3.0,3.0,1346396.4338745784,0.0,40391.89301623736,1428970.886838981,1388578.9938227437,0.002614821212052032,2.90886533614043,0.0,6.411411589878946,3537.7665668319655,0
2019-04-09,fixed_3pct,176.4607696533203,-0.003511074269642811,3.0,3.0,1346396.4338745784,0.0,40391.89301623736,1423947.252514542,1383555.3594983048,-0.0036178239385639133,2.919427310149988,0.0,6.411411589878946,3525.3293326512867,0
2019-04-10,fixed_3pct,177.40771484375,0.005366321320541045,3.0,3.0,1346396.4338745784,0.0,40391.89301623736,1431582.1996034468,1391190.3065872095,0.00551835315911986,2.9034052943715873,0.0,6.411411589878946,3544.2315095951485,0
2019-04-11,fixed_3pct,176.98687744140625,-0.00237214826150256,3.0,3.0,1346396.4338745784,0.0,40391.89301623736,1428179.8629658695,1387787.9699496322,-0.0024456299195497744,2.910523357375934,0.0,6.411411589878946,3535.808193965427,0
2019-04-12,fixed_3pct,177.75213623046875,0.004323816545753978,3.0,3.0,1346396.4338745784,0.0,40391.89301623736,1434348.639276084,1393956.7462598467,0.004445042357903217,2.897643210566874,0.0,6.411411589878946,3551.080506921234,0
2019-04-15,fixed_3pct,177.78079223632812,0.0001612132853481274,3.0,3.0,1346396.4338745784,0.0,40391.89301623736,1434573.4639209665,1394181.5709047292,0.00016128523749792123,2.897175938857502,0.0,6.411411589878946,3551.637115260417,0
2019-04-16,fixed_3pct,178.3929443359375,0.0034432971746218843,3.0,3.0,1346396.4338745784,0.0,40391.89301623736,1439506.7152644831,1399114.8222482458,0.0035384568599019506,2.8869605534827647,0.0,6.411411589878946,3563.8505842888026,0
2019-04-17,fixed_3pct,179.01470947265625,0.0034853684322171397,3.0,3.0,1346396.4338745784,0.0,40391.89301623736,1444517.5151162406,1404125.6221000033,0.0035814071669297842,2.876658069655295,0.0,6.411411589878946,3576.2560435965484,0
2019-04-18,fixed_3pct,179.24429321289062,0.0012824853382757961,3.0,3.0,1346396.4338745784,0.0,40391.89301623736,1446363.6762386698,1405971.7832224325,0.0013148119323311835,2.8728807717364506,0.0,6.411411589878946,3580.826666522508,0
2019-04-22,fixed_3pct,179.7512664794922,0.002828392790165113,3.0,3.0,1346396.4338745784,0.0,40391.89301623736,1450448.14942091,1410056.2564046727,0.0029050890145738695,2.8645589729325853,0.0,6.411411589878946,3590.9387778330583,0
2019-04-23,fixed_3pct,182.03733825683594,0.012717973130968563,3.0,3.0,1346396.4338745784,0.0,40391.89301623736,1468888.4986015183,1428496.605585281,0.013077740052462206,2.8275806087539186,0.0,6.411411589878946,3636.5923677086184,0
2019-04-24,fixed_3pct,181.46340942382812,-0.0031528083112161154,3.0,3.0,1346396.4338745784,0.0,40391.89301623736,1464250.9633232877,1423859.0703070504,-0.0032464447308439004,2.836790090997347,0.0,6.411411589878946,3625.1110160513285,0
2019-04-25,fixed_3pct,182.19998168945312,0.004059067709373032,3.0,3.0,1346396.4338745784,0.0,40391.89301623736,1470188.0457153416,1429796.1526991043,0.004169712098525125,2.825010610078043,0.0,6.411411589878946,3639.8097141036014,0
2019-04-26,fixed_3pct,182.36253356933594,0.0008921618892359096,3.0,3.0,1346396.4338745784,0.0,40391.89301623736,1471493.2800481492,1431101.3870319119,0.0009128814134404806,2.8224340624817423,0.0,6.411411589878946,3643.0411405987224,0
2019-04-29,fixed_3pct,182.71652221679688,0.0019411259568091754,3.0,3.0,1346396.4338745784,0.0,40391.89301623736,1474343.222437731,1433951.3294214937,0.0019914329029424582,2.816824545400217,0.0,6.411411589878946,3650.0968693025893,0
2019-04-30,fixed_3pct,181.30079650878906,-0.007748208486192731,3.0,3.0,1346396.4338745784,0.0,40391.89301623736,1462913.2923584883,1422521.399342251,-0.007970933074732733,2.8394576724760596,0.0,6.411411589878946,3621.7992847485607,0
2019-05-01,fixed_3pct,180.71731567382812,-0.00321830265612022,3.0,3.0,1422521.399342251,2283.748964030172,42675.64198026753,1460473.226401847,1417797.5844215795,-0.0033207338201419745,3.0099953935016726,1.5986242748211204,6.77391142543929,3422.2642205995267,1
2019-05-02,fixed_3pct,179.9330291748047,-0.00433985252657787,3.0,3.0,1422521.399342251,0.0,42675.64198026753,1454128.2140688223,1411452.5720885547,-0.00447525965817841,3.023526459491269,0.0,6.77391142543929,3407.396225559268,0
2019-05-03,fixed_3pct,182.80258178710938,0.015947892532376162,3.0,3.0,1422521.399342251,0.0,42675.64198026753,1477311.7206436626,1434636.078663395,0.016425282034475464,2.9746667196622485,0.0,6.77391142543929,3461.7211413638383,0
2019-05-06,fixed_3pct,181.68345642089844,-0.006122043547034051,3.0,3.0,1422521.399342251,0.0,42675.64198026753,1468260.7800459128,1425585.1380656452,-0.006308875632196731,2.9935526711630467,0.0,6.77391142543929,3440.5124607728476,0
2019-05-07,fixed_3pct,178.144287109375,-0.019479865592849532,3.0,3.0,1422521.399342251,0.0,42675.64198026753,1439652.4834839406,1396976.841503673,-0.020067757300549882,3.05485679593174,0.0,6.77391142543929,3373.4758674505956,0
2019-05-08,fixed_3pct,177.69471740722656,-0.002523626827687253,3.0,3.0,1422521.399342251,0.0,42675.64198026753,1436012.5639426485,1393336.9219623809,-0.00260556899237796,3.0628372296460067,0.0,6.77391142543929,3364.9466002330687,0
2019-05-09,fixed_3pct,176.73818969726562,-0.005382983376871264,3.0,3.0,1422521.399342251,0.0,42675.64198026753,1428275.7582705414,1385600.1162902738,-0.005552717042200062,3.0799392608687737,0.0,6.77391142543929,3346.8172756040813,0
2019-05-10,fixed_3pct,176.9582061767578,0.0012448723157629793,3.0,3.0,1422521.399342251,0.0,42675.64198026753,1430047.0053098626,1387371.363329595,0.0012783248344863107,3.076007124570378,0.0,6.77391142543929,3350.9677627605256,0
2019-05-13,fixed_3pct,170.8172607421875,-0.03470280111472379,3.0,3.0,1422521.399342251,0.0,42675.64198026753,1380413.5945884627,1337737.9526081951,-0.035775144300429496,3.190134652086576,0.0,6.77391142543929,3234.6639219317235,0
2019-05-14,fixed_3pct,172.69204711914062,0.010975391882572794,3.0,3.0,1422521.399342251,0.0,42675.64198026753,1395557.4008376766,1352881.758857409,0.011320457956424113,3.154425115193342,0.0,6.77391142543929,3270.1497530674706,0
2019-05-15,fixed_3pct,175.1311798095703,0.014124174975741255,3.0,3.0,1422521.399342251,0.0,42675.64198026753,1415261.7238443731,1372586.0818641055,0.014564704474497425,3.109141389683178,0.0,6.77391142543929,3316.3220473608,0
2019-05-16,fixed_3pct,176.8912353515625,0.010049926825742794,3.0,3.0,1422521.399342251,0.0,42675.64198026753,1429478.2266968584,1386802.5847165908,0.010357458115251905,3.0772687079314025,0.0,6.77391142543929,3349.6349682515006,0
2019-05-17,fixed_3pct,175.08335876464844,-0.010220272266859287,3.0,3.0,1422521.399342251,0.0,42675.64198026753,1414861.796109044,1372186.1541287764,-0.010539662060697341,3.1100475581873948,0.0,6.77391142543929,3315.384913865505,0
2019-05-20,fixed_3pct,172.12774658203125,-0.016881171365864645,3.0,3.0,1422521.399342251,0.0,42675.64198026753,1390970.4977584868,1348294.8557782192,-0.017411120407147762,3.1651564787463107,0.0,6.77391142543929,3259.4014599748666,0
2019-05-21,fixed_3pct,173.92601013183594,0.010447261324876944,3.0,3.0,1422521.399342251,0.0,42675.64198026753,1405495.5561323385,1362819.9141520709,0.010772909435650124,3.131421953634994,0.0,6.77391142543929,3293.437405774036,0
2019-05-22,fixed_3pct,173.1511993408203,-0.004454829903982271,3.0,3.0,1422521.399342251,0.0,42675.64198026753,1399227.5385875406,1356551.896607273,-0.004599299936630108,3.14589084921845,0.0,6.77391142543929,3278.7498293160274,0
2019-05-23,fixed_3pct,170.5015869140625,-0.015302304788212706,3.0,3.0,1422521.399342251,0.0,42675.64198026753,1377809.358412588,1335133.7164323204,-0.015788692071803,3.1963571479794033,0.0,6.77391142543929,3228.56152708766,0
2019-05-24,fixed_3pct,170.41549682617188,-0.0005049225021818149,3.0,3.0,1422521.399342251,0.0,42675.64198026753,1377106.8975523834,1334431.2555721158,-0.0005261352114466211,3.1980397492991153,0.0,6.77391142543929,3226.9154807070818,0
2019-05-28,fixed_3pct,169.7746124267578,-0.0037607166680844184,3.0,3.0,1422521.399342251,0.0,42675.64198026753,1371921.2147775986,1329245.572797331,-0.0038860621355586433,3.2105160140167905,0.0,6.77391142543929,3214.7640928564147,0
2019-05-29,fixed_3pct,168.3780517578125,-0.008225968824094987,3.0,3.0,1422521.399342251,0.0,42675.64198026753,1360629.0597242983,1317953.4177440307,-0.008495160927665557,3.2380235451201567,0.0,6.77391142543929,3188.3036706358853,0
2019-05-30,fixed_3pct,169.08596801757812,0.004204326231211253,3.0,3.0,1422521.399342251,0.0,42675.64198026753,1366342.8142596202,1323667.1722793526,0.004335323584578665,3.2240462613256584,0.0,6.77391142543929,3201.6924663755335,0
2019-05-31,fixed_3pct,166.38848876953125,-0.015953300440438967,3.0,3.0,1422521.399342251,0.0,42675.64198026753,1344538.3629276762,1301862.7209474086,-0.016472759760595035,3.278044704222812,0.0,6.77391142543929,3150.5990315256818,0
2019-06-03,fixed_3pct,162.72500610351562,-0.022017644929091196,3.0,3.0,1301862.7209474086,-3619.7603518452743,39055.881628422256,1311386.0555159855,1272330.1738875632,-0.0226848396414282,3.069634158646752,2.533832246291692,6.199346290225756,3357.7172011952393,-1
2019-06-04,fixed_3pct,167.3068084716797,0.028156719596307278,3.0,3.0,1301862.7209474086,0.0,39055.881628422256,1348304.1856173663,1309248.303988944,0.029016155443817526,2.9830767402507985,0.0,6.199346290225756,3452.243629897119,0
2019-06-05,fixed_3pct,168.55027770996094,0.007432269192390484,3.0,3.0,1301862.7209474086,0.0,39055.881628422256,1358318.9459318111,1319263.0643033888,0.007649244443496572,2.9604316747126513,0.0,6.199346290225756,3477.885760856356,0
2019-06-06,fixed_3pct,169.889404296875,0.007944968143086761,3.0,3.0,1301862.7209474086,0.0,39055.881628422256,1369104.5473391004,1330048.665710678,0.008175474398644189,2.9364250072424025,0.0,6.199346290225756,3505.5015794157816,0
2019-06-07,fixed_3pct,173.17025756835938,0.019311700368030094,3.0,3.0,1301862.7209474086,0.0,39055.881628422256,1395538.0847835303,1356482.203155108,0.019874112974885616,2.8792033937179773,0.0,6.199346290225756,3573.1829025412426,0
2019-06-10,fixed_3pct,175.18856811523438,0.011655064646873603,3.0,3.0,1301862.7209474086,0.0,39055.881628422256,1411796.9720325663,1372741.090404144,0.011986067499609288,2.845101811363711,0.0,6.199346290225756,3614.8127072495913,0
2019-06-11,fixed_3pct,175.42771911621094,0.0013651062027018046,3.0,3.0,1301862.7209474086,0.0,39055.881628422256,1413718.0254897533,1374662.143861331,0.0013994288293806,2.8411258579302245,0.0,6.199346290225756,3619.7314374819903,0
2019-06-12,fixed_3pct,174.41378784179688,-0.005779766615687354,3.0,3.0,1301862.7209474086,0.0,39055.881628422256,1405540.865895742,1366484.9842673198,-0.005948486783117657,2.858127390939696,0.0,6.199346290225756,3598.794361546005,0
2019-06-13,fixed_3pct,175.44683837890625,0.005922986650839901,3.0,3.0,1301862.7209474086,0.0,39055.881628422256,1413859.6663353622,1374803.78470694,0.006087736444524872,2.8408331474551187,0.0,6.199346290225756,3620.0940994926864,0
2019-06-14,fixed_3pct,174.70077514648438,-0.0042523606541751136,3.0,3.0,1301862.7209474086,0.0,39055.881628422256,1407841.2257734223,1368785.344145,-0.004377672384152542,2.853324065419343,0.0,6.199346290225756,3604.6842807637195,0
2019-06-17,fixed_3pct,175.7529754638672,0.006022871486978554,3.0,3.0,1301862.7209474086,0.0,39055.881628422256,1416314.2732040358,1377258.3915756135,0.006190194442727837,2.835770097123277,0.0,6.199346290225756,3626.378957922018,0
2019-06-18,fixed_3pct,178.30686950683594,0.014531156791105282,3.0,3.0,1301862.7209474086,0.0,39055.881628422256,1436888.7586271537,1397832.8769987314,0.014938725767777106,2.794030836667587,0.0,6.199346290225756,3679.0585661276746,0
2019-06-19,fixed_3pct,178.9764862060547,0.0037554172818512477,3.0,3.0,1301862.7209474086,0.0,39055.881628422256,1442278.6761571097,1403222.7945286874,0.0038559098291697236,2.7832986878994004,0.0,6.199346290225756,3692.8590932319803,0
2019-06-20,fixed_3pct,180.640869140625,0.009299450278927202,3.0,3.0,1301862.7209474086,0.0,39055.881628422256,1455684.8756480995,1416628.9940196772,0.00955386382209733,2.7569590763211336,0.0,6.199346290225756,3727.184779740702,0
2019-06-21,fixed_3pct,180.37301635742188,-0.0014827917097465226,3.0,3.0,1301862.7209474086,0.0,39055.881628422256,1453520.1988361948,1414464.3172077725,-0.0015280477958893313,2.761178288719268,0.0,6.199346290225756,3721.6422680327364,0
2019-06-24,fixed_3pct,180.37875366210938,3.180799879798357e-05,3.0,3.0,1301862.7209474086,0.0,39055.881628422256,1453560.2330586421,1414504.3514302198,2.830345167437187e-05,2.7611001400548862,0.0,6.199346290225756,3721.744773009652,0
2019-06-25,fixed_3pct,177.28228759765625,-0.01716646778840436,3.0,3.0,1301862.7209474086,0.0,39055.881628422256,1428601.538793045,1389545.6571646228,-0.01764483385318749,2.8106943753194873,0.0,6.199346290225756,3657.8396882312454,0
2019-06-26,fixed_3pct,178.1067352294922,0.004650479430336807,3.0,3.0,1301862.7209474086,0.0,39055.881628422256,1435239.0215170595,1396183.1398886372,0.0047767287744673315,2.797332277736676,0.0,6.199346290225756,3674.834523444962,0
2019-06-27,fixed_3pct,178.78738403320312,0.0038215781274857363,3.0,3.0,1301862.7209474086,0.0,39055.881628422256,1440717.700223113,1401661.8185946906,0.003924040156000119,2.786398338764751,0.0,6.199346290225756,3688.862317666016,0
2019-06-28,fixed_3pct,179.0175018310547,0.0012871031090695428,3.0,3.0,1301862.7209474086,0.0,39055.881628422256,1442565.8531080715,1403509.9714796492,0.0013185440742129462,2.7827291876841906,0.0,6.199346290225756,3693.5943908081404,0
2019-07-01,fixed_3pct,181.43328857421875,0.013494695873054408,3.0,3.0,1403509.9714796492,3049.417515967223,42105.29914438948,1465114.5622718022,1423009.2631274126,0.013893233424773221,2.9588914306750707,2.134592261177056,6.683380816569759,3479.64411141591,1
2019-07-02,fixed_3pct,182.15223693847656,0.003962604491753563,3.0,3.0,1403509.9714796492,0.0,42105.29914438948,1470913.5484363774,1428808.2492919879,0.004075157003426977,2.9468824221342342,0.0,6.683380816569759,3493.416691785638,0
2019-07-03,fixed_3pct,183.52308654785156,0.007525845591663138,3.0,3.0,1403509.9714796492,0.0,42105.29914438948,1481976.7332997783,1439871.4341553887,0.0077429458213744695,2.9242401887837954,0.0,6.683380816569759,3519.6917333794822,0
2019-07-05,fixed_3pct,183.1492462158203,-0.0020370207316330324,3.0,3.0,1403509.9714796492,0.0,42105.29914438948,1478951.2325894323,1436845.9334450427,-0.0021012297616146425,2.9303976274920465,0.0,6.683380816569759,3512.5061753337577,0
2019-07-08,fixed_3pct,181.8646697998047,-0.0070138231117909955,3.0,3.0,1403509.9714796492,0.0,42105.29914438948,1468571.446872268,1426466.1477278785,-0.00722400744266094,2.9517208811058127,0.0,6.683380816569759,3487.85420532502,0
2019-07-09,fixed_3pct,182.77532958984375,0.005007348546815171,3.0,3.0,1403509.9714796492,0.0,42105.29914438948,1475918.4125918415,1433813.113447452,0.005150466228221351,2.93659604236369,0.0,6.683380816569759,3505.303233995684,0
2019-07-10,fixed_3pct,184.5968017578125,0.009965634706041726,3.0,3.0,1403509.9714796492,0.0,42105.29914438948,1490620.1929668363,1448514.8938224467,0.010253623876856466,2.9067909017682894,0.0,6.683380816569759,3540.219932543719,0
2019-07-11,fixed_3pct,184.46258544921875,-0.0007270781904977763,3.0,3.0,1403509.9714796492,0.0,42105.29914438948,1489529.712153398,1447424.4130090084,-0.0007528267870001715,2.908980860482932,0.0,6.683380816569759,3537.6300428253285,0
2019-07-12,fixed_3pct,185.5266876220703,0.005768661272204101,3.0,3.0,1403509.9714796492,0.0,42105.29914438948,1498115.621136878,1456010.3219924883,0.00593185309458133,2.891826967735377,0.0,6.683380816569759,3558.021559232887,0
2019-07-15,fixed_3pct,186.12100219726562,0.0032033912900226724,3.0,3.0,1403509.9714796492,0.0,42105.29914438948,1502907.9882882582,1460802.6891438686,0.0032914376216937047,2.882339925665532,0.0,6.683380816569759,3569.4034214895737,0
2019-07-16,fixed_3pct,185.16236877441406,-0.005150592418557531,3.0,3.0,1403509.9714796492,0.0,42105.29914438948,1495160.4384171746,1453055.139272785,-0.005303625142984991,2.8977082841785378,0.0,6.683380816569759,3551.003006272203,0
2019-07-17,fixed_3pct,184.25169372558594,-0.004918251234610316,3.0,3.0,1403509.9714796492,0.0,42105.29914438948,1487800.1803641722,1445694.8812197826,-0.00506536734503138,2.912460968863899,0.0,6.683380816569759,3533.5224083366265,0
2019-07-18,fixed_3pct,184.46258544921875,0.0011445849933238161,3.0,3.0,1403509.9714796492,0.0,42105.29914438948,1489496.410742865,1447391.1115984754,0.0011732976305909304,2.9090477899846343,0.0,6.683380816569759,3537.550952042909,0
2019-07-19,fixed_3pct,183.11090087890625,-0.007327689607194654,3.0,3.0,1403509.9714796492,0.0,42105.29914438948,1478575.1599930942,1436469.8608487046,-0.007545473135944225,2.9311648153559275,0.0,6.683380816569759,3511.61300368083,0
2019-07-22,fixed_3pct,184.56802368164062,0.00795759725794798,3.0,3.0,1403509.9714796492,0.0,42105.29914438948,1490334.3822511085,1448229.083106719,0.008186194906356636,2.9073645623844144,0.0,6.683380816569759,3539.541132674022,0
2019-07-23,fixed_3pct,185.77590942382812,0.006544393324983355,3.0,3.0,1403509.9714796492,0.0,42105.29914438948,1500081.0332534893,1457975.7341090997,0.0067300478329521685,2.887928664335284,0.0,6.683380816569759,3562.689409020325,0
2019-07-24,fixed_3pct,187.07968139648438,0.00701798191541525,3.0,3.0,1403509.9714796492,0.0,42105.29914438948,1510601.891435703,1468496.5922913135,0.0072160722130554245,2.8672384645232345,0.0,6.683380816569759,3587.6764258471976,0
2019-07-25,fixed_3pct,185.30618286132812,-0.009479909960919852,3.0,3.0,1403509.9714796492,0.0,42105.29914438948,1496274.8381372807,1454169.538992891,-0.009756272757887485,2.8954876316244524,0.0,6.683380816569759,3553.649703345378,0
2019-07-26,fixed_3pct,187.21388244628906,0.010294851232182323,3.0,3.0,1403509.9714796492,0.0,42105.29914438948,1511672.081617545,1469566.7824731555,0.010588341364190734,2.865150440698575,0.0,6.683380816569759,3590.2181253567346,0
2019-07-29,fixed_3pct,186.57154846191406,-0.0034310168454483314,3.0,3.0,1403509.9714796492,0.0,42105.29914438948,1506478.8258599048,1464373.5267155152,-0.0035338684975585455,2.8753114131220774,0.0,6.683380816569759,3577.8841534739286,0
2019-07-30,fixed_3pct,185.76634216308594,-0.004315804341370355,3.0,3.0,1403509.9714796492,0.0,42105.29914438948,1499970.4746222594,1457865.1754778698,-0.004444461142535938,2.888147673229652,0.0,6.683380816569759,3562.4268324955724,0
2019-07-31,fixed_3pct,183.19717407226562,-0.013830105394252779,3.0,3.0,1403509.9714796492,0.0,42105.29914438948,1479219.0414891497,1437113.74234476,-0.014234123622788086,2.929851542278866,0.0,6.683380816569759,3513.1422209269713,0
2019-08-01,fixed_3pct,182.28643798828125,-0.004971343518787696,3.0,3.0,1437113.74234476,1008.1131259533213,43113.4122703428,1472860.891373886,1429747.4791035433,-0.005125734327192655,3.015456428527859,0.7056791881673249,6.8433987730702865,3416.2475522426917,1
2019-08-02,fixed_3pct,179.6022186279297,-0.014725282856885569,3.0,3.0,1437113.74234476,0.0,43113.4122703428,1451165.754740788,1408052.3424704452,-0.01517410378418782,3.061918294507418,0.0,6.8433987730702865,3365.926467710902,0
2019-08-05,fixed_3pct,173.25601196289062,-0.03533478992364836,3.0,3.0,1437113.74234476,0.0,43113.4122703428,1399882.2742538564,1356768.8619835137,-0.03642157250841538,3.1776534292888776,0.0,6.8433987730702865,3246.9762900600163,0
2019-08-06,fixed_3pct,175.68136596679688,0.013998671540620178,3.0,3.0,1437113.74234476,0.0,43113.4122703428,1419471.9230078994,1376358.5107375567,0.014438456912553299,3.1324260310084022,0.0,6.8433987730702865,3292.4137716288747,0
2019-08-07,fixed_3pct,176.63046264648438,0.00540237534279453,3.0,3.0,1437113.74234476,0.0,43113.4122703428,1427133.5997257733,1384020.1874554306,0.0055666286495137385,3.1150855067806713,0.0,6.8433987730702865,3310.1847535911265,0
2019-08-08,fixed_3pct,180.47462463378906,0.021763867510207202,3.0,3.0,1437113.74234476,0.0,43113.4122703428,1458186.702910797,1415073.2906404543,0.022436886012562995,3.0467264526510784,0.0,6.8433987730702865,3382.2113029867187,0
2019-08-09,fixed_3pct,178.77780151367188,-0.009402003874840026,3.0,3.0,1437113.74234476,0.0,43113.4122703428,1444469.9824810163,1401356.5702106736,-0.009693293287708515,3.076548338005175,0.0,6.8433987730702865,3350.3958661946363,0
2019-08-12,fixed_3pct,176.72630310058594,-0.011475129438422216,3.0,3.0,1437113.74234476,0.0,43113.4122703428,1427887.659063358,1384774.2467930154,-0.011833050752504293,3.113389230785358,0.0,6.8433987730702865,3311.9337669442248,0
2019-08-13,fixed_3pct,180.5992431640625,0.021914904547469805,3.0,3.0,1437113.74234476,0.0,43113.4122703428,1459172.8374174687,1416059.425147126,0.022592258937919718,3.0446047323094083,0.0,6.8433987730702865,3384.498606298477,0
2019-08-14,fixed_3pct,175.2020263671875,-0.02988504659442004,3.0,3.0,1437113.74234476,0.0,43113.4122703428,1415558.5457831623,1372445.1335128197,-0.03079976084321101,3.1413578013127976,0.0,6.8433987730702865,3283.336834734624,0
2019-08-15,fixed_3pct,175.00070190429688,-0.0011490989406063301,3.0,3.0,1437113.74234476,0.0,43113.4122703428,1413925.0855590636,1370811.673288721,-0.001190182532046169,3.145101045638837,0.0,6.8433987730702865,3279.548082840304,0
2019-08-16,fixed_3pct,177.8095245361328,0.016050350663004753,3.0,3.0,1437113.74234476,0.0,43113.4122703428,1436612.2355947325,1393498.8233243898,0.01655015818565353,3.0938965680279242,0.0,6.8433987730702865,3332.1701065702027,0
2019-08-19,fixed_3pct,180.63758850097656,0.01590501955517598,3.0,3.0,1437113.74234476,0.0,43113.4122703428,1459454.7378962988,1416341.325625956,0.016392193462404503,3.043998751592502,0.0,6.8433987730702865,3385.152464260502,0
2019-08-20,fixed_3pct,179.23797607421875,-0.007748179315127723,3.0,3.0,1437113.74234476,0.0,43113.4122703428,1448139.7774859923,1405026.3652156496,-0.007988865540801582,3.068512686858055,0.0,6.8433987730702865,3358.9078229424913,0
2019-08-21,fixed_3pct,180.82931518554688,0.0088783590742465,3.0,3.0,1437113.74234476,0.0,43113.4122703428,1460990.0390214392,1417876.6267510965,0.00914592199376596,3.0407026575459035,0.0,6.8433987730702865,3388.7135396759973,0
2019-08-22,fixed_3pct,180.24456787109375,-0.0032336975553610703,3.0,3.0,1437113.74234476,0.0,43113.4122703428,1456258.7957050756,1413145.383434733,-0.0033368511950186974,3.050883000130752,0.0,6.8433987730702865,3377.739591971055,0
2019-08-23,fixed_3pct,174.54063415527344,-0.03164552354165606,3.0,3.0,1437113.74234476,0.0,43113.4122703428,1410167.880304074,1367054.4680337312,-0.03261583411111957,3.153745024684635,0.0,6.8433987730702865,3270.8333811798784,0
2019-08-26,fixed_3pct,177.17684936523438,0.015103733424136179,3.0,3.0,1437113.74234476,0.0,43113.4122703428,1431459.8366526926,1388346.42438235,0.015575060721057854,3.1053785649733046,0.0,6.8433987730702865,3320.2193036281114,0
2019-08-27,fixed_3pct,176.80300903320312,-0.0021099840829690297,3.0,3.0,1437113.74234476,0.0,43113.4122703428,1428432.635783173,1385319.2235128302,-0.002180436248731321,3.1121644411327627,0.0,6.8433987730702865,3313.197820729617,0
2019-08-28,fixed_3pct,177.43569946289062,0.0035785048747032366,3.0,3.0,1437113.74234476,0.0,43113.4122703428,1433537.445534735,1390424.0332643923,0.0036849338873805593,3.1007384250344505,0.0,6.8433987730702865,3325.038242266081,0
2019-08-29,fixed_3pct,180.148681640625,0.015289945517991788,3.0,3.0,1437113.74234476,0.0,43113.4122703428,1455449.311576189,1412335.8993058463,0.015759124926810975,3.052631621948628,0.0,6.8433987730702865,3375.862022819695,0
2019-08-30,fixed_3pct,179.71726989746094,-0.0023947538179861505,3.0,3.0,1437113.74234476,0.0,43113.4122703428,1451957.0253816335,1408843.6131112908,-0.0024727022773207707,3.060198581951273,0.0,6.8433987730702865,3367.7617913356803,0
2019-09-03,fixed_3pct,177.97251892089844,-0.009708310044760804,3.0,3.0,1408843.6131112908,-848.1038770040759,42265.308393338724,1437013.809497679,1394748.5011043402,-0.010004738549953762,3.0303175346575895,0.5936727139028531,6.708779110053766,3399.9842048334876,-1
2019-09-04,fixed_3pct,180.54173278808594,0.014436014519350726,3.0,3.0,1408843.6131112908,0.0,42265.308393338724,1457751.8529369847,1415486.544543646,0.014868661570803576,2.985920887504098,0.0,6.708779110053766,3449.0505531641534,0
2019-09-05,fixed_3pct,183.84896850585938,0.018318400220825204,3.0,3.0,1408843.6131112908,0.0,42265.308393338724,1484448.8260226238,1442183.517629285,0.01886063360231116,2.930647027697003,0.0,6.708779110053766,3512.215768563,0
2019-09-06,fixed_3pct,183.66690063476562,-0.0009903121707639517,3.0,3.0,1408843.6131112908,0.0,42265.308393338724,1482972.0495042272,1440706.7411108885,-0.0010239865456402875,2.9336510468986305,0.0,6.708779110053766,3508.72170552517,0
2019-09-09,fixed_3pct,183.28346252441406,-0.0020876821519085764,3.0,3.0,1408843.6131112908,0.0,42265.308393338724,1479869.366445588,1437604.0580522493,-0.002153584050177293,2.939982546418397,0.0,6.708779110053766,3501.3807368286575,0
2019-09-10,fixed_3pct,182.75621032714844,-0.0028767036043712,3.0,3.0,1408843.6131112908,0.0,42265.308393338724,1475605.5121260253,1433340.2037326866,-0.0029659448272145728,2.9487283119019434,0.0,6.708779110053766,3491.2924292268735,0
2019-09-11,fixed_3pct,184.47216796875,0.009389326023612865,3.0,3.0,1408843.6131112908,0.0,42265.308393338724,1489453.7445825066,1447188.436189168,0.009661511217237795,2.920511754822649,0.0,6.708779110053766,3524.057439072783,0
2019-09-12,fixed_3pct,185.2390594482422,0.004157220506142201,3.0,3.0,1408843.6131112908,0.0,42265.308393338724,1495639.0234533253,1453373.7150599866,0.004273996886753784,2.9080826187636304,0.0,6.708779110053766,3538.6918499074463,0
2019-09-13,fixed_3pct,184.57757568359375,-0.0035709734578589503,3.0,3.0,1408843.6131112908,0.0,42265.308393338724,1490291.4274189253,1448026.1190255866,-0.003679436320464413,2.9188222393239784,0.0,6.708779110053766,3526.0394022200126,0
2019-09-16,fixed_3pct,183.753173828125,-0.004466424767014754,3.0,3.0,1408843.6131112908,0.0,42265.308393338724,1483628.4440983215,1441363.1357049828,-0.004601424817590627,2.932315066644632,0.0,6.708779110053766,3510.2747394885932,0
2019-09-17,fixed_3pct,184.63514709472656,0.004799771607898906,3.0,3.0,1408843.6131112908,0.0,42265.308393338724,1490742.8130018658,1448477.504608527,0.0049358615655621385,2.917912653725441,0.0,6.708779110053766,3527.1073835032425,0
2019-09-18,fixed_3pct,184.55845642089844,-0.00041536335326652907,3.0,3.0,1408843.6131112908,0.0,42265.308393338724,1490116.9042890891,1447851.5958957504,-0.00043211490049743784,2.9191740723392448,0.0,6.708779110053766,3525.626479337226,0
2019-09-19,fixed_3pct,184.8651580810547,0.0016618130976171486,3.0,3.0,1408843.6131112908,0.0,42265.308393338724,1492586.4912985074,1450321.1829051687,0.0017056907050549963,2.9142033427848166,0.0,6.708779110053766,3531.4695385820214,0
2019-09-20,fixed_3pct,182.9095458984375,-0.01057858713300508,3.0,3.0,1408843.6131112908,0.0,42265.308393338724,1476790.3262676497,1434525.017874311,-0.0108914943924463,2.9462928751126105,0.0,6.708779110053766,3494.095707344705,0
2019-09-23,fixed_3pct,182.99024963378906,0.00044122210765529246,3.0,3.0,1408843.6131112908,0.0,42265.308393338724,1477435.2100288603,1435169.9016355216,0.0004495451478192525,2.9449689785978035,0.0,6.708779110053766,3495.6215066011755,0
2019-09-24,fixed_3pct,180.5599822998047,-0.013280856979254185,3.0,3.0,1408843.6131112908,0.0,42265.308393338724,1457806.8955292425,1415541.5871359038,-0.013676648651319456,2.9858047815363054,0.0,6.708779110053766,3449.180784302527,0
2019-09-25,fixed_3pct,182.58677673339844,0.01122504780836997,3.0,3.0,1408843.6131112908,0.0,42265.308393338724,1474164.1388478195,1431898.8304544808,0.011555466449892915,2.95169655107015,0.0,6.708779110053766,3487.882130490161,0
2019-09-26,fixed_3pct,181.91441345214844,-0.0036824314075697417,3.0,3.0,1408843.6131112908,0.0,42265.308393338724,1468728.9217439033,1426463.6133505646,-0.00379581084104319,2.962943323458731,0.0,6.708779110053766,3475.0223707710693,0
2019-09-27,fixed_3pct,179.6570281982422,-0.012409051108531521,3.0,3.0,1408843.6131112908,0.0,42265.308393338724,1450496.6807102947,1408231.372316956,-0.01278142734449672,3.0013042760011674,0.0,6.708779110053766,3431.8847675530083,0
2019-09-30,fixed_3pct,181.3668212890625,0.009516984155686137,3.0,3.0,1408843.6131112908,0.0,42265.308393338724,1464294.32585938,1422029.0174660413,0.00979785383305587,2.972183258865745,0.0,6.708779110053766,3464.530087494078,0
2019-10-01,fixed_3pct,179.88758850097656,-0.008156027533439136,3.0,3.0,1422029.0174660413,395.5621306425164,42660.87052398124,1452736.7907337358,1410075.9202097545,-0.00840566339327331,3.025430752525386,0.2768934914497615,6.771566749838293,3405.3144553557554,1
2019-10-02,fixed_3pct,176.79452514648438,-0.017194423363318334,3.0,3.0,1422029.0174660413,0.0,42660.87052398124,1427751.0477516418,1385090.1772276605,-0.01771943100650719,3.0800067190837694,0.0,6.771566749838293,3346.746163909268,0
2019-10-03,fixed_3pct,178.73489379882812,0.010975275680828123,3.0,3.0,1422029.0174660413,0.0,42660.87052398124,1443414.2375375575,1400753.3670135762,0.011308426009681627,3.0455661595113455,0.0,6.771566749838293,3383.4617526760535,0
2019-10-04,fixed_3pct,181.3668212890625,0.014725314314935511,3.0,3.0,1422029.0174660413,0.0,42660.87052398124,1464662.1943052013,1422001.32378122,0.015168949272593713,3.0000584254410136,0.0,6.771566749838293,3433.268417440898,0
2019-10-07,fixed_3pct,180.81935119628906,-0.003018579081236039,3.0,3.0,1422029.0174660413,0.0,42660.87052398124,1460234.2240776445,1417573.3535536632,-0.0031139002147919648,3.009429488571879,0.0,6.771566749838293,3422.88895219987,0
2019-10-08,fixed_3pct,178.11050415039062,-0.014980957668396022,3.0,3.0,1422029.0174660413,0.0,42660.87052398124,1438351.7454140445,1395690.8748900632,-0.015436575898343241,3.056613129131591,0.0,6.771566749838293,3371.59492468747,0
2019-10-09,fixed_3pct,179.84915161132812,0.009761622253729785,3.0,3.0,1422029.0174660413,0.0,42660.87052398124,1452385.6202540195,1409724.7497300382,0.010055145514281882,3.026184404590384,0.0,6.771566749838293,3404.491287718989,0
2019-10-10,fixed_3pct,181.24203491210938,0.007744731005411731,3.0,3.0,1422029.0174660413,0.0,42660.87052398124,1463627.1846322652,1420966.314108284,0.007974297379966133,3.0022436211482413,0.0,6.771566749838293,3430.8422839367677,0
2019-10-11,fixed_3pct,183.576171875,0.012878562989113052,3.0,3.0,1422029.0174660413,0.0,42660.87052398124,1482469.8279553803,1439808.957431399,0.0132604433588841,2.9629535435095287,0.0,6.771566749838293,3475.010729380287,0
2019-10-14,fixed_3pct,183.55699157714844,-0.00010448141311403258,3.0,3.0,1422029.0174660413,0.0,42660.87052398124,1482308.1658461068,1439647.2953221255,-0.00011228024970888484,2.9632862620309885,0.0,6.771566749838293,3474.631782332822,0
2019-10-15,fixed_3pct,185.89122009277344,0.012716641820989638,3.0,3.0,1422029.0174660413,0.0,42660.87052398124,1501151.37629275,1458490.5057687687,0.013088768692075314,2.9250015927594086,0.0,6.771566749838293,3518.801557152702,0
2019-10-16,fixed_3pct,185.43014526367188,-0.0024803475326670155,3.0,3.0,1422029.0174660413,0.0,42660.87052398124,1497421.2276136528,1454760.3570896715,-0.0025575405971745013,2.9325015846133358,0.0,6.771566749838293,3510.057833376601,0
2019-10-17,fixed_3pct,185.92002868652344,0.0026418758511728146,3.0,3.0,1422029.0174660413,0.0,42660.87052398124,1501370.4570271692,1458709.586503188,0.0027146941379521117,2.9245622925018053,0.0,6.771566749838293,3519.3150973869456,0
2019-10-18,fixed_3pct,184.13333129882812,-0.009610031798714003,3.0,3.0,1422029.0174660413,0.0,42660.87052398124,1486935.4676267386,1444274.5971027573,-0.009895725327365601,2.9537922088749444,0.0,6.771566749838293,3485.47849437549,0
2019-10-21,fixed_3pct,185.76634216308594,0.008868632597580195,3.0,3.0,1422029.0174660413,0.0,42660.87052398124,1500115.7804186814,1457454.9098947002,0.00912590501721966,2.927079955225747,0.0,6.771566749838293,3516.3740495530005,0
2019-10-22,fixed_3pct,184.2870330810547,-0.007963278303302901,3.0,3.0,1422029.0174660413,0.0,42660.87052398124,1488163.1694052813,1445502.2988813,-0.008201015984956705,2.9512834782066584,0.0,6.771566749838293,3488.356311362025,0
2019-10-23,fixed_3pct,184.64242553710938,0.0019284723950077076,3.0,3.0,1422029.0174660413,0.0,42660.87052398124,1491026.2794299969,1448365.4089060156,0.0019807025052338556,2.9454494191630824,0.0,6.771566749838293,3495.0676371965646,0
2019-10-24,fixed_3pct,186.43873596191406,0.009728589838328805,3.0,3.0,1422029.0174660413,0.0,42660.87052398124,1505525.090973991,1462864.2204500097,0.010010465214676412,2.9162563365489795,0.0,6.771566749838293,3529.053843680194,0
2019-10-25,fixed_3pct,187.92759704589844,0.007985792632108968,3.0,3.0,1422029.0174660413,0.0,42660.87052398124,1517541.1305861964,1474880.2600622152,0.008214049837454551,2.8924972202273334,0.0,6.771566749838293,3557.2202628474984,0
2019-10-28,fixed_3pct,189.78155517578125,0.009865278751103324,3.0,3.0,1422029.0174660413,0.0,42660.87052398124,1532505.325288944,1489844.4547649627,0.010146040399317657,2.8634445956783723,0.0,6.771566749838293,3592.297359303689,0
2019-10-29,fixed_3pct,188.31182861328125,-0.0077443066642525205,3.0,3.0,1422029.0174660413,0.0,42660.87052398124,1520630.3625185564,1477969.4919945751,-0.007970605745054704,2.8864513614830303,0.0,6.771566749838293,3564.4616339081836,0
2019-10-30,fixed_3pct,189.2244110107422,0.004846123603499342,3.0,3.0,1422029.0174660413,0.0,42660.87052398124,1527992.7536438056,1485331.8831198243,0.004981422935403934,2.8721439975001,0.0,6.771566749838293,3581.7195825501612,0
2019-10-31,fixed_3pct,189.31089782714844,0.00045705950909979975,3.0,3.0,1422029.0174660413,0.0,42660.87052398124,1528684.3656949443,1486023.495170963,0.00046562795762916664,2.8708072693745144,0.0,6.771566749838293,3583.3407685284214,0
2019-11-01,fixed_3pct,191.03030395507812,0.009082446640233055,3.0,3.0,1486023.495170963,1919.8343311476492,44580.70485512889,1544497.3986080007,1499916.6937528718,0.00934924557186112,2.9722120595634935,1.3438840318033545,7.076302357956967,3464.497485239537,1
2019-11-04,fixed_3pct,192.2118377685547,0.006185059590097408,3.0,3.0,1486023.495170963,0.0,44580.70485512889,1554043.1307527837,1509462.4258976548,0.006364174880205464,2.9534160036224426,0.0,7.076302357956967,3485.9097356196135,0
2019-11-05,fixed_3pct,192.31748962402344,0.0005496636247552811,3.0,3.0,1486023.495170963,0.0,44580.70485512889,1554890.2554307014,1510309.5505755725,0.0005612095163043396,2.95175944813031,0.0,7.076302357956967,3487.809940384591,0
2019-11-06,fixed_3pct,191.88522338867188,-0.002247669913935768,3.0,3.0,1486023.495170963,0.0,44580.70485512889,1551388.29908174,1506807.594226611,-0.0023187010554405196,2.958619602525333,0.0,7.076302357956967,3479.9546219001895,0
2019-11-07,fixed_3pct,192.52882385253906,0.0033540908075215814,3.0,3.0,1486023.495170963,0.0,44580.70485512889,1556584.7200122287,1512004.0151570998,0.0034486293740481067,2.948451486122335,0.0,7.076302357956967,3491.6108326922244,0
2019-11-08,fixed_3pct,193.2972412109375,0.003991180868517574,3.0,3.0,1486023.495170963,0.0,44580.70485512889,1562790.2548646103,1518209.5500094814,0.004104178818425064,2.9363999755402985,0.0,7.076302357956967,3505.530610032101,0
2019-11-11,fixed_3pct,193.0379180908203,-0.0013415769334969019,3.0,3.0,1486023.495170963,0.0,44580.70485512889,1560686.5752044322,1516105.8703493034,-0.0013856319505860526,2.9404743908060795,0.0,7.076302357956967,3500.811798010142,0
2019-11-12,fixed_3pct,193.5950164794922,0.002885953154601273,3.0,3.0,1486023.495170963,0.0,44580.70485512889,1565183.5672471293,1520602.8623920004,0.0029661464483750066,2.9317783069933685,0.0,7.076302357956967,3510.8991038464014,0
2019-11-13,fixed_3pct,193.6430206298828,0.0002479617051285299,3.0,3.0,1486023.495170963,0.0,44580.70485512889,1565564.596530945,1520983.8916758162,0.00025057777624870603,2.9310438525427105,0.0,7.076302357956967,3511.753799358852,0
2019-11-14,fixed_3pct,193.4893798828125,-0.0007934225905511516,3.0,3.0,1486023.495170963,0.0,44580.70485512889,1564315.3659107324,1519734.6610556035,-0.0008213306051757518,2.9334531874243925,0.0,7.076302357956967,3508.951621546114,0
2019-11-15,fixed_3pct,194.91102600097656,0.00734741162034358,3.0,3.0,1486023.495170963,0.0,44580.70485512889,1575801.958505749,1531221.25365062,0.00755828822581317,2.911447627104378,0.0,7.076302357956967,3534.7174604496126,0
2019-11-18,fixed_3pct,195.0647430419922,0.0007886523618980679,3.0,3.0,1486023.495170963,0.0,44580.70485512889,1577037.6421398502,1532456.9372847213,0.0008069922169346988,2.9091000060412178,0.0,7.076302357956967,3537.4892507075656,0
2019-11-19,fixed_3pct,195.35284423828125,0.0014769516612596068,3.0,3.0,1486023.495170963,0.0,44580.70485512889,1579359.7742029196,1534779.0693477907,0.001515300043069212,2.904698516254434,0.0,7.076302357956967,3542.698078317213,0
2019-11-20,fixed_3pct,194.18099975585938,-0.005998604663224216,3.0,3.0,1486023.495170963,0.0,44580.70485512889,1569878.7429941192,1525298.0381389903,-0.00617745667643832,2.922753700615889,0.0,7.076302357956967,3521.4309600883507,0
2019-11-21,fixed_3pct,193.7487335205078,-0.0022260995457590305,3.0,3.0,1486023.495170963,0.0,44580.70485512889,1566376.9603350852,1521796.2554799563,-0.002295802244200451,2.92947920555033,0.0,7.076302357956967,3513.5760312118027,0
2019-11-22,fixed_3pct,193.8736114501953,0.0006445354631146039,3.0,3.0,1486023.495170963,0.0,44580.70485512889,1567379.4695322688,1522798.76467714,0.0006587670284861069,2.9275506317199294,0.0,7.076302357956967,3515.8247825503954,0
2019-11-25,fixed_3pct,196.16940307617188,0.011841692166374873,3.0,3.0,1486023.495170963,0.0,44580.70485512889,1585932.818416008,1541352.1135608791,0.012183716794433419,2.892311527191355,0.0,7.076302357956967,3557.4422243203962,0
2019-11-26,fixed_3pct,196.54400634765625,0.001909590719093579,3.0,3.0,1486023.495170963,0.0,44580.70485512889,1588954.2247048032,1544373.5198496743,0.001960231060905926,2.886653020278946,0.0,7.076302357956967,3564.2196099597973,0
2019-11-27,fixed_3pct,197.91761779785156,0.0069888239062634305,3.0,3.0,1486023.495170963,0.0,44580.70485512889,1600052.0696740204,1555471.3648188915,0.007185985013714369,2.86605757350728,0.0,7.076302357956967,3589.113440161184,0
2019-11-29,fixed_3pct,197.01467895507812,-0.0045621953862423625,3.0,3.0,1486023.495170963,0.0,44580.70485512889,1592745.2432016481,1548164.5383465192,-0.004697499830363716,2.8795844208356733,0.0,7.076302357956967,3572.723330367907,0
2019-12-02,fixed_3pct,194.9974822998047,-0.010238814011078734,3.0,3.0,1548164.5383465192,1864.2312952666834,46444.93615039557,1578273.9008545051,1531828.9647041096,-0.010551574614838022,3.0319922929102563,1.3049619066866784,7.372212087364377,3398.1614179505395,1
2019-12-03,fixed_3pct,193.4701385498047,-0.007832633180626103,3.0,3.0,1548164.5383465192,0.0,46444.93615039557,1565904.4881184688,1519459.5519680732,-0.00807493070117371,3.0566747295272174,0.0,7.372212087364377,3371.5289930593044,0
2019-12-04,fixed_3pct,194.44993591308594,0.0050643338068889765,3.0,3.0,1548164.5383465192,0.0,46444.93615039557,1573827.378943919,1527382.4427935234,0.0052142821539329365,3.0408190410680365,0.0,7.372212087364377,3388.587668303888,0
2019-12-05,fixed_3pct,194.83416748046875,0.0019759922551711995,3.0,3.0,1548164.5383465192,0.0,46444.93615039557,1576929.8774436014,1530484.9412932058,0.0020312519070260215,3.034654892530418,0.0,7.372212087364377,3395.267618276553,0
2019-12-06,fixed_3pct,196.91864013671875,0.01069870178935095,3.0,3.0,1548164.5383465192,0.0,46444.93615039557,1593793.607733001,1547348.6715826055,0.011018553554110966,3.0015818026904286,0.0,7.372212087364377,3431.5767010036607,0
2019-12-09,fixed_3pct,196.0253143310547,-0.004536522317256653,3.0,3.0,1548164.5383465192,0.0,46444.93615039557,1586555.955250332,1540111.0190999364,-0.004677454161166272,3.015687542936916,0.0,7.372212087364377,3415.9934037003063,0
2019-12-10,fixed_3pct,195.8619842529297,-0.0008332091122127405,3.0,3.0,1548164.5383465192,0.0,46444.93615039557,1585226.6501592947,1538781.7140088992,-0.000863122901240021,3.0182927004893543,0.0,7.372212087364377,3413.131293853212,0
2019-12-11,fixed_3pct,196.8994140625,0.005296738994692296,3.0,3.0,1548164.5383465192,0.0,46444.93615039557,1593615.8097605316,1547170.873610136,0.005451819140338765,3.0019267388366697,0.0,7.372212087364377,3431.193886455497,0
2019-12-12,fixed_3pct,198.3690948486328,0.0074641196528209,3.0,3.0,1548164.5383465192,0.0,46444.93615039557,1605503.376633124,1559058.4404827284,0.0076834220934201,2.979037536015322,0.0,7.372212087364377,3456.788855160155,0
2019-12-13,fixed_3pct,199.02230834960938,0.0032929197034194946,3.0,3.0,1548164.5383465192,0.0,46444.93615039557,1610782.7981238584,1564337.8619734629,0.003386288386405756,2.968983700989234,0.0,7.372212087364377,3468.1559102759993,0
2019-12-16,fixed_3pct,201.0203094482422,0.010039081122117599,3.0,3.0,1548164.5383465192,0.0,46444.93615039557,1626946.205092248,1580501.2689418525,0.010332427131821031,2.938620617589919,0.0,7.372212087364377,3502.957135787539,0
2019-12-17,fixed_3pct,201.13555908203125,0.0005733233328781839,3.0,3.0,1548164.5383465192,0.0,46444.93615039557,1627871.5991008778,1581426.6629504822,0.0005855066533728692,2.936901042489244,0.0,7.372212087364377,3504.949589831685,0
2019-12-18,fixed_3pct,201.28927612304688,0.0007642459728014472,3.0,3.0,1548164.5383465192,0.0,46444.93615039557,1629108.3212026411,1582663.3850522456,0.0007820293730573802,2.934606094325128,0.0,7.372212087364377,3507.612360424713,0
2019-12-19,fixed_3pct,202.54763793945312,0.006251509472551486,3.0,3.0,1548164.5383465192,0.0,46444.93615039557,1639285.3350923646,1592840.398941969,0.006430308545608776,2.9158562390335048,0.0,7.372212087364377,3529.524359306074,0
2019-12-20,fixed_3pct,203.3641357421875,0.00403113959284207,3.0,3.0,1548164.5383465192,0.0,46444.93615039557,1645886.1508985334,1599441.2147481379,0.0041440534849275235,2.903822642691448,0.0,7.372212087364377,3543.7364916789006,0
2019-12-23,fixed_3pct,203.90130615234375,0.0026414215475891734,3.0,3.0,1548164.5383465192,0.0,46444.93615039557,1650226.257830308,1603781.3216799125,0.0027135145022869622,2.8959644012904393,0.0,7.372212087364377,3553.0811205911264,0
2019-12-24,fixed_3pct,204.00717163085938,0.0005191996094253692,3.0,3.0,1548164.5383465192,0.0,46444.93615039557,1651075.6824467499,1604630.7462963543,0.0005296386763951055,2.8944313984756342,0.0,7.372212087364377,3554.9100059053208,0
2019-12-26,fixed_3pct,205.80734252929688,0.008824056939012115,3.0,3.0,1548164.5383465192,0.0,46444.93615039557,1665637.496067191,1619192.5599167955,0.009074868878121256,2.868401035191405,0.0,7.372212087364377,3586.2628611946207,0
2019-12-27,fixed_3pct,205.63404846191406,-0.0008420208203122614,3.0,3.0,1548164.5383465192,0.0,46444.93615039557,1664227.6224043225,1617782.686253927,-0.0008707263717546709,2.870900804232342,0.0,7.372212087364377,3583.2272801825097,0
2019-12-30,fixed_3pct,204.286376953125,-0.006553737179563757,3.0,3.0,1548164.5383465192,0.0,46444.93615039557,1653313.339748027,1606868.4035976315,-0.00674644545836256,2.8904007351448073,0.0,7.372212087364377,3559.7278773176777,0
2019-12-31,fixed_3pct,204.67144775390625,0.0018849558473965633,3.0,3.0,1548164.5383465192,0.0,46444.93615039557,1656422.3901832765,1609977.454032881,0.0019348506873919646,2.884819041040249,0.0,7.372212087364377,3566.4219341792955,0
2020-01-02,fixed_3pct,208.0889129638672,0.016697322696764383,3.0,3.0,1609977.454032881,1854.387470590853,48299.323620986426,1685956.5738260562,1637657.2502050698,0.017192660743697186,2.9492937923938793,1.298071229413597,7.666559304918481,3490.642202478991,1
2020-01-03,fixed_3pct,206.1827850341797,-0.009160160926106053,3.0,3.0,1609977.454032881,0.0,48299.323620986426,1670505.2737360783,1622205.9501150919,-0.009435002402391035,2.977385431089049,0.0,7.666559304918481,3458.6514851529532,0
2020-01-06,fixed_3pct,207.51129150390625,0.0064433433155262065,3.0,3.0,1609977.454032881,0.0,48299.323620986426,1681261.246165852,1632961.9225448656,0.006630460472057065,2.9577740273156556,0.0,7.666559304918481,3480.9208910646753,0
2020-01-07,fixed_3pct,207.48239135742188,-0.0001392702357299047,3.0,3.0,1609977.454032881,0.0,48299.323620986426,1681019.4299564702,1632720.1063354837,-0.00014808441399849492,2.9582120924198447,0.0,7.666559304918481,3480.420229375747,0
2020-01-08,fixed_3pct,209.0419158935547,0.007516418747296472,3.0,3.0,1609977.454032881,0.0,48299.323620986426,1693647.0093550598,1645347.6857340734,0.00773407478084609,2.9355086490085918,0.0,7.666559304918481,3506.5646522204243,0
2020-01-09,fixed_3pct,210.813232421875,0.008473499301557608,3.0,3.0,1609977.454032881,0.0,48299.323620986426,1707990.4595466102,1659691.1359256238,0.008717580068890562,2.91013927685102,0.0,7.666559304918481,3536.2616523360075,0
2020-01-10,fixed_3pct,210.27410888671875,-0.002557351495267479,3.0,3.0,1609977.454032881,0.0,48299.323620986426,1703614.8610316813,1655315.5374106949,-0.002636393254271785,2.9178318290021004,0.0,7.666559304918481,3527.2023152958764,0
2020-01-13,fixed_3pct,212.69996643066406,0.011536644034726207,3.0,3.0,1609977.454032881,0.0,48299.323620986426,1723261.1926963686,1674961.8690753821,0.011868632427276538,2.883607353261646,0.0,7.666559304918481,3567.8785198300343,0
2020-01-14,fixed_3pct,211.8625030517578,-0.003937299064780242,3.0,3.0,1609977.454032881,0.0,48299.323620986426,1716468.5314546882,1668169.2078337017,-0.004055412464661123,2.895349188450033,0.0,7.666559304918481,3553.814842054785,0
2020-01-15,fixed_3pct,211.94915771484375,0.0004090136849972392,3.0,3.0,1609977.454032881,0.0,48299.323620986426,1717162.9240146154,1668863.600393629,0.00041626026704388863,2.8941444710996294,0.0,7.666559304918481,3555.252527943259,0
2020-01-16,fixed_3pct,213.98036193847656,0.009583450321447362,3.0,3.0,1609977.454032881,0.0,48299.323620986426,1733611.603031436,1685312.2794104496,0.009856215338953422,2.8658975675346254,0.0,7.666559304918481,3589.3082409091303,0
2020-01-17,fixed_3pct,215.03927612304688,0.004948651245270774,3.0,3.0,1609977.454032881,0.0,48299.323620986426,1742182.9756902885,1693883.652069302,0.005085925477176678,2.8513955820981236,0.0,7.666559304918481,3607.054602589293,0
2020-01-21,fixed_3pct,214.9430389404297,-0.0004475330476936268,3.0,3.0,1609977.454032881,0.0,48299.323620986426,1741395.6246742331,1693096.3010532467,-0.0004648200099773847,2.8527215841733415,0.0,7.666559304918481,3605.4244534339264,0
2020-01-22,fixed_3pct,215.51097106933594,0.002642244809163863,3.0,3.0,1609977.454032881,0.0,48299.323620986426,1745989.1516649246,1697689.8280439381,0.0027130925676430717,2.8450028281453767,0.0,7.666559304918481,3614.934994464972,0
2020-01-23,fixed_3pct,216.2041015625,0.0032162190617250896,3.0,3.0,1609977.454032881,0.0,48299.323620986426,1751596.9686967698,1703297.6450757834,0.003303204707485685,2.8356361414940774,0.0,7.666559304918481,3626.545544285195,0
2020-01-24,fixed_3pct,214.3846893310547,-0.008415253079365637,3.0,3.0,1609977.454032881,0.0,48299.323620986426,1736849.170352832,1688549.8467318455,-0.008658380046830727,2.8604025942419646,0.0,7.666559304918481,3596.011372710316,0
2020-01-27,fixed_3pct,209.95645141601562,-0.020655569802379592,3.0,3.0,1609977.454032881,0.0,48299.323620986426,1700965.894519099,1652666.5708981126,-0.021250942578440513,2.9225086579163397,0.0,7.666559304918481,3521.717835775274,0
2020-01-28,fixed_3pct,213.18138122558594,0.015359993883590217,3.0,3.0,1609977.454032881,0.0,48299.323620986426,1727085.053695803,1678785.7300748166,0.015804252132062047,2.8770392049278333,0.0,7.666559304918481,3575.79552717664,0
2020-01-29,fixed_3pct,213.52789306640625,0.0016254320092505825,3.0,3.0,1609977.454032881,0.0,48299.323620986426,1729884.6464654736,1681585.3228444871,0.0016676295965094567,2.8722493568917256,0.0,7.666559304918481,3581.591866669175,0
2020-01-30,fixed_3pct,214.2884063720703,0.0035616578927584186,3.0,3.0,1609977.454032881,0.0,48299.323620986426,1736038.2372108141,1687738.9135898277,0.0036593984627146803,2.861776974630132,0.0,7.666559304918481,3594.3323985938637,0
2020-01-31,fixed_3pct,210.8902130126953,-0.01585803645146666,3.0,3.0,1609977.454032881,0.0,48299.323620986426,1708500.4130046803,1660201.0893836939,-0.016316400590397517,2.909245387793131,0.0,7.666559304918481,3537.317471382402,0
2020-02-03,fixed_3pct,214.07664489746094,0.015109434616455086,3.0,3.0,1660201.0893836939,1506.7090605243939,49806.03268151082,1735835.3865180402,1686029.3538365294,0.015557310869145136,2.9540430341961774,1.0546963423670757,7.905719473255686,3485.191036230484,1
2020-02-04,fixed_3pct,218.9766082763672,0.022888827416242652,3.0,3.0,1660201.0893836939,0.0,49806.03268151082,1775558.7173835852,1725752.6847020744,0.023560284270944143,2.8860469476893265,0.0,7.905719473255686,3564.947099355526,0
2020-02-05,fixed_3pct,219.69857788085938,0.0032970170201056526,3.0,3.0,1660201.0893836939,0.0,49806.03268151082,1781404.8589755225,1731598.8262940117,0.003387589452278128,2.8763032132625246,0.0,7.905719473255686,3576.684917602004,0
2020-02-06,fixed_3pct,221.59498596191406,0.008631863252583694,3.0,3.0,1660201.0893836939,0.0,49806.03268151082,1796773.796396214,1746967.7637147033,0.008875576252026285,2.850998954646116,0.0,7.905719473255686,3607.5424996924503,0
2020-02-07,fixed_3pct,220.64195251464844,-0.004300789763489576,3.0,3.0,1660201.0893836939,0.0,49806.03268151082,1789038.3443258936,1739232.3116443828,-0.00442793062985436,2.863679127167375,0.0,7.905719473255686,3592.011344822546,0
2020-02-10,fixed_3pct,223.30856323242188,0.012085692169518047,3.0,3.0,1660201.0893836939,0.0,49806.03268151082,1810652.2053154074,1760846.1726338966,0.012427242091126223,2.828528320961184,0.0,7.905719473255686,3635.407415189615,0
2020-02-11,fixed_3pct,223.3469696044922,0.00017198790549888265,3.0,3.0,1660201.0893836939,0.0,49806.03268151082,1810955.7098763133,1761149.6771948026,0.00017236290462108173,2.828040871622164,0.0,7.905719473255686,3636.0167882807154,0
2020-02-12,fixed_3pct,225.522705078125,0.009741504339573881,3.0,3.0,1660201.0893836939,0.0,49806.03268151082,1828589.2370633762,1778783.2043818654,0.010012509110043366,2.8000057881600373,0.0,7.905719473255686,3671.421188586643,0
2020-02-13,fixed_3pct,225.23388671875,-0.001280662003743438,3.0,3.0,1660201.0893836939,0.0,49806.03268151082,1826239.5265875417,1776433.493906031,-0.0013209650676070384,2.8037093903243777,0.0,7.905719473255686,3666.703465954808,0
2020-02-14,fixed_3pct,225.8788604736328,0.002863573347150039,3.0,3.0,1660201.0893836939,0.0,49806.03268151082,1831461.1917019165,1781655.1590204057,0.002939409289617334,2.7954922943054425,0.0,7.905719473255686,3677.187467255946,0
2020-02-18,fixed_3pct,225.96546936035156,0.00038343068730362084,3.0,3.0,1660201.0893836939,0.0,49806.03268151082,1832155.5244059474,1782349.4917244366,0.000389712173265222,2.7944032813296964,0.0,7.905719473255686,3678.581540757987,0
2020-02-19,fixed_3pct,228.1314697265625,0.009585536995286636,3.0,3.0,1660201.0893836939,0.0,49806.03268151082,1849709.8132467861,1799903.7805652753,0.009848959994851914,2.7671497342968414,0.0,7.905719473255686,3713.8268471912284,0
2020-02-20,fixed_3pct,226.0135955810547,-0.009283568584581015,3.0,3.0,1660201.0893836939,0.0,49806.03268151082,1832529.999614464,1782723.966932953,-0.00954485112916803,2.79381629491404,0.0,7.905719473255686,3679.333407928197,0
2020-02-21,fixed_3pct,221.67202758789062,-0.019209322262240036,3.0,3.0,1660201.0893836939,0.0,49806.03268151082,1797320.4345771738,1747514.401895663,-0.019750430066784563,2.8501071365982673,0.0,7.905719473255686,3608.640033769206,0
2020-02-24,fixed_3pct,213.1236114501953,-0.038563350688466835,3.0,3.0,1660201.0893836939,0.0,49806.03268151082,1728001.8306395533,1678195.7979580425,-0.03966697147813225,2.9678320457072225,0.0,7.905719473255686,3469.4629096226504,0
2020-02-25,fixed_3pct,207.32835388183594,-0.027192001528716925,3.0,3.0,1660201.0893836939,0.0,49806.03268151082,1681006.0964997036,1631200.0638181928,-0.028003725308472394,3.0533368521901925,0.0,7.905719473255686,3375.105395864491,0
2020-02-26,fixed_3pct,208.39691162109375,0.005153939242998229,3.0,3.0,1660201.0893836939,0.0,49806.03268151082,1689661.9940686994,1639855.9613871886,0.00530645980281208,3.0372199665255266,0.0,7.905719473255686,3392.4846109976193,0
2020-02-27,fixed_3pct,197.96165466308594,-0.05007395204100307,3.0,3.0,1660201.0893836939,0.0,49806.03268151082,1605046.0346927245,1555240.0020112137,-0.05159962909449467,3.202466025636068,0.0,7.905719473255686,3222.59362627081,0
2020-02-28,fixed_3pct,198.1156768798828,0.0007780406617585722,3.0,3.0,1660201.0893836939,0.0,49806.03268151082,1606286.9200522364,1556480.8873707256,0.0007978738702112409,3.199912898747206,0.0,7.905719473255686,3225.0850621325,0
2020-03-02,fixed_3pct,208.3391571044922,0.051603590314601266,3.0,3.0,1556480.8873707256,-3111.6060603890583,46694.42662112176,1685895.2137605422,1639200.7871394204,0.05314546451542279,2.8486093337356495,2.178124242272341,7.4118137493844065,3610.484881718077,-1
2020-03-03,fixed_3pct,201.65830993652344,-0.032067169997323064,3.0,3.0,1556480.8873707256,0.0,46694.42662112176,1631825.91352946,1585131.4869083383,-0.03298515999704876,2.9457762341340654,0.0,7.4118137493844065,3494.6909762273854,0
2020-03-04,fixed_3pct,210.07196044921875,0.04172230995758963,3.0,3.0,1556480.8873707256,0.0,46694.42662112176,1699902.0482768137,1653207.6216556919,0.04294668001335977,2.8244744343942214,0.0,7.4118137493844065,3640.4816833276623,0
2020-03-05,fixed_3pct,203.6894989013672,-0.03038226298361424,3.0,3.0,1556480.8873707256,0.0,46694.42662112176,1648247.7653859337,1601553.3387648119,-0.031244885526929833,2.9155711202934116,0.0,7.4118137493844065,3529.8597384218983,0
2020-03-06,fixed_3pct,200.25279235839844,-0.016872281396464683,3.0,3.0,1556480.8873707256,0.0,46694.42662112176,1620430.6534634987,1573736.2268423769,-0.017368832650861754,2.967106292953032,0.0,7.4118137493844065,3470.2870786093195,0
2020-03-09,fixed_3pct,186.3423614501953,-0.06946435425133657,3.0,3.0,1556480.8873707256,0.0,46694.42662112176,1507861.072697836,1461166.6460767142,-0.07153014517021572,3.1956948063725656,0.0,7.4118137493844065,3229.209954611092,0
2020-03-10,fixed_3pct,196.48880004882812,0.05445052064205336,3.0,3.0,1556480.8873707256,0.0,46694.42662112176,1589957.4813483688,1543263.054727247,0.056185520570815495,3.025694581237444,0.0,7.4118137493844065,3405.026244886295,0
2020-03-11,fixed_3pct,187.93072509765625,-0.043555026795650265,3.0,3.0,1556480.8873707256,0.0,46694.42662112176,1520699.4288305466,1474005.0022094247,-0.04487767157107425,3.167860797699483,0.0,7.4118137493844065,3256.704362534507,0
2020-03-12,fixed_3pct,170.6990966796875,-0.09169138473240346,3.0,3.0,1556480.8873707256,0.0,46694.42662112176,1381256.9806255493,1334562.5540044275,-0.09460106851468164,3.4988563466742417,0.0,7.4118137493844065,2958.0767568537854,0
2020-03-13,fixed_3pct,185.1582794189453,0.08470567812312502,3.0,3.0,1556480.8873707256,0.0,46694.42662112176,1498249.8780179871,1451555.4513968653,0.08766385437789648,3.2168544836634827,0.0,7.4118137493844065,3208.6267814674666,0
2020-03-16,fixed_3pct,162.97854614257812,-0.11978796382192869,3.0,3.0,1556480.8873707256,0.0,46694.42662112176,1318770.16402001,1272075.7373988882,-0.12364647442525167,3.6707269267316955,0.0,7.4118137493844065,2824.2560396350973,0
2020-03-17,fixed_3pct,175.33912658691406,0.0758417640658211,3.0,3.0,1556480.8873707256,0.0,46694.42662112176,1418780.6078429103,1372086.1812217885,0.078619881570416,3.4031700967604106,0.0,7.4118137493844065,3038.436726838699,0
2020-03-18,fixed_3pct,170.00601196289062,-0.030415998572799197,3.0,3.0,1556480.8873707256,0.0,46694.42662112176,1375619.5670858957,1328925.1404647739,-0.031456508598156296,3.513698793055492,0.0,7.4118137493844065,2946.0037666757594,0
2020-03-19,fixed_3pct,171.0264129638672,0.006002146566436162,3.0,3.0,1556480.8873707256,0.0,46694.42662112176,1383868.8255334531,1337174.3989123313,0.006207466618226798,3.4920221819310475,0.0,7.4118137493844065,2963.6702400527474,0
2020-03-20,fixed_3pct,164.32632446289062,-0.03917575294286324,3.0,3.0,1556480.8873707256,0.0,46694.42662112176,1329647.310505275,1282952.883884153,-0.040549321817918815,3.6396057257967187,0.0,7.4118137493844065,2847.5503539084516,0
2020-03-23,fixed_3pct,164.44496154785156,0.000721960314932657,3.0,3.0,1556480.8873707256,0.0,46694.42662112176,1330599.8512825673,1283905.4246614454,0.0007424596719471932,3.6369054701544448,0.0,7.4118137493844065,2849.590299242873,0
2020-03-24,fixed_3pct,177.17913818359375,0.07743731711741564,3.0,3.0,1556480.8873707256,0.0,46694.42662112176,1433630.522108972,1386936.0954878503,0.080247866273774,3.3667323803190192,0.0,7.4118137493844065,3070.2390538841814,0
2020-03-25,fixed_3pct,175.86712646484375,-0.007405001131625788,3.0,3.0,1556480.8873707256,0.0,46694.42662112176,1423007.0746566723,1376312.6480355505,-0.007659651722138672,3.39271942954023,0.0,7.4118137493844065,3047.488057199934,0
2020-03-26,fixed_3pct,185.12835693359375,0.0526603843191884,3.0,3.0,1556480.8873707256,0.0,46694.42662112176,1497935.7622832672,1451241.3356621454,0.05444161814072013,3.217550759730593,0.0,7.4118137493844065,3207.9540764843455,0
2020-03-27,fixed_3pct,178.76123046875,-0.034393037189476394,3.0,3.0,1556480.8873707256,0.0,46694.42662112176,1446409.7900898627,1399715.3634687408,-0.035504757842289014,3.335994434283036,0.0,7.4118137493844065,3097.606919613814,0
2020-03-30,fixed_3pct,185.263427734375,0.036373643482845,3.0,3.0,1556480.8873707256,0.0,46694.42662112176,1499013.5723109385,1452319.1456898167,0.0375817709757178,3.2151629178546037,0.0,7.4118137493844065,3210.2622963419676,0
2020-03-31,fixed_3pct,183.6813201904297,-0.008539772599984952,3.0,3.0,1556480.8873707256,0.0,46694.42662112176,1486204.9254653626,1439510.4988442408,-0.008819443635091684,3.243771174896741,0.0,7.4118137493844065,3182.831513329029,0
2020-04-01,fixed_3pct,175.8767852783203,-0.04248954060226762,3.0,3.0,1439510.4988442408,-3509.111655794535,43185.31496532723,1419687.5430082153,1376502.228042888,-0.04377062261924525,3.137322561891392,2.4563781590561744,6.85481189925829,3287.4312579358484,-1
2020-04-02,fixed_3pct,179.4462127685547,0.020295046242662762,3.0,3.0,1439510.4988442408,0.0,43185.31496532723,1448493.3125318,1405307.9975664727,0.020926787430297855,3.073014245995174,0.0,6.85481189925829,3354.133954319359,0
2020-04-03,fixed_3pct,176.8993682861328,-0.014192801526030197,3.0,3.0,1439510.4988442408,0.0,43185.31496532723,1427928.2796233548,1384742.9646580275,-0.014633826139221484,3.1186520580006816,0.0,6.85481189925829,3306.513523798112,0
2020-04-06,fixed_3pct,189.5467987060547,0.07149505700588366,3.0,3.0,1439510.4988442408,0.0,43185.31496532723,1530011.2385634405,1486825.9235981132,0.07371978883120445,2.9045306703301836,0.0,6.85481189925829,3542.89702365691,0
2020-04-07,fixed_3pct,189.46958923339844,-0.00040733725488018013,3.0,3.0,1439510.4988442408,0.0,43185.31496532723,1529381.1531736888,1486195.8382083615,-0.000423778856523338,2.905762070857901,0.0,6.85481189925829,3541.437996693097,0
2020-04-08,fixed_3pct,193.49241638183594,0.021232046602908783,3.0,3.0,1439510.4988442408,0.0,43185.31496532723,1561846.1902795837,1518660.8753142564,0.02184438703921554,2.843644401940024,0.0,6.85481189925829,3616.614100264324,0
2020-04-09,fixed_3pct,193.772216796875,0.0014460536504279364,3.0,3.0,1439510.4988442408,0.0,43185.31496532723,1564097.848852545,1520912.5338872178,0.001482660552834414,2.839434484437591,0.0,6.85481189925829,3621.828045270327,0
2020-04-13,fixed_3pct,195.86563110351562,0.010803480195693327,3.0,3.0,1439510.4988442408,0.0,43185.31496532723,1580988.6941748506,1537803.3792095233,0.011105730899025001,2.8082468506166087,0.0,6.85481189925829,3660.940519813738,0
2020-04-14,fixed_3pct,204.384033203125,0.043491050735222414,3.0,3.0,1439510.4988442408,0.0,43185.31496532723,1649740.6988731227,1606555.3839077954,0.044707929263110735,2.6880688582476995,0.0,6.85481189925829,3820.1427966837155,0
2020-04-15,fixed_3pct,202.03982543945312,-0.011469622782823263,3.0,3.0,1439510.4988442408,0.0,43185.31496532723,1630811.9405556773,1587626.62559035,-0.011782200916972463,2.720117833074827,0.0,6.85481189925829,3776.3113268133607,0
2020-04-16,fixed_3pct,205.72503662109375,0.018240023587552612,3.0,3.0,1439510.4988442408,0.0,43185.31496532723,1660551.134006376,1617365.8190410486,0.018731856074560627,2.670101869157356,0.0,6.85481189925829,3845.175461472505,0
2020-04-17,fixed_3pct,207.69302368164062,0.009566103829022676,3.0,3.0,1439510.4988442408,0.0,43185.31496532723,1676429.283755783,1633243.9687904557,0.009817290289231728,2.6441435444154315,0.0,6.85481189925829,3881.9429361618877,0
2020-04-20,fixed_3pct,205.2329864501953,-0.011844582874464549,3.0,3.0,1439510.4988442408,0.0,43185.31496532723,1656565.823359259,1613380.5083939317,-0.012161967701147858,2.6766974523769855,0.0,6.85481189925829,3835.947068324703,0
2020-04-21,fixed_3pct,197.66001892089844,-0.0368993681780031,3.0,3.0,1439510.4988442408,0.0,43185.31496532723,1595432.7363201294,1552247.421354802,-0.03789130135208185,2.7821154263947863,0.0,6.85481189925829,3694.3871721233845,0
2020-04-22,fixed_3pct,203.52545166015625,0.0296743507932431,3.0,3.0,1439510.4988442408,0.0,43185.31496532723,1642769.3121928172,1599583.99722749,0.030495509428112078,2.6997841338859985,0.0,6.85481189925829,3803.9998400191585,0
2020-04-23,fixed_3pct,203.0913543701172,-0.002132889456813003,3.0,3.0,1439510.4988442408,0.0,43185.31496532723,1639258.6120349658,1596073.2970696385,-0.002194758239602579,2.705722540726336,0.0,6.85481189925829,3795.8704558507893,0
2020-04-24,fixed_3pct,206.29417419433594,0.01577034056497495,3.0,3.0,1439510.4988442408,0.0,43185.31496532723,1665103.423808926,1621918.1088435987,0.016192747426706955,2.6626076082298415,0.0,6.85481189925829,3855.71675266421,0
2020-04-27,fixed_3pct,207.95347595214844,0.008043376718187778,3.0,3.0,1439510.4988442408,0.0,43185.31496532723,1678489.6231094662,1635304.308144139,0.008253313917361949,2.640812156505417,0.0,6.85481189925829,3886.7138620086425,0
2020-04-28,fixed_3pct,204.0367889404297,-0.018834438779085416,3.0,3.0,1439510.4988442408,0.0,43185.31496532723,1646869.3582497814,1603684.0432844542,-0.019336012693300875,2.6928817522484514,0.0,6.85481189925829,3813.493914706945,0
2020-04-29,fixed_3pct,211.27207946777344,0.03546071551565211,3.0,3.0,1439510.4988442408,0.0,43185.31496532723,1705261.669242222,1662076.3542768948,0.036411356237509906,2.5982750343690126,0.0,6.85481189925829,3948.707264521165,0
2020-04-30,fixed_3pct,211.18527221679688,-0.00041087895378910666,3.0,3.0,1439510.4988442408,0.0,43185.31496532723,1704554.1582997278,1661368.8433344006,-0.00042567896515322,2.599381536411471,0.0,6.85481189925829,3947.068950795626,0
2020-05-01,fixed_3pct,205.2329864501953,-0.0281851367006839,3.0,3.0,1661368.8433344006,6655.750334704782,49841.06530003201,1662966.7844458285,1613125.7191457965,-0.0290381779953085,3.08971983451014,4.659025234293347,7.911280206354287,3336.5394066823055,1
2020-05-04,fixed_3pct,207.6254425048828,0.011657268629514883,3.0,3.0,1661368.8433344006,0.0,49841.06530003201,1682344.5236938677,1632503.4583938357,0.012012541253325404,3.053045005434104,0.0,7.911280206354287,3375.41846982309,0
2020-05-05,fixed_3pct,209.9794158935547,0.011337596010741802,3.0,3.0,1661368.8433344006,0.0,49841.06530003201,1701410.3549741863,1651569.2896741542,0.011678891816300885,3.0178004405655536,0.0,7.911280206354287,3413.671727785268,0
2020-05-06,fixed_3pct,211.27207946777344,0.006156144252130069,3.0,3.0,1661368.8433344006,0.0,49841.06530003201,1711876.571271269,1662035.5059712369,0.0063371342410631915,2.9987966635470036,0.0,7.911280206354287,3434.6709103550593,0
2020-05-07,fixed_3pct,213.9926300048828,0.012876999857069915,3.0,3.0,1661368.8433344006,0.0,49841.06530003201,1733912.4943546439,1684071.4290546118,0.01325839490444447,2.95955767909508,0.0,7.911280206354287,3478.88329416091,0
2020-05-08,fixed_3pct,216.92530822753906,0.013704575819220244,3.0,3.0,1661368.8433344006,0.0,49841.06530003201,1757667.118317214,1707826.053017182,0.014105472934663688,2.9183923744446223,0.0,7.911280206354287,3526.544041016084,0
2020-05-11,fixed_3pct,218.86441040039062,0.008939031543601983,3.0,3.0,1661368.8433344006,0.0,49841.06530003201,1773371.0488507973,1723529.9835507653,0.009195275189671337,2.891801464187523,0.0,7.911280206354287,3558.052056422756,0
2020-05-12,fixed_3pct,214.2820281982422,-0.020937082432751053,3.0,3.0,1661368.8433344006,0.0,49841.06530003201,1736233.9217369475,1686392.8564369155,-0.021547131450153856,2.955483659088689,0.0,7.911280206354287,3483.54095420154,0
2020-05-13,fixed_3pct,211.60011291503906,-0.012515819948847762,3.0,3.0,1661368.8433344006,0.0,49841.06530003201,1714495.6193031997,1664654.5540031677,-0.012890414206140233,2.9940785720481182,0.0,7.911280206354287,3439.9257098184426,0
2020-05-14,fixed_3pct,214.00222778320312,0.011352143602723741,3.0,3.0,1661368.8433344006,0.0,49841.06530003201,1733950.908499564,1684109.843199532,0.011687283196131215,2.9594901722884166,0.0,7.911280206354287,3478.96036744313,0
2020-05-15,fixed_3pct,215.3914031982422,0.006491406325201288,3.0,3.0,1661368.8433344006,0.0,49841.06530003201,1745198.7771143802,1695357.7118143481,0.006678821253990774,2.9398554035356232,0.0,7.911280206354287,3501.5278397616016,0
2020-05-18,fixed_3pct,219.40463256835938,0.018632263454003706,3.0,3.0,1661368.8433344006,0.0,49841.06530003201,1777707.869228974,1727866.803928942,0.01917535862080877,2.8845432522171257,0.0,7.911280206354287,3566.7533559476956,0
2020-05-19,fixed_3pct,218.85475158691406,-0.0025062414362375662,3.0,3.0,1661368.8433344006,0.0,49841.06530003201,1773244.5928253804,1723403.5275253484,-0.0025831136945536626,2.892013652287185,0.0,7.911280206354287,3557.7983378783065,0
2020-05-20,fixed_3pct,223.2248992919922,0.019968255993485284,3.0,3.0,1661368.8433344006,0.0,49841.06530003201,1808645.2835137749,1758804.2182137428,0.02054115018507985,2.8338040575460433,0.0,7.911280206354287,3628.8254928463843,0
2020-05-21,fixed_3pct,220.7938232421875,-0.01089070286296645,3.0,3.0,1661368.8433344006,0.0,49841.06530003201,1788939.9538663141,1739098.888566282,-0.01120382214427118,2.865913239765286,0.0,7.911280206354287,3589.2891596463637,0
2020-05-22,fixed_3pct,221.555908203125,0.003451568299089436,3.0,3.0,1661368.8433344006,0.0,49841.06530003201,1795106.6910198473,1745265.6257198153,0.0035459381833180537,2.855786796320796,0.0,7.911280206354287,3601.6619633101914,0
2020-05-26,fixed_3pct,220.9578094482422,-0.002699538729224349,3.0,3.0,1661368.8433344006,0.0,49841.06530003201,1790252.819704143,1740411.754404111,-0.0027811647947298956,2.863751360786275,0.0,7.911280206354287,3591.923264334788,0
2020-05-27,fixed_3pct,222.16371154785156,0.005457612485481489,3.0,3.0,1661368.8433344006,0.0,49841.06530003201,1800015.4145649225,1750174.3492648904,0.005609359300220218,2.8477771555140374,0.0,7.911280206354287,3611.5107165732397,0
2020-05-28,fixed_3pct,221.8743438720703,-0.0013024974860438299,3.0,3.0,1661368.8433344006,0.0,49841.06530003201,1797662.987732405,1747821.922432373,-0.0013441099931017497,2.851610033055897,0.0,7.911280206354287,3606.7908599282096,0
2020-05-29,fixed_3pct,225.12542724609375,0.01465281346768954,3.0,3.0,1661368.8433344006,0.0,49841.06530003201,1823995.8968892111,1774154.831589179,0.015066128201527418,2.8092849853125528,0.0,7.911280206354287,3659.6246205998327,0
2020-06-01,fixed_3pct,225.8006591796875,0.002999358810125141,3.0,3.0,1774154.831589179,3383.579647643368,53224.64494767538,1832849.6193031543,1779624.974355479,0.003083238660404941,2.99077871543984,2.3685057533503575,8.448356340900855,3443.610795534683,1
2020-06-02,fixed_3pct,227.31527709960938,0.006707765714344394,3.0,3.0,1774154.831589179,0.0,53224.64494767538,1845135.4967827243,1791910.851835049,0.006903632875808308,2.970273040825073,0.0,8.448356340900855,3466.6938569466433,0
2020-06-03,fixed_3pct,228.33787536621094,0.00449859015042553,3.0,3.0,1774154.831589179,0.0,53224.64494767538,1853427.5567984106,1800202.9118507353,0.00462749584176847,2.956591426294089,0.0,8.448356340900855,3482.2732187701713,0
2020-06-04,fixed_3pct,226.73648071289062,-0.007013267732092099,3.0,3.0,1774154.831589179,0.0,53224.64494767538,1840420.524764205,1787195.8798165298,-0.0072253144068261665,2.9781092016136093,0.0,8.448356340900855,3457.835231354769,0
2020-06-05,fixed_3pct,231.23199462890625,0.019827042837928577,3.0,3.0,1774154.831589179,0.0,53224.64494767538,1876902.172992167,1823677.5280444918,0.0204127866676298,2.918533793896531,0.0,8.448356340900855,3526.3780055974657,0
2020-06-08,fixed_3pct,233.02639770507812,0.007760185086201465,3.0,3.0,1774154.831589179,0.0,53224.64494767538,1891458.8328869392,1838234.1879392639,0.007982036117087477,2.895422427505953,0.0,8.448356340900855,3553.7274785889385,0
2020-06-09,fixed_3pct,234.71463012695312,0.007244811911874649,3.0,3.0,1774154.831589179,0.0,53224.64494767538,1905153.6480139182,1851929.003066243,0.007449983912186653,2.87401109111371,0.0,8.448356340900855,3579.4576927415033,0
2020-06-10,fixed_3pct,237.53155517578125,0.012001488988157671,3.0,3.0,1774154.831589179,0.0,53224.64494767538,1928009.8801849647,1874785.2352372895,0.012341851190409203,2.8389729099258023,0.0,8.448356340900855,3622.4006418086437,0
2020-06-11,fixed_3pct,225.76210021972656,-0.04954901653948629,3.0,3.0,1774154.831589179,0.0,53224.64494767538,1832470.438387046,1779245.7934393708,-0.05096020600238316,2.9914160901170086,0.0,8.448356340900855,3442.898379479149,0
2020-06-12,fixed_3pct,227.5564422607422,0.007947932975770788,3.0,3.0,1774154.831589179,0.0,53224.64494767538,1847026.3422550869,1793801.6973074116,0.008180940442131579,2.9671420774976576,0.0,8.448356340900855,3470.246432025766,0
2020-06-15,fixed_3pct,230.32521057128906,0.012167391452597709,3.0,3.0,1774154.831589179,0.0,53224.64494767538,1869491.3864282235,1816266.7414805482,0.012523705494792203,2.9304420838697274,0.0,8.448356340900855,3512.4544057853313,0
2020-06-16,fixed_3pct,234.28048706054688,0.017172572986896784,3.0,3.0,1774154.831589179,0.0,53224.64494767538,1901586.915353696,1848362.2704060208,0.017671153797216732,2.8795569894414568,0.0,8.448356340900855,3572.756412415954,0
2020-06-17,fixed_3pct,235.02333068847656,0.003170744765174094,3.0,3.0,1774154.831589179,0.0,53224.64494767538,1907607.9137547365,1854383.2688070612,0.0032574774422968744,2.8702073537319603,0.0,8.448356340900855,3584.068838091991,0
2020-06-18,fixed_3pct,235.66000366210938,0.002708977750284447,3.0,3.0,1774154.831589179,0.0,53224.64494767538,1912767.1327930237,1859542.4878453484,0.0027821751441956533,2.8622440893698946,0.0,8.448356340900855,3593.762127813997,0
2020-06-19,fixed_3pct,235.62147521972656,-0.00016349164806961358,3.0,3.0,1774154.831589179,0.0,53224.64494767538,1912445.9629857691,1859221.3180380939,-0.00017271442268940174,2.8627385256016544,0.0,8.448356340900855,3593.158704705078,0
2020-06-22,fixed_3pct,238.4471893310547,0.011992600032289191,3.0,3.0,1774154.831589179,0.0,53224.64494767538,1935372.7141468828,1882148.0691992075,0.012331372784229133,2.8278670429112798,0.0,8.448356340900855,3636.2341468872714,0
2020-06-23,fixed_3pct,240.47657775878906,0.00851085069791635,3.0,3.0,1774154.831589179,0.0,53224.64494767538,1951835.9340054672,1898611.289057792,0.008747037562028215,2.8033460695416346,0.0,8.448356340900855,3667.1657197982213,0
2020-06-24,fixed_3pct,235.51901245117188,-0.020615584909853046,3.0,3.0,1774154.831589179,0.0,53224.64494767538,1911589.2462215342,1858364.601273859,-0.02119796085480241,2.864058264518777,0.0,8.448356340900855,3591.5490805073455,0
2020-06-25,fixed_3pct,237.76104736328125,0.00951954956321921,3.0,3.0,1774154.831589179,0.0,53224.64494767538,1929778.266439116,1876553.6214914408,0.009787648885000166,2.836297579675537,0.0,8.448356340900855,3625.723136972096,0
2020-06-26,fixed_3pct,232.1463165283203,-0.023615015568054898,3.0,3.0,1774154.831589179,0.0,53224.64494767538,1884198.0742779216,1830973.4293302463,-0.024289309742701826,2.9069042780781627,0.0,8.448356340900855,3540.0857556311707,0
2020-06-29,fixed_3pct,234.6782684326172,0.010906707210183164,3.0,3.0,1774154.831589179,0.0,53224.64494767538,1904740.022643721,1851515.3776960457,0.011219140614898704,2.87465314027832,0.0,8.448356340900855,3578.680561450907,0
2020-06-30,fixed_3pct,239.27830505371094,0.019601459699770007,3.0,3.0,1774154.831589179,0.0,53224.64494767538,1942067.25907977,1888842.6141320947,0.02016037073507726,2.8178443534392406,0.0,8.448356340900855,3648.812051238664,0
2020-07-01,fixed_3pct,242.07113647460938,0.011671895704341129,3.0,3.0,1888842.6141320947,3440.6334762874612,56665.27842396284,1968204.2267267713,1911538.9483028085,0.012016000698471307,2.9643800077562656,2.408443433401223,8.994488638724262,3473.386668994905,1
2020-07-02,fixed_3pct,243.71397399902344,0.0067865898774197575,3.0,3.0,1888842.6141320947,0.0,56665.27842396284,1981552.6271199312,1924887.3486959683,0.006983064825862639,2.943823100211616,0.0,8.994488638724262,3496.9432467871975,0
2020-07-06,fixed_3pct,249.70567321777344,0.024584963760732048,3.0,3.0,1888842.6141320947,0.0,56665.27842396284,2030260.0321590193,1973594.7537350564,0.0253040288680193,2.8711709086540176,0.0,8.994488638724262,3582.8995967669234,0
2020-07-07,fixed_3pct,247.98538208007812,-0.006889275343756496,3.0,3.0,1888842.6141320947,0.0,56665.27842396284,2016264.0172894131,1959598.7388654503,-0.007091635627384241,2.8916776327775326,0.0,8.994488638724262,3558.20014189989,0
2020-07-08,fixed_3pct,251.2518310546875,0.013171941616924032,3.0,3.0,1888842.6141320947,0.0,56665.27842396284,2042813.134720815,1986147.8562968522,0.01354824174196656,2.8530241716049547,0.0,8.994488638724262,3605.0526734144523,0
2020-07-09,fixed_3pct,253.36830139160156,0.008423701144901763,3.0,3.0,1888842.6141320947,0.0,56665.27842396284,2060012.1875739445,2003346.9091499816,0.008659502764913452,2.8285305038859128,0.0,8.994488638724262,3635.4046867310517,0
2020-07-10,fixed_3pct,255.09812927246094,0.006827325562662967,3.0,3.0,1888842.6141320947,0.0,56665.27842396284,2074067.5669529266,2017402.2885289637,0.007015948817843842,2.8088239388923095,0.0,8.994488638724262,3660.2089050635223,0
2020-07-13,fixed_3pct,249.85057067871094,-0.020570745103917543,3.0,3.0,1888842.6141320947,0.0,56665.27842396284,2031393.4572161967,1974728.1787922338,-0.021152999567501607,2.8695229567554943,0.0,8.994488638724262,3584.8998076344983,0
2020-07-14,fixed_3pct,251.61900329589844,0.007077961088436169,3.0,3.0,1888842.6141320947,0.0,56665.27842396284,2045762.586573038,1989097.3081490751,0.00727651000839491,2.848793681023673,0.0,8.994488638724262,3610.2577159630046,0
2020-07-15,fixed_3pct,252.13125610351562,0.002035827186767758,3.0,3.0,1888842.6141320947,0.0,56665.27842396284,2049918.411175817,1993253.1327518541,0.0020893018082892567,2.842854100810148,0.0,8.994488638724262,3617.591703756527,0
2020-07-16,fixed_3pct,250.4110565185547,-0.006822635208126204,3.0,3.0,1888842.6141320947,0.0,56665.27842396284,2035923.571161304,1979258.292737341,-0.007021105239750525,2.862955210640749,0.0,8.994488638724262,3592.894322213979,0
2020-07-17,fixed_3pct,250.7010498046875,0.001158069017257235,3.0,3.0,1888842.6141320947,0.0,56665.27842396284,2038272.3166819308,1981607.038257968,0.0011866796411794667,2.8595618268381466,0.0,8.994488638724262,3597.0392687949416,0
2020-07-20,fixed_3pct,257.81365966796875,0.028370881848410523,3.0,3.0,1888842.6141320947,0.0,56665.27842396284,2096090.905264761,2039425.6268407982,0.029177625768658233,2.7784920262937467,0.0,8.994488638724262,3699.074571878143,0
2020-07-21,fixed_3pct,255.12705993652344,-0.01042070360005487,3.0,3.0,1888842.6141320947,0.0,56665.27842396284,2074239.1687335875,2017573.8903096246,-0.010714652323469798,2.8085850385021964,0.0,8.994488638724262,3660.511739154228,0
2020-07-22,fixed_3pct,256.02581787109375,0.0035227856064892205,3.0,3.0,1888842.6141320947,0.0,56665.27842396284,2081537.2741329796,2024871.9957090167,0.0036172679644819183,2.798462250653097,0.0,8.994488638724262,3673.391064205432,0
2020-07-23,fixed_3pct,249.3384552001953,-0.026119876216020743,3.0,3.0,1888842.6141320947,0.0,56665.27842396284,2027158.783704954,1970493.505280991,-0.02685527309541602,2.87568968241194,0.0,8.994488638724262,3577.4266712994763,0
2020-07-24,fixed_3pct,246.970703125,-0.009496136780402509,3.0,3.0,1888842.6141320947,0.0,56665.27842396284,2007899.6121306585,1951234.3337066956,-0.009773780792821873,2.9040734598144176,0.0,8.994488638724262,3543.4390652910824,0
2020-07-27,fixed_3pct,251.37744140625,0.017843162065338536,3.0,3.0,1888842.6141320947,0.0,56665.27842396284,2043717.8958321973,1987052.6174082344,0.01835673095885726,2.8517251092159235,0.0,8.994488638724262,3606.64934978585,0
2020-07-28,fixed_3pct,248.1787109375,-0.01272481114795243,3.0,3.0,1888842.6141320947,0.0,56665.27842396284,2017702.9770794031,1961037.6986554402,-0.013092214330351348,2.8895557929770876,0.0,8.994488638724262,3560.7395449170667,0
2020-07-29,fixed_3pct,251.03915405273438,0.011525739272433944,3.0,3.0,1888842.6141320947,0.0,56665.27842396284,2040949.5010337953,1984284.2226098324,0.011854195342767104,2.8557037232011933,0.0,8.994488638724262,3601.7638275129525,0
2020-07-30,fixed_3pct,252.35350036621094,0.00523562277938705,3.0,3.0,1888842.6141320947,0.0,56665.27842396284,2051626.1482443477,1994960.8698203848,0.005380603790978045,2.840420545645322,0.0,8.994488638724262,3620.6054312383785,0
2020-07-31,fixed_3pct,256.85687255859375,0.017845491288401405,3.0,3.0,1888842.6141320947,0.0,56665.27842396284,2088229.4303112598,2031564.151887297,0.01834786968538782,2.7892438627311633,0.0,8.994488638724262,3685.2010409044087,0
2020-08-03,fixed_3pct,260.3262939453125,0.013507216498275021,3.0,3.0,2031564.151887297,4281.646132656075,60946.92455661891,2120762.3648279957,2059815.4402713766,0.013906175868399151,2.958853660626472,2.997152292859252,9.674115008987128,3479.6872528946633,1
2020-08-04,fixed_3pct,261.2926330566406,0.0037120303780420194,3.0,3.0,2031564.151887297,0.0,60946.92455661891,2128625.0250358363,2067678.1004792172,0.0038171673316540478,2.947602169916753,0.0,9.674115008987128,3492.588084667621,0
2020-08-05,fixed_3pct,261.9400329589844,0.002477681420904876,3.0,3.0,2031564.151887297,0.0,60946.92455661891,2133889.4055974316,2072942.4810408126,0.002546034878627923,2.940116530682405,0.0,9.674115008987128,3501.225732260002,0
2020-08-06,fixed_3pct,265.4095458984375,0.013245447441767588,3.0,3.0,2031564.151887297,0.0,60946.92455661891,2162144.051450808,2101197.126894189,0.01363021217992988,2.9005809962583315,0.0,9.674115008987128,3547.5851606625433,0
2020-08-07,fixed_3pct,262.34600830078125,-0.011542680529013638,3.0,3.0,2031564.151887297,0.0,60946.92455661891,2137177.4392921953,2076230.5147355762,-0.011882089423716491,2.935460399221662,0.0,9.674115008987128,3506.620645487673,0
2020-08-10,fixed_3pct,261.2250671386719,-0.004272758596060688,3.0,3.0,2031564.151887297,0.0,60946.92455661891,2128036.1219021436,2067089.1973455246,-0.004402843193553552,2.9484419266901774,0.0,9.674115008987128,3491.621828965669,0
2020-08-11,fixed_3pct,256.277099609375,-0.018941396334947624,3.0,3.0,2031564.151887297,0.0,60946.92455661891,2087718.4721871011,2026771.5476304821,-0.019504552472538128,3.0070939483965295,0.0,9.674115008987128,3425.469763035602,0
2020-08-12,fixed_3pct,262.722900390625,0.02515168460652495,3.0,3.0,2031564.151887297,0.0,60946.92455661891,2140218.434631758,2079271.5100751389,0.025903246227249932,2.93116720261398,0.0,9.674115008987128,3511.610225128788,0
2020-08-13,fixed_3pct,263.322021484375,0.0022804296574800986,3.0,3.0,2031564.151887297,0.0,60946.92455661891,2145089.3781085685,2084142.4535519495,0.002342620217325342,2.9243166393328184,0.0,9.674115008987128,3519.6023322158085,0
2020-08-14,fixed_3pct,263.0128479003906,-0.0011741273374764605,3.0,3.0,2031564.151887297,0.0,60946.92455661891,2142561.0959133916,2081614.1713567725,-0.0012131043110167328,2.927868449170597,0.0,9.674115008987128,3515.4539978846346,0
2020-08-17,fixed_3pct,266.0666809082031,0.011610965137980767,3.0,3.0,2031564.151887297,0.0,60946.92455661891,2167428.6239890265,2106481.6994324075,0.011946271512663031,2.8933042510191798,0.0,9.674115008987128,3556.2559386823746,0
2020-08-18,fixed_3pct,268.6275939941406,0.009625079988204277,3.0,3.0,2031564.151887297,0.0,60946.92455661891,2188280.6237486354,2127333.6991920164,0.009898970290236786,2.864944252975788,0.0,9.674115008987128,3590.4693135348457,0
2020-08-19,fixed_3pct,266.8204345703125,-0.006727378215164115,3.0,3.0,2031564.151887297,0.0,60946.92455661891,2173549.558236754,2112602.633680135,-0.006924661381275676,2.88492135648103,0.0,9.674115008987128,3566.2989954768827,0
2020-08-20,fixed_3pct,270.5216979980469,0.013871738998157745,3.0,3.0,2031564.151887297,0.0,60946.92455661891,2203690.796293166,2142743.871736547,0.014267348518782308,2.844340164054494,0.0,9.674115008987128,3615.753891315657,0
2020-08-21,fixed_3pct,272.396484375,0.006930262492166772,3.0,3.0,2031564.151887297,0.0,60946.92455661891,2218953.2778480407,2158006.3532914217,0.007122867906048658,2.8242235924681967,0.0,9.674115008987128,3640.796141873675,0
2020-08-24,fixed_3pct,274.09735107421875,0.006244084622168744,3.0,3.0,2031564.151887297,0.0,60946.92455661891,2232798.9357725536,2171852.0112159345,0.0064159486386103914,2.8062190352692182,0.0,9.674115008987128,3663.513708059727,0
2020-08-25,fixed_3pct,276.2522888183594,0.007861942976446823,3.0,3.0,2031564.151887297,0.0,60946.92455661891,2250343.3995684595,2189396.4750118405,0.008078112000864834,2.7837317385052107,0.0,9.674115008987128,3692.30017091005,0
2020-08-26,fixed_3pct,282.1473388671875,0.02133937088464899,3.0,3.0,2031564.151887297,0.0,60946.92455661891,2298354.6378746633,2237407.7133180443,0.02192898310295499,2.7239972488624113,0.0,9.674115008987128,3771.075660658679,0
2020-08-27,fixed_3pct,281.2679748535156,-0.0031166837057634567,3.0,3.0,2031564.151887297,0.0,60946.92455661891,2291181.7193097244,2230234.7947531054,-0.0032059058893211256,2.73275821451642,0.0,9.674115008987128,3759.3065375780293,0
2020-08-28,fixed_3pct,282.6981201171875,0.005084635975413532,3.0,3.0,2031564.151887297,0.0,60946.92455661891,2302821.8701909273,2241874.9456343083,0.005219249071258147,2.7185693240964786,0.0,9.674115008987128,3778.405369825733,0
2020-08-31,fixed_3pct,284.9692687988281,0.008033830153165278,3.0,3.0,2031564.151887297,0.0,60946.92455661891,2321312.6758540263,2260365.7512974073,0.008247920205855852,2.6963302076947735,0.0,9.674115008987128,3808.744563800847,0
2020-09-01,fixed_3pct,289.8398742675781,0.017091686725660082,3.0,3.0,2260365.7512974073,6864.0479823033165,67810.97253892223,2367953.5404393813,2300142.567900459,0.01759751340251925,2.948120411545587,4.804833587612322,10.76364643474956,3491.9917113417305,1
2020-09-02,fixed_3pct,292.5843811035156,0.009469045081781147,3.0,3.0,2260365.7512974073,0.0,67810.97253892223,2390365.0356189306,2322554.063080008,0.00974352437640702,2.9196725112609903,0.0,10.76364643474956,3525.0416652657586,0
2020-09-03,fixed_3pct,277.7502136230469,-0.0507004763019816,3.0,3.0,2260365.7512974073,0.0,67810.97253892223,2269161.626131013,2201350.6535920906,-0.052185398572460406,3.0804257571718776,0.0,10.76364643474956,3346.3045008365816,0
2020-09-04,fixed_3pct,274.0489501953125,-0.013325870678744467,3.0,3.0,2260365.7512974073,0.0,67810.97253892223,2238912.308105587,2171101.3355666646,-0.013741253796193842,3.1233444256172107,0.0,10.76364643474956,3301.6962067908603,0
2020-09-08,fixed_3pct,260.877197265625,-0.048063504422476755,3.0,3.0,2260365.7512974073,0.0,67810.97253892223,2131291.572836982,2063480.6002980599,-0.049569650898176665,3.2862423096745985,0.0,10.76364643474956,3142.9892435382203,0
2020-09-09,fixed_3pct,268.5405578613281,0.029375356206009506,3.0,3.0,2260365.7512974073,0.0,67810.97253892223,2193888.2583215004,2126077.285782578,0.03033548533263475,3.1894876537360686,0.0,10.76364643474956,3235.2997991029397,0
2020-09-10,fixed_3pct,263.1867980957031,-0.019936503477398837,3.0,3.0,2260365.7512974073,0.0,67810.97253892223,2150139.0337840146,2082328.0612450924,-0.020577438473212473,3.2564980418299614,0.0,10.76364643474956,3170.783360391823,0
2020-09-11,fixed_3pct,261.3602600097656,-0.006940082478123832,3.0,3.0,2260365.7512974073,0.0,67810.97253892223,2135206.1279036854,2067395.1553647632,-0.00717125517263606,3.2800199015150504,0.0,10.76364643474956,3148.7619893345686,0
2020-09-14,fixed_3pct,265.9119567871094,0.01741541264602997,3.0,3.0,2260365.7512974073,0.0,67810.97253892223,2172380.860059025,2104569.887520103,0.017981435265954637,3.222082238325027,0.0,10.76364643474956,3203.583105687091,0
2020-09-15,fixed_3pct,269.68084716796875,0.014173452094434325,3.0,3.0,2260365.7512974073,0.0,67810.97253892223,2203160.2324635033,2135349.259924581,0.01462501796067528,3.175638468683913,0.0,10.76364643474956,3248.9730643502135,0
2020-09-16,fixed_3pct,265.3804626464844,-0.015946199244939008,3.0,3.0,2260365.7512974073,0.0,67810.97253892223,2168017.4367816797,2100206.4642427573,-0.016457633578436104,3.228776489047324,0.0,10.76364643474956,3197.1484195087723,0
2020-09-17,fixed_3pct,261.2347106933594,-0.015621918478028962,3.0,3.0,2260365.7512974073,0.0,67810.97253892223,2134138.0814788966,2066327.1089399743,-0.016131440351031534,3.2817152833904046,0.0,10.76364643474956,3147.1869545211744,0
2020-09-18,fixed_3pct,257.900634765625,-0.012762760043966592,3.0,3.0,2260365.7512974073,0.0,67810.97253892223,2106889.8255978557,2039078.8530589335,-0.013186806562790143,3.3255689174155916,0.0,10.76364643474956,3107.004289591246,0
2020-09-21,fixed_3pct,258.51910400390625,0.0023980911828438423,3.0,3.0,2260365.7512974073,0.0,67810.97253892223,2111931.5758654107,2044120.6033264885,0.00247256267701057,3.31736652077037,0.0,10.76364643474956,3114.4392961673007,0
2020-09-22,fixed_3pct,263.322021484375,0.018578578550218827,3.0,3.0,2260365.7512974073,0.0,67810.97253892223,2151157.4988938794,2083346.5263549571,0.0191896324339349,3.25490606968611,0.0,10.76364643474956,3172.2852782551604,0
2020-09-23,fixed_3pct,255.28170776367188,-0.030534148550808604,3.0,3.0,2260365.7512974073,0.0,67810.97253892223,2085462.972620033,2017652.0000811107,-0.03153317292288682,3.360885451812116,0.0,10.76364643474956,3075.406375307501,0
2020-09-24,fixed_3pct,256.4703674316406,0.004656266515849161,3.0,3.0,2260365.7512974073,0.0,67810.97253892223,2095162.6803830522,2027351.70784413,0.00480742356096564,3.344805554781212,0.0,10.76364643474956,3089.7104140196016,0
2020-09-25,fixed_3pct,262.4330139160156,0.023248870986876335,3.0,3.0,2260365.7512974073,0.0,67810.97253892223,2143862.0835893615,2076051.1110504393,0.0240211912999031,3.2663440788127454,0.0,10.76364643474956,3161.526819806079,0
2020-09-28,fixed_3pct,267.88348388671875,0.020768995064193385,3.0,3.0,2260365.7512974073,0.0,67810.97253892223,2188377.180975306,2120566.2084363834,0.0214421972315606,3.1977767196867295,0.0,10.76364643474956,3227.172681706074,0
2020-09-29,fixed_3pct,266.6754150390625,-0.004509680216668754,3.0,3.0,2260365.7512974073,0.0,67810.97253892223,2178497.5360492175,2110686.563510295,-0.0046589655568326505,3.21274478699222,0.0,10.76364643474956,3212.603291891737,0
2020-09-30,fixed_3pct,268.5018615722656,0.006848949810148719,3.0,3.0,2260365.7512974073,0.0,67810.97253892223,2193407.1926887166,2125596.220149794,0.007063889493237996,3.1902094996265795,0.0,10.76364643474956,3234.5903775819497,0
2020-10-01,fixed_3pct,272.7637634277344,0.01587289499786837,3.0,3.0,2125596.220149794,-4043.085934428411,63767.88660449382,2224102.656363149,2160334.769758655,0.016342967342317216,2.9517594910356295,2.8301601540998877,10.121886762618066,3487.8098911410584,-1
2020-10-02,fixed_3pct,265.09051513671875,-0.028131479763251477,3.0,3.0,2125596.220149794,0.0,63767.88660449382,2161525.2356075128,2097757.349003019,-0.028966538719657486,3.0398123326704196,0.0,10.121886762618066,3389.676764754482,0
2020-10-05,fixed_3pct,270.74395751953125,0.02132646043520925,3.0,3.0,2125596.220149794,0.0,63767.88660449382,2207612.79613764,2143844.909533146,0.021969919710699948,2.9744636060628205,0.0,10.121886762618066,3461.950699150293,0
2020-10-06,fixed_3pct,265.9119567871094,-0.017847123077800564,3.0,3.0,2125596.220149794,0.0,63767.88660449382,2168203.136970081,2104435.250365587,-0.018382700629282378,3.0301662450016424,0.0,10.121886762618066,3400.1489659174067,0
2020-10-07,fixed_3pct,270.511962890625,0.017298981809977132,3.0,3.0,2125596.220149794,0.0,63767.88660449382,2205700.721710099,2141932.835105605,0.017818359929821392,2.9771188694322355,0.0,10.121886762618066,3458.952208014151,0
2020-10-08,fixed_3pct,271.9519348144531,0.005323135836363457,3.0,3.0,2125596.220149794,0.0,63767.88660449382,2217431.844379364,2153663.95777487,0.005476886332286268,2.9609023438539475,0.0,10.121886762618066,3477.3488074530264,0
2020-10-09,fixed_3pct,276.1073913574219,0.01528011391352635,3.0,3.0,2125596.220149794,0.0,63767.88660449382,2251304.333670199,2187536.447065705,0.015727843319545354,2.915054818402232,0.0,10.121886762618066,3530.4672203321006,0
2020-10-12,fixed_3pct,284.6309814453125,0.030870561074030745,3.0,3.0,2125596.220149794,0.0,63767.88660449382,2320793.2397122323,2257025.3531077383,0.03176582778094672,2.825306615040486,0.0,10.121886762618066,3639.4388512613536,0
2020-10-13,fixed_3pct,284.621337890625,-3.388090305045388e-05,3.0,3.0,2125596.220149794,0.0,63767.88660449382,2320704.4872547146,2256936.6006502206,-3.9322756120285796e-05,2.8254177182523588,0.0,10.121886762618066,3639.2996707706025,0
2020-10-14,fixed_3pct,282.24395751953125,-0.008352783346157078,3.0,3.0,2125596.220149794,0.0,63767.88660449382,2301310.0235754587,2237542.1369709647,-0.008593269156815686,2.849907742556238,0.0,10.121886762618066,3608.8855160730413,0
2020-10-15,fixed_3pct,280.3498229980469,-0.006710983427708261,3.0,3.0,2125596.220149794,0.0,63767.88660449382,2285855.8482584623,2222087.9616539683,-0.006906763927099546,2.869728278309443,0.0,10.121886762618066,3584.650472166306,0
2020-10-16,fixed_3pct,278.8133850097656,-0.005480431454711332,3.0,3.0,2125596.220149794,0.0,63767.88660449382,2273318.250079968,2209550.363475474,-0.005642260070191862,2.8860119080603903,0.0,10.121886762618066,3564.989167948627,0
2020-10-19,fixed_3pct,274.2615661621094,-0.016325682669420027,3.0,3.0,2125596.220149794,0.0,63767.88660449382,2236194.6558357985,2172426.7692313045,-0.016801424786614283,2.9353296280296512,0.0,10.121886762618066,3506.7724130569045,0
2020-10-20,fixed_3pct,274.8511047363281,0.00214954863150707,3.0,3.0,2125596.220149794,0.0,63767.88660449382,2240991.343111271,2177223.456506777,0.0022079857159786886,2.9288627409336074,0.0,10.121886762618066,3514.2945178825244,0
2020-10-21,fixed_3pct,274.63848876953125,-0.0007735678086534525,3.0,3.0,2125596.220149794,0.0,63767.88660449382,2239247.6624620063,2175479.7758575124,-0.0008008735364547492,2.931210269668369,0.0,10.121886762618066,3511.5600997574898,0
2020-10-22,fixed_3pct,274.6287841796875,-3.533586966353308e-05,3.0,3.0,2125596.220149794,0.0,63767.88660449382,2239158.4148116983,2175390.5282072043,-4.102435301789331e-05,2.9313305256066635,0.0,10.121886762618066,3511.420142711616,0
2020-10-23,fixed_3pct,275.1699523925781,0.0019705444005335693,3.0,3.0,2125596.220149794,0.0,63767.88660449382,2243560.6540011503,2179792.7673966563,0.002023654664470742,2.9254105049927435,0.0,10.121886762618066,3518.3236789958837,0
2020-10-26,fixed_3pct,271.04351806640625,-0.014995948105136159,3.0,3.0,2125596.220149794,0.0,63767.88660449382,2209906.212976261,2146138.326371767,-0.015439284655065166,2.9712850202111136,0.0,10.121886762618066,3465.5472066727166,0
2020-10-27,fixed_3pct,273.15985107421875,0.007808093043176978,3.0,3.0,2125596.220149794,0.0,63767.88660449382,2227151.244417112,2163383.357812618,0.008035377416704126,2.947599942202065,0.0,10.121886762618066,3492.590648692066,0
2020-10-28,fixed_3pct,262.51031494140625,-0.03898646192305533,3.0,3.0,2125596.220149794,0.0,63767.88660449382,2140312.375342996,2076544.4887385021,-0.04014030558223303,3.0708654185026742,0.0,10.121886762618066,3356.4110233381402,0
2020-10-29,fixed_3pct,267.1007080078125,0.01748652454830535,3.0,3.0,2125596.220149794,0.0,63767.88660449382,2177728.87834871,2113960.991744216,0.018018637794003922,3.0165119817030934,0.0,10.121886762618066,3415.087114076072,0
2020-10-30,fixed_3pct,260.3262939453125,-0.0253627708927745,3.0,3.0,2125596.220149794,0.0,63767.88660449382,2122485.51785381,2058717.6312493163,-0.026132630029903625,3.0974566709178464,0.0,10.121886762618066,3328.4551690070207,0
2020-11-02,fixed_3pct,260.9060363769531,0.002226983770461599,3.0,3.0,2058717.6312493163,-2006.3576670143302,61761.52893747949,2125190.221866787,2063428.6929293075,0.0022883476628761112,2.9931506307494886,1.4044503669100312,9.803417291663411,3440.9611588762536,-1
2020-11-03,fixed_3pct,265.4190673828125,0.017297533888173566,3.0,3.0,2058717.6312493163,0.0,61761.52893747949,2161940.9683310515,2100179.439393572,0.01781052410010453,2.940773906219802,0.0,9.803417291663411,3500.4654281139324,0
2020-11-04,fixed_3pct,277.2670593261719,0.044638812351303514,3.0,3.0,2058717.6312493163,0.0,61761.52893747949,2258437.642113685,2196676.1131762057,0.04594687100188777,2.8115901368899396,0.0,9.803417291663411,3656.7061744858624,0
2020-11-05,fixed_3pct,284.4957275390625,0.026071139609797456,3.0,3.0,2058717.6312493163,0.0,61761.52893747949,2317307.881763961,2255546.3528264817,0.026799690358154216,2.7382070361836974,0.0,9.803417291663411,3752.024798657019,0
2020-11-06,fixed_3pct,284.70831298828125,0.0007472359991400612,3.0,3.0,2058717.6312493163,0.0,61761.52893747949,2319029.6542170146,2257268.125279535,0.0007633505074704505,2.736118418800207,0.0,9.803417291663411,3754.8125736403686,0
2020-11-09,fixed_3pct,278.8906555175781,-0.020433746418014098,3.0,3.0,2058717.6312493163,0.0,61761.52893747949,2271633.3869095976,2209871.857972118,-0.02099718096251746,2.7948013688972337,0.0,9.803417291663411,3678.071812647557,0
2020-11-10,fixed_3pct,273.8943786621094,-0.01791482345005946,3.0,3.0,2058717.6312493163,0.0,61761.52893747949,2230927.67242256,2169166.1434850805,-0.01841994337372621,2.8472475067424123,0.0,9.803417291663411,3612.1639324714633,0
2020-11-11,fixed_3pct,280.0212707519531,0.022369543032506822,3.0,3.0,2058717.6312493163,0.0,61761.52893747949,2280822.7015759354,2219061.172638456,0.023001939848282804,2.783227866766974,0.0,9.803417291663411,3692.9505159834807,0
2020-11-12,fixed_3pct,278.7070007324219,-0.004693464950008885,3.0,3.0,2058717.6312493163,0.0,61761.52893747949,2270107.9367516125,2208346.407814133,-0.0048285125964252495,2.796731922081569,0.0,9.803417291663411,3675.601909158722,0
2020-11-13,fixed_3pct,281.1519775390625,0.008772570478012387,3.0,3.0,2058717.6312493163,0.0,61761.52893747949,2290012.8152021696,2228251.28626469,0.009013476499938777,2.771748829146326,0.0,9.803417291663411,3707.8305129400605,0
2020-11-16,fixed_3pct,283.3457336425781,0.007802741146328396,3.0,3.0,2058717.6312493163,0.0,61761.52893747949,2307871.3890036754,2246109.860066196,0.008014613931377035,2.7497109573998886,0.0,9.803417291663411,3736.7458816311173,0
2020-11-17,fixed_3pct,282.44696044921875,-0.003172001857254414,3.0,3.0,2058717.6312493163,0.0,61761.52893747949,2300541.01325416,2238779.4843166806,-0.003263587360459397,2.758714262397769,0.0,9.803417291663411,3724.877043738623,0
2020-11-18,fixed_3pct,280.3595886230469,-0.007390314354426053,3.0,3.0,2058717.6312493163,0.0,61761.52893747949,2283529.4885636703,2221767.959626191,-0.007598570922085268,2.779837051384555,0.0,9.803417291663411,3697.333158437936,0
2020-11-19,fixed_3pct,282.55322265625,0.00782435886704258,3.0,3.0,2058717.6312493163,0.0,61761.52893747949,2301386.8393483753,2239625.310410896,0.008037450854097905,2.757672395037736,0.0,9.803417291663411,3726.246546904698,0
2020-11-20,fixed_3pct,280.62042236328125,-0.006840482210037191,3.0,3.0,2058717.6312493163,0.0,61761.52893747949,2285634.4401981076,2223872.911260628,-0.007033497557400681,2.7772058657106107,0.0,9.803417291663411,3700.7413506745115,0
2020-11-23,fixed_3pct,280.63018798828125,3.4800122235445485e-05,3.0,3.0,2058717.6312493163,0.0,61761.52893747949,2285704.1771387206,2223942.648201241,3.135832999268118e-05,2.777118779903482,0.0,9.803417291663411,3700.854263910004,0
2020-11-24,fixed_3pct,284.5729675292969,0.014049734168942285,3.0,3.0,2058717.6312493163,0.0,61761.52893747949,2317807.909799069,2256046.3808615897,0.014435503850027231,2.7376001425064946,0.0,9.803417291663411,3752.8344095000634,0
2020-11-25,fixed_3pct,286.3221435546875,0.006146669659375048,3.0,3.0,2058717.6312493163,0.0,61761.52893747949,2332044.905937199,2270283.3769997195,0.006310595499677829,2.7204325928290105,0.0,9.803417291663411,3775.885969885723,0
2020-11-27,fixed_3pct,288.9603271484375,0.009214039686197495,3.0,3.0,2058717.6312493163,0.0,61761.52893747949,2353522.6568332077,2291761.127895728,0.009460383277964501,2.6949374516264832,0.0,9.803417291663411,3810.661260046934,0
2020-11-30,fixed_3pct,289.5498962402344,0.002040311545930651,3.0,3.0,2058717.6312493163,0.0,61761.52893747949,2358314.7728662626,2296553.243928783,0.002091018987417259,2.689314044895479,0.0,9.803417291663411,3818.4203231975657,0
2020-12-01,fixed_3pct,293.2607727050781,0.012816017249631217,3.0,3.0,2296553.243928783,7135.068380384015,68896.5973178635,2395749.492689295,2326852.8953714315,0.013193533188376572,2.960934808337579,4.99454786626881,10.935967828232302,3477.3117772945884,1
2020-12-02,fixed_3pct,293.63775634765625,0.001285489494898373,3.0,3.0,2296553.243928783,0.0,68896.5973178635,2398818.267526727,2329921.6702088634,0.001318852104289281,2.9570349166153447,0.0,10.935967828232302,3481.7659520389143,0
2020-12-03,fixed_3pct,294.05328369140625,0.0014151018892067935,3.0,3.0,2296553.243928783,0.0,68896.5973178635,2402201.90382114,2333305.3065032763,0.0014522532399596777,2.95274678053653,0.0,10.935967828232302,3486.6771325995473,0
2020-12-04,fixed_3pct,295.2515869140625,0.004075122738346426,3.0,3.0,2296553.243928783,0.0,68896.5973178635,2411980.2354536727,2343083.638135809,0.004190763894154292,2.9404241571452663,0.0,10.935967828232302,3500.869896848004,0
2020-12-07,fixed_3pct,296.9234313964844,0.005662440293364046,3.0,3.0,2296553.243928783,0.0,68896.5973178635,2425626.993557875,2356730.3962400113,0.005824272715702072,2.923397492890274,0.0,10.935967828232302,3520.6774905978687,0
2020-12-08,fixed_3pct,297.928466796875,0.0033848302091341598,3.0,3.0,2296553.243928783,0.0,68896.5973178635,2433826.393113933,2364929.7957960693,0.0034791419371258403,2.9132618414438776,0.0,10.935967828232302,3532.57851310879,0
2020-12-09,fixed_3pct,291.18304443359375,-0.022641080376787914,3.0,3.0,2296553.243928783,0.0,68896.5973178635,2378710.9981564647,2309814.400838601,-0.023305298557040555,2.982776334447041,0.0,10.935967828232302,3452.581246040307,0
2020-12-10,fixed_3pct,292.3524169921875,0.004015936301745793,3.0,3.0,2296553.243928783,0.0,68896.5973178635,2388252.814037495,2319356.216719631,0.004130988133750346,2.9705052126622893,0.0,10.935967828232302,3466.430719385134,0
2020-12-11,fixed_3pct,291.7049560546875,-0.0022146590890586015,3.0,3.0,2296553.243928783,0.0,68896.5973178635,2382952.712268089,2314056.114950225,-0.002285160740380765,2.977308841939879,0.0,10.935967828232302,3458.7378840699835,0
2020-12-14,fixed_3pct,293.8212890625,0.007255046456652314,3.0,3.0,2296553.243928783,0.0,68896.5973178635,2400230.2089317716,2331333.611613908,0.0074663257092424384,2.9552440274804166,0.0,10.935967828232302,3483.8153150844214,0
2020-12-15,fixed_3pct,296.96209716796875,0.01068951850116151,3.0,3.0,2296553.243928783,0.0,68896.5973178635,2425876.5781893665,2356979.980871503,0.01100072899469784,2.923087929342052,0.0,10.935967828232302,3521.0397503337736,0
2020-12-16,fixed_3pct,298.5953369140625,0.005499825606262387,3.0,3.0,2296553.243928783,0.0,68896.5973178635,2439207.5403438965,2370310.9430260328,0.005655950522583941,2.906648071662167,0.0,10.935967828232302,3540.3889818974544,0
2020-12-17,fixed_3pct,300.5474548339844,0.006537670481048696,3.0,3.0,2296553.243928783,0.0,68896.5973178635,2455143.339509726,2386246.7421918623,0.0067230838269198845,2.8872369357151744,0.0,10.935967828232302,3563.5190054199625,0
2020-12-18,fixed_3pct,299.6390075683594,-0.0030226416860751337,3.0,3.0,2296553.243928783,0.0,68896.5973178635,2447711.384938606,2378814.7876207423,-0.0031144954290407423,2.89625731588683,0.0,10.935967828232302,3552.7318913091863,0
2020-12-21,fixed_3pct,299.0785217285156,-0.001870536965104197,3.0,3.0,2296553.243928783,0.0,68896.5973178635,2443121.914345344,2374225.3170274803,-0.0019293097626370548,2.901855894794423,0.0,10.935967828232302,3546.070501963515,0
2020-12-22,fixed_3pct,299.8917236328125,0.0027190247550943347,3.0,3.0,2296553.243928783,0.0,68896.5973178635,2449753.8873423343,2380857.2900244705,0.002793320814763023,2.8937726593917517,0.0,10.935967828232302,3555.6964824257907,0
2020-12-23,fixed_3pct,298.3814392089844,-0.005036099047792675,3.0,3.0,2296553.243928783,0.0,68896.5973178635,2437405.748155135,2368509.1508372715,-0.005186425595072985,2.908859241413885,0.0,10.935967828232302,3537.7737697405337,0
2020-12-24,fixed_3pct,299.69805908203125,0.004412539454656583,3.0,3.0,2296553.243928783,0.0,68896.5973178635,2448149.9612180484,2379253.3639001846,0.004536276779473214,2.895723438420402,0.0,10.935967828232302,3553.36846306529,0
2020-12-28,fixed_3pct,302.7187194824219,0.010079012221977157,3.0,3.0,2296553.243928783,0.0,68896.5973178635,2472813.9586305697,2403917.361312706,0.010366276154839982,2.8660135504924833,0.0,10.935967828232302,3589.167034217841,0
2020-12-29,fixed_3pct,302.98968505859375,0.0008951067731628459,3.0,3.0,2296553.243928783,0.0,68896.5973178635,2475016.4551858837,2406119.85786802,0.0009162114267153854,2.863390079782244,0.0,10.935967828232302,3592.363848924309,0
2020-12-30,fixed_3pct,302.99951171875,3.243232572214261e-05,3.0,3.0,2296553.243928783,0.0,68896.5973178635,2475085.7897578976,2406189.192440034,2.881592610082251e-05,2.8633075709228764,0.0,10.935967828232302,3592.4644846228966,0
2020-12-31,fixed_3pct,303.74493408203125,0.0024601437773046353,3.0,3.0,2296553.243928783,0.0,68896.5973178635,2481163.9206940373,2412267.3233761736,0.002526040327683443,2.8560929649138904,0.0,10.935967828232302,3601.2865907540568,0
2021-01-04,fixed_3pct,299.4560241699219,-0.01412010351735149,3.0,3.0,2412267.3233761736,3471.422383421712,72368.01970128521,2449538.152159203,2377170.1324579176,-0.01454946165300397,3.0442928216693943,2.429995668395198,11.486987254172258,3384.83512782332,1
2021-01-05,fixed_3pct,301.9248352050781,0.008244319151700763,3.0,3.0,2412267.3233761736,0.0,72368.01970128521,2469721.4394726167,2397353.4197713314,0.008490468157003495,3.018662959931371,0.0,11.486987254172258,3412.7249158771106,0
2021-01-06,fixed_3pct,297.742431640625,-0.013852466166330069,3.0,3.0,2412267.3233761736,0.0,72368.01970128521,2435498.219804808,2363130.2001035227,-0.014275416960037979,3.062379707140764,0.0,11.486987254172258,3365.434386429058,0
2021-01-07,fixed_3pct,304.94537353515625,0.024191855540513618,3.0,3.0,2412267.3233761736,0.0,72368.01970128521,2494405.95392025,2422037.9342189645,0.024927841095196968,2.9878978639788216,0.0,11.486987254172258,3446.834615920754,0
2021-01-08,fixed_3pct,308.86639404296875,0.012858107871442925,3.0,3.0,2412267.3233761736,0.0,72368.01970128521,2526467.807763672,2454099.7880623867,0.013237552306859746,2.9488621470613774,0.0,11.486987254172258,3491.1385142114136,0
2021-01-11,fixed_3pct,304.4032287597656,-0.014450148573244337,3.0,3.0,2412267.3233761736,0.0,72368.01970128521,2489948.485588714,2417580.4658874287,-0.01488094426828157,2.9934068678339054,0.0,11.486987254172258,3440.6751709754108,0
2021-01-12,fixed_3pct,303.9192199707031,-0.0015900251486637984,3.0,3.0,2412267.3233761736,0.0,72368.01970128521,2485977.9178904966,2413609.8981892113,-0.0016423725101368802,2.9983312446463968,0.0,11.486987254172258,3435.1885379093037,0
2021-01-13,fixed_3pct,305.9716491699219,0.006753206327051675,3.0,3.0,2412267.3233761736,0.0,72368.01970128521,2502754.7527072513,2430386.733005966,0.00695093056642726,2.977633918029932,0.0,11.486987254172258,3458.3712018622555,0
2021-01-14,fixed_3pct,304.33551025390625,-0.0053473546338503875,3.0,3.0,2412267.3233761736,0.0,72368.01970128521,2489360.148495717,2416992.1287944317,-0.0055113056821897155,2.994135514102049,0.0,11.486987254172258,3439.86219157453,0
2021-01-15,fixed_3pct,301.9248352050781,-0.007921109984230568,3.0,3.0,2412267.3233761736,0.0,72368.01970128521,2469630.165981868,2397262.1462805825,-0.00816303134743357,3.018777892670861,0.0,11.486987254172258,3412.598791808599,0
2021-01-19,fixed_3pct,306.329833984375,0.014589719909277488,3.0,3.0,2412267.3233761736,0.0,72368.01970128521,2505649.8913957914,2433281.871694506,0.015025359437560448,2.9740911048208756,0.0,11.486987254172258,3462.3717793279516,0
2021-01-20,fixed_3pct,313.455322265625,0.023260836819483544,3.0,3.0,2412267.3233761736,0.0,72368.01970128521,2563921.9176590517,2491553.8979577664,0.02394791451870737,2.9045335828617866,0.0,11.486987254172258,3542.8935712794114,0
2021-01-21,fixed_3pct,315.96282958984375,0.007999568506588783,3.0,3.0,2412267.3233761736,0.0,72368.01970128521,2584420.6996976556,2512052.6799963703,0.008227308289580293,2.880832089133966,0.0,11.486987254172258,3571.219318098541,0
2021-01-22,fixed_3pct,315.0528564453125,-0.0028800006181501914,3.0,3.0,2412267.3233761736,0.0,72368.01970128521,2576966.079497712,2504598.059796427,-0.0029675413494728575,2.889406522464817,0.0,11.486987254172258,3560.9183312389946,0
2021-01-25,fixed_3pct,317.6570739746094,0.008265970220615815,3.0,3.0,2412267.3233761736,0.0,72368.01970128521,2598255.7173831235,2525887.697681838,0.008500221343755943,2.8650529383274552,0.0,11.486987254172258,3590.336903107188,0
2021-01-26,fixed_3pct,318.1218566894531,0.0014631587108331345,3.0,3.0,2412267.3233761736,0.0,72368.01970128521,2602045.8908817302,2529677.871180445,0.0015005312793934245,2.860760278047399,0.0,11.486987254172258,3595.574262805922,0
2021-01-27,fixed_3pct,309.2536315917969,-0.027876817990262537,3.0,3.0,2412267.3233761736,0.0,72368.01970128521,2529497.644192056,2457129.6244907705,-0.02867884781544172,2.94522596528798,0.0,11.486987254172258,3495.325220495336,0
2021-01-28,fixed_3pct,311.0833435058594,0.005916541398865993,3.0,3.0,2412267.3233761736,0.0,72368.01970128521,2544452.034734998,2472084.0150337126,0.006086121950542811,2.9274093947125945,0.0,11.486987254172258,3515.989583849024,0
2021-01-29,fixed_3pct,304.5387878417969,-0.021037949477803575,3.0,3.0,2412267.3233761736,0.0,72368.01970128521,2490910.4943922944,2418542.474691009,-0.021658463068850553,2.992216198747177,0.0,11.486987254172258,3442.0044996036518,0
2021-02-01,fixed_3pct,312.1483459472656,0.024987155690071816,3.0,3.0,2418542.474691009,188.25453944505716,72556.27424073027,2553332.5692707733,2480776.295030043,0.025731952607937814,2.924740710643222,0.13177817761154,11.516868927100044,3519.106508693126,1
2021-02-02,fixed_3pct,317.24072265625,0.016313963457120773,3.0,3.0,2418542.474691009,0.0,72556.27424073027,2594976.026630806,2522419.7523900755,0.016786462142298175,2.8764552042530123,0.0,11.516868927100044,3576.5012106617887,0
2021-02-03,fixed_3pct,315.982177734375,-0.003967160682705639,3.0,3.0,2418542.474691009,0.0,72556.27424073027,2584669.822896465,2512113.548655735,-0.004085840084535941,2.8882561570338288,0.0,11.516868927100044,3562.296782661329,0
2021-02-04,fixed_3pct,319.7191467285156,0.011826518257881169,3.0,3.0,2418542.474691009,0.0,72556.27424073027,2615225.950878618,2542669.6766378875,0.012163513866044529,2.8535469985495614,0.0,11.516868927100044,3604.4104775855917,0
2021-02-05,fixed_3pct,320.8035583496094,0.0033917631527227154,3.0,3.0,2418542.474691009,0.0,72556.27424073027,2624084.661025925,2551528.3867851947,0.0034840192686849125,2.8436397030310037,0.0,11.516868927100044,3616.6199112148815,0
2021-02-08,fixed_3pct,322.9527893066406,0.006699523434490873,3.0,3.0,2418542.474691009,0.0,72556.27424073027,2641653.2608376294,2569096.986596899,0.006885520028973691,2.8241936610124023,0.0,11.516868927100044,3640.833668047839,0
2021-02-09,fixed_3pct,322.88507080078125,-0.00020968546518751463,3.0,3.0,2418542.474691009,0.0,72556.27424073027,2641087.8276758394,2568531.553435109,-0.00022009023588442922,2.8248153752946807,0.0,11.516868927100044,3640.054365130611,0
2021-02-10,fixed_3pct,322.1492919921875,-0.002278763792853522,3.0,3.0,2418542.474691009,0.0,72556.27424073027,2635057.8954914585,2562501.621250728,-0.0023476184967696767,2.8314625691950344,0.0,11.516868927100044,3631.74366802346,0
2021-02-11,fixed_3pct,323.9210205078125,0.005499712585641747,3.0,3.0,2418542.474691009,0.0,72556.27424073027,2649538.4396942602,2576982.16545353,0.005650940503886925,2.8155520520632282,0.0,11.516868927100044,3651.7013413664404,0
2021-02-12,fixed_3pct,325.73138427734375,0.005588904871604683,3.0,3.0,2418542.474691009,0.0,72556.27424073027,2664334.9411184443,2591778.666877714,0.005741794267163591,2.799478025187158,0.0,11.516868927100044,3672.0944797669754,0
2021-02-16,fixed_3pct,324.8504638671875,-0.0027044382355437824,3.0,3.0,2418542.474691009,0.0,72556.27424073027,2657117.894962461,2584561.620721731,-0.002784592005565578,2.807295196949847,0.0,11.516868927100044,3662.1476540354915,0
2021-02-17,fixed_3pct,323.2916259765625,-0.0047986321831521295,3.0,3.0,2418542.474691009,0.0,72556.27424073027,2644355.846648338,2571799.5724076075,-0.0049377999780712,2.8212258458697166,0.0,11.516868927100044,3644.5584814275085,0
2021-02-18,fixed_3pct,321.8781433105469,-0.004372159847153334,3.0,3.0,2418542.474691009,0.0,72556.27424073027,2632782.7833251096,2560226.5090843793,-0.004499986487047303,2.833978711777294,0.0,11.516868927100044,3628.608016158536,0
2021-02-19,fixed_3pct,320.474365234375,-0.004361209685547096,3.0,3.0,2418542.474691009,0.0,72556.27424073027,2621289.1486816034,2548732.874440873,-0.004489303818519086,2.8467586763735397,0.0,11.516868927100044,3612.7670227175386,0
2021-02-22,fixed_3pct,312.167724609375,-0.02591982862318809,3.0,3.0,2418542.474691009,0.0,72556.27424073027,2553334.2663070266,2480777.9920662963,-0.026662222257985535,2.9247387099035214,0.0,11.516868927100044,3519.1088476173218,0
2021-02-23,fixed_3pct,311.23834228515625,-0.002977189026769911,3.0,3.0,2418542.474691009,0.0,72556.27424073027,2545720.9906787747,2473164.7164380443,-0.0030689064690995194,2.933742089982137,0.0,11.516868927100044,3508.6159223563136,0
2021-02-24,fixed_3pct,313.80389404296875,0.008243045310471153,3.0,3.0,2418542.474691009,0.0,72556.27424073027,2566693.96728383,2494137.6930430997,0.008480218266764483,2.9090725200581966,0.0,11.516868927100044,3537.5217293654637,0
2021-02-25,fixed_3pct,302.8639221191406,-0.034862447953976416,3.0,3.0,2418542.474691009,0.0,72556.27424073027,2477201.2155666854,2404644.941325955,-0.035881239422653755,3.0173383601789343,0.0,11.516868927100044,3414.179189173527,0
2021-02-26,fixed_3pct,304.13226318359375,0.004187824867282197,3.0,3.0,2418542.474691009,0.0,72556.27424073027,2487563.78354957,2415007.5093088397,0.004309396287491163,3.004391247689968,0.0,11.516868927100044,3428.461300667432,0
2021-03-01,fixed_3pct,313.28106689453125,0.030081661232418178,3.0,3.0,2415007.5093088397,-106.04896146507235,72450.2252792652,2562273.0189868207,2489822.7937075556,0.030979317501222958,2.909854687745898,0.07423427302555065,11.500035758613524,3536.5977250040755,-1
2021-03-02,fixed_3pct,308.2564697265625,-0.016038623775691874,3.0,3.0,2415007.5093088397,0.0,72450.2252792652,2521166.1859889263,2448715.9607096612,-0.01650994323844346,2.958702701405533,0.0,11.500035758613524,3479.8596916308943,0
2021-03-03,fixed_3pct,299.310791015625,-0.029020246416474937,3.0,3.0,2415007.5093088397,0.0,72450.2252792652,2447989.8219788847,2375539.5966996197,-0.029883565584647998,3.0498428811677822,0.0,11.500035758613524,3378.8574328691343,0
2021-03-04,fixed_3pct,294.4120178222656,-0.01636684456559956,3.0,3.0,2415007.5093088397,0.0,72450.2252792652,2407912.453028628,2335462.227749363,-0.016870848629901514,3.1021792781929936,0.0,11.500035758613524,3323.5403254401717,0
2021-03-05,fixed_3pct,298.8460693359375,0.015060701483825545,3.0,3.0,2415007.5093088397,0.0,72450.2252792652,2444165.80364712,2371715.578367855,0.015522987350315098,3.0547602731151815,0.0,11.500035758613524,3373.57930113521,0
2021-03-08,fixed_3pct,290.38458251953125,-0.028313863505745385,3.0,3.0,2415007.5093088397,0.0,72450.2252792652,2374950.5266614864,2302500.3013822213,-0.029183632985733343,3.146589176808028,0.0,11.500035758613524,3278.0443642611863,0
2021-03-09,fixed_3pct,301.8376159667969,0.0394409143484582,3.0,3.0,2415007.5093088397,0.0,72450.2252792652,2468609.246929609,2396159.021650344,0.040676963304586033,3.023598376595449,0.0,11.500035758613524,3407.317558246585,0
2021-03-10,fixed_3pct,300.97607421875,-0.0028543220012102744,3.0,3.0,2415007.5093088397,0.0,72450.2252792652,2461551.5412079482,2389101.315928683,-0.0029454245974042115,3.0325304664236308,0.0,11.500035758613524,3397.5761037590987,0
2021-03-11,fixed_3pct,307.90789794921875,0.02303114541068374,3.0,3.0,2415007.5093088397,0.0,72450.2252792652,2518232.3926536427,2445782.1673743776,0.023724758371606258,2.9622517592007283,0.0,11.500035758613524,3475.810300032766,0
2021-03-12,fixed_3pct,305.41009521484375,-0.008112174942608852,3.0,3.0,2415007.5093088397,0.0,72450.2252792652,2497792.5509025333,2425342.3256232683,-0.008357179974475049,2.9872164648199435,0.0,11.500035758613524,3447.5980457957053,0
2021-03-15,fixed_3pct,308.6726989746094,0.010682697824610177,3.0,3.0,2415007.5093088397,0.0,72450.2252792652,2524464.2139166286,2452013.9886373635,0.010997071519477597,2.954723162877522,0.0,11.500035758613524,3484.4118209237845,0
2021-03-16,fixed_3pct,310.36700439453125,0.005489003159496297,3.0,3.0,2415007.5093088397,0.0,72450.2252792652,2538309.505927094,2465859.2806478287,0.005646497970494657,2.938133000851173,0.0,11.500035758613524,3503.5218954019488,0
2021-03-17,fixed_3pct,311.6449279785156,0.004117459542702928,3.0,3.0,2415007.5093088397,0.0,72450.2252792652,2548749.3925888482,2476299.167309583,0.004233772277147718,2.92574605829957,0.0,11.500035758613524,3517.9316320473667,0
2021-03-18,fixed_3pct,302.0991516113281,-0.030630295923974038,3.0,3.0,2415007.5093088397,0.0,72450.2252792652,2470668.9444220443,2398218.7191427792,-0.031531104640977525,3.0210015750841044,0.0,11.500035758613524,3410.1604721015747,0
2021-03-19,fixed_3pct,303.16400146484375,0.003524835630408063,3.0,3.0,2415007.5093088397,0.0,72450.2252792652,2479366.1463125274,2406915.9210332623,0.0036265257297265485,3.0100854228494662,0.0,11.500035758613524,3422.164854223174,0
2021-03-22,fixed_3pct,308.84930419921875,0.01875322500991028,3.0,3.0,2415007.5093088397,0.0,72450.2252792652,2525850.757500522,2453400.5322212568,0.01931293518887811,2.9530532959357556,0.0,11.500035758613524,3486.3256087395557,0
2021-03-23,fixed_3pct,307.5019226074219,-0.004362585809575825,3.0,3.0,2415007.5093088397,0.0,72450.2252792652,2514820.016792985,2442369.79151372,-0.004496102679797498,2.9663904921769584,0.0,11.500035758613524,3471.1003410954345,0
2021-03-24,fixed_3pct,302.3157653808594,-0.016865446507088988,3.0,3.0,2415007.5093088397,0.0,72450.2252792652,2472394.954289048,2399944.729009783,-0.017370450065075205,3.018828908995673,0.0,11.500035758613524,3412.5428109560785,0
2021-03-25,fixed_3pct,301.7923278808594,-0.0017314264088760245,3.0,3.0,2415007.5093088397,0.0,72450.2252792652,2468102.6843362614,2395652.4590569963,-0.0017884870017642607,3.0242377188460745,0.0,11.500035758613524,3406.618371195896,0
2021-03-26,fixed_3pct,306.3193054199219,0.015000306902598348,3.0,3.0,2415007.5093088397,0.0,72450.2252792652,2505113.4820326734,2432663.2567534084,0.015449151464557831,2.9782266443221594,0.0,11.500035758613524,3457.7028192479906,0
2021-03-29,fixed_3pct,306.2320556640625,-0.00028483270337720246,3.0,3.0,2415007.5093088397,0.0,72450.2252792652,2504388.443751561,2431938.218472296,-0.0002980430107206722,2.979114548591504,0.0,11.500035758613524,3456.7020793906368,0
2021-03-30,fixed_3pct,304.6907653808594,-0.005033079505216587,3.0,3.0,2415007.5093088397,0.0,72450.2252792652,2491772.157566455,2419321.93228719,-0.005187749462250424,2.994650042740358,0.0,11.500035758613524,3439.2883499833433,0
2021-03-31,fixed_3pct,309.3533935546875,0.01530282077305456,3.0,3.0,2415007.5093088397,0.0,72450.2252792652,2529891.8002652237,2457441.5749859586,0.01575633328910908,2.9481972640460095,0.0,11.500035758613524,3491.9032901741202,0
2021-04-01,fixed_3pct,314.626708984375,0.01704625046809216,3.0,3.0,2457441.5749859586,1273.0219703135663,73723.24724957877,2574299.0833630953,2500575.8361135167,0.0175525072769247,2.948250806268769,0.8911153792194964,11.702102738028376,3491.8416909230814,1
2021-04-05,fixed_3pct,320.90826416015625,0.019965104666600952,3.0,3.0,2457441.5749859586,0.0,73723.24724957877,2625683.5319028366,2551960.284653258,0.020549046262722026,2.888886934993808,0.0,11.702102738028376,3561.540802745689,0
2021-04-06,fixed_3pct,320.685302734375,-0.0006947824368586097,3.0,3.0,2457441.5749859586,0.0,73723.24724957877,2623847.550997384,2550124.3037478053,-0.000719439450720949,2.890966810568056,0.0,11.702102738028376,3559.0504337319135,0
2021-04-07,fixed_3pct,321.46075439453125,0.002418107888151555,3.0,3.0,2457441.5749859586,0.0,73723.24724957877,2630180.59535502,2556457.3481054413,0.00248342574843452,2.883805094742306,0.0,11.702102738028376,3567.6407286441768,0
2021-04-08,fixed_3pct,324.81475830078125,0.010433634154088933,3.0,3.0,2457441.5749859586,0.0,73723.24724957877,2657611.2353434,2583887.9880938213,0.010729942358987055,2.85319052487123,0.0,11.702102738028376,3604.8483137842045,0
2021-04-09,fixed_3pct,326.7825622558594,0.0060582344391382215,3.0,3.0,2457441.5749859586,0.0,73723.24724957877,2673699.96515246,2599976.7179028816,0.00622655853628129,2.8355349008295465,0.0,11.702102738028376,3626.6714569707683,0
2021-04-12,fixed_3pct,326.3560791015625,-0.0013050976507215095,3.0,3.0,2457441.5749859586,0.0,73723.24724957877,2670198.8235064675,2596475.576256889,-0.0013466049991465168,2.839358395038674,0.0,11.702102738028376,3621.9224235564643,0
2021-04-13,fixed_3pct,330.16571044921875,0.011673235437023033,3.0,3.0,2457441.5749859586,0.0,73723.24724957877,2701356.9809341826,2627633.733684604,0.012000173509289613,2.8056896326338534,0.0,11.702102738028376,3664.186103725399,0
2021-04-14,fixed_3pct,326.2009582519531,-0.012008370559956849,3.0,3.0,2457441.5749859586,0.0,73723.24724957877,2668906.3831896605,2595183.135940082,-0.012349741643413181,2.8407724383147697,0.0,11.702102738028376,3620.169326175347,0
2021-04-15,fixed_3pct,331.1447448730469,0.015155647143363815,3.0,3.0,2457441.5749859586,0.0,73723.24724957877,2709343.684489216,2635620.4372396376,0.015581675427660091,2.797187569496588,0.0,11.702102738028376,3675.0194620662164,0
2021-04-16,fixed_3pct,331.532470703125,0.0011708651158779393,3.0,3.0,2457441.5749859586,0.0,73723.24724957877,2712504.258393571,2638781.011143992,0.0011991764290857354,2.793837265700858,0.0,11.702102738028376,3679.306541138649,0
2021-04-19,fixed_3pct,328.4983825683594,-0.009151707307374246,3.0,3.0,2457441.5749859586,0.0,73723.24724957877,2687668.511248009,2613945.26399843,-0.009411825778901983,2.820382211707362,0.0,11.702102738028376,3645.618731564168,0
2021-04-20,fixed_3pct,326.1040954589844,-0.007288581120720616,3.0,3.0,2457441.5749859586,0.0,73723.24724957877,2668067.5191754336,2594344.271925855,-0.007498623763296575,2.841690983242248,0.0,11.702102738028376,3619.0314706880713,0
2021-04-21,fixed_3pct,328.89581298828125,0.008560817138366872,3.0,3.0,2457441.5749859586,0.0,73723.24724957877,2690896.6552171726,2617173.407967594,0.008799578486471393,2.816903420504707,0.0,11.702102738028376,3649.997464310754,0
2021-04-22,fixed_3pct,324.9311218261719,-0.012054550424607124,3.0,3.0,2457441.5749859586,0.0,73723.24724957877,2658447.4036967126,2584724.156447134,-0.012398586743115003,2.8522675065998535,0.0,11.702102738028376,3605.982512811659,0
2021-04-23,fixed_3pct,329.0218505859375,0.012589525856356865,3.0,3.0,2457441.5749859586,0.0,73723.24724957877,2691904.2939205794,2618181.046671001,0.01294408540285219,2.8158193010875765,0.0,11.702102738028376,3651.3642498783997,0
2021-04-26,fixed_3pct,331.1641540527344,0.006511128251761367,3.0,3.0,2457441.5749859586,0.0,73723.24724957877,2709419.925917025,2635696.6786674466,0.006690000303346766,2.7971066567057217,0.0,11.702102738028376,3675.1228777873807,0
2021-04-27,fixed_3pct,329.72943115234375,-0.004332361708937138,3.0,3.0,2457441.5749859586,0.0,73723.24724957877,2697670.036673813,2623946.7894242345,-0.004457982338526345,2.809631946300087,0.0,11.702102738028376,3659.1850431401426,0
2021-04-28,fixed_3pct,328.61468505859375,-0.0033807903948827045,3.0,3.0,2457441.5749859586,0.0,73723.24724957877,2688538.0776225254,2614814.830372947,-0.003480237895102878,2.819444283137393,0.0,11.702102738028376,3646.798232477324,0
2021-04-29,fixed_3pct,329.79730224609375,0.003598795918962505,3.0,3.0,2457441.5749859586,0.0,73723.24724957877,2698201.8753815107,2624478.628131932,0.0036957866563755992,2.809062587111024,0.0,11.702102738028376,3659.9064420577697,0
2021-04-30,fixed_3pct,327.6355895996094,-0.0065546704953678425,3.0,3.0,2457441.5749859586,0.0,73723.24724957877,2680504.349055663,2606781.1018060846,-0.0067432541214650366,2.828133409379878,0.0,11.702102738028376,3635.9010882703337,0
2021-05-03,fixed_3pct,325.8907470703125,-0.0053255585921822,3.0,3.0,2606781.1018060846,4480.185804603767,78203.43305418253,2670669.9597290047,2592466.526674822,-0.005491283913844902,3.016564813837295,3.136130063222637,12.413243341933736,3415.029053620517,1
2021-05-04,fixed_3pct,320.0260925292969,-0.017995768808220514,3.0,3.0,2606781.1018060846,0.0,78203.43305418253,2622596.7873273203,2544393.3542731376,-0.018543411036185842,3.073559083262229,0.0,12.413243341933736,3353.557107282334,0
2021-05-05,fixed_3pct,318.9501037597656,-0.003362190754595318,3.0,3.0,2606781.1018060846,0.0,78203.43305418253,2613766.703412595,2535563.2703584125,-0.003470408339141251,3.084262734375709,0.0,12.413243341933736,3342.2659355653486,0
2021-05-06,fixed_3pct,321.3540954589844,0.007537203063678666,3.0,3.0,2606781.1018060846,0.0,78203.43305418253,2633454.780573956,2555251.3475197735,0.00776477455385205,3.060498652318091,0.0,12.413243341933736,3367.441399598648,0
2021-05-07,fixed_3pct,323.9617919921875,0.00811471386253415,3.0,3.0,2606781.1018060846,0.0,78203.43305418253,2654812.0993448948,2576608.666290712,0.008358206636567722,3.035130405222313,0.0,12.413243341933736,3394.7513499893703,0
2021-05-10,fixed_3pct,315.78033447265625,-0.025254390245280978,3.0,3.0,2606781.1018060846,0.0,78203.43305418253,2587754.0253168033,2509550.5922626206,-0.026025711589578893,3.116232575477748,0.0,12.413243341933736,3309.003101595171,0
2021-05-11,fixed_3pct,315.3440856933594,-0.0013814944493785175,3.0,3.0,2606781.1018060846,0.0,78203.43305418253,2584166.6442511296,2505963.211196947,-0.0014294914303517592,3.120693580207408,0.0,12.413243341933736,3304.4158591614687,0
2021-05-12,fixed_3pct,307.18206787109375,-0.025882894883915375,3.0,3.0,2606781.1018060846,0.0,78203.43305418253,2517268.5173921157,2439065.084337933,-0.02669557420480273,3.2062872596698377,0.0,12.413243341933736,3218.872137810177,0
2021-05-13,fixed_3pct,309.5569152832031,0.0077310743708709495,3.0,3.0,2606781.1018060846,0.0,78203.43305418253,2536717.2942681843,2458513.8612140017,0.007973865478603237,3.1809230075101578,0.0,12.413243341933736,3243.7416046820385,0
2021-05-14,fixed_3pct,316.39105224609375,0.022077158110450634,3.0,3.0,2606781.1018060846,0.0,78203.43305418253,2592708.389811916,2514504.956757733,0.02277436642805153,3.1100926185892286,0.0,12.413243341933736,3315.3383279421782,0
2021-05-17,fixed_3pct,314.4716796875,-0.0060664565099673995,3.0,3.0,2606781.1018060846,0.0,78203.43305418253,2576967.4238787526,2498763.99082457,-0.006260065581043861,3.129684649744616,0.0,12.413243341933736,3295.210099144016,0
2021-05-18,fixed_3pct,312.3487243652344,-0.006750863303097043,3.0,3.0,2606781.1018060846,0.0,78203.43305418253,2559558.255820271,2481354.8227660884,-0.006967111789031644,3.151642495328633,0.0,12.413243341933736,3272.948713193837,0
2021-05-19,fixed_3pct,312.7074279785156,0.001148407485928482,3.0,3.0,2606781.1018060846,0.0,78203.43305418253,2562485.2584385835,2484281.825384401,0.0011795985771392292,3.147929202520405,0.0,12.413243341933736,3276.6915189812566,0
2021-05-20,fixed_3pct,318.7562255859375,0.01934331284205193,3.0,3.0,2606781.1018060846,0.0,78203.43305418253,2612039.7992023653,2533836.3661481827,0.01994722992272191,3.086364774733408,0.0,12.413243341933736,3340.057715103936,0
2021-05-21,fixed_3pct,316.9920349121094,-0.0055346077416533745,3.0,3.0,2606781.1018060846,0.0,78203.43305418253,2597570.7702648514,2519367.3372106687,-0.005710324917117315,3.10409013799337,0.0,12.413243341933736,3321.5559328004797,0
2021-05-24,fixed_3pct,322.323486328125,0.016818881324554003,3.0,3.0,2606781.1018060846,0.0,78203.43305418253,2641246.5915387245,2563043.158484542,0.017336027433867196,3.051194545644019,0.0,12.413243341933736,3377.4049148312465,0
2021-05-25,fixed_3pct,322.7694396972656,0.0013835584065589046,3.0,3.0,2606781.1018060846,0.0,78203.43305418253,2644888.4972209013,2566685.0641667186,0.0014209302992502781,3.0468651626167267,0.0,12.413243341933736,3382.061878777642,0
2021-05-26,fixed_3pct,323.8939208984375,0.0034838527533045394,3.0,3.0,2606781.1018060846,0.0,78203.43305418253,2654090.486050786,2575887.0529966033,0.0035851647552529453,3.0359806717148654,0.0,12.413243341933736,3393.828611349995,0
2021-05-27,fixed_3pct,322.6821594238281,-0.0037412294471230734,3.0,3.0,2606781.1018060846,0.0,78203.43305418253,2644148.511325702,2565945.0782715194,-0.003859631466961333,3.047743839741971,0.0,12.413243341933736,3381.115646794851,0
2021-05-28,fixed_3pct,323.6999816894531,0.003154256397200239,3.0,3.0,2606781.1018060846,0.0,78203.43305418253,2652476.420439357,2574272.9873851743,0.003245552363601245,3.0378842274073623,0.0,12.413243341933736,3391.7646794375546,0
2021-06-01,fixed_3pct,322.62408447265625,-0.0033237481546386505,3.0,3.0,2574272.9873851743,-975.2434326273069,77228.18962155523,2642675.3160184557,2565447.1263969005,-0.003428486812208198,3.0103208453186903,0.6826704028391148,12.258442797072258,3421.905043959306,-1
2021-06-02,fixed_3pct,323.2541198730469,0.0019528467672227379,3.0,3.0,2574272.9873851743,0.0,77228.18962155523,2647823.7975233644,2570595.6079018093,0.0020068554334775612,3.0042916662644963,0.0,12.258442797072258,3428.571627146272,0
2021-06-03,fixed_3pct,319.89044189453125,-0.010405677056294471,3.0,3.0,2574272.9873851743,0.0,77228.18962155523,2620259.139741568,2543030.9501200127,-0.01072306266184575,3.0368560641352245,0.0,12.258442797072258,3392.879145013941,0
2021-06-04,fixed_3pct,325.3188171386719,0.01696948246403185,3.0,3.0,2574272.9873851743,0.0,77228.18962155523,2664711.3228218346,2587483.1332002794,0.017480000814842134,2.984683789070231,0.0,12.258442797072258,3450.4386751519614,0
2021-06-07,fixed_3pct,326.28826904296875,0.002980005622864601,3.0,3.0,2574272.9873851743,0.0,77228.18962155523,2672639.9191043573,2595411.729482802,0.0030642117742876174,2.9755660246224127,0.0,12.258442797072258,3460.7051287893905,0
2021-06-08,fixed_3pct,326.4433288574219,0.00047522338117733653,3.0,3.0,2574272.9873851743,0.0,77228.18962155523,2673897.7616405864,2596669.5720190313,0.00048464084597465984,2.9741246423397154,0.0,12.258442797072258,3462.333863766078,0
2021-06-09,fixed_3pct,326.5209045410156,0.00023763905320195455,3.0,3.0,2574272.9873851743,0.0,77228.18962155523,2674520.9257302242,2597292.736108669,0.00023998590207741088,2.97341106560289,0.0,12.258442797072258,3463.1407764914593,0
2021-06-10,fixed_3pct,329.9233093261719,0.010420174444692787,3.0,3.0,2574272.9873851743,0.0,77228.18962155523,2702377.641889517,2625149.452267962,0.010725289364582169,2.9418587789291384,0.0,12.258442797072258,3499.211434493156,0
2021-06-11,fixed_3pct,330.78607177734375,0.0026150393948640716,3.0,3.0,2574272.9873851743,0.0,77228.18962155523,2709432.207440061,2632204.017818506,0.00268730054376487,2.933974308175386,0.0,12.258442797072258,3508.3461372294414,0
2021-06-14,fixed_3pct,333.9559020996094,0.009582720049952087,3.0,3.0,2574272.9873851743,0.0,77228.18962155523,2735383.6793354857,2658155.4897139305,0.00985921749216545,2.9053300275472784,0.0,12.258442797072258,3541.9497630849687,0
2021-06-15,fixed_3pct,331.7748718261719,-0.006530893030262885,3.0,3.0,2574272.9873851743,0.0,77228.18962155523,2717506.9226862215,2640278.7330646664,-0.006725248661502481,2.925001389225057,0.0,12.258442797072258,3518.801795047823,0
2021-06-16,fixed_3pct,330.56304931640625,-0.0036525445796887768,3.0,3.0,2574272.9873851743,0.0,77228.18962155523,2707568.8490627,2630340.6594411447,-0.0037640244187348015,2.9360527635216465,0.0,12.258442797072258,3505.933341608448,0
2021-06-17,fixed_3pct,334.76043701171875,0.01269769172323576,3.0,3.0,2574272.9873851743,0.0,77228.18962155523,2741936.465184737,2664708.275563182,0.013065842250767234,2.898185528591612,0.0,12.258442797072258,3550.4347293665323,0
2021-06-18,fixed_3pct,332.13348388671875,-0.007847262802169297,3.0,3.0,2574272.9873851743,0.0,77228.18962155523,2720407.510712784,2643179.3210912286,-0.00807929133158225,2.921791533601731,0.0,12.258442797072258,3522.5576619673716,0
2021-06-21,fixed_3pct,334.1977233886719,0.0062150900228330475,3.0,3.0,2574272.9873851743,0.0,77228.18962155523,2737302.829847858,2660074.6402263027,0.00639204423258688,2.9032339338788304,0.0,12.258442797072258,3544.434801931246,0
2021-06-22,fixed_3pct,337.3129577636719,0.009321530809403455,3.0,3.0,2574272.9873851743,0.0,77228.18962155523,2762806.4240681548,2685578.2344465996,0.009587548347187447,2.8756633722669847,0.0,12.258442797072258,3577.4584871234965,0
2021-06-23,fixed_3pct,337.4779357910156,0.00048909484070081,3.0,3.0,2574272.9873851743,0.0,77228.18962155523,2764145.439993224,2686917.250371669,0.000498595016855008,2.874230295364422,0.0,12.258442797072258,3579.1923305964965,0
2021-06-24,fixed_3pct,339.56451416015625,0.006182858634150135,3.0,3.0,2574272.9873851743,0.0,77228.18962155523,2781223.5020501358,2703995.3124285806,0.00635600595982222,2.8560770525964077,0.0,12.258442797072258,3601.306097785136,0
2021-06-25,fixed_3pct,339.1472473144531,-0.0012288293632070069,3.0,3.0,2574272.9873851743,0.0,77228.18962155523,2777793.594502378,2700565.4048808226,-0.0012684591323042227,2.859704470848146,0.0,12.258442797072258,3596.8648340904074,0
2021-06-28,fixed_3pct,343.27178955078125,0.012161508810666799,3.0,3.0,2574272.9873851743,0.0,77228.18962155523,2811563.497333335,2734335.30771178,0.012504752808402353,2.8243862193398437,0.0,12.258442797072258,3640.592264445103,0
2021-06-29,fixed_3pct,344.5140380859375,0.003618848309037803,3.0,3.0,2574272.9873851743,0.0,77228.18962155523,2821725.860698615,2744497.67107706,0.0037165754092478576,2.8139280435697196,0.0,12.258442797072258,3653.751142589313,0
2021-06-30,fixed_3pct,343.9705505371094,-0.0015775483398228207,3.0,3.0,2574272.9873851743,0.0,77228.18962155523,2817262.1933088377,2740034.0036872826,-0.001626405967408151,2.8185120884495856,0.0,12.258442797072258,3647.9713005243216,0
2021-07-01,fixed_3pct,344.1064453125,0.00039507677380634654,3.0,3.0,2740034.0036872826,4972.830489063243,82201.02011061847,2823333.493168459,2741132.4730578405,0.0004008962549659767,2.9987977931953074,3.4809813423442697,13.04778096993944,3434.6696541832207,1
2021-07-02,fixed_3pct,348.05633544921875,0.01147868687298681,3.0,3.0,2740034.0036872826,0.0,82201.02011061847,2855728.6064935853,2773527.586382967,0.011818149485124385,2.963771498585275,0.0,13.04778096993944,3474.0792786398656,0
2021-07-06,fixed_3pct,349.5605163574219,0.004321659326389726,3.0,3.0,2740034.0036872826,0.0,82201.02011061847,2868057.044878506,2785856.024767888,0.004445039034566944,2.9506557187379165,0.0,13.04778096993944,3489.077192739144,0
2021-07-07,fixed_3pct,350.2981262207031,0.002110106344296092,3.0,3.0,2740034.0036872826,0.0,82201.02011061847,2874095.9024637374,2791894.882353119,0.00216768473730955,2.944273462091675,0.0,13.04778096993944,3496.4236436434085,0
2021-07-08,fixed_3pct,348.1824645996094,-0.006039603020202233,3.0,3.0,2740034.0036872826,0.0,82201.02011061847,2856724.4563898966,2774523.4362792782,-0.006222098899081541,2.9627077225504563,0.0,13.04778096993944,3475.290759829481,0
2021-07-09,fixed_3pct,350.3563537597656,0.006243534299339659,3.0,3.0,2740034.0036872826,0.0,82201.02011061847,2874547.465736159,2792346.445625541,0.006423809261515423,2.943797329997991,0.0,13.04778096993944,3496.972983872781,0
2021-07-12,fixed_3pct,351.7247009277344,0.0039055868497450685,3.0,3.0,2740034.0036872826,0.0,82201.02011061847,2885761.212736336,2803560.1926257177,0.004015886716973949,2.932022659147255,0.0,13.04778096993944,3510.6148425566344,0
2021-07-13,fixed_3pct,351.7247009277344,0.0,3.0,3.0,2740034.0036872826,0.0,82201.02011061847,2885748.164955366,2803547.1448447476,-4.654004220894237e-06,2.932036304856594,0.0,13.04778096993944,3510.598969540761,0
2021-07-14,fixed_3pct,352.3556213378906,0.001793790451714239,3.0,3.0,2740034.0036872826,0.0,82201.02011061847,2890911.544678745,2808710.5245681265,0.0018417310131109144,2.9266462097676613,0.0,13.04778096993944,3516.8803754362484,0
2021-07-15,fixed_3pct,349.8808288574219,-0.007023564633571011,3.0,3.0,2740034.0036872826,0.0,82201.02011061847,2870593.992813787,2788392.9727031686,-0.007233764991884328,2.947971140198716,0.0,13.04778096993944,3492.163465794961,0
2021-07-16,fixed_3pct,347.0469970703125,-0.008099420012132708,3.0,3.0,2740034.0036872826,0.0,82201.02011061847,2847330.798600713,2765129.7784900945,-0.00834286789588412,2.972772589194874,0.0,13.04778096993944,3463.8630941185897,0
2021-07-19,fixed_3pct,344.2034606933594,-0.008193519612495037,3.0,3.0,2740034.0036872826,0.0,82201.02011061847,2823988.0900781467,2741787.0699675283,-0.008441813004275156,2.9980818354210124,0.0,13.04778096993944,3435.4659909060574,0
2021-07-20,fixed_3pct,348.2018737792969,0.011616423256997965,3.0,3.0,2740034.0036872826,0.0,82201.02011061847,2856779.6832242454,2774578.663113627,0.011959934272535389,2.962648751085422,0.0,13.04778096993944,3475.357944925571,0
2021-07-21,fixed_3pct,350.8901672363281,0.007720502557476694,3.0,3.0,2740034.0036872826,0.0,82201.02011061847,2878822.4102937556,2796621.3901831373,0.007944531313007985,2.9392974107673373,0.0,13.04778096993944,3502.1735818116426,0
2021-07-22,fixed_3pct,353.2096252441406,0.0066102108989858355,3.0,3.0,2740034.0036872826,0.0,82201.02011061847,2897838.985785554,2815637.965674936,0.006799839105340322,2.919445650070075,0.0,13.04778096993944,3525.3078147764013,0
2021-07-23,fixed_3pct,357.334228515625,0.01167749397721951,3.0,3.0,2740034.0036872826,0.0,82201.02011061847,2931665.4353080466,2849464.4151974283,0.012013778026460198,2.8847884420737038,0.0,13.04778096993944,3566.458702535424,0
2021-07-26,fixed_3pct,357.6155700683594,0.0007873344624809153,3.0,3.0,2740034.0036872826,0.0,82201.02011061847,2933960.5887567587,2851759.5686461404,0.0008054683667817475,2.8824667063234584,0.0,13.04778096993944,3569.250825365072,0
2021-07-27,fixed_3pct,353.67535400390625,-0.011018021569083047,3.0,3.0,2740034.0036872826,0.0,82201.02011061847,2901621.099926027,2819420.0798154087,-0.011340187716485817,2.9155293565193126,0.0,13.04778096993944,3529.9088697698594,0
2021-07-28,fixed_3pct,355.0341491699219,0.003841927775381837,3.0,3.0,2740034.0036872826,0.0,82201.02011061847,2912755.870842497,2830554.8507318785,0.003949312483153999,2.9040603148659803,0.0,13.04778096993944,3543.4546516853216,0
2021-07-29,fixed_3pct,355.66497802734375,0.0017768117768297564,3.0,3.0,2740034.0036872826,0.0,82201.02011061847,2917918.2419958697,2835717.2218852513,0.0018238018429630465,2.898773526366261,0.0,13.04778096993944,3549.734830625225,0
2021-07-30,fixed_3pct,353.8112487792969,-0.005212009510546678,3.0,3.0,2740034.0036872826,0.0,82201.02011061847,2902696.9765866194,2820495.956476001,-0.005367695090249813,2.914417229419556,0.0,13.04778096993944,3531.2177059122146,0
2021-08-02,fixed_3pct,353.8404235839844,8.24586691015039e-05,3.0,3.0,2820495.956476001,2413.8585836615675,84614.87869428004,2905335.265969876,2820720.387275596,7.957139561920457e-05,2.999761304806452,1.6897010085630972,13.430933126076196,3433.59857131873,1
2021-08-03,fixed_3pct,355.9852294921875,0.006061506162802877,3.0,3.0,2820495.956476001,0.0,84614.87869428004,2922932.5426564347,2838317.6639621546,0.006238575353282316,2.9811630942028433,0.0,13.430933126076196,3454.3954772034967,0
2021-08-04,fixed_3pct,356.49957275390625,0.0014448443898991137,3.0,3.0,2820495.956476001,0.0,84614.87869428004,2927142.294409619,2842527.415715339,0.0014831855527079885,2.9767480245387956,0.0,13.430933126076196,3459.3706681133535,0
2021-08-05,fixed_3pct,358.7608642578125,0.006343041273340511,3.0,3.0,2820495.956476001,0.0,84614.87869428004,2945695.8478628737,2861080.9691685936,0.006527132632276,2.9574443927348346,0.0,13.430933126076196,3481.297726025107,0
2021-08-06,fixed_3pct,357.18853759765625,-0.004382659361156893,3.0,3.0,2820495.956476001,0.0,84614.87869428004,2932772.43544699,2848157.55675271,-0.0045169684308651314,2.970863690236034,0.0,13.430933126076196,3466.0245109412954,0
2021-08-09,fixed_3pct,357.84857177734375,0.0018478593521693565,3.0,3.0,2820495.956476001,0.0,84614.87869428004,2938178.3554864894,2853563.4767922093,0.0018980410780584656,2.965235551353446,0.0,13.430933126076196,3472.413363732814,0
2021-08-10,fixed_3pct,356.0142822265625,-0.005125881994360926,3.0,3.0,2820495.956476001,0.0,84614.87869428004,2923104.169024754,2838489.290330474,-0.005282583192675605,2.9809828412080663,0.0,13.430933126076196,3454.5983095788038,0
2021-08-11,fixed_3pct,355.40277099609375,-0.0017176592653650458,3.0,3.0,2820495.956476001,0.0,84614.87869428004,2918069.841132075,2833454.962437795,-0.0017735941121316268,2.986279288571457,0.0,13.430933126076196,3448.6486137683687,0
2021-08-12,fixed_3pct,356.6839599609375,0.003604893009846011,3.0,3.0,2820495.956476001,0.0,84614.87869428004,2928575.739771488,2843960.861077208,0.003707805057319158,2.975247650286946,0.0,13.430933126076196,3461.064750033684,0
2021-08-13,fixed_3pct,357.9358825683594,0.0035098932050630083,3.0,3.0,2820495.956476001,0.0,84614.87869428004,2938841.296927898,2854226.418233618,0.0036095986048563233,2.964546826199067,0.0,13.430933126076196,3473.1968446662368,0
2021-08-16,fixed_3pct,358.0911865234375,0.00043388763921559104,3.0,3.0,2820495.956476001,0.0,84614.87869428004,2940102.9929071255,2855488.1142128455,0.00044204481157028575,2.9632369426831002,0.0,13.430933126076196,3474.6879488298273,0
2021-08-17,fixed_3pct,354.9371032714844,-0.0088080449077087,3.0,3.0,2820495.956476001,0.0,84614.87869428004,2914193.0027791844,2829578.1240849043,-0.009073751699044785,2.9903708250375587,0.0,13.430933126076196,3444.0668683203867,0
2021-08-18,fixed_3pct,351.5209655761719,-0.009624628318160244,3.0,3.0,2820495.956476001,0.0,84614.87869428004,2886131.5473469254,2801516.6686526453,-0.009917187015762052,3.0203239424227486,0.0,13.430933126076196,3410.9031317940394,0
2021-08-19,fixed_3pct,353.21923828125,0.004831213132037604,3.0,3.0,2820495.956476001,0.0,84614.87869428004,2900061.6330461297,2815446.7543518497,0.004972337253986048,3.005380178598313,0.0,13.430933126076196,3427.3660587805985,0
2021-08-20,fixed_3pct,356.8780212402344,0.010358390943788542,3.0,3.0,2820495.956476001,0.0,84614.87869428004,2930088.174269177,2845473.295574897,0.01066492952730691,2.973666237735136,0.0,13.430933126076196,3462.852183309046,0
2021-08-23,fixed_3pct,362.2156677246094,0.014956501007894696,3.0,3.0,2820495.956476001,0.0,84614.87869428004,2973898.610067728,2889283.731373448,0.0153965373235736,2.9285763033752854,0.0,13.430933126076196,3514.628462463025,0
2021-08-24,fixed_3pct,363.32208251953125,0.003054574645741326,3.0,3.0,2820495.956476001,0.0,84614.87869428004,2982969.17442792,2898354.29573364,0.0031393816611704484,2.919411157525932,0.0,13.430933126076196,3525.348284437792,0
2021-08-25,fixed_3pct,363.7394104003906,0.001148644414799449,3.0,3.0,2820495.956476001,0.0,84614.87869428004,2986382.1143765193,2901767.2356822393,0.00117754408204096,2.915977465518046,0.0,13.430933126076196,3529.3817830390612,0
2021-08-26,fixed_3pct,361.4296569824219,-0.006350022438938563,3.0,3.0,2820495.956476001,0.0,84614.87869428004,2967405.0900058574,2882790.2113115774,-0.0065398161979729474,2.9351729571671803,0.0,13.430933126076196,3506.954256505309,0
2021-08-27,fixed_3pct,364.94287109375,0.009720326053650252,3.0,3.0,2820495.956476001,0.0,84614.87869428004,2996235.8040808495,2911620.9253865695,0.010000975430631609,2.9061090321380316,0.0,13.430933126076196,3541.0271223179034,0
2021-08-30,fixed_3pct,369.0382080078125,0.011221857552083714,3.0,3.0,2820495.956476001,0.0,84614.87869428004,3029845.7045335714,2945230.8258392913,0.01154336409649881,2.872945575332543,0.0,13.430933126076196,3580.748151256747,0
2021-08-31,fixed_3pct,368.7373962402344,-0.0008151236404544404,3.0,3.0,2820495.956476001,0.0,84614.87869428004,3027362.5747397505,2942747.6960454704,-0.000843101930088408,2.875369805164995,0.0,13.430933126076196,3577.813525772271,0
2021-09-01,fixed_3pct,369.34881591796875,0.0016581439364942163,3.0,3.0,2942747.6960454704,3667.5521870840894,88282.43088136413,3036039.4265254014,2947756.995644037,0.0017022524918797188,2.994901920742481,2.5672865309588624,14.013084266883196,3439.0075083062657,1
2021-09-02,fixed_3pct,369.17413330078125,-0.0004729475489270163,3.0,3.0,2942747.6960454704,0.0,88282.43088136413,3034589.5260359137,2946307.0951545495,-0.0004918656767264329,2.996375735121163,0.0,14.013084266883196,3437.365165118598,0
2021-09-03,fixed_3pct,370.30963134765625,0.0030757790008810737,3.0,3.0,2942747.6960454704,0.0,88282.43088136413,3043909.2396921217,2955626.8088107575,0.003163184744569003,2.986927531520325,0.0,14.013084266883196,3447.9218676959563,0
2021-09-07,fixed_3pct,370.83367919921875,0.0014151612791040158,3.0,3.0,2942747.6960454704,0.0,88282.43088136413,3048202.8491009744,2959920.41821961,0.001452689966153109,2.982594746059623,0.0,14.013084266883196,3452.785360200623,0
2021-09-08,fixed_3pct,369.5429382324219,-0.0034806465518021357,3.0,3.0,2942747.6960454704,0.0,88282.43088136413,3037579.119280791,2949296.6883994266,-0.003589194410359764,2.9933384195835075,0.0,14.013084266883196,3440.751561726655,0
2021-09-09,fixed_3pct,368.2716064453125,-0.0034402816441042594,3.0,3.0,2942747.6960454704,0.0,88282.43088136413,3027114.978509948,2938832.547628584,-0.003548012247123755,3.003996636439915,0.0,14.013084266883196,3428.898534271051,0
2021-09-10,fixed_3pct,365.4765319824219,-0.0075897093720302955,3.0,3.0,2942747.6960454704,0.0,88282.43088136413,3004126.042503071,2915843.6116217067,-0.007822472234910949,3.027680583742419,0.0,14.013084266883196,3402.85831791388,0
2021-09-13,fixed_3pct,365.2242431640625,-0.0006903010078127547,3.0,3.0,2942747.6960454704,0.0,88282.43088136413,3002038.278184068,2913755.8473027037,-0.0007160069595920637,3.0298499774127663,0.0,14.013084266883196,3400.4934483717075,0
2021-09-14,fixed_3pct,364.1859130859375,-0.0028429933049612943,3.0,3.0,2942747.6960454704,0.0,88282.43088136413,2993489.4903736864,2905207.059492322,-0.002933941022647879,3.0387655362778605,0.0,14.013084266883196,3390.809995248549,0
2021-09-15,fixed_3pct,366.8934631347656,0.007434527123483914,3.0,3.0,2942747.6960454704,0.0,88282.43088136413,3015730.6560994666,2927448.2252181023,0.007655621534138346,3.0156786419266854,0.0,14.013084266883196,3416.0031911129317,0
2021-09-16,fixed_3pct,367.1458435058594,0.0006878846217028833,3.0,3.0,2942747.6960454704,0.0,88282.43088136413,3017791.1177567285,2929508.6868753643,0.0007038422198255567,3.013557572875021,0.0,14.013084266883196,3418.337134159913,0
2021-09-17,fixed_3pct,362.79791259765625,-0.011842517040871026,3.0,3.0,2942747.6960454704,0.0,88282.43088136413,2982038.8619346386,2893756.4310532743,-0.012204181534694047,3.050789967462152,0.0,14.013084266883196,3377.8395453813096,0
2021-09-20,fixed_3pct,355.3013916015625,-0.02066307642846721,3.0,3.0,2942747.6960454704,0.0,88282.43088136413,2920406.751933557,2832124.3210521927,-0.021298306014873813,3.117180634519793,0.0,14.013084266883196,3308.0271156761232,0
2021-09-21,fixed_3pct,355.7386169433594,0.001230575933930389,3.0,3.0,2942747.6960454704,0.0,88282.43088136413,2923986.5211155075,2835704.090234143,0.0012639873028668092,3.113245531697021,0.0,14.013084266883196,3312.082021217591,0
2021-09-22,fixed_3pct,359.0614013671875,0.009340522129362094,3.0,3.0,2942747.6960454704,0.0,88282.43088136413,2951284.0688376767,2863001.6379563124,0.009626373857617665,3.083562010966312,0.0,14.013084266883196,3343.002723615163,0
2021-09-23,fixed_3pct,362.3744201660156,0.009226886505241838,3.0,3.0,2942747.6960454704,0.0,88282.43088136413,2978501.2189013036,2890218.7880199393,0.009506508729437924,3.0545241504656313,0.0,14.013084266883196,3373.832357316802,0
2021-09-24,fixed_3pct,362.7144775390625,0.0009384143971615799,3.0,3.0,2942747.6960454704,0.0,88282.43088136413,2981282.274242817,2892999.8433614527,0.000962230040521872,3.0515878209929816,0.0,14.013084266883196,3376.982537158645,0
2021-09-27,fixed_3pct,359.8192443847656,-0.007982127357971436,3.0,3.0,2942747.6960454704,0.0,88282.43088136413,2957471.2863554815,2869188.855474117,-0.008230552774475375,3.0769125118038265,0.0,14.013084266883196,3350.011159445526,0
2021-09-28,fixed_3pct,349.6371154785156,-0.028297899751470568,3.0,3.0,2942747.6960454704,0.0,88282.43088136413,2873767.0472920747,2785484.6164107104,-0.029173485357615214,3.1693742037291215,0.0,14.013084266883196,3255.197006473356,0
2021-09-29,fixed_3pct,349.0639343261719,-0.0016393601450443995,3.0,3.0,2942747.6960454704,0.0,88282.43088136413,2869041.895044335,2780759.464162971,-0.0016963483552919767,3.174759702128274,0.0,14.013084266883196,3249.8446932208026,0
2021-09-30,fixed_3pct,347.7815246582031,-0.003673853245378389,3.0,3.0,2942747.6960454704,0.0,88282.43088136413,2858487.443082833,2770205.012201469,-0.0037955285588424648,3.1868555032035872,0.0,14.013084266883196,3237.889367731765,0
2021-10-01,fixed_3pct,349.9383544921875,0.006201680310948365,3.0,3.0,2770205.012201469,-5176.280515320061,83106.15036604406,2870989.6489054714,2787883.4985394273,0.0063816527152658065,2.9809764435846544,3.6233963607240423,13.191452439054613,3454.605509050886,-1
2021-10-04,fixed_3pct,342.59344482421875,-0.020989153014185358,3.0,3.0,2770205.012201469,0.0,83106.15036604406,2810716.8164100135,2727610.6660439693,-0.021619566429886605,3.0468479757992113,0.0,13.191452439054613,3382.080392401897,0
2021-10-05,fixed_3pct,347.218017578125,0.013498719323947084,3.0,3.0,2770205.012201469,0.0,83106.15036604406,2848644.7023613914,2765538.5519953473,0.013905168513799415,3.0050620811661672,0.0,13.191452439054613,3427.7182733340815,0
2021-10-06,fixed_3pct,349.4428405761719,0.006407567826016702,3.0,3.0,2770205.012201469,0.0,83106.15036604406,2866884.395051556,2783778.244685512,0.006595349277269902,2.9853725067613173,0.0,13.191452439054613,3449.665737643074,0
2021-10-07,fixed_3pct,352.64910888671875,0.009175372731232034,3.0,3.0,2770205.012201469,0.0,83106.15036604406,2893175.936501068,2810069.786135024,0.009444553099624553,2.9574408000859096,0.0,13.191452439054613,3481.301833568237,0
2021-10-08,fixed_3pct,350.8905944824219,-0.004986584000873706,3.0,3.0,2770205.012201469,0.0,83106.15036604406,2878735.68021196,2795629.5298459157,-0.005138753621122483,2.972716859612817,0.0,13.191452439054613,3463.9261565268803,0
2021-10-11,fixed_3pct,348.19921875,-0.007670127882429489,3.0,3.0,2770205.012201469,0.0,83106.15036604406,2856642.2179525825,2773536.0675865384,-0.007902857665334162,2.9963969582829675,0.0,13.191452439054613,3437.3415269151533,0
2021-10-12,fixed_3pct,346.9848327636719,-0.003487618354480082,3.0,3.0,2770205.012201469,0.0,83106.15036604406,2846666.1486686296,2763559.9983025854,-0.003596877430418255,3.007213536781866,0.0,13.191452439054613,3425.3375184993947,0
2021-10-13,fixed_3pct,349.7635192871094,0.008008092173095172,3.0,3.0,2770205.012201469,0.0,83106.15036604406,2869449.3221207587,2786343.1717547146,0.008244139250142224,2.982624366176242,0.0,13.191452439054613,3452.7520640556263,0
2021-10-14,fixed_3pct,356.20501708984375,0.018416722864246893,3.0,3.0,2770205.012201469,0.0,83106.15036604406,2922281.983606819,2839175.833240775,0.018961290203456382,2.927122349839905,0.0,13.191452439054613,3516.3245689224223,0
2021-10-15,fixed_3pct,358.44927978515625,0.006300480306672407,3.0,3.0,2770205.012201469,0.0,83106.15036604406,2940680.5722426386,2857574.4218765944,0.006480256847924304,2.9082759745402367,0.0,13.191452439054613,3538.4632296049135,0
2021-10-18,fixed_3pct,362.0537414550781,0.010055709058983897,3.0,3.0,2770205.012201469,0.0,83106.15036604406,2970238.009060078,2887131.8586940337,0.010343540518545247,2.878502071728595,0.0,13.191452439054613,3574.02911334186,0
2021-10-19,fixed_3pct,364.79364013671875,0.007567657416352347,3.0,3.0,2770205.012201469,0.0,83106.15036604406,2992702.561305234,2909596.41093919,0.007780923540956053,2.8562775941567162,0.0,13.191452439054613,3601.060268251829,0
2021-10-20,fixed_3pct,364.31756591796875,-0.0013050507639650322,3.0,3.0,2770205.012201469,0.0,83106.15036604406,2988783.741088844,2905677.5907227998,-0.0013468604104874826,2.860129789739372,0.0,13.191452439054613,3596.3448287817896,0
2021-10-21,fixed_3pct,366.5423583984375,0.006106739527815375,3.0,3.0,2770205.012201469,0.0,83106.15036604406,3007022.273448204,2923916.12308216,0.006276860315677091,2.8422891378443564,0.0,13.191452439054613,3618.290896887493,0
2021-10-22,fixed_3pct,363.4625549316406,-0.00840231257378743,3.0,3.0,2770205.012201469,0.0,83106.15036604406,2981743.1409379123,2898636.990571868,-0.008645642161460021,2.867076858411586,0.0,13.191452439054613,3587.8730127730814,0
2021-10-25,fixed_3pct,367.1836853027344,0.010238002018649883,3.0,3.0,2770205.012201469,0.0,83106.15036604406,3012257.041781491,2929150.891415447,0.010526982489642123,2.8372096026055136,0.0,13.191452439054613,3624.5897909046384,0
2021-10-26,fixed_3pct,368.3398132324219,0.0031486364344708306,3.0,3.0,2770205.012201469,0.0,83106.15036604406,3021728.3526007966,2938622.2022347525,0.003233466342435154,2.828065149131583,0.0,13.191452439054613,3635.986433364419,0
2021-10-27,fixed_3pct,369.19482421875,0.002321255958797508,3.0,3.0,2770205.012201469,0.0,83106.15036604406,3028729.3660926996,2945623.2157266554,0.0023824135972903004,2.8213435419146986,0.0,13.191452439054613,3644.4106155231,0
2021-10-28,fixed_3pct,373.2947998046875,0.011105181646610118,3.0,3.0,2770205.012201469,0.0,83106.15036604406,3062350.7644091425,2979244.6140430984,0.011414018648732371,2.789504090208345,0.0,13.191452439054613,3684.866584387446,0
2021-10-29,fixed_3pct,375.131103515625,0.004919178386353806,3.0,3.0,2770205.012201469,0.0,83106.15036604406,3077401.822648419,2994295.672282375,0.005051971284375734,2.7754824326582668,0.0,13.191452439054613,3702.977227430089,0
2021-11-01,fixed_3pct,376.4134826660156,0.003418482600809458,3.0,3.0,2994295.672282375,6722.719802427178,89828.87016847124,3094648.5879962114,3004819.71782774,0.003514698178534781,2.9894928349781598,4.705903861699025,14.258550820392262,3445.0489939284494,1
2021-11-02,fixed_3pct,377.9874267578125,0.004181423259998818,3.0,3.0,2994295.672282375,0.0,89828.87016847124,3107574.365032761,3017745.4948642896,0.004301681382034461,2.9766880713216315,0.0,14.258550820392262,3459.4383289076245,0
2021-11-03,fixed_3pct,382.00006103515625,0.010615787704268742,3.0,3.0,2994295.672282375,0.0,89828.87016847124,3140549.456216356,3050720.5860478845,0.010927061688837947,2.9445131940071185,0.0,14.258550820392262,3496.147118767444,0
2021-11-04,fixed_3pct,386.89678955078125,0.012818658987529208,3.0,3.0,2994295.672282375,0.0,89828.87016847124,3180792.830178243,3090963.960009772,0.013191432262245062,2.9061765627376404,0.0,14.258550820392262,3540.947163437284,0
2021-11-05,fixed_3pct,387.26593017578125,0.0009541061982669685,3.0,3.0,2994295.672282375,0.0,89828.87016847124,3183813.385782099,3093984.5156136276,0.0009772212303136296,2.9033393578783167,0.0,14.258550820392262,3544.3097300577824,0
2021-11-08,fixed_3pct,386.7412414550781,-0.0013548538092802431,3.0,3.0,2994295.672282375,0.0,89828.87016847124,3179485.525537514,3089656.655369043,-0.001398798288337999,2.907406232740177,0.0,14.258550820392262,3539.4918355028713,0
2021-11-09,fixed_3pct,384.0791931152344,-0.0068832802258896875,3.0,3.0,2994295.672282375,0.0,89828.87016847124,3157585.977140259,3067757.1069717878,-0.007088020074722312,2.92816109738043,0.0,14.258550820392262,3515.1126483259836,0
2021-11-10,fixed_3pct,378.4344177246094,-0.014696904939944022,3.0,3.0,2994295.672282375,0.0,89828.87016847124,3111164.9776437078,3021336.1074752365,-0.015131901867672215,2.9731505192759324,0.0,14.258550820392262,3463.4354988644686,0
2021-11-11,fixed_3pct,379.48370361328125,0.002772702057547649,3.0,3.0,2994295.672282375,0.0,89828.87016847124,3119777.05262777,3029948.182459299,0.002850419376630997,2.9646998812884124,0.0,14.258550820392262,3473.022700582481,0
2021-11-12,fixed_3pct,383.476806640625,0.010522462464983784,3.0,3.0,2994295.672282375,0.0,89828.87016847124,3152590.5310123432,3062761.660843872,0.010829716024364222,2.9329370063918394,0.0,14.258550820392262,3509.5515785735233,0
2021-11-15,fixed_3pct,383.38934326171875,-0.00022807997091778276,3.0,3.0,2994295.672282375,0.0,89828.87016847124,3151857.2297048937,3062028.3595364224,-0.00023942486835482057,2.9336393926172173,0.0,14.258550820392262,3508.735247135675,0
2021-11-16,fixed_3pct,386.1195373535156,0.007121204957262206,3.0,3.0,2994295.672282375,0.0,89828.87016847124,3174287.9924828303,3084459.122314359,0.007325458860652834,2.912305419080089,0.0,14.258550820392262,3533.7057969554244,0
2021-11-17,fixed_3pct,386.3235168457031,0.0005282806811217622,3.0,3.0,2994295.672282375,0.0,89828.87016847124,3175950.648954755,3086121.778786284,0.0005390431210114954,2.910736406643011,0.0,14.258550820392262,3535.5567124448507,0
2021-11-18,fixed_3pct,390.3263244628906,0.010361283853155268,3.0,3.0,2994295.672282375,0.0,89828.87016847124,3208843.3165813675,3119014.4464128963,0.01065825329794623,2.880040208591572,0.0,14.258550820392262,3572.173746105547,0
2021-11-19,fixed_3pct,392.5026550292969,0.005575669459140453,3.0,3.0,2994295.672282375,0.0,89828.87016847124,3226720.5077099768,3136891.6375415055,0.005731679489067165,2.8636268174973796,0.0,14.258550820392262,3592.0751331485785,0
2021-11-22,fixed_3pct,387.9460754394531,-0.011609041445856283,3.0,3.0,2994295.672282375,0.0,89828.87016847124,3189247.117050957,3099418.2468824857,-0.011946026509347063,2.8982493814387453,0.0,14.258550820392262,3550.3587110353537,0
2021-11-23,fixed_3pct,386.17779541015625,-0.004558056238341379,3.0,3.0,2994295.672282375,0.0,89828.87016847124,3174696.0907826503,3084867.220614179,-0.004694760470918213,2.911920149048971,0.0,14.258550820392262,3534.160103348296,0
2021-11-24,fixed_3pct,387.42138671875,0.003220255859798904,3.0,3.0,2994295.672282375,0.0,89828.87016847124,3184905.165921253,3095076.295752782,0.0033094050435564792,2.902315212446908,0.0,14.258550820392262,3545.5251301146977,0
2021-11-26,fixed_3pct,380.076416015625,-0.018958609294476347,3.0,3.0,2994295.672282375,0.0,89828.87016847124,3124509.5346897724,3034680.664521301,-0.01951345474564181,2.960076531895691,0.0,14.258550820392262,3478.2910314132328,0
2021-11-29,fixed_3pct,388.3249206542969,0.02170222694988988,3.0,3.0,2994295.672282375,0.0,89828.87016847124,3192304.0911678844,3102475.220999413,0.02233993094255471,2.8953936379718868,0.0,14.258550820392262,3553.7618197588567,0
2021-11-30,fixed_3pct,382.6219177246094,-0.014686162608566034,3.0,3.0,2994295.672282375,0.0,89828.87016847124,3145407.135638182,3055578.265469711,-0.015115980689313968,2.939832082967855,0.0,14.258550820392262,3501.5548227858917,0
2021-12-01,fixed_3pct,376.11236572265625,-0.017013013892838047,3.0,3.0,3055578.265469711,1838.4777956200705,91667.34796409131,3093685.6646757633,3002018.316711672,-0.017528580224341006,3.0535239393376252,1.2869344569340493,14.550372692712907,3374.90473258553,1
2021-12-02,fixed_3pct,378.82293701171875,0.007206812474390256,3.0,3.0,3055578.265469711,0.0,91667.34796409131,3115966.7267430983,3024299.378779007,0.007422027355163285,3.0310275698003135,0.0,14.550372692712907,3399.2111650963334,0
2021-12-03,fixed_3pct,372.2358093261719,-0.017388407728181177,3.0,3.0,3055578.265469711,0.0,91667.34796409131,3061770.4764583507,2970103.1284942594,-0.01792026631524435,3.0863355243345887,0.0,14.550372692712907,3340.088422387579,0
2021-12-06,fixed_3pct,375.2184753417969,0.008012840089254958,3.0,3.0,3055578.265469711,0.0,91667.34796409131,3086289.4033035208,2994622.0553394295,0.008255244274161022,3.061065679411793,0.0,14.550372692712907,3366.83614378427,0
2021-12-07,fixed_3pct,386.517822265625,0.03011404732545553,3.0,3.0,3055578.265469711,0.0,91667.34796409131,3179215.518081962,3087548.170117871,0.031030999258405023,2.9689366096786047,0.0,14.550372692712907,3468.209333739371,0
2021-12-08,fixed_3pct,388.2471618652344,0.004474152289984046,3.0,3.0,3055578.265469711,0.0,91667.34796409131,3193425.2620998486,3101757.9141357574,0.004602274437500942,2.955335345364391,0.0,14.550372692712907,3483.7107574561915,0
2021-12-09,fixed_3pct,382.53436279296875,-0.014714335694870129,3.0,3.0,3055578.265469711,0.0,91667.34796409131,3146421.58040414,3054754.232440049,-0.015153884666980866,3.000809262841093,0.0,14.550372692712907,3432.434394891278,0
2021-12-10,fixed_3pct,386.6927185058594,0.010870541622795882,3.0,3.0,3055578.265469711,0.0,91667.34796409131,3180610.3367840936,3088942.9888200024,0.01119198265342769,2.967595980109328,0.0,14.550372692712907,3469.7309428325866,0
2021-12-13,fixed_3pct,381.106201171875,-0.014446916289425071,3.0,3.0,3055578.265469711,0.0,91667.34796409131,3134645.775126601,3042978.42716251,-0.014880352866289526,3.012421880675917,0.0,14.550372692712907,3419.5881573387833,0
2021-12-14,fixed_3pct,377.16168212890625,-0.01035018331068771,3.0,3.0,3055578.265469711,0.0,91667.34796409131,3102187.066367275,3010519.718403184,-0.010666756119461773,3.0449010980972013,0.0,14.550372692712907,3384.1789200473972,0
2021-12-15,fixed_3pct,385.7599792480469,0.022797377163573884,3.0,3.0,3055578.265469711,0.0,91667.34796409131,3172894.244578518,3081226.8966144267,0.023486701574818802,2.9750275146829677,0.0,14.550372692712907,3461.3134502608605,0
2021-12-16,fixed_3pct,375.84033203125,-0.025714557627603107,3.0,3.0,3055578.265469711,0.0,91667.34796409131,3091290.1223073206,2999622.7743432294,-0.026484295058199714,3.0559625279602693,0.0,14.550372692712907,3372.2914330610574,0
2021-12-17,fixed_3pct,373.9652099609375,-0.004989145417625296,3.0,3.0,3055578.265469711,0.0,91667.34796409131,3075852.6759863677,2984185.3280222765,-0.005146462566224863,3.071771283884787,0.0,14.550372692712907,3355.45070769503,0
2021-12-20,fixed_3pct,370.3375549316406,-0.00970051473418021,3.0,3.0,3055578.265469711,0.0,91667.34796409131,3046000.7714101016,2954333.4234460103,-0.010003368187608497,3.1028098330610283,0.0,14.550372692712907,3322.885235649346,0
2021-12-21,fixed_3pct,378.6258850097656,0.02238047415864952,3.0,3.0,3055578.265469711,0.0,91667.34796409131,3114157.162589179,3022489.8146250877,0.023069972616556633,3.0328422455068496,0.0,14.550372692712907,3397.2371097820806,0
2021-12-22,fixed_3pct,383.2369689941406,0.012178470006761533,3.0,3.0,3055578.265469711,0.0,91667.34796409131,3152068.28181742,3060400.9338533287,0.012543009754672596,2.9952725131564257,0.0,14.550372692712907,3438.594387013546,0
2021-12-23,fixed_3pct,386.12628173828125,0.007539232845213295,3.0,3.0,3055578.265469711,0.0,91667.34796409131,3175817.90816536,3084150.5602012686,0.00776029901351416,2.9722072958107857,0.0,14.550372692712907,3464.5028777416114,0
2021-12-27,fixed_3pct,392.50787353515625,0.016527214278567293,3.0,3.0,3055578.265469711,0.0,91667.34796409131,3228290.780870627,3136623.432906536,0.01701371955779063,2.9224849563515582,0.0,14.550372692712907,3521.7455861548865,0
2021-12-28,fixed_3pct,390.6886901855469,-0.004634769063929234,3.0,3.0,3055578.265469711,0.0,91667.34796409131,3213313.848257387,3121646.500293296,-0.0047748583575943915,2.936506358278513,0.0,14.550372692712907,3505.4072356452734,0
2021-12-29,fixed_3pct,390.6303405761719,-0.0001493506488434715,3.0,3.0,3055578.265469711,0.0,91667.34796409131,3212819.3873765194,3121152.039412428,-0.00015839746134649335,2.9369715671187917,0.0,14.550372692712907,3504.867827784296,0
2021-12-30,fixed_3pct,389.46295166015625,-0.002988474766946525,3.0,3.0,3055578.265469711,0.0,91667.34796409131,3203203.407333895,3111536.059369804,-0.0030809072807727045,2.9460480680611876,0.0,14.550372692712907,3494.3777457036067,0
2021-12-31,fixed_3pct,387.03094482421875,-0.00624451395330583,3.0,3.0,3055578.265469711,0.0,91667.34796409131,3183186.408588829,3091519.0606247378,-0.00643315660276178,2.965123169758723,0.0,14.550372692712907,3472.541182096566,0
2022-01-03,fixed_3pct,390.7568054199219,0.009626776994266839,3.0,3.0,3091519.0606247378,1078.2238546508306,92745.57181874214,3214903.354408835,3122157.782590093,0.00991057191126088,2.9705600509978667,0.7547566982555814,14.721519336308276,3466.368573037536,1
2022-01-04,fixed_3pct,385.6885070800781,-0.012970467230627447,3.0,3.0,3091519.0606247378,0.0,92745.57181874214,3173189.834281505,3080444.262462763,-0.013360477923292202,3.010785585342603,0.0,14.721519336308276,3421.392280035803,0
2022-01-05,fixed_3pct,373.8396911621094,-0.030721205585492517,3.0,3.0,3091519.0606247378,0.0,92745.57181874214,3075690.895501412,2982945.32368267,-0.03165093423964249,3.1091944958696316,0.0,14.721519336308276,3316.267111396334,0
2022-01-06,fixed_3pct,373.5770263671875,-0.0007026134493781644,3.0,3.0,3091519.0606247378,0.0,92745.57181874214,3073515.152192767,2980769.580374025,-0.0007293942974319068,3.111463979953274,0.0,14.721519336308276,3313.921184506263,0
2022-01-07,fixed_3pct,369.5301208496094,-0.010832854356521482,3.0,3.0,3091519.0606247378,0.0,92745.57181874214,3040205.4886671645,2947459.9168484225,-0.01117485354953962,3.14662707671053,0.0,14.721519336308276,3278.006085949643,0
2022-01-10,fixed_3pct,369.7733459472656,0.000658201006989767,3.0,3.0,3091519.0606247378,0.0,92745.57181874214,3042191.833461925,2949446.261643183,0.0006739174919414559,3.1445079378076928,0.0,14.721519336308276,3280.1477998404607,0
2022-01-11,fixed_3pct,375.3280029296875,0.015021788463936536,3.0,3.0,3091519.0606247378,0.0,92745.57181874214,3087876.274131569,2995130.702312827,0.01548915851214483,3.0965450605252185,0.0,14.721519336308276,3329.4056132042383,0
2022-01-12,fixed_3pct,376.8164978027344,0.003965850832946538,3.0,3.0,3091519.0606247378,0.0,92745.57181874214,3100107.6093060337,3007362.0374872917,0.004083740040132344,3.0839510063189075,0.0,14.721519336308276,3342.5936662127087,0
2022-01-13,fixed_3pct,367.3900451660156,-0.025016029530781192,3.0,3.0,3091519.0606247378,0.0,92745.57181874214,3022540.5042836983,2929794.9324649563,-0.02579240678556416,3.1655994346577523,0.0,14.721519336308276,3258.959371333456,0
2022-01-14,fixed_3pct,369.67608642578125,0.006222382151733541,3.0,3.0,3091519.0606247378,0.0,92745.57181874214,3041333.1848511086,2948587.6130323666,0.0064143330849437685,3.1454236397392092,0.0,14.721519336308276,3279.221988942994,0
2022-01-18,fixed_3pct,360.4732971191406,-0.024894196959337922,3.0,3.0,3091519.0606247378,0.0,92745.57181874214,2965606.9160091183,2872861.3441903763,-0.025682217651356254,3.2283344271486065,0.0,14.721519336308276,3197.572517860982,0
2022-01-19,fixed_3pct,356.5140380859375,-0.010983501593169409,3.0,3.0,3091519.0606247378,0.0,92745.57181874214,2933019.446203082,2840273.87438434,-0.01134321009676853,3.265374253348922,0.0,14.721519336308276,3162.436102000908,0
2022-01-20,fixed_3pct,351.88348388671875,-0.012988420383330146,3.0,3.0,3091519.0606247378,0.0,92745.57181874214,2894909.435123978,2802163.863305236,-0.013417724052179447,3.3097840220288175,0.0,14.721519336308276,3121.345179456828,0
2022-01-21,fixed_3pct,342.1261291503906,-0.027728936375625124,3.0,3.0,3091519.0606247378,0.0,92745.57181874214,2814621.9540648926,2721876.3822461506,-0.028651957906695724,3.4074130781136542,0.0,14.721519336308276,3034.7777245534326,0
2022-01-24,fixed_3pct,343.6924133300781,0.004578089909639704,3.0,3.0,3091519.0606247378,0.0,92745.57181874214,2827492.8249129113,2734747.2530941693,0.004728675751761058,3.3913763589599446,0.0,14.721519336308276,3048.655336816337,0
2022-01-25,fixed_3pct,335.72509765625,-0.023181529078956986,3.0,3.0,3091519.0606247378,0.0,92745.57181874214,2761932.496252314,2669186.924433572,-0.02397308511286378,3.4746750394194916,0.0,14.721519336308276,2977.9669714583392,0
2022-01-26,fixed_3pct,335.1998291015625,-0.0015645793488615611,3.0,3.0,3091519.0606247378,0.0,92745.57181874214,2757596.512186392,2664850.9403676502,-0.0016244587541736077,3.4803286898270827,0.0,14.721519336308276,2973.2918328173305,0
2022-01-27,fixed_3pct,331.82421875,-0.010070441743989411,3.0,3.0,3091519.0606247378,0.0,92745.57181874214,2729811.575637655,2637066.003818913,-0.010426450548451371,3.5169985007743843,0.0,14.721519336308276,2943.3335976111916,0
2022-01-28,fixed_3pct,342.23321533203125,0.03136900802853537,3.0,3.0,3091519.0606247378,0.0,92745.57181874214,2815428.335350885,2722682.763532143,0.03246667303330408,3.4064038991609538,0.0,14.721519336308276,3035.647179849442,0
2022-01-31,fixed_3pct,353.1772155761719,0.03197819426592741,3.0,3.0,3091519.0606247378,0.0,92745.57181874214,2905445.9280811963,2812700.3562624543,0.033062093731967224,3.2973854329077352,0.0,14.721519336308276,3132.7058220736103,0
2022-02-01,fixed_3pct,355.5801086425781,0.006803646895755078,3.0,3.0,2812700.3562624543,-8364.561130868518,84381.01068787363,2916772.7967586527,2832391.786070779,0.007000898536696942,2.9791433198911634,5.855192791607963,13.393811220297401,3456.66966178899,-1
2022-02-02,fixed_3pct,358.4693298339844,0.008125373498635291,3.0,3.0,2812700.3562624543,0.0,84381.01068787363,2940459.2713317554,2856078.2606438817,0.008362711221515662,2.954436222936361,0.0,13.393811220297401,3484.740520836554,0
2022-02-03,fixed_3pct,343.9356384277344,-0.04054375143608768,3.0,3.0,2812700.3562624543,0.0,84381.01068787363,2821228.627715721,2736847.617027847,-0.04174628029595906,3.083146104404214,0.0,13.393811220297401,3343.4401943246203,0
2022-02-04,fixed_3pct,348.27435302734375,0.012614902658658389,3.0,3.0,2812700.3562624543,0.0,84381.01068787363,2856804.758420955,2772423.747733081,0.012998944655847833,3.0435827408010474,0.0,13.393811220297401,3385.601493905199,0
2022-02-07,fixed_3pct,345.47265625,-0.008044510751337941,3.0,3.0,2812700.3562624543,0.0,84381.01068787363,2833809.7680161437,2749428.75732827,-0.008294183175863168,3.069037903345058,0.0,13.393811220297401,3358.3501132718593,0
2022-02-08,fixed_3pct,349.3540954589844,0.011235156064494989,3.0,3.0,2812700.3562624543,0.0,84381.01068787363,2865634.669205675,2781253.658517801,0.011575095773878719,3.033919988903218,0.0,13.393811220297401,3396.0658278978103,0
2022-02-09,fixed_3pct,356.75726318359375,0.021191014563270105,3.0,3.0,2812700.3562624543,0.0,84381.01068787363,2926346.981402604,2841965.97071473,0.02182911724394243,2.969107004003025,0.0,13.393811220297401,3468.0160352987436,0
2022-02-10,fixed_3pct,348.6829528808594,-0.022632504327120606,3.0,3.0,2812700.3562624543,0.0,84381.01068787363,2860103.026872133,2775722.016184259,-0.023309200466538726,3.039966185225956,0.0,13.393811220297401,3389.510274357448,0
2022-02-11,fixed_3pct,337.6221008300781,-0.03172180331557706,3.0,3.0,2812700.3562624543,0.0,84381.01068787363,2769362.007380188,2684980.9966923143,-0.032690960752865705,3.1427042050511496,0.0,13.393811220297401,3281.97302308228,0
2022-02-14,fixed_3pct,338.0404052734375,0.0012389723372105976,3.0,3.0,2812700.3562624543,0.0,84381.01068787363,2772779.776487834,2688398.76579996,0.0012729211535784657,3.1387088761278017,0.0,13.393811220297401,3286.0234238534777,0
2022-02-15,fixed_3pct,346.4454650878906,0.024864068564982134,3.0,3.0,2812700.3562624543,0.0,84381.01068787363,2841708.969154803,2757327.9584669294,0.025639497214416718,3.0602457146515625,0.0,13.393811220297401,3367.711462554435,0
2022-02-16,fixed_3pct,346.35797119140625,-0.00025254738566771184,3.0,3.0,2812700.3562624543,0.0,84381.01068787363,2840977.909172594,2756596.8984847204,-0.0002651334890955148,3.061057303454749,0.0,13.393811220297401,3366.8450828130103,0
2022-02-17,fixed_3pct,336.055908203125,-0.029743975439179615,3.0,3.0,2812700.3562624543,0.0,84381.01068787363,2756462.538207692,2672081.5275198184,-0.030659314392815107,3.1578756044241914,0.0,13.393811220297401,3266.6858523464243,0
2022-02-18,fixed_3pct,332.2230224609375,-0.011405500241557287,3.0,3.0,2812700.3562624543,0.0,84381.01068787363,2725010.3102511005,2640629.2995632268,-0.011770684252207286,3.195488692859337,0.0,13.393811220297401,3229.411793052523,0
2022-02-22,fixed_3pct,328.88629150390625,-0.010043647584428217,3.0,3.0,2812700.3562624543,0.0,84381.01068787363,2697627.873219785,2613246.862531911,-0.010369663411613605,3.228972046143353,0.0,13.393811220297401,3196.960846082234,0
2022-02-23,fixed_3pct,320.46185302734375,-0.025615049012957858,3.0,3.0,2812700.3562624543,0.0,84381.01068787363,2628514.6092173182,2544133.5985294445,-0.026447277137646497,3.3166894512398004,0.0,13.393811220297401,3115.054664301457,0
2022-02-24,fixed_3pct,331.2307434082031,0.03360428169258722,3.0,3.0,2812700.3562624543,0.0,84381.01068787363,2716830.5607673177,2632449.550079444,0.034713566772219595,3.205417960823869,0.0,13.393811220297401,3219.7179657125776,0
2022-02-25,fixed_3pct,336.36724853515625,0.015507332061332813,3.0,3.0,2812700.3562624543,0.0,84381.01068787363,2758947.9606162934,2674566.9499284197,0.015999318903454185,3.154941052798545,0.0,13.393811220297401,3269.631328334849,0
2022-02-28,fixed_3pct,337.369140625,0.0029785661184520418,3.0,3.0,2812700.3562624543,0.0,84381.01068787363,2767152.275723137,2682771.2650352633,0.0030675302807667837,3.1452927719786237,0.0,13.393811220297401,3279.354268413383,0
2022-03-01,fixed_3pct,332.2035827636719,-0.015311293296590645,3.0,3.0,2682771.2650352633,-3897.872736815727,80483.1379510579,2720929.942533955,2640446.804582897,-0.015776395477312466,3.048087839200819,2.728510915771009,12.775101262072683,3380.7453484089583,-1
2022-03-02,fixed_3pct,337.77777099609375,0.016779434424063266,3.0,3.0,2682771.2650352633,0.0,80483.1379510579,2766572.8329759114,2686089.6950248536,0.017286048089564243,2.9962937611550315,0.0,12.775101262072683,3437.45647027117,0
2022-03-03,fixed_3pct,332.9526672363281,-0.014284846944002783,3.0,3.0,2682771.2650352633,0.0,80483.1379510579,2727039.9883961524,2646556.8504450945,-0.01471761894361956,3.0410507878386346,0.0,12.775101262072683,3388.3370577008013,0
2022-03-04,fixed_3pct,328.1275329589844,-0.014491952617153525,3.0,3.0,2682771.2650352633,0.0,80483.1379510579,2687507.07899797,2607023.941046912,-0.014937487321133425,3.0871652800678917,0.0,12.775101262072683,3339.2175645937828,0
2022-03-07,fixed_3pct,316.0257263183594,-0.03688141172273318,3.0,3.0,2682771.2650352633,0.0,80483.1379510579,2588375.248808424,2507892.110857366,-0.03802490212258558,3.2091945902546564,0.0,12.775101262072683,3216.046633746344,0
2022-03-08,fixed_3pct,314.556884765625,-0.004647854368839188,3.0,3.0,2682771.2650352633,0.0,80483.1379510579,2576332.0824987926,2495848.9445477347,-0.004802107019473922,3.2246798479882366,0.0,12.775101262072683,3201.0830443334225,0
2022-03-09,fixed_3pct,325.88031005859375,0.03599802083939685,3.0,3.0,2682771.2650352633,0.0,80483.1379510579,2669062.1633925284,2588579.0254414706,0.03715372322363808,3.109162871213942,0.0,12.775101262072683,3316.299825456104,0
2022-03-10,fixed_3pct,322.2615051269531,-0.011104705684703564,3.0,3.0,2682771.2650352633,0.0,80483.1379510579,2639410.2385126143,2558927.1005615564,-0.011454904249970532,3.145190729872527,0.0,12.775101262072683,3279.4574189163072,0
2022-03-11,fixed_3pct,315.57830810546875,-0.020738428000736775,3.0,3.0,2682771.2650352633,0.0,80483.1379510579,2584660.244215551,2504177.106264493,-0.02139568348197518,3.2139555045735335,0.0,12.775101262072683,3211.4307543367563,0
2022-03-14,fixed_3pct,309.5177917480469,-0.019204476992748187,3.0,3.0,2682771.2650352633,0.0,80483.1379510579,2535010.42092018,2454527.2829691223,-0.01982680185485519,3.278966932227429,0.0,12.775101262072683,3149.741033285419,0
2022-03-15,fixed_3pct,319.2264099121094,0.031366914674699764,3.0,3.0,2682771.2650352633,0.0,80483.1379510579,2614513.101391396,2534029.963440338,0.032390220725126984,3.176092592125058,0.0,12.775101262072683,3248.52281850801,0
2022-03-16,fixed_3pct,331.06536865234375,0.03708640128958596,3.0,3.0,2682771.2650352633,0.0,80483.1379510579,2711463.2083452153,2630980.0703941574,0.03825925831681731,3.059055401320482,0.0,12.775101262072683,3368.9829663377022,0
2022-03-17,fixed_3pct,335.0733947753906,0.012106449367876193,3.0,3.0,2682771.2650352633,0.0,80483.1379510579,2744276.625288644,2663793.487337586,0.012471936717678211,3.0213730281133526,0.0,12.775101262072683,3409.753515025034,0
2022-03-18,fixed_3pct,341.9316711425781,0.020467982460334655,3.0,3.0,2682771.2650352633,0.0,80483.1379510579,2800433.656020096,2719950.518069038,0.021081600731586825,2.9589927249189416,0.0,12.775101262072683,3479.5284171487574,0
2022-03-21,fixed_3pct,340.9810485839844,-0.0027801535769330643,3.0,3.0,2682771.2650352633,0.0,80483.1379510579,2792635.245273086,2712152.107322028,-0.002867114932865178,2.9675008910369245,0.0,12.775101262072683,3469.838920757908,0
2022-03-22,fixed_3pct,347.6822204589844,0.019652622639376727,3.0,3.0,2682771.2650352633,0.0,80483.1379510579,2847505.076816599,2767021.938865541,0.020231104072437667,2.908655577340865,0.0,12.775101262072683,3538.014482671112,0
2022-03-23,fixed_3pct,342.6855163574219,-0.01437146856392657,3.0,3.0,2682771.2650352633,0.0,80483.1379510579,2806569.4720182456,2726086.3340671877,-0.014794101999471843,2.952332688267469,0.0,12.775101262072683,3487.1521457388144,0
2022-03-24,fixed_3pct,350.30224609375,0.022226587856090996,3.0,3.0,2682771.2650352633,0.0,80483.1379510579,2868937.15986102,2788454.021909962,0.022878104432490387,2.886299624045107,0.0,12.775101262072683,3564.6437662577614,0
2022-03-25,fixed_3pct,350.01007080078125,-0.0008340662848349556,3.0,3.0,2682771.2650352633,0.0,80483.1379510579,2866531.5010014074,2786048.3630503495,-0.0008627213648531029,2.888791846489687,0.0,12.775101262072683,3561.6547440590057,0
2022-03-28,fixed_3pct,355.4255065917969,0.015472228495099438,3.0,3.0,2682771.2650352633,0.0,80483.1379510579,2910870.3562720395,2830387.2183209816,0.015914603586452802,2.843538065395922,0.0,12.775101262072683,3616.745607063868,0
2022-03-29,fixed_3pct,361.54229736328125,0.017209768736461184,3.0,3.0,2682771.2650352633,0.0,80483.1379510579,2960952.9868240394,2880469.8488729815,0.01769462150896417,2.7940975664976286,0.0,12.775101262072683,3678.973089524176,0
2022-03-30,fixed_3pct,357.5489501953125,-0.011045311149185388,3.0,3.0,2682771.2650352633,0.0,80483.1379510579,2928235.5646851957,2847752.426734138,-0.011358362994719373,2.8261985555871387,0.0,12.775101262072683,3638.3218140250283,0
2022-03-31,fixed_3pct,353.1172180175781,-0.012394756509041649,3.0,3.0,2682771.2650352633,0.0,80483.1379510579,2891928.0227585444,2811444.8848074866,-0.012749542967922078,2.8626966292660927,0.0,12.775101262072683,3593.2098280227806,0
2022-04-01,fixed_3pct,352.44512939453125,-0.0019033017614378256,3.0,3.0,2811444.8848074866,3860.208593166695,84343.3465442246,2890260.587674428,2805917.241130203,-0.0019661220133297963,3.005909985793156,2.7021460152166865,13.387832784797554,3426.7795932889007,1
2022-04-04,fixed_3pct,359.7014465332031,0.020588501680070204,3.0,3.0,2811444.8848074866,0.0,84343.3465442246,2949753.3348068185,2865409.9882625937,0.021202602222304856,2.9435001235325893,0.0,13.387832784797554,3497.3159776866864,0
2022-04-05,fixed_3pct,351.714599609375,-0.022204100096914314,3.0,3.0,2811444.8848074866,0.0,84343.3465442246,2884243.328666776,2799899.982122551,-0.022862350033114764,3.0123699804549986,0.0,13.387832784797554,3419.64535063172,0
2022-04-06,fixed_3pct,344.0783996582031,-0.02171135335198726,3.0,3.0,2811444.8848074866,0.0,84343.3465442246,2821609.1147721945,2737265.7682279698,-0.02237016118236468,3.081299138841975,0.0,13.387832784797554,3345.3843490698014,0
2022-04-07,fixed_3pct,344.8965759277344,0.002377877455672861,3.0,3.0,2811444.8848074866,0.0,84343.3465442246,2828305.1676421473,2743961.8210979225,0.0024462560222231478,3.0737798862841643,0.0,13.387832784797554,3353.323390078142,0
2022-04-08,fixed_3pct,340.0751953125,-0.013979206961580837,3.0,3.0,2811444.8848074866,0.0,84343.3465442246,2788754.316520384,2704410.9699761593,-0.014413776029120529,3.118732599467607,0.0,13.387832784797554,3306.430715383256,0
2022-04-11,fixed_3pct,332.02984619140625,-0.023657559363307157,3.0,3.0,2811444.8848074866,0.0,84343.3465442246,2722765.807894839,2638422.461350614,-0.024400325748614615,3.1967339491587357,0.0,13.387832784797554,3228.1927614375413,0
2022-04-12,fixed_3pct,330.6273193359375,-0.004224098741593907,3.0,3.0,2811444.8848074866,0.0,84343.3465442246,2711251.1884392705,2626907.8418950457,-0.004364206120984204,3.2107463078483747,0.0,13.387832784797554,3214.540683440457,0
2022-04-13,fixed_3pct,337.3479309082031,0.02032684892997927,3.0,3.0,2811444.8848074866,0.0,84343.3465442246,2766348.9939251174,2682005.6473808927,0.02097439605878959,3.144786314174615,0.0,13.387832784797554,3279.8662932761504,0
2022-04-14,fixed_3pct,329.6338195800781,-0.022866929426118565,3.0,3.0,2811444.8848074866,0.0,84343.3465442246,2703077.698880233,2618734.352336008,-0.02359103721749134,3.220767561588949,0.0,13.387832784797554,3204.8499492048263,0
2022-04-18,fixed_3pct,329.8870849609375,0.0007683234116633297,3.0,3.0,2811444.8848074866,0.0,84343.3465442246,2705141.1489270427,2620797.802382818,0.0007879569934114983,3.2182317333882073,0.0,13.387832784797554,3207.2964374357953,0
2022-04-19,fixed_3pct,337.26031494140625,0.022350768843653945,3.0,3.0,2811444.8848074866,0.0,84343.3465442246,2765589.7456033826,2681246.399059158,0.023064960074898,3.1456768230558914,0.0,13.387832784797554,3278.966105706125,0
2022-04-20,fixed_3pct,332.3415832519531,-0.014584377323812014,3.0,3.0,2811444.8848074866,0.0,84343.3465442246,2725241.9533978524,2640898.6068536276,-0.015048147838888748,3.193736644236844,0.0,13.387832784797554,3231.1285537726426,0
2022-04-21,fixed_3pct,325.4650573730469,-0.020691138952940058,3.0,3.0,2811444.8848074866,0.0,84343.3465442246,2668840.2056269306,2584496.859082706,-0.021357028863035032,3.2634338961495155,0.0,13.387832784797554,3164.2569508758475,0
2022-04-22,fixed_3pct,316.9424743652344,-0.026185861783755038,3.0,3.0,2811444.8848074866,0.0,84343.3465442246,2598940.9370466704,2514597.5905024456,-0.027045600127008518,3.3541488651220663,0.0,13.387832784797554,3081.382282696053,0
2022-04-25,fixed_3pct,321.01373291015625,0.01284541793609617,3.0,3.0,2811444.8848074866,0.0,84343.3465442246,2632312.0317414794,2547968.6851972546,0.013270948330202259,3.310219118242226,0.0,13.387832784797554,3120.948052922293,0
2022-04-26,fixed_3pct,308.8972473144531,-0.037744446276054555,3.0,3.0,2811444.8848074866,0.0,84343.3465442246,2532943.483844816,2448600.1373005915,-0.03899912446881992,3.444553696595279,0.0,13.387832784797554,3003.133723792537,0
2022-04-27,fixed_3pct,308.5269775390625,-0.0011986826642508275,3.0,3.0,2811444.8848074866,0.0,84343.3465442246,2529893.900568419,2445550.5540241944,-0.0012454394778230737,3.4488490293294576,0.0,13.387832784797554,2999.5180464435266,0
2022-04-28,fixed_3pct,319.4846496582031,0.03551609070475292,3.0,3.0,2811444.8848074866,0.0,84343.3465442246,2619732.453981623,2535389.1074373983,0.03673551269074071,3.3266430898834782,0.0,13.387832784797554,3106.0333284356843,0
2022-04-29,fixed_3pct,305.1083068847656,-0.044998539957452954,3.0,3.0,2811444.8848074866,0.0,84343.3465442246,2501834.93064051,2417491.584096285,-0.046500761163353,3.488878600409032,0.0,13.387832784797554,2966.2504905810174,0
2022-05-02,fixed_3pct,310.202392578125,0.016695991483717032,3.0,3.0,2417491.584096285,-11818.599021336035,72524.74752288856,2531569.7000759426,2459044.952553054,0.01718863003707316,2.949305479250845,8.273019314935224,11.511864686172787,3490.6287667902434,-1
2022-05-03,fixed_3pct,310.5335693359375,0.0010676150981945298,3.0,3.0,2417491.584096285,0.0,72524.74752288856,2534260.930245189,2461736.1827223003,0.0010944208915142362,2.9460812264085656,0.0,11.511864686172787,3494.3395417479874,0
2022-05-04,fixed_3pct,321.0332946777344,0.03381188502180321,3.0,3.0,2417491.584096285,0.0,72524.74752288856,2619937.557569201,2547412.8100463124,0.03480333429931837,2.8469962636943027,0.0,11.511864686172787,3612.4738755448375,0
2022-05-05,fixed_3pct,304.86480712890625,-0.05036389625898052,3.0,3.0,2417491.584096285,0.0,72524.74752288856,2487975.7823500927,2415451.034827204,-0.05180227354541311,3.0025343704835987,0.0,11.511864686172787,3430.5197430227468,0
2022-05-06,fixed_3pct,301.2122802734375,-0.011980808443804225,3.0,3.0,2417491.584096285,0.0,72524.74752288856,2458156.309224246,2385631.5617013574,-0.012345302262763425,3.0400648904546763,0.0,11.511864686172787,3389.40347010303,0
2022-05-09,fixed_3pct,289.4267272949219,-0.03912706669136068,3.0,3.0,2417491.584096285,0.0,72524.74752288856,2361964.3515107534,2289439.6039878647,-0.04032138040833577,3.167794747525167,0.0,11.511864686172787,3256.7701814685056,0
2022-05-10,fixed_3pct,292.9429016113281,0.01214875470993837,3.0,3.0,2417491.584096285,0.0,72524.74752288856,2390647.7651861897,2318123.017663301,0.012528574077898424,3.12859787725996,0.0,11.511864686172787,3296.3200105339347,0
2022-05-11,fixed_3pct,284.2547607421875,-0.02965813754609392,3.0,3.0,2417491.584096285,0.0,72524.74752288856,2319734.093077349,2247209.3455544603,-0.030590987436172612,3.227324933761092,0.0,11.511864686172787,3198.541425249704,0
2022-05-12,fixed_3pct,283.58270263671875,-0.0023642809137620624,3.0,3.0,2417491.584096285,0.0,72524.74752288856,2314238.0781713966,2241713.330648508,-0.0024457066791863102,3.235237375418907,0.0,11.511864686172787,3190.963301790235,0
2022-05-13,fixed_3pct,294.09228515625,0.03706002665823549,3.0,3.0,2417491.584096285,0.0,72524.74752288856,2399992.291177246,2327467.543654357,0.03825387119460144,3.1160369011641484,0.0,11.511864686172787,3309.2046138041587,0
2022-05-16,fixed_3pct,290.6832580566406,-0.011591691695680417,3.0,3.0,2417491.584096285,0.0,72524.74752288856,2372160.808601223,2299636.061078334,-0.011957839176706453,3.1537489235962233,0.0,11.511864686172787,3270.8294611471447,0
2022-05-17,fixed_3pct,298.2123718261719,0.025901435878581625,3.0,3.0,2417491.584096285,0.0,72524.74752288856,2433591.6678142054,2361066.9202913167,0.02671329618312579,3.0716938558412483,0.0,11.511864686172787,3355.5327676889497,0
2022-05-18,fixed_3pct,283.57293701171875,-0.04909063539116498,3.0,3.0,2417491.584096285,0.0,72524.74752288856,2314113.594693875,2241588.8471709862,-0.05060342512680194,3.2354170397670807,0.0,11.511864686172787,3190.7916590313516,0
2022-05-19,fixed_3pct,282.0535583496094,-0.005357981893901909,3.0,3.0,2417491.584096285,0.0,72524.74752288856,2301703.1040883865,2229178.356565498,-0.005536470535687732,3.253429556647395,0.0,11.511864686172787,3173.6795820791754,0
2022-05-20,fixed_3pct,281.1768798828125,-0.003108198570252463,3.0,3.0,2417491.584096285,0.0,72524.74752288856,2294537.441926427,2222012.6944035385,-0.00321448579511574,3.2639213855777087,0.0,11.511864686172787,3163.799282723844,0
2022-05-23,fixed_3pct,285.8521728515625,0.016627586772776537,3.0,3.0,2417491.584096285,0.0,72524.74752288856,2332678.5504807574,2260153.8029578687,0.017165117305762534,3.2088412491209777,0.0,11.511864686172787,3216.38975681311,0
2022-05-24,fixed_3pct,279.7743225097656,-0.021262214945460545,3.0,3.0,2417491.584096285,0.0,72524.74752288856,2283069.1258770837,2210544.378354195,-0.021949579067915503,3.280854627170391,0.0,11.511864686172787,3147.9863134394986,0
2022-05-25,fixed_3pct,283.6898193359375,0.013995197239858204,3.0,3.0,2417491.584096285,0.0,72524.74752288856,2315009.6167412777,2242484.869218389,0.014449151610326227,3.2341242751915122,0.0,11.511864686172787,3192.027129788585,0
2022-05-26,fixed_3pct,291.5500793457031,0.02770723330207958,3.0,3.0,2417491.584096285,0.0,72524.74752288856,2379140.6164241997,2306615.868901311,0.02859818612969045,3.144205695482083,0.0,11.511864686172787,3280.4534971643316,0
2022-05-27,fixed_3pct,301.066162109375,0.032639616442663444,3.0,3.0,2417491.584096285,0.0,72524.74752288856,2456783.341742761,2384258.5942198723,0.03366088231914577,3.041815501838155,0.0,11.511864686172787,3387.5103680538955,0
2022-05-31,fixed_3pct,300.2674255371094,-0.0026530267190089107,3.0,3.0,2417491.584096285,0.0,72524.74752288856,2450253.918029615,2377729.1705067265,-0.002738555175589963,3.0501685567255983,0.0,11.511864686172787,3378.5073395206564,0
2022-06-01,fixed_3pct,298.0467224121094,-0.007395751041018417,3.0,3.0,2377729.1705067265,-1192.8724076867657,71331.8751152018,2430936.2484892383,2359604.3733740365,-0.007622734059668956,3.0230438593908513,0.835010685380736,11.322519859555841,3407.924219801104,-1
2022-06-02,fixed_3pct,306.2088928222656,0.02738553990494963,3.0,3.0,2377729.1705067265,0.0,71331.8751152018,2497497.427608769,2426165.552493567,0.02820861830509047,2.940107489445155,0.0,11.322519859555841,3501.2361914996377,0
2022-06-03,fixed_3pct,298.2415466308594,-0.026019316806813908,3.0,3.0,2377729.1705067265,0.0,71331.8751152018,2432502.928295754,2361171.053180552,-0.026788979526238377,3.021038014976344,0.0,11.322519859555841,3410.1205448016526,0
2022-06-06,fixed_3pct,299.2349853515625,0.0033309870201709835,3.0,3.0,2377729.1705067265,0.0,71331.8751152018,2440594.241456575,2369262.3663413734,0.003426822105887739,3.0107208103487846,0.0,11.322519859555841,3421.463739057732,0
2022-06-07,fixed_3pct,301.816162109375,0.008625919040783137,3.0,3.0,2377729.1705067265,0.0,71331.8751152018,2461635.2872749213,2390303.4121597195,0.00888084245850651,2.9842184365519957,0.0,11.322519859555841,3450.9611352559455,0
2022-06-08,fixed_3pct,299.64404296875,-0.007196828444985148,3.0,3.0,2377729.1705067265,0.0,71331.8751152018,2443907.997898422,2372576.1227832204,-0.007416334380948686,3.0065157627702934,0.0,11.322519859555841,3426.109286979324,0
2022-06-09,fixed_3pct,291.6181640625,-0.026784710374125553,3.0,3.0,2377729.1705067265,0.0,71331.8751152018,2378437.307473844,2307105.432358642,-0.02759476916077863,3.091834214194385,0.0,11.322519859555841,3334.3260690016077,0
2022-06-10,fixed_3pct,281.332763671875,-0.03527009513858892,3.0,3.0,2377729.1705067265,0.0,71331.8751152018,2294538.2748382124,2223206.3997230106,-0.036365495680818705,3.2085133941719954,0.0,11.322519859555841,3216.7081983089706,0
2022-06-13,fixed_3pct,268.25177001953125,-0.04649651708394842,3.0,3.0,2377729.1705067265,0.0,71331.8751152018,2187838.914222564,2116507.0391073623,-0.04799345694081392,3.3702640150578493,0.0,11.322519859555841,3067.126597596347,0
2022-06-14,fixed_3pct,268.7387390136719,0.0018153430790230907,3.0,3.0,2377729.1705067265,0.0,71331.8751152018,2191799.269933656,2120467.394818454,0.0018711753081446236,3.3639694385071617,0.0,11.322519859555841,3072.678611621908,0
2022-06-15,fixed_3pct,275.44970703125,0.024972090150488846,3.0,3.0,2377729.1705067265,0.0,71331.8751152018,2246521.756374355,2175189.881259153,0.025806803997278305,3.2793401500153117,0.0,11.322519859555841,3149.393945898936,0
2022-06-16,fixed_3pct,264.3362731933594,-0.040346508107303225,3.0,3.0,2377729.1705067265,0.0,71331.8751152018,2155871.125597704,2084539.2504825024,-0.04167481264862072,3.4219492436369716,0.0,11.322519859555841,3022.311024511759,0
2022-06-17,fixed_3pct,267.5504455566406,0.012159407123554677,3.0,3.0,2377729.1705067265,0.0,71331.8751152018,2182073.917799903,2110742.0426847013,0.01257006419818385,3.3794691000930244,0.0,11.322519859555841,3059.0446616969325,0
2022-06-21,fixed_3pct,274.3006591796875,0.025229685598179508,3.0,3.0,2377729.1705067265,0.0,71331.8751152018,2237115.6341781225,2165783.7590629207,0.026076950790353548,3.2935825110289527,0.0,11.322519859555841,3136.207523726462,0
2022-06-22,fixed_3pct,273.90057373046875,-0.0014585653946849186,3.0,3.0,2377729.1705067265,0.0,71331.8751152018,2233841.332210342,2162509.45709514,-0.0015118323581839732,3.298569394975993,0.0,11.322519859555841,3131.617286945931,0
2022-06-23,fixed_3pct,277.9797668457031,0.014892970320129706,3.0,3.0,2377729.1705067265,0.0,71331.8751152018,2267098.5423509697,2195766.667235768,0.015378989456675818,3.248609070334458,0.0,11.322519859555841,3178.240497238548,0
2022-06-24,fixed_3pct,287.50439453125,0.03426374442149127,3.0,3.0,2377729.1705067265,0.0,71331.8751152018,2344766.504864559,2273434.6297493572,0.035371683008270205,3.137625959496624,0.0,11.322519859555841,3287.12304433009,0
2022-06-27,fixed_3pct,285.39642333984375,-0.007331961637814688,3.0,3.0,2377729.1705067265,0.0,71331.8751152018,2327563.4442813997,2256231.569166198,-0.007566991528168976,3.161549376847114,0.0,11.322519859555841,3263.006111254412,0
2022-06-28,fixed_3pct,276.70135498046875,-0.03046663394593807,3.0,3.0,2377729.1705067265,0.0,71331.8751152018,2256639.098318672,2185307.22320347,-0.0314348699539464,3.26415775126737,0.0,11.322519859555841,3163.577425483592,0
2022-06-29,fixed_3pct,276.955078125,0.0009169566392226436,3.0,3.0,2377729.1705067265,0.0,71331.8751152018,2258697.016002345,2187365.140887143,0.000941706347657778,3.2610867651603557,0.0,11.322519859555841,3166.4624157917106,0
2022-06-30,fixed_3pct,273.5199890136719,-0.012403055161811283,3.0,3.0,2377729.1705067265,0.0,71331.8751152018,2230670.9497991893,2159339.0746839875,-0.012812705880367536,3.3034124168591257,0.0,11.322519859555841,3127.1727347649703,0
2022-07-01,fixed_3pct,275.3253479003906,0.006600464168008191,3.0,3.0,2159339.0746839875,-6551.702874682167,64780.17224051963,2238784.5672891787,2174004.3950486593,0.006791578282729027,2.9797627083026064,4.586192012277517,10.282567022304702,3455.971927609096,-1
2022-07-05,fixed_3pct,280.0387878417969,0.017119527778137966,3.0,3.0,2159339.0746839875,0.0,64780.17224051963,2277101.2193111302,2212321.047070611,0.017624919300631925,2.928154226363152,0.0,10.282567022304702,3515.120662008392,0
2022-07-06,fixed_3pct,281.83441162109375,0.006412053819884633,3.0,3.0,2159339.0746839875,0.0,64780.17224051963,2291691.832315656,2226911.6600751365,0.006595160780956899,2.908969107393058,0.0,10.282567022304702,3537.643931860706,0
2022-07-07,fixed_3pct,287.8654479980469,0.021399219287179916,3.0,3.0,2159339.0746839875,0.0,64780.17224051963,2340721.9658069955,2275941.793566476,0.022017098554185655,2.846301800144324,0.0,10.282567022304702,3613.3308771026814,0
2022-07-08,fixed_3pct,288.22650146484375,0.0012542438465881212,3.0,3.0,2159339.0746839875,0.0,64780.17224051963,2343647.51936216,2278867.3471216406,0.0012854254724063985,2.842647788268205,0.0,10.282567022304702,3617.8470021051007,0
2022-07-11,fixed_3pct,282.0687255859375,-0.02136436395546837,3.0,3.0,2159339.0746839875,0.0,64780.17224051963,2293566.6982081537,2228786.5259676343,-0.02197618971427262,2.9065220686577473,0.0,10.282567022304702,3540.538129001054,0
2022-07-12,fixed_3pct,279.3362121582031,-0.00968740303292459,3.0,3.0,2159339.0746839875,0.0,64780.17224051963,2271337.710652695,2206557.5384121756,-0.00997358306704943,2.9358025391504188,0.0,10.282567022304702,3506.223636176111,0
2022-07-13,fixed_3pct,278.7604064941406,-0.0020613355483477536,3.0,3.0,2159339.0746839875,0.0,64780.17224051963,2266645.4389204015,2201865.266679882,-0.0021265122937469405,2.9420588634925626,0.0,10.282567022304702,3498.9802597385315,0
2022-07-14,fixed_3pct,279.755859375,0.0035709980961027288,3.0,3.0,2159339.0746839875,0.0,64780.17224051963,2274729.3429003037,2209949.170659784,0.0036713890274002736,2.931296932099999,0.0,10.282567022304702,3511.459238568485,0
2022-07-15,fixed_3pct,284.8304748535156,0.018139443048137638,3.0,3.0,2159339.0746839875,0.0,64780.17224051963,2315981.383698749,2251201.2114582295,0.018666511133434538,2.8775825062104454,0.0,10.282567022304702,3575.139280426482,0
2022-07-18,fixed_3pct,282.4200744628906,-0.008462578984445468,3.0,3.0,2159339.0746839875,0.0,64780.17224051963,2296371.9257456707,2231591.7535051513,-0.00871066426815581,2.902868418417916,0.0,10.282567022304702,3544.8685088696066,0
2022-07-19,fixed_3pct,291.1053161621094,0.03075291908953859,3.0,3.0,2159339.0746839875,0.0,64780.17224051963,2366981.783210593,2302201.6109700734,0.031641028137882055,2.8138357619002514,0.0,10.282567022304702,3653.8676902900534,0
2022-07-20,fixed_3pct,295.72119140625,0.01585637564093867,3.0,3.0,2159339.0746839875,0.0,64780.17224051963,2404503.2529334165,2339723.080692897,0.01629808160329338,2.7687110827378474,0.0,10.282567022304702,3711.788915913708,0
2022-07-21,fixed_3pct,299.9663391113281,0.014355236717703779,3.0,3.0,2159339.0746839875,0.0,64780.17224051963,2439010.183750742,2374230.0115102227,0.014748296968163599,2.7284707853268877,0.0,10.282567022304702,3765.0566514319257,0
2022-07-22,fixed_3pct,294.7062683105469,-0.01753553687511933,3.0,3.0,2159339.0746839875,0.0,64780.17224051963,2396230.548167767,2331450.3759272476,-0.018018319781815673,2.778535323307309,0.0,10.282567022304702,3699.0184886679544,0
2022-07-25,fixed_3pct,293.02783203125,-0.005695285305327258,3.0,3.0,2159339.0746839875,0.0,64780.17224051963,2382573.0489715883,2317792.876731069,-0.00585794119282812,2.794907728419773,0.0,10.282567022304702,3677.935650009437,0
2022-07-26,fixed_3pct,287.2701721191406,-0.01964884998192029,3.0,3.0,2159339.0746839875,0.0,64780.17224051963,2335747.9459943566,2270967.773753837,-0.020202453570084322,2.852535953578948,0.0,10.282567022304702,3605.6525711633717,0
2022-07-27,fixed_3pct,299.41009521484375,0.04225960184501254,3.0,3.0,2159339.0746839875,0.0,64780.17224051963,2434445.441635362,2369665.2693948424,0.043460544346634045,2.7337267029728203,0.0,10.282567022304702,3758.010140196309,0
2022-07-28,fixed_3pct,302.33770751953125,0.009777934516826292,3.0,3.0,2159339.0746839875,0.0,64780.17224051963,2458239.0071814363,2393458.834940917,0.010040897274977034,2.7065505073588927,0.0,10.282567022304702,3794.7398442448443,0
2022-07-29,fixed_3pct,307.8514099121094,0.018236899518138783,3.0,3.0,2159339.0746839875,0.0,64780.17224051963,2503059.382379951,2438279.2101394315,0.018726194302657095,2.656798777233359,0.0,10.282567022304702,3863.9282604659415,0
2022-08-01,fixed_3pct,307.6660461425781,-0.0006021209049656973,3.0,3.0,2438279.2101394315,8368.204063663325,73148.37630418295,2509897.9383233525,2436749.5620191693,-0.0006273473988955836,3.001883223632134,5.857742844564327,11.610853381616343,3431.2421753370145,1
2022-08-02,fixed_3pct,306.7486572265625,-0.002981768471098989,3.0,3.0,2438279.2101394315,0.0,73148.37630418295,2502402.392931802,2429254.016627619,-0.0030760425726060747,3.0111456358001725,0.0,11.610853381616343,3420.995132586017,0
2022-08-03,fixed_3pct,315.1022644042969,0.027232742445436164,3.0,3.0,2438279.2101394315,0.0,73148.37630418295,2570538.0619399757,2497389.6856357926,0.028047980384843463,2.928993289469786,0.0,11.610853381616343,3514.14233892295,0
2022-08-04,fixed_3pct,316.5758056640625,0.004676390576092482,3.0,3.0,2438279.2101394315,0.0,73148.37630418295,2582547.2910549375,2509398.9147507544,0.004808712546558125,2.9149760077683147,0.0,11.610853381616343,3530.5599680238643,0
2022-08-05,fixed_3pct,313.98974609375,-0.008168847789513989,3.0,3.0,2438279.2101394315,0.0,73148.37630418295,2561439.2444717064,2488290.8681675233,-0.008411594688733537,2.9397036029816053,0.0,11.610853381616343,3501.703488017453,0
2022-08-08,fixed_3pct,312.97479248046875,-0.003232441905851924,3.0,3.0,2438279.2101394315,0.0,73148.37630418295,2553147.930065201,2479999.553761018,-0.003332132313217606,2.9495318333122493,0.0,11.610853381616343,3490.368561905045,0
2022-08-09,fixed_3pct,309.4323425292969,-0.011318643022641961,3.0,3.0,2438279.2101394315,0.0,73148.37630418295,2524238.1492074146,2451089.7729032314,-0.011657171798254429,2.984320570908393,0.0,11.610853381616343,3450.8464531195173,0
2022-08-10,fixed_3pct,318.0690002441406,0.02791129603404663,3.0,3.0,2438279.2101394315,0.0,73148.37630418295,2594681.296596995,2521532.920292812,0.02873952156641857,2.9009486933721504,0.0,11.610853381616343,3547.1481770247024,0
2022-08-11,fixed_3pct,316.2635498046875,-0.005676285453996788,3.0,3.0,2438279.2101394315,0.0,73148.37630418295,2579941.5340419826,2506793.1577377995,-0.00584555626317218,2.918006061983754,0.0,11.610853381616343,3526.9976784084133,0
2022-08-12,fixed_3pct,322.4213562011719,0.01947049035618309,3.0,3.0,2438279.2101394315,0.0,73148.37630418295,2630162.6499466817,2557014.2736424985,0.020034008689420624,2.860694875980578,0.0,11.610853381616343,3595.6541796762713,0
2022-08-15,fixed_3pct,325.02703857421875,0.00808160601936403,3.0,3.0,2438279.2101394315,0.0,73148.37630418295,2651406.977397016,2578258.6010928326,0.008308255323139502,2.8371233309636956,0.0,11.610853381616343,3624.696967122422,0
2022-08-16,fixed_3pct,324.26580810546875,-0.002342052747639878,3.0,3.0,2438279.2101394315,0.0,73148.37630418295,2645185.63154711,2572037.255242927,-0.002413003042933126,2.843985877540259,0.0,11.610853381616343,3616.191862615338,0
2022-08-17,fixed_3pct,320.5671691894531,-0.011406194620472099,3.0,3.0,2438279.2101394315,0.0,73148.37630418295,2615002.518573026,2541854.142268843,-0.0117350994479406,2.877756637872666,0.0,11.610853381616343,3574.9290014295075,0
2022-08-18,fixed_3pct,321.3381652832031,0.0024050999848157506,3.0,3.0,2438279.2101394315,0.0,73148.37630418295,2621280.250237358,2548131.8739331746,0.002469745041597138,2.870666822721173,0.0,11.610853381616343,3583.5111901006903,0
2022-08-19,fixed_3pct,315.072998046875,-0.01949711523001474,3.0,3.0,2438279.2101394315,0.0,73148.37630418295,2570161.236294937,2497012.8599907537,-0.020061369062314705,2.9294353055295765,0.0,11.610853381616343,3513.627186483377,0
2022-08-22,fixed_3pct,306.7779235839844,-0.026327468600328974,3.0,3.0,2438279.2101394315,0.0,73148.37630418295,2502483.7861952176,2429335.4098910345,-0.027103364657869555,3.011044749372996,0.0,11.610853381616343,3421.106404042101,0
2022-08-23,fixed_3pct,306.5242614746094,-0.0008268590725549751,3.0,3.0,2438279.2101394315,0.0,73148.37630418295,2500402.973919299,2427254.597615116,-0.0008565356053539253,3.013626027366657,0.0,11.610853381616343,3418.26175815787,0
2022-08-24,fixed_3pct,307.412353515625,0.002897297710606095,3.0,3.0,2438279.2101394315,0.0,73148.37630418295,2507635.7748778467,2434487.3985736636,0.002979827895126519,3.004672620077627,0.0,11.610853381616343,3428.1496071081606,0
2022-08-25,fixed_3pct,312.8479309082031,0.01768171425258558,3.0,3.0,2438279.2101394315,0.0,73148.37630418295,2551963.4632454165,2478815.0869412334,0.018208222557874354,2.9509412254887217,0.0,11.610853381616343,3488.749295860288,0
2022-08-26,fixed_3pct,300.0248107910156,-0.04098834881203062,3.0,3.0,2438279.2101394315,0.0,73148.37630418295,2447351.0838049743,2374202.707500791,-0.04220257492846313,3.0809659206050997,0.0,11.610853381616343,3345.7353497879676,0
2022-08-29,fixed_3pct,297.0679626464844,-0.009855345418718908,3.0,3.0,2438279.2101394315,0.0,73148.37630418295,2423219.9826598186,2350071.6063556354,-0.010163875674523704,3.112602020566408,0.0,11.610853381616343,3312.746099220316,0
2022-08-30,fixed_3pct,293.75970458984375,-0.011136367675492198,3.0,3.0,2438279.2101394315,0.0,73148.37630418295,2396222.5031209374,2323074.126816754,-0.011487939118905222,3.1487749555549565,0.0,11.610853381616343,3275.838267627973,0
2022-08-31,fixed_3pct,292.05194091796875,-0.005813471504743761,3.0,3.0,2438279.2101394315,0.0,73148.37630418295,2382280.5210266365,2309132.1447224533,-0.006001522695018413,3.1677864981163752,0.0,11.610853381616343,3256.7784021890952,0
2022-09-01,fixed_3pct,292.1787414550781,0.0004341711844504381,3.0,3.0,2309132.1447224533,-3874.411962509359,69273.96434167359,2379425.0353283635,2310151.07098669,0.00044125939979888784,2.9986768056725377,2.712088373756551,10.995867355821206,3434.80419799933,-1
2022-09-02,fixed_3pct,288.0508728027344,-0.014127888400732314,3.0,3.0,2309132.1447224533,0.0,69273.96434167359,2345797.78810398,2276523.8237623065,-0.014556297917789784,3.0429712010299848,0.0,10.995867355821206,3386.261794595756,0
2022-09-06,fixed_3pct,285.9819641113281,-0.007182442015452928,3.0,3.0,2309132.1447224533,0.0,69273.96434167359,2328938.23564359,2259664.2713019163,-0.007405831770531224,3.0656750748977886,0.0,10.995867355821206,3361.9242925910553,0
2022-09-07,fixed_3pct,291.75921630859375,0.02020145646323579,3.0,3.0,2309132.1447224533,0.0,69273.96434167359,2375975.184149153,2306701.2198074795,0.020815901327883024,3.003161560189199,0.0,10.995867355821206,3429.824186804655,0
2022-09-08,fixed_3pct,293.2718200683594,0.0051844249477477344,3.0,3.0,2309132.1447224533,0.0,69273.96434167359,2388282.25330173,2319008.2889600564,0.0053353546817840325,2.987223662436284,0.0,10.995867355821206,3447.5899798692412,0
2022-09-09,fixed_3pct,299.6833801269531,0.021862175701365505,3.0,3.0,2309132.1447224533,0.0,69273.96434167359,2440484.30368051,2371210.3393388363,0.02251050616217909,2.9214601164816627,0.0,10.995867355821206,3522.945924739537,0
2022-09-12,fixed_3pct,303.2452392578125,0.0118854076237076,3.0,3.0,2309132.1447224533,0.0,69273.96434167359,2469479.458561657,2400205.4942199835,0.012227997828835324,2.8861680597138277,0.0,10.995867355821206,3564.801700075473,0
2022-09-13,fixed_3pct,286.61639404296875,-0.054836294398364016,3.0,3.0,2309132.1447224533,0.0,69273.96434167359,2334051.360093902,2264777.3957522283,-0.05642354323156251,3.0587537862044396,0.0,10.995867355821206,3369.305311562473,0
2022-09-14,fixed_3pct,288.8901062011719,0.007932945237815847,3.0,3.0,2309132.1447224533,0.0,69273.96434167359,2352556.2658484206,2283282.301506747,0.008170739335894961,3.0339640567423234,0.0,10.995867355821206,3396.0179530727073,0
2022-09-15,fixed_3pct,284.0789794921875,-0.016653829971020495,3.0,3.0,2309132.1447224533,0.0,69273.96434167359,2313366.1979323663,2244092.2335906927,-0.017163917002375295,3.086948179078663,0.0,10.995867355821206,3339.445374487828,0
2022-09-16,fixed_3pct,282.3419189453125,-0.006114709895044368,3.0,3.0,2309132.1447224533,0.0,69273.96434167359,2299209.638883652,2229935.6745419786,-0.006308367738550036,3.106545409920949,0.0,10.995867355821206,3319.009761796614,0
2022-09-19,fixed_3pct,284.5406188964844,0.007787366323021017,3.0,3.0,2309132.1447224533,0.0,69273.96434167359,2317103.4307277044,2247829.466386031,0.008024353369622483,3.081815830675512,0.0,10.995867355821206,3344.8402336255344,0
2022-09-20,fixed_3pct,282.27252197265625,-0.007971083118552102,3.0,3.0,2309132.1447224533,0.0,69273.96434167359,2298622.610819736,2229348.6464780625,-0.008221628991135654,3.1073634198541797,0.0,10.995867355821206,3318.1623610891556,0
2022-09-21,fixed_3pct,277.2181396484375,-0.017906037360265525,3.0,3.0,2309132.1447224533,0.0,69273.96434167359,2257452.392605891,2188178.4282642175,-0.018467375338032443,3.1658279529163202,0.0,10.995867355821206,3258.731348868193,0
2022-09-22,fixed_3pct,273.8062438964844,-0.012307620837078037,3.0,3.0,2309132.1447224533,0.0,69273.96434167359,2229657.5286325873,2160383.5642909138,-0.012702284061612001,3.2065585707420827,0.0,10.995867355821206,3218.6082460005505,0
2022-09-23,fixed_3pct,269.34820556640625,-0.016281726328211676,3.0,3.0,2309132.1447224533,0.0,69273.96434167359,2193343.859078399,2124069.8947367254,-0.016808899194762805,3.261378757513061,0.0,10.995867355821206,3166.187874365571,0
2022-09-26,fixed_3pct,268.2336730957031,-0.004137887120351902,3.0,3.0,2309132.1447224533,0.0,69273.96434167359,2184257.05390606,2114983.0895643863,-0.004278016083583469,3.275390932602759,0.0,10.995867355821206,3153.070673323747,0
2022-09-27,fixed_3pct,268.3412170410156,0.00040093379802508267,3.0,3.0,2309132.1447224533,0.0,69273.96434167359,2185121.8005151898,2115847.836173516,0.0004088669140649426,3.274052280950159,0.0,10.995867355821206,3154.318972908371,0
2022-09-28,fixed_3pct,273.67913818359375,0.01989228938229881,3.0,3.0,2309132.1447224533,0.0,69273.96434167359,2228577.879839252,2159303.9154975787,0.0205383764281708,3.208161845328311,0.0,10.995867355821206,3217.0497257056677,0
2022-09-29,fixed_3pct,265.78961181640625,-0.028827649851392523,3.0,3.0,2309132.1447224533,0.0,69273.96434167359,2164322.2211853317,2095048.2568436582,-0.029757579835219206,3.3065569785986617,0.0,10.995867355821206,3124.293869642633,0
2022-09-30,fixed_3pct,261.28271484375,-0.01695663326288832,3.0,3.0,2309132.1447224533,0.0,69273.96434167359,2127611.6071506166,2058337.642808943,-0.01752256250651829,3.3655296828336567,0.0,10.995867355821206,3071.30049127374,0
2022-10-03,fixed_3pct,267.4124450683594,0.023460144419714224,3.0,3.0,2058337.642808943,-7523.835057405304,61750.12928426829,2169810.145559445,2108060.016275177,0.024156568112109866,2.9292396235178013,5.266684540183713,9.80160782289973,3513.855227040366,-1
2022-10-04,fixed_3pct,275.82012939453125,0.03144088647042054,3.0,3.0,2058337.642808943,0.0,61750.12928426829,2238021.0984005234,2176270.969116255,0.032357215788193505,2.8374283423605067,0.0,9.80160782289973,3624.318077291363,0
2022-10-05,fixed_3pct,275.6734924316406,-0.0005316398161820945,3.0,3.0,2058337.642808943,0.0,61750.12928426829,2236821.475667335,2175071.346383067,-0.0005512285695175034,2.838993276563216,0.0,9.80160782289973,3622.375372479093,0
2022-10-06,fixed_3pct,273.50311279296875,-0.007873008099282819,3.0,3.0,2058337.642808943,0.0,61750.12928426829,2219201.1604649336,2157451.0311806654,-0.008101028608418881,2.8621798776343734,0.0,9.80160782289973,3593.84050881705,0
2022-10-07,fixed_3pct,263.0815734863281,-0.03810391479723052,3.0,3.0,2058337.642808943,0.0,61750.12928426829,2134631.1069208398,2072880.9776365715,-0.03919906052181077,2.9789519972668037,0.0,9.80160782289973,3456.8852432583767,0
2022-10-10,fixed_3pct,260.4516906738281,-0.009996453866567223,3.0,3.0,2058337.642808943,0.0,61750.12928426829,2113282.563930543,2051532.434646275,-0.010298971923915046,3.009951402250935,0.0,9.80160782289973,3422.3127763862535,0
2022-10-11,fixed_3pct,256.8735656738281,-0.013738152325841524,3.0,3.0,2058337.642808943,0.0,61750.12928426829,2084240.1645518974,2022490.0352676292,-0.014156441735055036,3.0531734746518593,0.0,9.80160782289973,3375.2806491417123,0
2022-10-12,fixed_3pct,256.78564453125,-0.0003422739990683876,3.0,3.0,2058337.642808943,0.0,61750.12928426829,2083516.9817279342,2021766.852443666,-0.00035757052512130905,3.0542655900027365,0.0,9.80160782289973,3374.1095053200793,0
2022-10-13,fixed_3pct,262.807861328125,0.0234523110038658,3.0,3.0,2058337.642808943,0.0,61750.12928426829,2132370.4683574303,2070620.339073162,0.024163758828298132,2.9822043239422875,0.0,9.80160782289973,3453.2242977840724,0
2022-10-14,fixed_3pct,254.9085235595703,-0.03005746376320184,3.0,3.0,2058337.642808943,0.0,61750.12928426829,2068267.018667232,2006516.8893829638,-0.030958572404872542,3.077478670177426,0.0,9.80160782289973,3349.413260571346,0
2022-10-17,fixed_3pct,263.3259582519531,0.0330213936154069,3.0,3.0,2058337.642808943,0.0,61750.12928426829,2136554.2763845837,2074804.1471003154,0.03403273507373816,2.9761907585623653,0.0,9.80160782289973,3459.9996812134623,0
2022-10-18,fixed_3pct,265.4082946777344,0.007907828151863638,3.0,3.0,2058337.642808943,0.0,61750.12928426829,2153439.9788315394,2091689.8495472712,0.008138456090207136,2.9521646958144196,0.0,9.80160782289973,3487.3448910821285,0
2022-10-19,fixed_3pct,264.4404602050781,-0.003646587134103818,3.0,3.0,2058337.642808943,0.0,61750.12928426829,2145577.4707028447,2083827.3414185764,-0.0037589263677865192,2.96330353561018,0.0,9.80160782289973,3474.6121110542526,0
2022-10-20,fixed_3pct,263.0913391113281,-0.005101795287694388,3.0,3.0,2058337.642808943,0.0,61750.12928426829,2134621.3720656065,2072871.2427813383,-0.005257680624240035,2.9789659873622045,0.0,9.80160782289973,3456.8694783436367,0
2022-10-21,fixed_3pct,269.26019287109375,0.023447574445448538,3.0,3.0,2058337.642808943,0.0,61750.12928426829,2184663.2639921373,2122913.134707869,0.02414134119559952,2.908744982293665,0.0,9.80160782289973,3537.908809769425,0
2022-10-24,fixed_3pct,272.222412109375,0.01100132628850714,3.0,3.0,2058337.642808943,0.0,61750.12928426829,2208687.6557820067,2146937.5264977384,0.01131670975938226,2.8761959079917987,0.0,9.80160782289973,3576.814625948809,0
2022-10-25,fixed_3pct,277.8536071777344,0.020686008270681455,3.0,3.0,2058337.642808943,0.0,61750.12928426829,2254366.785289042,2192616.656004774,0.021276413003759487,2.816275663835596,0.0,9.80160782289973,3650.788769868007,0
2022-10-26,fixed_3pct,271.714111328125,-0.022096153121676565,3.0,3.0,2058337.642808943,0.0,61750.12928426829,2204544.150001051,2142794.0207167827,-0.022722911983517613,2.881757587862428,0.0,9.80160782289973,3570.104509178233,0
2022-10-27,fixed_3pct,266.7672119140625,-0.01820626610035936,3.0,3.0,2058337.642808943,0.0,61750.12928426829,2164397.830968318,2102647.70168405,-0.01873550077356645,2.9367796247945606,0.0,9.80160782289973,3505.090363462168,0
2022-10-28,fixed_3pct,274.9305114746094,0.030600835469902554,3.0,3.0,2058337.642808943,0.0,61750.12928426829,2230620.4112773705,2168870.2819931023,0.03149485301603949,2.847110304242007,0.0,9.80160782289973,3612.3331839657417,0
2022-10-31,fixed_3pct,271.733642578125,-0.011627916011714201,3.0,3.0,2058337.642808943,0.0,61750.12928426829,2204673.1428731987,2142923.0135889305,-0.011963494829357546,2.881584120973634,0.0,9.80160782289973,3570.3134040803866,0
2022-11-01,fixed_3pct,268.95709228515625,-0.010217911432039428,3.0,3.0,2142923.0135889305,2537.561123399624,64287.69040766791,2184645.6579732243,2120357.9675655565,-0.010530031121175232,3.031926278065135,1.7762927863797369,10.20439530280443,3398.2332295960823,1
2022-11-02,fixed_3pct,259.73797607421875,-0.03427727498319,3.0,3.0,2142923.0135889305,0.0,64287.69040766791,2109751.753618741,2045464.063211073,-0.03532134927220398,3.1429391287738317,0.0,10.20439530280443,3281.7351817123304,0
2022-11-03,fixed_3pct,254.66412353515625,-0.019534504024982025,3.0,3.0,2142923.0135889305,0.0,64287.69040766791,2068528.5951006599,2004240.9046929919,-0.02015345038786298,3.207582993498252,0.0,10.20439530280443,3217.6122395803723,0
2022-11-04,fixed_3pct,258.76043701171875,0.01608516119074377,3.0,3.0,2142923.0135889305,0.0,64287.69040766791,2101791.006585214,2037503.3161775458,0.01659601468399785,3.1552189337426313,0.0,10.20439530280443,3269.35217808746,0
2022-11-07,fixed_3pct,261.6053466796875,0.010994376500608194,3.0,3.0,2142923.0135889305,0.0,64287.69040766791,2124888.683841901,2060600.993434233,0.01133626486558037,3.119851471124691,0.0,10.20439530280443,3305.280793830563,0
2022-11-08,fixed_3pct,263.51171875,0.00728720607016764,3.0,3.0,2142923.0135889305,0.0,64287.69040766791,2140362.9811619213,2076075.2907542533,0.00750960393075939,3.0965972522273857,0.0,10.20439530280443,3329.351183079101,0
2022-11-09,fixed_3pct,257.4307861328125,-0.02307651684727019,3.0,3.0,2142923.0135889305,0.0,64287.69040766791,2090960.654372562,2026672.963964894,-0.023796018867606294,3.1720801308711546,0.0,10.20439530280443,3252.505481396424,0
2022-11-10,fixed_3pct,276.4262390136719,0.07378858281176726,3.0,3.0,2142923.0135889305,0.0,64287.69040766791,2245239.473378576,2180951.782970908,0.07612418073816407,2.947689669695254,0.0,10.20439530280443,3492.4873784402976,0
2022-11-11,fixed_3pct,281.5198059082031,0.018426495663746767,3.0,3.0,2142923.0135889305,0.0,64287.69040766791,2286601.1644035564,2222313.4739958886,0.01896497270042219,2.8928272793159895,0.0,10.20439530280443,3556.825808958945,0
2022-11-14,fixed_3pct,279.05621337890625,-0.008751045139965052,3.0,3.0,2142923.0135889305,0.0,64287.69040766791,2266580.8100014613,2202293.1195937935,-0.009008789550331464,2.9191250626767427,0.0,10.20439530280443,3525.683992733879,0
2022-11-15,fixed_3pct,282.91778564453125,0.013837972711188806,3.0,3.0,2142923.0135889305,0.0,64287.69040766791,2297935.4890026627,2233647.798594995,0.014237286908921787,2.8781480432190807,0.0,10.20439530280443,3574.4564385977324,0
2022-11-16,fixed_3pct,279.05621337890625,-0.013649096881017009,3.0,3.0,2142923.0135889305,0.0,64287.69040766791,2266560.540491635,2202272.850083967,-0.014046506584772689,2.919151930026145,0.0,10.20439530280443,3525.6524633544636,0
2022-11-17,fixed_3pct,278.4402160644531,-0.0022074309222304134,3.0,3.0,2142923.0135889305,0.0,64287.69040766791,2261547.060272143,2197259.3698644754,-0.0022765027590929687,2.9258125503696504,0.0,10.20439530280443,3517.8539560699433,0
2022-11-18,fixed_3pct,278.4499816894531,3.50726096181031e-05,3.0,3.0,2142923.0135889305,0.0,64287.69040766791,2261616.174234018,2197328.4838263504,3.145462152676082e-05,2.9257205229379086,0.0,10.20439530280443,3517.961463372565,0
2022-11-21,fixed_3pct,275.5855407714844,-0.010287093217206111,3.0,3.0,2142923.0135889305,0.0,64287.69040766791,2238340.5134328287,2174052.823025161,-0.010592708815505891,2.9570436250124126,0.0,10.20439530280443,3481.7559928484393,0
2022-11-22,fixed_3pct,279.5547790527344,0.014402926474801125,3.0,3.0,2142923.0135889305,0.0,64287.69040766791,2270568.9628780675,2206281.2724703997,0.014824133573899667,2.913848347889216,0.0,10.20439530280443,3531.8875954007603,0
2022-11-23,fixed_3pct,282.3605041503906,0.010036405412790161,3.0,3.0,2142923.0135889305,0.0,64287.69040766791,2293347.1091119074,2229059.4187042397,0.01032422588999049,2.8840725315899647,0.0,10.20439530280443,3567.319178164734,0
2022-11-25,fixed_3pct,280.5030212402344,-0.006578409100611693,3.0,3.0,2142923.0135889305,0.0,64287.69040766791,2278250.329223161,2213962.6388154933,-0.006772713083405435,2.903738720815221,0.0,10.20439530280443,3543.836020202435,0
2022-11-28,fixed_3pct,276.38714599609375,-0.014673193985371036,3.0,3.0,2142923.0135889305,0.0,64287.69040766791,2244810.915799931,2180523.2253922634,-0.015103874309785326,2.9482690053027496,0.0,10.20439530280443,3491.8207538097863,0
2022-11-29,fixed_3pct,274.2950134277344,-0.007569572603745245,3.0,3.0,2142923.0135889305,0.0,64287.69040766791,2227808.452195801,2163520.761788133,-0.007797423758727273,2.9714385710139726,0.0,10.20439530280443,3465.3732900786854,0
2022-11-30,fixed_3pct,286.7989196777344,0.04558561270853834,3.0,3.0,2142923.0135889305,0.0,64287.69040766791,2329354.261091104,2265066.570683436,0.0469354446182324,2.838225208907236,0.0,10.20439530280443,3623.328581754852,0
2022-12-01,fixed_3pct,287.1509704589844,0.0012275178081060378,3.0,3.0,2265066.570683436,3664.3067128351613,67951.99712050307,2335869.035447971,2267917.038327468,0.0012584476239796416,2.9962294022278684,2.565014698984613,10.786031288968742,3437.5281587465984,1
2022-12-02,fixed_3pct,286.007080078125,-0.0039835852862728505,3.0,3.0,2265066.570683436,0.0,67951.99712050307,2326553.1158964112,2258601.1187759084,-0.004107698559569051,3.0085877738930256,0.0,10.786031288968742,3423.818599136394,0
2022-12-05,fixed_3pct,281.2068786621094,-0.016783505550647226,3.0,3.0,2265066.570683436,0.0,67951.99712050307,2287494.612730599,2219542.615610096,-0.01729322758282381,3.0615315354882155,0.0,10.786031288968742,3366.339047657506,0
2022-12-06,fixed_3pct,275.3801574707031,-0.02072040776217099,3.0,3.0,2265066.570683436,0.0,67951.99712050307,2240086.0055697626,2172134.0084492597,-0.021359629153957504,3.1283519735053407,0.0,10.786031288968742,3296.571256908451,0
2022-12-07,fixed_3pct,274.2558898925781,-0.004082601987198786,3.0,3.0,2265066.570683436,0.0,67951.99712050307,2230929.8399606384,2162977.8428401356,-0.004215285785088785,3.141594692957073,0.0,10.786031288968742,3283.0967955281812,0
2022-12-08,fixed_3pct,277.5016174316406,0.011834668492748834,3.0,3.0,2265066.570683436,0.0,67951.99712050307,2257321.3690158646,2189369.3718953617,0.012201479151803252,3.1037246612103773,0.0,10.786031288968742,3321.93528471699,0
2022-12-09,fixed_3pct,275.7320861816406,-0.006376652022346829,3.0,3.0,2265066.570683436,0.0,67951.99712050307,2242916.4301117538,2174964.432991251,-0.006579492290805344,3.1242808429307507,0.0,10.786031288968742,3300.7365863497207,0
2022-12-12,fixed_3pct,279.19293212890625,0.012551480660780934,3.0,3.0,2265066.570683436,0.0,67951.99712050307,2271057.5662767603,2203105.5691562574,0.012938664990628679,3.0843731717553258,0.0,10.786031288968742,3342.1498447637487,0
2022-12-13,fixed_3pct,282.19427490234375,0.010750067168791233,3.0,3.0,2265066.570683436,0.0,67951.99712050307,2295460.801627138,2227508.8045066353,0.011076743526059696,3.0505826501347353,0.0,10.786031288968742,3378.0623070672514,0
2022-12-14,fixed_3pct,280.1021728515625,-0.007413694170462004,3.0,3.0,2265066.570683436,0.0,67951.99712050307,2278432.171232302,2210480.1741117993,-0.007644697233242792,3.0740830845862304,0.0,10.786031288968742,3353.0025132180162,0
2022-12-15,fixed_3pct,270.6973571777344,-0.03357637528507185,3.0,3.0,2265066.570683436,0.0,67951.99712050307,2201919.8915581363,2133967.8944376335,-0.034613420455087085,3.184302692539361,0.0,10.786031288968742,3240.404969486546,0
2022-12-16,fixed_3pct,268.1163635253906,-0.00953460971785225,3.0,3.0,2265066.570683436,0.0,67951.99712050307,2180914.658730865,2112962.661610362,-0.009843275000539276,3.215958254023973,0.0,10.786031288968742,3209.4930997588303,0
2022-12-19,fixed_3pct,264.3484191894531,-0.01405339191682975,3.0,3.0,2265066.570683436,0.0,67951.99712050307,2150254.624263272,2082302.627142769,-0.014510447829790829,3.263310348589599,0.0,10.786031288968742,3164.3729623576855,0
2022-12-20,fixed_3pct,264.1426086425781,-0.0007785578877530508,3.0,3.0,2265066.570683436,0.0,67951.99712050307,2148569.7405335857,2080617.7434130826,-0.0008091445055700142,3.2659529764959805,0.0,10.786031288968742,3161.893441812176,0
2022-12-21,fixed_3pct,267.974365234375,0.01450639338911719,3.0,3.0,2265066.570683436,0.0,67951.99712050307,2179726.9523824304,2111774.9552619276,0.014974981323447878,3.217766976125297,0.0,10.786031288968742,3207.7452389177006,0
2022-12-22,fixed_3pct,261.4182434082031,-0.02446548131735582,3.0,3.0,2265066.570683436,0.0,67951.99712050307,2126388.097320692,2058436.100200189,-0.025257831062364677,3.3011467839052444,0.0,10.786031288968742,3129.2503346882495,0
2022-12-23,fixed_3pct,262.0062561035156,0.00224931775092041,3.0,3.0,2265066.570683436,0.0,67951.99712050307,2131160.2337820525,2063208.2366615494,0.002318331115984673,3.293511334098555,0.0,10.786031288968742,3136.2731399972645,0
2022-12-27,fixed_3pct,258.30194091796875,-0.014138269981169294,3.0,3.0,2265066.570683436,0.0,67951.99712050307,2101018.528992421,2033066.531871918,-0.01460914330121299,3.3423400589816024,0.0,10.786031288968742,3091.9157905934208,0
2022-12-28,fixed_3pct,254.8916473388672,-0.01320274081945283,3.0,3.0,2265066.570683436,0.0,67951.99712050307,2073268.539865977,2005316.5427454738,-0.013649326616425927,3.3885920587614646,0.0,10.786031288968742,3051.078154758769,0
2022-12-29,fixed_3pct,261.10467529296875,0.02437517281938084,3.0,3.0,2265066.570683436,0.0,67951.99712050307,2123794.0327949063,2055842.0356744032,0.025195769272294166,3.305312175806929,0.0,10.786031288968742,3125.432839050578,0
2022-12-30,fixed_3pct,260.9478454589844,-0.000600639700566119,3.0,3.0,2265066.570683436,0.0,67951.99712050307,2122507.611751695,2054555.614631192,-0.0006257392449848798,3.307381734356262,0.0,10.786031288968742,3123.5397069901182,0
2023-01-03,fixed_3pct,259.1838684082031,-0.006759883560941371,3.0,3.0,2054555.614631192,-6315.328681567313,61636.66843893576,2101872.8951993897,2040236.226760454,-0.006969579099618817,3.021055485168217,4.420730077097119,9.783598164910439,3410.1014030012707,-1
2023-01-04,fixed_3pct,260.418701171875,0.004764311804031918,3.0,3.0,2054555.614631192,0.0,61636.66843893576,2111877.089446398,2050240.4210074623,0.004903448980951186,3.0063141769806823,0.0,9.783598164910439,3426.3323163526625,0
2023-01-05,fixed_3pct,256.3419494628906,-0.01565460426090426,3.0,3.0,2054555.614631192,0.0,61636.66843893576,2078806.7057652795,2017170.0373263438,-0.016130002775415098,3.0556010300763754,0.0,9.783598164910439,3372.678566857941,0
2023-01-06,fixed_3pct,263.41741943359375,0.027601685894674155,3.0,3.0,2054555.614631192,0.0,61636.66843893576,2136175.49189539,2074538.8234564546,0.028440233132825066,2.9711021911000426,0.0,9.783598164910439,3465.754308268181,0
2023-01-09,fixed_3pct,265.12249755859375,0.006472913327699725,3.0,3.0,2054555.614631192,0.0,61636.66843893576,2149992.9871090204,2088356.3186700847,0.00666051416218294,2.951444056165064,0.0,9.783598164910439,3488.1719625048295,0
2023-01-10,fixed_3pct,267.3666687011719,0.008464657519613672,3.0,3.0,2054555.614631192,0.0,61636.66843893576,2168182.1578163044,2106545.4893773687,0.008709802319015747,2.9259595270906638,0.0,9.783598164910439,3517.682270521078,0
2023-01-11,fixed_3pct,271.9921875,0.01730028212304191,3.0,3.0,2054555.614631192,0.0,61636.66843893576,2205682.537242507,2144045.8688035714,0.01780183699583282,2.8747831068245984,0.0,9.783598164910439,3578.5232932044423,0
2023-01-12,fixed_3pct,273.4621276855469,0.005404347084589922,3.0,3.0,2054555.614631192,0.0,61636.66843893576,2217593.0276340195,2155956.359195084,0.005555147193823107,2.8589014882447588,0.0,9.783598164910439,3597.8470021153357,0
2023-01-13,fixed_3pct,275.3437194824219,0.006880630282518174,3.0,3.0,2054555.614631192,0.0,61636.66843893576,2232841.6817760943,2171205.0133371586,0.007072802785195398,2.8388230526512896,0.0,9.783598164910439,3622.586584134084,0
2023-01-17,fixed_3pct,275.90228271484375,0.002028603497736814,3.0,3.0,2054555.614631192,0.0,61636.66843893576,2237361.448623473,2175724.780184537,0.0020816858931398396,2.832925790995861,0.0,9.783598164910439,3629.91950293364,0
2023-01-18,fixed_3pct,272.3155822753906,-0.012999894035527482,3.0,3.0,2054555.614631192,0.0,61636.66843893576,2208266.2032740284,2146629.5348350927,-0.013372668094066897,2.871323041014191,0.0,9.783598164910439,3582.7150610221347,0
2023-01-19,fixed_3pct,269.64019775390625,-0.009824573750534693,3.0,3.0,2054555.614631192,0.0,61636.66843893576,2186561.1455009845,2124924.477062049,-0.01011122665593589,2.9006521927854823,0.0,9.783598164910439,3547.5005396620986,0
2023-01-20,fixed_3pct,277.0194396972656,0.027366994998624827,3.0,3.0,2054555.614631192,0.0,61636.66843893576,2246390.9698359324,2184754.3013969967,0.028156212129322178,2.8212173972846033,0.0,9.783598164910439,3644.569096172777,0
2023-01-23,fixed_3pct,283.17364501953125,0.022215788642815593,3.0,3.0,2054555.614631192,0.0,61636.66843893576,2296286.533232772,2234649.864793836,0.022838066214097674,2.7582248749569644,0.0,9.783598164910439,3725.5201998916154,0
2023-01-24,fixed_3pct,282.59552001953125,-0.0020415918294943713,3.0,3.0,2054555.614631192,0.0,61636.66843893576,2291588.6698101806,2229952.001371245,-0.002102281657902938,2.764035656419244,0.0,9.783598164910439,3717.898335275027,0
2023-01-25,fixed_3pct,281.9683532714844,-0.0022193088836069963,3.0,3.0,2054555.614631192,0.0,61636.66843893576,2286493.1431195326,2224856.474680597,-0.002285038730660882,2.7703660501419263,0.0,9.783598164910439,3709.63129745533,0
2023-01-26,fixed_3pct,287.46600341796875,0.019497401331386666,3.0,3.0,2054555.614631192,0.0,61636.66843893576,2331064.0339742326,2269427.365535297,0.020033153312102314,2.715956869780555,0.0,9.783598164910439,3781.9435946374156,0
2023-01-27,fixed_3pct,290.3275451660156,0.009954365782468777,3.0,3.0,2054555.614631192,0.0,61636.66843893576,2354258.5144326044,2292621.845993669,0.01022041102113036,2.688479504225486,0.0,9.783598164910439,3819.5745715312282,0
2023-01-30,fixed_3pct,284.45751953125,-0.020218631447488145,3.0,3.0,2054555.614631192,0.0,61636.66843893576,2306648.8455990157,2245012.17716008,-0.020766472637773203,2.745493724533182,0.0,9.783598164910439,3742.332127967368,0
2023-01-31,fixed_3pct,288.7203063964844,0.014985671225210995,3.0,3.0,2054555.614631192,0.0,61636.66843893576,2341205.74323301,2279569.0747940745,0.015392743961731403,2.7038736891315183,0.0,9.783598164910439,3798.397613836758,0
2023-02-01,fixed_3pct,294.8942565917969,0.021383844705519683,3.0,3.0,2279569.0747940745,6750.403804886468,68387.07224382223,2398148.795243319,2329761.722999497,0.02201848093151404,2.9353676630834147,4.725282663420527,10.855090832352735,3506.7282697717137,1
2023-02-02,fixed_3pct,305.47796630859375,0.03588984688653074,3.0,3.0,2279569.0747940745,0.0,68387.07224382223,2484207.133224888,2415820.0609810655,0.03693868653261734,2.8308015712085033,0.0,10.855090832352735,3632.568337430617,0
2023-02-03,fixed_3pct,300.0488586425781,-0.017772501668847474,3.0,3.0,2279569.0747940745,0.0,68387.07224382223,2440045.702713053,2371658.630469231,-0.018280099261159588,2.883512465294885,0.0,10.855090832352735,3567.9926375755554,0
2023-02-06,fixed_3pct,297.5107116699219,-0.00845911223971596,3.0,3.0,2279569.0747940745,0.0,68387.07224382223,2419394.2271529348,2351007.1549091125,-0.008707608799514488,2.9088415193047763,0.0,10.855090832352735,3537.7947143679507,0
2023-02-07,fixed_3pct,303.6748046875,0.02071889439872332,3.0,3.0,2279569.0747940745,0.0,68387.07224382223,2469510.545563365,2401123.4733195426,0.02131695699257352,2.8481280951902654,0.0,10.855090832352735,3611.078036443429,0
2023-02-08,fixed_3pct,298.2750549316406,-0.01778135582046736,3.0,3.0,2279569.0747940745,0.0,68387.07224382223,2425588.4447594737,2357201.3725156514,-0.018292312449542214,2.901197710182826,0.0,10.855090832352735,3546.8522999660804,0
2023-02-09,fixed_3pct,295.6390380859375,-0.008837537038782095,3.0,3.0,2279569.0747940745,0.0,68387.07224382223,2404141.3619472375,2335754.2897034152,-0.009098536536718327,2.9278367397328315,0.0,10.855090832352735,3515.4909883781675,0
2023-02-10,fixed_3pct,293.6986083984375,-0.006563509677419366,3.0,3.0,2279569.0747940745,0.0,68387.07224382223,2388350.9017613805,2319963.829517558,-0.006760325885075025,2.9477645889868667,0.0,10.855090832352735,3492.401156239194,0
2023-02-13,fixed_3pct,298.4025573730469,0.016016245362075132,3.0,3.0,2279569.0747940745,0.0,68387.07224382223,2426592.460723892,2358205.3884800696,0.01648368757993257,2.8999625129302093,0.0,10.855090832352735,3548.3204370444428,0
2023-02-14,fixed_3pct,300.6074523925781,0.007388995050651603,3.0,3.0,2279569.0747940745,0.0,68387.07224382223,2444511.685315297,2376124.6130714747,0.007598670022102905,2.8780928351826773,0.0,10.855090832352735,3574.5230861760174,0
2023-02-15,fixed_3pct,302.91046142578125,0.00766118409531491,3.0,3.0,2279569.0747940745,0.0,68387.07224382223,2463228.6842688136,2394841.6120249913,0.00787711168452665,2.85559896322315,0.0,10.855090832352735,3601.892292576292,0
2023-02-16,fixed_3pct,297.2265625,-0.018764287304662508,3.0,3.0,2279569.0747940745,0.0,68387.07224382223,2416997.0984492754,2348610.026205453,-0.019304652795157695,2.911810453024091,0.0,10.855090832352735,3534.289477742068,0
2023-02-17,fixed_3pct,295.12939453125,-0.007055789197003559,3.0,3.0,2279569.0747940745,0.0,68387.07224382223,2399932.4213420157,2331545.3490981935,-0.007265862325739225,2.9331221144925754,0.0,10.855090832352735,3509.3364032100594,0
2023-02-21,fixed_3pct,288.1421813964844,-0.023675083757289994,3.0,3.0,2279569.0747940745,0.0,68387.07224382223,2343102.9651640756,2274715.8929202533,-0.02437415862398773,3.0064005995943393,0.0,10.855090832352735,3426.2366969156815,0
2023-02-22,fixed_3pct,288.3577880859375,0.0007482649309038525,3.0,3.0,2279569.0747940745,0.0,68387.07224382223,2344845.3718515723,2276458.29960775,0.0007659887078292904,3.004099493305272,0.0,10.855090832352735,3428.7845566650863,0
2023-02-23,fixed_3pct,290.8763427734375,0.00873413097047826,3.0,3.0,2279569.0747940745,0.0,68387.07224382223,2365314.703344011,2296927.631100189,0.008991744542812707,2.9773281194351773,0.0,10.855090832352735,3458.7161370366794,0
2023-02-24,fixed_3pct,286.005859375,-0.01674417160226438,3.0,3.0,2279569.0747940745,0.0,68387.07224382223,2325698.612967028,2257311.5407232055,-0.01724742644939492,3.0295805877956985,0.0,10.855090832352735,3400.786927498743,0
2023-02-27,fixed_3pct,288.0539855957031,0.007161133779492568,3.0,3.0,2279569.0747940745,0.0,68387.07224382223,2342342.3967744326,2273955.3245306103,0.007373277240266374,3.007406148488809,0.0,10.855090832352735,3425.1245446262383,0
2023-02-28,fixed_3pct,287.68157958984375,-0.0012928340675072425,3.0,3.0,2279569.0747940745,0.0,68387.07224382223,2339303.281635284,2270916.2093914617,-0.00133648849929624,3.0114308912413787,0.0,10.855090832352735,3420.680553913617,0
2023-03-01,fixed_3pct,285.3688659667969,-0.008039143925531067,3.0,3.0,2270916.2093914617,-259.585962078374,68127.48628174386,2320228.792619492,2252101.306337748,-0.008285159521035479,3.025063130598209,0.1817101734548618,10.813886711387914,3405.7161349298813,-1
2023-03-02,fixed_3pct,287.7305603027344,0.008275935526240286,3.0,3.0,2270916.2093914617,0.0,68127.48628174386,2339420.042626626,2271292.556344882,0.008521486113047816,2.999502908219768,0.0,10.813886711387914,3433.8857490673645,0
2023-03-03,fixed_3pct,293.67901611328125,0.020673701828155533,3.0,3.0,2270916.2093914617,0.0,68127.48628174386,2387773.7011519885,2319646.2148702447,0.021289049000000615,2.936977451346163,0.0,10.813886711387914,3504.861006139663,0
2023-03-06,fixed_3pct,294.0122375488281,0.0011346450282929688,3.0,3.0,2270916.2093914617,0.0,68127.48628174386,2390472.162823978,2322344.676542234,0.0011633074279564504,2.933564813608101,0.0,10.813886711387914,3508.821906239264,0
2023-03-07,fixed_3pct,290.4059143066406,-0.012265895026184359,3.0,3.0,2270916.2093914617,0.0,68127.48628174386,2361140.0683250516,2293012.582043308,-0.01263037945883172,2.9710908180466817,0.0,10.813886711387914,3465.767192055884,0
2023-03-08,fixed_3pct,291.8562927246094,0.004994314325283744,3.0,3.0,2270916.2093914617,0.0,68127.48628174386,2372921.5301055773,2304794.0438238336,0.005137983922455014,2.9559034337278582,0.0,10.813886711387914,3483.060449775394,0
2023-03-09,fixed_3pct,286.7995910644531,-0.017325998397874742,3.0,3.0,2270916.2093914617,0.0,68127.48628174386,2331797.4815899744,2263669.9953082306,-0.01784283008965737,3.009603273575543,0.0,10.813886711387914,3422.6970769870118,0
2023-03-10,fixed_3pct,282.7718811035156,-0.014043639134870167,3.0,3.0,2270916.2093914617,0.0,68127.48628174386,2299039.7453362145,2230912.259054471,-0.014471074106055526,3.053794966845463,0.0,10.813886711387914,3374.6140813539587,0
2023-03-13,fixed_3pct,284.8691101074219,0.007416681587015805,3.0,3.0,2270916.2093914617,0.0,68127.48628174386,2316080.177196556,2247952.690914812,0.007638324542428965,3.030645909813126,0.0,10.813886711387914,3399.626646458548,0
2023-03-14,fixed_3pct,291.415283203125,0.02297958207274431,3.0,3.0,2270916.2093914617,0.0,68127.48628174386,2369291.917828789,2301164.4315470452,0.023671201287861043,2.9605657617410053,0.0,10.813886711387914,3477.732772981658,0
2023-03-15,fixed_3pct,292.94403076171875,0.005245941605362514,3.0,3.0,2270916.2093914617,0.0,68127.48628174386,2381710.2709890646,2313582.784707321,0.0053965518456788875,2.9446746722038,0.0,10.813886711387914,3495.9608830119014,0
2023-03-16,fixed_3pct,300.666259765625,0.026360765856285884,3.0,3.0,2270916.2093914617,0.0,68127.48628174386,2444483.163893407,2376355.6776116635,0.027132330565073692,2.866889284444777,0.0,10.813886711387914,3588.1012162758398,0
2023-03-17,fixed_3pct,299.2452697753906,-0.00472613718393966,3.0,3.0,2270916.2093914617,0.0,68127.48628174386,2432919.3872303045,2364791.900948561,-0.004866180922346031,2.880908305479932,0.0,10.813886711387914,3571.127484681986,0
2023-03-20,fixed_3pct,300.3072509765625,0.003548865457318584,3.0,3.0,2270916.2093914617,0.0,68127.48628174386,2441542.6769173755,2373415.190635632,0.003646532146702741,2.870441149552869,0.0,10.813886711387914,3583.7850626401823,0
2023-03-21,fixed_3pct,304.5963439941406,0.014282349172823894,3.0,3.0,2270916.2093914617,0.0,68127.48628174386,2476402.8280627495,2408275.3417810057,0.014687759344810702,2.8288910781838235,0.0,10.813886711387914,3634.954059249287,0
2023-03-22,fixed_3pct,300.4544372558594,-0.013598018557835712,3.0,3.0,2270916.2093914617,0.0,68127.48628174386,2442717.842563364,2374590.3562816205,-0.013987181994926767,2.869020591342118,0.0,10.813886711387914,3585.510013478862,0
2023-03-23,fixed_3pct,304.0173645019531,0.011858461065294978,3.0,3.0,2270916.2093914617,0.0,68127.48628174386,2471673.9031061917,2403546.416824448,0.012194128754135836,2.8344568594499417,0.0,10.813886711387914,3628.0127713570537,0
2023-03-24,fixed_3pct,305.13623046875,0.0036802699366524916,3.0,3.0,2270916.2093914617,0.0,68127.48628174386,2480759.5163782905,2412632.0300965467,0.0037800864624459862,2.82378271662992,0.0,10.813886711387914,3641.348964673397,0
2023-03-27,fixed_3pct,303.0456237792969,-0.006851387939877052,3.0,3.0,2270916.2093914617,0.0,68127.48628174386,2463752.0566593297,2395624.570377586,-0.007049338443160802,2.843829835615935,0.0,10.813886711387914,3616.384797276077,0
2023-03-28,fixed_3pct,301.4360046386719,-0.005311474624023149,3.0,3.0,2270916.2093914617,0.0,68127.48628174386,2450655.0862437873,2382527.5999620436,-0.005467037939704378,2.85946262628098,0.0,10.813886711387914,3597.160588178769,0
2023-03-29,fixed_3pct,306.9323425292969,0.018233846674067467,3.0,3.0,2270916.2093914617,0.0,68127.48628174386,2495329.1414506687,2427201.655168925,0.018750697875480338,2.806832557017287,0.0,10.813886711387914,3662.7347897897457,0
2023-03-30,fixed_3pct,309.8375549316406,0.00946531857282662,3.0,3.0,2270916.2093914617,0.0,68127.48628174386,2518937.4128318457,2450809.926550102,0.009726538926380979,2.7797947749315646,0.0,10.813886711387914,3697.3878684070073,0
2023-03-31,fixed_3pct,314.9904479980469,0.016630950588101268,3.0,3.0,2270916.2093914617,0.0,68127.48628174386,2560818.92259246,2492691.4363107164,0.017088844510912082,2.733089434550121,0.0,10.813886711387914,3758.8630703356566,0
2023-04-03,fixed_3pct,314.2248840332031,-0.002430435493232741,3.0,3.0,2492691.4363107164,6653.256807577636,74780.74308932149,2561215.5879675685,2486434.844878247,-0.002509974295787476,3.007548870357923,4.657279765304345,11.869959220527221,3424.9667523473754,1
2023-04-04,fixed_3pct,313.16485595703125,-0.003373469543741958,3.0,3.0,2492691.4363107164,0.0,74780.74308932149,2552563.535227382,2477782.7921380606,-0.0034797021759924718,3.018050788253063,0.0,11.869959220527221,3413.3968583041296,0
2023-04-05,fixed_3pct,310.0730895996094,-0.00987264789969311,3.0,3.0,2492691.4363107164,0.0,74780.74308932149,2527351.1042432655,2452570.361153944,-0.010175399984258093,3.0490763597965382,0.0,11.869959220527221,3379.6817199643006,0
2023-04-06,fixed_3pct,312.1637268066406,0.006742401314899116,3.0,3.0,2492691.4363107164,0.0,74780.74308932149,2544379.649692506,2469598.9066031845,0.00694314247572847,3.028052162210374,0.0,11.869959220527221,3402.453017421055,0
2023-04-10,fixed_3pct,311.98699951171875,-0.0005661365486943071,3.0,3.0,2492691.4363107164,0.0,74780.74308932149,2542927.3134198403,2468146.5703305188,-0.000588085890701695,3.0298339648162513,0.0,11.869959220527221,3400.5108913968043,0
2023-04-11,fixed_3pct,309.9847717285156,-0.006417664153752445,3.0,3.0,2492691.4363107164,0.0,74780.74308932149,2526595.789995687,2451815.0469063655,-0.0066169179822923585,3.050015668338353,0.0,11.869959220527221,3378.6716815287687,0
2023-04-12,fixed_3pct,307.2464294433594,-0.008833796156781815,3.0,3.0,2492691.4363107164,0.0,74780.74308932149,2504264.4878570614,2429483.74476774,-0.009108069618384396,3.0780507690316146,0.0,11.869959220527221,3348.8093115975794,0
2023-04-13,fixed_3pct,313.2629699707031,0.019582133267566304,3.0,3.0,2492691.4363107164,0.0,74780.74308932149,2553291.4588362915,2478510.71574697,0.02017999547632998,3.017164404987621,0.0,11.869959220527221,3414.370268809077,0
2023-04-14,fixed_3pct,312.6740417480469,-0.001879980333172937,3.0,3.0,2492691.4363107164,0.0,74780.74308932149,2548479.4511496,2473698.7080602786,-0.0019414915804554234,3.0230335992680337,0.0,11.869959220527221,3407.9354468376723,0
2023-04-17,fixed_3pct,312.93902587890625,0.0008474772302105027,3.0,3.0,2492691.4363107164,0.0,74780.74308932149,2550627.359496888,2475846.6164075662,0.0008682982855952037,3.0204109815909255,0.0,11.869959220527221,3410.807721515021,0
2023-04-18,fixed_3pct,312.9586486816406,6.270487574777661e-05,3.0,3.0,2492691.4363107164,0.0,74780.74308932149,2550775.426309323,2475994.6832200014,5.980451755527305e-05,3.020230358171449,0.0,11.869959220527221,3411.0057227735247,0
2023-04-19,fixed_3pct,312.8115234375,-0.0004701108109982366,3.0,3.0,2492691.4363107164,0.0,74780.74308932149,2549564.4092457653,2474783.666156444,-0.0004891032568707931,3.021708285535218,0.0,11.869959220527221,3409.386299090998,0
2023-04-20,fixed_3pct,310.42645263671875,-0.007624625763691828,3.0,3.0,2492691.4363107164,0.0,74780.74308932149,2530113.0648056176,2455332.321716296,-0.007859816074492487,3.0456465069074308,0.0,11.869959220527221,3383.3751314606975,0
2023-04-21,fixed_3pct,310.7503356933594,0.0010433487671221986,3.0,3.0,2492691.4363107164,0.0,74780.74308932149,2532740.9851932414,2457960.24210392,0.001070291122867939,3.0423902636159825,0.0,11.869959220527221,3386.889298716945,0
2023-04-24,fixed_3pct,310.1025695800781,-0.002084522650107279,3.0,3.0,2492691.4363107164,0.0,74780.74308932149,2527449.5592835303,2452668.816194209,-0.002152771155151667,3.048953963762556,0.0,11.869959220527221,3379.813378244491,0
2023-04-25,fixed_3pct,304.25286865234375,-0.018863761547205704,3.0,3.0,2492691.4363107164,0.0,74780.74308932149,2479760.483515395,2404979.7404260733,-0.01944374856208031,3.109412600543284,0.0,11.869959220527221,3316.0415115873575,0
2023-04-26,fixed_3pct,306.09808349609375,0.006064740989701001,3.0,3.0,2492691.4363107164,0.0,74780.74308932149,2494787.7186051905,2420006.975515869,0.006248383234668475,3.0901044437436216,0.0,11.869959220527221,3336.136571450358,0
2023-04-27,fixed_3pct,314.42120361328125,0.027191023289414806,3.0,3.0,2492691.4363107164,0.0,74780.74308932149,2562611.6796047096,2487830.936515388,0.028026349380691817,3.0058611295373665,0.0,11.869959220527221,3426.8336656454603,0
2023-04-28,fixed_3pct,316.5902099609375,0.006898409912341696,3.0,3.0,2492691.4363107164,0.0,74780.74308932149,2580277.755457557,2505497.0123682353,0.0071009953263108105,2.9846670229567565,0.0,11.869959220527221,3450.4574959566216,0
2023-05-01,fixed_3pct,316.22698974609375,-0.001147288208591668,3.0,3.0,2505497.0123682353,384.1672817255603,75164.91037104705,2577688.960198236,2502524.049827189,-0.0011865759673111986,3.0035639568074295,0.2689170972078922,11.930938154134452,3429.378080108963,1
2023-05-02,fixed_3pct,313.4691162109375,-0.008721183278412203,3.0,3.0,2505497.0123682353,0.0,75164.91037104705,2555196.5314034536,2480031.6210324066,-0.008987897157805902,3.030804516103582,0.0,11.930938154134452,3399.4539723254907,0
2023-05-03,fixed_3pct,311.4177551269531,-0.006544061210176699,3.0,3.0,2505497.0123682353,0.0,75164.91037104705,2538463.237959764,2463298.327588717,-0.006747209713690583,3.0513929039453687,0.0,11.930938154134452,3377.191864433541,0
2023-05-04,fixed_3pct,310.3185729980469,-0.0035296064877808897,3.0,3.0,2505497.0123682353,0.0,75164.91037104705,2529491.530707914,2454326.620336867,-0.0036421521304861315,3.0625471666330353,0.0,11.930938154134452,3365.255833102483,0
2023-05-05,fixed_3pct,316.91412353515625,0.021254127567642778,3.0,3.0,2505497.0123682353,0.0,75164.91037104705,2583241.735444698,2508076.825073651,0.021900184063279537,2.996914194159096,0.0,11.930938154134452,3436.765536861124,0
2023-05-08,fixed_3pct,317.6993103027344,0.0024776010574076857,3.0,3.0,2505497.0123682353,0.0,75164.91037104705,2589630.0469618216,2514465.1365907746,0.0025470956285145174,2.9893001607872374,0.0,11.930938154134452,3445.264597773441,0
2023-05-09,fixed_3pct,315.687255859375,-0.006333203686977096,3.0,3.0,2505497.0123682353,0.0,75164.91037104705,2573217.461462342,2498052.551091295,-0.00652726707586504,3.00894031785723,0.0,11.930938154134452,3423.4291623043373,0
2023-05-10,fixed_3pct,319.12249755859375,0.010881787704312584,3.0,3.0,2505497.0123682353,0.0,75164.91037104705,2601206.7366568516,2526041.8262858046,0.011204438106108716,2.975600387487117,0.0,11.930938154134452,3460.666318653413,0
2023-05-11,fixed_3pct,320.1628723144531,0.003260110972490571,3.0,3.0,2505497.0123682353,0.0,75164.91037104705,2609675.028342589,2534510.117971542,0.003352395672002295,2.9656583273458854,0.0,11.930938154134452,3471.932601875111,0
2023-05-12,fixed_3pct,319.0144958496094,-0.0035868508317099534,3.0,3.0,2505497.0123682353,0.0,75164.91037104705,2600302.5823585317,2525137.6719874847,-0.003697931966260337,2.976665835090341,0.0,11.930938154134452,3459.4634245185616,0
2023-05-15,fixed_3pct,320.74200439453125,0.005415141215828312,3.0,3.0,2505497.0123682353,0.0,75164.91037104705,2614371.6571077323,2539206.7467366853,0.005571607007917034,2.960172914932855,0.0,11.930938154134452,3478.18103447745,0
2023-05-16,fixed_3pct,321.1051025390625,0.0011320567295720618,3.0,3.0,2505497.0123682353,0.0,75164.91037104705,2617319.3431976098,2542154.432826563,0.0011608688790960553,2.9567405268716476,0.0,11.930938154134452,3482.1026597083273,0
2023-05-17,fixed_3pct,324.9918212890625,0.012104194917074373,3.0,3.0,2505497.0123682353,0.0,75164.91037104705,2648987.9557497487,2573823.0453787018,0.012457391314707467,2.920360453917204,0.0,11.930938154134452,3524.234836006827,0
2023-05-18,fixed_3pct,331.02801513671875,0.01857337155044081,3.0,3.0,2505497.0123682353,0.0,75164.91037104705,2698176.6623463775,2623011.7519753305,0.019111145455374956,2.865595638846912,0.0,11.930938154134452,3589.675886031116,0
2023-05-19,fixed_3pct,330.28204345703125,-0.002253500143724718,3.0,3.0,2505497.0123682353,0.0,75164.91037104705,2692084.3899118314,2616919.4795407844,-0.0023226249100707363,2.8722668373517153,0.0,11.930938154134452,3581.5706778901476,0
2023-05-22,fixed_3pct,331.3910827636719,0.0033578552894744096,3.0,3.0,2505497.0123682353,0.0,75164.91037104705,2701112.0887820544,2625947.1784110074,0.003449742699690228,2.8623923203409696,0.0,11.930938154134452,3593.581200919654,0
2023-05-23,fixed_3pct,327.19036865234375,-0.012676002251767904,3.0,3.0,2505497.0123682353,0.0,75164.91037104705,2666860.8549242215,2591695.9445531745,-0.013043382646622304,2.900221012770307,0.0,11.930938154134452,3548.013084509013,0
2023-05-24,fixed_3pct,325.5119323730469,-0.005129846230529811,3.0,3.0,2505497.0123682353,0.0,75164.91037104705,2653168.337882087,2578003.42751104,-0.005283226634247407,2.915624920003143,0.0,11.930938154134452,3529.7964499457016,0
2023-05-25,fixed_3pct,333.43267822265625,0.024333196610844876,3.0,3.0,2505497.0123682353,0.0,75164.91037104705,2717716.4737512865,2642551.5633802395,0.025038033379000568,2.844406573277961,0.0,11.930938154134452,3615.671807942619,0
2023-05-26,fixed_3pct,341.95196533203125,0.025550246468902138,3.0,3.0,2505497.0123682353,0.0,75164.91037104705,2787142.8685500734,2711977.9581790264,0.026272484427883658,2.771590017697525,0.0,11.930938154134452,3708.0372407703417,0
2023-05-30,fixed_3pct,343.5028076171875,0.004535263552734481,3.0,3.0,2505497.0123682353,0.0,75164.91037104705,2799771.3650799184,2724606.4547088714,0.004656563115404078,2.7587437532910983,0.0,11.930938154134452,3724.838293904717,0
2023-05-31,fixed_3pct,341.549560546875,-0.005686262315763302,3.0,3.0,2505497.0123682353,0.0,75164.91037104705,2783839.1997357574,2708674.2893647105,-0.005847510680533574,2.7749704224746843,0.0,11.930938154134452,3703.642013265902,0
2023-06-01,fixed_3pct,345.4952087402344,0.011552198126215663,3.0,3.0,2708674.2893647105,6095.318309894268,81260.22868094132,2822147.1798954415,2740886.9512145002,0.011892408761093654,2.964742075368505,4.266722816925988,12.898448996974814,3472.9746958703117,1
2023-06-02,fixed_3pct,348.08636474609375,0.0074998319522503465,3.0,3.0,2708674.2893647105,0.0,81260.22868094132,2843299.9110401776,2762039.6823592363,0.0077174766859184896,2.9420369736155174,0.0,12.898448996974814,3499.0055494478834,0
2023-06-05,fixed_3pct,348.33172607421875,0.000704886352856704,3.0,3.0,2708674.2893647105,0.0,81260.22868094132,2845291.2158955513,2764030.98721461,0.0007209544700215176,2.939917427005024,0.0,12.898448996974814,3501.4560776923863,0
2023-06-06,fixed_3pct,348.2727966308594,-0.00016917621608436573,3.0,3.0,2708674.2893647105,0.0,81260.22868094132,2844796.961844991,2763536.7331640497,-0.0001788163927417541,2.940443226455841,0.0,12.898448996974814,3500.8478415865034,0
2023-06-07,fixed_3pct,342.3642272949219,-0.01696534840819075,3.0,3.0,2708674.2893647105,0.0,81260.22868094132,2796521.091787731,2715260.8631067895,-0.017468872216504838,2.9927227171817194,0.0,12.898448996974814,3441.4388652140524,0
2023-06-08,fixed_3pct,346.6141052246094,0.012413323562647127,3.0,3.0,2708674.2893647105,0.0,81260.22868094132,2831222.314500862,2749962.0858199205,0.01278006956334421,2.9549581465125185,0.0,12.898448996974814,3484.14268635315,0
2023-06-09,fixed_3pct,347.9391784667969,0.0038229062874657327,3.0,3.0,2708674.2893647105,0.0,81260.22868094132,2842032.913639183,2760772.684958242,0.003931181158484343,2.9433871583733966,0.0,12.898448996974814,3497.4463643193635,0
2023-06-12,fixed_3pct,353.8182678222656,0.01689688807502243,3.0,3.0,2708674.2893647105,0.0,81260.22868094132,2890041.5272374772,2808781.298556536,0.01738955686567878,2.8930778171551434,0.0,12.898448996974814,3556.5264510697893,0
2023-06-13,fixed_3pct,356.5369567871094,0.007683856974308068,3.0,3.0,2708674.2893647105,0.0,81260.22868094132,2912235.294533584,2830975.0658526425,0.00790156474892223,2.8703971879196715,0.0,12.898448996974814,3583.838418629279,0
2023-06-14,fixed_3pct,359.12811279296875,0.007267566395386504,3.0,3.0,2708674.2893647105,0.0,81260.22868094132,2933387.259446597,2852127.030765656,0.007471618230817212,2.8491097277363187,0.0,12.898448996974814,3609.868329271131,0
2023-06-15,fixed_3pct,363.4074401855469,0.011915879710160837,3.0,3.0,2708674.2893647105,0.0,81260.22868094132,2968328.250724484,2887068.022043543,0.012250853801735184,2.814628130009323,0.0,12.898448996974814,3652.8672130363725,0
2023-06-16,fixed_3pct,361.1205749511719,-0.0062928409864349,3.0,3.0,2708674.2893647105,0.0,81260.22868094132,2949636.1345981355,2868375.905917194,-0.006474428722714309,2.8329699922980454,0.0,12.898448996974814,3629.8644275043,0
2023-06-20,fixed_3pct,360.6035461425781,-0.0014317345630712186,3.0,3.0,2708674.2893647105,0.0,81260.22868094132,2945400.1401467505,2864139.911465809,-0.0014767919513779537,2.837159887184211,0.0,12.898448996974814,3624.651552128306,0
2023-06-21,fixed_3pct,355.68939208984375,-0.01362758105210471,3.0,3.0,2708674.2893647105,0.0,81260.22868094132,2905248.562557023,2823988.3338760817,-0.014018720743700919,2.8774987384387356,0.0,12.898448996974814,3575.2404463001676,0
2023-06-22,fixed_3pct,359.8860778808594,0.011798737562450423,3.0,3.0,2708674.2893647105,0.0,81260.22868094132,2939513.9294513226,2858253.7007703814,0.01213367862864656,2.8430026578480194,0.0,12.898448996974814,3617.407897032848,0
2023-06-23,fixed_3pct,356.31842041015625,-0.009913296706865693,3.0,3.0,2708674.2893647105,0.0,81260.22868094132,2910360.7572457097,2829100.5285647684,-0.010199644698353882,2.87229908801316,0.0,12.898448996974814,3581.531586223929,0
2023-06-26,fixed_3pct,351.5418395996094,-0.013405371535517574,3.0,3.0,2708674.2893647105,0.0,81260.22868094132,2871333.3915434433,2790073.162862502,-0.01379497310477873,2.9124766247194613,0.0,12.898448996974814,3533.503951628532,0
2023-06-27,fixed_3pct,357.58624267578125,0.01719397919478438,3.0,3.0,2708674.2893647105,0.0,81260.22868094132,2920690.139689934,2839429.9110089927,0.017690126840922193,2.861850132869294,0.0,12.898448996974814,3594.2430720416487,0
2023-06-28,fixed_3pct,358.2841796875,0.0019518005125034321,3.0,3.0,2708674.2893647105,0.0,81260.22868094132,2926377.8457524474,2845117.617071506,0.0020031154988053856,2.85612897664958,0.0,12.898448996974814,3601.242444495848,0
2023-06-29,fixed_3pct,357.5665588378906,-0.002002937585006692,3.0,3.0,2708674.2893647105,0.0,81260.22868094132,2920503.5951282615,2839243.36644732,-0.0020646776038145687,2.8620381627454634,0.0,12.898448996974814,3594.013507635172,0
2023-06-30,fixed_3pct,363.08038330078125,0.015420414260245208,3.0,3.0,2708674.2893647105,0.0,81260.22868094132,2965526.0719646774,2884265.843283736,0.015857209483508106,2.8173626529663633,0.0,12.898448996974814,3649.4188117639505,0
2023-07-03,fixed_3pct,363.9354248046875,0.0023549647494944814,3.0,3.0,2884265.843283736,5267.746617570767,86527.97529851209,2977772.5025973897,2891244.5272988775,0.002419570315056685,2.9927588096241093,3.687422632299537,13.734599253732078,3441.3985677168557,1
2023-07-05,fixed_3pct,363.9255676269531,-2.7084963602153067e-05,3.0,3.0,2884265.843283736,0.0,86527.97529851209,2977678.1151382877,2891150.1398397754,-3.26459620453301e-05,2.9928565143042825,0.0,13.734599253732078,3441.2894845460355,0
2023-07-06,fixed_3pct,361.1539611816406,-0.007615860746979952,3.0,3.0,2884265.843283736,0.0,86527.97529851209,2954986.798664811,2868458.823366299,-0.007848543097361937,3.0165318948858615,0.0,13.734599253732078,3415.065230025814,0
2023-07-07,fixed_3pct,359.95489501953125,-0.003320096941997308,3.0,3.0,2884265.843283736,0.0,86527.97529851209,2945162.221431668,2858634.2461331557,-0.003425036871058662,3.0268991360317457,0.0,13.734599253732078,3403.7110093830106,0
2023-07-10,fixed_3pct,360.0727844238281,0.000327511601948105,3.0,3.0,2884265.843283736,0.0,86527.97529851209,2946113.0616295524,2859585.08633104,0.0003326204459945803,3.025892662264891,0.0,13.734599253732078,3404.809891212389,0
2023-07-11,fixed_3pct,361.851806640625,0.004940729468470018,3.0,3.0,2884265.843283736,0.0,86527.97529851209,2960655.2746513365,2874127.299352824,0.005085427634692996,3.010582562505003,0.0,13.734599253732078,3421.616262760568,0
2023-07-12,fixed_3pct,366.4219970703125,0.01263000583613616,3.0,3.0,2884265.843283736,0.0,86527.97529851209,2998034.6334497165,2911506.658151204,0.013005463887002078,2.97193121836984,0.0,13.734599253732078,3464.8154231123794,0
2023-07-13,fixed_3pct,372.6434020996094,0.01697879788615153,3.0,3.0,2884265.843283736,0.0,86527.97529851209,3048923.922947488,2962395.9476489755,0.017478678729893726,2.9208781279620184,0.0,13.734599253732078,3523.627950878352,0
2023-07-14,fixed_3pct,372.5647277832031,-0.00021112494133257442,3.0,3.0,2884265.843283736,0.0,86527.97529851209,3048266.4844638743,2961738.509165362,-0.00022192795805542342,2.9215264963717633,0.0,13.734599253732078,3522.8681521180715,0
2023-07-17,fixed_3pct,376.0440368652344,0.00933880430048628,3.0,3.0,2884265.843283736,0.0,86527.97529851209,3076719.91401876,2990191.9387202477,0.00960700259892433,2.8937264587618623,0.0,13.734599253732078,3555.7516553512446,0
2023-07-18,fixed_3pct,379.1202392578125,0.008180431255397247,3.0,3.0,2884265.843283736,0.0,86527.97529851209,3101875.0751682487,3015347.0998697365,0.00841255734247448,2.869585902805356,0.0,13.734599253732078,3584.8233643132385,0
2023-07-19,fixed_3pct,379.0317687988281,-0.0002333572566781683,3.0,3.0,2884265.843283736,0.0,86527.97529851209,3101137.4955108953,3014609.520212383,-0.00024460854187746683,2.8702879997677475,0.0,13.734599253732078,3583.970946751393,0
2023-07-20,fixed_3pct,370.29443359375,-0.02305172263730615,3.0,3.0,2884265.843283736,0.0,86527.97529851209,3029637.1995049743,2943109.224206462,-0.023717929478602517,2.9400191670372773,0.0,13.734599253732078,3501.338369530844,0
2023-07-21,fixed_3pct,369.1837463378906,-0.002999470570162255,3.0,3.0,2884265.843283736,0.0,86527.97529851209,3020536.1572875367,2934008.1819890244,-0.003092322276925241,2.9491388548157698,0.0,13.734599253732078,3490.8203351193833,0
2023-07-24,fixed_3pct,369.77349853515625,0.0015974489752479393,3.0,3.0,2884265.843283736,0.0,86527.97529851209,3025347.5750774415,2938819.5997789293,0.0016398787908775692,2.944310542403525,0.0,13.734599253732078,3496.3808694706213,0
2023-07-25,fixed_3pct,372.2797546386719,0.006777814292922679,3.0,3.0,2884265.843283736,0.0,86527.97529851209,3045839.084513607,2959311.1092150947,0.006972700684896305,2.9239229031739797,0.0,13.734599253732078,3520.0628166853485,0
2023-07-26,fixed_3pct,371.04132080078125,-0.0033266215056272364,3.0,3.0,2884265.843283736,0.0,86527.97529851209,3035692.9961131304,2949165.020814618,-0.003428530501197513,2.933982150466824,0.0,13.734599253732078,3508.337027002331,0
2023-07-27,fixed_3pct,370.15679931640625,-0.0023838894343789496,3.0,3.0,2884265.843283736,0.0,86527.97529851209,3028442.5050544245,2941914.5297559123,-0.002458489439394973,2.941213091792005,0.0,13.734599253732078,3499.957666415547,0
2023-07-28,fixed_3pct,376.8990783691406,0.0182146567756849,3.0,3.0,2884265.843283736,0.0,86527.97529851209,3083590.8112496324,2997062.83595112,0.018745720053187087,2.8870924646814213,0.0,13.734599253732078,3563.6923210228597,0
2023-07-31,fixed_3pct,377.0956726074219,0.0005216097612441573,3.0,3.0,2884265.843283736,0.0,86527.97529851209,3085185.5077172094,2998657.532418697,0.0005320864309041884,2.885557098903495,0.0,13.734599253732078,3565.5353047077037,0
2023-08-01,fixed_3pct,376.22088623046875,-0.002319799564138303,3.0,3.0,2998657.532418697,3431.750674048817,89959.7259725609,3081435.609447079,2991475.883474518,-0.0023949546977398706,3.0072021128271684,2.402225471834172,14.279321582946176,3425.350151007534,1
2023-08-02,fixed_3pct,367.9650573730469,-0.021944100286777957,3.0,3.0,2998657.532418697,0.0,89959.7259725609,3013801.9980845405,2923842.27211198,-0.022608777070929897,3.076763983837619,0.0,14.279321582946176,3350.1680507606216,0
2023-08-03,fixed_3pct,367.3753662109375,-0.001602573805021712,3.0,3.0,2998657.532418697,0.0,89959.7259725609,3008957.878627305,2918998.152654744,-0.0016567649710244048,3.081869917962954,0.0,14.279321582946176,3344.783286184179,0
2023-08-04,fixed_3pct,365.6553955078125,-0.00468178016633114,3.0,3.0,2998657.532418697,0.0,89959.7259725609,2994856.3199882386,2904896.594015678,-0.004830958397915142,3.0968305776489675,0.0,14.279321582946176,3329.107873118373,0
2023-08-07,fixed_3pct,368.7513427734375,0.008466844202655421,3.0,3.0,2998657.532418697,0.0,89959.7259725609,3020199.022537334,2930239.296564773,0.008724132418793662,3.0700470803877344,0.0,14.279321582946176,3357.2790377980264,0
2023-08-08,fixed_3pct,365.6160888671875,-0.008502352513944156,3.0,3.0,2998657.532418697,0.0,89959.7259725609,2994505.946463869,2904546.2204913083,-0.008768251829666562,3.0972041463104723,0.0,14.279321582946176,3328.7183949151195,0
2023-08-09,fixed_3pct,361.59625244140625,-0.010994692378653692,3.0,3.0,2998657.532418697,0.0,89959.7259725609,2961567.9954348663,2871608.2694623056,-0.011340136643937182,3.1327297295116585,0.0,14.279321582946176,3292.1042871319887,0
2023-08-10,fixed_3pct,362.26458740234375,0.0018482906181274128,3.0,3.0,2998657.532418697,0.0,89959.7259725609,2967027.554454192,2877067.8284816314,0.0019012199809369523,3.1267850233491723,0.0,14.279321582946176,3298.173179583918,0
2023-08-11,fixed_3pct,359.95489501953125,-0.006375705666883946,3.0,3.0,2998657.532418697,0.0,89959.7259725609,2948096.3807398747,2858136.654767314,-0.006580023427639636,3.1474956182556877,0.0,14.279321582946176,3277.129125136608,0
2023-08-14,fixed_3pct,363.994384765625,0.011222210899158869,3.0,3.0,2998657.532418697,0.0,89959.7259725609,2981166.2607540013,2891206.5347814406,0.011570433470690311,3.1114942806865704,0.0,14.279321582946176,3313.889886306793,0
2023-08-15,fixed_3pct,360.13177490234375,-0.01061172925996745,3.0,3.0,2998657.532418697,0.0,89959.7259725609,2949516.652194347,2859556.9262217865,-0.010946851488783937,3.1459323347488293,0.0,14.279321582946176,3278.7079110200884,0
2023-08-16,fixed_3pct,356.31842041015625,-0.010588775437050946,3.0,3.0,2998657.532418697,0.0,89959.7259725609,2918270.603394836,2828310.8774222755,-0.010926884690767524,3.1806873385343786,0.0,14.279321582946176,3243.974536210741,0
2023-08-17,fixed_3pct,352.4264221191406,-0.010922809678308387,3.0,3.0,2998657.532418697,0.0,89959.7259725609,2886380.6096825693,2796420.8837100086,-0.011275278812819756,3.2169594532998707,0.0,14.279321582946176,3208.5253467345597,0
2023-08-18,fixed_3pct,351.9841003417969,-0.0012550755266420577,3.0,3.0,2998657.532418697,0.0,89959.7259725609,2882743.7046971996,2792783.978724639,-0.0013005570822889334,3.221148741108225,0.0,14.279321582946176,3204.482532079389,0
2023-08-21,fixed_3pct,357.6550598144531,0.016111408064027444,3.0,3.0,2998657.532418697,0.0,89959.7259725609,2929174.4855459994,2839214.7595734387,0.016625267547546896,3.1684720456326585,0.0,14.279321582946176,3256.095384771895,0
2023-08-22,fixed_3pct,357.1439514160156,-0.0014290540128319984,3.0,3.0,2998657.532418697,0.0,89959.7259725609,2924974.2576715616,2835014.531699001,-0.0014793625104529973,3.173166308909492,0.0,14.279321582946176,3251.42637558025,0
2023-08-23,fixed_3pct,362.7756042480469,0.01576857961531397,3.0,3.0,2998657.532418697,0.0,89959.7259725609,2971082.6678048163,2881122.9418322556,0.016263906099141634,3.122384146347842,0.0,14.279321582946176,3302.6808782310454,0
2023-08-24,fixed_3pct,355.02105712890625,-0.02137560251664128,3.0,3.0,2998657.532418697,0.0,89959.7259725609,2907559.7063321555,2817599.980359595,-0.022047987106118883,3.192778485222726,0.0,14.279321582946176,3232.0682115227937,0
2023-08-25,fixed_3pct,357.77301025390625,0.00775152084570796,3.0,3.0,2998657.532418697,0.0,89959.7259725609,2930083.4366843468,2840123.710711786,0.0079939418331898,3.167458010130671,0.0,14.279321582946176,3257.10578262329,0
2023-08-28,fixed_3pct,360.46600341796875,0.007527099828327888,3.0,3.0,2998657.532418697,0.0,89959.7259725609,2952124.187896017,2862164.4619234563,0.0077604898436436365,3.1430662762161963,0.0,14.279321582946176,3281.606469984646,0
2023-08-29,fixed_3pct,368.3384704589844,0.021839693525514958,3.0,3.0,2998657.532418697,0.0,89959.7259725609,3016583.396087343,2926623.670114782,0.022521140573455112,3.073839895822092,0.0,14.279321582946176,3353.2598765445855,0
2023-08-30,fixed_3pct,370.3926696777344,0.00557693367241896,3.0,3.0,2998657.532418697,0.0,89959.7259725609,3033392.4022830594,2943432.6763104987,0.005743480573659587,3.0562861755453032,0.0,14.279321582946176,3371.944911446585,0
2023-08-31,fixed_3pct,371.5033264160156,0.0029985926537035024,3.0,3.0,2998657.532418697,0.0,89959.7259725609,3042474.0311347623,2952514.3051622016,0.003085386978541882,3.046885355145428,0.0,14.279321582946176,3382.0401276708685,0
2023-09-01,fixed_3pct,371.110107421875,-0.0010584534947079005,3.0,3.0,2952514.3051622016,-1384.2968176948634,88575.42915486604,3037855.8546860074,2949280.4255311415,-0.0010952968544152286,3.003289493535167,0.9690077723864043,14.059591929343815,3429.682343818616,-1
2023-09-05,fixed_3pct,371.58184814453125,0.001271161073821192,3.0,3.0,2952514.3051622016,0.0,88575.42915486604,3041703.399204435,2953127.970049569,0.0013045705946170827,2.9993765950271123,0.0,14.059591929343815,3434.026149493777,0
2023-09-06,fixed_3pct,368.3090515136719,-0.008807740871094372,3.0,3.0,2952514.3051622016,0.0,88575.42915486604,3014898.8042655857,2926323.37511072,-0.00907667910456289,3.0268503442998576,0.0,14.059591929343815,3403.7642640086005,0
2023-09-07,fixed_3pct,365.675048828125,-0.0071516099719017845,3.0,3.0,2952514.3051622016,0.0,88575.42915486604,2993323.364320796,2904747.93516593,-0.007372883027315313,3.0493327177391136,0.0,14.059591929343815,3379.405996540241,0
2023-09-08,fixed_3pct,366.1861267089844,0.0013976285297485624,3.0,3.0,2952514.3051622016,0.0,88575.42915486604,2997492.8588616042,2908917.4297067383,0.0014354066631154794,3.044961959054154,0.0,14.059591929343815,3384.1132777587363,0
2023-09-11,fixed_3pct,370.5007629394531,0.011782631606624738,3.0,3.0,2952514.3051622016,0.0,88575.42915486604,3032797.1533691296,2944221.7242142637,0.012136574983871107,3.0084496838805346,0.0,14.059591929343815,3423.971164809782,0
2023-09-12,fixed_3pct,366.39251708984375,-0.011088360026618171,3.0,3.0,2952514.3051622016,0.0,88575.42915486604,2999154.3470529406,2910578.9178980747,-0.011426723075744993,3.0432237590325273,0.0,14.059591929343815,3385.989066797739,0
2023-09-13,fixed_3pct,367.78814697265625,0.003809111315639324,3.0,3.0,2952514.3051622016,0.0,88575.42915486604,3010564.4002217194,2921988.9710668535,0.003920200582301581,3.0313402970349363,0.0,14.059591929343815,3398.8708030508355,0
2023-09-14,fixed_3pct,370.7956237792969,0.008177198834154353,3.0,3.0,2952514.3051622016,0.0,88575.42915486604,3035168.32433343,2946592.895178564,0.008420265906317725,3.0060287357578237,0.0,14.059591929343815,3426.6481724031114,0
2023-09-15,fixed_3pct,364.44647216796875,-0.017123048936271257,3.0,3.0,2952514.3051622016,0.0,88575.42915486604,2983182.9289941187,2894607.499839253,-0.01764254418191724,3.0600151889257847,0.0,14.059591929343815,3367.957635043795,0
2023-09-18,fixed_3pct,364.826416015625,0.0010425230498078975,3.0,3.0,2952514.3051622016,0.0,88575.42915486604,2986278.906367459,2897703.477212593,0.0010695672465135253,3.0567457937438784,0.0,14.059591929343815,3371.4529354932315,0
2023-09-19,fixed_3pct,364.0487976074219,-0.0021314750633896207,3.0,3.0,2952514.3051622016,0.0,88575.42915486604,2979899.667754281,2891324.238599415,-0.0022014808151848975,3.063490008224495,0.0,14.059591929343815,3364.250894617963,0
2023-09-20,fixed_3pct,358.8027648925781,-0.014410245959666335,3.0,3.0,2952514.3051622016,0.0,88575.42915486604,2936944.521014884,2848369.091860018,-0.014856565087354112,3.1096893098578477,0.0,14.059591929343815,3315.7553387406174,0
2023-09-21,fixed_3pct,352.2279052734375,-0.018324439671218995,3.0,3.0,2952514.3051622016,0.0,88575.42915486604,2883112.5987299,2794537.169575034,-0.018899208827543923,3.1695920927162233,0.0,14.059591929343815,3254.9801070554695,0
2023-09-22,fixed_3pct,352.277099609375,0.00013966620815941688,3.0,3.0,2952514.3051622016,0.0,88575.42915486604,2883501.212542332,2794925.783387466,0.00013906195868940152,3.1691513843173365,0.0,14.059591929343815,3255.418844768783,0
2023-09-25,fixed_3pct,353.9503173828125,0.004749720533332669,3.0,3.0,2952514.3051622016,0.0,88575.42915486604,2897182.977867504,2808607.548712638,0.004895215968343081,3.153713276725534,0.0,14.059591929343815,3270.8653014845063,0
2023-09-26,fixed_3pct,348.6352844238281,-0.015016324885042898,3.0,3.0,2952514.3051622016,0.0,88575.42915486604,2853663.8774285,2765088.448273634,-0.01549490261070885,3.2033488552660065,0.0,14.059591929343815,3221.7330524463277,0
2023-09-27,fixed_3pct,349.4522399902344,0.0023432957101756635,3.0,3.0,2952514.3051622016,0.0,88575.42915486604,2860336.796158832,2771761.367003966,0.0024132749657603814,3.1956369047241755,0.0,14.059591929343815,3229.2666526715834,0
2023-09-28,fixed_3pct,352.37548828125,0.008365229798204421,3.0,3.0,2952514.3051622016,0.0,88575.42915486604,2884250.111167031,2795674.682012165,0.00862747972926936,3.168302439649901,0.0,14.059591929343815,3256.264337284986,0
2023-09-29,fixed_3pct,352.6313781738281,0.0007261852798736701,3.0,3.0,2952514.3051622016,0.0,88575.42915486604,2886330.5515493047,2797755.122394439,0.0007441639743206441,3.1659464563524553,0.0,14.059591929343815,3258.6131154982263,0
2023-10-02,fixed_3pct,355.5743408203125,0.008345719719342837,3.0,3.0,2797755.122394439,-4642.775483032878,83932.65367183316,2905720.9348545875,2821788.2811827543,0.008590158086368538,2.974449012760544,3.2499428381230144,13.322643439973518,3461.967193621228,-1
2023-10-03,fixed_3pct,349.3341064453125,-0.017549731964921156,3.0,3.0,2797755.122394439,0.0,83932.65367183316,2854712.98863959,2770780.3349677566,-0.018076461141733002,3.029206343519465,0.0,13.322643439973518,3401.1947242859533,0
2023-10-04,fixed_3pct,354.088134765625,0.013608829577757664,3.0,3.0,2797755.122394439,0.0,83932.65367183316,2893548.9685519575,2809616.3148801243,0.014016260842568684,2.98733507587189,0.0,13.322643439973518,3447.4651306336564,0
2023-10-05,fixed_3pct,353.0447998046875,-0.0029465403059272255,3.0,3.0,2797755.122394439,0.0,83932.65367183316,2885009.6872455054,2801077.033573672,-0.0030393051397185067,2.9964421779843073,0.0,13.322643439973518,3437.291162657093,0
2023-10-06,fixed_3pct,358.960205078125,0.016755395566540043,3.0,3.0,2797755.122394439,0.0,83932.65367183316,2933335.843125164,2849403.189453331,0.017252705048958594,2.9456222265244243,0.0,13.322643439973518,3494.868462748912,0
2023-10-09,fixed_3pct,360.7908935546875,0.005099976127337147,3.0,3.0,2797755.122394439,0.0,83932.65367183316,2948282.463255125,2864349.809583292,0.00524552656685584,2.9302515143582886,0.0,13.322643439973518,3512.6763354612426,0
2023-10-10,fixed_3pct,362.7890319824219,0.0055382174645477455,3.0,3.0,2797755.122394439,0.0,83932.65367183316,2964597.3700401047,2880664.7163682715,0.005695849972791267,2.9136557682300923,0.0,13.322643439973518,3532.114427873725,0
2023-10-11,fixed_3pct,365.37762451171875,0.0071352557577382125,3.0,3.0,2797755.122394439,0.0,83932.65367183316,2985737.207850619,2901804.554178786,0.00733852769827581,2.892429593542567,0.0,13.322643439973518,3557.301094666328,0
2023-10-12,fixed_3pct,364.10791015625,-0.003475074198004191,3.0,3.0,2797755.122394439,0.0,83932.65367183316,2975348.226874157,2891415.5732023236,-0.003580179430589636,2.9028222179378873,0.0,13.322643439973518,3544.9233364018482,0
2023-10-13,fixed_3pct,359.53106689453125,-0.012570018761071888,3.0,3.0,2797755.122394439,0.0,83932.65367183316,2937934.7211981867,2854002.0675263535,-0.012939511712781404,2.9408757136808954,0.0,13.322643439973518,3500.347710540843,0
2023-10-16,fixed_3pct,363.5960998535156,0.011306485957100598,3.0,3.0,2797755.122394439,0.0,83932.65367183316,2971139.1162228524,2887206.462551019,0.011634327599995276,2.9070540940003875,0.0,13.322643439973518,3539.9084697591693,0
2023-10-17,fixed_3pct,362.4051513671875,-0.0032754710152499422,3.0,3.0,2797755.122394439,0.0,83932.65367183316,2961393.913521949,2877461.259850116,-0.0033753051010743107,2.9168995198289873,0.0,13.322643439973518,3528.297729153962,0
2023-10-18,fixed_3pct,357.6511535644531,-0.01311790901646881,3.0,3.0,2797755.122394439,0.0,83932.65367183316,2922533.294959004,2838600.641287171,-0.013505175240819511,2.9568320548879212,0.0,13.322643439973518,3481.997967544034,0
2023-10-19,fixed_3pct,354.3046569824219,-0.009356873446874414,3.0,3.0,2797755.122394439,0.0,83932.65367183316,2895174.198130356,2811241.544458523,-0.009638233864500911,2.9856080434383148,0.0,13.322643439973518,3449.401480203578,0
2023-10-20,fixed_3pct,349.0191650390625,-0.014917929638225469,3.0,3.0,2797755.122394439,0.0,83932.65367183316,2851970.870508802,2768038.216836969,-0.015368059605805007,3.0322071841819733,0.0,13.322643439973518,3397.9276786120377,0
2023-10-23,fixed_3pct,350.07232666015625,0.003017489371897053,3.0,3.0,2797755.122394439,0.0,83932.65367183316,2860563.3396560824,2776630.685984249,0.003104172874137223,3.022823816487537,0.0,13.322643439973518,3408.1650162528517,0
2023-10-24,fixed_3pct,353.4778747558594,0.009728127122168084,3.0,3.0,2797755.122394439,0.0,83932.65367183316,2888377.9408218306,2804445.2871499974,0.010017393132673247,2.992843328283622,0.0,13.322643439973518,3441.3042057684124,0
2023-10-25,fixed_3pct,344.82623291015625,-0.024475766274420052,3.0,3.0,2797755.122394439,0.0,83932.65367183316,2817669.354786645,2733736.701114812,-0.025213038157375744,3.070253753318877,0.0,13.322643439973518,3357.0597753329735,0
2023-10-26,fixed_3pct,338.2513732910156,-0.019067167725762002,3.0,3.0,2797755.122394439,0.0,83932.65367183316,2763931.057959749,2679998.4042879157,-0.019657451577169804,3.1318173002470253,0.0,13.322643439973518,3293.0342805154182,0
2023-10-27,fixed_3pct,339.8753356933594,0.004801051911610621,3.0,3.0,2797755.122394439,0.0,83932.65367183316,2777187.5118056866,2693254.8581338534,0.004946440947400488,3.116402200792457,0.0,13.322643439973518,3308.8284360270127,0
2023-10-30,fixed_3pct,343.7041320800781,0.01126529637376561,3.0,3.0,2797755.122394439,0.0,83932.65367183316,2808460.0295682587,2724527.3758964255,0.011611421647723441,3.0806316873295354,0.0,13.322643439973518,3346.087495992928,0
2023-10-31,fixed_3pct,345.3478698730469,0.004782420807748045,3.0,3.0,2797755.122394439,0.0,83932.65367183316,2821877.944607955,2737945.2909361217,0.004924859687005956,3.0655343607372094,0.0,13.322643439973518,3362.0740214424377,0
2023-11-01,fixed_3pct,351.3420104980469,0.017356819450496497,3.0,3.0,2737945.2909361217,-1794.2949437495117,82138.35872808365,2869017.0167652676,2786878.658037184,0.01787229542644786,2.9473245450138905,1.2560064606246581,13.037834718743436,3492.9076514214935,-1
2023-11-02,fixed_3pct,357.72003173828125,0.018153312298728963,3.0,3.0,2737945.2909361217,0.0,82138.35872808365,2921086.1408262565,2838947.7820981727,0.018683671034913862,2.893267683401274,0.0,13.037834718743436,3556.2996218324943,0
2023-11-03,fixed_3pct,361.9228210449219,0.011748822916675561,3.0,3.0,2737945.2909361217,0.0,82138.35872808365,2955392.4267844604,2873254.0680563767,0.012084155324917356,2.8587224374364655,0.0,13.037834718743436,3598.0660833121715,0
2023-11-06,fixed_3pct,363.3992004394531,0.004079265823218048,3.0,3.0,2737945.2909361217,0.0,82138.35872808365,2967435.220270521,2885296.861542437,0.004191343055926389,2.8467905615844913,0.0,13.037834718743436,3612.7276782996337,0
2023-11-07,fixed_3pct,366.8343200683594,0.00945274404773655,3.0,3.0,2737945.2909361217,0.0,82138.35872808365,2995472.588051258,2913334.2293231743,0.009717325157921008,2.8193935972518345,0.0,13.037834718743436,3646.8619953409006,0
2023-11-08,fixed_3pct,367.0705261230469,0.0006439039145613723,3.0,3.0,2737945.2909361217,0.0,82138.35872808365,2997388.346741947,2915249.988013863,0.0006575828723687227,2.817540830659393,0.0,13.037834718743436,3649.1943510396927,0
2023-11-09,fixed_3pct,364.2457275390625,-0.007695520023957125,3.0,3.0,2737945.2909361217,0.0,82138.35872808365,2974308.8468652996,2892170.488137216,-0.007916816729796494,2.8400247864014125,0.0,13.037834718743436,3621.096029824082,0
2023-11-10,fixed_3pct,372.4347839355469,0.02248223047614517,3.0,3.0,2737945.2909361217,0.0,82138.35872808365,3041164.906033044,2959026.5473049604,0.023116223418352178,2.7758574455134277,0.0,13.037834718743436,3702.4904723269688,0
2023-11-13,fixed_3pct,371.2732849121094,-0.003118664189106779,3.0,3.0,2737945.2909361217,0.0,82138.35872808365,3031667.4961127117,2949529.137384628,-0.0032096399841301526,2.784795636937373,0.0,13.037834718743436,3690.92777486454,0
2023-11-14,fixed_3pct,379.2655334472656,0.021526592027886426,3.0,3.0,2737945.2909361217,0.0,82138.35872808365,3096915.9276310154,3014777.5689029316,0.022121643312925432,2.724524673904004,0.0,13.037834718743436,3770.3649982625707,0
2023-11-15,fixed_3pct,379.5509948730469,0.0007526690421526538,3.0,3.0,2737945.2909361217,0.0,82138.35872808365,3099233.842541174,3017095.4838130902,0.000768851053579489,2.7224315295542083,0.0,13.037834718743436,3773.1869622585064,0
2023-11-16,fixed_3pct,379.875732421875,0.0008555834478494173,3.0,3.0,2737945.2909361217,0.0,82138.35872808365,3101872.457883148,3019734.099155064,0.0008745548015069993,2.7200526944099597,0.0,13.037834718743436,3776.3993655531826,0
2023-11-17,fixed_3pct,379.9643249511719,0.00023321450078439554,3.0,3.0,2737945.2909361217,0.0,82138.35872808365,3102582.8216851912,3020444.4629571075,0.00023524051413725822,2.7194129783027923,0.0,13.037834718743436,3777.2642036301095,0
2023-11-20,fixed_3pct,384.59033203125,0.012174845837625847,3.0,3.0,2737945.2909361217,0.0,82138.35872808365,3140343.251402956,3058204.892674872,0.012501613646885623,2.685835698086304,0.0,13.037834718743436,3823.235939981416,0
2023-11-21,fixed_3pct,382.35614013671875,-0.005809277323044371,3.0,3.0,2737945.2909361217,0.0,82138.35872808365,3122087.0887312866,3039948.730003203,-0.005969568198454289,2.7019652639996043,0.0,13.037834718743436,3801.00982911876,0
2023-11-22,fixed_3pct,383.9210510253906,0.004092809620141802,3.0,3.0,2737945.2909361217,0.0,82138.35872808365,3134852.1589682475,3052713.8002401637,0.004199107080647302,2.6906668657121293,0.0,13.037834718743436,3816.550765697757,0
2023-11-24,fixed_3pct,383.3797302246094,-0.0014099794719134584,3.0,3.0,2737945.2909361217,0.0,82138.35872808365,3130419.0439418997,3048280.685213816,-0.00145218822216453,2.6945799029108177,0.0,13.037834718743436,3811.1536344487345,0
2023-11-27,fixed_3pct,383.04510498046875,-0.0008728297762236048,3.0,3.0,2737945.2909361217,0.0,82138.35872808365,3127673.683153571,3045535.3244254873,-0.0009006259829172913,2.697008899201598,0.0,13.037834718743436,3807.811273058952,0
2023-11-28,fixed_3pct,384.04901123046875,0.0026208564916949673,3.0,3.0,2737945.2909361217,0.0,82138.35872808365,3135857.829195249,3053719.470467165,0.002687260258004587,2.6897807582671613,0.0,13.037834718743436,3817.775126937225,0
2023-11-29,fixed_3pct,383.6750183105469,-0.0009738156042210511,3.0,3.0,2737945.2909361217,0.0,82138.35872808365,3132791.044073841,3050652.6853457573,-0.001004278602231512,2.6924847631015782,0.0,13.037834718743436,3814.0414449293335,0
2023-11-30,fixed_3pct,382.71038818359375,-0.002514185393671764,3.0,3.0,2737945.2909361217,0.0,82138.35872808365,3124901.588754686,3042763.2300266023,-0.002586153237650768,2.6994659958266136,0.0,13.037834718743436,3804.4363646217603,0
2023-12-01,fixed_3pct,383.8029479980469,0.0028547952921753605,3.0,3.0,3042763.2300266023,9144.538172714412,91282.89690079806,3142972.278256529,3051689.381355731,0.002933567502408252,2.991225039431933,6.4011767209000885,14.48934871441239,3443.111891674694,1
2023-12-04,fixed_3pct,380.23992919921875,-0.009283458653491783,3.0,3.0,3042763.2300266023,0.0,91282.89690079806,3113780.1357135493,3022497.238812751,-0.009565895769513388,3.020115146131758,0.0,14.48934871441239,3411.1320317731133,0
2023-12-05,fixed_3pct,381.1946716308594,0.002510894722843382,3.0,3.0,3042763.2300266023,0.0,91282.89690079806,3121584.0204756926,3030301.1235748944,0.0025819328011060794,3.0123374931501914,0.0,14.48934871441239,3419.681152174742,0
2023-12-06,fixed_3pct,378.9898986816406,-0.0057838503874834135,3.0,3.0,3042763.2300266023,0.0,91282.89690079806,3103514.756180588,3012231.85927979,-0.005962860969337513,3.0304073911037963,0.0,14.48934871441239,3399.886355001793,0
2023-12-07,fixed_3pct,384.2852783203125,0.013972350337284611,3.0,3.0,3042763.2300266023,0.0,91282.89690079806,3146863.6622821614,3055580.765381363,0.01439095930415446,2.9874156145699247,0.0,14.48934871441239,3447.3748852449594,0
2023-12-08,fixed_3pct,385.9979248046875,0.004456705944762884,3.0,3.0,3042763.2300266023,0.0,91282.89690079806,3160873.8189244983,3069590.9220237,0.00458510434450532,2.973780520585384,0.0,14.48934871441239,3462.722948373984,0
2023-12-11,fixed_3pct,389.29510498046875,0.008541963476745629,3.0,3.0,3042763.2300266023,0.0,91282.89690079806,3187859.3982916386,3096576.5013908404,0.008791262436152136,2.9478650651711,0.0,14.48934871441239,3492.28552831321,0
2023-12-12,fixed_3pct,392.39556884765625,0.00796430221577804,3.0,3.0,3042763.2300266023,0.0,91282.89690079806,3213233.984612327,3121951.087711529,0.008194399947584419,2.923905414793375,0.0,14.48934871441239,3520.0832726686117,0
2023-12-13,fixed_3pct,397.38580322265625,0.012717356594150075,3.0,3.0,3042763.2300266023,0.0,91282.89690079806,3254083.3376663695,3162800.4407655713,0.013084558952519032,2.886141525853038,0.0,14.48934871441239,3564.8335538723686,0
2023-12-14,fixed_3pct,397.0412902832031,-0.0008669482821460628,3.0,3.0,3042763.2300266023,0.0,91282.89690079806,3251247.7263581054,3159964.8294573072,-0.0008965508135497791,2.8887314203580865,0.0,14.48934871441239,3561.7271545308295,0
2023-12-15,fixed_3pct,398.9606018066406,0.004834035074962717,3.0,3.0,3042763.2300266023,0.0,91282.89690079806,3266949.882555999,3175666.9856552007,0.004969092077075521,2.8744480234587524,0.0,14.48934871441239,3578.928795507405,0
2023-12-18,fixed_3pct,401.4734802246094,0.0062985628319927045,3.0,3.0,3042763.2300266023,0.0,91282.89690079806,3287512.4823115347,3196229.5854107365,0.006475049130912902,2.8559555708219757,0.0,14.48934871441239,3601.455030381264,0
2023-12-19,fixed_3pct,403.5248718261719,0.0051096565591699505,3.0,3.0,3042763.2300266023,0.0,91282.89690079806,3304296.0526814167,3213013.1557806185,0.005251052817510704,2.841037134770785,0.0,14.48934871441239,3619.8413556839346,0
2023-12-20,fixed_3pct,397.528564453125,-0.01485982102146588,3.0,3.0,3042763.2300266023,0.0,91282.89690079806,3255180.3153879205,3163897.4184871223,-0.015286503637599758,2.8851408508827925,0.0,14.48934871441239,3566.035287996498,0
2023-12-21,fixed_3pct,402.1539611816406,0.011635382063371225,3.0,3.0,3042763.2300266023,0.0,91282.89690079806,3293041.09269391,3201758.195793112,0.011966499635785777,2.8510240723592886,0.0,14.48934871441239,3607.5115980079286,0
2023-12-22,fixed_3pct,402.755615234375,0.0014960788921898338,3.0,3.0,3042763.2300266023,0.0,91282.89690079806,3297953.252615089,3206670.355714291,0.001534207026512302,2.8466567116302373,0.0,14.48934871441239,3612.8928469471653,0
2023-12-26,fixed_3pct,405.2211608886719,0.00612169156937048,3.0,3.0,3042763.2300266023,0.0,91282.89690079806,3318127.8158890866,3226844.9189882884,0.006291436610578405,2.8288591237727645,0.0,14.48934871441239,3634.9939896134883,0
2023-12-27,fixed_3pct,406.046142578125,0.002035880080013319,3.0,3.0,3042763.2300266023,0.0,91282.89690079806,3324868.636863679,3233585.739962881,0.0020889820068286102,2.822962006934318,0.0,14.48934871441239,3642.3785284520377,0
2023-12-28,fixed_3pct,405.8487548828125,-0.00048612134093728443,3.0,3.0,3042763.2300266023,0.0,91282.89690079806,3323237.8579147724,3231954.961013974,-0.000504325253773974,2.8243864163304897,0.0,14.48934871441239,3640.5920175017127,0
2023-12-29,fixed_3pct,404.0923156738281,-0.004327817167978143,3.0,3.0,3042763.2300266023,0.0,91282.89690079806,3308841.0027113,3217558.1058105016,-0.004454534601235793,2.837024038072622,0.0,14.48934871441239,3624.8203278508913,0
2024-01-02,fixed_3pct,397.25421142578125,-0.016922133836285047,3.0,3.0,3217558.1058105016,5243.846273516989,96526.74317431505,3257984.5313437814,3161457.7881694664,-0.017435681282561788,3.053235236463668,3.670692391461892,15.321705265764294,3375.2143957247936,1
2024-01-03,fixed_3pct,393.0506591796875,-0.010581517137368546,3.0,3.0,3217558.1058105016,0.0,96526.74317431505,3223494.7904868196,3126968.0473125046,-0.01090944215229639,3.0869117213166173,0.0,15.321705265764294,3339.483633738266,0
2024-01-04,fixed_3pct,391.0278015136719,-0.005146557113623551,3.0,3.0,3217558.1058105016,0.0,96526.74317431505,3206889.568736845,3110362.82556253,-0.005310326648283459,3.1033917452012223,0.0,15.321705265764294,3322.2809174713475,0
2024-01-05,fixed_3pct,391.49163818359375,0.0011861987002621532,3.0,3.0,3217558.1058105016,0.0,96526.74317431505,3210678.255269899,3114151.512095584,0.0012180850741645433,3.099616149034444,0.0,15.321705265764294,3326.205929761684,0
2024-01-08,fixed_3pct,399.5829162597656,0.0206678183823108,3.0,3.0,3217558.1058105016,0.0,96526.74317431505,3277020.648628586,3180493.905454271,0.021303521392908698,3.034960796773736,0.0,15.321705265764294,3394.935476804291,0
2024-01-09,fixed_3pct,400.3723449707031,0.0019756317870813778,3.0,3.0,3217558.1058105016,0.0,96526.74317431505,3283479.5130836726,3186952.7699093577,0.0020307740392178086,3.0288099681207528,0.0,15.321705265764294,3401.6267462314822,0
2024-01-10,fixed_3pct,403.08587646484375,0.006777519796826059,3.0,3.0,3217558.1058105016,0.0,96526.74317431505,3305718.0387808043,3209191.2956064893,0.0069779903571536295,3.0078214192611084,0.0,15.321705265764294,3424.665465829606,0
2024-01-11,fixed_3pct,403.9245910644531,0.002080734276688423,3.0,3.0,3217558.1058105016,0.0,96526.74317431505,3312581.037907897,3216054.294733582,0.0021385447282273873,3.001402785157622,0.0,15.321705265764294,3431.7754116346764,0
2024-01-12,fixed_3pct,404.13177490234375,0.0005129270227015592,3.0,3.0,3217558.1058105016,0.0,96526.74317431505,3314264.8285318627,3217738.0853575477,0.0005235578972415666,2.9998321993192687,0.0,15.321705265764294,3433.5197889632727,0
2024-01-16,fixed_3pct,404.0923156738281,-9.763951009578165e-05,3.0,3.0,3217558.1058105016,0.0,96526.74317431505,3313925.9036324113,3217399.1604580963,-0.00010533016997060773,3.0001482054396846,0.0,15.321705265764294,3433.1686687573015,0
2024-01-17,fixed_3pct,401.81292724609375,-0.005640761626296897,3.0,3.0,3217558.1058105016,0.0,96526.74317431505,3295217.5158575443,3198690.7726832293,-0.00581475497501005,3.0176953645739055,0.0,15.321705265764294,3413.7871096580975,0
2024-01-18,fixed_3pct,407.5163269042969,0.014194166666793295,3.0,3.0,3217558.1058105016,0.0,96526.74317431505,3341975.0607756968,3245448.317601382,0.014617713383694664,2.9742190824858126,0.0,15.321705265764294,3462.227099841661,0
2024-01-19,fixed_3pct,415.5977783203125,0.019830988067168986,3.0,3.0,3217558.1058105016,0.0,96526.74317431505,3408234.40662145,3311707.663447135,0.02041608411583762,2.9147120755773774,0.0,15.321705265764294,3530.8706111285774,0
2024-01-22,fixed_3pct,416.14056396484375,0.0013060359627643514,3.0,3.0,3217558.1058105016,0.0,96526.74317431505,3412670.361620763,3316143.618446448,0.0013394766235783617,2.910813109461648,0.0,15.321705265764294,3535.466182110706,0
2024-01-23,fixed_3pct,417.8673400878906,0.004149502049487275,3.0,3.0,3217558.1058105016,0.0,96526.74317431505,3426815.9225752666,3330289.1794009516,0.004265665960851983,2.898449292973356,0.0,15.321705265764294,3550.1207332633935,0
2024-01-24,fixed_3pct,420.1861877441406,0.005549243584727748,3.0,3.0,3217558.1058105016,0.0,96526.74317431505,3445816.8371443944,3349290.0939700794,0.005705484883011147,2.882006051016534,0.0,15.321705265764294,3569.805344951592,0
2024-01-25,fixed_3pct,420.6993103027344,0.0012211790238716436,3.0,3.0,3217558.1058105016,0.0,96526.74317431505,3450009.474680753,3353482.731506438,0.0012517988644540345,2.878402869572962,0.0,15.321705265764294,3574.1488433422783,0
2024-01-26,fixed_3pct,418.19293212890625,-0.0059576474513935995,3.0,3.0,3217558.1058105016,0.0,96526.74317431505,3429440.2128213714,3332913.4696470564,-0.006133701440037442,2.8961670938470805,0.0,15.321705265764294,3552.8394515789655,0
2024-01-29,fixed_3pct,422.47540283203125,0.010240418653955086,3.0,3.0,3217558.1058105016,0.0,96526.74317431505,3464543.7946441052,3368017.0514697903,0.010532401198657837,2.865981427623448,0.0,15.321705265764294,3589.2061419575493,0
2024-01-30,fixed_3pct,419.6632080078125,-0.006656469951546118,3.0,3.0,3217558.1058105016,0.0,96526.74317431505,3441466.841273975,3344940.09809966,-0.0068517923209621134,2.885754014822394,0.0,15.321705265764294,3565.298826107831,0
2024-01-31,fixed_3pct,411.44366455078125,-0.01958604733555347,3.0,3.0,3217558.1058105016,0.0,96526.74317431505,3374046.787111779,3277520.0439374642,-0.02015583304481261,2.9451152664302915,0.0,15.321705265764294,3495.4528415184163,0
2024-02-01,fixed_3pct,416.28857421875,0.011775390133321073,3.0,3.0,3277520.0439374642,1798.8581438088877,98325.60131812394,3415580.6634917613,3317255.0621736376,0.012123501215399957,2.964065152520889,1.2592007006662214,15.607238304464117,3473.745004051332,1
2024-02-02,fixed_3pct,423.3240051269531,0.01690036994507116,3.0,3.0,3277520.0439374642,0.0,98325.60131812394,3473289.6330436994,3374964.0317255757,0.01739660305593871,2.9133821988571333,0.0,15.607238304464117,3532.4367066987697,0
2024-02-05,fixed_3pct,422.7714538574219,-0.0013052679811189627,3.0,3.0,3277520.0439374642,0.0,98325.60131812394,3468740.4520582305,3370414.850740107,-0.0013479198423169692,2.9173145049646543,0.0,15.607238304464117,3527.8100571543137,0
2024-02-06,fixed_3pct,421.9228515625,-0.0020072365037400175,3.0,3.0,3277520.0439374642,0.0,98325.60131812394,3461762.262362555,3363436.6610444314,-0.002070424563356932,2.923367116049433,0.0,15.607238304464117,3520.7130350134594,0
2024-02-07,fixed_3pct,426.2644958496094,0.010290137808443012,3.0,3.0,3277520.0439374642,0.0,98325.60131812394,3497368.665864029,3399043.064545905,0.010586316048067701,2.892743617864687,0.0,15.607238304464117,3556.925784311856,0
2024-02-08,fixed_3pct,427.053955078125,0.0018520407779731851,3.0,3.0,3277520.0439374642,0.0,98325.60131812394,3503830.3280105107,3405504.726692387,0.0019010239128420814,2.8872548773004687,0.0,15.607238304464117,3563.497482892754,0
2024-02-09,fixed_3pct,431.2574462890625,0.009842997965370692,3.0,3.0,3277520.0439374642,0.0,98325.60131812394,3538302.915561818,3439977.3142436943,0.010122607459948751,2.8583212136601426,0.0,15.607238304464117,3598.5571083505974,0
2024-02-12,fixed_3pct,429.5701599121094,-0.003912480564618903,3.0,3.0,3277520.0439374642,0.0,98325.60131812394,3524443.7669346435,3426118.1656165197,-0.004028848844377264,2.8698835406463727,0.0,15.607238304464117,3584.4619505876317,0
2024-02-13,fixed_3pct,422.8701477050781,-0.015597014951881372,3.0,3.0,3277520.0439374642,0.0,98325.60131812394,3469457.3575663944,3371131.7562482706,-0.016049186487516964,2.9166941083178073,0.0,15.607238304464117,3528.5391709339933,0
2024-02-14,fixed_3pct,427.4782409667969,0.01089718270898743,3.0,3.0,3277520.0439374642,0.0,98325.60131812394,3507249.061054532,3408923.459736408,0.01121039052184547,2.884359314002517,0.0,15.607238304464117,3566.9744339596077,0
2024-02-15,fixed_3pct,428.75115966796875,0.002977739167011162,3.0,3.0,3277520.0439374642,0.0,98325.60131812394,3517677.126713793,3419351.525395669,0.0030590495159041886,2.875562824934948,0.0,15.607238304464117,3577.5800804234636,0
2024-02-16,fixed_3pct,424.86334228515625,-0.009067771118854262,3.0,3.0,3277520.0439374642,0.0,98325.60131812394,3485764.028420419,3387438.427102295,-0.009333084959634586,2.9026535370041917,0.0,15.607238304464117,3545.123530078939,0
2024-02-20,fixed_3pct,421.6564025878906,-0.007548167559048191,3.0,3.0,3277520.0439374642,0.0,98325.60131812394,3459437.2902242946,3361111.688906171,-0.0077718720982464795,2.9253892883911483,0.0,15.607238304464117,3518.3484706405056,0
2024-02-21,fixed_3pct,419.9690856933594,-0.00400163944902876,3.0,3.0,3277520.0439374642,0.0,98325.60131812394,3445578.2622539876,3347252.660935864,-0.00412334645589163,2.937501625307034,0.0,15.607238304464117,3504.253435589088,0
2024-02-22,fixed_3pct,432.26397705078125,0.029275705703726507,3.0,3.0,3277520.0439374642,0.0,98325.60131812394,3546434.3902005884,3448108.7888824646,0.03013101733360113,2.8515806007962805,0.0,15.607238304464117,3606.8270548647934,0
2024-02-23,fixed_3pct,430.99102783203125,-0.0029448422406951336,3.0,3.0,3277520.0439374642,0.0,98325.60131812394,3535975.0931661674,3437649.4918480436,-0.003033343109168807,2.860256740871657,0.0,15.607238304464117,3596.1896451828725,0
2024-02-26,fixed_3pct,430.76409912109375,-0.0005265276914904193,3.0,3.0,3277520.0439374642,0.0,98325.60131812394,3534097.6971248905,3435772.0958067668,-0.0005461278253436896,2.8618196602192185,0.0,15.607238304464117,3594.28027873496,0
2024-02-27,fixed_3pct,431.8001708984375,0.002405195278477601,3.0,3.0,3277520.0439374642,0.0,98325.60131812394,3542582.2849813895,3444256.683663266,0.0024694850589346284,2.85476984873108,0.0,15.607238304464117,3602.9093516750254,0
2024-02-28,fixed_3pct,429.50103759765625,-0.005324530780053904,3.0,3.0,3277520.0439374642,0.0,98325.60131812394,3523704.089325828,3425378.4880077043,-0.005481065260061535,2.8705032644527657,0.0,15.607238304464117,3583.7096769184145,0
2024-02-29,fixed_3pct,433.1816711425781,0.008569556817624724,3.0,3.0,3277520.0439374642,0.0,98325.60131812394,3553885.064489498,3455559.463171374,0.008810989871435693,2.845432190244663,0.0,15.607238304464117,3614.4046075967653,0
2024-03-01,fixed_3pct,439.7039794921875,0.015056750513949169,3.0,3.0,3455559.463171374,5341.182577017287,103666.78389514123,3612796.378523831,3509129.5946286893,0.015502592858914532,2.9542022059778184,3.738827803912101,16.455045062720828,3485.008642863049,1
2024-03-04,fixed_3pct,438.1351013183594,-0.003568032692449208,3.0,3.0,3455559.463171374,0.0,103666.78389514123,3599889.347889033,3496222.5639938917,-0.0036781288028102654,2.9651082560578756,0.0,16.455045062720828,3472.5581450759723,0
2024-03-05,fixed_3pct,430.2707214355469,-0.017949668627663895,3.0,3.0,3455559.463171374,0.0,103666.78389514123,3535256.0719531053,3431589.288057964,-0.01848660225511911,3.020955458041113,0.0,16.455045062720828,3410.2110040656908,0
2024-03-06,fixed_3pct,432.9744567871094,0.006283800446708954,3.0,3.0,3455559.463171374,0.0,103666.78389514123,3557454.460592212,3453787.6766970707,0.006468836091882535,3.001538994263826,0.0,16.455045062720828,3431.6242164805376,0
2024-03-07,fixed_3pct,439.5461730957031,0.015178069296187147,3.0,3.0,3455559.463171374,0.0,103666.78389514123,3611433.2958680484,3507766.511972907,0.01562888061707879,2.955350179132502,0.0,16.455045062720828,3483.6937736208806,0
2024-03-08,fixed_3pct,433.20135498046875,-0.014434929715229083,3.0,3.0,3455559.463171374,0.0,103666.78389514123,3559286.0550258923,3455619.271130751,-0.014866223468456119,2.9999480776485914,0.0,16.455045062720828,3433.3910258334085,0
2024-03-11,fixed_3pct,431.5929870605469,-0.003712749051753006,3.0,3.0,3455559.463171374,0.0,103666.78389514123,3546054.864055115,3442388.0801599734,-0.003828891417904434,3.0114787026082097,0.0,16.455045062720828,3420.6278335420757,0
2024-03-12,fixed_3pct,437.7798767089844,0.014335009682558963,3.0,3.0,3455559.463171374,0.0,103666.78389514123,3596871.1398211676,3493204.355926026,0.01476192532124121,2.967670177076137,0.0,16.455045062720828,3469.646693640459,0
2024-03-13,fixed_3pct,434.4150695800781,-0.007686070803896272,3.0,3.0,3455559.463171374,0.0,103666.78389514123,3569208.8785229484,3465542.094627807,-0.007918878622515058,2.9913583810118127,0.0,16.455045062720828,3442.962870472761,0
2024-03-14,fixed_3pct,433.31976318359375,-0.0025213360980850252,3.0,3.0,3455559.463171374,0.0,103666.78389514123,3560193.24829086,3456526.4643957186,-0.0026015064846749425,2.9991607170658416,0.0,16.455045062720828,3434.2661308871984,0
2024-03-15,fixed_3pct,428.1689453125,-0.011886875025617916,3.0,3.0,3455559.463171374,0.0,103666.78389514123,3517857.2210363154,3414190.437141174,-0.012248142084439695,3.036350367788658,0.0,16.455045062720828,3393.4275655687575,0
2024-03-18,fixed_3pct,432.2525634765625,0.009537399217689702,3.0,3.0,3455559.463171374,0.0,103666.78389514123,3551391.974699109,3447725.1908039674,0.009822168470155157,3.00681690558311,0.0,16.455045062720828,3425.7761659620264,0
2024-03-19,fixed_3pct,433.3296203613281,0.002491730473737297,3.0,3.0,3455559.463171374,0.0,103666.78389514123,3560224.63126159,3456557.8473664485,0.0025618795216162393,2.999133486920375,0.0,16.455045062720828,3434.2964038150844,0
2024-03-20,fixed_3pct,438.4674377441406,0.011856603244727149,3.0,3.0,3455559.463171374,0.0,103666.78389514123,3602420.347131501,3498753.5632363595,0.012207438073706722,2.9629632959701535,0.0,16.455045062720828,3474.9996206840397,0
2024-03-21,fixed_3pct,440.5423278808594,0.0047321419063495185,3.0,3.0,3455559.463171374,0.0,103666.78389514123,3619451.0563753857,3515784.2724802443,0.004867650417805125,2.9486104908822655,0.0,16.455045062720828,3491.4279389977546,0
2024-03-22,fixed_3pct,441.0462951660156,0.001143970177804432,3.0,3.0,3455559.463171374,0.0,103666.78389514123,3623575.1453988394,3519908.361503698,0.0011730210683673636,2.945155761124843,0.0,16.455045062720828,3495.4061554220484,0
2024-03-25,fixed_3pct,439.44561767578125,-0.0036292731801133016,3.0,3.0,3455559.463171374,0.0,103666.78389514123,3610407.746262456,3506740.9623673144,-0.003740835778678786,2.956214473998625,0.0,16.455045062720828,3482.7044985926996,0
2024-03-26,fixed_3pct,438.0227966308594,-0.003237763645128955,3.0,3.0,3455559.463171374,0.0,103666.78389514123,3598701.6442724527,3495034.8603773112,-0.0033381712865671043,2.9661158768513607,0.0,16.455045062720828,3471.4124515645562,0
2024-03-27,fixed_3pct,439.51470947265625,0.003406016429446712,3.0,3.0,3455559.463171374,0.0,103666.78389514123,3610942.426152459,3507275.6422573174,0.0035023347030893603,2.955763802710991,0.0,16.455045062720828,3483.220266392098,0
2024-03-28,fixed_3pct,438.70458984375,-0.0018432139162719574,3.0,3.0,3455559.463171374,0.0,103666.78389514123,3604270.231776655,3500603.4478815137,-0.0019023866545914148,2.9613975258430947,0.0,16.455045062720828,3476.784073307771,0
2024-04-01,fixed_3pct,439.63330078125,0.0021169391864142018,3.0,3.0,3500603.4478815137,1351.319541304183,105018.10343644541,3613236.8154049544,3508218.711968509,0.0021754146678920616,2.993487922465311,0.9459236789129282,16.669540228007207,3440.5847155596407,1
2024-04-02,fixed_3pct,435.8392028808594,-0.008630142197254664,3.0,3.0,3500603.4478815137,0.0,105018.10343644541,3582037.3983554263,3477019.294918981,-0.008893236029751894,3.020348595416479,0.0,16.669540228007207,3410.876107206787,0
2024-04-03,fixed_3pct,436.8173522949219,0.002244289654526277,3.0,3.0,3500603.4478815137,0.0,105018.10343644541,3590059.858290454,3485041.7548540086,0.0023072808214641416,3.013395844975886,0.0,16.669540228007207,3418.5152281511896,0
2024-04-04,fixed_3pct,430.1381530761719,-0.01529059956904022,3.0,3.0,3500603.4478815137,0.0,105018.10343644541,3535149.0210282216,3430130.9175917762,-0.01575614902913336,3.061635429069175,0.0,16.669540228007207,3366.228207660991,0
2024-04-05,fixed_3pct,435.20684814453125,0.011783876952346839,3.0,3.0,3500603.4478815137,0.0,105018.10343644541,3576790.11256,3471772.0091235545,0.012139796565261651,3.0249135934175913,0.0,16.669540228007207,3405.8795536377143,0
2024-04-08,fixed_3pct,435.3353271484375,0.00029521365404527877,3.0,3.0,3500603.4478815137,0.0,105018.10343644541,3577829.3602986536,3472811.2568622082,0.00029934216184779316,3.0240083802116127,0.0,16.669540228007207,3406.8691427701087,0
2024-04-09,fixed_3pct,436.9458312988281,0.003699456602660467,3.0,3.0,3500603.4478815137,0.0,105018.10343644541,3591048.715208575,3486030.61177213,0.0038065284670454336,3.0125410569203024,0.0,16.669540228007207,3419.456834298857,0
2024-04-10,fixed_3pct,433.1319274902344,-0.0087285506243574,3.0,3.0,3500603.4478815137,0.0,105018.10343644541,3559687.3951631156,3454669.29172667,-0.008996283606791722,3.0398887583232765,0.0,16.669540228007207,3389.5940591970016,0
2024-04-11,fixed_3pct,440.0483093261719,0.015968302951052893,3.0,3.0,3500603.4478815137,0.0,105018.10343644541,3616512.8923598966,3511494.788923451,0.01644889637710567,2.990695124130932,0.0,16.669540228007207,3443.704250999475,0
2024-04-12,fixed_3pct,433.0331115722656,-0.015941880937227815,3.0,3.0,3500603.4478815137,0.0,105018.10343644541,3558842.204881718,3453824.1014452726,-0.01642340112822982,3.0406326538893507,0.0,16.669540228007207,3388.789254831144,0
2024-04-15,fixed_3pct,425.9093017578125,-0.01645095865438062,3.0,3.0,3500603.4478815137,0.0,105018.10343644541,3500279.169371516,3395261.0659350706,-0.01695599827614147,3.0930788942888823,0.0,16.669540228007207,3333.024549895634,0
2024-04-16,fixed_3pct,425.9488220214844,9.27903276795039e-05,3.0,3.0,3500603.4478815137,0.0,105018.10343644541,3500587.2918823836,3395569.1884459383,9.07507566823007e-05,3.0927982205101054,0.0,16.669540228007207,3333.31794931991,0
2024-04-17,fixed_3pct,420.751708984375,-0.012201261673749242,3.0,3.0,3500603.4478815137,0.0,105018.10343644541,3457859.0407820977,3352840.9373456524,-0.012583531281199267,3.1322125146677915,0.0,16.669540228007207,3292.6313917625794,0
2024-04-18,fixed_3pct,418.3507080078125,-0.0057064556727722815,3.0,3.0,3500603.4478815137,0.0,105018.10343644541,3438110.251902952,3333092.1484665065,-0.005890165757395094,3.1507710785842593,0.0,16.669540228007207,3273.8262636628347,0
2024-04-19,fixed_3pct,409.6953430175781,-0.02068925622583806,3.0,3.0,3500603.4478815137,0.0,105018.10343644541,3366961.638428423,3261943.5349919777,-0.02134612855131024,3.2194948290759937,0.0,16.669540228007207,3206.077360239163,0
2024-04-22,fixed_3pct,413.8155517578125,0.010056762446668976,3.0,3.0,3500603.4478815137,0.0,105018.10343644541,3400805.7022529175,3295787.598816472,0.010375429084359622,3.1864342069300142,0.0,16.669540228007207,3238.3042456208595,0
2024-04-23,fixed_3pct,419.9908447265625,0.01492281511054494,3.0,3.0,3500603.4478815137,0.0,105018.10343644541,3451538.627434297,3346520.5239978516,0.015393262963789844,3.138128174722434,0.0,16.669540228007207,3286.61298813408,0
2024-04-24,fixed_3pct,421.4136962890625,0.0033878156639970403,3.0,3.0,3500603.4478815137,0.0,105018.10343644541,3463215.134520982,3358197.0310845366,0.003489148506023776,3.1272168507197327,0.0,16.669540228007207,3297.7315540809036,0
2024-04-25,fixed_3pct,419.3782958984375,-0.004829934120671897,3.0,3.0,3500603.4478815137,0.0,105018.10343644541,3446471.3640353037,3341453.2605988584,-0.004985940470643158,3.1428870986998025,0.0,16.669540228007207,3281.787854911159,0
2024-04-26,fixed_3pct,425.8500061035156,0.015431676527784433,3.0,3.0,3500603.4478815137,0.0,105018.10343644541,3499639.525747141,3394621.4223106955,0.01591168798880882,3.0936617186890993,0.0,16.669540228007207,3332.4154705050864,0
2024-04-29,fixed_3pct,427.5790710449219,0.004060267504107928,3.0,3.0,3500603.4478815137,0.0,105018.10343644541,3513832.3288493957,3408814.2254129504,0.004180967871402208,3.0807810720082087,0.0,16.669540228007207,3345.9300957342916,0
2024-04-30,fixed_3pct,419.5166320800781,-0.01885601871284459,3.0,3.0,3500603.4478815137,0.0,105018.10343644541,3447558.7711625854,3342540.66772614,-0.019441821496969935,3.1418646435762594,0.0,16.669540228007207,3282.8233022213835,0
2024-05-01,fixed_3pct,416.4832763671875,-0.007230597027465646,3.0,3.0,3342540.66772614,-4741.883404661217,100276.22003178419,3417904.0540251406,3317627.833993356,-0.007453262715194309,3.0225276929595775,3.319318383262852,15.916860322505427,3408.489124282686,-1
2024-05-02,fixed_3pct,421.7989807128906,0.012763308030204312,3.0,3.0,3342540.66772614,0.0,100276.22003178419,3461511.899424025,3361235.6793922405,0.013144284886950297,2.983314161710778,0.0,15.916860322505427,3451.976847877634,0
2024-05-03,fixed_3pct,430.2764892578125,0.020098456688050437,3.0,3.0,3342540.66772614,0.0,100276.22003178419,3531067.0295494474,3430790.809517663,0.02069332137340596,2.9228310788754297,0.0,15.916860322505427,3521.3403820269828,0
2024-05-06,fixed_3pct,434.98944091796875,0.01095330973878128,3.0,3.0,3342540.66772614,0.0,100276.22003178419,3569727.9835721785,3469451.763540394,0.011268817065581027,2.890261253537578,0.0,15.916860322505427,3559.89484091113,0
2024-05-07,fixed_3pct,435.05865478515625,0.00015911620070929722,3.0,3.0,3342540.66772614,0.0,100276.22003178419,3570280.068266168,3470003.8482343834,0.00015912735833101266,2.889801407073569,0.0,15.916860322505427,3560.4454048372672,0
2024-05-08,fixed_3pct,434.8017578125,-0.0005904881326476152,3.0,3.0,3342540.66772614,0.0,100276.22003178419,3568155.943395306,3467879.7233635215,-0.0006121390533738724,2.891571450884276,0.0,15.916860322505427,3558.3271310628984,0
2024-05-09,fixed_3pct,435.750244140625,0.0021814224783653913,3.0,3.0,3342540.66772614,0.0,100276.22003178419,3575923.682116219,3475647.4620844345,0.00223991007201918,2.8851090660284053,0.0,15.916860322505427,3566.073472836103,0
2024-05-10,fixed_3pct,436.7778625488281,0.0023582738553131755,3.0,3.0,3342540.66772614,0.0,100276.22003178419,3584340.772584026,3484064.552552242,0.0024217330899145573,2.878138981619245,0.0,15.916860322505427,3574.467377657346,0
2024-05-13,fixed_3pct,437.78564453125,0.00230731011993357,3.0,3.0,3342540.66772614,0.0,100276.22003178419,3592595.041461577,3492318.821429793,0.0023691492373481005,2.871336357278229,0.0,15.916860322505427,3582.698909395314,0
2024-05-14,fixed_3pct,440.6015930175781,0.0064322540528785055,3.0,3.0,3342540.66772614,0.0,100276.22003178419,3615687.6086170473,3515411.388585263,0.006612388025333704,2.8524746878099867,0.0,15.916860322505427,3605.727865959642,0
2024-05-15,fixed_3pct,447.4883117675781,0.015630262938530093,3.0,3.0,3342540.66772614,0.0,100276.22003178419,3672185.8397829942,3571909.61975121,0.01607158449488999,2.807356028195602,0.0,15.916860322505427,3662.0704675735033,0
2024-05-16,fixed_3pct,446.57928466796875,-0.0020313985319945216,3.0,3.0,3342540.66772614,0.0,100276.22003178419,3664710.2499985257,3564434.0299667413,-0.002092883241818777,2.81324381903962,0.0,15.916860322505427,3654.615469985741,0
2024-05-17,fixed_3pct,446.3619689941406,-0.00048662282664924117,3.0,3.0,3342540.66772614,0.0,100276.22003178419,3662911.0014774986,3562634.781445714,-0.0005047781796213568,2.814664600312811,0.0,15.916860322505427,3652.8211776595476,0
2024-05-20,fixed_3pct,449.47430419921875,0.006972671108364414,3.0,3.0,3342540.66772614,0.0,100276.22003178419,3688435.358329688,3588159.138297904,0.007164460692159924,2.794642494015795,0.0,15.916860322505427,3678.275225333163,0
2024-05-21,fixed_3pct,450.3536682128906,0.001956427776752534,3.0,3.0,3342540.66772614,0.0,100276.22003178419,3695635.5988571583,3595359.378825374,0.0020066669982996554,2.7890458078364633,0.0,15.916860322505427,3685.4556321386726,0
2024-05-22,fixed_3pct,450.2647705078125,-0.00019739531695361912,3.0,3.0,3342540.66772614,0.0,100276.22003178419,3694890.1808364545,3594613.96080467,-0.00020732781960375313,2.7896241745340835,0.0,15.916860322505427,3684.7122674401753,0
2024-05-23,fixed_3pct,448.2392272949219,-0.004498560281778641,3.0,3.0,3342540.66772614,0.0,100276.22003178419,3678252.577763087,3577976.3577313027,-0.004628481181785382,2.8025959370890483,0.0,15.916860322505427,3668.120494168213,0
2024-05-24,fixed_3pct,452.4779968261719,0.009456489466195483,3.0,3.0,3342540.66772614,0.0,100276.22003178419,3713020.017658388,3612743.7976266034,0.009717068090786762,2.7756249999698506,0.0,15.916860322505427,3702.792163966178,0
2024-05-28,fixed_3pct,454.18731689453125,0.003777686606529107,3.0,3.0,3342540.66772614,0.0,100276.22003178419,3727030.726788548,3626754.5067567634,0.0038781352664323254,2.7649023347173425,0.0,15.916860322505427,3716.7642793148807,0
2024-05-29,fixed_3pct,450.98602294921875,-0.007048400134114452,3.0,3.0,3342540.66772614,0.0,100276.22003178419,3700745.2060536803,3600468.986021896,-0.007247670247847449,2.7850877322117387,0.0,15.916860322505427,3690.551164454213,0
2024-05-30,fixed_3pct,446.1544494628906,-0.010713355271482872,3.0,3.0,3342540.66772614,0.0,100276.22003178419,3661081.8910316676,3560805.670999883,-0.011016152389035305,2.8161104338958878,0.0,15.916860322505427,3650.997105665957,0
2024-05-31,fixed_3pct,445.3244934082031,-0.0018602438139676547,3.0,3.0,3342540.66772614,0.0,100276.22003178419,3654255.4692311245,3553979.24919934,-0.0019171003506703865,2.82151957005306,0.0,15.916860322505427,3644.189487869455,0
2024-06-03,fixed_3pct,447.7156066894531,0.005369372932869876,3.0,3.0,3553979.24919934,6343.157444196011,106619.3774759802,3680232.3580974257,3573612.9806214455,0.0055244361447885915,2.983517746721394,4.440210210937208,16.923710710473046,3451.7481204826286,1
2024-06-04,fixed_3pct,448.94073486328125,0.002736398185640976,3.0,3.0,3553979.24919934,0.0,106619.3774759802,3690286.0155341504,3583666.63805817,0.0028133033686754683,2.9751477535240975,0.0,16.923710710473046,3461.177604760934,0
2024-06-05,fixed_3pct,457.9913024902344,0.020159827175650236,3.0,3.0,3553979.24919934,0.0,106619.3774759802,3764664.6201253273,3658045.242649347,0.020754889364229312,2.914654423430829,0.0,16.923710710473046,3530.9384740812725,0
2024-06-06,fixed_3pct,457.8332214355469,-0.000345161695927354,3.0,3.0,3553979.24919934,0.0,106619.3774759802,3763348.2783897365,3656728.9009137563,-0.00035984840215841363,2.9157036347249528,0.0,16.923710710473046,3529.70385635347,0
2024-06-07,fixed_3pct,457.4281005859375,-0.000884865559426018,3.0,3.0,3553979.24919934,0.0,106619.3774759802,3760001.2973993537,3653381.9199233735,-0.0009152937177121512,2.918374804849761,0.0,16.923710710473046,3526.564669960137,0
2024-06-10,fixed_3pct,459.2757568359375,0.004039227689845104,3.0,3.0,3553979.24919934,0.0,106619.3774759802,3775171.875042952,3668552.497566972,0.004152475152096047,2.906306439575049,0.0,16.923710710473046,3540.793394609196,0
2024-06-11,fixed_3pct,462.4276428222656,0.006862731026872071,3.0,3.0,3553979.24919934,0.0,106619.3774759802,3801062.940490874,3694443.563014894,0.007057569835812183,2.8859387254781126,0.0,16.923710710473046,3565.0770342822516,0
2024-06-12,fixed_3pct,468.4844055175781,0.013097752241512106,3.0,3.0,3553979.24919934,0.0,106619.3774759802,3850831.3974291068,3744212.0199531266,0.013471164490497456,2.8475785267447264,0.0,16.923710710473046,3611.7556569833127,0
2024-06-13,fixed_3pct,471.0237121582031,0.005420258627007124,3.0,3.0,3553979.24919934,0.0,106619.3774759802,3871686.9758214615,3765067.5983454813,0.0055700847818485055,2.8318051320734043,0.0,16.923710710473046,3631.3164337258454,0
2024-06-14,fixed_3pct,473.4642028808594,0.005181248119068282,3.0,3.0,3553979.24919934,0.0,106619.3774759802,3891730.2229718473,3785110.845495867,0.0053234760404283765,2.8168099119964496,0.0,16.923710710473046,3650.115312151956,0
2024-06-17,fixed_3pct,479.2640075683594,0.012249721630928523,3.0,3.0,3553979.24919934,0.0,106619.3774759802,3939385.9111552136,3832766.5336792334,0.012590301877176024,2.7817863816931157,0.0,16.923710710473046,3694.8123356307347,0
2024-06-18,fixed_3pct,479.41229248046875,0.0003094013106925697,3.0,3.0,3553979.24919934,0.0,106619.3774759802,3940587.8386087385,3833968.4611327583,0.00031359266027908284,2.7809143073774574,0.0,16.923710710473046,3695.9396423942694,0
2024-06-20,fixed_3pct,475.7169494628906,-0.007708068974323745,3.0,3.0,3553979.24919934,0.0,106619.3774759802,3910196.5920386505,3803577.2145626703,-0.007926837916947482,2.8031342986220706,0.0,16.923710710473046,3667.4352116898835,0
2024-06-21,fixed_3pct,474.4423828125,-0.0026792542326475877,3.0,3.0,3553979.24919934,0.0,106619.3774759802,3899703.2575582364,3793083.880082256,-0.002758806746511855,2.8108889981538736,0.0,16.923710710473046,3657.5933473601294,0
2024-06-24,fixed_3pct,469.0409851074219,-0.011384728474422068,3.0,3.0,3553979.24919934,0.0,106619.3774759802,3855289.271129406,3748669.893653426,-0.011709202283147757,2.84419222019226,0.0,16.923710710473046,3615.936767214709,0
2024-06-25,fixed_3pct,474.4047546386719,0.011435609470292984,3.0,3.0,3553979.24919934,0.0,106619.3774759802,3899359.9299183423,3792740.552442362,0.011756345594353013,2.811143446321998,0.0,16.923710710473046,3657.2713349379774,0
2024-06-26,fixed_3pct,475.3844909667969,0.0020651907860222973,3.0,3.0,3553979.24919934,0.0,106619.3774759802,3907395.9284062837,3800776.5509303035,0.002118784129003126,2.805199833436231,0.0,16.923710710473046,3664.8084249850017,0
2024-06-27,fixed_3pct,476.6115417480469,0.0025811754581108737,3.0,3.0,3553979.24919934,0.0,106619.3774759802,3917464.679171098,3810845.3016951177,0.002649129889614299,2.7977881292781523,0.0,16.923710710473046,3674.252065534378,0
2024-06-28,fixed_3pct,474.1375732421875,-0.005190744010910242,3.0,3.0,3553979.24919934,0.0,106619.3774759802,3897113.199139028,3790493.8216630477,-0.005340410964207232,2.8128096889814174,0.0,16.923710710473046,3655.1640906147577,0
2024-07-01,fixed_3pct,476.9183654785156,0.005864948051496732,3.0,3.0,3790493.8216630477,7095.437173911225,113714.81464989143,3927083.5712404596,3813368.756590568,0.006034816571072632,2.982004151928932,4.966806021737857,18.049970579347846,3453.4493885702423,1
2024-07-02,fixed_3pct,481.9259033203125,0.010499779845493107,3.0,3.0,3790493.8216630477,0.0,113714.81464989143,3968299.0342027578,3854584.219552866,0.010808150376505399,2.95011882405004,0.0,18.049970579347846,3489.693973841909,0
2024-07-03,fixed_3pct,485.9436950683594,0.00833694914584493,3.0,3.0,3790493.8216630477,0.0,113714.81464989143,4001364.491475832,3887649.6768259406,0.008578216323655852,2.9250273070575004,0.0,18.049970579347846,3518.771502020518,0
2024-07-05,fixed_3pct,491.0106201171875,0.010426979710304485,3.0,3.0,3790493.8216630477,0.0,113714.81464989143,4043068.5878714044,3929353.773221513,0.01072732881364491,2.8939826040825385,0.0,18.049970579347846,3555.4457880614104,0
2024-07-08,fixed_3pct,492.1783447265625,0.0023782064206601117,3.0,3.0,3790493.8216630477,0.0,113714.81464989143,4052665.78957567,3938950.9749257783,0.00244243767758201,2.886931453926871,0.0,18.049970579347846,3563.8854990470136,0
2024-07-09,fixed_3pct,492.6039123535156,0.0008646614210334747,3.0,3.0,3790493.8216630477,0.0,113714.81464989143,4056151.9233656786,3942437.108715787,0.0008850411726879504,2.8843786600550994,0.0,18.049970579347846,3566.9511803311475,0
2024-07-10,fixed_3pct,497.7400207519531,0.010426446623005292,3.0,3.0,3790493.8216630477,0.0,113714.81464989143,4098425.124918872,3984710.3102689805,0.010722606445575877,2.8537787140218813,0.0,18.049970579347846,3604.1259334038627,0
2024-07-11,fixed_3pct,486.8244934082031,-0.021930178182697713,3.0,3.0,3790493.8216630477,0.0,113714.81464989143,4008527.881690377,3894813.0670404853,-0.02256054674710517,2.919647559267814,0.0,18.049970579347846,3525.0709364755617,0
2024-07-12,fixed_3pct,489.6845397949219,0.005874902404141347,3.0,3.0,3790493.8216630477,0.0,113714.81464989143,4032059.541809008,3918344.7271591164,0.006041794487588126,2.902113585405159,0.0,18.049970579347846,3545.7645111791576,0
2024-07-15,fixed_3pct,491.0007019042969,0.0026877755011955884,3.0,3.0,3790493.8216630477,0.0,113714.81464989143,4042878.7626942648,3929163.948044373,0.0027611712696602453,2.894122417734431,0.0,18.049970579347846,3555.2788571494407,0
2024-07-16,fixed_3pct,491.188720703125,0.00038292979643195224,3.0,3.0,3790493.8216630477,0.0,113714.81464989143,4044408.851465283,3930694.0368153914,0.0003894184084072272,2.892995831902043,0.0,18.049970579347846,3556.6244063425947,0
2024-07-17,fixed_3pct,476.7699279785156,-0.02935489378495748,3.0,3.0,3790493.8216630477,0.0,113714.81464989143,3925667.6092369985,3811952.794587107,-0.030208721695491603,2.983111826866379,0.0,18.049970579347846,3452.2042016455475,0
2024-07-18,fixed_3pct,474.51361083984375,-0.004732507245661544,3.0,3.0,3790493.8216630477,0.0,113714.81464989143,3907071.3088616463,3793356.4942117548,-0.004878418327152079,2.997736037290662,0.0,18.049970579347846,3435.8507472318834,0
2024-07-19,fixed_3pct,470.3077087402344,-0.008863606867177798,3.0,3.0,3790493.8216630477,0.0,113714.81464989143,3872422.5148072876,3758707.700157396,-0.009134072715609287,3.025369986741177,0.0,18.049970579347846,3405.3808439382483,0
2024-07-22,fixed_3pct,477.31427001953125,0.014897823593120751,3.0,3.0,3790493.8216630477,0.0,113714.81464989143,3930095.132340336,3816380.3176904446,0.015343735702202599,2.9796510091716466,0.0,18.049970579347846,3456.0977340027603,0
2024-07-23,fixed_3pct,475.6319580078125,-0.0035245374324339718,3.0,3.0,3790493.8216630477,0.0,113714.81464989143,3916225.314962797,3802510.5003129053,-0.003634285952384575,2.9905194118605047,0.0,18.049970579347846,3443.900715153244,0
2024-07-24,fixed_3pct,458.5708312988281,-0.035870438101857194,3.0,3.0,3790493.8216630477,0.0,113714.81464989143,3775730.5472389185,3662015.732589027,-0.03694789737262194,3.1052519419269564,0.0,18.049970579347846,3320.350614705525,0
2024-07-25,fixed_3pct,453.5138244628906,-0.011027755126976402,3.0,3.0,3790493.8216630477,0.0,113714.81464989143,3734074.6653679437,3620359.850718052,-0.011375123678544208,3.1409809891504996,0.0,18.049970579347846,3283.718728174974,0
2024-07-26,fixed_3pct,458.1650695800781,0.010256016170391513,3.0,3.0,3790493.8216630477,0.0,113714.81464989143,3772353.345546827,3658638.5308969356,0.010573170004438026,3.1081183256989755,0.0,18.049970579347846,3317.380727534281,0
2024-07-29,fixed_3pct,459.08544921875,0.0020088385164662714,3.0,3.0,3790493.8216630477,0.0,113714.81464989143,3779913.3442745027,3666198.529624611,0.0020663420733784132,3.1017091336168012,0.0,18.049970579347846,3324.0289366976617,0
2024-07-30,fixed_3pct,452.7815246582031,-0.013731484130622307,3.0,3.0,3790493.8216630477,0.0,113714.81464989143,3727991.4742018906,3614276.659551999,-0.014162318175914068,3.1462675760960352,0.0,18.049970579347846,3278.3692130877953,0
2024-07-31,fixed_3pct,466.1809997558594,0.02959368783382077,3.0,3.0,3790493.8216630477,0.0,113714.81464989143,3838298.4401659872,3724583.6255160957,0.030519790363189747,3.053087971253017,0.0,18.049970579347846,3375.372375168051,0
2024-08-01,fixed_3pct,454.889404296875,-0.024221483640255226,3.0,3.0,3724583.6255160957,-1977.3058844085608,111737.50876548287,3743380.6579874875,3631643.1492220047,-0.024953252668937664,3.0767755579019385,1.3841141190859925,17.7361125024576,3350.1558244368744,-1
2024-08-02,fixed_3pct,444.0926513671875,-0.023734896499460367,3.0,3.0,3724583.6255160957,0.0,111737.50876548287,3654514.16939957,3542776.6606340874,-0.024470049764375945,3.153952943380971,0.0,17.7361125024576,3270.624349670928,0
2024-08-05,fixed_3pct,430.8515319824219,-0.029816119100375515,3.0,3.0,3724583.6255160957,0.0,111737.50876548287,3545533.0035582404,3433795.4947927576,-0.03076151174085706,3.2540525181225637,0.0,17.7361125024576,3173.0911515126786,0
2024-08-06,fixed_3pct,434.96832275390625,0.009555010173788459,3.0,3.0,3724583.6255160957,0.0,111737.50876548287,3579392.8713662396,3467655.362600757,0.00986077006022823,3.2222783720259685,0.0,17.7361125024576,3203.3941967318674,0
2024-08-07,fixed_3pct,430.2577209472656,-0.010829758307033699,3.0,3.0,3724583.6255160957,0.0,111737.50876548287,3540611.1755709215,3428873.6668054387,-0.011183837994278578,3.2587234066743784,0.0,17.7361125024576,3168.6863388032334,0
2024-08-08,fixed_3pct,443.41973876953125,0.030591009019635518,3.0,3.0,3724583.6255160957,0.0,111737.50876548287,3648904.3078653314,3537166.7990998486,0.03158271281406022,3.1589550369498616,0.0,17.7361125024576,3265.6037781580862,0
2024-08-09,fixed_3pct,445.7354431152344,0.005222375422729408,3.0,3.0,3724583.6255160957,0.0,111737.50876548287,3667942.5199301164,3556205.0111646336,0.005382333699849751,3.1420435102780977,0.0,17.7361125024576,3282.6421140536386,0
2024-08-12,fixed_3pct,446.6953430175781,0.002153519351378197,3.0,3.0,3724583.6255160957,0.0,111737.50876548287,3675823.7690140265,3564086.2602485437,0.002216196495749667,3.135095522567144,0.0,17.7361125024576,3289.695474354029,0
2024-08-13,fixed_3pct,457.779052734375,0.0248126824916568,3.0,3.0,3724583.6255160957,0.0,111737.50876548287,3767013.080977354,3655275.5722118714,0.02558560744738214,3.056883306280203,0.0,17.7361125024576,3371.3057706375425,0
2024-08-14,fixed_3pct,457.92755126953125,0.0003243891005262345,3.0,3.0,3724583.6255160957,0.0,111737.50876548287,3768217.3228498604,3656479.8140843776,0.00032945310106335945,3.0558765382782007,0.0,17.7361125024576,3372.3835124682055,0
2024-08-15,fixed_3pct,469.49627685546875,0.02526322243303558,3.0,3.0,3724583.6255160957,0.0,111737.50876548287,3863396.8991405317,3751659.390375049,0.026030384722499855,2.9783489687829205,0.0,17.7361125024576,3457.5649142573184,0
2024-08-16,fixed_3pct,470.09991455078125,0.0012857134871344655,3.0,3.0,3724583.6255160957,0.0,111737.50876548287,3868346.3845274076,3756608.875761925,0.0013192789834743923,2.9744248725606277,0.0,17.7361125024576,3461.994479084349,0
2024-08-19,fixed_3pct,476.27508544921875,0.013135869008481738,3.0,3.0,3724583.6255160957,0.0,111737.50876548287,3919142.739801491,3807405.2310360083,0.013521864254175453,2.9347416937565822,0.0,17.7361125024576,3507.454912053815,0
2024-08-20,fixed_3pct,475.275634765625,-0.0020984735799293164,3.0,3.0,3724583.6255160957,0.0,111737.50876548287,3910900.7861935436,3799163.277428061,-0.0021647166791607386,2.9411083600788643,0.0,17.7361125024576,3500.0787375722043,0
2024-08-21,fixed_3pct,477.49237060546875,0.004664105789763173,3.0,3.0,3724583.6255160957,0.0,111737.50876548287,3929123.9050811157,3817386.396315633,0.004796613769100455,2.927068343758096,0.0,17.7361125024576,3516.3876020608686,0
2024-08-22,fixed_3pct,469.9217834472656,-0.015854886118082834,3.0,3.0,3724583.6255160957,0.0,111737.50876548287,3866810.356909715,3755072.8481442323,-0.016323615610812303,2.9756415729911567,0.0,17.7361125024576,3460.6198040672816,0
2024-08-23,fixed_3pct,475.0182800292969,0.010845414623353422,3.0,3.0,3724583.6255160957,0.0,111737.50876548287,3908729.782387776,3796992.273622293,0.011163412049057131,2.942789995695366,0.0,17.7361125024576,3498.1357876803067,0
2024-08-26,fixed_3pct,470.4066467285156,-0.009708328067915217,3.0,3.0,3724583.6255160957,0.0,111737.50876548287,3870764.815219022,3759027.306453539,-0.00999869487027838,2.972511228467287,0.0,17.7361125024576,3464.1588648115185,0
2024-08-27,fixed_3pct,471.81195068359375,0.002987423678749934,3.0,3.0,3724583.6255160957,0.0,111737.50876548287,3882310.693570377,3770573.184804894,0.003071506911251465,2.9634090969451545,0.0,17.7361125024576,3474.4919020153343,0
2024-08-28,fixed_3pct,466.4580993652344,-0.011347426258708215,3.0,3.0,3724583.6255160957,0.0,111737.50876548287,3838238.72314919,3726501.2143837074,-0.011688400744691352,2.9984562552722025,0.0,17.7361125024576,3435.0494883548636,0
2024-08-29,fixed_3pct,465.7752990722656,-0.0014637976999389846,3.0,3.0,3724583.6255160957,0.0,111737.50876548287,3832602.582021925,3720865.0732564423,-0.001512448488010798,3.002998135261378,0.0,17.7361125024576,3430.00539779876,0
2024-08-30,fixed_3pct,471.3270263671875,0.011919325275470571,3.0,3.0,3724583.6255160957,0.0,111737.50876548287,3878266.8827361506,3766529.373970668,0.012272495727521981,2.966590664011984,0.0,17.7361125024576,3470.8728748158705,0
2024-09-03,fixed_3pct,457.0171203613281,-0.030360885765780887,3.0,3.0,3766529.373970668,1258.3724536371592,112995.88121912003,3761720.642120341,3648724.7609012206,-0.03127670100850899,3.096859550217498,0.8808607175460115,17.935854161765082,3329.0776633049704,1
2024-09-04,fixed_3pct,455.8295593261719,-0.002598504481007957,3.0,3.0,3766529.373970668,0.0,112995.88121912003,3751927.8583213296,3638931.9771022093,-0.0026838921652705405,3.105193554871065,0.0,17.935854161765082,3320.411167063376,0
2024-09-05,fixed_3pct,456.255126953125,0.0009336112988860279,3.0,3.0,3766529.373970668,0.0,112995.88121912003,3755412.764708302,3642416.8834891818,0.0009576728581079941,3.102222640448499,0.0,17.935854161765082,3323.495267430021,0
2024-09-06,fixed_3pct,444.0332946777344,-0.02678727657705049,3.0,3.0,3766529.373970668,0.0,112995.88121912003,3654797.5484649134,3541801.667245793,-0.02762320169870458,3.1903503311349692,0.0,17.935854161765082,3234.452007482982,0
2024-09-09,fixed_3pct,449.7434387207031,0.012859720456577461,3.0,3.0,3766529.373970668,0.0,112995.88121912003,3701779.287409395,3588783.4061902747,0.01326492654260214,3.1485845878637866,0.0,17.935854161765082,3276.030283113556,0
2024-09-10,fixed_3pct,453.8997802734375,0.00924158352272375,3.0,3.0,3766529.373970668,0.0,112995.88121912003,3735971.654022516,3622975.772803396,0.009527564843880842,3.118869357817587,0.0,17.935854161765082,3306.290117582049,0
2024-09-11,fixed_3pct,463.75640869140625,0.021715428925810354,3.0,3.0,3766529.373970668,0.0,112995.88121912003,3817081.9450901225,3704086.0638710023,0.022387754198213816,3.050573860074737,0.0,17.935854161765082,3378.071752622638,0
2024-09-12,fixed_3pct,468.3086853027344,0.009816094238294992,3.0,3.0,3766529.373970668,0.0,112995.88121912003,3854532.8453242597,3741536.9641051395,0.010110699262478429,3.020039152443471,0.0,17.935854161765082,3411.2153502742317,0
2024-09-13,fixed_3pct,470.4066467285156,0.004479868709727386,3.0,3.0,3766529.373970668,0.0,112995.88121912003,3871782.710554483,3758786.8293353627,0.004610368785799013,3.006179556053734,0.0,17.935854161765082,3426.481274168194,0
2024-09-16,fixed_3pct,468.3284912109375,-0.004417785190814927,3.0,3.0,3766529.373970668,0.0,112995.88121912003,3854660.0703795804,3741664.18916046,-0.004555363459632589,3.0199364642734974,0.0,17.935854161765082,3411.327942922696,0
2024-09-17,fixed_3pct,468.5758361816406,0.0005281441879898541,3.0,3.0,3766529.373970668,0.0,112995.88121912003,3856677.9508382664,3743682.069619146,0.0005393002569635819,3.018308689621589,0.0,17.935854161765082,3413.1137429332057,0
2024-09-18,fixed_3pct,466.54718017578125,-0.00432940806847959,3.0,3.0,3766529.373970668,0.0,112995.88121912003,3839962.8823462185,3726967.001127098,-0.004464873934593605,3.0318454975573474,0.0,17.935854161765082,3398.3211077400388,0
2024-09-19,fixed_3pct,478.3433837890625,0.025284052962953885,3.0,3.0,3766529.373970668,0.0,112995.88121912003,3937034.7713850755,3824038.8901659553,0.026045813931140582,2.9548831605689094,0.0,17.935854161765082,3484.228565597389,0
2024-09-20,fixed_3pct,477.4330139160156,-0.0019031722898216197,3.0,3.0,3766529.373970668,0.0,112995.88121912003,3929523.9800499496,3816528.0988308294,-0.0019640990980611672,2.9606982653615375,0.0,17.935854161765082,3477.581605324067,0
2024-09-23,fixed_3pct,478.6985168457031,0.00265063976055524,3.0,3.0,3766529.373970668,0.0,112995.88121912003,3939921.7966973637,3826925.9154782435,0.0027244176849108293,2.9526540025794867,0.0,17.935854161765082,3486.7835483818412,0
2024-09-24,fixed_3pct,481.0075988769531,0.004823666566726059,3.0,3.0,3766529.373970668,0.0,112995.88121912003,3958908.7298894464,3845912.848670326,0.0049614059982945324,2.938077009680208,0.0,17.935854161765082,3503.5867565937083,0
2024-09-25,fixed_3pct,481.4535217285156,0.0009270598897057614,3.0,3.0,3766529.373970668,0.0,112995.88121912003,3962560.9395257714,3849565.058306651,0.0009496340088901434,2.9352895588891466,0.0,17.935854161765082,3506.8189183299774,0
2024-09-26,fixed_3pct,485.07073974609375,0.0075131198637650165,3.0,3.0,3766529.373970668,0.0,112995.88121912003,3992314.19897774,3879318.31775862,0.007728992496896847,2.9127767294024594,0.0,17.935854161765082,3533.1501961880363,0
2024-09-27,fixed_3pct,482.37518310546875,-0.005557038220932453,3.0,3.0,3766529.373970668,0.0,112995.88121912003,3970110.820529888,3857114.9393107677,-0.0057235257922017,2.9295440503339365,0.0,17.935854161765082,3513.5004724916516,0
2024-09-30,fixed_3pct,483.6833190917969,0.0027118641923211673,3.0,3.0,3766529.373970668,0.0,112995.88121912003,3980859.286049468,3867863.4048303477,0.002786659378499312,2.921403095000876,0.0,17.935854161765082,3523.0127355968325,0
2024-10-01,fixed_3pct,476.94439697265625,-0.013932508840276303,3.0,3.0,3867863.4048303477,3040.020925790406,116035.90214491043,3928373.077898824,3812337.175753914,-0.01435578852321684,3.0436946365312925,2.128014648053284,18.4183971658588,3385.4807049226106,1
2024-10-02,fixed_3pct,477.61834716796875,0.0014130582088609511,3.0,3.0,3867863.4048303477,0.0,116035.90214491043,3933905.6793268514,3817869.777181941,0.0014512361244471972,3.03928391791716,0.0,18.4183971658588,3390.2487132077686,0
2024-10-03,fixed_3pct,477.2615661621094,-0.0007470002104711382,3.0,3.0,3867863.4048303477,0.0,116035.90214491043,3930948.6325592548,3814912.7304143445,-0.0007745279279219863,3.0416397528524217,0.0,18.4183971658588,3387.70032368958,0
2024-10-04,fixed_3pct,482.9400329589844,0.01189801819270353,3.0,3.0,3867863.4048303477,0.0,116035.90214491043,3977700.712506862,3861664.8103619516,0.01225508504424666,3.004815483559135,0.0,18.4183971658588,3427.991370756393,0
2024-10-07,fixed_3pct,477.7669982910156,-0.010711546599840638,3.0,3.0,3867863.4048303477,0.0,116035.90214491043,3935074.9675674597,3819039.0654225494,-0.011038178358987905,3.038353369974546,0.0,18.4183971658588,3391.2564084288115,0
2024-10-08,fixed_3pct,484.9022216796875,0.014934525436446577,3.0,3.0,3867863.4048303477,0.0,116035.90214491043,3993825.026367754,3877789.124222844,0.015383466310207705,2.9923210991563507,0.0,18.4183971658588,3441.887340506131,0
2024-10-09,fixed_3pct,488.7176513671875,0.007868451652548458,3.0,3.0,3867863.4048303477,0.0,116035.90214491043,4025231.827099301,3909195.9249543906,0.00809915127549421,2.9682805459863015,0.0,18.4183971658588,3468.9537916225486,0
2024-10-10,fixed_3pct,488.1626892089844,-0.0011355476043286572,3.0,3.0,3867863.4048303477,0.0,116035.90214491043,4020642.566344005,3904606.6641990948,-0.0011739653993805277,2.971769300319818,0.0,18.4183971658588,3464.9987564390717,0
2024-10-11,fixed_3pct,488.9257507324219,0.0015631295473932383,3.0,3.0,3867863.4048303477,0.0,116035.90214491043,4026908.9331417987,3910873.0309968884,0.0016048650572795253,2.967007653412176,0.0,18.4183971658588,3470.39912536107,0
2024-10-14,fixed_3pct,493.028564453125,0.008391486262601333,3.0,3.0,3867863.4048303477,0.0,116035.90214491043,4060682.265737839,3944646.3635929287,0.008635752766289917,2.9416046826367643,0.0,18.4183971658588,3499.505058931408,0
2024-10-15,fixed_3pct,486.4383239746094,-0.013366853269091261,3.0,3.0,3867863.4048303477,0.0,116035.90214491043,4006385.3033221546,3890349.4011772443,-0.013764722464557955,2.9826601721119763,0.0,18.4183971658588,3452.7118152783564,0
2024-10-16,fixed_3pct,486.4977722167969,0.0001222112634995387,3.0,3.0,3867863.4048303477,0.0,116035.90214491043,4006856.5103349737,3890820.6081900634,0.00012112202895631086,2.982298950012197,0.0,18.4183971658588,3453.117902535929,0
2024-10-17,fixed_3pct,486.834716796875,0.0006925922364304782,3.0,3.0,3867863.4048303477,0.0,116035.90214491043,4009613.2096493565,3893577.3075044462,0.0007085135995681391,2.980187446676964,0.0,18.4183971658588,3455.493632170831,0
2024-10-18,fixed_3pct,490.02581787109375,0.006554793575968887,3.0,3.0,3867863.4048303477,0.0,116035.90214491043,4035876.97816092,3919841.07601601,0.00674540825501091,2.96021955723892,0.0,18.4183971658588,3478.1278066169125,0
2024-10-21,fixed_3pct,490.96728515625,0.001921260576119188,3.0,3.0,3867863.4048303477,0.0,116035.90214491043,4043612.531091962,3927576.6289470517,0.0019734353462370624,2.954389261044631,0.0,18.4183971658588,3484.794323434596,0
2024-10-22,fixed_3pct,491.5024108886719,0.0010899417305403336,3.0,3.0,3867863.4048303477,0.0,116035.90214491043,4048001.414734569,3931965.5125896586,0.0011174533452154023,2.951091553915671,0.0,18.4183971658588,3488.576673174185,0
2024-10-23,fixed_3pct,483.970703125,-0.015323847038825278,3.0,3.0,3867863.4048303477,0.0,116035.90214491043,3985952.0418450623,3869916.139700152,-0.015780752066830828,2.998408698176625,0.0,18.4183971658588,3435.1023848353766,0
2024-10-24,fixed_3pct,487.8951110839844,0.008108771736893283,3.0,3.0,3867863.4048303477,0.0,116035.90214491043,4018254.798709422,3902218.8965645116,0.008347146475081724,2.9735877258722643,0.0,18.4183971658588,3462.9409729509916,0
2024-10-25,fixed_3pct,490.8681335449219,0.006093568870432442,3.0,3.0,3867863.4048303477,0.0,116035.90214491043,4042721.8926671376,3926685.9905222273,0.0062700465059140065,2.955059366218339,0.0,18.4183971658588,3484.0267692480375,0
2024-10-28,fixed_3pct,490.9474792480469,0.00016164362219228678,3.0,3.0,3867863.4048303477,0.0,116035.90214491043,4043356.9544802187,3927321.0523353084,0.00016172971676731152,2.954581522585525,0.0,18.4183971658588,3484.574066938961,0
2024-10-29,fixed_3pct,495.6646423339844,0.009608284562663272,3.0,3.0,3867863.4048303477,0.0,116035.90214491043,4082188.260290122,3966152.358145212,0.00988747935104839,2.9256541773189753,0.0,18.4183971658588,3518.038973137914,0
2024-10-30,fixed_3pct,491.9186706542969,-0.007557472048134173,3.0,3.0,3867863.4048303477,0.0,116035.90214491043,4051318.818220592,3935282.916075682,-0.007783221440329724,2.9486038137411232,0.0,18.4183971658588,3491.435618918305,0
2024-10-31,fixed_3pct,479.5012512207031,-0.025242830114737158,3.0,3.0,3867863.4048303477,0.0,116035.90214491043,3949033.647154446,3832997.745009536,-0.025991821489710354,3.0272885575261865,0.0,18.4183971658588,3403.286029717535,0
2024-11-01,fixed_3pct,483.04901123046875,0.007398854540491495,3.0,3.0,3832997.745009536,-1045.969794624354,114989.93235028608,3977179.2739459043,3862189.341595618,0.007615865838713098,2.9773250915445626,0.7321788562370478,18.252370214331126,3458.71955279571,-1
2024-11-04,fixed_3pct,481.6418151855469,-0.002913153763294818,3.0,3.0,3832997.745009536,0.0,114989.93235028608,3965574.886806496,3850584.9544562097,-0.003004613734088446,2.9862977628168,0.0,18.252370214331126,3448.6278978984283,0
2024-11-05,fixed_3pct,487.78607177734375,0.012756900248434455,3.0,3.0,3832997.745009536,0.0,114989.93235028608,4016145.077694969,3901155.1453446825,0.013133119119979053,2.9475867548488965,0.0,18.252370214331126,3492.605826970014,0
2024-11-06,fixed_3pct,501.03594970703125,0.027163296978548468,3.0,3.0,3832997.745009536,0.0,114989.93235028608,4125218.5667791185,4010228.634428832,0.0279592800133337,2.8674158715806946,0.0,18.252370214331126,3587.4606432611367,0
2024-11-07,fixed_3pct,508.92431640625,0.01574411317956592,3.0,3.0,3832997.745009536,0.0,114989.93235028608,4190148.2224147213,4075158.290064435,0.016191010925951987,2.8217292229026003,0.0,18.252370214331126,3643.926156640005,0
2024-11-08,fixed_3pct,509.5190124511719,0.0011685353317782976,3.0,3.0,3832997.745009536,0.0,114989.93235028608,4195026.306287787,4080036.3739375006,0.001197029299440766,2.818355568710612,0.0,18.252370214331126,3648.1683400845573,0
2024-11-11,fixed_3pct,509.2217102050781,-0.0005834958830358561,3.0,3.0,3832997.745009536,0.0,114989.93235028608,4192560.273338626,4077570.34098834,-0.0006044144520165329,2.8200600537626603,0.0,18.252370214331126,3646.0237758616227,0
2024-11-12,fixed_3pct,508.3000183105469,-0.0018100011764228263,3.0,3.0,3832997.745009536,0.0,114989.93235028608,4184953.4819414453,4069963.549591159,-0.0018655205823714383,2.8253307664594978,0.0,18.252370214331126,3639.408595522175,0
2024-11-13,fixed_3pct,507.6460266113281,-0.0012866253701749875,3.0,3.0,3832997.745009536,0.0,114989.93235028608,4179550.762248363,4064560.8298980766,-0.0013274614446179278,2.829086269405632,0.0,18.252370214331126,3634.71016707487,0
2024-11-14,fixed_3pct,504.11798095703125,-0.006949814377249286,3.0,3.0,3832997.745009536,0.0,114989.93235028608,4150485.4079002314,4035495.475549945,-0.007150921234671315,2.8494625516737964,0.0,18.252370214331126,3609.4337330827257,0
2024-11-15,fixed_3pct,492.10693359375,-0.023825865803237423,3.0,3.0,3832997.745009536,0.0,114989.93235028608,4051578.247183091,3936588.3148328047,-0.024509297883343995,2.9210555728423926,0.0,18.252370214331126,3523.4199763167453,0
2024-11-18,fixed_3pct,495.5259094238281,0.006947627835905745,3.0,3.0,3832997.745009536,0.0,114989.93235028608,4079708.852622356,3964718.9202720695,0.007145935309839313,2.9003300022689924,0.0,18.252370214331126,3547.8835140059164,0
2024-11-19,fixed_3pct,498.9349670410156,0.006879675819880582,3.0,3.0,3832997.745009536,0.0,114989.93235028608,4107757.67459768,3992767.742247394,0.007074605423327052,2.8799554537966223,0.0,18.252370214331126,3572.2759294131024,0
2024-11-20,fixed_3pct,498.64764404296875,-0.0005758726427832483,3.0,3.0,3832997.745009536,0.0,114989.93235028608,4105373.8769594817,3990383.9446091955,-0.0005970288762292553,2.8816758975193753,0.0,18.252370214331126,3570.2028804170072,0
2024-11-21,fixed_3pct,500.4413146972656,0.0035970703476186916,3.0,3.0,3832997.745009536,0.0,114989.93235028608,4120122.9432279663,4005133.01087768,0.0036961521681164733,2.8710640080611785,0.0,18.252370214331126,3583.029278317265,0
2024-11-22,fixed_3pct,501.2440490722656,0.0016040529657019853,3.0,3.0,3832997.745009536,0.0,114989.93235028608,4126713.5862838933,4011723.653933607,0.0016455491086131424,2.8663472928284888,0.0,18.252370214331126,3588.7607740414737,0
2024-11-25,fixed_3pct,502.036865234375,0.0015816969070789888,3.0,3.0,3832997.745009536,0.0,114989.93235028608,4133222.544029505,4018232.6116792187,0.0016224840759480053,2.861704223296117,0.0,18.252370214331126,3594.421232842148,0
2024-11-26,fixed_3pct,504.7323913574219,0.005369179655339673,3.0,3.0,3832997.745009536,0.0,114989.93235028608,4155396.306053685,4040406.3737033987,0.005518287308636793,2.8459991821289843,0.0,18.252370214331126,3613.7044531823717,0
2024-11-27,fixed_3pct,500.7584533691406,-0.007873356369290652,3.0,3.0,3832997.745009536,0.0,114989.93235028608,4122661.137710276,4007671.20535999,-0.008101949486186033,2.8692456655749305,0.0,18.252370214331126,3585.236597193302,0
2024-11-29,fixed_3pct,505.1585388183594,0.008786842078480461,3.0,3.0,3832997.745009536,0.0,114989.93235028608,4158868.0577002103,4043878.125349924,0.009034403805758817,2.8435558339270126,0.0,18.252370214331126,3616.7236319709546,0
2024-12-02,fixed_3pct,510.6586608886719,0.010887912699997226,3.0,3.0,4043878.125349924,6326.411410211644,121316.34376049772,4210521.009601127,4089204.6658406295,0.011208681143619614,2.966746682403053,4.42848798714815,19.256562501666306,3470.6956038120657,1
2024-12-03,fixed_3pct,512.2244873046875,0.003066287788580091,3.0,3.0,4043878.125349924,0.0,121316.34376049772,4223412.422193925,4102096.078433427,0.003152547658102467,2.9574232646161693,0.0,19.256562501666306,3481.3218823440393,0
2024-12-04,fixed_3pct,518.5570678710938,0.012362900883025274,3.0,3.0,4043878.125349924,0.0,121316.34376049772,4275606.794795144,4154290.4510346465,0.012723829867278935,2.920266293135168,0.0,19.256562501666306,3524.3452467014927,0
2024-12-05,fixed_3pct,517.1199951171875,-0.0027712914218025464,3.0,3.0,4043878.125349924,0.0,121316.34376049772,4263738.585799226,4142422.2420387277,-0.002856855854400542,2.9286329753963196,0.0,19.256562501666306,3514.562385935965,0
2024-12-06,fixed_3pct,521.748046875,0.008949667004780393,3.0,3.0,4043878.125349924,0.0,121316.34376049772,4301878.36977506,4180562.0260145618,0.009207121280099928,2.9019146948562735,0.0,19.256562501666306,3546.0006759417447,0
2024-12-09,fixed_3pct,517.6849365234375,-0.007787495086753915,3.0,3.0,4043878.125349924,0.0,121316.34376049772,4268358.256544122,4147041.9127836237,-0.008018087764839033,2.9253705728540953,0.0,19.256562501666306,3518.3703400843488,0
2024-12-10,fixed_3pct,515.9208374023438,-0.0034076694078462033,3.0,3.0,4043878.125349924,0.0,121316.34376049772,4253793.846129066,4132477.5023685684,-0.0035119998112773665,2.935680682858264,0.0,19.256562501666306,3506.365024095097,0
2024-12-11,fixed_3pct,525.1571655273438,0.017902607251734315,3.0,3.0,4043878.125349924,0.0,121316.34376049772,4329928.590123657,4208612.246363159,0.018423510823943667,2.882573557716854,0.0,19.256562501666306,3569.1222269868153,0
2024-12-12,fixed_3pct,521.7678833007812,-0.0064538436282386424,3.0,3.0,4043878.125349924,0.0,121316.34376049772,4301964.651519057,4180648.3077585595,-0.006644455931706372,2.9018548040827925,0.0,19.256562501666306,3546.0717972278985,0
2024-12-13,fixed_3pct,525.7617797851562,0.007654546422269259,3.0,3.0,4043878.125349924,0.0,121316.34376049772,4334874.983088569,4213558.639328071,0.007872064126617673,2.879189638614922,0.0,19.256562501666306,3573.199495400606,0
2024-12-16,fixed_3pct,533.3330078125,0.014400491474366284,3.0,3.0,4043878.125349924,0.0,121316.34376049772,4397280.056762477,4275963.7130019795,0.014810538790522187,2.837169627787287,0.0,19.256562501666306,3624.6394512544584,0
2024-12-17,fixed_3pct,530.9843139648438,-0.0044038036522239254,3.0,3.0,4043878.125349924,0.0,121316.34376049772,4377896.042226153,4256579.698465656,-0.004533250475765915,2.850089798723325,0.0,19.256562501666306,3608.661377785156,0
2024-12-18,fixed_3pct,511.8280334472656,-0.03607692358092229,3.0,3.0,4043878.125349924,0.0,121316.34376049772,4219935.764703036,4098619.4209425384,-0.037109672251656955,2.9599319014742584,0.0,19.256562501666306,3478.456104013502,0
2024-12-19,fixed_3pct,509.54864501953125,-0.004453426304890429,3.0,3.0,4043878.125349924,0.0,121316.34376049772,4201123.335201058,4079806.9914405597,-0.004589942995403162,2.9735804663068515,0.0,19.256562501666306,3462.949183083608,0
2024-12-20,fixed_3pct,513.9983520507812,0.008732644222966046,3.0,3.0,4043878.125349924,0.0,121316.34376049772,4237790.994061667,4116474.6503011687,0.008987596456777824,2.947093182065921,0.0,19.256562501666306,3493.1740132458144,0
2024-12-23,fixed_3pct,519.0060424804688,0.009742619620680681,3.0,3.0,4043878.125349924,0.0,121316.34376049772,4279058.923186254,4157742.579425756,0.010025065773590525,2.917841627830005,0.0,19.256562501666306,3527.190805909842,0
2024-12-24,fixed_3pct,526.0437622070312,0.013559995742876918,3.0,3.0,4043878.125349924,0.0,121316.34376049772,4337063.687405677,4215747.343645179,0.01395102344874699,2.8776948396437962,0.0,19.256562501666306,3575.0036252064206,0
2024-12-26,fixed_3pct,525.6863403320312,-0.0006794527388755967,3.0,3.0,4043878.125349924,0.0,121316.34376049772,4334097.601042089,4212781.257281591,-0.0007035730848667932,2.8797209337847347,0.0,19.256562501666306,3572.5587061859105,0
2024-12-27,fixed_3pct,518.6983032226562,-0.01329316851748752,3.0,3.0,4043878.125349924,0.0,121316.34376049772,4276464.4546976965,4155148.1109371986,-0.013680545659658039,2.919663523934762,0.0,19.256562501666306,3525.052208250091,0
2024-12-30,fixed_3pct,511.7997131347656,-0.013299812328341765,3.0,3.0,4043878.125349924,0.0,121316.34376049772,4219569.023458891,4098252.6796983927,-0.013692756484190216,2.960196777555109,0.0,19.256562501666306,3478.153802416885,0
2024-12-31,fixed_3pct,507.4521179199219,-0.008494719913410664,3.0,3.0,4043878.125349924,0.0,121316.34376049772,4183705.709886802,4062389.366126304,-0.008750879063593509,2.9863297883772044,0.0,19.256562501666306,3448.591987033716,0
2025-01-02,fixed_3pct,506.4595031738281,-0.001956075678947844,3.0,3.0,4062389.366126304,555.3372232913971,121871.68098378912,4176056.583154546,4054184.902170757,-0.0020196153583796894,3.00607110737684,0.38873605630397795,19.344711267268117,3426.6012821387344,1
2025-01-03,fixed_3pct,514.747802734375,0.016365177291780775,3.0,3.0,4062389.366126304,0.0,121871.68098378912,4244379.1448071115,4122507.463823322,0.016852354616579746,2.956251311932425,0.0,19.344711267268117,3482.6623466133055,0
2025-01-06,fixed_3pct,520.6637573242188,0.011492918587350465,3.0,3.0,4062389.366126304,0.0,121871.68098378912,4293140.10406096,4171268.4230771707,0.011827985681468256,2.9216935623117637,0.0,19.344711267268117,3522.6724284142892,0
2025-01-07,fixed_3pct,511.3728942871094,-0.01784426687360907,3.0,3.0,4062389.366126304,0.0,121871.68098378912,4216512.821607035,4094641.1406232454,-0.018370259278926215,2.9763702556175415,0.0,19.344711267268117,3459.797048477487,0
2025-01-08,fixed_3pct,511.4621887207031,0.00017461706436017188,3.0,3.0,4062389.366126304,0.0,121871.68098378912,4217229.751986513,4095358.0710027236,0.00017508991749370928,2.975849214424114,0.0,19.344711267268117,3460.385315065501,0
2025-01-10,fixed_3pct,503.44195556640625,-0.0156809893891815,3.0,3.0,4062389.366126304,0.0,121871.68098378912,4151080.0722826044,4029208.391298815,-0.016152355558915032,3.02470533038138,0.0,19.344711267268117,3406.1071766416057,0
2025-01-13,fixed_3pct,501.8240051269531,-0.0032137775200575813,3.0,3.0,4062389.366126304,0.0,121871.68098378912,4137720.079751076,4015848.398767287,-0.0033157859395854805,3.0347679713506888,0.0,19.344711267268117,3395.144832950535,0
2025-01-14,fixed_3pct,501.3475646972656,-0.0009494173750556056,3.0,3.0,4062389.366126304,0.0,121871.68098378912,4133772.3117029765,4011900.630719187,-0.0009830470814863324,3.0377542267775954,0.0,19.344711267268117,3391.905550439428,0
2025-01-15,fixed_3pct,512.8817138671875,0.023006293402236144,3.0,3.0,4062389.366126304,0.0,121871.68098378912,4228855.745652787,4106984.064668998,0.023700346220381308,2.9674252216415975,0.0,19.344711267268117,3469.924851709638,0
2025-01-16,fixed_3pct,509.2884826660156,-0.007005964736154224,3.0,3.0,4062389.366126304,0.0,121871.68098378912,4199209.186713194,4077337.5057294043,-0.007218571699518672,2.989001543594003,0.0,19.344711267268117,3445.598807545582,0
2025-01-17,fixed_3pct,517.8843994140625,0.016878286159249356,3.0,3.0,4062389.366126304,0.0,121871.68098378912,4270065.29629782,4148193.615314031,0.017378033946186866,2.9379458213780376,0.0,19.344711267268117,3503.7387371934315,0
2025-01-21,fixed_3pct,520.9218139648438,0.005865043539094339,3.0,3.0,4062389.366126304,0.0,121871.68098378912,4295090.070464116,4173218.3894803263,0.006032691934607426,2.920328379914124,0.0,19.344711267268117,3524.2724444208097,0
2025-01-22,fixed_3pct,527.5822143554688,0.012785796662902804,3.0,3.0,4062389.366126304,0.0,121871.68098378912,4349986.874042655,4228115.193058866,0.013154548469574756,2.8824115573733935,0.0,19.344711267268117,3569.3172022639724,0
2025-01-23,fixed_3pct,528.703857421875,0.002126006214550946,3.0,3.0,4062389.366126304,0.0,121871.68098378912,4359215.6284588175,4237343.947475028,0.0021827112069492394,2.8761337879218107,0.0,19.344711267268117,3576.8897198018158,0
2025-01-24,fixed_3pct,525.7161254882812,-0.0056510500002078246,3.0,3.0,4062389.366126304,0.0,121871.68098378912,4334562.138269442,4212690.457285653,-0.005818147050362987,2.892965486534091,0.0,19.344711267268117,3556.6606641341136,0
2025-01-27,fixed_3pct,510.4100646972656,-0.029114687659237193,3.0,3.0,4062389.366126304,0.0,121871.68098378912,4208343.370762904,4086471.689779115,-0.029961557533440097,2.982320452350341,0.0,19.344711267268117,3453.09372677208,0
2025-01-28,fixed_3pct,517.9539184570312,0.01477998629247268,3.0,3.0,4062389.366126304,0.0,121871.68098378912,4270523.283385531,4148651.602401742,0.015216039004539939,2.9376214891902475,0.0,19.344711267268117,3504.114531704522,0
2025-01-29,fixed_3pct,516.981201171875,-0.0018779996646303143,3.0,3.0,4062389.366126304,0.0,121871.68098378912,4262483.89738027,4140612.216396481,-0.00193783107759804,2.9433251561493097,0.0,19.344711267268117,3497.5179327732817,0
2025-01-30,fixed_3pct,519.1846923828125,0.0042622269551439995,3.0,3.0,4062389.366126304,0.0,121871.68098378912,4280632.226432284,4158760.545448495,0.004383006208634743,2.930480840431414,0.0,19.344711267268117,3512.4092749665747,0
2025-01-31,fixed_3pct,518.4302978515625,-0.001453036929474294,3.0,3.0,4062389.366126304,0.0,121871.68098378912,4274392.965014513,4152521.2840307234,-0.0015002694551866647,2.9348839571868988,0.0,19.344711267268117,3507.2897415627467,0
2025-02-03,fixed_3pct,514.28125,-0.008003096788047781,3.0,3.0,4152521.2840307234,2703.9575371325773,124575.6385209217,4242845.250375474,4118269.6118545523,-0.008248403760840906,3.0249510173478513,1.892770275992804,19.773910876336775,3405.8386541305304,1
2025-02-04,fixed_3pct,520.59423828125,0.012275361548277353,3.0,3.0,4152521.2840307234,0.0,124575.6385209217,4294907.935906348,4170332.2973854262,0.012641883712763757,2.9871873423377773,0.0,19.773910876336775,3447.6306819692077,0
2025-02-05,fixed_3pct,522.9566040039062,0.004537825332942003,3.0,3.0,4152521.2840307234,0.0,124575.6385209217,4314377.704029681,4189802.0655087596,0.004668637109695117,2.9733060553492927,0.0,19.773910876336775,3463.259554800603,0
2025-02-06,fixed_3pct,525.6863403320312,0.005219814239318055,3.0,3.0,4152521.2840307234,0.0,124575.6385209217,4336878.180292095,4212302.5417711735,0.005370295758752475,2.9574238147799465,0.0,19.773910876336775,3481.3212533233323,0
2025-02-07,fixed_3pct,519.0556640625,-0.012613369914354688,3.0,3.0,4152521.2840307234,0.0,124575.6385209217,4282155.757619701,4157580.1190987797,-0.01299109504356355,2.996349678233631,0.0,19.773910876336775,3437.3941875485875,0
2025-02-10,fixed_3pct,525.3389282226562,0.012105183692590726,3.0,3.0,4152521.2840307234,0.0,124575.6385209217,4333972.265755096,4209396.627234175,0.012463141214612783,2.9594654425039373,0.0,19.773910876336775,3478.988602596834,0
2025-02-11,fixed_3pct,524.0882568359375,-0.002380694289970231,3.0,3.0,4152521.2840307234,0.0,124575.6385209217,4323634.6288182475,4199058.990297326,-0.002455847678968004,2.9667513318764014,0.0,19.773910876336775,3470.6903212798866,0
2025-02-12,fixed_3pct,524.3958740234375,0.000586956840737507,3.0,3.0,4152521.2840307234,0.0,124575.6385209217,4326152.641829605,4201577.003308684,0.0005996612615293273,2.964973352215611,0.0,19.773910876336775,3472.71159369017,0
2025-02-13,fixed_3pct,531.9397583007812,0.01438585742382581,3.0,3.0,4152521.2840307234,0.0,124575.6385209217,4388368.283017796,4263792.644496875,0.014807687956021498,2.921709588333453,0.0,19.773910876336775,3522.65365453519,0
2025-02-14,fixed_3pct,534.1731567382812,0.004198592796737621,3.0,3.0,4152521.2840307234,0.0,124575.6385209217,4406773.480569431,4282197.842048509,0.0043166258507878474,2.909151868175419,0.0,19.773910876336775,3537.42796977865,0
2025-02-18,fixed_3pct,535.3840942382812,0.002266938135555341,3.0,3.0,4152521.2840307234,0.0,124575.6385209217,4416743.589516411,4292167.950995489,0.0023282691072981088,2.902394313158894,0.0,19.773910876336775,3545.4312271292483,0
2025-02-19,fixed_3pct,535.5330810546875,0.000278280244052187,3.0,3.0,4152521.2840307234,0.0,124575.6385209217,4417952.908089541,4293377.269568619,0.00028175005893005256,2.9015767937262718,0.0,19.773910876336775,3546.4019775805314,0
2025-02-20,fixed_3pct,533.2599487304688,-0.004244616074401963,3.0,3.0,4152521.2840307234,0.0,124575.6385209217,4399180.620249037,4274604.981728115,-0.004372382546850018,2.9143193126247398,0.0,19.773910876336775,3531.3329897243284,0
2025-02-21,fixed_3pct,522.1923828125,-0.02075454184083636,3.0,3.0,4152521.2840307234,0.0,124575.6385209217,4307857.868089805,4183282.229568884,-0.021364021365621433,2.9779400882966502,0.0,19.773910876336775,3458.0259184192964,0
2025-02-24,fixed_3pct,516.0282592773438,-0.011804315302258117,3.0,3.0,4152521.2840307234,0.0,124575.6385209217,4256986.781626684,4132411.143105762,-0.012160567628822005,3.014599327289961,0.0,19.773910876336775,3417.1904171390215,0
2025-02-25,fixed_3pct,509.5266418457031,-0.012599343766067417,3.0,3.0,4152521.2840307234,0.0,124575.6385209217,4203331.767846487,4078756.129325566,-0.012983948576779647,3.054255625268791,0.0,19.773910876336775,3374.1201873435025,0
2025-02-26,fixed_3pct,510.75750732421875,0.002415703865958685,3.0,3.0,4152521.2840307234,0.0,124575.6385209217,4213465.998737105,4088890.3602161836,0.002484637612372609,3.0466857153473605,0.0,19.773910876336775,3382.2551895084043,0
2025-02-27,fixed_3pct,496.5730895996094,-0.027771334774733702,3.0,3.0,4152521.2840307234,0.0,124575.6385209217,4096432.650013343,3971857.0114924214,-0.028622276073348774,3.13645829042855,0.0,19.773910876336775,3288.309575331113,0
2025-02-28,fixed_3pct,504.41473388671875,0.01579152082814672,3.0,3.0,4152521.2840307234,0.0,124575.6385209217,4161101.7776162527,4036526.139095331,0.016281836787122916,3.086209136969485,0.0,19.773910876336775,3340.221111463476,0
2025-03-03,fixed_3pct,493.3768615722656,-0.021882533504526847,3.0,3.0,4036526.139095331,-3479.8543480617664,121095.78417285993,4066621.018085653,3945525.233912793,-0.022544361673063062,3.069192996968081,2.4358980436432365,19.2215530433111,3358.18546108979,-1
2025-03-04,fixed_3pct,491.8879699707031,-0.0030177572511563833,3.0,3.0,4036526.139095331,0.0,121095.78417285993,4054329.7214675765,3933233.9372947165,-0.003115249780290208,3.0787841787043506,0.0,19.2215530433111,3348.035399547985,0
2025-03-05,fixed_3pct,498.3002624511719,0.013036083157005551,3.0,3.0,4036526.139095331,0.0,121095.78417285993,4107163.0793095035,3986067.2951366436,0.013432549063752353,3.0379764115023233,0.0,19.2215530433111,3391.664794413218,0
2025-03-06,fixed_3pct,484.59228515625,-0.02750947235606782,3.0,3.0,4036526.139095331,0.0,121095.78417285993,3994157.968564333,3873062.184391473,-0.028350025821954117,3.126616057466845,0.0,19.2215530433111,3298.3460124943854,0
2025-03-07,fixed_3pct,488.15576171875,0.007353556116459936,3.0,3.0,4036526.139095331,0.0,121095.78417285993,4023510.0117711327,3902414.2275982727,0.007578510700160912,3.103099187073944,0.0,19.2215530433111,3322.584711972892,0
2025-03-10,fixed_3pct,469.23663330078125,-0.03875633537819223,3.0,3.0,4036526.139095331,0.0,121095.78417285993,3867554.286804373,3746458.502631513,-0.03996390846051778,3.2322734680713063,0.0,19.2215530433111,3193.7976315373426,0
2025-03-11,fixed_3pct,468.114990234375,-0.0023903569900675103,3.0,3.0,4036526.139095331,0.0,121095.78417285993,3858290.229827401,3737194.4456545413,-0.0024727504576561588,3.2402858864800366,0.0,19.2215530433111,3186.1474420280633,0
2025-03-12,fixed_3pct,473.3956604003906,0.011280711526395981,3.0,3.0,4036526.139095331,0.0,121095.78417285993,3901795.2673421525,3780699.4831692926,0.011641095518949207,3.2029994637750874,0.0,19.2215530433111,3222.0735791862735,0
2025-03-13,fixed_3pct,464.87908935546875,-0.017990386810303072,3.0,3.0,4036526.139095331,0.0,121095.78417285993,3831581.239675014,3710485.455502154,-0.018571702929501166,3.2636102640772,0.0,19.2215530433111,3164.0913561495813,0
2025-03-14,fixed_3pct,476.1153869628906,0.02417036572455955,3.0,3.0,4036526.139095331,0.0,121095.78417285993,3924172.737988277,3803076.953815417,0.02495401192745872,3.184152875249375,0.0,19.2215530433111,3240.5527283977613,0
2025-03-17,fixed_3pct,479.202392578125,0.006483734195036561,3.0,3.0,4036526.139095331,0.0,121095.78417285993,3949596.809403758,3828501.025230898,0.006685131992918203,3.1630077509397196,0.0,19.2215530433111,3261.5477379178196,0
2025-03-18,fixed_3pct,471.0332336425781,-0.01704740848975428,3.0,3.0,4036526.139095331,0.0,121095.78417285993,3882247.1976709785,3761151.4134981185,-0.017591639988843277,3.2196466150835676,0.0,19.2215530433111,3205.930928304827,0
2025-03-19,fixed_3pct,477.3363342285156,0.013381434972633555,3.0,3.0,4036526.139095331,0.0,121095.78417285993,3934178.014541258,3813082.230368398,0.013807159340596842,3.1757978678881087,0.0,19.2215530433111,3248.81501153282,0
2025-03-20,fixed_3pct,475.7183837890625,-0.003389539667178476,3.0,3.0,4036526.139095331,0.0,121095.78417285993,3920823.7405501856,3799727.9563773256,-0.003502225544656623,3.186959318222168,0.0,19.2215530433111,3237.7871511640315,0
2025-03-21,fixed_3pct,477.28668212890625,0.003296694837295,3.0,3.0,4036526.139095331,0.0,121095.78417285993,3933730.2783805574,3812634.4942076975,0.0033967004950210544,3.1761708172349947,0.0,19.2215530433111,3248.4452743336606,0
2025-03-24,fixed_3pct,487.76043701171875,0.021944368604828846,3.0,3.0,4036526.139095331,0.0,121095.78417285993,4020034.2840482728,3898938.499875413,0.022636317695502006,3.1058654599637685,0.0,19.2215530433111,3319.7144818103798,0
2025-03-25,fixed_3pct,490.5438232421875,0.005706461654662487,3.0,3.0,4036526.139095331,0.0,121095.78417285993,4042955.233987579,3921859.449814719,0.005878766731006069,3.0877135124916544,0.0,19.2215530433111,3338.642432189385,0
2025-03-26,fixed_3pct,481.51751708984375,-0.01840061116800029,3.0,3.0,4036526.139095331,0.0,121095.78417285993,3968543.1652042987,3847447.3810314387,-0.018973670457975156,3.147431847148384,0.0,19.2215530433111,3277.1934979498083,0
2025-03-27,fixed_3pct,478.77386474609375,-0.005697928416668718,3.0,3.0,4036526.139095331,0.0,121095.78417285993,3945911.4687774614,3824815.6846046015,-0.00588226275384951,3.166055417004453,0.0,19.2215530433111,3258.504410975045,0
2025-03-28,fixed_3pct,466.16876220703125,-0.026327883510824712,3.0,3.0,4036526.139095331,0.0,121095.78417285993,3842004.7497304175,3720908.9655575575,-0.02716646437769077,3.2544678005771743,0.0,19.2215530433111,3172.6990134075127,0
2025-03-31,fixed_3pct,466.1488952636719,-4.261749171119433e-05,3.0,3.0,4036526.139095331,0.0,121095.78417285993,3841821.7915717983,3720726.0073989383,-4.917028616202579e-05,3.254627831559003,0.0,19.2215530433111,3172.5479279177334,0
2025-04-01,fixed_3pct,469.90655517578125,0.008061072224538668,3.0,3.0,3720726.0073989383,-9474.003950891783,111621.78022196815,3863216.2169213705,3751594.4366994025,0.008296345723678655,2.975315751885253,6.631802765624248,17.7177428923759,3460.987819078929,-1
2025-04-02,fixed_3pct,473.3361511230469,0.007298463725373461,3.0,3.0,3720726.0073989383,0.0,111621.78022196815,3891394.042600953,3779772.262378985,0.0075108933428242874,2.953135069352393,0.0,17.7177428923759,3486.2318401145626,0
2025-04-03,fixed_3pct,447.99676513671875,-0.053533595366014985,3.0,3.0,3720726.0073989383,0.0,111621.78022196815,3683056.0107717398,3571434.230549772,-0.05511920226063716,3.1254048938424814,0.0,17.7177428923759,3299.5854424178783,0
2025-04-04,fixed_3pct,420.1722106933594,-0.06210882892171765,3.0,3.0,3720726.0073989383,0.0,111621.78022196815,3454287.9973467216,3342666.2171247536,-0.06405494226049424,3.3393038063483753,0.0,17.7177428923759,3094.6361816462836,0
2025-04-07,fixed_3pct,421.1861572265625,0.0024131689516779797,3.0,3.0,3720726.0073989383,0.0,111621.78022196815,3462606.0601491802,3350984.2799272123,0.0024884515121026407,3.3310147376875405,0.0,17.7177428923759,3102.088188580699,0
2025-04-08,fixed_3pct,413.6012268066406,-0.01800849883070066,3.0,3.0,3720726.0073989383,0.0,111621.78022196815,3400232.0052209143,3288610.2249989463,-0.018613651905768025,3.3941930659175004,0.0,17.7177428923759,3046.20836404804,0
2025-04-09,fixed_3pct,463.2461242675781,0.12003082738472282,3.0,3.0,3720726.0073989383,0.0,111621.78022196815,3808346.9483647035,3696725.1681427355,0.12409951779673745,3.019477379164971,0.0,17.7177428923759,3411.831401355116,0
2025-04-10,fixed_3pct,443.5432434082031,-0.04253220874870034,3.0,3.0,3720726.0073989383,0.0,111621.78022196815,3646351.8232264877,3534730.04300452,-0.043821251991963295,3.1578587010590957,0.0,17.7177428923759,3266.702802961436,0
2025-04-11,fixed_3pct,451.7146911621094,0.018423114037577237,3.0,3.0,3720726.0073989383,0.0,111621.78022196815,3713511.2609440247,3601889.4807220567,0.018999877473090176,3.0989784894674717,0.0,17.7177428923759,3326.8697682113952,0
2025-04-14,fixed_3pct,454.7764892578125,0.006778168068490631,3.0,3.0,3720726.0073989383,0.0,111621.78022196815,3738664.3466520435,3627042.5664300756,0.006983303025437815,3.077487461963594,0.0,17.7177428923759,3349.4039776264394,0
2025-04-15,fixed_3pct,455.2834777832031,0.0011148081252354558,3.0,3.0,3720726.0073989383,0.0,111621.78022196815,3742814.5223003267,3631192.742078359,0.0011442313047811403,3.073970129111902,0.0,17.7177428923759,3353.12204737952,0
2025-04-16,fixed_3pct,441.5550537109375,-0.030153574074574307,3.0,3.0,3720726.0073989383,0.0,111621.78022196815,3629937.569611859,3518315.789389891,-0.031085365252151553,3.17259128809823,0.0,17.7177428923759,3251.997560326901,0
2025-04-17,fixed_3pct,441.4755859375,-0.00017997251479662246,3.0,3.0,3720726.0073989383,0.0,111621.78022196815,3629266.562876009,3517644.782654041,-0.00019071816630944483,3.17319647431115,0.0,17.7177428923759,3251.396417131983,0
2025-04-21,fixed_3pct,430.5505065917969,-0.024746735026135225,3.0,3.0,3720726.0073989383,0.0,111621.78022196815,3539436.3471624115,3427814.5669404436,-0.02553703436929211,3.2563541009045345,0.0,17.7177428923759,3170.91909851642,0
2025-04-22,fixed_3pct,441.85333251953125,0.026252032583137908,3.0,3.0,3720726.0073989383,0.0,111621.78022196815,3632336.0277311695,3520714.2475092015,0.027101722906696546,3.1704299859307574,0.0,17.7177428923759,3254.146296993294,0
2025-04-23,fixed_3pct,451.8737487792969,0.022678150241908,3.0,3.0,3720726.0073989383,0.0,111621.78022196815,3714692.9721542597,3603071.1919322917,0.02339211268888275,3.0979621072129433,0.0,17.7177428923759,3327.9284426097834,0
2025-04-24,fixed_3pct,464.58819580078125,0.028137166754721887,3.0,3.0,3720726.0073989383,0.0,111621.78022196815,3819196.190011465,3707574.409789497,0.029003928118656264,3.0106416725512366,0.0,17.7177428923759,3421.5510471314033,0
2025-04-25,fixed_3pct,469.767333984375,0.011147804077688228,3.0,3.0,3720726.0073989383,0.0,111621.78022196815,3861754.1231290735,3750132.3429071056,0.011478645716519686,2.9764757617977518,0.0,17.7177428923759,3459.67795483076,0
2025-04-28,fixed_3pct,469.61822509765625,-0.00031741007927066356,3.0,3.0,3720726.0073989383,0.0,111621.78022196815,3860510.645703835,3748888.865481867,-0.00033158227804697127,2.977463035773954,0.0,17.7177428923759,3458.563945160993,0
2025-04-29,fixed_3pct,472.7198486328125,0.006604563812469655,3.0,3.0,3720726.0073989383,0.0,111621.78022196815,3885989.916869212,3774368.136647244,0.006796486126857237,2.9573633567477424,0.0,17.7177428923759,3481.3903784204426,0
2025-04-30,fixed_3pct,472.6601867675781,-0.00012620977394317556,3.0,3.0,3720726.0073989383,0.0,111621.78022196815,3885481.749217366,3773859.968995398,-0.0001346364831008584,2.9577615793646386,0.0,17.7177428923759,3480.9351199119014,0
2025-05-01,fixed_3pct,478.83343505859375,0.013060647932361613,3.0,3.0,3773859.968995398,1594.0188478937926,113215.79906986194,3937824.3950101803,3824608.5959403184,0.013447405934998047,2.9601930819806332,1.1158131935256548,17.970761757120943,3478.1580197833273,1
2025-05-02,fixed_3pct,485.9411926269531,0.014843904055049206,3.0,3.0,3773859.968995398,0.0,113215.79906986194,3996259.111753586,3883043.3126837243,0.015278613556804821,2.915646052673413,0.0,17.970761757120943,3529.771590701417,0
2025-05-05,fixed_3pct,483.058349609375,-0.005932493604820288,3.0,3.0,3773859.968995398,0.0,113215.79906986194,3972533.359368146,3859317.560298284,-0.0061100921300417665,2.9335704383215244,0.0,17.970761757120943,3508.8153702972318,0
2025-05-06,fixed_3pct,478.5650634765625,-0.00930174612745227,3.0,3.0,3773859.968995398,0.0,113215.79906986194,3935563.891814711,3822348.092744849,-0.009579275863108139,2.9619437142513374,0.0,17.970761757120943,3476.161387498751,0
2025-05-07,fixed_3pct,480.4438781738281,0.003925933672668913,3.0,3.0,3773859.968995398,0.0,113215.79906986194,3950996.683856769,3837780.884786907,0.004037516120352969,2.950032908826379,0.0,17.970761757120943,3489.792693525691,0
2025-05-08,fixed_3pct,485.4044189453125,0.010324912017485754,3.0,3.0,3773859.968995398,0.0,113215.79906986194,3991772.4062372106,3878556.6071673487,0.010624817727890035,2.91901886543684,0.0,17.970761757120943,3525.808623029735,0
2025-05-09,fixed_3pct,485.0863342285156,-0.0006552983540776269,3.0,3.0,3773859.968995398,0.0,113215.79906986194,3989138.6335877934,3875922.8345179316,-0.0006790599999365599,2.9210024013273,0.0,17.970761757120943,3523.4822934263975,0
2025-05-12,fixed_3pct,504.84881591796875,0.04074013282786759,3.0,3.0,3773859.968995398,0.0,113215.79906986194,4151638.700627181,4038422.9015573193,0.041925516574325306,2.8034656555211943,0.0,17.970761757120943,3667.013557061355,0
2025-05-13,fixed_3pct,512.5431518554688,0.015240871514196508,3.0,3.0,3773859.968995398,0.0,113215.79906986194,4214895.321875049,4101679.522805187,0.015663694167214137,2.760230253007,0.0,17.970761757120943,3722.8861665094714,0
2025-05-14,fixed_3pct,515.6148071289062,0.005992969103806534,3.0,3.0,3773859.968995398,0.0,113215.79906986194,4240137.088553067,4126921.2894832054,0.006154007532201078,2.7433476707775886,0.0,17.970761757120943,3745.1814352664783,0
2025-05-15,fixed_3pct,516.1815185546875,0.0010990984315149,3.0,3.0,3773859.968995398,0.0,113215.79906986194,4244779.445814746,4131563.6467448846,0.0011248960026228882,2.7402651574558394,0.0,17.970761757120943,3749.281885291845,0
2025-05-16,fixed_3pct,518.4280395507812,0.004352191845969244,3.0,3.0,3773859.968995398,0.0,113215.79906986194,4263235.569545002,4150019.77047514,0.00446710381547577,2.7280785473679745,0.0,17.970761757120943,3765.5836063253787,0
2025-05-19,fixed_3pct,518.9251708984375,0.0009589206403399775,3.0,3.0,3773859.968995398,0.0,113215.79906986194,4267305.703365512,4154089.9042956503,0.0009807504652066257,2.7254056045534316,0.0,17.970761757120943,3769.178629152536,0
2025-05-20,fixed_3pct,517.1954956054688,-0.0033331882706211236,3.0,3.0,3773859.968995398,0.0,113215.79906986194,4253063.999286142,4139848.2002162803,-0.0034283572112011607,2.734781412128762,0.0,17.970761757120943,3756.5993741400957,0
2025-05-21,fixed_3pct,510.0081481933594,-0.013896771091742255,3.0,3.0,3773859.968995398,0.0,113215.79906986194,4193942.1716877753,4080726.3726179134,-0.014281158327321797,2.774403102093573,0.0,17.970761757120943,3704.378899538415,0
2025-05-22,fixed_3pct,510.9624938964844,0.0018712361880994788,3.0,3.0,3773859.968995398,0.0,113215.79906986194,4201772.057288476,4088556.2582186144,0.0019187480085016695,2.7690899163312506,0.0,17.970761757120943,3711.2947943737904,0
2025-05-23,fixed_3pct,506.2306213378906,-0.009260704288703403,3.0,3.0,3773859.968995398,0.0,113215.79906986194,4162842.7180156335,4049626.9189457716,-0.009521536898162708,2.7957093662182366,0.0,17.970761757120943,3676.9097177390177,0
2025-05-27,fixed_3pct,518.1398315429688,0.02352526635706842,3.0,3.0,3773859.968995398,0.0,113215.79906986194,4260756.730997777,4147540.9319279147,0.024178526798126043,2.7297090234438137,0.0,17.970761757120943,3763.3941252038476,0
2025-05-28,fixed_3pct,515.8434448242188,-0.004431982601900364,3.0,3.0,3773859.968995398,0.0,113215.79906986194,4241855.160533307,4128639.3614634452,-0.004557295702367736,2.7422060673696445,0.0,17.970761757120943,3746.698954900977,0
2025-05-29,fixed_3pct,516.8574829101562,0.001965786511609169,3.0,3.0,3773859.968995398,0.0,113215.79906986194,4250175.771430326,4136959.972360464,0.002015339720558451,2.7366907058871868,0.0,17.970761757120943,3754.0482921537077,0
2025-05-30,fixed_3pct,516.042236328125,-0.0015773140739706593,3.0,3.0,3773859.968995398,0.0,113215.79906986194,4243453.938607442,4130238.1395375803,-0.0016248242351371012,2.7411445840393487,0.0,17.970761757120943,3748.111105932255,0
2025-06-02,fixed_3pct,520.1181030273438,0.007898319967412748,3.0,3.0,4130238.1395375803,10691.345116265467,123907.1441861274,4287718.673509606,4163811.5293234787,0.008128681362101098,2.9758105839689484,7.483941581385827,19.667800664464668,3460.4289378736703,1
2025-06-03,fixed_3pct,524.183837890625,0.007816945496833538,3.0,3.0,4130238.1395375803,0.0,123907.1441861274,4321215.868885521,4197308.724699394,0.008044839479407928,2.952061721287883,0.0,19.667800664464668,3487.4630492608208,0
2025-06-04,fixed_3pct,525.6452026367188,0.0027878859294374614,3.0,3.0,4130238.1395375803,0.0,123907.1441861274,4333243.258003783,4209336.113817656,0.0028655002305373323,2.9436267581338345,0.0,19.667800664464668,3497.1698254094144,0
2025-06-05,fixed_3pct,521.688720703125,-0.007526905817360152,3.0,3.0,4130238.1395375803,0.0,123907.1441861274,4300607.676316413,4176700.5321302856,-0.007753142254485312,2.9666274427132504,0.0,19.667800664464668,3470.831084490371,0
2025-06-06,fixed_3pct,526.7883911132812,0.009775312763678379,3.0,3.0,4130238.1395375803,0.0,123907.1441861274,4342627.793625617,4218720.64943949,0.010060600942288112,2.9370786663153443,0.0,19.667800664464668,3504.743670875288,0
2025-06-09,fixed_3pct,527.5638427734375,0.0014720363493916366,3.0,3.0,4130238.1395375803,0.0,123907.1441861274,4349000.631789048,4225093.487602921,0.001510609185340961,2.932648580432366,0.0,19.667800664464668,3509.8869079382434,0
2025-06-10,fixed_3pct,531.0530395507812,0.0066137905869378955,3.0,3.0,4130238.1395375803,0.0,123907.1441861274,4377744.3434294965,4253837.1992433695,0.006803094824951561,2.912832306045158,0.0,19.667800664464668,3533.084691915308,0
2025-06-11,fixed_3pct,529.263671875,-0.003369470735531177,3.0,3.0,4130238.1395375803,0.0,123907.1441861274,4362973.994176009,4239066.849989882,-0.003472241311001545,2.9229816035201983,0.0,19.667800664464668,3521.1641934238733,0
2025-06-12,fixed_3pct,530.5062866210938,0.0023478179442990577,3.0,3.0,4130238.1395375803,0.0,123907.1441861274,4373197.79500938,4249290.650823253,0.002411804577556076,2.915948904604155,0.0,19.667800664464668,3529.4153728861434,0
2025-06-13,fixed_3pct,523.8458862304688,-0.012554800119422671,3.0,3.0,4130238.1395375803,0.0,123907.1441861274,4318273.503009672,4194366.358823545,-0.012925520166305104,2.9541326051661696,0.0,19.667800664464668,3485.088395325267,0
2025-06-16,fixed_3pct,531.132568359375,0.013909972990988395,3.0,3.0,4130238.1395375803,0.0,123907.1441861274,4378320.9030035725,4254413.7588174455,0.014316202939111511,2.91243755803781,0.0,19.667800664464668,3533.550007759575,0
2025-06-17,fixed_3pct,525.9533081054688,-0.00975135128675042,3.0,3.0,4130238.1395375803,0.0,123907.1441861274,4335606.690031597,4211699.54584547,-0.010039976220800884,2.9419749162390425,0.0,19.667800664464668,3499.0772473287384,0
2025-06-18,fixed_3pct,525.8638305664062,-0.00017012449143971597,3.0,3.0,4130238.1395375803,0.0,123907.1441861274,4334849.429347708,4210942.285161581,-0.00017979931275879935,2.942503976431795,0.0,19.667800664464668,3498.466095575654,0
2025-06-20,fixed_3pct,523.7167358398438,-0.004082986130173438,3.0,3.0,4130238.1395375803,0.0,123907.1441861274,4317130.631450626,4193223.4872644986,-0.004207798800643592,2.954937759994275,0.0,19.667800664464668,3484.1660340146636,0
2025-06-23,fixed_3pct,529.1017456054688,0.010282294601469122,3.0,3.0,4130238.1395375803,0.0,123907.1441861274,4361500.9726355625,4237593.8284494355,0.010581439629844924,2.9239976553266285,0.0,19.667800664464668,3519.975382600961,0
2025-06-24,fixed_3pct,537.1927490234375,0.01529196130077004,3.0,3.0,4130238.1395375803,0.0,123907.1441861274,4428177.208921712,4304270.064735585,0.015734456624538318,2.87870283050511,0.0,19.667800664464668,3573.7868369154853,0
2025-06-25,fixed_3pct,538.5661010742188,0.002556534974230029,3.0,3.0,4130238.1395375803,0.0,123907.1441861274,4439478.331027743,4315571.186841616,0.0026255606493237327,2.871164414201444,0.0,19.667800664464668,3582.9074749386286,0
2025-06-26,fixed_3pct,543.601806640625,0.009350208927673131,3.0,3.0,4130238.1395375803,0.0,123907.1441861274,4480968.713152066,4357061.568965939,0.009614111395225944,2.8438235775386183,0.0,19.667800664464668,3616.3925353819536,0
2025-06-27,fixed_3pct,545.4630126953125,0.0034238408186857416,3.0,3.0,4130238.1395375803,0.0,123907.1441861274,4496291.168938745,4372384.024752618,0.003516694805466125,2.8338577646582146,0.0,19.667800664464668,3628.7586147451116,0
2025-06-30,fixed_3pct,548.9959106445312,0.006476879031195093,3.0,3.0,4130238.1395375803,0.0,123907.1441861274,4525393.4351283265,4401486.2909421995,0.006655926383599908,2.8151205296518906,0.0,19.667800664464668,3652.245772310349,0
2025-07-01,fixed_3pct,544.3682861328125,-0.008429251333194498,3.0,3.0,4401486.2909421995,8137.444542138575,132044.58872826598,4495290.000804013,4363245.412075747,-0.008688174025475948,3.0262929598875763,5.696211179497003,20.95945852829619,3404.372753248413,1
2025-07-02,fixed_3pct,548.159912109375,0.00696518528567891,3.0,3.0,4401486.2909421995,0.0,132044.58872826598,4526579.569113945,4394534.980385679,0.007171168558003815,3.0047454239783367,0.0,20.95945852829619,3428.068967240433,0
2025-07-03,fixed_3pct,553.553955078125,0.009840272609489498,3.0,3.0,4401486.2909421995,0.0,132044.58872826598,4571101.386604044,4439056.797875778,0.01013117831324939,2.9746091284854317,0.0,20.95945852829619,3461.7862273863375,0
2025-07-07,fixed_3pct,549.3840942382812,-0.007532889615530336,3.0,3.0,4401486.2909421995,0.0,132044.58872826598,4536646.824978829,4404602.2362505635,-0.007761685239463856,2.997877711669817,0.0,20.95945852829619,3435.693100847,0
2025-07-08,fixed_3pct,549.6925048828125,0.0005613752705360131,3.0,3.0,4401486.2909421995,0.0,132044.58872826598,4539172.626859,4407128.038130734,0.0005734460785999929,2.996159575710266,0.0,20.95945852829619,3437.6059409750933,0
2025-07-09,fixed_3pct,553.5838012695312,0.007079042104727762,3.0,3.0,4401486.2909421995,0.0,132044.58872826598,4571284.6615466345,4439240.072818369,0.007286385693766828,2.9744863211336527,0.0,20.95945852829619,3461.9250251548456,0
2025-07-10,fixed_3pct,552.7876586914062,-0.001438160900480101,3.0,3.0,4401486.2909421995,0.0,132044.58872826598,4564689.459222905,4432644.8704946395,-0.0014856602065997926,2.9789119721095796,0.0,20.95945852829619,3456.9303469274014,0
2025-07-11,fixed_3pct,551.5436401367188,-0.002250445600816109,3.0,3.0,4401486.2909421995,0.0,132044.58872826598,4554395.914451777,4422351.325723511,-0.002322212825946468,2.985845741386525,0.0,20.95945852829619,3449.1348402199574,0
2025-07-14,fixed_3pct,553.5440673828125,0.003626960951989,3.0,3.0,4401486.2909421995,0.0,132044.58872826598,4570893.571134863,4438848.982406598,0.003730516973430964,2.9747483920184137,0.0,20.95945852829619,3461.628844587707,0
2025-07-15,fixed_3pct,554.051513671875,0.0009167224778718897,3.0,3.0,4401486.2909421995,0.0,132044.58872826598,4575062.852556955,4443018.263828689,0.0009392708421973595,2.9719569195396236,0.0,20.95945852829619,3464.786324543718,0
2025-07-16,fixed_3pct,554.6187744140625,0.001023841155902705,3.0,3.0,4401486.2909421995,0.0,132044.58872826598,4579726.030737717,4447681.442009451,0.00104955188204503,2.9688409669153057,0.0,20.95945852829619,3468.3178423633217,0
2025-07-17,fixed_3pct,559.1072998046875,0.008092992155498191,3.0,3.0,4401486.2909421995,0.0,132044.58872826598,4616768.75812028,4484724.169392014,0.008328547776080608,2.9443190649151347,0.0,20.95945852829619,3496.37103843847,0
2025-07-18,fixed_3pct,558.56982421875,-0.0009613102639247639,3.0,3.0,4401486.2909421995,0.0,132044.58872826598,4612309.651468404,4480265.062740138,-0.0009942878276236744,2.9472494791972705,0.0,20.95945852829619,3492.9940680568566,0
2025-07-21,fixed_3pct,561.4658813476562,0.005184771900194951,3.0,3.0,4401486.2909421995,0.0,132044.58872826598,4636202.465485807,4504157.876757541,0.005332901889244512,2.931615461563759,0.0,20.95945852829619,3511.0885725325925,0
2025-07-22,fixed_3pct,558.559814453125,-0.0051758566122592775,3.0,3.0,4401486.2909421995,0.0,132044.58872826598,4612185.186840521,4480140.598112255,-0.0053322461828481105,2.947331357946759,0.0,20.95945852829619,3492.899808512349,0
2025-07-23,fixed_3pct,561.1075439453125,0.004561247383473077,3.0,3.0,4401486.2909421995,0.0,132044.58872826598,4633201.544997563,4501156.956269297,0.004691004154177003,2.933569969035445,0.0,20.95945852829619,3508.815915608787,0
2025-07-24,fixed_3pct,562.3018798828125,0.002128533024350787,3.0,3.0,4401486.2909421995,0.0,132044.58872826598,4643042.508036035,4510997.919307769,0.0021863185696660015,2.9271702423779606,0.0,20.95945852829619,3516.268673145655,0
2025-07-25,fixed_3pct,563.6553344726562,0.002406989267270232,3.0,3.0,4401486.2909421995,0.0,132044.58872826598,4654197.302061829,4522152.713333563,0.0024727996388669293,2.9199497915878125,0.0,20.95945852829619,3524.716421086882,0
2025-07-28,fixed_3pct,565.4168701171875,0.003125199988001981,3.0,3.0,4401486.2909421995,0.0,132044.58872826598,4668721.639955863,4536677.0512275975,0.003211819417599404,2.910601465284718,0.0,20.95945852829619,3535.7159917879003,0
2025-07-29,fixed_3pct,564.541015625,-0.0015490420227574075,3.0,3.0,4401486.2909421995,0.0,132044.58872826598,4661468.634484487,4529424.045756221,-0.0015987484648954942,2.9152622363097858,0.0,20.95945852829619,3530.2231461202123,0
2025-07-30,fixed_3pct,565.2974853515625,0.0013399730145824407,3.0,3.0,4401486.2909421995,0.0,132044.58872826598,4667693.91720449,4535649.328476224,0.0013744093414782554,2.911260972034341,0.0,20.95945852829619,3534.9376768555944,0
2025-07-31,fixed_3pct,562.3018798828125,-0.00529916645018691,3.0,3.0,4401486.2909421995,0.0,132044.58872826598,4642938.07074017,4510893.482011904,-0.005458060064056358,2.927238012930706,0.0,20.95945852829619,3516.1895806990265,0
2025-08-01,fixed_3pct,551.2252197265625,-0.019698778454303678,3.0,3.0,4510893.482011904,3282.2157320911356,135326.80446035712,4554671.689661936,4419344.885201579,-0.0202950030133483,3.062146267730912,2.297551012463795,21.48044515243764,3365.683323288839,1
2025-08-04,fixed_3pct,561.3961181640625,0.018451438855692004,3.0,3.0,4510893.482011904,0.0,135326.80446035712,4638690.455406332,4503363.650945975,0.019011588352322972,3.0050161379246023,0.0,21.48044515243764,3427.7691503202523,0
2025-08-05,fixed_3pct,557.5845947265625,-0.006789365501786548,3.0,3.0,4510893.482011904,0.0,135326.80446035712,4607175.210009778,4471848.405549421,-0.006998156897663477,3.0261939177638686,0.0,21.48044515243764,3404.480899687107,0
2025-08-06,fixed_3pct,564.6007690429688,0.01258315667750276,3.0,3.0,4510893.482011904,0.0,135326.80446035712,4665126.537072886,4529799.732612529,0.012959143917131044,2.987478750684379,0.0,21.48044515243764,3447.3041432375626,0
2025-08-07,fixed_3pct,566.5115356445312,0.0033842791337344025,3.0,3.0,4510893.482011904,0.0,135326.80446035712,4680893.14702338,4545566.342563023,0.0034806417239556797,2.9771164748648884,0.0,21.48044515243764,3458.9549097012846,0
2025-08-08,fixed_3pct,571.7960815429688,0.009328222932698305,3.0,3.0,4510893.482011904,0.0,135326.80446035712,4724536.0813778015,4589209.276917445,0.009601209412733791,2.9488043864335522,0.0,21.48044515243764,3491.204939197257,0
2025-08-11,fixed_3pct,570.104248046875,-0.002958805683887178,3.0,3.0,4510893.482011904,0.0,135326.80446035712,4710535.616721339,4575208.812260982,-0.003050735717562869,2.9578279377697116,0.0,21.48044515243764,3480.8592691636723,0
2025-08-12,fixed_3pct,577.2697143554688,0.01256869481878442,3.0,3.0,4510893.482011904,0.0,135326.80446035712,4769719.420875771,4634392.616415414,0.012935760220566861,2.920054808930474,0.0,21.48044515243764,3524.5932540090544,0
2025-08-13,fixed_3pct,577.558349609375,0.0005000006872497575,3.0,3.0,4510893.482011904,0.0,135326.80446035712,4772082.803419045,4636755.998958688,0.0005099659737293205,2.918566439354335,0.0,21.48044515243764,3526.339680042462,0
2025-08-14,fixed_3pct,577.110595703125,-0.0007752531091496095,3.0,3.0,4510893.482011904,0.0,135326.80446035712,4768361.750943423,4633034.946483066,-0.0008025120313550627,2.920910505177251,0.0,21.48044515243764,3523.590001225719,0
2025-08-15,fixed_3pct,574.57275390625,-0.004397496451755467,3.0,3.0,4510893.482011904,0.0,135326.80446035712,4747371.416617811,4612044.612157454,-0.004530579753460828,2.9342041510967305,0.0,21.48044515243764,3508.0791536820147,0
2025-08-18,fixed_3pct,574.34375,-0.00039856381057601364,3.0,3.0,4510893.482011904,0.0,135326.80446035712,4745457.805730632,4610131.001270275,-0.0004149159533571867,2.9354221045577487,0.0,21.48044515243764,3506.665087270848,0
2025-08-19,fixed_3pct,566.5514526367188,-0.013567305926601048,3.0,3.0,4510893.482011904,0.0,135326.80446035712,4681053.247473355,4545726.443012998,-0.013970223023929251,2.9770116208457935,0.0,21.48044515243764,3459.073216233841,0
2025-08-20,fixed_3pct,563.1876220703125,-0.005937378768955726,3.0,3.0,4510893.482011904,0.0,135326.80446035712,4653238.580860304,4517911.776399947,-0.006118860640152324,2.9953396869602207,0.0,21.48044515243764,3438.5195153436375,0
2025-08-21,fixed_3pct,560.5802001953125,-0.004629757069970708,3.0,3.0,4510893.482011904,0.0,135326.80446035712,4631673.736197153,4496346.931736796,-0.004773188528336969,3.009705579104072,0.0,21.48044515243764,3422.5841322913707,0
2025-08-22,fixed_3pct,569.2284545898438,0.015427327600079588,3.0,3.0,4510893.482011904,0.0,135326.80446035712,4703106.603816999,4567779.799356642,0.01588686742912282,2.9626385334822287,0.0,21.48044515243764,3475.3695859231907,0
2025-08-25,fixed_3pct,567.5863647460938,-0.002884764158413655,3.0,3.0,4510893.482011904,0.0,135326.80446035712,4689517.770007957,4554190.9655476,-0.0029749318938177005,2.9714784795829328,0.0,21.48044515243764,3465.3280912886053,0
2025-08-26,fixed_3pct,569.8654174804688,0.004015340881901697,3.0,3.0,4510893.482011904,0.0,135326.80446035712,4708326.301981122,4572999.497520765,0.004129939239582159,2.9592569282748453,0.0,21.48044515243764,3479.2266918268865,0
2025-08-27,fixed_3pct,570.7412109375,0.001536842612600342,3.0,3.0,4510893.482011904,0.0,135326.80446035712,4715540.778030882,4580213.973570525,0.0015776245008709555,2.954595685730869,0.0,21.48044515243764,3484.5578426499096,0
2025-08-28,fixed_3pct,574.3140258789062,0.006259956128868982,3.0,3.0,4510893.482011904,0.0,135326.80446035712,4745038.375980096,4609711.571519739,0.006440222688159469,2.9356891935809837,0.0,21.48044515243764,3506.3551488575317,0
2025-08-29,fixed_3pct,567.6660766601562,-0.011575460321687658,3.0,3.0,4510893.482011904,0.0,135326.80446035712,4690090.892088901,4554764.087628544,-0.011919939683575409,2.971104580979858,0.0,21.48044515243764,3465.751600942314,0
2025-09-02,fixed_3pct,562.9088745117188,-0.008380282606327838,3.0,3.0,4554764.087628544,1316.1181684992334,136642.92262885635,4652069.090775229,4515426.168146373,-0.008636653562150376,3.02613568554814,0.9212827179494634,21.689352798231166,3404.5444881261647,1
2025-09-03,fixed_3pct,567.3375854492188,0.007867545064627945,3.0,3.0,4554764.087628544,0.0,136642.92262885635,4688647.764637868,4552004.842009012,0.008100824263428175,3.0018184815583253,0.0,21.689352798231166,3431.314022295155,0
2025-09-04,fixed_3pct,572.4728393554688,0.009051496036850626,3.0,3.0,4554764.087628544,0.0,136642.92262885635,4731065.351944878,4594422.4293160215,0.009318440726501676,2.9741044653832276,0.0,21.689352798231166,3462.3566745532767,0
2025-09-05,fixed_3pct,573.298828125,0.0014428435949227492,3.0,3.0,4554764.087628544,0.0,136642.92262885635,4737869.849932294,4601226.927303438,0.0014810344699691669,2.9697062280937385,0.0,21.689352798231166,3467.336440688621,0
2025-09-08,fixed_3pct,576.0953979492188,0.0048780316425294235,3.0,3.0,4554764.087628544,0.0,136642.92262885635,4760959.639625652,4624316.7169967955,0.005018181032616198,2.9548781147844343,0.0,21.689352798231166,3484.2343445457227,0
2025-09-09,fixed_3pct,577.7275390625,0.002833109098061337,3.0,3.0,4554764.087628544,0.0,136642.92262885635,4774426.26834338,4637783.345714523,0.002912133736046041,2.9462981006889697,0.0,21.689352798231166,3494.0896875511594,0
2025-09-10,fixed_3pct,577.9166870117188,0.0003273999185251508,3.0,3.0,4554764.087628544,0.0,136642.92262885635,4775967.725761841,4639324.803132985,0.00033236943245440465,2.9453191666291603,0.0,21.689352798231166,3495.21777921431,0
2025-09-11,fixed_3pct,581.2804565429688,0.005820509438208665,3.0,3.0,4554764.087628544,0.0,136642.92262885635,4803744.601633419,4667101.679004563,0.005987266908499267,2.927789708194244,0.0,21.689352798231166,3515.5458542709484,0
2025-09-12,fixed_3pct,583.8480224609375,0.0044170862602861405,3.0,3.0,4554764.087628544,0.0,136642.92262885635,4824941.46655842,4688298.543929564,0.004541761971965874,2.914552504464171,0.0,21.689352798231166,3531.0584505453817,0
2025-09-15,fixed_3pct,588.843994140625,0.008556972855075173,3.0,3.0,4554764.087628544,0.0,136642.92262885635,4866206.670362289,4729563.747733433,0.008801744047912452,2.889123181695992,0.0,21.689352798231166,3561.2577488405095,0
2025-09-16,fixed_3pct,588.3463745117188,-0.0008450788899231343,3.0,3.0,4554764.087628544,0.0,136642.92262885635,4862072.652478364,4725429.729849508,-0.0008740801698478018,2.8916507162451883,0.0,21.689352798231166,3558.2323320795163,0
2025-09-17,fixed_3pct,587.1720581054688,-0.001995960980000211,3.0,3.0,4554764.087628544,0.0,136642.92262885635,4852346.4558292935,4715703.533200437,-0.00205826712174606,2.897614781481397,0.0,21.689352798231166,3551.1143661710375,0
2025-09-18,fixed_3pct,592.4666137695312,0.009017042945036469,3.0,3.0,4554764.087628544,0.0,136642.92262885635,4896078.582852904,4759435.6602240475,0.009273722725722466,2.8709900161235495,0.0,21.689352798231166,3583.119043897665,0
2025-09-19,fixed_3pct,596.4772338867188,0.006769360541128533,3.0,3.0,4554764.087628544,0.0,136642.92262885635,4929200.214665134,4792557.292036278,0.006959151079410031,2.851148443356408,0.0,21.689352798231166,3607.358595551719,0
2025-09-22,fixed_3pct,600.0083618164062,0.005919971004891833,3.0,3.0,4554764.087628544,0.0,136642.92262885635,4958359.24766046,4821716.325031604,0.006084232533595024,2.8339062984581687,0.0,21.689352798231166,3628.698180825759,0
2025-09-23,fixed_3pct,596.0228881835938,-0.00664236348431424,3.0,3.0,4554764.087628544,0.0,136642.92262885635,4925402.33389889,4788759.411270034,-0.006835100105428538,2.853409638982408,0.0,21.689352798231166,3604.5791755179716,0
2025-09-24,fixed_3pct,593.9305419921875,-0.0035105131579472593,3.0,3.0,4554764.087628544,0.0,136642.92262885635,4908089.954844755,4771447.032215899,-0.0036152117004231155,2.863762747574676,0.0,21.689352798231166,3591.9093798775793,0
2025-09-25,fixed_3pct,591.3699340820312,-0.004311291858417277,3.0,3.0,4554764.087628544,0.0,136642.92262885635,4886908.057229255,4750265.134600399,-0.004439302683752699,2.8765325462270437,0.0,21.689352798231166,3576.407737196068,0
2025-09-26,fixed_3pct,593.8009643554688,0.004110845231269922,3.0,3.0,4554764.087628544,0.0,136642.92262885635,4906975.690559172,4770332.767930316,0.0042245291075957425,2.8644316712551072,0.0,21.689352798231166,3591.093922871724,0
2025-09-29,fixed_3pct,596.5509643554688,0.004631181431281384,3.0,3.0,4554764.087628544,0.0,136642.92262885635,4929679.09590824,4793036.173279384,0.004759291742013838,2.8508635797623363,0.0,21.689352798231166,3607.709057349442,0
2025-09-30,fixed_3pct,598.1849975585938,0.002739134291552814,3.0,3.0,4554764.087628544,0.0,136642.92262885635,4943160.459613396,4806517.53698454,0.0028126980931861834,2.842867451901193,0.0,21.689352798231166,3617.5751839265004,0
2025-10-01,fixed_3pct,601.0545043945312,0.004797022405524931,3.0,3.0,4806517.53698454,7552.603480679827,144195.52610953618,4974433.544218874,4830238.018109337,0.004935065968713737,2.9852675079141857,5.2868224364758785,22.888178747545425,3449.7835532290455,1
2025-10-02,fixed_3pct,603.5255126953125,0.004111121841221976,3.0,3.0,4806517.53698454,0.0,144195.52610953618,4994861.158431472,4850665.632321936,0.004229111305904976,2.9726956471438353,0.0,22.888178747545425,3463.9501607263414,0
2025-10-03,fixed_3pct,600.9848022460938,-0.004209781352692232,3.0,3.0,4806517.53698454,0.0,144195.52610953618,4973810.996888674,4829615.470779138,-0.004339643904237134,2.985652315012852,0.0,22.888178747545425,3449.351814917188,0
2025-10-06,fixed_3pct,605.498291015625,0.007510154587375251,3.0,3.0,4806517.53698454,0.0,144195.52610953618,5011142.1981849475,4866946.672075411,0.007729642561015604,2.9627513064170663,0.0,22.888178747545425,3475.2411072575865,0
2025-10-07,fixed_3pct,602.3099975585938,-0.005265569704058781,3.0,3.0,4806517.53698454,0.0,144195.52610953618,4984732.791464707,4840537.265355171,-0.005426278219107461,2.978915731970012,0.0,22.888178747545425,3456.926109953038,0
2025-10-08,fixed_3pct,609.2147216796875,0.011463738189771755,3.0,3.0,4806517.53698454,0.0,144195.52610953618,5041853.574953281,4897658.048843745,0.011800504852508942,2.944173004147938,0.0,22.888178747545425,3496.5395328030536,0
2025-10-09,fixed_3pct,608.4774169921875,-0.0012102542195092658,3.0,3.0,4806517.53698454,0.0,144195.52610953618,5035728.7622112995,4891533.236101763,-0.0012505594880042326,2.947859477787188,0.0,22.888178747545425,3492.291958063925,0
2025-10-10,fixed_3pct,587.3545532226562,-0.0347142937102668,3.0,3.0,4806517.53698454,0.0,144195.52610953618,4860894.106735911,4716698.580626375,-0.035742301449579905,3.057128278279489,0.0,22.888178747545425,3371.043636293819,0
2025-10-13,fixed_3pct,599.8190307617188,0.021221385738261933,3.0,3.0,4806517.53698454,0.0,144195.52610953618,4964026.127429051,4819830.601319515,0.021865298138140643,2.9917135691461865,0.0,22.888178747545425,3442.5659806242506,0
2025-10-14,fixed_3pct,595.8236694335938,-0.006660944590322959,3.0,3.0,4806517.53698454,0.0,144195.52610953618,4930938.136270584,4786742.610161047,-0.006864969725161929,3.0123935597340337,0.0,22.888178747545425,3419.6193663629087,0
2025-10-15,fixed_3pct,600.0282592773438,0.007056768737883523,3.0,3.0,4806517.53698454,0.0,144195.52610953618,4965711.738180309,4821516.212070772,0.0072645648077900304,2.9906676606943576,0.0,22.888178747545425,3443.7349563870466,0
2025-10-16,fixed_3pct,597.806396484375,-0.0037029302513930107,3.0,3.0,4806517.53698454,0.0,144195.52610953618,4947301.165786556,4803105.63967702,-0.003818419680444385,3.0021310570057014,0.0,22.888178747545425,3430.967173023389,0
2025-10-17,fixed_3pct,601.7320556640625,0.006566773461732511,3.0,3.0,4806517.53698454,0.0,144195.52610953618,4979766.083610495,4835570.557500958,0.006759151319878365,2.9819754338163764,0.0,22.888178747545425,3453.4816841874017,0
2025-10-20,fixed_3pct,609.3143310546875,0.012600750316114295,3.0,3.0,4806517.53698454,0.0,144195.52610953618,5042491.984483978,4898296.458374442,0.012971768300678033,2.9437892813329065,0.0,22.888178747545425,3496.982271595248,0
2025-10-21,fixed_3pct,609.1549072265625,-0.00026164463889932765,3.0,3.0,4806517.53698454,0.0,144195.52610953618,5041149.755310797,4896954.229201261,-0.00027401958713335617,2.944596158356494,0.0,22.888178747545425,3496.0514319156864,0
2025-10-22,fixed_3pct,603.286376953125,-0.009633888201207252,3.0,3.0,4806517.53698454,0.0,144195.52610953618,4992560.993983842,4848365.467874306,-0.009922241265236442,2.974105955192288,0.0,22.888178747545425,3462.354990259067,0
2025-10-23,fixed_3pct,608.35791015625,0.008406510401807177,3.0,3.0,4806517.53698454,0.0,144195.52610953618,5034508.121732677,4890312.595623141,0.008651808125187843,2.9485952746372908,0.0,22.888178747545425,3491.4454404835565,0
2025-10-24,fixed_3pct,614.8540649414062,0.010678179204553828,3.0,3.0,4806517.53698454,0.0,144195.52610953618,5088244.613484574,4944049.087375037,0.01098835518203689,2.9165472179018037,0.0,22.888178747545425,3528.7118475640896,0
2025-10-27,fixed_3pct,625.80419921875,0.01780932240951727,3.0,3.0,4806517.53698454,0.0,144195.52610953618,5178839.9141258625,5034644.388016326,0.018324110266750848,2.8640657610844666,0.0,22.888178747545425,3591.5399415317693,0
2025-10-28,fixed_3pct,630.6165161132812,0.007689812405443863,3.0,3.0,4806517.53698454,0.0,144195.52610953618,5218641.333364569,5074445.8072550325,0.00790550755351127,2.841601459284028,0.0,22.888178747545425,3619.1423369129348,0
2025-10-29,fixed_3pct,633.4561767578125,0.0045029912347254175,3.0,3.0,4806517.53698454,0.0,144195.52610953618,5242117.941367138,5097922.415257602,0.004626437820856033,2.8285155081601974,0.0,22.888178747545425,3635.4234301174047,0
2025-10-30,fixed_3pct,623.7715454101562,-0.015288557761366617,3.0,3.0,4806517.53698454,0.0,144195.52610953618,5161950.630249904,5017755.104140367,-0.015725486695776558,2.8737059325704077,0.0,22.888178747545425,3579.827176003157,0
2025-10-31,fixed_3pct,626.7805786132812,0.004823934700558308,3.0,3.0,4806517.53698454,0.0,144195.52610953618,5186828.654838988,5042633.128729451,0.004957998960243515,2.859528393767323,0.0,22.888178747545425,3597.080155523607,0
2025-11-03,fixed_3pct,629.7796630859375,0.004784903321815692,3.0,3.0,5042633.128729451,7083.467752347351,151278.99386188353,5218735.495268212,5067456.501406328,0.004922700510463507,2.985304241287525,4.958427426643146,24.012538708235482,3449.742335034879,1
2025-11-04,fixed_3pct,616.996337890625,-0.02029809145102246,3.0,3.0,5042633.128729451,0.0,151278.99386188353,5112781.112387853,4961502.118525969,-0.02090878981417099,3.0490563189929176,0.0,24.012538708235482,3379.703276620004,0
2025-11-05,fixed_3pct,621.0116577148438,0.006507850334973142,3.0,3.0,5042633.128729451,0.0,151278.99386188353,5146030.314124042,4994751.320262158,0.006701438584907349,3.02875927472488,0.0,24.012538708235482,3401.6820067049925,0
2025-11-06,fixed_3pct,609.44384765625,-0.0186273637779365,3.0,3.0,5042633.128729451,0.0,151278.99386188353,5050149.322911857,4898870.329049973,-0.01919634934040182,3.0880383374266764,0.0,24.012538708235482,3338.3017654933647,0
2025-11-07,fixed_3pct,607.5209350585938,-0.003155192402140461,3.0,3.0,5042633.128729451,0.0,151278.99386188353,5034191.117599823,4882912.123737939,-0.00325752760129272,3.0981305833142314,0.0,24.012538708235482,3327.752908110955,0
2025-11-10,fixed_3pct,620.9617919921875,0.02212410496158035,3.0,3.0,5042633.128729451,0.0,151278.99386188353,5145544.077743549,4994265.083881665,0.022804620956087263,3.0290541515330576,0.0,24.012538708235482,3401.3605897203333,0
2025-11-11,fixed_3pct,619.307861328125,-0.00266349827862411,3.0,3.0,5042633.128729451,0.0,151278.99386188353,5131814.917411187,4980535.923549303,-0.0027489851062714177,3.037403929697527,0.0,24.012538708235482,3392.285198628761,0
2025-11-12,fixed_3pct,618.8196411132812,-0.0007883320159972618,3.0,3.0,5042633.128729451,0.0,151278.99386188353,5127745.330872911,4976466.337011027,-0.0008170981197090921,3.0398878163163654,0.0,24.012538708235482,3389.595078583415,0
2025-11-13,fixed_3pct,606.1858520507812,-0.020415947108225807,3.0,3.0,5042633.128729451,0.0,151278.99386188353,5023033.54087465,4871754.547012766,-0.021041394215710385,3.105226102875891,0.0,24.012538708235482,3320.377411724881,0
2025-11-14,fixed_3pct,606.64404296875,0.0007558588119775944,3.0,3.0,5042633.128729451,0.0,151278.99386188353,5026806.232500671,4875527.2386387875,0.0007744010067860518,3.1028232734090837,0.0,24.012538708235482,3322.871275234752,0
2025-11-17,fixed_3pct,601.4630126953125,-0.008540478281271802,3.0,3.0,5042633.128729451,0.0,151278.99386188353,4983850.8905091295,4832571.896647246,-0.00881039934535055,3.1304033772749094,0.0,24.012538708235482,3294.476492261275,0
2025-11-18,fixed_3pct,594.1397705078125,-0.012175714936622062,3.0,3.0,5042633.128729451,0.0,151278.99386188353,4923144.930240952,4771865.9363790685,-0.012561832822455044,3.17022724189681,0.0,24.012538708235482,3254.348012610226,0
2025-11-19,fixed_3pct,597.6868286132812,0.005970073510543017,3.0,3.0,5042633.128729451,0.0,151278.99386188353,4952512.45483884,4801233.460976956,0.00615430630060243,3.1508360318538067,0.0,24.012538708235482,3273.760836458526,0
2025-11-20,fixed_3pct,583.5385131835938,-0.023671787217586227,3.0,3.0,5042633.128729451,0.0,151278.99386188353,4835253.621276742,4683974.627414858,-0.02442264774565628,3.2297142041816786,0.0,24.012538708235482,3196.2491935207395,0
2025-11-21,fixed_3pct,587.9224853515625,0.00751273835218047,3.0,3.0,5042633.128729451,0.0,151278.99386188353,4871555.604061119,4720276.610199235,0.007750251799381047,3.2048756112091126,0.0,24.012538708235482,3220.2459044041566,0
2025-11-24,fixed_3pct,602.9575805664062,0.025573261083649657,3.0,3.0,5042633.128729451,0.0,151278.99386188353,4996113.154868583,4844834.161006699,0.026387765186965728,3.122480333371195,0.0,24.012538708235482,3302.5822206551643,0
2025-11-25,fixed_3pct,606.674072265625,0.006163769755954451,3.0,3.0,5042633.128729451,0.0,151278.99386188353,5026884.03349118,4875605.039629296,0.006351275936389067,3.102773761046601,0.0,24.012538708235482,3322.922704047519,0
2025-11-26,fixed_3pct,612.034423828125,0.008835636476900666,3.0,3.0,5042633.128729451,0.0,151278.99386188353,5071275.740883937,4919996.747022053,0.009104861249411567,3.0747783309704175,0.0,24.012538708235482,3352.26696808545,0
2025-11-28,fixed_3pct,616.996337890625,0.008107246699400328,3.0,3.0,5042633.128729451,0.0,151278.99386188353,5112365.81185726,4961086.817995376,0.008351645963626586,3.049311560385286,0.0,24.012538708235482,3379.428750382097,0
2025-12-01,fixed_3pct,614.923828125,-0.0033590309023721066,3.0,3.0,4961086.817995376,-2446.389322022267,148832.60453986126,5092729.714343091,4943897.10980323,-0.003464907755654223,3.0104308652528755,1.712472525415587,23.62422294283512,3421.783640814486,-1
2025-12-02,fixed_3pct,619.7362670898438,0.007826073319548543,3.0,3.0,4961086.817995376,0.0,148832.60453986126,5132562.166261241,4983729.56172138,0.0080568933846068,2.986370000551444,0.0,23.62422294283512,3448.546897455259,0
2025-12-03,fixed_3pct,621.2507934570312,0.002443824006459039,3.0,3.0,4961086.817995376,0.0,148832.60453986126,5145081.62067485,4996249.016134989,0.002512065363611926,2.9788868420933023,0.0,23.62422294283512,3456.958666134787,0
2025-12-04,fixed_3pct,620.6728515625,-0.0009302875756749263,3.0,3.0,4961086.817995376,0.0,148832.60453986126,5140271.590944361,4991438.9864045,-0.0009627281816730893,2.9817574640348425,0.0,23.62422294283512,3453.7268274221874,0
2025-12-05,fixed_3pct,623.2036743164062,0.0040775470483929155,3.0,3.0,4961086.817995376,0.0,148832.60453986126,5161207.665975012,5012375.061435151,0.00419439666350252,2.969303029315753,0.0,23.62422294283512,3467.7936880374255,0
2025-12-08,fixed_3pct,622.0079956054688,-0.0019186002268825053,3.0,3.0,4961086.817995376,0.0,148832.60453986126,5151281.747553142,5002449.143013281,-0.001980282460951388,2.9751947553076032,0.0,23.62422294283512,3461.1245052649024,0
2025-12-09,fixed_3pct,622.7752075195312,0.0012334438133960735,3.0,3.0,4961086.817995376,0.0,148832.60453986126,5157611.9399327785,5008779.3353929175,0.001265418637684368,2.9714346465252293,0.0,23.62422294283512,3465.3777348574417,0
2025-12-10,fixed_3pct,625.3258666992188,0.004095633783892216,3.0,3.0,4961086.817995376,0.0,148832.60453986126,5178712.00541523,5029879.400875369,0.004212616302210481,2.9589696427703487,0.0,23.62422294283512,3479.5547799663987,0
2025-12-11,fixed_3pct,623.3033447265625,-0.003234348809736831,3.0,3.0,4961086.817995376,0.0,148832.60453986126,5161938.620181602,5013106.015641741,-0.003334748986368985,2.9688700792578153,0.0,23.62422294283512,3468.2848130895272,0
2025-12-12,fixed_3pct,611.3867797851562,-0.01911840365084827,3.0,3.0,4961086.817995376,0.0,148832.60453986126,5063226.969797125,4914394.365257264,-0.019690716708659295,3.028503483400645,0.0,23.62422294283512,3401.9608710409016,0
2025-12-15,fixed_3pct,608.3179931640625,-0.005019386618356658,3.0,3.0,4961086.817995376,0.0,148832.60453986126,5037789.05187628,4888956.4473364195,-0.005176206065325206,3.044261206723321,0.0,23.62422294283512,3384.8692411527536,0
2025-12-16,fixed_3pct,609.5235595703125,0.001981802971139146,3.0,3.0,4961086.817995376,0.0,148832.60453986126,5047749.332964319,4898916.728424458,0.002037302069537672,3.038071736886358,0.0,23.62422294283512,3391.561512055915,0
2025-12-17,fixed_3pct,598.2247924804688,-0.018537047358446523,3.0,3.0,4961086.817995376,0.0,148832.60453986126,4954155.34030265,4805322.735762789,-0.019105038491186943,3.0972447164099965,0.0,23.62422294283512,3328.676102671977,0
2025-12-18,fixed_3pct,606.8931884765625,0.014490198509077512,3.0,3.0,4961086.817995376,0.0,148832.60453986126,5025918.410405499,4877085.805865638,0.014934079155342728,3.0516708227864537,0.0,23.62422294283512,3376.8934071562435,0
2025-12-19,fixed_3pct,614.8042602539062,0.013035360962284415,3.0,3.0,4961086.817995376,0.0,148832.60453986126,5091409.446829183,4942576.842289322,0.01342831334747463,3.011235015436288,0.0,23.62422294283512,3420.896558633811,0
2025-12-22,fixed_3pct,617.7513427734375,0.004793529762324944,3.0,3.0,4961086.817995376,0.0,148832.60453986126,5115791.6453217985,4966959.040781938,0.004933094470883637,2.996453228582108,0.0,23.62422294283512,3437.278855085584,0
2025-12-23,fixed_3pct,620.6444702148438,0.004683320360612031,3.0,3.0,4961086.817995376,0.0,148832.60453986126,5139726.912272041,4990894.30773218,0.004818897589796478,2.9820828765955083,0.0,23.62422294283512,3453.3608601168353,0
2025-12-24,fixed_3pct,622.460205078125,0.002925563588204838,3.0,3.0,4961086.817995376,0.0,148832.60453986126,5154739.885956958,5005907.281417097,0.0030080728541292956,2.9731394565048554,0.0,23.62422294283512,3463.448013890252,0
2025-12-26,fixed_3pct,622.4203491210938,-6.402972705099597e-05,3.0,3.0,4961086.817995376,0.0,148832.60453986126,5154386.2051460985,5005553.600606238,-7.065268910844136e-05,2.9733495316449257,0.0,23.62422294283512,3463.2103772433943,0
2025-12-29,fixed_3pct,619.4074096679688,-0.004840682759455928,3.0,3.0,4961086.817995376,0.0,148832.60453986126,5129411.832484327,4980579.227944466,-0.004989332780043876,2.9882589499793166,0.0,23.62422294283512,3446.4302014620303,0
2025-12-30,fixed_3pct,617.9707641601562,-0.002319387022803987,3.0,3.0,4961086.817995376,0.0,148832.60453986126,5117491.117022503,4968658.512482642,-0.0023934395812721387,2.9954283266993027,0.0,23.62422294283512,3438.4207229618864,0
2025-12-31,fixed_3pct,612.8628540039062,-0.008265617813153048,3.0,3.0,4961086.817995376,0.0,148832.60453986126,5075168.267064047,4926335.662524186,-0.008517963118642502,3.0211624772559955,0.0,23.62422294283512,3409.9841783691854,0
2026-01-02,fixed_3pct,611.6756591796875,-0.0019371296799318705,3.0,3.0,4926335.662524186,-1042.5346641356882,147790.06987572557,5064272.305742126,4916482.2358664,-0.002000153325471321,3.0060124858700212,0.7297742648949818,23.45874125011517,3426.6661555817627,-1
2026-01-05,fixed_3pct,616.5341796875,0.007942968524083938,3.0,3.0,4926335.662524186,0.0,147790.06987572557,5104474.202522775,4956684.13264705,0.008176963701276296,2.9816317909448933,0.0,23.45874125011517,3453.868183982219,0
2026-01-06,fixed_3pct,621.951416015625,0.008786595304206557,3.0,3.0,4926335.662524186,0.0,147790.06987572557,5149301.692839854,5001511.622964129,0.009043846474263706,2.9549080561396015,0.0,23.45874125011517,3484.2000529330717,0
2026-01-07,fixed_3pct,622.550048828125,0.0009625073552126384,3.0,3.0,4926335.662524186,0.0,147790.06987572557,5154234.474852171,5006444.404976445,0.0009862582323447722,2.9519966251661773,0.0,23.45874125011517,3487.537748095179,0
2026-01-08,fixed_3pct,619.0083618164062,-0.005688999652936455,3.0,3.0,4926335.662524186,0.0,147790.06987572557,5124888.577972333,4977098.508096607,-0.00586162443962579,2.969402145352453,0.0,23.45874125011517,3467.681274040789,0
2026-01-09,fixed_3pct,625.173828125,0.00996023105487942,3.0,3.0,4926335.662524186,0.0,147790.06987572557,5175910.1935982,5028120.123722474,0.010251277032766515,2.939270865436524,0.0,23.45874125011517,3502.204307739041,0
2026-01-12,fixed_3pct,625.6925659179688,0.0008297496946161331,3.0,3.0,4926335.662524186,0.0,147790.06987572557,5180181.444759448,5032391.3748837225,0.0008494727763357357,2.936776154043472,0.0,23.45874125011517,3505.0943876779975,0
2026-01-13,fixed_3pct,624.7647705078125,-0.0014828295247444334,3.0,3.0,4926335.662524186,0.0,147790.06987572557,5172476.660028375,5024686.590152649,-0.0015310384580832226,2.941279365868583,0.0,23.45874125011517,3499.881057217059,0
2026-01-14,fixed_3pct,618.0905151367188,-0.010682829260153182,3.0,3.0,4926335.662524186,0.0,147790.06987572557,5117196.516275913,4969406.446400188,-0.011001709810279259,2.9739984336114014,0.0,23.45874125011517,3462.476552436092,0
2026-01-15,fixed_3pct,620.3153076171875,0.0035994606388298767,3.0,3.0,4926335.662524186,0.0,147790.06987572557,5135592.204976155,4987802.13510043,0.0037017879094127792,2.9630299252588497,0.0,23.45874125011517,3474.923727483583,0
2026-01-16,fixed_3pct,619.7965087890625,-0.0008363469702494797,3.0,3.0,4926335.662524186,0.0,147790.06987572557,5131273.609253836,4983483.53937811,-0.0008658314033607173,2.965597632819077,0.0,23.45874125011517,3472.0016125363804,0
2026-01-20,fixed_3pct,606.6276245117188,-0.021247109479646253,3.0,3.0,4926335.662524186,0.0,147790.06987572557,5022225.41836675,4874435.348491024,-0.021881920553247003,3.031942354543216,0.0,23.45874125011517,3398.215741145439,0
2026-01-21,fixed_3pct,614.8282470703125,0.013518379690002691,3.0,3.0,4926335.662524186,0.0,147790.06987572557,5090094.309719764,4942304.239844038,0.013923436562559788,2.9903070046612372,0.0,23.45874125011517,3444.138238786914,0
2026-01-22,fixed_3pct,619.2976684570312,0.00726938199084981,3.0,3.0,4926335.662524186,0.0,147790.06987572557,5127072.6908853175,4979282.621009592,0.0074820123106627,2.968099646566354,0.0,23.45874125011517,3469.159122258075,0
2026-01-23,fixed_3pct,621.2530517578125,0.003157420737031069,3.0,3.0,4926335.662524186,0.0,147790.06987572557,5143237.5577785345,4995447.487902809,0.003246424861487185,2.9584951144741365,0.0,23.45874125011517,3480.0968441948803,0
2026-01-26,fixed_3pct,623.9866333007812,0.004400109641689687,3.0,3.0,4926335.662524186,0.0,147790.06987572557,5165844.908204766,5018054.83832904,0.004525590646479394,2.9451664965251383,0.0,23.45874125011517,3495.393778857163,0
2026-01-27,fixed_3pct,629.6432495117188,0.009065284269015539,3.0,3.0,4926335.662524186,0.0,147790.06987572557,5212651.302046038,5064861.232170313,0.00932759711666642,2.9179490434409585,0.0,23.45874125011517,3527.064644078778,0
2026-01-28,fixed_3pct,631.728271484375,0.0033114338544455446,3.0,3.0,4926335.662524186,0.0,147790.06987572557,5229889.1932978025,5082099.123422077,0.0034034281417771872,2.908051698452702,0.0,23.45874125011517,3538.728412332125,0
2026-01-29,fixed_3pct,627.9472045898438,-0.005985274152202957,3.0,3.0,4926335.662524186,0.0,147790.06987572557,5198563.413949021,5050773.344073296,-0.0061639449739201435,2.926087943525444,0.0,23.45874125011517,3517.5322796182545,0
2026-01-30,fixed_3pct,620.405029296875,-0.012010843010114347,3.0,3.0,4926335.662524186,0.0,147790.06987572557,5136100.826164705,4988310.756288979,-0.012366935423386516,2.9627278069915803,0.0,23.45874125011517,3475.267878608877,0
2026-02-02,fixed_3pct,624.6650390625,0.0068664977949211,3.0,3.0,4988310.756288979,1859.2528129437997,149649.32268866937,5173214.806256038,5023565.483567369,0.007067468127149645,2.9789463913268106,1.3014769690606598,23.753860744233233,3456.891560423832,1
2026-02-03,fixed_3pct,615.0676879882812,-0.015363995860281365,3.0,3.0,4988310.756288979,0.0,149649.32268866937,5093709.80152763,4944060.478838961,-0.01582640954686032,3.0268505680539795,0.0,23.753860744233233,3403.764019784165,0
2026-02-04,fixed_3pct,604.322998046875,-0.017469117873106343,3.0,3.0,4988310.756288979,0.0,149649.32268866937,5004703.430732601,4855054.108043932,-0.018002686491393805,3.0823409864933935,0.0,23.753860744233233,3344.2873918944438,0
2026-02-05,fixed_3pct,595.6235961914062,-0.014395285110089362,3.0,3.0,4988310.756288979,0.0,149649.32268866937,4932635.544095019,4782986.22140635,-0.014843889487900719,3.128784315098188,0.0,23.753860744233233,3296.129548382173,0
2026-02-06,fixed_3pct,608.2138671875,0.021137965447641127,3.0,3.0,4988310.756288979,0.0,149649.32268866937,5036877.669931161,4887228.347242492,0.021794360470787977,3.062048917217171,0.0,23.753860744233233,3365.7871478709512,0
2026-02-09,fixed_3pct,612.8728637695312,0.0076601288352324826,3.0,3.0,4988310.756288979,0.0,149649.32268866937,5075437.047949395,4925787.725260726,0.00788982533218241,3.0380790045260895,0.0,23.753860744233233,3391.5536380397393,0
2026-02-10,fixed_3pct,610.029541015625,-0.004639335369521991,3.0,3.0,4988310.756288979,0.0,149649.32268866937,5051866.639476317,4902217.316787648,-0.0047851043909592494,3.052686427755765,0.0,23.753860744233233,3375.8032102732777,0
2026-02-11,fixed_3pct,611.6657104492188,0.002682115083918246,3.0,3.0,4988310.756288979,0.0,149649.32268866937,5065392.5733312555,4915743.2506425865,0.0027591461130493933,3.0442867956764665,0.0,23.753860744233233,3384.841629968018,0
2026-02-12,fixed_3pct,599.22509765625,-0.02033890829654672,3.0,3.0,4988310.756288979,0.0,149649.32268866937,4962344.264435518,4812694.941746849,-0.020962915197466292,3.109470359123814,0.0,23.753860744233233,3315.9817734418916,0
2026-02-13,fixed_3pct,600.5020141601562,0.0021309462986458527,3.0,3.0,4988310.756288979,0.0,149649.32268866937,4972894.999717678,4823245.677029009,0.002192271774934307,3.1026684666174704,0.0,23.753860744233233,3323.032079512511,0
2026-02-17,fixed_3pct,599.8834838867188,-0.0010300219796973709,3.0,3.0,4988310.756288979,0.0,149649.32268866937,4967749.054704497,4818099.732015828,-0.0010669050174427763,3.105982254669065,0.0,23.753860744233233,3319.5934104155003,0
2026-02-18,fixed_3pct,604.3629760742188,0.007467270408041182,3.0,3.0,4988310.756288979,0.0,149649.32268866937,5004820.826354521,4855171.503665852,0.00769427237126008,3.0822664570278935,0.0,23.753860744233233,3344.365839039951,0
2026-02-19,fixed_3pct,602.04833984375,-0.003829877610147525,3.0,3.0,4988310.756288979,0.0,149649.32268866937,4985629.221268121,4835979.898579452,-0.003952817129510233,3.094498443482534,0.0,23.753860744233233,3331.541454176996,0
2026-02-20,fixed_3pct,607.3757934570312,0.00884888016577512,3.0,3.0,4988310.756288979,0.0,149649.32268866937,5029722.702937365,4880073.380248696,0.009117796722479365,3.066538369983343,0.0,23.753860744233233,3361.0059922564474,0
2026-02-23,fixed_3pct,599.9932250976562,-0.012154861024927022,3.0,3.0,4988310.756288979,0.0,149649.32268866937,4968563.368628496,4818914.045939827,-0.01253246202329672,3.1054573968746406,0.0,23.753860744233233,3320.13755850075,0
2026-02-24,fixed_3pct,606.4380493164062,0.010741494985549327,3.0,3.0,4988310.756288979,0.0,149649.32268866937,5021909.413277259,4872260.09058859,0.011070138238657545,3.071455954860388,0.0,23.753860744233233,3355.7849264208467,0
2026-02-25,fixed_3pct,615.227294921875,0.014493229135896346,3.0,3.0,4988310.756288979,0.0,149649.32268866937,5094669.343242857,4945020.020554188,0.014933506958329845,3.026263231830115,0.0,23.753860744233233,3404.405213274378,0
2026-02-26,fixed_3pct,607.8048095703125,-0.012064622965899163,3.0,3.0,4988310.756288979,0.0,149649.32268866937,5033180.324619962,4883531.001931293,-0.012434533807206605,3.064367209494267,0.0,23.753860744233233,3363.3164749372077,0
2026-02-27,fixed_3pct,605.8594360351562,-0.0032006550532752698,3.0,3.0,4988310.756288979,0.0,149649.32268866937,5017047.0967191765,4867397.774030508,-0.0033035989521527087,3.0745242044344043,0.0,23.753860744233233,3352.5357860500626,0
2026-03-02,fixed_3pct,606.6575317382812,0.0013172951606528205,3.0,3.0,4867397.774030508,-3627.3894677541393,146021.93322091523,5019998.140168001,4873976.206947085,0.0013515297540867,2.9959508832395194,2.5391726274278974,23.178084638240513,3437.8384325136226,-1
2026-03-03,fixed_3pct,600.162841796875,-0.01070569407223343,3.0,3.0,4867397.774030508,0.0,146021.93322091523,4966232.397751544,4820210.464530628,-0.011031186885939848,3.0293684123424316,0.0,23.178084638240513,3401.0181129694924,0
2026-03-04,fixed_3pct,609.3112182617188,0.015243157069594115,3.0,3.0,4867397.774030508,0.0,146021.93322091523,5041910.2801499395,4895888.346929024,0.015700119933614864,2.9825421429904218,0.0,23.178084638240513,3452.8444932461484,0
2026-03-05,fixed_3pct,607.4755859375,-0.0030126350364195753,3.0,3.0,4867397.774030508,0.0,146021.93322091523,5026697.666504838,4880675.733283922,-0.003107222339873039,2.9918384502603614,0.0,23.178084638240513,3442.4264599346134,0
2026-03-06,fixed_3pct,598.337158203125,-0.015043283953991238,3.0,3.0,4867397.774030508,0.0,146021.93322091523,4951056.448072102,4805034.514851186,-0.015498103657429652,3.038936198472605,0.0,23.178084638240513,3390.6251881912112,0
2026-03-09,fixed_3pct,606.3283081054688,0.01335559691185173,3.0,3.0,4867397.774030508,0.0,146021.93322091523,5017157.58419574,4871135.650974824,0.013756641272676617,2.997697943223834,0.0,23.178084638240513,3435.893138467992,0
2026-03-10,fixed_3pct,606.3383178710938,1.6508821196747903e-05,3.0,3.0,4867397.774030508,0.0,146021.93322091523,5017217.233468575,4871195.30024766,1.2245455086823398e-05,2.9976612354978096,0.0,23.178084638240513,3435.9339879975932,0
2026-03-11,fixed_3pct,606.2584228515625,-0.00013176640363377068,3.0,3.0,4867397.774030508,0.0,146021.93322091523,5016532.954712834,4870511.021491919,-0.00014047450647414195,2.9980823896418634,0.0,23.178084638240513,3435.4653743169993,0
2026-03-12,fixed_3pct,595.85302734375,-0.017163300525987357,3.0,3.0,4867397.774030508,0.0,146021.93322091523,4930409.51392794,4784387.580707025,-0.017682629277474216,3.0520506701787,0.0,23.178084638240513,3376.4855766350997,0
2026-03-13,fixed_3pct,592.3213500976562,-0.005927094575381431,3.0,3.0,4867397.774030508,0.0,146021.93322091523,4901163.332358891,4755141.399137976,-0.0061128370299646795,3.070822105256144,0.0,23.178084638240513,3356.4569542740996,0
2026-03-16,fixed_3pct,598.9656982421875,0.011217471974352744,3.0,3.0,4867397.774030508,0.0,146021.93322091523,4956118.816596715,4810096.883375799,0.011557066262590343,3.0357378814048923,0.0,23.178084638240513,3394.0920430759184,0
2026-03-17,fixed_3pct,601.8887939453125,0.0048802389046711525,3.0,3.0,4867397.774030508,0.0,146021.93322091523,4980282.682377005,4834260.7491560895,0.005023571534245708,3.020563862766527,0.0,23.178084638240513,3410.6401500946995,0
2026-03-18,fixed_3pct,593.4986572265625,-0.013939679228373136,3.0,3.0,4867397.774030508,0.0,146021.93322091523,4910835.96123341,4764814.028012495,-0.014365530687544759,3.064588300035376,0.0,23.178084638240513,3363.081047423096,0
2026-03-19,fixed_3pct,591.623046875,-0.003160260480330801,3.0,3.0,4867397.774030508,0.0,146021.93322091523,4895293.262335099,4749271.329114184,-0.0032619738791346276,3.074617622407998,0.0,23.178084638240513,3352.4369622809027,0
2026-03-20,fixed_3pct,580.6888427734375,-0.018481707498242073,3.0,3.0,4867397.774030508,0.0,146021.93322091523,4804796.706057869,4658774.772836953,-0.01905482967933725,3.134341974896447,0.0,23.178084638240513,3290.4623299218597,0
2026-03-23,fixed_3pct,587.3545532226562,0.011478971108489944,3.0,3.0,4867397.774030508,0.0,146021.93322091523,4859927.650544236,4713905.717323321,0.011833786172237737,3.097684637269969,0.0,23.178084638240513,3328.2175789247335,0
2026-03-24,fixed_3pct,583.3389282226562,-0.006836798962342794,3.0,3.0,4867397.774030508,0.0,146021.93322091523,4826678.124141296,4680656.190920381,-0.007053498393222002,3.1196893611663072,0.0,23.178084638240513,3305.447351418817,0
2026-03-25,fixed_3pct,587.1747436523438,0.006575620525403059,3.0,3.0,4867397.774030508,0.0,146021.93322091523,4858393.349799275,4712371.41657836,0.006775807571489878,3.098693212237107,0.0,23.178084638240513,3327.166845852573,0
2026-03-26,fixed_3pct,573.1600952148438,-0.023867934697473725,3.0,3.0,4867397.774030508,0.0,146021.93322091523,4742410.3565069875,4596388.423286072,-0.02461244733049983,3.176884104945172,0.0,23.178084638240513,3247.738371832291,0
2026-03-27,fixed_3pct,561.9624633789062,-0.019536656388718376,3.0,3.0,4867397.774030508,0.0,146021.93322091523,4649736.336832973,4503714.403612058,-0.0201623559933517,3.2422556169148535,0.0,23.178084638240513,3184.272550205475,0
2026-03-30,fixed_3pct,557.6671752929688,-0.007643371872404492,3.0,3.0,4867397.774030508,0.0,146021.93322091523,4614173.494817289,4468151.561596373,-0.007896335963746393,3.268061327103792,0.0,23.178084638240513,3159.9180979452917,0
2026-03-31,fixed_3pct,576.54638671875,0.03385390473424077,3.0,3.0,4867397.774030508,0.0,146021.93322091523,4770358.106653454,4624336.173432538,0.0349550837036432,3.1576842111919063,0.0,23.178084638240513,3266.8777911852617,0
2026-04-01,fixed_3pct,583.6685791015625,0.012353199234057088,3.0,3.0,4624336.173432538,-7291.848017939075,138730.08520297616,4821878.17709704,4683148.091894064,0.012717915881507169,2.9623253948150894,5.104293612557353,22.02064844491685,3475.7263862716904,-1
2026-04-02,fixed_3pct,584.3378295898438,0.0011466275764089318,3.0,3.0,4624336.173432538,0.0,138730.08520297616,4827385.054936539,4688654.969733563,0.001175892312487603,2.958846110420013,0.0,22.02064844491685,3479.6958769783687,0
2026-04-06,fixed_3pct,587.85400390625,0.006017365534718655,3.0,3.0,4624336.173432538,0.0,138730.08520297616,4856411.174740486,4717681.08953751,0.006190713539664827,2.940641441632002,0.0,22.02064844491685,3500.6186060039286,0
2026-04-07,fixed_3pct,587.9439086914062,0.00015293726768694782,3.0,3.0,4624336.173432538,0.0,138730.08520297616,4857131.88034787,4718401.795144894,0.00015276691953225452,2.9401922775149334,0.0,22.02064844491685,3501.138108032872,0
2026-04-08,fixed_3pct,605.4246826171875,0.029732043596962132,3.0,3.0,4624336.173432538,0.0,138730.08520297616,5001522.316522122,4862792.231319146,0.030601555874878228,2.852889422449011,0.0,22.02064844491685,3605.218225884017,0
2026-04-09,fixed_3pct,609.5202026367188,0.006764706060259584,3.0,3.0,4624336.173432538,0.0,138730.08520297616,5035334.1241987785,4896604.038995802,0.0069531672480038775,2.8331897800628982,0.0,22.02064844491685,3629.59059444934,0
2026-04-10,fixed_3pct,610.3992309570312,0.0014421643720912147,3.0,3.0,4624336.173432538,0.0,138730.08520297616,5042573.883025828,4903843.797822852,0.0014785264990579972,2.8290070182204388,0.0,22.02064844491685,3634.809187674059,0
2026-04-13,fixed_3pct,616.7122802734375,0.010342492251355084,3.0,3.0,4624336.173432538,0.0,138730.08520297616,5094704.643689463,4955974.558486487,0.010630591595674366,2.799249341694425,0.0,22.02064844491685,3672.3863005168596,0
2026-04-14,fixed_3pct,627.909912109375,0.01815697886050316,3.0,3.0,4624336.173432538,0.0,138730.08520297616,5187187.067556995,5048456.982354019,0.018660794718803997,2.747970036941633,0.0,22.02064844491685,3739.0498679270722,0
2026-04-15,fixed_3pct,636.7003173828125,0.013999468879074328,3.0,3.0,4624336.173432538,0.0,138730.08520297616,5259782.910830751,5121052.825627775,0.014379808232000801,2.7090149218675488,0.0,22.02064844491685,3791.3787071745514,0
2026-04-16,fixed_3pct,639.7669067382812,0.004816377928118731,3.0,3.0,4624336.173432538,0.0,138730.08520297616,5285093.992500727,5146363.907297751,0.004942554301199387,2.695691321133574,0.0,22.02064844491685,3809.623546881053,0
2026-04-17,fixed_3pct,648.1376953125,0.013084122492198702,3.0,3.0,4624336.173432538,0.0,138730.08520297616,5354222.789032945,5215492.703829969,0.013432551171554508,2.6599612554553183,0.0,22.02064844491685,3859.4532550017366,0
2026-04-20,fixed_3pct,646.0799560546875,-0.003174848913578998,3.0,3.0,4624336.173432538,0.0,138730.08520297616,5337201.919979679,5198471.834776703,-0.0032635208253223302,2.668670517264334,0.0,22.02064844491685,3847.1842010122123,0
2026-04-21,fixed_3pct,643.6226806640625,-0.00380336112828894,3.0,3.0,4624336.173432538,0.0,138730.08520297616,5316880.593014955,5178150.507811978,-0.003909096290332759,2.6791435473666136,0.0,22.02064844491685,3832.5360971528416,0
2026-04-22,fixed_3pct,654.390869140625,0.01673059200687632,3.0,3.0,4624336.173432538,0.0,138730.08520297616,5405813.132317522,5267083.0471145455,0.01717457597425942,2.633907306226667,0.0,22.02064844491685,3896.6408219300592,0
2026-04-23,fixed_3pct,650.7048950195312,-0.005632679633709281,3.0,3.0,4624336.173432538,0.0,138730.08520297616,5375341.898135033,5236611.812932057,-0.005785219999365876,2.649233706045878,0.0,22.02064844491685,3874.6764195166206,0
2026-04-24,fixed_3pct,663.1512451171875,0.019127488040923124,3.0,3.0,4624336.173432538,0.0,138730.08520297616,5478136.665359039,5339406.580156063,0.019630014768356352,2.598230404827521,0.0,22.02064844491685,3948.7733733774985,0
2026-04-27,fixed_3pct,663.5008544921875,0.0005271940263615882,3.0,3.0,4624336.173432538,0.0,138730.08520297616,5481002.685636164,5342272.600433188,0.0005367675666012595,2.5968365072146824,0.0,22.02064844491685,3950.8392700955255,0
2026-04-28,fixed_3pct,656.8281860351562,-0.010056759402575555,3.0,3.0,4624336.173432538,0.0,138730.08520297616,5425859.539693405,5287129.454490429,-0.010322038964894364,2.623920719118214,0.0,22.02064844491685,3911.090757102054,0
2026-04-29,fixed_3pct,660.84375,0.006113568281962856,3.0,3.0,4624336.173432538,0.0,138730.08520297616,5459008.881829215,5320278.796626239,0.006269818513268355,2.607571717687979,0.0,22.02064844491685,3934.9856044866783,0
2026-04-30,fixed_3pct,667.0069580078125,0.00932627116139395,3.0,3.0,4624336.173432538,0.0,138730.08520297616,5509899.058285167,5371168.973082191,0.009565321367786872,2.582865776486032,0.0,22.02064844491685,3971.6684742344296,0
2026-05-01,fixed_3pct,673.4099731445312,0.009599622702352262,3.0,3.0,5371168.973082191,22404.983989489585,161135.06919246574,5585370.6627157135,5424235.593523248,0.009879901508778044,2.9706502679357696,15.68348879264271,25.5769951099152,3466.2663383625936,1
2026-05-04,fixed_3pct,672.141357421875,-0.0018838683316975136,3.0,3.0,5371168.973082191,0.0,161135.06919246574,5574822.982808321,5413687.913615855,-0.0019445467892262869,2.9764380910690886,0.0,25.5769951099152,3459.7204759626497,0
2026-05-05,fixed_3pct,680.8617553710938,0.012974053527471385,3.0,3.0,5371168.973082191,0.0,161135.06919246574,5647125.4575983435,5485990.388405878,0.01335549369371214,2.9372101987821466,0.0,25.5769951099152,3504.5912015920044,0
2026-05-06,fixed_3pct,695.0062255859375,0.02077436440402569,3.0,3.0,5371168.973082191,0.0,161135.06919246574,5764415.322694631,5603280.253502166,0.021379888915622036,2.8757274650282394,0.0,25.5769951099152,3577.380983285146,0
2026-05-07,fixed_3pct,694.1771240234375,-0.001192941202506459,3.0,3.0,5371168.973082191,0.0,161135.06919246574,5757513.137152719,5596378.067960254,-0.001231811587078524,2.8792741883358075,0.0,25.5769951099152,3573.0975050972493,0
2026-05-08,fixed_3pct,710.44921875,0.023440839756069476,3.0,3.0,5371168.973082191,0.0,161135.06919246574,5892448.502999071,5731313.433806606,0.02411119552820562,2.811485902027235,0.0,25.5769951099152,3656.838038131172,0
2026-05-11,fixed_3pct,712.5069580078125,0.0028963917525772764,3.0,3.0,5371168.973082191,0.0,161135.06919246574,5909489.765250534,5748354.696058068,0.0029733607223334513,2.803151122580589,0.0,25.5769951099152,3667.413800649453,0
2026-05-12,fixed_3pct,706.463623046875,-0.008481790799397704,3.0,3.0,5371168.973082191,0.0,161135.06919246574,5859341.132335387,5698206.063142922,-0.008723997659632277,2.827821026598493,0.0,25.5769951099152,3636.2916910016475,0
2026-05-13,fixed_3pct,713.9254760742188,0.010562260792936318,3.0,3.0,5371168.973082191,0.0,161135.06919246574,5921203.444454783,5760068.375262317,0.01085645401971913,2.7974506324350283,0.0,25.5769951099152,3674.6832791453216,0
2026-05-14,fixed_3pct,718.9998168945312,0.00710766178035227,3.0,3.0,5371168.973082191,0.0,161135.06919246574,5963263.778875514,5802128.709683049,0.007302054711948669,2.7771715736596962,0.0,25.5769951099152,3700.785812027529,0
2026-05-15,fixed_3pct,708.1517944335938,-0.015087656778261405,3.0,3.0,5371168.973082191,0.0,161135.06919246574,5873266.524706492,5712131.455514027,-0.015511075102285665,2.82092718711715,0.0,25.5769951099152,3644.9337528699252,0
2026-05-18,fixed_3pct,705.1051025390625,-0.004302314727548051,3.0,3.0,5371168.973082191,0.0,161135.06919246574,5847972.306643322,5686837.237450857,-0.0044281575555746855,2.8334742575592875,0.0,25.5769951099152,3629.236227688142,0
2026-05-19,fixed_3pct,700.7599487304688,-0.006162420032059024,3.0,3.0,5371168.973082191,0.0,161135.06919246574,5811909.067958827,5650773.998766362,-0.006341528195496715,2.8515574897818183,0.0,25.5769951099152,3606.8554766416896,0
2026-05-20,fixed_3pct,712.3671875,0.016563787343382597,3.0,3.0,5371168.973082191,0.0,161135.06919246574,5908150.716824464,5747015.647631998,0.017031586980234437,2.8038042537583814,0.0,25.5769951099152,3666.5827907192242,0
2026-05-21,fixed_3pct,713.7256469726562,0.001906965251198045,3.0,3.0,5371168.973082191,0.0,161135.06919246574,5919391.777945179,5758256.708752713,0.001955982341086404,2.798330768191281,0.0,25.5769951099152,3673.5589636758937,0
2026-05-22,fixed_3pct,716.7523193359375,0.004240666390677106,3.0,3.0,5371168.973082191,0.0,161135.06919246574,5944468.366716051,5783333.297523585,0.004354892468193539,2.786197179081198,0.0,25.5769951099152,3689.1214286914515,0
2026-05-26,fixed_3pct,729.4783935546875,0.01775519084548005,3.0,3.0,5371168.973082191,0.0,161135.06919246574,6049987.960046903,5888852.890854438,0.018245462936752332,2.7362726184366615,0.0,25.5769951099152,3754.606610694145,0
2026-05-27,fixed_3pct,728.6492919921875,-0.0011365676760621835,3.0,3.0,5371168.973082191,0.0,161135.06919246574,6043086.162295839,5881951.093103373,-0.0011720105560427685,2.7394833218079233,0.0,25.5769951099152,3750.3233731682276,0
2026-05-28,fixed_3pct,734.79248046875,0.008430926296197239,3.0,3.0,5371168.973082191,0.0,161135.06919246574,6094009.399336615,5932874.330144149,0.008657541729730323,2.715969700786679,0.0,25.5769951099152,3781.9262000984418,0
2026-05-29,fixed_3pct,737.49951171875,0.0036840758744198787,3.0,3.0,5371168.973082191,0.0,161135.06919246574,6116434.615348089,5955299.546155623,0.0037798231959058626,2.705742472626498,0.0,25.5769951099152,3795.843230155188,0
2026-06-01,fixed_3pct,741.9246826171875,0.00600023569930852,3.0,3.0,5955299.546155623,17523.917192202935,178658.98638466868,6170723.030590672,5992064.044206004,0.006173408703532557,2.9815934053211945,12.266742034542053,28.358569267407727,3453.911362345109,1
2026-06-02,fixed_3pct,745.3408813476562,0.004604508800567064,3.0,3.0,5955299.546155623,0.0,178658.98638466868,6199107.820521621,6020448.834136953,0.004737063843367251,2.967535997841927,0.0,28.358569267407727,3469.7990545935318,0
2026-06-03,fixed_3pct,743.39306640625,-0.002613320951729392,3.0,3.0,5955299.546155623,0.0,178658.98638466868,6182879.203602955,6004220.217218286,-0.0026955825663108612,2.975556857030806,0.0,28.358569267407727,3460.7154830099994,0
2026-06-04,fixed_3pct,739.7969970703125,-0.004837372714978083,3.0,3.0,5955299.546155623,0.0,178658.98638466868,6152941.953874174,5974282.967489505,-0.004986034596620947,2.9904674311023505,0.0,28.358569267407727,3443.958839342311,0
2026-06-05,fixed_3pct,704.2860107421875,-0.04800098739080161,3.0,3.0,5955299.546155623,0.0,178658.98638466868,5857566.306160658,5678907.319775989,-0.049441188059031305,3.1460098981104005,0.0,28.358569267407727,3278.629541504728,0
2026-06-08,fixed_3pct,715.283935546875,0.015615708159669062,3.0,3.0,5955299.546155623,0.0,178658.98638466868,5949007.993554306,5770349.007169638,0.016101986217527342,3.096155642625525,0.0,28.358569267407727,3329.8117905726626,0
2026-06-09,fixed_3pct,707.052978515625,-0.01150725833784727,3.0,3.0,5955299.546155623,0.0,178658.98638466868,5880522.863149291,5701863.8767646225,-0.011868455498952102,3.13334359160542,0.0,28.358569267407727,3291.4789130662607,0
2026-06-10,fixed_3pct,692.9285278320312,-0.019976509699805467,3.0,3.0,5955299.546155623,0.0,178658.98638466868,5763022.182564394,5584363.196179725,-0.02060741594756732,3.199272327181185,0.0,28.358569267407727,3225.710779616814,0
2026-06-11,fixed_3pct,716.332763671875,0.03377582954055702,3.0,3.0,5955299.546155623,0.0,178658.98638466868,5957644.67887187,5778985.692487202,0.03485133209828084,3.0915284427322427,0.0,28.358569267407727,3334.645964040416,0
2026-06-12,fixed_3pct,720.5481567382812,0.005884685554236491,3.0,3.0,5955299.546155623,0.0,178658.98638466868,5992675.185881634,5814016.199496966,0.006061705093906911,3.072901420538292,0.0,28.358569267407727,3354.2534339576246,0
2026-06-15,fixed_3pct,743.1832885742188,0.03141376689991193,3.0,3.0,5955299.546155623,0.0,178658.98638466868,6180899.328708539,6002240.34232387,0.03237420336792152,2.9765383622658765,0.0,28.358569267407727,3459.6072964393256,0
2026-06-16,fixed_3pct,729.0587768554688,-0.019005421591015037,3.0,3.0,5955299.546155623,0.0,178658.98638466868,6063400.372585544,5884741.386200876,-0.019575849919649002,3.0359700564515197,0.0,28.358569267407727,3393.8401282152718,0
2026-06-17,fixed_3pct,721.7168579101562,-0.010070407460121666,3.0,3.0,5955299.546155623,0.0,178658.98638466868,6002311.101670487,5823652.115285818,-0.010380961015263201,3.067816944554908,0.0,28.358569267407727,3359.6469022537594,0
2026-06-18,fixed_3pct,739.8070068359375,0.02506543768170255,3.0,3.0,5955299.546155623,0.0,178658.98638466868,6152733.297966332,5974074.311581664,0.025829529875422974,2.9905718788651607,0.0,28.358569267407727,3443.842049298853,0
2026-06-22,fixed_3pct,737.9500122070312,-0.002510106841037363,3.0,3.0,5955299.546155623,0.0,178658.98638466868,6137260.921454761,5958601.935070093,-0.0025899203298451745,2.998337333681396,0.0,28.358569267407727,3435.1817647955827,0
2026-06-23,fixed_3pct,713.6500244140625,-0.03292904314791367,3.0,3.0,5955299.546155623,0.0,178658.98638466868,5935138.433192906,5756479.446808238,-0.033921126207850594,3.1036154655903223,0.0,28.358569267407727,3322.04864322583,0
2026-06-24,fixed_3pct,710.6199951171875,-0.00424581964999271,3.0,3.0,5955299.546155623,0.0,178658.98638466868,5909910.547238561,5731251.560853893,-0.004382519939045815,3.1172769941728133,0.0,28.358569267407727,3307.927950802317,0
2026-06-25,fixed_3pct,716.3800048828125,0.008105611726665796,3.0,3.0,5955299.546155623,0.0,178658.98638466868,5957785.628904537,5779126.642519869,0.00835333803753735,3.0914530418867603,0.0,28.358569267407727,3334.724857375433,0
2026-06-26,fixed_3pct,706.52001953125,-0.013763624451209266,3.0,3.0,5955299.546155623,0.0,178658.98638466868,5875756.546378217,5697097.559993548,-0.014194027506300388,3.135965015576651,0.0,28.358569267407727,3288.8110837745326,0
2026-06-29,fixed_3pct,724.0800170898438,0.024854210883145544,3.0,3.0,5955299.546155623,0.0,178658.98638466868,6021765.4801106565,5843106.493725988,0.025628652519091633,3.0576027764769145,0.0,28.358569267407727,3370.5360149896183,0
2026-06-30,fixed_3pct,736.4000244140625,0.017014704222517052,3.0,3.0,5955299.546155623,0.0,178658.98638466868,6124195.680082835,5945536.693698167,0.017530092953493615,3.004926141891179,0.0,28.358569267407727,3427.868815340135,0
2026-07-01,fixed_3pct,725.1699829101562,-0.015249920059198452,3.0,3.0,5945536.693698167,-292.8855737236736,178366.100810945,6030485.252469688,5852119.151658743,-0.01571221352286667,3.0478890840831285,0.20501990160657152,28.312079493800795,3380.959288257111,-1
2026-07-02,fixed_3pct,712.5999755859375,-0.017333877050142776,3.0,3.0,5945536.693698167,0.0,178366.100810945,5925925.250471185,5747559.14966024,-0.01786703231578357,3.103336497571998,0.0,28.312079493800795,3322.3382826270513,0
2026-07-06,fixed_3pct,722.8200073242188,0.014341891788415717,3.0,3.0,5945536.693698167,0.0,178366.100810945,6010885.917080189,5832519.816269244,0.014782043019779367,3.0581310724982056,0.0,28.312079493800795,3369.971025745126,0
2026-07-07,fixed_3pct,709.4299926757812,-0.0185246873533641,3.0,3.0,5945536.693698167,0.0,178366.100810945,5899507.822670045,5721141.7218591,-0.019096050749706106,3.1176661841717923,0.0,28.312079493800795,3307.5274930874284,0
2026-07-08,fixed_3pct,711.4400024414062,0.0028332742996159954,3.0,3.0,5945536.693698167,0.0,178366.100810945,5916194.434484906,5737828.3336739605,0.0029166576578769643,3.108599463740601,0.0,28.312079493800795,3316.882752712993,0
2026-07-09,fixed_3pct,723.280029296875,0.01664234062582648,3.0,3.0,5945536.693698167,0.0,178366.100810945,6014625.445392729,5836259.344581784,0.01715475005241185,3.0561716037608058,0.0,28.312079493800795,3372.0675722836995,0
2026-07-10,fixed_3pct,725.510009765625,0.0030831495111482976,3.0,3.0,5945536.693698167,0.0,178366.100810945,6033141.1228149375,5854775.022003992,0.003172524784971653,3.046506486425045,0.0,28.312079493800795,3382.4482877548717,0
2026-07-13,fixed_3pct,711.739990234375,-0.01897977883957569,3.0,3.0,5945536.693698167,0.0,178366.100810945,5918605.126516467,5740239.025705522,-0.01956283475761411,3.1072939648017943,0.0,28.312079493800795,3318.23429430111,0
2026-07-14,fixed_3pct,719.6900024414062,0.011169826504217273,3.0,3.0,5945536.693698167,0.0,178366.100810945,5984686.606847133,5806320.5060361875,0.011511973636419093,3.0719299877696646,0.0,28.312079493800795,3355.2825226529235,0
2026-07-15,fixed_3pct,717.739990234375,-0.002709516875899598,3.0,3.0,5945536.693698167,0.0,178366.100810945,5968442.685409416,5790076.584598471,-0.00279762741667966,3.0805482139113067,0.0,28.312079493800795,3346.1754550185115,0
2026-07-16,fixed_3pct,705.9400024414062,-0.01644047698821338,3.0,3.0,5945536.693698167,0.0,178366.100810945,5870290.328704978,5691924.227894033,-0.016951823567502022,3.133669628573728,0.0,28.312079493800795,3291.1468614358823,0
2026-07-17,fixed_3pct,695.3300170898438,-0.015029585113280453,3.0,3.0,5945536.693698167,0.0,178366.100810945,5782033.988490546,5603667.887679601,-0.015505536736051484,3.183024126092595,0.0,28.312079493800795,3241.666416545753,0
2026-07-20,fixed_3pct,696.0599975585938,0.001049833101992581,3.0,3.0,5945536.693698167,0.0,178366.100810945,5788075.847089016,5609709.746278071,0.001078197123664859,3.1795958949442493,0.0,28.312079493800795,3245.0537522395875,0
2026-07-21,fixed_3pct,708.969970703125,0.018547213156642428,3.0,3.0,5945536.693698167,0.0,178366.100810945,5895400.2115122955,5717034.1107013505,0.019131892607186618,3.119906184870804,0.0,28.312079493800795,3305.224582871264,0
2026-07-22,fixed_3pct,705.3499755859375,-0.005105992167196205,3.0,3.0,5945536.693698167,0.0,178366.100810945,5865270.032130333,5686903.931319388,-0.005270246564659131,3.136435975797524,0.0,28.312079493800795,3288.332259024426,0
2026-07-23,fixed_3pct,691.9600219726562,-0.01898341826999872,3.0,3.0,5945536.693698167,0.0,178366.100810945,5753898.84576442,5575532.744953475,-0.01958379949985789,3.1990862392905446,0.0,28.312079493800795,3225.8925993247626,0
