date,strategy,price,underlying_return,signal_target_margin_pct,effective_target_margin_pct,reference_equity,loan_change,loan_balance,asset_value,equity,strategy_return,actual_margin_pct,transaction_cost,interest_cost,maintenance_ratio,trade_direction
2017-07-03,fixed_exposure_matched,128.3936309814453,0.0,0.1616871704745167,0.0,1000000.0,0.0,0.0,1000000.0,1000000.0,0.0,0.0,0.0,0.0,inf,0
2017-07-05,fixed_exposure_matched,129.65689086914062,0.009838960687059917,0.1616871704745167,0.1616871704745167,1000000.0,1616.8717047451669,1616.8717047451669,1011470.3411366126,1009853.4694318674,0.009853469431867268,0.16010953605524586,1.1318101933216167,0.2566463023405027,62557.2417507318,1
2017-07-06,fixed_exposure_matched,128.4878692626953,-0.009016270547665517,0.1616871704745167,0.1616871704745167,1000000.0,0.0,1616.8717047451669,1002350.3942436831,1000733.5225389379,-0.009030960598729543,0.1615686562235908,0.0,0.2566463023405027,61993.19286137562,0
2017-07-07,fixed_exposure_matched,129.87374877929688,0.010786072837491778,0.1616871704745167,0.1616871704745167,1000000.0,0.0,1616.8717047451669,1013161.5619583818,1011544.6902536366,0.010803243292250242,0.15984184587432806,0.0,0.2566463023405027,62661.84008199123,0
2017-07-10,fixed_exposure_matched,130.72227478027344,0.006533468148505639,0.1616871704745167,0.1616871704745167,1000000.0,0.0,1616.8717047451669,1019780.7641064248,1018163.8924016795,0.006543657647378076,0.15880269540213562,0.0,0.2566463023405027,63071.223345277795,0
2017-07-11,fixed_exposure_matched,131.0899200439453,0.002812414825934084,0.1616871704745167,0.1616871704745167,1000000.0,0.0,1616.8717047451669,1022648.5540002978,1021031.6822955526,0.0028166289487132623,0.1583566634396698,0.0,0.2566463023405027,63248.589915887984,0
2017-07-12,fixed_exposure_matched,132.6454315185547,0.011865988430597163,0.1616871704745167,0.1616871704745167,1000000.0,0.0,1616.8717047451669,1034783.03326433,1033166.1615595848,0.011884527654176802,0.1564967732106583,0.0,0.2566463023405027,63999.08107906563,0
2017-07-13,fixed_exposure_matched,132.93771362304688,0.002203484139227996,0.1616871704745167,0.1616871704745167,1000000.0,0.0,1616.8717047451669,1037062.9046193679,1035446.0329146227,0.0022066841132275528,0.15615219464349286,0.0,0.2566463023405027,64140.08616613265,0
2017-07-14,fixed_exposure_matched,133.98411560058594,0.007871370350976514,0.1616871704745167,0.1616871704745167,1000000.0,0.0,1616.8717047451669,1045225.754172584,1043608.8824678388,0.007883413807901585,0.15493081094918665,0.0,0.2566463023405027,64644.94066567395,0
2017-07-17,fixed_exposure_matched,134.05020141601562,0.0004932361954508302,0.1616871704745167,0.1616871704745167,1000000.0,0.0,1616.8717047451669,1045741.0407006571,1044124.1689959118,0.0004937544483663014,0.15485435092456878,0.0,0.2566463023405027,64676.81001724716,0
2017-07-18,fixed_exposure_matched,134.94578552246094,0.006680960543027581,0.1616871704745167,0.1616871704745167,1000000.0,0.0,1616.8717047451669,1052727.3386855004,1051110.4669807553,0.006691060500555235,0.15382509788809573,0.0,0.2566463023405027,65108.897360005416,0
2017-07-19,fixed_exposure_matched,135.73765563964844,0.005868061118927681,0.1616871704745167,0.1616871704745167,1000000.0,0.0,1616.8717047451669,1058904.5504041708,1057287.6786994257,0.0058768435028659916,0.15292637352343763,0.0,0.2566463023405027,65490.94447608404,0
2017-07-20,fixed_exposure_matched,135.91680908203125,0.0013198507189369213,0.1616871704745167,0.1616871704745167,1000000.0,0.0,1616.8717047451669,1060301.889690005,1058685.0179852599,0.0013216263785018612,0.15272452875758735,0.0,0.2566463023405027,65577.3668732188,0
2017-07-21,fixed_exposure_matched,135.8602294921875,-0.00041628103415525253,0.1616871704745167,0.1616871704745167,1000000.0,0.0,1616.8717047451669,1059860.2494765457,1058243.3777718006,-0.00041715921728990857,0.15278826579095578,0.0,0.2566463023405027,65550.05238610375,0
2017-07-24,fixed_exposure_matched,136.48248291015625,0.004580099859205156,0.1616871704745167,0.1616871704745167,1000000.0,0.0,1616.8717047451669,1064714.258609648,1063097.386904903,0.004586855193294825,0.15209064801226913,0.0,0.2566463023405027,65850.26229879237,0
2017-07-25,fixed_exposure_matched,136.13363647460938,-0.0025559795521635786,0.1616871704745167,0.1616871704745167,1000000.0,0.0,1616.8717047451669,1061992.6140894426,1060375.7423846975,-0.002560108371754355,0.15248101593770486,0.0,0.2566463023405027,65681.93450183618,0
2017-07-26,fixed_exposure_matched,136.5767364501953,0.003254889732329902,0.1616871704745167,0.1616871704745167,1000000.0,0.0,1616.8717047451669,1065449.0262985502,1063832.154593805,0.0032596107879028224,0.1519856020297229,0.0,0.2566463023405027,65895.7060830299,0
2017-07-27,fixed_exposure_matched,135.7188262939453,-0.006281524793666837,0.1616871704745167,0.1616871704745167,1000000.0,0.0,1616.8717047451669,1058756.1251771653,1057139.2534724202,-0.006291313053928493,0.1529478448022978,0.0,0.2566463023405027,65481.76469845729,0
2017-07-28,fixed_exposure_matched,135.60569763183594,-0.0008335517274836723,0.1616871704745167,0.1616871704745167,1000000.0,0.0,1616.8717047451669,1057873.3405337376,1056256.4688289925,-0.0008350694012430049,0.15307567361340704,0.0,0.2566463023405027,65427.16638735834,0
2017-07-31,fixed_exposure_matched,135.03062438964844,-0.0042407749248767335,0.1616871704745167,0.1616871704745167,1000000.0,0.0,1616.8717047451669,1053386.8811512042,1051770.0094464591,-0.0042475094969191,0.15372863746097093,0.0,0.2566463023405027,65149.688627721225,0
2017-08-01,fixed_exposure_matched,135.34173583984375,0.002304006602958264,0.1616871704745167,0.1616871704745167,1051770.0094464591,83.70546342836997,1700.5771681735368,1055897.4611405062,1054196.8839723326,0.0023074194016530214,0.16131494923088469,0.058593824399858975,0.2699328838370693,62090.53496081963,1
2017-08-02,fixed_exposure_matched,135.70938110351562,0.0027164219624531416,0.1616871704745167,0.1616871704745167,1051770.0094464591,0.0,1700.5771681735368,1058765.454261163,1057064.8770929894,0.002720547901687853,0.16087727489823106,0.0,0.2699328838370693,62259.183180631786,0
2017-08-03,fixed_exposure_matched,135.18148803710938,-0.0038898789613047713,0.1616871704745167,0.1616871704745167,1051770.0094464591,0.0,1700.5771681735368,1054646.7148627925,1052946.137694619,-0.0038963922533282735,0.16150656783801673,0.0,0.2699328838370693,62016.986620813565,0
2017-08-04,fixed_exposure_matched,135.42657470703125,0.001813019470939592,0.1616871704745167,0.1616871704745167,1051770.0094464591,0.0,1700.5771681735368,1056558.5399589175,1054857.962790744,0.0018156912568298988,0.16121385325418325,0.0,0.2699328838370693,62129.40875207023,0
2017-08-07,fixed_exposure_matched,136.28443908691406,0.006334535018246212,0.1616871704745167,0.1616871704745167,1051770.0094464591,0.0,1700.5771681735368,1063251.0770962306,1061550.499928057,0.006344491271229824,0.16019748172967632,0.0,0.2699328838370693,62522.95379445728,0
2017-08-08,fixed_exposure_matched,136.0487823486328,-0.001729153671982786,0.1616871704745167,0.1616871704745167,1051770.0094464591,0.0,1700.5771681735368,1061412.2826591462,1059711.7054909726,-0.0017321780143374488,0.1604754537825593,0.0,0.2699328838370693,62414.82612630452,0
2017-08-09,fixed_exposure_matched,135.86968994140625,-0.0013163837568764825,0.1616871704745167,0.1616871704745167,1051770.0094464591,0.0,1700.5771681735368,1060014.7868380207,1058314.209669847,-0.0013187509526264574,0.16068736039215148,0.0,0.2699328838370693,62332.648389987706,0
2017-08-10,fixed_exposure_matched,132.95654296875,-0.021440742036818783,0.1616871704745167,0.1616871704745167,1051770.0094464591,0.0,1700.5771681735368,1037287.0133053294,1035586.4361371559,-0.021475449658548307,0.16421392834352533,0.0,0.2699328838370693,60996.17428237038,0
2017-08-11,fixed_exposure_matched,133.96533203125,0.007587359297820395,0.1616871704745167,0.1616871704745167,1051770.0094464591,0.0,1700.5771681735368,1045157.0126373561,1043456.4354691826,0.0075995581415517766,0.1629753874112516,0.0,0.2699328838370693,61458.95829942732,0
2017-08-14,fixed_exposure_matched,135.69056701660156,0.012878219754265396,0.1616871704745167,0.1616871704745167,1051770.0094464591,0.0,1700.5771681735368,1058616.5043909277,1056915.927222754,0.012898949391710435,0.16089994713601524,0.0,0.2699328838370693,62250.42439725971,0
2017-08-15,fixed_exposure_matched,135.7848358154297,0.0006947336200355814,0.1616871704745167,0.1616871704745167,1051770.0094464591,0.0,1700.5771681735368,1059351.6909343689,1057651.1137661953,0.0006955960493215674,0.16078810356639656,0.0,0.2699328838370693,62293.6559869341,0
2017-08-16,fixed_exposure_matched,136.0205078125,0.0017356282507912102,0.1616871704745167,0.1616871704745167,1051770.0094464591,0.0,1700.5771681735368,1061190.0617237943,1059489.4845556207,0.0017381637153288665,0.16050911245115435,0.0,0.2699328838370693,62401.75874309423,0
2017-08-17,fixed_exposure_matched,133.2393798828125,-0.020446386904548253,0.1616871704745167,0.1616871704745167,1051770.0094464591,0.0,1700.5771681735368,1039492.2892096444,1037791.7120414709,-0.02047945999506584,0.1638649787275985,0.0,0.2699328838370693,61125.852367292784,0
2017-08-18,fixed_exposure_matched,133.1450958251953,-0.0007076290635704696,0.1616871704745167,0.1616871704745167,1051770.0094464591,0.0,1700.5771681735368,1038756.4443215585,1037055.867153385,-0.0007090487229257647,0.16398124942308573,0.0,0.2699328838370693,61082.58206460629,0
2017-08-21,fixed_exposure_matched,132.9754180908203,-0.001274382156724485,0.1616871704745167,0.1616871704745167,1051770.0094464591,0.0,1700.5771681735368,1037432.4017108487,1035731.8245426752,-0.0012767321922050323,0.1641908772016755,0.0,0.2699328838370693,61004.72363892063,0
2017-08-22,fixed_exposure_matched,135.00238037109375,0.015243135230370575,0.1616871704745167,0.1616871704745167,1051770.0094464591,0.0,1700.5771681735368,1053245.8541696116,1051545.277001438,0.015267902447378301,0.16172172567051635,0.0,0.2699328838370693,61934.61101802422,0
2017-08-23,fixed_exposure_matched,134.52154541015625,-0.0035616776505406067,0.1616871704745167,0.1616871704745167,1051770.0094464591,0.0,1700.5771681735368,1049494.2620174072,1047793.6848492337,-0.0035676943582516607,0.16230076519484193,0.0,0.2699328838370693,61714.00402515052,0
2017-08-24,fixed_exposure_matched,134.12554931640625,-0.0029437373213533347,0.1616871704745167,0.1616871704745167,1051770.0094464591,0.0,1700.5771681735368,1046404.5566568766,1044703.9794887031,-0.0029487726498134137,0.1627807686734217,0.0,0.2699328838370693,61532.31833523566,0
2017-08-25,fixed_exposure_matched,133.8427734375,-0.002108292419658042,0.1616871704745167,0.1616871704745167,1051770.0094464591,0.0,1700.5771681735368,1044198.1599292975,1042497.582761124,-0.002111982696437087,0.16312528645576763,0.0,0.2699328838370693,61402.57434190963,0
2017-08-28,fixed_exposure_matched,134.257568359375,0.0030991207909234486,0.1616871704745167,0.1616871704745167,1051770.0094464591,0.0,1700.5771681735368,1047433.9862236946,1045733.4090555211,0.0031039173115652297,0.1626205257905505,0.0,0.2699328838370693,61592.852463653,0
2017-08-29,fixed_exposure_matched,134.78550720214844,0.003932283663593994,0.1616871704745167,0.1616871704745167,1051770.0094464591,0.0,1700.5771681735368,1051552.5238435315,1049851.9466753579,0.003938420236144546,0.16198257035755162,0.0,0.2699328838370693,61835.037158174106,0
2017-08-30,fixed_exposure_matched,136.36929321289062,0.011750417708981553,0.1616871704745167,0.1616871704745167,1051770.0094464591,0.0,1700.5771681735368,1063908.435308743,1062207.8581405694,0.011769194222423396,0.16009834187730962,0.0,0.2699328838370693,62561.60880081718,0
2017-08-31,fixed_exposure_matched,137.8306121826172,0.010715894577859597,0.1616871704745167,0.1616871704745167,1051770.0094464591,0.0,1700.5771681735368,1075308.8960091232,1073608.3188409496,0.010732796423043922,0.15839828532713426,0.0,0.2699328838370693,63231.99653233215,0
2017-09-01,fixed_exposure_matched,137.64208984375,-0.0013677827870154369,0.1616871704745167,0.1616871704745167,1073608.3188409496,35.30974453942213,1735.886912712959,1073873.0682382968,1072137.1813255837,-0.0013702739533111297,0.16190903020140754,0.024716821177595487,0.2755376051925332,61863.07762180066,1
2017-09-05,fixed_exposure_matched,136.40699768066406,-0.008973215711037263,0.1616871704745167,0.1616871704745167,1073608.3188409496,0.0,1735.886912712959,1064236.698013116,1062500.8111004028,-0.008988001156033487,0.16337746706425085,0.0,0.2755376051925332,61307.95100873573,0
2017-09-06,fixed_exposure_matched,136.82186889648438,0.0030414217956145073,0.1616871704745167,0.1616871704745167,1073608.3188409496,0.0,1735.886912712959,1067473.2151645406,1065737.3282518275,0.0030461314641940795,0.16288130918341812,0.0,0.2755376051925332,61494.39847416228,0
2017-09-07,fixed_exposure_matched,137.1424102783203,0.0023427642409887817,0.1616871704745167,0.1616871704745167,1073608.3188409496,0.0,1735.886912712959,1069973.7777036363,1068237.8907909233,0.0023463216242951557,0.16250003184475215,0.0,0.2755376051925332,61638.44947891279,0
2017-09-08,fixed_exposure_matched,135.9545135498047,-0.00866177520217759,0.1616871704745167,0.1616871704745167,1073608.3188409496,0.0,1735.886912712959,1060705.6298313376,1058969.7429186245,-0.008676108526197823,0.16392223897999997,0.0,0.2755376051925332,61104.53521269981,0
2017-09-11,fixed_exposure_matched,137.5194854736328,0.011510996457317457,0.1616871704745167,0.1616871704745167,1073608.3188409496,0.0,1735.886912712959,1072915.1330409776,1071179.2461282646,0.011529605346409122,0.1620538223632743,0.0,0.2755376051925332,61807.89342804336,0
2017-09-12,fixed_exposure_matched,137.84947204589844,0.0023995622956929363,0.1616871704745167,0.1616871704745167,1073608.3188409496,0.0,1735.886912712959,1075489.384203096,1073753.4972903829,0.002403193649823665,0.16166530931852327,0.0,0.2755376051925332,61956.18944567362,0
2017-09-13,fixed_exposure_matched,138.0380096435547,0.0013677063456105643,0.1616871704745167,0.1616871704745167,1073608.3188409496,0.0,1735.886912712959,1076960.062320902,1075224.175408189,0.0013696608407025579,0.16144418553963052,0.0,0.2755376051925332,62040.91144611244,0
2017-09-14,fixed_exposure_matched,137.2272491455078,-0.005873458333255033,0.1616871704745167,0.1616871704745167,1073608.3188409496,0.0,1735.886912712959,1070634.3067306753,1068898.4198179622,-0.005883196950836167,0.16239961445621628,0.0,0.2755376051925332,61676.50086476066,0
2017-09-15,fixed_exposure_matched,137.6986083984375,0.0034348808699786737,0.1616871704745167,0.1616871704745167,1073608.3188409496,0.0,1735.886912712959,1074311.5324920022,1072575.6455792892,0.0034402013261027875,0.16184284249484526,0.0,0.2755376051925332,61888.33642469238,0
2017-09-18,fixed_exposure_matched,137.51812744140625,-0.0013106955773222184,0.1616871704745167,0.1616871704745167,1073608.3188409496,0.0,1735.886912712959,1072903.1615800934,1071167.2746673804,-0.001313073737701842,0.16205563349122926,0.0,0.2755376051925332,61807.203782836834,0
2017-09-19,fixed_exposure_matched,137.75440979003906,0.0017181905617023041,0.1616871704745167,0.1616871704745167,1073608.3188409496,0.0,1735.886912712959,1074746.3381283358,1073010.4512156227,0.0017207177551374908,0.16177726048673224,0.0,0.2755376051925332,61913.38446400584,0
2017-09-20,fixed_exposure_matched,137.32919311523438,-0.003086773595508019,0.1616871704745167,0.1616871704745167,1073608.3188409496,0.0,1735.886912712959,1071428.5639723272,1069692.677059614,-0.003092024082570588,0.1622790311591726,0.0,0.2755376051925332,61722.25599061794,0
2017-09-21,fixed_exposure_matched,136.48831176757812,-0.006123107029039732,0.1616871704745167,0.1616871704745167,1073608.3188409496,0.0,1735.886912712959,1064867.816663549,1063131.929750836,-0.006133301133567026,0.163280479509236,0.0,0.2755376051925332,61344.30813809773,0
2017-09-22,fixed_exposure_matched,136.35606384277344,-0.0009689322337717021,0.1616871704745167,0.1616871704745167,1073608.3188409496,0.0,1735.886912712959,1063835.7563736725,1062099.8694609595,-0.0009707734863333428,0.16343914189481656,0.0,0.2755376051925332,61284.85378756843,0
2017-09-25,fixed_exposure_matched,134.919921875,-0.010532292641047492,0.1616871704745167,0.1616871704745167,1073608.3188409496,0.0,1735.886912712959,1052630.8513279296,1050894.9644152166,-0.010549765956971324,0.16518177091836334,0.0,0.2755376051925332,60639.36789999808,0
2017-09-26,fixed_exposure_matched,135.26950073242188,0.002591009930659194,0.1616871704745167,0.1616871704745167,1073608.3188409496,0.0,1735.886912712959,1055357.9527794335,1053622.0658667204,0.00259502761346031,0.16475422914429952,0.0,0.2755376051925332,60796.4692314,0
2017-09-27,fixed_exposure_matched,136.48831176757812,0.009010242726978035,0.1616871704745167,0.1616871704745167,1073608.3188409496,0.0,1735.886912712959,1064866.7085602176,1063130.8216475046,0.009024825968277472,0.16328064969679862,0.0,0.2755376051925332,61344.24430310229,0
2017-09-28,fixed_exposure_matched,136.44105529785156,-0.0003462308905031186,0.1616871704745167,0.1616871704745167,1073608.3188409496,0.0,1735.886912712959,1064497.7432738405,1062761.8563611275,-0.000347055394185003,0.16333733680060708,0.0,0.2755376051925332,61322.98915775412,0
2017-09-29,fixed_exposure_matched,137.42367553710938,0.007201793016865299,0.1616871704745167,0.1616871704745167,1073608.3188409496,0.0,1735.886912712959,1072163.7601502137,1070427.8732375007,0.00721329696816686,0.16216757393123393,0.0,0.2755376051925332,61764.60875982786,0
2017-10-02,fixed_exposure_matched,137.54649353027344,0.0008937178596339912,0.1616871704745167,0.1616871704745167,1070427.8732375007,-5.142372504697732,1730.7445402082612,1073116.546758544,1071385.8022183357,0.0008949028746212395,0.1615426055324519,0.0035996607532884127,0.27472135558861294,62003.17388431082,-1
2017-10-03,fixed_exposure_matched,137.8394317626953,0.0021297397331137002,0.1616871704745167,0.1616871704745167,1070427.8732375007,0.0,1730.7445402082612,1075401.7309850818,1073670.9864448735,0.002132923753335403,0.16119878082382405,0.0,0.27472135558861294,62135.208634295515,0
2017-10-04,fixed_exposure_matched,137.97169494628906,0.0009595453340336402,0.1616871704745167,0.1616871704745167,1070427.8732375007,0.0,1730.7445402082612,1076433.3529769045,1074702.6084366962,0.0009608362383328739,0.1610440438705056,0.0,0.27472135558861294,62194.81431080388,0
2017-10-05,fixed_exposure_matched,139.32278442382812,0.009792511993601538,0.1616871704745167,0.1616871704745167,1070427.8732375007,0.0,1730.7445402082612,1086974.0647748879,1085243.3202346796,0.009808026625446109,0.1594798611461616,0.0,0.27472135558861294,62803.84190286637,0
2017-10-06,fixed_exposure_matched,139.51170349121094,0.0013559811352039652,0.1616871704745167,0.1616871704745167,1070427.8732375007,0.0,1730.7445402082612,1088447.706379823,1086716.9618396147,0.0013578905093987181,0.15926359861710676,0.0,0.27472135558861294,62888.986854689116,0
2017-10-09,fixed_exposure_matched,139.3511505126953,-0.0011508208594538383,0.1616871704745167,0.1616871704745167,1070427.8732375007,0.0,1730.7445402082612,1087194.8233335407,1085464.0787933324,-0.001152906497531192,0.15944742659123842,0.0,0.27472135558861294,62816.59702377094,0
2017-10-10,fixed_exposure_matched,139.45504760742188,0.0007455775883034033,0.1616871704745167,0.1616871704745167,1070427.8732375007,0.0,1730.7445402082612,1088005.136706582,1086274.3921663738,0.0007465133014279424,0.15932848575732422,0.0,0.27472135558861294,62863.41579766948,0
2017-10-11,fixed_exposure_matched,139.87078857421875,0.0029811826386321183,0.1616871704745167,0.1616871704745167,1070427.8732375007,0.0,1730.7445402082612,1091248.4040095187,1089517.6594693104,0.0029856796094296367,0.1588541980174313,0.0,0.27472135558861294,63050.80724843472,0
2017-10-12,fixed_exposure_matched,139.6156768798828,-0.0018239097451042685,0.1616871704745167,0.1616871704745167,1070427.8732375007,0.0,1730.7445402082612,1089257.7906897606,1087527.0461495523,-0.0018270592518231377,0.1591449652986613,0.0,0.27472135558861294,62935.79239364174,0
2017-10-13,fixed_exposure_matched,140.15419006347656,0.0038571111470315778,0.1616871704745167,0.1616871704745167,1070427.8732375007,0.0,1730.7445402082612,1093458.9043348655,1091728.1597946573,0.003862996934172136,0.15853255452655873,0.0,0.27472135558861294,63178.52686701465,0
2017-10-16,fixed_exposure_matched,140.63607788085938,0.0034382690746852518,0.1616871704745167,0.1616871704745167,1070427.8732375007,0.0,1730.7445402082612,1097218.2355487237,1095487.4910085155,0.0034434682115054294,0.15798852605929095,0.0,0.27472135558861294,63395.73576910981,0
2017-10-17,fixed_exposure_matched,140.8155517578125,0.001276158149867923,0.1616871704745167,0.1616871704745167,1070427.8732375007,0.0,1730.7445402082612,1098618.1848208474,1096887.440280639,0.0012779235578808112,0.15778688647993358,0.0,0.27472135558861294,63476.62288096256,0
2017-10-18,fixed_exposure_matched,140.6455078125,-0.0012075650962540818,0.1616871704745167,0.1616871704745167,1070427.8732375007,0.0,1730.7445402082612,1097291.257125392,1095560.5125851838,-0.001209720930997027,0.15797799576805113,0.0,0.27472135558861294,63399.95485372755,0
2017-10-19,fixed_exposure_matched,140.12582397460938,-0.003694990661084141,0.1616871704745167,0.1616871704745167,1070427.8732375007,0.0,1730.7445402082612,1093236.5014564688,1091505.7569162606,-0.003701078691997872,0.1585648567807822,0.0,0.27472135558861294,63165.67673961399,0
2017-10-20,fixed_exposure_matched,140.5037841796875,0.002697291579506489,0.1616871704745167,0.1616871704745167,1070427.8732375007,0.0,1730.7445402082612,1096185.0043449008,1094454.2598046926,0.0027013168457876713,0.15813767681046037,0.0,0.27472135558861294,63336.037114581704,0
2017-10-23,fixed_exposure_matched,139.58734130859375,-0.006522549385016729,0.1616871704745167,0.1616871704745167,1070427.8732375007,0.0,1730.7445402082612,1089034.808797591,1087304.0642573826,-0.006533115005268431,0.15917760239315776,0.0,0.27472135558861294,62922.90881163472,0
2017-10-24,fixed_exposure_matched,139.823486328125,0.0016917366382758203,0.1616871704745167,0.1616871704745167,1070427.8732375007,0.0,1730.7445402082612,1090876.8941626358,1089146.1496224275,0.0016941768412344071,0.15890838348997105,0.0,0.27472135558861294,63029.341928842376,0
2017-10-25,fixed_exposure_matched,139.29440307617188,-0.0037839369182336435,0.1616871704745167,0.1616871704745167,1070427.8732375007,0.0,1730.7445402082612,1086748.81008821,1085018.0655480018,-0.0037902021467521863,0.1595129698908863,0.0,0.27472135558861294,62790.827001969985,0
2017-10-26,fixed_exposure_matched,138.850341796875,-0.003187933394955156,0.1616871704745167,0.1616871704745167,1070427.8732375007,0.0,1730.7445402082612,1083284.0525432464,1081553.3080030382,-0.0031932717573819325,0.16002396991451848,0.0,0.27472135558861294,62590.638154657674,0
2017-10-27,fixed_exposure_matched,142.8941650390625,0.029123610283244616,0.1616871704745167,0.1616871704745167,1070427.8732375007,0.0,1730.7445402082612,1114832.920394214,1113102.1758540059,0.029169961034300806,0.15548837993065473,0.0,0.27472135558861294,64413.48763463762,0
2017-10-30,fixed_exposure_matched,143.21543884277344,0.0022483339583747597,0.1616871704745167,0.1616871704745167,1070427.8732375007,0.0,1730.7445402082612,1117339.162385695,1115608.4178454867,0.0022515830494698186,0.15513907142711894,0.0,0.27472135558861294,64558.29479324806,0
2017-10-31,fixed_exposure_matched,143.75396728515625,0.0037602680739889927,0.1616871704745167,0.1616871704745167,1070427.8732375007,0.0,1730.7445402082612,1121540.3824444758,1119809.6379042675,0.0037658554664676824,0.15455703198334345,0.0,0.27472135558861294,64801.03541505439,0
2017-11-01,fixed_exposure_matched,143.70675659179688,-0.0003284131509617705,0.1616871704745167,0.1616871704745167,1119809.6379042675,79.84397802007993,1810.5885182283412,1121251.5283223218,1119440.9398040934,-0.0003292506937733197,0.16174042362120516,0.05589078461405595,0.2873950028933875,61927.46264730902,1
2017-11-02,fixed_exposure_matched,143.4327392578125,-0.0019067811457378347,0.1616871704745167,0.1616871704745167,1119809.6379042675,0.0,1810.5885182283412,1119113.2596534842,1117302.6711352558,-0.0019101219124716406,0.16204995879842116,0.0,0.2873950028933875,61809.364656113874,0
2017-11-03,fixed_exposure_matched,144.81216430664062,0.0096172258576801,0.1616871704745167,0.1616871704745167,1119809.6379042675,0.0,1810.5885182283412,1129875.7372368935,1128065.1487186651,0.009632553346063277,0.16050389645358104,0.0,0.2873950028933875,62403.78340311556,0
2017-11-06,fixed_exposure_matched,145.303466796875,0.0033926879871364335,0.1616871704745167,0.1616871704745167,1119809.6379042675,0.0,1810.5885182283412,1133708.7656825713,1131898.177164343,0.0033978786154609253,0.15996037053123177,0.0,0.2873950028933875,62615.484096403314,0
2017-11-07,fixed_exposure_matched,145.3884735107422,0.0005850288072342114,0.1616871704745167,0.1616871704745167,1119809.6379042675,0.0,1810.5885182283412,1134371.7305745068,1132561.1420562784,0.0005857107161320041,0.1598667348714645,0.0,0.2873950028933875,62652.100085362756,0
2017-11-08,fixed_exposure_matched,145.97425842285156,0.004029101468391749,0.1616871704745167,0.1616871704745167,1119809.6379042675,0.0,1810.5885182283412,1138941.941984864,1137131.3534666356,0.004035288904632006,0.15922421914659354,0.0,0.2873950028933875,62904.51588079865,0
2017-11-09,fixed_exposure_matched,145.2089080810547,-0.005243050042287867,0.1616871704745167,0.1616871704745167,1119809.6379042675,0.0,1810.5885182283412,1132970.124992774,1131159.5364745457,-0.005251650984632761,0.16006482373577058,0.0,0.2873950028933875,62574.688483133876,0
2017-11-10,fixed_exposure_matched,145.19949340820312,-6.483536703072446e-05,0.1616871704745167,0.1616871704745167,1119809.6379042675,0.0,1810.5885182283412,1132896.3810638825,1131085.792545654,-6.519321679543388e-05,0.16007525955687046,0.0,0.2873950028933875,62570.61555722337,0
2017-11-13,fixed_exposure_matched,145.37901306152344,0.001236365562348185,0.1616871704745167,0.1616871704745167,1119809.6379042675,0.0,1810.5885182283412,1134296.767740136,1132486.1792219076,0.0012380905900177819,0.15987731695519095,0.0,0.2873950028933875,62647.95983849739,0
2017-11-14,fixed_exposure_matched,144.8499298095703,-0.0036393372111366284,0.1616871704745167,0.1616871704745167,1119809.6379042675,0.0,1810.5885182283412,1130168.3919098245,1128357.803391596,-0.0036454094593436626,0.16046226762345323,0.0,0.2873950028933875,62419.94691403947,0
2017-11-15,fixed_exposure_matched,144.1696319580078,-0.004696570115407472,0.1616871704745167,0.1616871704745167,1119809.6379042675,0.0,1810.5885182283412,1124860.18942,1123049.6009017716,-0.004704361040327121,0.16122070804125646,0.0,0.2873950028933875,62126.77138374181,0
2017-11-16,fixed_exposure_matched,146.0120849609375,0.01277975796918418,0.1616871704745167,0.1616871704745167,1119809.6379042675,0.0,1810.5885182283412,1139235.3429949554,1137424.754476727,0.012800105679582341,0.15918314693804106,0.0,0.2873950028933875,62920.720612417,0
2017-11-17,fixed_exposure_matched,145.45460510253906,-0.003818039161262443,0.1616871704745167,0.1616871704745167,1119809.6379042675,0.0,1810.5885182283412,1134885.4104465037,1133074.8219282753,-0.0038243695078122864,0.1597942592305659,0.0,0.2873950028933875,62680.47096404807,0
2017-11-20,fixed_exposure_matched,145.34124755859375,-0.0007793327950352813,0.1616871704745167,0.1616871704745167,1119809.6379042675,0.0,1810.5885182283412,1134000.6696325329,1132190.0811143045,-0.000780831765783252,0.15991912916657555,0.0,0.2873950028933875,62631.606144401674,0
2017-11-21,fixed_exposure_matched,146.9190673828125,0.010855967254461918,0.1616871704745167,0.1616871704745167,1119809.6379042675,0.0,1810.5885182283412,1146311.0563735988,1144500.4678553704,0.010873074182870424,0.15819901949198187,0.0,0.2873950028933875,63311.51693678378,0
2017-11-22,fixed_exposure_matched,147.0985870361328,0.0012218948603353041,0.1616871704745167,0.1616871704745167,1119809.6379042675,0.0,1810.5885182283412,1147711.4405667244,1145900.852048496,0.0012235767764690042,0.15800568740232637,0.0,0.2873950028933875,63388.861080913004,0
2017-11-24,fixed_exposure_matched,147.63714599609375,0.003661210966143802,0.1616871704745167,0.1616871704745167,1119809.6379042675,0.0,1810.5885182283412,1151913.1668838933,1150102.578365665,0.0036667450850198513,0.15742843745305304,0.0,0.2873950028933875,63620.92520121795,0
2017-11-27,fixed_exposure_matched,147.57102966308594,-0.0004478299317000056,0.1616871704745167,0.1616871704745167,1119809.6379042675,0.0,1810.5885182283412,1151397.0182940406,1149586.4297758122,-0.00044878482977250833,0.15749912066911184,0.0,0.2873950028933875,63592.41797361452,0
2017-11-28,fixed_exposure_matched,147.9489288330078,0.0025607951017529995,0.1616871704745167,0.1616871704745167,1119809.6379042675,0.0,1810.5885182283412,1154345.222743658,1152534.6342254297,0.002564578332916234,0.15709623506847253,0.0,0.2873950028933875,63755.24925305412,0
2017-11-29,fixed_exposure_matched,145.3695526123047,-0.017434233833585222,0.1616871704745167,0.1616871704745167,1119809.6379042675,0.0,1810.5885182283412,1134219.8108106605,1132409.222292432,-0.0174618717176539,0.15988818199157837,0.0,0.2873950028933875,62643.709456442,0
2017-11-30,fixed_exposure_matched,146.58840942382812,0.008384539882117403,0.1616871704745167,0.1616871704745167,1119809.6379042675,0.0,1810.5885182283412,1143729.4346544873,1141918.846136259,0.008397691979738386,0.15855667189963282,0.0,0.2873950028933875,63168.93226372745,0
2017-12-01,fixed_exposure_matched,145.96482849121094,-0.004253957970266509,0.1616871704745167,0.1616871704745167,1141918.846136259,35.74775320462595,1846.3362714329671,1138899.335407647,1137052.9991362141,-0.0042611145411152185,0.1623790863605808,0.025023427243238167,0.29306924943380436,61684.285415881015,1
2017-12-04,fixed_exposure_matched,144.28306579589844,-0.01152169815630455,0.1616871704745167,0.1616871704745167,1141918.846136259,0.0,1846.3362714329671,1125776.9879654148,1123930.6516939818,-0.011540664729085548,0.16427492823068574,0.0,0.29306924943380436,60973.56182531602,0
2017-12-05,fixed_exposure_matched,144.3775177001953,0.0006546291747813182,0.1616871704745167,0.1616871704745167,1141918.846136259,0.0,1846.3362714329671,1126513.6613567849,1124667.325085352,0.0006554438125339068,0.1641673257727877,0.0,0.29306924943380436,61013.461024761324,0
2017-12-06,fixed_exposure_matched,145.02944946289062,0.004515465933200735,0.1616871704745167,0.1616871704745167,1141918.846136259,0.0,1846.3362714329671,1131600.102348677,1129753.7660772442,0.004522618269812595,0.1634282023988162,0.0,0.29306924943380436,61288.94935646943,0
2017-12-07,fixed_exposure_matched,145.520751953125,0.003387605014387729,0.1616871704745167,0.1616871704745167,1141918.846136259,0.0,1846.3362714329671,1135433.2234604256,1133586.8871889927,0.003392881906521872,0.16287558477422157,0.0,0.29306924943380436,61496.556235620075,0
2017-12-08,fixed_exposure_matched,146.16323852539062,0.004415085571249477,0.1616871704745167,0.1616871704745167,1141918.846136259,0.0,1846.3362714329671,1140445.9652331935,1138599.6289617606,0.004422018135017636,0.1621585168718666,0.0,0.29306924943380436,61768.05292072162,0
2017-12-11,fixed_exposure_matched,147.29698181152344,0.0077566924321799124,0.1616871704745167,0.1616871704745167,1141918.846136259,0.0,1846.3362714329671,1149291.7607517785,1147445.4244803456,0.007769013175115136,0.16090841725820074,0.0,0.29306924943380436,62247.152836346395,0
2017-12-12,fixed_exposure_matched,147.0985870361328,-0.0013469031948291077,0.1616871704745167,0.1616871704745167,1141918.846136259,0.0,1846.3362714329671,1147743.4829381816,1145897.1466667487,-0.0013493258856280832,0.1611258285094518,0.0,0.29306924943380436,62163.29607430623,0
2017-12-13,fixed_exposure_matched,147.38204956054688,0.0019270241144087041,0.1616871704745167,0.1616871704745167,1141918.846136259,0.0,1846.3362714329671,1149954.9192377094,1148108.5829662764,0.0019298732926951168,0.16081547501916024,0.0,0.29306924943380436,62283.07037185666,0
2017-12-14,fixed_exposure_matched,147.2781524658203,-0.0007049508066712118,0.1616871704745167,0.1616871704745167,1141918.846136259,0.0,1846.3362714329671,1149143.9645205077,1147297.6282490748,-0.0007063397393184401,0.1609291456699615,0.0,0.29306924943380436,62239.147998140186,0
2017-12-15,fixed_exposure_matched,148.950439453125,0.011354616820663743,0.1616871704745167,0.1616871704745167,1141918.846136259,0.0,1846.3362714329671,1162191.760840167,1160345.4245687341,0.011372634265419013,0.1591195373670039,0.0,0.29306924943380436,62945.83380188778,0
2017-12-18,fixed_exposure_matched,150.19923400878906,0.008383960196754359,0.1616871704745167,0.1616871704745167,1141918.846136259,0.0,1846.3362714329671,1171935.2372347973,1170088.9009633644,0.008397048144738184,0.15779452910909852,0.0,0.29306924943380436,63473.55329401844,0
2017-12-19,fixed_exposure_matched,149.3092498779297,-0.005925357321111879,0.1616871704745167,0.1616871704745167,1141918.846136259,0.0,1846.3362714329671,1164990.8091277296,1163144.4728562967,-0.0059349576783013225,0.15873662425605464,0.0,0.29306924943380436,63097.43393729487,0
2017-12-20,fixed_exposure_matched,149.14837646484375,-0.001077451083690173,0.1616871704745167,0.1616871704745167,1141918.846136259,0.0,1846.3362714329671,1163735.2954486965,1161888.9591772635,-0.0010794133560639851,0.1589081518375355,0.0,0.29306924943380436,63029.43366570518,0
2017-12-21,fixed_exposure_matched,149.16725158691406,0.00012655264856165083,0.1616871704745167,0.1616871704745167,1141918.846136259,0.0,1846.3362714329671,1163882.2761633107,1162035.9398918778,0.00012650151587489944,0.15888805225807046,0.0,0.29306924943380436,63037.39433445705,0
2017-12-22,fixed_exposure_matched,148.99681091308594,-0.0011426145619423123,0.1616871704745167,0.1616871704745167,1141918.846136259,0.0,1846.3362714329671,1162552.1142569305,1160705.7779854976,-0.0011446822432221726,0.15907013701934342,0.0,0.29306924943380436,62965.35101672772,0
2017-12-26,fixed_exposure_matched,148.1920928955078,-0.005400907661356147,0.1616871704745167,0.1616871704745167,1141918.846136259,0.0,1846.3362714329671,1156272.984567065,1154426.648295632,-0.005409751384854333,0.15993534748689783,0.0,0.29306924943380436,62625.26509700563,0
2017-12-27,fixed_exposure_matched,148.2109375,0.00012716336023044228,0.1616871704745167,0.1616871704745167,1141918.846136259,0.0,1846.3362714329671,1156419.7270558767,1154573.3907844438,0.00012711287376143687,0.15991502022911888,0.0,0.29306924943380436,62633.2128631348,0
2017-12-28,fixed_exposure_matched,148.39089965820312,0.0012142299430710768,0.1616871704745167,0.1616871704745167,1141918.846136259,0.0,1846.3362714329671,1157823.5934459765,1155977.2571745436,0.0012159178457646913,0.15972081284244372,0.0,0.29306924943380436,62709.24811260809,0
2017-12-29,fixed_exposure_matched,147.4725341796875,-0.00618882613846905,0.1616871704745167,0.1616871704745167,1141918.846136259,0.0,1846.3362714329671,1150657.7314578723,1148811.3951864394,-0.0061989645069826516,0.1607170923938587,0.0,0.29306924943380436,62321.135605749165,0
2018-01-02,fixed_exposure_matched,150.05726623535156,0.01752687081727844,0.1616871704745167,0.1616871704745167,1148811.3951864394,11.144367532804836,1857.480638965772,1170836.1977894779,1168978.7171505122,0.01755494596290963,0.1588977294209037,0.007801057272963385,0.2948381966612337,63033.56133183647,1
2018-01-03,fixed_exposure_matched,151.51531982421875,0.009716647686892843,0.1616871704745167,0.1616871704745167,1148811.3951864394,0.0,1857.480638965772,1182212.505784263,1180355.0251452972,0.009731835000825084,0.15736626687696129,0.0,0.2948381966612337,63646.02036673221,0
2018-01-04,fixed_exposure_matched,151.7804412841797,0.0017497996919950687,0.1616871704745167,0.1616871704745167,1148811.3951864394,0.0,1857.480638965772,1184280.8460245603,1182423.3653855945,0.001752303498723018,0.1570909957754461,0.0,0.2948381966612337,63757.372280550764,0
2018-01-05,fixed_exposure_matched,153.3047637939453,0.010042944248077612,0.1616871704745167,0.1616871704745167,1148811.3951864394,0.0,1857.480638965772,1196174.2176970546,1194316.7370580889,0.010058471458415319,0.15552663555073568,0.0,0.2948381966612337,64397.668142752394,0
2018-01-08,fixed_exposure_matched,153.9011993408203,0.0038905219388789547,0.1616871704745167,0.1616871704745167,1148811.3951864394,0.0,1857.480638965772,1200827.6648955299,1198970.1842565641,0.003896325869080508,0.15492300503848852,0.0,0.2948381966612337,64648.19281045856,0
2018-01-09,fixed_exposure_matched,153.91070556640625,6.176836585192191e-05,0.1616871704745167,0.1616871704745167,1148811.3951864394,0.0,1857.480638965772,1200901.5432198637,1199044.062580898,6.161814972882595e-05,0.1549134595577425,0.0,0.2948381966612337,64652.170150667866,0
2018-01-10,fixed_exposure_matched,153.55087280273438,-0.0023379319999063952,0.1616871704745167,0.1616871704745167,1148811.3951864394,0.0,1857.480638965772,1198093.6222350365,1196236.1415960707,-0.0023417996656296403,0.15527708738907017,0.0,0.2948381966612337,64501.00190019337,0
2018-01-11,fixed_exposure_matched,154.60182189941406,0.006844305587437649,0.1616871704745167,0.1616871704745167,1148811.3951864394,0.0,1857.480638965772,1206293.4462697764,1204435.9656308107,0.006854686754238504,0.1542199578865063,0.0,0.2948381966612337,64942.45059487831,0
2018-01-12,fixed_exposure_matched,155.7379913330078,0.007349004168482276,0.1616871704745167,0.1616871704745167,1148811.3951864394,0.0,1857.480638965772,1215158.2069966292,1213300.7263576635,0.00736009300603202,0.15309317785887597,0.0,0.2948381966612337,65419.697061995656,0
2018-01-16,fixed_exposure_matched,155.2930145263672,-0.0028572142406096956,0.1616871704745167,0.1616871704745167,1148811.3951864394,0.0,1857.480638965772,1211685.944824808,1209828.4641858423,-0.002861831445733154,0.15353256217324734,0.0,0.2948381966612337,65232.76309891788,0
2018-01-17,fixed_exposure_matched,156.96884155273438,0.01079138705290994,0.1616871704745167,0.1616871704745167,1148811.3951864394,0.0,1857.480638965772,1224761.4220037868,1222903.941364821,0.010807711643466611,0.1518909683856879,0.0,0.2948381966612337,65936.6992210332,0
2018-01-18,fixed_exposure_matched,156.99720764160156,0.00018071158955246247,0.1616871704745167,0.1616871704745167,1148811.3951864394,0.0,1857.480638965772,1224982.455748983,1223124.9751100172,0.0001807449773605363,0.15186351981723667,0.0,0.2948381966612337,65948.59887374341,0
2018-01-19,fixed_exposure_matched,157.48956298828125,0.0031360770938273497,0.1616871704745167,0.1616871704745167,1148811.3951864394,0.0,1857.480638965772,1228823.8003306012,1226966.3196916354,0.003140598597680233,0.15138807065483256,0.0,0.2948381966612337,66155.4028910255,0
2018-01-22,fixed_exposure_matched,159.1748504638672,0.010700947057115995,0.1616871704745167,0.1616871704745167,1148811.3951864394,0.0,1857.480638965772,1241973.0839222665,1240115.6032833008,0.010716906715882768,0.14978286169837313,0.0,0.2948381966612337,66863.31248188867,0
2018-01-23,fixed_exposure_matched,160.4908447265625,0.008267601689966986,0.1616871704745167,0.1616871704745167,1148811.3951864394,0.0,1857.480638965772,1252240.9278515992,1250383.4472126334,0.008279747389797976,0.1485528813666308,0.0,0.2948381966612337,67416.09584414486,0
2018-01-24,fixed_exposure_matched,159.449462890625,-0.0064887304799956524,0.1616871704745167,0.1616871704745167,1148811.3951864394,0.0,1857.480638965772,1244115.1791365538,1242257.698497588,-0.006498605474312247,0.14952458263790575,0.0,0.2948381966612337,66978.63509518278,0
2018-01-25,fixed_exposure_matched,159.39260864257812,-0.00035656594268917985,0.1616871704745167,0.1616871704745167,1148811.3951864394,0.0,1857.480638965772,1243671.2751966945,1241813.7945577288,-0.0003573364370340615,0.1495780323190332,0.0,0.2948381966612337,66954.73692200416,0
2018-01-26,fixed_exposure_matched,161.83535766601562,0.015325359464535282,0.1616871704745167,0.1616871704745167,1148811.3951864394,0.0,1857.480638965772,1262730.6897066042,1260873.2090676385,0.015348045410219946,0.14731700424813524,0.0,0.2948381966612337,67980.82646017139,0
2018-01-29,fixed_exposure_matched,161.04954528808594,-0.004855628518159794,0.1616871704745167,0.1616871704745167,1148811.3951864394,0.0,1857.480638965772,1256599.0437207127,1254741.563081747,-0.0048630155211447645,0.14803691003935895,0.0,0.2948381966612337,67650.72094750745,0
2018-01-30,fixed_exposure_matched,159.7239990234375,-0.00823067374873554,0.1616871704745167,0.1616871704745167,1148811.3951864394,0.0,1857.480638965772,1246256.0921206777,1244398.611481712,-0.00824309316305094,0.14926733458453958,0.0,0.2948381966612337,67093.89406150588,0
2018-01-31,fixed_exposure_matched,160.38682556152344,0.0041498243353441655,0.1616871704745167,0.1616871704745167,1148811.3951864394,0.0,1857.480638965772,1251427.5411416343,1249570.0605026686,0.0041557817352424475,0.14864957937761067,0.0,0.2948381966612337,67372.30606281945,0
2018-02-01,fixed_exposure_matched,159.02337646484375,-0.008501004318192451,0.1616871704745167,0.1616871704745167,1249570.0605026686,162.91383495769924,2020.3944739234712,1240950.2453464593,1238929.850872536,-0.008515096485148144,0.16307577644533922,0.11403968447038947,0.32069753554340813,61421.18588042942,1
2018-02-02,fixed_exposure_matched,155.85162353515625,-0.019945199254329138,0.1616871704745167,0.1616871704745167,1249570.0605026686,0.0,2020.3944739234712,1216198.9247407801,1214178.5302668568,-0.0199779838933154,0.16640011526800932,0.0,0.32069753554340813,60196.1122165912,0
2018-02-05,fixed_exposure_matched,149.70687866210938,-0.03942689035678071,0.1616871704745167,0.1616871704745167,1249570.0605026686,0.0,2020.3944739234712,1168247.6623854553,1166227.267911532,-0.03949276087494802,0.17324191686424664,0.0,0.32069753554340813,57822.750827307325,0
2018-02-06,fixed_exposure_matched,153.67398071289062,0.026499130074945088,0.1616871704745167,0.1616871704745167,1249570.0605026686,0.0,2020.3944739234712,1199204.8884532226,1197184.4939792992,0.026544762688669676,0.16876216523719914,0.0,0.32069753554340813,59354.9875497554,0
2018-02-07,fixed_exposure_matched,151.68572998046875,-0.01293810912685689,0.1616871704745167,0.1616871704745167,1249570.0605026686,0.0,2020.3944739234712,1183689.124043419,1181668.7295694957,-0.01296021163641281,0.17097807730424916,0.0,0.32069753554340813,58587.03037059757,0
2018-02-08,fixed_exposure_matched,145.28543090820312,-0.04219447058790393,0.1616871704745167,0.1616871704745167,1249570.0605026686,0.0,2020.3944739234712,1133743.6674162117,1131723.2729422883,-0.04226688527621736,0.17852371884787602,0.0,0.32069753554340813,56114.965767776885,0
2018-02-09,fixed_exposure_matched,147.79443359375,0.01726947203076512,0.1616871704745167,0.1616871704745167,1249570.0605026686,0.0,2020.3944739234712,1153322.5012731776,1151302.1067992542,0.01730001876347753,0.1754877770127937,0.0,0.32069753554340813,57084.02572659498,0
2018-02-12,fixed_exposure_matched,150.41702270507812,0.017744843615267403,0.1616871704745167,0.1616871704745167,1249570.0605026686,0.0,2020.3944739234712,1173787.7079987037,1171767.3135247803,0.01777570509483528,0.17242283946681744,0.0,0.32069753554340813,58096.95696302744,0
2018-02-13,fixed_exposure_matched,151.19337463378906,0.005161330245401219,0.1616871704745167,0.1616871704745167,1249570.0605026686,0.0,2020.3944739234712,1179845.693300142,1177825.2988262186,0.005169955870517828,0.171536005886181,0.0,0.32069753554340813,58396.79867115061,0
2018-02-14,fixed_exposure_matched,154.02430725097656,0.01872391977521759,0.1616871704745167,0.1616871704745167,1249570.0605026686,0.0,2020.3944739234712,1201936.7087110942,1199916.3142371709,0.018755765759970844,0.16837794852451082,0.0,0.32069753554340813,59490.19977158289,0
2018-02-15,fixed_exposure_matched,156.88363647460938,0.018564142729586397,0.1616871704745167,0.1616871704745167,1249570.0605026686,0.0,2020.3944739234712,1224249.3126260007,1222228.9181520774,0.018595133385690632,0.16530409679539926,0.0,0.32069753554340813,60594.568458138296,0
2018-02-16,fixed_exposure_matched,156.18301391601562,-0.00446587403465204,0.1616871704745167,0.1616871704745167,1249570.0605026686,0.0,2020.3944739234712,1218781.648711268,1216761.2542373447,-0.004473518694844247,0.16604691075488237,0.0,0.32069753554340813,60323.94487520427,0
2018-02-20,fixed_exposure_matched,156.49539184570312,0.0020000762045446763,0.1616871704745167,0.1616871704745167,1249570.0605026686,0.0,2020.3944739234712,1221218.9841878556,1219198.5897139322,0.0020031337027699436,0.16571496153038762,0.0,0.32069753554340813,60444.58148889755,0
2018-02-21,fixed_exposure_matched,156.05043029785156,-0.002843288499448371,0.1616871704745167,0.1616871704745167,1249570.0605026686,0.0,2020.3944739234712,1217746.3855972707,1215725.9911233473,-0.0028482632935129537,0.16618830959241065,0.0,0.32069753554340813,60272.70423248033,0
2018-02-22,fixed_exposure_matched,156.03150939941406,-0.00012124861431905831,0.1616871704745167,0.1616871704745167,1249570.0605026686,0.0,2020.3944739234712,1217598.4148378894,1215578.020363966,-0.00012171390630921763,0.1662085394830131,0.0,0.32069753554340813,60265.380377595,0
2018-02-23,fixed_exposure_matched,159.2222137451172,0.020449102607444924,0.1616871704745167,0.1616871704745167,1249570.0605026686,0.0,2020.3944739234712,1242496.889060036,1240476.4945861127,0.02048282693914749,0.16287245125088642,0.0,0.32069753554340813,61497.73745159726,0
2018-02-26,fixed_exposure_matched,161.3335418701172,0.013260261086306846,0.1616871704745167,0.1616871704745167,1249570.0605026686,0.0,2020.3944739234712,1258972.4015103607,1256952.0070364373,0.013281599870879957,0.16073759877968855,0.0,0.32069753554340813,62313.19763340672,0
2018-02-27,fixed_exposure_matched,159.33580017089844,-0.012382680477113994,0.1616871704745167,0.1616871704745167,1249570.0605026686,0.0,2020.3944739234712,1243382.6278354174,1241362.233361494,-0.012402839239423202,0.1627562382377648,0.0,0.32069753554340813,61541.57734458912,0
2018-02-28,fixed_exposure_matched,158.31329345703125,-0.006417306799667566,0.1616871704745167,0.1616871704745167,1249570.0605026686,0.0,2020.3944739234712,1235403.139345685,1233382.7448717616,-0.006428009710046201,0.1638092054006753,0.0,0.32069753554340813,61146.630288817534,0
2018-03-01,fixed_exposure_matched,155.72850036621094,-0.016327075474062203,0.1616871704745167,0.1616871704745167,1233382.7448717616,-26.172812619392516,1994.2216613040787,1215206.5389966003,1213212.3173352962,-0.016353745518438156,0.1643753226709892,0.01832096883357476,0.31654312084191727,60936.38247826182,-1
2018-03-02,fixed_exposure_matched,157.15817260742188,0.009180543303562994,0.1616871704745167,0.1616871704745167,1233382.7448717616,0.0,1994.2216613040787,1226362.4787075105,1224368.2570462064,0.009195372938030522,0.1628776023739089,0.0,0.31654312084191727,61495.79570335009,0
2018-03-05,fixed_exposure_matched,158.90028381347656,0.01108508184557766,0.1616871704745167,0.1616871704745167,1233382.7448717616,0.0,1994.2216613040787,1239956.490613208,1237962.2689519038,0.011102878425232054,0.16108905023352987,0.0,0.31654312084191727,62177.46575886478,0
2018-03-06,fixed_exposure_matched,159.57249450683594,0.004230393283302325,0.1616871704745167,0.1616871704745167,1233382.7448717616,0.0,1994.2216613040787,1245201.6776795643,1243207.4560182602,0.004236952286758466,0.16040940324563074,0.0,0.31654312084191727,62440.485019367974,0
2018-03-07,fixed_exposure_matched,159.94175720214844,0.0023140748438741365,0.1616871704745167,0.1616871704745167,1233382.7448717616,0.0,1994.2216613040787,1248082.8510143117,1246088.6293530075,0.0023175322194215475,0.1600385088450342,0.0,0.31654312084191727,62584.96110197472,0
2018-03-08,fixed_exposure_matched,160.8222198486328,0.005504895418721567,0.1616871704745167,0.1616871704745167,1233382.7448717616,0.0,1994.2216613040787,1254953.1000399245,1252958.8783786204,0.00551345134188419,0.1591609825124255,0.0,0.31654312084191727,62929.46889460998,0
2018-03-09,fixed_exposure_matched,163.94668579101562,0.01942807371595534,0.1616871704745167,0.1616871704745167,1233382.7448717616,0.0,1994.2216613040787,1279334.104834446,1277339.8831731419,0.019458742992484623,0.1561230246995869,0.0,0.31654312084191727,64152.05138218451,0
2018-03-12,fixed_exposure_matched,164.8177490234375,0.005313088387356668,0.1616871704745167,0.1616871704745167,1233382.7448717616,0.0,1994.2216613040787,1286131.0034672704,1284136.7818059663,0.005321135527327048,0.15529667007119546,0.0,0.31654312084191727,64492.881028392425,0
2018-03-13,fixed_exposure_matched,162.57386779785156,-0.013614317868561931,0.1616871704745167,0.1616871704745167,1233382.7448717616,0.0,1994.2216613040787,1268620.8906223336,1266626.6689610295,-0.01363570695351557,0.15744352382378546,0.0,0.31654312084191727,63614.83857279667,0
2018-03-14,fixed_exposure_matched,162.54544067382812,-0.00017485666305716574,0.1616871704745167,0.1616871704745167,1233382.7448717616,0.0,1994.2216613040787,1268398.7472635938,1266404.5256022897,-0.0001753818739045343,0.1574711414076514,0.0,0.31654312084191727,63603.69922138703,0
2018-03-15,fixed_exposure_matched,162.40341186523438,-0.0008737790983553984,0.1616871704745167,0.1616871704745167,1233382.7448717616,0.0,1994.2216613040787,1267290.1304067338,1265295.9087454297,-0.000875405002467744,0.15760911321379326,0.0,0.31654312084191727,63548.10776541343,0
2018-03-16,fixed_exposure_matched,161.9205780029297,-0.002973052454743663,0.1616871704745167,0.1616871704745167,1233382.7448717616,0.0,1994.2216613040787,1263522.0938305347,1261527.8721692306,-0.0029779884295486614,0.15807987324726813,0.0,0.31654312084191727,63359.16003461127,0
2018-03-19,fixed_exposure_matched,158.4657745361328,-0.021336407696953552,0.1616871704745167,0.1616871704745167,1233382.7448717616,0.0,1994.2216613040787,1236562.754759337,1234568.533098033,-0.02137038718363027,0.16153187189209886,0.0,0.31654312084191727,62007.287291760396,0
2018-03-20,fixed_exposure_matched,158.9874267578125,0.003291892039190669,0.1616871704745167,0.1616871704745167,1233382.7448717616,0.0,1994.2216613040787,1240633.069304568,1238638.8476432639,0.0032969530942255076,0.16100105895261146,0.0,0.31654312084191727,62211.39271415207,0
2018-03-21,fixed_exposure_matched,158.29513549804688,-0.0043543774113672384,0.1616871704745167,0.1616871704745167,1233382.7448717616,0.0,1994.2216613040787,1235230.568148672,1233236.346487368,-0.004361643562346806,0.16170636447621967,0.0,0.31654312084191727,61940.484957971996,0
2018-03-22,fixed_exposure_matched,154.38800048828125,-0.02468259683073981,0.1616871704745167,0.1616871704745167,1233382.7448717616,0.0,1994.2216613040787,1204741.553498932,1202747.3318376278,-0.024722766837502075,0.16580553608522167,0.0,0.31654312084191727,60411.617067238,0
2018-03-23,fixed_exposure_matched,150.31964111328125,-0.026351525780067386,0.1616871704745167,0.1616871704745167,1233382.7448717616,0.0,1994.2216613040787,1172994.4588504655,1171000.2371891614,-0.026395481252044384,0.1703007051553599,0.0,0.31654312084191727,58819.66290965924,0
2018-03-26,fixed_exposure_matched,155.9052734375,0.037158366550445576,0.1616871704745167,0.1616871704745167,1233382.7448717616,0.0,1994.2216613040787,1216580.7003709518,1214586.4787096477,0.03722137719212548,0.16418935137683235,0.0,0.31654312084191727,61005.28963141413,0
2018-03-27,fixed_exposure_matched,150.86021423339844,-0.03235977265466938,0.1616871704745167,0.1616871704745167,1233382.7448717616,0.0,1994.2216613040787,1177212.1089477683,1175217.8872864642,-0.032413164573516284,0.16968952590643974,0.0,0.31654312084191727,59031.156455193435,0
2018-03-28,fixed_exposure_matched,149.124755859375,-0.011503751223225,0.1616871704745167,0.1616871704745167,1233382.7448717616,0.0,1994.2216613040787,1163669.4371663444,1161675.2155050403,-0.011523541232590917,0.1716677462587585,0.0,0.31654312084191727,58352.06084389774,0
2018-03-29,fixed_exposure_matched,151.85594177246094,0.018314772066828855,0.1616871704745167,0.1616871704745167,1233382.7448717616,0.0,1994.2216613040787,1184981.46112606,1182987.2394647559,0.01834594013478208,0.16857507797010277,0.0,0.31654312084191727,59420.74966486758,0
2018-04-02,fixed_exposure_matched,147.4746551513672,-0.02885159823155692,0.1616871704745167,0.1616871704745167,1182987.2394647559,-81.48306673891966,1912.738594565159,1150713.3609459673,1148800.6223514022,-0.02889855103493888,0.16649874289327107,0.05703814671724376,0.3036093007246284,60160.51352838258,-1
2018-04-03,fixed_exposure_matched,149.13418579101562,0.011252988779292927,0.1616871704745167,0.1616871704745167,1182987.2394647559,0.0,1912.738594565159,1163662.021875574,1161749.283281009,0.011271460580429604,0.164642976078557,0.0,0.3036093007246284,60837.48323905809,0
2018-04-04,fixed_exposure_matched,151.48611450195312,0.015770553870413817,0.1616871704745167,0.1616871704745167,1182987.2394647559,0.0,1912.738594565159,1182013.3128692168,1180100.5742746517,0.01579625764159287,0.16208267636348053,0.0,0.3036093007246284,61796.90817280419,0
2018-04-05,fixed_exposure_matched,152.3490753173828,0.005696633109027127,0.1616871704745167,0.1616871704745167,1182987.2394647559,0.0,1912.738594565159,1188746.5054333177,1186833.7668387527,0.005705609090343344,0.16116314247275965,0.0,0.3036093007246284,62148.92661292102,0
2018-04-06,fixed_exposure_matched,148.53683471679688,-0.02502306359683537,0.1616871704745167,0.1616871704745167,1182987.2394647559,0.0,1912.738594565159,1159000.1224180434,1157087.3838234784,-0.025063647366982744,0.16530632183065616,0.0,0.3036093007246284,60593.75419679499,0
2018-04-09,fixed_exposure_matched,149.5799102783203,0.007022335998422058,0.1616871704745167,0.1616871704745167,1182987.2394647559,0.0,1912.738594565159,1167138.7070905745,1165225.9684960095,0.007033681972780537,0.16415173076120038,0.0,0.3036093007246284,61019.248025154804,0
2018-04-10,fixed_exposure_matched,152.88014221191406,0.02206333676396155,0.1616871704745167,0.1616871704745167,1182987.2394647559,0.0,1912.738594565159,1192889.3778260679,1190976.6392315028,0.022099293554820543,0.1606025283417301,0.0,0.3036093007246284,62365.52037040162,0
2018-04-11,fixed_exposure_matched,151.9982147216797,-0.005768751110997061,0.1616871704745167,0.1616871704745167,1182987.2394647559,0.0,1912.738594565159,1186007.5922931365,1184094.8536985714,-0.00577827079578308,0.16153592666927294,0.0,0.3036093007246284,62005.73333246109,0
2018-04-12,fixed_exposure_matched,153.82847595214844,0.012041333734215787,0.1616871704745167,0.1616871704745167,1182987.2394647559,0.0,1912.738594565159,1200288.4019139514,1198375.6633193863,0.01206052840801397,0.15961093445998858,0.0,0.3036093007246284,62752.349187936175,0
2018-04-13,fixed_exposure_matched,153.0319061279297,-0.005178298876643228,0.1616871704745167,0.1616871704745167,1182987.2394647559,0.0,1912.738594565159,1194072.6462213718,1192159.9076268068,-0.0051868173585589705,0.1604431236387394,0.0,0.3036093007246284,62427.38289561369,0
2018-04-16,fixed_exposure_matched,154.1982879638672,0.007621821262308703,0.1616871704745167,0.1616871704745167,1182987.2394647559,0.0,1912.738594565159,1203173.3508957825,1201260.6123012174,0.007633795278795263,0.15922761264110588,0.0,0.3036093007246284,62903.1773769019,0
2018-04-17,fixed_exposure_matched,157.5174560546875,0.021525323884257874,0.1616871704745167,0.1616871704745167,1182987.2394647559,0.0,1912.738594565159,1229071.7433534213,1227159.0047588563,0.02155934540134985,0.1558672174630722,0.0,0.3036093007246284,64257.172770272766,0
2018-04-18,fixed_exposure_matched,157.83990478515625,0.002047066646104323,0.1616871704745167,0.1616871704745167,1182987.2394647559,0.0,1912.738594565159,1231587.4315156087,1229674.6929210436,0.0020500099436435715,0.1555483418156329,0.0,0.3036093007246284,64388.69561240788,0
2018-04-19,fixed_exposure_matched,156.3889617919922,-0.009192497899305097,0.1616871704745167,0.1616871704745167,1182987.2394647559,0.0,1912.738594565159,1220265.7630292904,1218353.0244347253,-0.00920704357948865,0.15699379048634982,0.0,0.3036093007246284,63796.786790235965,0
2018-04-20,fixed_exposure_matched,153.913818359375,-0.015826842280015185,0.1616871704745167,0.1616871704745167,1182987.2394647559,0.0,1912.738594565159,1200952.5056488228,1199039.7670542577,-0.01585193863611767,0.15952253187267357,0.0,0.3036093007246284,62787.069234719274,0
2018-04-23,fixed_exposure_matched,153.52500915527344,-0.002526148777582282,0.1616871704745167,0.1616871704745167,1182987.2394647559,0.0,1912.738594565159,1197918.417335443,1196005.678740878,-0.0025304317644391228,0.15992721678201713,0.0,0.3036093007246284,62628.44388350814,0
2018-04-24,fixed_exposure_matched,150.27224731445312,-0.021187178940536677,0.1616871704745167,0.1616871704745167,1182987.2394647559,0.0,1912.738594565159,1172537.6018618918,1170624.8632673267,-0.021221316858855865,0.1633946667787767,0.0,0.3036093007246284,61301.50796316502,0
2018-04-25,fixed_exposure_matched,150.4524383544922,0.0011990972602013983,0.1616871704745167,0.1616871704745167,1182987.2394647559,0.0,1912.738594565159,1173943.284878467,1172030.546283902,0.00120079716456023,0.1631986982446646,0.0,0.3036093007246284,61374.998560394015,0
2018-04-26,fixed_exposure_matched,153.61990356445312,0.02105293370186412,0.1616871704745167,0.1616871704745167,1182987.2394647559,0.0,1912.738594565159,1198657.9314154612,1196745.1928208962,0.021087032770055192,0.15982839171106808,0.0,0.3036093007246284,62667.10646302212,0
2018-04-27,fixed_exposure_matched,153.7146453857422,0.0006167288163236861,0.1616871704745167,0.1616871704745167,1182987.2394647559,0.0,1912.738594565159,1199396.8746933795,1197484.1360988144,0.0006174608282123462,0.15972976483818094,0.0,0.3036093007246284,62705.73920039763,0
2018-04-30,fixed_exposure_matched,152.62408447265625,-0.007094710529040427,0.1616871704745167,0.1616871704745167,1182987.2394647559,0.0,1912.738594565159,1190887.1974486937,1188974.4588541286,-0.00710629643279348,0.16087297589290156,0.0,0.3036093007246284,62260.84425924544,0
2018-05-01,fixed_exposure_matched,154.36895751953125,0.011432488213795722,0.1616871704745167,0.1616871704745167,1188974.4588541286,9.680565620778452,1922.4191601859375,1204511.480536294,1202589.061376108,0.011450710669681285,0.15985669768076358,0.0067763959345449164,0.3051458984422123,62656.02764902702,1
2018-05-02,fixed_exposure_matched,153.45863342285156,-0.00589706707428217,0.1616871704745167,0.1616871704745167,1188974.4588541286,0.0,1922.4191601859375,1197408.09039793,1195485.6712377442,-0.00590674767175714,0.16080654134445324,0.0,0.3051458984422123,62286.52497835675,0
2018-05-03,fixed_exposure_matched,153.43963623046875,-0.00012379357198144536,0.1616871704745167,0.1616871704745167,1188974.4588541286,0.0,1922.4191601859375,1197259.5538274017,1195337.1346672159,-0.00012424788862130942,0.16082652370045733,0.0,0.3051458984422123,62278.79843392749,0
2018-05-04,fixed_exposure_matched,156.35101318359375,0.018974086648329003,0.1616871704745167,0.1616871704745167,1188974.4588541286,0.0,1922.4191601859375,1219976.1551963643,1218053.7360361784,0.01900434673209328,0.157827122343709,0.0,0.3051458984422123,63460.46587875079,0
2018-05-07,fixed_exposure_matched,157.65023803710938,0.008309666992627918,0.1616871704745167,0.1616871704745167,1188974.4588541286,0.0,1922.4191601859375,1230113.4456390943,1228191.0264789085,0.008322531381677045,0.15652444275686545,0.0,0.3051458984422123,63987.78534438437,0
2018-05-08,fixed_exposure_matched,157.4890594482422,-0.001022380878544893,0.1616871704745167,0.1616871704745167,1188974.4588541286,0.0,1922.4191601859375,1228855.4960279337,1226933.0768677478,-0.0010242296060142264,0.1566849240949396,0.0,0.3051458984422123,63922.34958317197,0
2018-05-09,fixed_exposure_matched,159.20545959472656,0.010898535761771244,0.1616871704745167,0.1616871704745167,1188974.4588541286,0.0,1922.4191601859375,1242247.916451545,1240325.4972913591,0.010915363418028345,0.15499311788592143,0.0,0.3051458984422123,64618.99372306474,0
2018-05-10,fixed_exposure_matched,160.85557556152344,0.010364694596513235,0.1616871704745167,0.1616871704745167,1188974.4588541286,0.0,1922.4191601859375,1255123.1315728216,1253200.7124126358,0.010380513139005565,0.15340073949407004,0.0,0.3051458984422123,65288.73398512244,0
2018-05-11,fixed_exposure_matched,160.70387268066406,-0.0009430999225845671,0.1616871704745167,0.1616871704745167,1188974.4588541286,0.0,1922.4191601859375,1253939.119898703,1252016.700738517,-0.000944790138077134,0.1535458080592675,0.0,0.3051458984422123,65227.144312139564,0
2018-05-14,fixed_exposure_matched,160.9788818359375,0.0017112789548010543,0.1616871704745167,0.1616871704745167,1188974.4588541286,0.0,1922.4191601859375,1256084.654379289,1254162.235219103,0.001713662828395579,0.15328313245296285,0.0,0.3051458984422123,65338.750278466825,0
2018-05-15,fixed_exposure_matched,159.19602966308594,-0.011075068683037315,0.1616871704745167,0.1616871704745167,1188974.4588541286,0.0,1922.4191601859375,1242173.1254144306,1240250.7062542448,-0.01109228820179542,0.15500246446075006,0.0,0.3051458984422123,64615.10325845311,0
2018-05-16,fixed_exposure_matched,160.2486114501953,0.006611859537810183,0.1616871704745167,0.1616871704745167,1188974.4588541286,0.0,1922.4191601859375,1250385.894495415,1248463.4753352292,0.006621862047382576,0.15398281152516233,0.0,0.3051458984422123,65042.313372203236,0
2018-05-17,fixed_exposure_matched,159.63223266601562,-0.0038463907961614474,0.1616871704745167,0.1616871704745167,1188974.4588541286,0.0,1922.4191601859375,1245576.1165532793,1243653.6973930935,-0.0038525579940127397,0.15457833351966468,0.0,0.3051458984422123,64792.11934367147,0
2018-05-18,fixed_exposure_matched,158.80722045898438,-0.005168205651532531,0.1616871704745167,0.1616871704745167,1188974.4588541286,0.0,1922.4191601859375,1239138.4178823964,1237215.9987222105,-0.005176439940135613,0.15538266254004157,0.0,0.3051458984422123,64457.24447328887,0
2018-05-21,fixed_exposure_matched,159.69862365722656,0.005613115043924699,0.1616871704745167,0.1616871704745167,1188974.4588541286,0.0,1922.4191601859375,1246093.5392314186,1244171.1200712328,0.0056215902123843975,0.15451404788079895,0.0,0.3051458984422123,64819.03452891594,0
2018-05-22,fixed_exposure_matched,159.489990234375,-0.0013064196677071704,0.1616871704745167,0.1616871704745167,1188974.4588541286,0.0,1922.4191601859375,1244465.3129780656,1242542.8938178797,-0.0013086835300113453,0.15471652284606824,0.0,0.3051458984422123,64734.33779434971,0
2018-05-23,fixed_exposure_matched,160.8365936279297,0.00844318437524394,0.1616871704745167,0.1616871704745167,1188974.4588541286,0.0,1922.4191601859375,1254972.2579182368,1253049.838758051,0.008456001794744594,0.15341920973321588,0.0,0.3051458984422123,65280.885870740865,0
2018-05-24,fixed_exposure_matched,160.78921508789062,-0.0002945756246781617,0.1616871704745167,0.1616871704745167,1188974.4588541286,0.0,1922.4191601859375,1254602.2685355083,1252679.8493753225,-0.0002952710828287852,0.15346452336920688,0.0,0.3051458984422123,65261.63983999007,0
2018-05-25,fixed_exposure_matched,160.95045471191406,0.0010028012384741825,0.1616871704745167,0.1616871704745167,1188974.4588541286,0.0,1922.4191601859375,1255860.0800982898,1253937.660938104,0.0010040965881334962,0.15331058473415057,0.0,0.3051458984422123,65327.06842023059,0
2018-05-29,fixed_exposure_matched,160.23919677734375,-0.004419111060253944,0.1616871704745167,0.1616871704745167,1188974.4588541286,0.0,1922.4191601859375,1250309.9897822978,1248387.570622112,-0.004426129375394772,0.15399217401915766,0.0,0.3051458984422123,65038.36497662492,0
2018-05-30,fixed_exposure_matched,161.38665771484375,0.00716092542010438,0.1616871704745167,0.1616871704745167,1188974.4588541286,0.0,1922.4191601859375,1259263.061225242,1257340.6420650561,0.007171708252816655,0.15289565101693972,0.0,0.3051458984422123,65504.0839846522,0
2018-05-31,fixed_exposure_matched,161.28236389160156,-0.0006462357218306458,0.1616871704745167,0.1616871704745167,1188974.4588541286,0.0,1922.4191601859375,1258448.975305998,1256526.5561458122,-0.0006474664796541907,0.1529947099632053,0.0,0.3051458984422123,65461.737032639656,0
2018-06-01,fixed_exposure_matched,163.81439208984375,0.015699349495794657,0.1616871704745167,0.1616871704745167,1256526.5561458122,109.22307470711553,2031.642234893053,1278316.343258523,1276284.7010236299,0.015724414880989412,0.1591840937420622,0.07645615229498087,0.32248289442746875,62920.34696383511,1
2018-06-04,fixed_exposure_matched,165.2937774658203,0.009030863266062727,0.1616871704745167,0.1616871704745167,1256526.5561458122,0.0,2031.642234893053,1289860.3208823695,1287828.6786474765,0.009044986290745127,0.15775718219187013,0.0,0.32248289442746875,63488.55614090287,0
2018-06-05,fixed_exposure_matched,165.80587768554688,0.0030981215843557397,0.1616871704745167,0.1616871704745167,1256526.5561458122,0.0,2031.642234893053,1293856.1425004047,1291824.5002655117,0.0031027586854424083,0.1572692137728836,0.0,0.32248289442746875,63685.235534026695,0
2018-06-06,fixed_exposure_matched,166.77316284179688,0.005833841174704757,0.1616871704745167,0.1616871704745167,1256526.5561458122,0.0,2031.642234893053,1301403.971255774,1299372.3290208809,0.005842766377180286,0.1563556641554743,0.0,0.32248289442746875,64056.74921029001,0
2018-06-07,fixed_exposure_matched,165.41702270507812,-0.00813164488584539,0.1616871704745167,0.1616871704745167,1256526.5561458122,0.0,2031.642234893053,1290821.0938255987,1288789.4515907057,-0.00814460735680722,0.1576395766108631,0.0,0.32248289442746875,63535.8466001544,0
2018-06-08,fixed_exposure_matched,165.426513671875,5.737599819943817e-05,0.1616871704745167,0.1616871704745167,1256526.5561458122,0.0,2031.642234893053,1290894.8334914595,1288863.1912565664,5.721622392984571e-05,0.1576305575855821,0.0,0.32248289442746875,63539.47615975866,0
2018-06-11,fixed_exposure_matched,165.87229919433594,0.002694764657527271,0.1616871704745167,0.1616871704745167,1256526.5561458122,0.0,2031.642234893053,1294373.1687824423,1292341.5265475493,0.002698762222848261,0.15720629517496995,0.0,0.32248289442746875,63710.6842214559,0
2018-06-12,fixed_exposure_matched,166.74465942382812,0.0052592279345577975,0.1616871704745167,0.1616871704745167,1256526.5561458122,0.0,2031.642234893053,1301180.2498265507,1299148.6075916577,0.005267246238146672,0.15638258956835438,0.0,0.32248289442746875,64045.73735862731,0
2018-06-13,fixed_exposure_matched,166.73521423339844,-5.6644635350378e-05,0.1616871704745167,0.1616871704745167,1256526.5561458122,0.0,2031.642234893053,1301106.2224628797,1299074.5802279867,-5.698144403065708e-05,0.15639150098191446,0.0,0.32248289442746875,64042.093638173006,0
2018-06-14,fixed_exposure_matched,168.4232635498047,0.010124131990758123,0.1616871704745167,0.1616871704745167,1256526.5561458122,0.0,2031.642234893053,1314278.4711101963,1312246.8288753033,0.01013971703226213,0.15482165322771838,0.0,0.32248289442746875,64690.44837411449,0
2018-06-15,fixed_exposure_matched,167.83529663085938,-0.0034910077536375317,0.1616871704745167,0.1616871704745167,1256526.5561458122,0.0,2031.642234893053,1309689.9922942172,1307658.3500593242,-0.003496658338212,0.15536491124007154,0.0,0.32248289442746875,64464.59764423829,0
2018-06-18,fixed_exposure_matched,167.7383270263672,-0.000577766455797768,0.1616871704745167,0.1616871704745167,1256526.5561458122,0.0,2031.642234893053,1308932.9748662813,1306901.3326313882,-0.0005789107131091153,0.15545490575041582,0.0,0.32248289442746875,64427.336289117084,0
2018-06-19,fixed_exposure_matched,167.26315307617188,-0.002832828719703473,0.1616871704745167,0.1616871704745167,1256526.5561458122,0.0,2031.642234893053,1305224.6694600189,1303193.0272251258,-0.002837479244738317,0.15589726099279444,0.0,0.32248289442746875,64244.80880752741,0
2018-06-20,fixed_exposure_matched,168.45111083984375,0.007102327929516372,0.1616871704745167,0.1616871704745167,1256526.5561458122,0.0,2031.642234893053,1314494.4806013242,1312462.8383664312,0.0071131528082555295,0.15479617216604433,0.0,0.32248289442746875,64701.08063443169,0
2018-06-21,fixed_exposure_matched,166.98756408691406,-0.00868825824675723,0.1616871704745167,0.1616871704745167,1256526.5561458122,0.0,2031.642234893053,1303073.4906070286,1301041.8483721355,-0.008701953046160837,0.1561550258690791,0.0,0.32248289442746875,64138.92506401961,0
2018-06-22,fixed_exposure_matched,166.61692810058594,-0.0022195424452997603,0.1616871704745167,0.1616871704745167,1256526.5561458122,0.0,2031.642234893053,1300180.941202387,1298149.298967494,-0.002223256237499749,0.15650297207793862,0.0,0.32248289442746875,63996.55012442825,0
2018-06-25,fixed_exposure_matched,162.86300659179688,-0.022530252787536953,0.1616871704745167,0.1616871704745167,1256526.5561458122,0.0,2031.642234893053,1270887.213444665,1268855.571209772,-0.022565761720182098,0.16011611415758004,0.0,0.32248289442746875,62554.67579957873,0
2018-06-26,fixed_exposure_matched,163.52828979492188,0.004084925220571911,0.1616871704745167,0.1616871704745167,1256526.5561458122,0.0,2031.642234893053,1276078.370192473,1274046.72795758,0.004091211691539032,0.15946371434507522,0.0,0.32248289442746875,62810.19109940125,0
2018-06-27,fixed_exposure_matched,161.30438232421875,-0.013599527479264184,0.1616871704745167,0.1616871704745167,1256526.5561458122,0.0,2031.642234893053,1258723.9848484516,1256692.3426135585,-0.013621466907922763,0.16166584023801892,0.0,0.32248289442746875,61955.98630655125,0
2018-06-28,fixed_exposure_matched,162.69198608398438,0.008602393436382805,0.1616871704745167,0.1616871704745167,1256526.5561458122,0.0,2031.642234893053,1269551.701311035,1267520.059076142,0.008616043955567587,0.1602848191904637,0.0,0.32248289442746875,62488.94020348347,0
2018-06-29,fixed_exposure_matched,163.12908935546875,0.002686692086103948,0.1616871704745167,0.1616871704745167,1256526.5561458122,0.0,2031.642234893053,1272962.2733369528,1270930.6311020597,0.0026907440253083337,0.15985469113537368,0.0,0.32248289442746875,62656.812871581315,0
2018-07-02,fixed_exposure_matched,164.22201538085938,0.006699761702274154,0.1616871704745167,0.1616871704745167,1270930.6311020597,23.289541229785073,2054.931776122838,1281513.9202083517,1279458.9884322288,0.006710324797801093,0.16060942904006845,0.016302678860849552,0.32617964700362506,62362.84508803792,1
2018-07-03,fixed_exposure_matched,162.32130432128906,-0.011574033208411438,0.1616871704745167,0.1616871704745167,1270930.6311020597,0.0,2054.931776122838,1266681.3093591717,1264626.3775830488,-0.011592877132666102,0.1624931926574408,0.0,0.32617964700362506,61641.039575002076,0
2018-07-05,fixed_exposure_matched,164.3360595703125,0.012412143048305957,0.1616871704745167,0.1616871704745167,1270930.6311020597,0.0,2054.931776122838,1282403.2127879062,1280348.2810117833,0.012432054010119709,0.16049787441421387,0.0,0.32617964700362506,62406.12110283742,0
2018-07-06,fixed_exposure_matched,166.89256286621094,0.015556557109759783,0.1616871704745167,0.1616871704745167,1270930.6311020597,0.0,2054.931776122838,1302352.6654257334,1300297.7336496105,0.015581270294722005,0.1580354808706125,0.0,0.32617964700362506,63376.92961675641,0
2018-07-09,fixed_exposure_matched,168.39410400390625,0.00899705242647042,0.1616871704745167,0.1616871704745167,1270930.6311020597,0.0,2054.931776122838,1314069.674454675,1312014.7426785522,0.009011020111566959,0.15662413761659255,0.0,0.32617964700362506,63947.11930213121,0
2018-07-10,fixed_exposure_matched,168.51766967773438,0.000733788600016938,0.1616871704745167,0.1616871704745167,1270930.6311020597,0.0,2054.931776122838,1315033.5976217708,1312978.665845648,0.0007346892803412608,0.1565091520203279,0.0,0.32617964700362506,63994.02709626316,0
2018-07-11,fixed_exposure_matched,167.66229248046875,-0.00507589025472166,0.1616871704745167,0.1616871704745167,1270930.6311020597,0.0,2054.931776122838,1308358.3052193238,1306303.373443201,-0.005084082914742272,0.15730892363129828,0.0,0.32617964700362506,63669.18456474897,0
2018-07-12,fixed_exposure_matched,170.55140686035156,0.017231748040301698,0.1616871704745167,0.1616871704745167,1270930.6311020597,0.0,2054.931776122838,1330903.2797016522,1328848.3479255293,0.01725860542096247,0.15464005199169648,0.0,0.32617964700362506,64766.30003808431,0
2018-07-13,fixed_exposure_matched,170.69395446777344,0.0008358043480614086,0.1616871704745167,0.1616871704745167,1270930.6311020597,0.0,2054.931776122838,1332015.328270029,1329960.3964939062,0.0008368513759398066,0.1545107494584147,0.0,0.32617964700362506,64820.41612024811,0
2018-07-16,fixed_exposure_matched,170.2853240966797,-0.002393935815523607,0.1616871704745167,0.1616871704745167,1270930.6311020597,0.0,2054.931776122838,1328826.2428892099,1326771.311113087,-0.0023978799588516564,0.1548821382336693,0.0,0.32617964700362506,64665.22433150483,0
2018-07-17,fixed_exposure_matched,171.32122802734375,0.006083342391126623,0.1616871704745167,0.1616871704745167,1270930.6311020597,0.0,2054.931776122838,1336909.6217233723,1334854.6899472494,0.00609251855723425,0.15394423015467285,0.0,0.32617964700362506,65058.58915889651,0
2018-07-18,fixed_exposure_matched,170.99807739257812,-0.0018862264675925111,0.1616871704745167,0.1616871704745167,1270930.6311020597,0.0,2054.931776122838,1334387.5812304514,1332332.6494543285,-0.0018893745603280054,0.1542356390473849,0.0,0.32617964700362506,64935.85805306489,0
2018-07-19,fixed_exposure_matched,170.14276123046875,-0.005001905139235818,0.1616871704745167,0.1616871704745167,1270930.6311020597,0.0,2054.931776122838,1327712.7749505152,1325657.8431743924,-0.005009864678066633,0.15501222933982284,0.0,0.32617964700362506,64611.0391779327,0
2018-07-20,fixed_exposure_matched,170.10475158691406,-0.00022339853473518634,0.1616871704745167,0.1616871704745167,1270930.6311020597,0.0,2054.931776122838,1327415.839682395,1325360.9079062722,-0.00022399088094182673,0.15504695844463223,0.0,0.32617964700362506,64596.589293436766,0
2018-07-23,fixed_exposure_matched,170.64645385742188,0.003184521687103148,0.1616871704745167,0.1616871704745167,1270930.6311020597,0.0,2054.931776122838,1331642.6980320208,1329587.766255898,0.003189213084836773,0.1545540526376457,0.0,0.32617964700362506,64802.282659938726,0
2018-07-24,fixed_exposure_matched,171.34970092773438,0.004121076379940858,0.1616871704745167,0.1616871704745167,1270930.6311020597,0.0,2054.931776122838,1337130.173121754,1335075.2413456312,0.0041272003466050755,0.15391879891740476,0.0,0.32617964700362506,65069.32194335897,0
2018-07-25,fixed_exposure_matched,173.74461364746094,0.013976754594608787,0.1616871704745167,0.1616871704745167,1270930.6311020597,0.0,2054.931776122838,1355818.5872328766,1353763.6554567537,0.013998023131854609,0.1517939832288904,0.0,0.32617964700362506,65978.76401478301,0
2018-07-26,fixed_exposure_matched,171.11204528808594,-0.0151519422910954,0.1616871704745167,0.1616871704745167,1270930.6311020597,0.0,2054.931776122838,1335274.9760622825,1333220.0442861596,-0.015175182970666223,0.15413297939299297,0.0,0.32617964700362506,64979.04171697734,0
2018-07-27,fixed_exposure_matched,168.802734375,-0.013495899188148641,0.1616871704745167,0.1616871704745167,1270930.6311020597,0.0,2054.931776122838,1317253.913417241,1315198.9816411182,-0.013516945475186226,0.15624493364180334,0.0,0.32617964700362506,64102.075247606634,0
2018-07-30,fixed_exposure_matched,166.41734313964844,-0.014131235753873206,0.1616871704745167,0.1616871704745167,1270930.6311020597,0.0,2054.931776122838,1298639.1616393828,1296584.22986326,-0.01415356310163085,0.15848810503730676,0.0,0.32617964700362506,63196.2178369543,0
2018-07-31,fixed_exposure_matched,167.69076538085938,0.007651980359657307,0.1616871704745167,0.1616871704745167,1270930.6311020597,0.0,2054.931776122838,1308575.9968188822,1306521.0650427593,0.0076638562699065105,0.15728271293165758,0.0,0.32617964700362506,63679.77818163143,0
2018-08-01,fixed_exposure_matched,168.32762145996094,0.0037978005387186986,0.1616871704745167,0.1616871704745167,1306521.0650427593,57.54516559831927,2112.4769417211573,1313603.0954068168,1311490.6184650958,0.003803653500354276,0.16107449889298459,0.04028161591882349,0.33531380027319957,62183.07378714147,1
2018-08-02,fixed_exposure_matched,170.61795043945312,0.013606376420146615,0.1616871704745167,0.1616871704745167,1306521.0650427593,0.0,2112.4769417211573,1331476.1382757914,1329363.6613340704,0.01362803714897498,0.15890888273575954,0.0,0.33531380027319957,63029.1442230352,0
2018-08-03,fixed_exposure_matched,171.140625,0.0030634206963606747,0.1616871704745167,0.1616871704745167,1306521.0650427593,0.0,2112.4769417211573,1335554.6745206956,1333442.1975789745,0.003068036507640981,0.15842283569221183,0.0,0.33531380027319957,63222.213134906066,0
2018-08-06,fixed_exposure_matched,172.1479949951172,0.005886211968182176,0.1616871704745167,0.1616871704745167,1306521.0650427593,0.0,2112.4769417211573,1343415.6971162206,1341303.2201744996,0.005895285607278478,0.15749436144992857,0.0,0.33531380027319957,63594.33660949984,0
2018-08-07,fixed_exposure_matched,172.7752227783203,0.003643538126720136,0.1616871704745167,0.1616871704745167,1306521.0650427593,0.0,2112.4769417211573,1348310.1481148975,1346197.6711731765,0.0036490265027770974,0.1569217498259515,0.0,0.33531380027319957,63826.02912656416,0
2018-08-08,fixed_exposure_matched,172.98431396484375,0.0012101919659610605,0.1616871704745167,0.1616871704745167,1306521.0650427593,0.0,2112.4769417211573,1349941.5269099697,1347829.0499682487,0.0012118419382276535,0.15673181563870595,0.0,0.33531380027319957,63903.25500121645,0
2018-08-09,fixed_exposure_matched,172.87982177734375,-0.0006040558539963659,0.1616871704745167,0.1616871704745167,1306521.0650427593,0.0,2112.4769417211573,1349125.7515142867,1347013.2745725657,-0.0006052513823635586,0.1568267352369997,0.0,0.33531380027319957,63864.637992927666,0
2018-08-10,fixed_exposure_matched,171.55877685546875,-0.00764140608368058,0.1616871704745167,0.1616871704745167,1306521.0650427593,0.0,2112.4769417211573,1338816.1984752151,1336703.721533494,-0.007653638782693539,0.15803628789913746,0.0,0.33531380027319957,63376.606486620585,0
2018-08-13,fixed_exposure_matched,171.3686981201172,-0.0011079510989501218,0.1616871704745167,0.1616871704745167,1306521.0650427593,0.0,2112.4769417211573,1337332.520283022,1335220.043341301,-0.0011099529149892762,0.1582118956539045,0.0,0.33531380027319957,63306.372432800126,0
2018-08-14,fixed_exposure_matched,172.44261169433594,0.006266684557911573,0.1616871704745167,0.1616871704745167,1306521.0650427593,0.0,2112.4769417211573,1345712.8260228722,1343600.3490811512,0.006276348068352089,0.15722509622491676,0.0,0.33531380027319957,63703.07762632628,0
2018-08-15,fixed_exposure_matched,170.3328094482422,-0.012234808005770037,0.1616871704745167,0.1616871704745167,1306521.0650427593,0.0,2112.4769417211573,1329247.9526517799,1327135.4757100588,-0.012254293758074852,0.1591756817886973,0.0,0.33531380027319957,62923.666829175636,0
2018-08-16,fixed_exposure_matched,170.8935546875,0.0032920565396310497,0.1616871704745167,0.1616871704745167,1306521.0650427593,0.0,2112.4769417211573,1333623.576753298,1331511.099811577,0.0032970440332604767,0.15865259718977148,0.0,0.33531380027319957,63130.79922504232,0
2018-08-17,fixed_exposure_matched,170.93154907226562,0.00022232778079378512,0.1616871704745167,0.1616871704745167,1306521.0650427593,0.0,2112.4769417211573,1333919.7430097316,1331807.2660680106,0.00022242868007293914,0.15861731614950364,0.0,0.33531380027319957,63144.81908251789,0
2018-08-20,fixed_exposure_matched,170.7794647216797,-0.0008897383274847348,0.1616871704745167,0.1616871704745167,1306521.0650427593,0.0,2112.4769417211573,1332732.568174787,1330620.091233066,-0.0008914013800581655,0.1587588339932216,0.0,0.33531380027319957,63088.62084378221,0
2018-08-21,fixed_exposure_matched,171.40670776367188,0.003672824733432778,0.1616871704745167,0.1616871704745167,1306521.0650427593,0.0,2112.4769417211573,1337627.1260004307,1335514.6490587096,0.0036784036690049593,0.15817699515389533,0.0,0.33531380027319957,63320.31841779955,0
2018-08-22,fixed_exposure_matched,172.0719757080078,0.0038812246791017913,0.1616871704745167,0.1616871704745167,1306521.0650427593,0.0,2112.4769417211573,1342818.4220994993,1340705.9451577782,0.003887112809078941,0.15756452407411045,0.0,0.33531380027319957,63566.06292731543,0
2018-08-23,fixed_exposure_matched,171.82484436035156,-0.0014362091597972526,0.1616871704745167,0.1616871704745167,1306521.0650427593,0.0,2112.4769417211573,1340889.5186679352,1338777.041726214,-0.0014387222183437354,0.15779154227184367,0.0,0.33531380027319957,63474.752892471086,0
2018-08-24,fixed_exposure_matched,173.42149353027344,0.009292306801532035,0.1616871704745167,0.1616871704745167,1306521.0650427593,0.0,2112.4769417211573,1353349.1401485559,1351236.6632068348,0.009306718812981174,0.1563365618505127,0.0,0.33531380027319957,64064.56389748349,0
2018-08-27,fixed_exposure_matched,175.1891326904297,0.010192734038746432,0.1616871704745167,0.1616871704745167,1306521.0650427593,0.0,2112.4769417211573,1367143.132681856,1365030.655740135,0.01020842085542828,0.1547567399192034,0.0,0.33531380027319957,64717.54108558293,0
2018-08-28,fixed_exposure_matched,175.44573974609375,0.0014647429993133176,0.1616871704745167,0.1616871704745167,1306521.0650427593,0.0,2112.4769417211573,1369145.3107007106,1367032.8337589896,0.0014667641422083655,0.15453008073788452,0.0,0.33531380027319957,64812.31977780494,0
2018-08-29,fixed_exposure_matched,177.46998596191406,0.011537733653435023,0.1616871704745167,0.1616871704745167,1306521.0650427593,0.0,2112.4769417211573,1384941.8093146246,1382829.3323729036,0.011555317636722462,0.1527648345509272,0.0,0.33531380027319957,65560.09118784664,0
2018-08-30,fixed_exposure_matched,177.15643310546875,-0.0017667937186437443,0.1616871704745167,0.1616871704745167,1306521.0650427593,0.0,2112.4769417211573,1382494.5675114403,1380382.0905697192,-0.001769735242009185,0.1530356671643924,0.0,0.33531380027319957,65444.244157526366,0
2018-08-31,fixed_exposure_matched,177.3844757080078,0.0012872386203626185,0.1616871704745167,0.1616871704745167,1306521.0650427593,0.0,2112.4769417211573,1384273.8325973821,1382161.355655661,0.001288965640815709,0.15283866337870905,0.0,0.33531380027319957,65528.4706430705,0
2018-09-04,fixed_exposure_matched,176.6241912841797,-0.004286082086910614,0.1616871704745167,0.1616871704745167,1382161.355655661,122.30064563070255,2234.77758735186,1378462.0578050122,1376227.2802176604,-0.004293330452135091,0.1623843401068473,0.08561045194149178,0.3547266011669619,61682.29293181903,1
2018-09-05,fixed_exposure_matched,174.3433837890625,-0.012913335815066707,0.1616871704745167,0.1616871704745167,1382161.355655661,0.0,2234.77758735186,1360661.159617647,1358426.3820302952,-0.01293456280313654,0.1645122339284795,0.0,0.3547266011669619,60885.752896331265,0
2018-09-06,fixed_exposure_matched,172.78475952148438,-0.008939967974144092,0.1616871704745167,0.1616871704745167,1382161.355655661,0.0,2234.77758735186,1348496.5377004023,1346261.7601130505,-0.00895493644570089,0.16599874211417825,0.0,0.3547266011669619,60341.42034234055,0
2018-09-07,fixed_exposure_matched,172.11949157714844,-0.0038502698164950555,0.1616871704745167,0.1616871704745167,1382161.355655661,0.0,2234.77758735186,1343304.1074570452,1341069.3298696934,-0.0038569247060252776,0.16664146570028596,0.0,0.3547266011669619,60109.073719896114,0
2018-09-10,fixed_exposure_matched,172.69921875,0.0033681668911491602,0.1616871704745167,0.1616871704745167,1382161.355655661,0.0,2234.77758735186,1347828.2251499256,1345593.4475625737,0.003373515143560768,0.16608118829650712,0.0,0.3547266011669619,60311.515238841246,0
2018-09-11,fixed_exposure_matched,174.02972412109375,0.007704177127864087,0.1616871704745167,0.1616871704745167,1382161.355655661,0.0,2234.77758735186,1358211.777807814,1355977.0002204622,0.007716708695852725,0.16480940214977963,0.0,0.3547266011669619,60776.14996207528,0
2018-09-12,fixed_exposure_matched,173.51651000976562,-0.0029490026138926373,0.1616871704745167,0.1616871704745167,1382161.355655661,0.0,2234.77758735186,1354206.052998238,1351971.2754108862,-0.002954124449695561,0.16529771216275838,0.0,0.3547266011669619,60596.90506395891,0
2018-09-13,fixed_exposure_matched,175.36972045898438,0.010680311914494256,0.1616871704745167,0.1616871704745167,1382161.355655661,0.0,2234.77758735186,1368669.0413141542,1366434.2637268023,0.010697703848419948,0.16354812278028982,0.0,0.3547266011669619,61244.08303807912,0
2018-09-14,fixed_exposure_matched,174.8565216064453,-0.0029263823378169462,0.1616871704745167,0.1616871704745167,1382161.355655661,0.0,2234.77758735186,1364663.4376787343,1362428.6600913825,-0.0029314279813907884,0.1640289618688707,0.0,0.3547266011669619,61064.84356216482,0
2018-09-17,fixed_exposure_matched,172.3380889892578,-0.014402852087243345,0.1616871704745167,0.1616871704745167,1382161.355655661,0.0,2234.77758735186,1345008.0373103772,1342773.2597230254,-0.014426737299433112,0.16643000381261902,0.0,0.3547266011669619,60185.31977959243,0
2018-09-18,fixed_exposure_matched,173.76364135742188,0.00827183576494761,0.1616871704745167,0.1616871704745167,1382161.355655661,0.0,2234.77758735186,1356133.368170942,1353898.59058359,0.008285338406917253,0.1650624059213011,0.0,0.3547266011669619,60683.14698725419,0
2018-09-19,fixed_exposure_matched,173.63058471679688,-0.0007657334962917206,0.1616871704745167,0.1616871704745167,1382161.355655661,0.0,2234.77758735186,1355094.5766988934,1352859.7991115416,-0.000767259438242518,0.16518914885485522,0.0,0.3547266011669619,60636.663995929775,0
2018-09-20,fixed_exposure_matched,175.5502471923828,0.011056015728548196,0.1616871704745167,0.1616871704745167,1382161.355655661,0.0,2234.77758735186,1370076.1689259456,1367841.3913385938,0.011074016861829294,0.16337987733832698,0.0,0.3547266011669619,61307.0480337796,0
2018-09-21,fixed_exposure_matched,174.59046936035156,-0.0054672542327978135,0.1616871704745167,0.1616871704745167,1382161.355655661,0.0,2234.77758735186,1362585.2594655287,1360350.4818781768,-0.00547644595919583,0.1642795453908613,0.0,0.3547266011669619,60971.85094290071,0
2018-09-24,fixed_exposure_matched,175.07598876953125,0.002780904427134523,0.1616871704745167,0.1616871704745167,1382161.355655661,0.0,2234.77758735186,1366374.1241193234,1364139.3465319716,0.00278521212310201,0.16382326285311666,0.0,0.3547266011669619,61141.39196010253,0
2018-09-25,fixed_exposure_matched,175.31399536132812,0.001359447366081623,0.1616871704745167,0.1616871704745167,1382161.355655661,0.0,2234.77758735186,1368231.2830968383,1365996.5055094864,0.0013614144201883338,0.16360053472599018,0.0,0.3547266011669619,61224.494591345385,0
2018-09-26,fixed_exposure_matched,175.43777465820312,0.0007060434429086992,0.1616871704745167,0.1616871704745167,1382161.355655661,0.0,2234.77758735186,1369196.9590960501,1366962.1815086983,0.0007069388503682106,0.16348496085571038,0.0,0.3547266011669619,61267.705871281134,0
2018-09-27,fixed_exposure_matched,176.9229736328125,0.008465673812284136,0.1616871704745167,0.1616871704745167,1382161.355655661,0.0,2234.77758735186,1380787.7792099274,1378553.0016225756,0.008479254415864501,0.16211038565231053,0.0,0.3547266011669619,61786.36241139848,0
2018-09-28,fixed_exposure_matched,176.88491821289062,-0.00021509597730851038,0.1616871704745167,0.1616871704745167,1382161.355655661,0.0,2234.77758735186,1380490.4225865013,1378255.6449991495,-0.00021570198829934384,0.16214536072901328,0.0,0.3547266011669619,61773.05654037538,0
2018-10-01,fixed_exposure_matched,177.24671936035156,0.0020454041594744066,0.1616871704745167,0.1616871704745167,1378255.6449991495,-6.315033047435463,2228.4625543044244,1383307.3973353524,1381078.934781048,0.0020484514553904543,0.16135663923204493,0.004420523133204824,0.3537242149689563,62074.51835631707,-1
2018-10-02,fixed_exposure_matched,176.8468017578125,-0.002256276471475971,0.1616871704745167,0.1616871704745167,1378255.6449991495,0.0,2228.4625543044244,1380185.919677711,1377957.4571234067,-0.0022601732450115986,0.1617221593296874,0.0,0.3537242149689563,61934.44520805565,0
2018-10-03,fixed_exposure_matched,177.0372772216797,0.0010770647926561239,0.1616871704745167,0.1616871704745167,1378255.6449991495,0.0,2228.4625543044244,1381672.1156149008,1379443.6530605964,0.0010785499432561796,0.16154792182776692,0.0,0.3537242149689563,62001.13674542607,0
2018-10-04,fixed_exposure_matched,173.6383819580078,-0.019198754731275636,0.1616871704745167,0.1616871704745167,1378255.6449991495,0.0,2228.4625543044244,1355145.3778239526,1352916.9152696482,-0.019230026345833595,0.16471540337421772,0.0,0.3537242149689563,60810.776254974466,0
2018-10-05,fixed_exposure_matched,171.5152587890625,-0.012227268792787793,0.1616871704745167,0.1616871704745167,1378255.6449991495,0.0,2228.4625543044244,1338575.2973117803,1336346.8347574759,-0.012247670440922676,0.16675779792667766,0.0,0.3537242149689563,60067.21067519096,0
2018-10-08,fixed_exposure_matched,170.468017578125,-0.006105819495777043,0.1616871704745167,0.1616871704745167,1378255.6449991495,0.0,2228.4625543044244,1330401.8444406735,1328173.381886369,-0.006116266120830938,0.16778400958008952,0.0,0.3537242149689563,59700.43525617755,0
2018-10-09,fixed_exposure_matched,171.0201873779297,0.0032391401486888682,0.1616871704745167,0.1616871704745167,1378255.6449991495,0.0,2228.4625543044244,1334710.848744676,1332482.3861903716,0.0032443085840814234,0.16724142678356158,0.0,0.3537242149689563,59893.797459894166,0
2018-10-10,fixed_exposure_matched,163.49880981445312,-0.04397947212427855,0.1616871704745167,0.1616871704745167,1378255.6449991495,0.0,2228.4625543044244,1276010.6164541224,1273782.153899818,-0.044053289483533264,0.17494848294755522,0.0,0.3537242149689563,57259.68399107369,0
2018-10-11,fixed_exposure_matched,161.47091674804688,-0.012403105984120644,0.1616871704745167,0.1616871704745167,1378255.6449991495,0.0,2228.4625543044244,1260183.7678171638,1257955.3052628594,-0.01242508272588283,0.1771495811481768,0.0,0.3537242149689563,56549.47018889927,0
2018-10-12,fixed_exposure_matched,165.9647216796875,0.02783042929428947,0.1616871704745167,0.1616871704745167,1378255.6449991495,0.0,2228.4625543044244,1295254.8693409958,1293026.4067866914,0.027879449593404715,0.17234470561528528,0.0,0.3537242149689563,58123.2503476051,0
2018-10-15,fixed_exposure_matched,163.95582580566406,-0.012104354791138139,0.1616871704745167,0.1616871704745167,1378255.6449991495,0.0,2228.4625543044244,1279576.291133328,1277347.8285790237,-0.012125489568794334,0.17446011998027675,0.0,0.3537242149689563,57419.69003076767,0
2018-10-16,fixed_exposure_matched,168.72569274902344,0.029092390709025917,0.1616871704745167,0.1616871704745167,1378255.6449991495,0.0,2228.4625543044244,1316801.8708127702,1314573.4082584658,0.029142868407936673,0.16951982599866144,0.0,0.3537242149689563,59090.15021451805,0
2018-10-17,fixed_exposure_matched,168.79232788085938,0.0003949317424647436,0.1616871704745167,0.1616871704745167,1378255.6449991495,0.0,2228.4625543044244,1317321.5639458762,1315093.1013915718,0.00039533215097842245,0.1694528358445776,0.0,0.3537242149689563,59113.4709174889,0
2018-10-18,fixed_exposure_matched,164.87933349609375,-0.02318230001263788,0.1616871704745167,0.1616871704745167,1378255.6449991495,0.0,2228.4625543044244,1286782.6665131506,1284554.2039588462,-0.023221852050178682,0.17348139513588162,0.0,0.3537242149689563,57743.06882687545,0
2018-10-19,fixed_exposure_matched,164.72702026367188,-0.0009237860755028082,0.1616871704745167,0.1616871704745167,1378255.6449991495,0.0,2228.4625543044244,1285593.6008794124,1283365.138325108,-0.00092566403976857,0.1736421294108661,0.0,0.3537242149689563,57689.71071092052,0
2018-10-22,fixed_exposure_matched,165.5743408203125,0.005143786097049352,0.1616871704745167,0.1616871704745167,1378255.6449991495,0.0,2228.4625543044244,1292206.0656458565,1289977.6030915522,0.005152442254332978,0.17275203452863874,0.0,0.3537242149689563,57986.43836980227,0
2018-10-23,fixed_exposure_matched,164.96502685546875,-0.0036800023592121756,0.1616871704745167,0.1616871704745167,1378255.6449991495,0.0,2228.4625543044244,1287450.3905514765,1285221.927997172,-0.003686633847737042,0.1733912646337394,0.0,0.3537242149689563,57773.032266783215,0
2018-10-24,fixed_exposure_matched,157.41513061523438,-0.045766647538263316,0.1616871704745167,0.1616871704745167,1378255.6449991495,0.0,2228.4625543044244,1228527.7485798928,1226299.2860255884,-0.04584627813143982,0.18172256803042164,0.0,0.3537242149689563,55128.93838879676,0
2018-10-25,fixed_exposure_matched,162.86094665527344,0.03459525154128995,0.1616871704745167,0.1616871704745167,1378255.6449991495,0.0,2228.4625543044244,1271028.6213432539,1268800.1587889495,0.034657830472286655,0.1756354252376086,0.0,0.3537242149689563,57036.12200654559,0
2018-10-26,fixed_exposure_matched,158.67185974121094,-0.025721862730722744,0.1616871704745167,0.1616871704745167,1378255.6449991495,0.0,2228.4625543044244,1238335.043894028,1236106.5813397237,-0.025767318220098034,0.18028077739778395,0.0,0.3537242149689563,55569.030832584605,0
2018-10-29,fixed_exposure_matched,155.40623474121094,-0.02058099656313439,0.1616871704745167,0.1616871704745167,1378255.6449991495,0.0,2228.4625543044244,1212848.5208874212,1210620.0583331168,-0.02061838630369872,0.18407613015868568,0.0,0.3537242149689563,54425.3489269866,0
2018-10-30,fixed_exposure_matched,157.9673309326172,0.01648000928451232,0.1616871704745167,0.1616871704745167,1378255.6449991495,0.0,2228.4625543044244,1232835.922048138,1230607.4594938336,0.016510052863519364,0.181086384379713,0.0,0.3537242149689563,55322.26330960028,0
2018-10-31,fixed_exposure_matched,161.6803436279297,0.023504940378440198,0.1616871704745167,0.1616871704745167,1378255.6449991495,0.0,2228.4625543044244,1261813.303168064,1259584.8406137596,0.023547217186416836,0.17692040126638542,0.0,0.3537242149689563,56622.59393727695,0
2018-11-01,fixed_exposure_matched,163.81301879882812,0.01319068925166511,0.1616871704745167,0.1616871704745167,1259584.8406137596,-191.87546579008563,2036.5870885143388,1278262.6245560402,1276226.0374675258,0.0132116522184067,0.1595788699434179,0.13431282605305994,0.3232677918276728,62764.938055681894,-1
2018-11-02,fixed_exposure_matched,161.2614288330078,-0.015576234322095095,0.1616871704745167,0.1616871704745167,1259584.8406137596,0.0,2036.5870885143388,1258351.783122987,1256315.1960344727,-0.01560134400059976,0.16210797218267953,0.0,0.3232677918276728,61787.280800298926,0
2018-11-05,fixed_exposure_matched,160.86160278320312,-0.002479365665417288,0.1616871704745167,0.1616871704745167,1259584.8406137596,0.0,2036.5870885143388,1255231.5456491034,1253194.958560589,-0.0024836422290621663,0.16251159283736255,0.0,0.3232677918276728,61634.0716647073,0
2018-11-06,fixed_exposure_matched,162.0802459716797,0.007575724519660376,0.1616871704745167,0.1616871704745167,1259584.8406137596,0.0,2036.5870885143388,1264740.5107795366,1262703.9236910222,0.007587777995336831,0.16128777699218444,0.0,0.3232677918276728,62100.97853964824,0
2018-11-07,fixed_exposure_matched,167.16424560546875,0.03136717619911189,0.1616871704745167,0.1616871704745167,1259584.8406137596,0.0,2036.5870885143388,1304411.525959521,1302374.9388710067,0.03141751160796402,0.15637486776886236,0.0,0.3232677918276728,64048.895002622776,0
2018-11-08,fixed_exposure_matched,166.09799194335938,-0.006378479191213482,0.1616871704745167,0.1616871704745167,1259584.8406137596,0.0,2036.5870885143388,1296091.0409166173,1294054.453828103,-0.006388701743690328,0.1573803237174184,0.0,0.3232677918276728,63640.344585612445,0
2018-11-09,fixed_exposure_matched,163.2989044189453,-0.016852025070649645,0.1616871704745167,0.1616871704745167,1259584.8406137596,0.0,2036.5870885143388,1274248.9589334542,1272212.37184494,-0.016878796652296413,0.16008232065538838,0.0,0.3232677918276728,62567.86003013506,0
2018-11-12,fixed_exposure_matched,158.357666015625,-0.0302588582630261,0.1616871704745167,0.1616871704745167,1259584.8406137596,0.0,2036.5870885143388,1235691.3170254864,1233654.729936972,-0.03030755144445907,0.16508566287573745,0.0,0.3232677918276728,60674.61214864647,0
2018-11-13,fixed_exposure_matched,158.49098205566406,0.0008418666641998307,0.1616871704745167,0.1616871704745167,1259584.8406137596,0.0,2036.5870885143388,1236731.2810847394,1234694.693996225,0.0008429944246282073,0.1649466137999428,0.0,0.3232677918276728,60725.67620896179,0
2018-11-14,fixed_exposure_matched,157.28184509277344,-0.007629058431008806,0.1616871704745167,0.1616871704745167,1259584.8406137596,0.0,2036.5870885143388,1227295.8626100956,1225259.2755215813,-0.007641904124577548,0.1662168268546576,0.0,0.3232677918276728,60262.38060388522,0
2018-11-15,fixed_exposure_matched,160.0332794189453,0.017493654938679937,0.1616871704745167,0.1616871704745167,1259584.8406137596,0.0,2036.5870885143388,1248765.4296704743,1246728.84258196,0.017522468500586807,0.16335445358724454,0.0,0.3232677918276728,61316.57402293711,0
2018-11-16,fixed_exposure_matched,159.47158813476562,-0.003509840492047056,0.1616871704745167,0.1616871704745167,1259584.8406137596,0.0,2036.5870885143388,1244382.1389325564,1242345.551844042,-0.003515833265588131,0.1639308069716502,0.0,0.3232677918276728,61101.34675558192,0
2018-11-19,fixed_exposure_matched,154.29232788085938,-0.03247763638955792,0.1616871704745167,0.1616871704745167,1259584.8406137596,0.0,2036.5870885143388,1203967.2250268527,1201930.6379383383,-0.032531137448606695,0.1694429798384772,0.0,0.3232677918276728,59116.90355972597,0
2018-11-20,fixed_exposure_matched,151.53128051757812,-0.01789491027326562,0.1616871704745167,0.1616871704745167,1259584.8406137596,0.0,2036.5870885143388,1182422.0162952526,1180385.4292067382,-0.017925500899583002,0.17253576993770578,0.0,0.3232677918276728,58058.9960018755,0
2018-11-21,fixed_exposure_matched,152.68333435058594,0.007602745974776948,0.1616871704745167,0.1616871704745167,1259584.8406137596,0.0,2036.5870885143388,1191411.347252337,1189374.7601638227,0.007615589564779368,0.1712317392908037,0.0,0.3232677918276728,58500.387927012474,0
2018-11-23,fixed_exposure_matched,151.57888793945312,-0.007233575398588155,0.1616871704745167,0.1616871704745167,1259584.8406137596,0.0,2036.5870885143388,1182792.860173462,1180756.2730849476,-0.007246233371967614,0.17248158107967299,0.0,0.3232677918276728,58077.2050870799,0
2018-11-26,fixed_exposure_matched,155.08255004882812,0.02311444658951789,0.1616871704745167,0.1616871704745167,1259584.8406137596,0.0,2036.5870885143388,1210132.1392986127,1208095.5522100984,0.02315404097216578,0.16857831193804101,0.0,0.3232677918276728,59419.61166911781,0
2018-11-27,fixed_exposure_matched,155.60618591308594,0.003376497640082299,0.1616871704745167,0.1616871704745167,1259584.8406137596,0.0,2036.5870885143388,1214217.8243433503,1212181.237254836,0.003381922098184331,0.16801011481801947,0.0,0.3232677918276728,59620.22597467731,0
2018-11-28,fixed_exposure_matched,160.6140594482422,0.032182997775894284,0.1616871704745167,0.1616871704745167,1259584.8406137596,0.0,2036.5870885143388,1253294.6706158516,1251258.0835273373,0.03223680178468746,0.16276315136947075,0.0,0.3232677918276728,61538.96770160279,0
2018-11-29,fixed_exposure_matched,160.09039306640625,-0.0032604018828419346,0.1616871704745167,0.1616871704745167,1259584.8406137596,0.0,2036.5870885143388,1249208.1030442282,1247171.5159557138,-0.003265966969902223,0.1632964722541544,0.0,0.3232677918276728,61338.31006242446,0
2018-11-30,fixed_exposure_matched,161.251953125,0.007255651237684901,0.1616871704745167,0.1616871704745167,1259584.8406137596,0.0,2036.5870885143388,1258271.5980954152,1256235.0110069008,0.007267240259445362,0.16211831947606428,0.0,0.3232677918276728,61783.34357473053,0
2018-12-03,fixed_exposure_matched,164.070068359375,0.017476471941958005,0.1616871704745167,0.1616871704745167,1256235.0110069008,-5.416244707047554,2031.1708438072912,1280255.9092076349,1278224.7383638276,0.017504469437849446,0.1589056120449727,0.0037913712949332874,0.32240807044560177,63030.43946849308,-1
2018-12-04,fixed_exposure_matched,157.7769317626953,-0.038356396505518364,0.1616871704745167,0.1616871704745167,1256235.0110069008,0.0,2031.1708438072912,1231149.5835174634,1229118.4126736561,-0.038417599203274144,0.1652542849300386,0.0,0.32240807044560177,60612.80306730661,0
2018-12-06,fixed_exposure_matched,158.89083862304688,0.007060010914820891,0.1616871704745167,0.1616871704745167,1256235.0110069008,0.0,2031.1708438072912,1239841.1906068034,1237810.0197629961,0.007071415576985318,0.16409390870791304,0.0,0.32240807044560177,61040.71424552381,0
2018-12-07,fixed_exposure_matched,153.64486694335938,-0.03301619983347848,0.1616871704745167,0.1616871704745167,1256235.0110069008,0.0,2031.1708438072912,1198906.0236878807,1196874.8528440734,-0.033070637872813946,0.16970620102684272,0.0,0.32240807044560177,59025.36595299946,0
2018-12-10,fixed_exposure_matched,155.25390625,0.010472457288363435,0.1616871704745167,0.1616871704745167,1256235.0110069008,0.0,2031.1708438072912,1211461.193405643,1209430.0225618358,0.010489960322859204,0.16794447019802183,0.0,0.32240807044560177,59643.49070385639,0
2018-12-11,fixed_exposure_matched,155.76805114746094,0.0033116390426468634,0.1616871704745167,0.1616871704745167,1256235.0110069008,0.0,2031.1708438072912,1215472.7931843062,1213441.622340499,0.003316934178767772,0.16738925106998948,0.0,0.32240807044560177,59840.99254329514,0
2018-12-12,fixed_exposure_matched,157.13900756835938,0.008801268365363324,0.1616871704745167,0.1616871704745167,1256235.0110069008,0.0,2031.1708438072912,1226170.1730198485,1224139.0021760412,0.008815735045340833,0.16592648712251323,0.0,0.32240807044560177,60367.65330490251,0
2018-12-13,fixed_exposure_matched,157.18661499023438,0.00030296374281402194,0.1616871704745167,0.1616871704745167,1256235.0110069008,0.0,2031.1708438072912,1226541.335716723,1224510.1648729157,0.0003032030645333528,0.16587619295247694,0.0,0.32240807044560177,60385.92664207679,0
2018-12-14,fixed_exposure_matched,153.35935974121094,-0.024348480621337987,0.1616871704745167,0.1616871704745167,1256235.0110069008,0.0,2031.1708438072912,1196676.5953646838,1194645.4245208765,-0.02438913224957895,0.17002290404468012,0.0,0.32240807044560177,58915.605204414765,0
2018-12-17,fixed_exposure_matched,149.88424682617188,-0.022659933641501984,0.1616871704745167,0.1616871704745167,1256235.0110069008,0.0,2031.1708438072912,1169559.660715311,1167528.4898715038,-0.022698730596359296,0.17397184406445093,0.0,0.32240807044560177,57580.565627017924,0
2018-12-18,fixed_exposure_matched,150.82679748535156,0.006288523838484661,0.1616871704745167,0.1616871704745167,1256235.0110069008,0.0,2031.1708438072912,1176914.1421141787,1174882.9712703715,0.006299187953586527,0.17288282267050284,0.0,0.32240807044560177,57942.64651358097,0
2018-12-19,fixed_exposure_matched,147.1232147216797,-0.024555203885646137,0.1616871704745167,0.1616871704745167,1256235.0110069008,0.0,2031.1708438072912,1148014.4529905943,1145983.282146787,-0.02459793003241495,0.17724262434284987,0.0,0.32240807044560177,56519.8371417502,0
2018-12-20,fixed_exposure_matched,144.99058532714844,-0.014495532867234151,0.1616871704745167,0.1616871704745167,1256235.0110069008,0.0,2031.1708438072912,1131373.0493471387,1129341.8785033314,-0.014521506467599643,0.17985438089829053,0.0,0.32240807044560177,55700.53611179536,0
2018-12-21,fixed_exposure_matched,140.49685668945312,-0.030993244337595538,0.1616871704745167,0.1616871704745167,1256235.0110069008,0.0,2031.1708438072912,1096307.8055836817,1094276.6347398744,-0.03104927252846368,0.18561767466506587,0.0,0.32240807044560177,53974.179913331536,0
2018-12-24,fixed_exposure_matched,137.01278686523438,-0.02479820478773953,0.1616871704745167,0.1616871704745167,1256235.0110069008,0.0,2031.1708438072912,1069121.0177023497,1067089.8468585424,-0.02484452927005487,0.19034675006860516,0.0,0.32240807044560177,52635.70127357457,0
2018-12-26,fixed_exposure_matched,145.56771850585938,0.06243892877706103,0.1616871704745167,0.1616871704745167,1256235.0110069008,0.0,2031.1708438072912,1135875.4663726552,1133844.295528848,0.0625574771110673,0.17914019163097805,0.0,0.32240807044560177,55922.202203510074,0
2018-12-27,fixed_exposure_matched,146.1310577392578,0.0038699461610078867,0.1616871704745167,0.1616871704745167,1256235.0110069008,0.0,2031.1708438072912,1140270.9208650566,1138239.7500212493,0.0038765944404661745,0.17844841948011148,0.0,0.32240807044560177,56138.60224222678,0
2018-12-28,fixed_exposure_matched,146.05471801757812,-0.0005224058653972019,0.1616871704745167,0.1616871704745167,1256235.0110069008,0.0,2031.1708438072912,1139674.9142397842,1137643.743395977,-0.0005236213418668978,0.1785419078334707,0.0,0.32240807044560177,56109.25923412436,0
2018-12-31,fixed_exposure_matched,147.28636169433594,0.008432755158306993,0.1616871704745167,0.1616871704745167,1256235.0110069008,0.0,2031.1708438072912,1149285.1913435622,1147254.020499755,0.008447527760395701,0.17704630426333076,0.0,0.32240807044560177,56582.39900634382,0
2019-01-02,fixed_exposure_matched,147.87840270996094,0.0040196594498931315,0.1616871704745167,0.1616871704745167,1147254.020499755,-176.20827990610587,1854.9625639011854,1153727.5915662786,1151872.6290023774,0.004025794131111926,0.16103886117232818,0.12334579593427411,0.2944385022065374,62196.812702239426,-1
2019-01-03,fixed_exposure_matched,143.047119140625,-0.03267065021531035,0.1616871704745167,0.1616871704745167,1147254.020499755,0.0,1854.9625639011854,1116034.266539962,1114179.3039760608,-0.03272351827559461,0.16648689822917775,0.0,0.2944385022065374,60164.786516921515,0
2019-01-04,fixed_exposure_matched,149.16729736328125,0.04278435147400428,0.1616871704745167,0.1616871704745167,1147254.020499755,0.0,1854.9625639011854,1163782.774418138,1161927.8118542368,0.04285531754878291,0.1596452503310842,0.0,0.2944385022065374,62738.88201660404,0
2019-01-07,fixed_exposure_matched,150.94322204589844,0.011905589991968002,0.1616871704745167,0.1616871704745167,1147254.020499755,0.0,1854.9625639011854,1177638.000531573,1175783.0379676719,0.011924343295754758,0.15776401802049023,0.0,0.2944385022065374,63485.809549432306,0
2019-01-08,fixed_exposure_matched,152.30859375,0.009045597977803688,0.1616871704745167,0.1616871704745167,1147254.020499755,0.0,1854.9625639011854,1188290.146009264,1186435.1834453628,0.009059618257551305,0.15634756873227953,0.0,0.2944385022065374,64060.06078689601,0
2019-01-09,fixed_exposure_matched,153.54981994628906,0.008149416692313505,0.1616871704745167,0.1616871704745167,1147254.020499755,0.0,1854.9625639011854,1197973.7231219613,1196118.7605580601,0.008161909936433842,0.15508180500703256,0.0,0.2944385022065374,64582.09704256748,0
2019-01-10,fixed_exposure_matched,153.98898315429688,0.002860069833761081,0.1616871704745167,0.1616871704745167,1147254.020499755,0.0,1854.9625639011854,1201399.7171905986,1199544.7546266974,0.002864259120088475,0.15463887918700092,0.0,0.2944385022065374,64766.79047710408,0
2019-01-11,fixed_exposure_matched,153.42568969726562,-0.0036580114076526504,0.1616871704745167,0.1616871704745167,1147254.020499755,0.0,1854.9625639011854,1197004.6888814624,1195149.7263175612,-0.003663913574032396,0.15520754622239744,0.0,0.2944385022065374,64529.85694568591,0
2019-01-14,fixed_exposure_matched,152.06985473632812,-0.008837079133310666,0.1616871704745167,0.1616871704745167,1147254.020499755,0.0,1854.9625639011854,1186426.3692843707,1184571.4067204695,-0.008851041308175822,0.15659356231100657,0.0,0.2944385022065374,63959.58562037978,0
2019-01-15,fixed_exposure_matched,155.039306640625,0.01952689380446615,0.1616871704745167,0.1616871704745167,1147254.020499755,0.0,1854.9625639011854,1209593.2965657027,1207738.3340018014,0.019557223101873245,0.15358977285707473,0.0,0.2944385022065374,65208.501783550724,0
2019-01-16,fixed_exposure_matched,155.01065063476562,-0.00018483058574170208,0.1616871704745167,0.1616871704745167,1147254.020499755,0.0,1854.9625639011854,1209369.432289687,1207514.4697257858,-0.00018535825990873,0.15361824726807857,0.0,0.2944385022065374,65196.43338495486,0
2019-01-17,fixed_exposure_matched,156.23275756835938,0.007884019121197516,0.1616871704745167,0.1616871704745167,1147254.020499755,0.0,1854.9625639011854,1218903.8295799484,1217048.8670160472,0.007895886574698086,0.15241479731616453,0.0,0.2944385022065374,65710.42743937986,0
2019-01-18,fixed_exposure_matched,157.77955627441406,0.009900604265900448,0.1616871704745167,0.1616871704745167,1147254.020499755,0.0,1854.9625639011854,1230971.4195963077,1229116.4570324065,0.009915452323575602,0.15091837338016198,0.0,0.2944385022065374,66360.98450458443,0
2019-01-22,fixed_exposure_matched,154.6191864013672,-0.02003028749523339,0.1616871704745167,0.1616871704745167,1147254.020499755,0.0,1854.9625639011854,1206314.4137248758,1204459.4511609746,-0.020060756432278226,0.154007888112231,0.0,0.2944385022065374,65031.739033474994,0
2019-01-23,fixed_exposure_matched,154.81968688964844,0.0012967374421488653,0.1616871704745167,0.1616871704745167,1147254.020499755,0.0,1854.9625639011854,1207878.3923536544,1206023.4297897532,0.0012984900631325402,0.15380816973220512,0.0,0.2944385022065374,65116.05225139188,0
2019-01-24,fixed_exposure_matched,155.8222198486328,0.006475487576066197,0.1616871704745167,0.1616871704745167,1147254.020499755,0.0,1854.9625639011854,1215699.699438237,1213844.7368743357,0.006485203265035988,0.15281711964890465,0.0,0.2944385022065374,65537.69456573237,0
2019-01-25,fixed_exposure_matched,157.68408203125,0.011948630846267072,0.1616871704745167,0.1616871704745167,1147254.020499755,0.0,1854.9625639011854,1230225.35192824,1228370.3893643387,0.01196664783290724,0.1510100357320643,0.0,0.2944385022065374,66320.76441159782,0
2019-01-28,fixed_exposure_matched,155.73631286621094,-0.012352351232593373,0.1616871704745167,0.1616871704745167,1147254.020499755,0.0,1854.9625639011854,1215028.8818474791,1213173.919283578,-0.012371244221073052,0.1529016190025422,0.0,0.2944385022065374,65501.53116255581,0
2019-01-29,fixed_exposure_matched,154.26589965820312,-0.009441684992703037,0.1616871704745167,0.1616871704745167,1147254.020499755,0.0,1854.9625639011854,1203556.6674495367,1201701.7048856355,-0.009456364182900634,0.15436131582069446,0.0,0.2944385022065374,64883.07046576336,0
2019-01-30,fixed_exposure_matched,158.19007873535156,0.025437760942910836,0.1616871704745167,0.1616871704745167,1147254.020499755,0.0,1854.9625639011854,1234172.1597988622,1232317.197234961,0.025476781987455954,0.15052638785397937,0.0,0.2944385022065374,66533.53462849761,0
2019-01-31,fixed_exposure_matched,160.55801391601562,0.01496892345964107,0.1616871704745167,0.1616871704745167,1147254.020499755,0.0,1854.9625639011854,1252646.093956409,1250791.1313925078,0.014991216708651,0.14830314329428068,0.0,0.2944385022065374,67529.4541428351,0
2019-02-01,fixed_exposure_matched,159.88009643554688,-0.004222258758278863,0.1616871704745167,0.1616871704745167,1250791.1313925078,167.40622499355482,2022.3687888947402,1247523.359707278,1245500.9909183832,-0.004229435547911997,0.16237392050595845,0.11718435749548838,0.321010918872181,61686.24469274327,1
2019-02-04,fixed_exposure_matched,161.86607360839844,0.012421666093078487,0.1616871704745167,0.1616871704745167,1250791.1313925078,0.0,2022.3687888947402,1263019.3573139585,1260996.9885250637,0.012441577902924328,0.16037855818039834,0.0,0.321010918872181,62452.47475383659,0
2019-02-05,fixed_exposure_matched,163.29824829101562,0.008847899072921495,0.1616871704745167,0.1616871704745167,1250791.1313925078,0.0,2022.3687888947402,1274194.1041036998,1272171.735314805,0.008861834636743948,0.1589697941523827,0.0,0.321010918872181,63005.03207429685,0
2019-02-06,fixed_exposure_matched,162.81134033203125,-0.002981709626894813,0.1616871704745167,0.1616871704745167,1250791.1313925078,0.0,2022.3687888947402,1270394.5062660424,1268372.1374771476,-0.00298670197755746,0.1594460118713525,0.0,0.321010918872181,62817.15349060223,0
2019-02-07,fixed_exposure_matched,160.6248016357422,-0.013429891872580368,0.1616871704745167,0.1616871704745167,1250791.1313925078,0.0,2022.3687888947402,1253332.9244004504,1251310.5556115557,-0.013451558388477558,0.16162005345718064,0.0,0.321010918872181,61973.51003846429,0
2019-02-08,fixed_exposure_matched,160.93992614746094,0.00196186708720969,0.1616871704745167,0.1616871704745167,1250791.1313925078,0.0,2022.3687888947402,1255791.4760032292,1253769.1072143344,0.0019647813180774243,0.16130312808457262,0.0,0.321010918872181,62095.07795507174,0
2019-02-11,fixed_exposure_matched,160.78712463378906,-0.0009494319857701328,0.1616871704745167,0.1616871704745167,1250791.1313925078,0.0,2022.3687888947402,1254598.8663975354,1252576.4976086407,-0.0009512194859734313,0.16145670885217392,0.0,0.321010918872181,62036.10702888644,0
2019-02-12,fixed_exposure_matched,163.16453552246094,0.014786077517628948,0.1616871704745167,0.1616871704745167,1250791.1313925078,0.0,2022.3687888947402,1273149.1414786999,1271126.7726898051,0.014809694351267,0.1591004793813954,0.0,0.321010918872181,62953.361843291605,0
2019-02-13,fixed_exposure_matched,163.27915954589844,0.0007025057440972482,0.1616871704745167,0.1616871704745167,1250791.1313925078,0.0,2022.3687888947402,1274043.2150527623,1272020.8462638676,0.0007033708936603489,0.15898865139158425,0.0,0.321010918872181,62997.57106858088,0
2019-02-14,fixed_exposure_matched,163.47964477539062,0.0012278678433290668,0.1616871704745167,0.1616871704745167,1250791.1313925078,0.0,2022.3687888947402,1275607.2507366184,1273584.8819477237,0.0012295676509155307,0.15879340415865204,0.0,0.321010918872181,63074.907887287955,0
2019-02-15,fixed_exposure_matched,164.16712951660156,0.004205323189657495,0.1616871704745167,0.1616871704745167,1250791.1313925078,0.0,2022.3687888947402,1280971.2704781175,1278948.9016892228,0.00421174891248377,0.1581274112064693,0.0,0.321010918872181,63340.142387096006,0
2019-02-19,fixed_exposure_matched,164.49172973632812,0.001977254647031801,0.1616871704745167,0.1616871704745167,1250791.1313925078,0.0,2022.3687888947402,1283503.7558644658,1281481.387075571,0.0019801302327273618,0.15781491711790877,0.0,0.321010918872181,63465.36610495868,0
2019-02-20,fixed_exposure_matched,164.46310424804688,-0.00017402387540776942,0.1616871704745167,0.1616871704745167,1250791.1313925078,0.0,2022.3687888947402,1283280.074555851,1281257.7057669563,-0.00017454901091096264,0.15784246836464155,0.0,0.321010918872181,63454.30574297906,0
2019-02-21,fixed_exposure_matched,163.86158752441406,-0.0036574569498918352,0.1616871704745167,0.1616871704745167,1250791.1313925078,0.0,2022.3687888947402,1278586.2119175901,1276563.8431286954,-0.003663480513821593,0.1584228473789585,0.0,0.321010918872181,63222.20847842295,0
2019-02-22,fixed_exposure_matched,165.0741729736328,0.007400059205688425,0.1616871704745167,0.1616871704745167,1250791.1313925078,0.0,2022.3687888947402,1288047.5045744383,1286025.1357855436,0.007411531125352644,0.1572573297845703,0.0,0.321010918872181,63690.04069126179,0
2019-02-25,fixed_exposure_matched,165.67568969726562,0.00364391783885476,0.1616871704745167,0.1616871704745167,1250791.1313925078,0.0,2022.3687888947402,1292740.7228427306,1290718.3540538359,0.0036493985519385763,0.15668552186795565,0.0,0.321010918872181,63922.106093678194,0
2019-02-26,fixed_exposure_matched,165.8475341796875,0.0010372341454312206,0.1616871704745167,0.1616871704745167,1250791.1313925078,0.0,2022.3687888947402,1294081.2766507338,1292058.907861839,0.001038610633987469,0.15652295546194972,0.0,0.321010918872181,63988.39241175057,0
2019-02-27,fixed_exposure_matched,165.74249267578125,-0.0006333618671257035,0.1616871704745167,0.1616871704745167,1250791.1313925078,0.0,2022.3687888947402,1293261.333906223,1291238.9651173283,-0.0006346016729744663,0.15662234826618462,0.0,0.321010918872181,63947.84873104242,0
2019-02-28,fixed_exposure_matched,165.36056518554688,-0.0023043426225131114,0.1616871704745167,0.1616871704745167,1250791.1313925078,0.0,2022.3687888947402,1290280.895681536,1288258.5268926413,-0.0023082003449425015,0.15698470040581203,0.0,0.321010918872181,63800.47510457759,0
2019-03-01,fixed_exposure_matched,166.50634765625,0.0069289946452315565,0.1616871704745167,0.1616871704745167,1288258.5268926413,60.57997163466234,2082.9487605294025,1299281.8715018933,1297198.9227413638,0.006939908148938967,0.16057280992243794,0.04240598014426364,0.33062678738561946,62377.044319211556,1
2019-03-04,fixed_exposure_matched,166.53497314453125,0.00017191830031815236,0.1616871704745167,0.1616871704745167,1288258.5268926413,0.0,2082.9487605294025,1299504.9112060887,1297421.9624455592,0.00017193947688776134,0.1605452058637249,0.0,0.33062678738561946,62387.75220163391,0
2019-03-05,fixed_exposure_matched,166.6591339111328,0.0007455537071712204,0.1616871704745167,0.1616871704745167,1288258.5268926413,0.0,2082.9487605294025,1300473.4312833382,1298390.4825228087,0.0007464958242451303,0.16042544893599153,0.0,0.33062678738561946,62434.24974855405,0
2019-03-06,fixed_exposure_matched,165.71388244628906,-0.005671765133183682,0.1616871704745167,0.1616871704745167,1288258.5268926413,0.0,2082.9487605294025,1293097.1207923663,1291014.1720318368,-0.005681118731430845,0.1613420522914319,0.0,0.33062678738561946,62080.121474697844,0
2019-03-07,fixed_exposure_matched,163.68014526367188,-0.012272581829566143,0.1616871704745167,0.1616871704745167,1288258.5268926413,0.0,2082.9487605294025,1277227.1499370784,1275144.2011765488,-0.012292638763454766,0.16335005551587886,0.0,0.33062678738561946,61318.222230894346,0
2019-03-08,fixed_exposure_matched,163.43191528320312,-0.0015165552307451202,0.1616871704745167,0.1616871704745167,1288258.5268926413,0.0,2082.9487605294025,1275289.8337952043,1273206.8850346748,-0.0015192918103588138,0.16359860954354447,0.0,0.33062678738561946,61225.213887214224,0
2019-03-11,fixed_exposure_matched,166.83096313476562,0.02079794418166392,0.1616871704745167,0.1616871704745167,1288258.5268926413,0.0,2082.9487605294025,1301812.909947133,1299729.9611866034,0.02083170964882597,0.16026011731142603,0.0,0.33062678738561946,62498.55659513506,0
2019-03-12,fixed_exposure_matched,167.7476348876953,0.005494614043492607,0.1616871704745167,0.1616871704745167,1288258.5268926413,0.0,2082.9487605294025,1308965.538817341,1306882.5900568115,0.005503165337265914,0.15938300627593904,0.0,0.33062678738561946,62841.94616888483,0
2019-03-13,fixed_exposure_matched,169.00791931152344,0.007512978795032543,0.1616871704745167,0.1616871704745167,1288258.5268926413,0.0,2082.9487605294025,1318799.4385271166,1316716.489766587,0.0075247002175979905,0.15819265397812743,0.0,0.33062678738561946,63314.06050487436,0
2019-03-14,fixed_exposure_matched,168.72145080566406,-0.0016950004888903747,0.1616871704745167,0.1616871704745167,1288258.5268926413,0.0,2082.9487605294025,1316563.7422072773,1314480.7934467478,-0.0016979329545994126,0.1584617113398536,0.0,0.33062678738561946,63206.72726834909,0
2019-03-15,fixed_exposure_matched,170.287353515625,0.009280993628750567,0.1616871704745167,0.1616871704745167,1288258.5268926413,0.0,2082.9487605294025,1328782.4312837597,1326699.4825232301,0.009295448923558158,0.15700230443806862,0.0,0.33062678738561946,63793.33262840494,0
2019-03-18,fixed_exposure_matched,170.6929168701172,0.0023816410679902145,0.1616871704745167,0.1616871704745167,1288258.5268926413,0.0,2082.9487605294025,1331946.7834657417,1329863.8347052122,0.002385131089343462,0.15662872439802267,0.0,0.33062678738561946,63945.24957624084,0
2019-03-19,fixed_exposure_matched,171.26681518554688,0.003362168307583513,0.1616871704745167,0.1616871704745167,1288258.5268926413,0.0,2082.9487605294025,1336424.6821017107,1334341.7333411812,0.003367185811893103,0.1561030962670796,0.0,0.33062678738561946,64160.22839477073,0
2019-03-20,fixed_exposure_matched,171.94595336914062,0.0039653810509525655,0.1616871704745167,0.1616871704745167,1288258.5268926413,0.0,2082.9487605294025,1341723.7845853548,1339640.8358248253,0.00397132335085959,0.1554856126229474,0.0,0.33062678738561946,64414.63227565628,0
2019-03-21,fixed_exposure_matched,174.63380432128906,0.015631952363415413,0.1616871704745167,0.1616871704745167,1288258.5268926413,0.0,2082.9487605294025,1362697.216244067,1360614.2674835376,0.015656010997752823,0.15308885187436894,0.0,0.33062678738561946,65421.54286588037,0
2019-03-22,fixed_exposure_matched,170.79806518554688,-0.021964471029247257,0.1616871704745167,0.1616871704745167,1288258.5268926413,0.0,2082.9487605294025,1332765.962089451,1330683.0133289215,-0.021998339183943783,0.1565323025593124,0.0,0.33062678738561946,63984.577409898215,0
2019-03-25,fixed_exposure_matched,170.472900390625,-0.0019037967120332233,0.1616871704745167,0.1616871704745167,1288258.5268926413,0.0,2082.9487605294025,1330228.316006128,1328145.3672455985,-0.0019070252328349246,0.15683138396583565,0.0,0.33062678738561946,63862.74790878855,0
2019-03-26,fixed_exposure_matched,171.26681518554688,0.0046571319728982985,0.1616871704745167,0.1616871704745167,1288258.5268926413,0.0,2082.9487605294025,1336423.0342010674,1334340.085440538,0.004664186878719834,0.15610328905330823,0.0,0.33062678738561946,64160.14928093584,0
2019-03-27,fixed_exposure_matched,170.16677856445312,-0.006422940835923097,0.1616871704745167,0.1616871704745167,1288258.5268926413,0.0,2082.9487605294025,1327838.9374938416,1325755.988733312,-0.006433215040820506,0.1571140374421048,0.0,0.33062678738561946,63748.03656506452,0
2019-03-28,fixed_exposure_matched,170.55899047851562,0.002304867714904457,0.1616871704745167,0.1616871704745167,1288258.5268926413,0.0,2082.9487605294025,1330899.099964677,1328816.1512041474,0.0023082395982680914,0.15675221577054696,0.0,0.33062678738561946,63894.951483416015,0
2019-03-29,fixed_exposure_matched,171.8502960205078,0.007571020081494018,0.1616871704745167,0.1616871704745167,1288258.5268926413,0.0,2082.9487605294025,1340975.0331501644,1338892.084389635,0.007582639010187409,0.15557256516898174,0.0,0.33062678738561946,64378.68557118717,0
2019-04-01,fixed_exposure_matched,174.1268768310547,0.01324746516744546,0.1616871704745167,0.1616871704745167,1338892.084389635,81.8679664274764,2164.816726956879,1358822.104013237,1356657.28728628,0.013268584603473688,0.15956990370701205,0.05730757649923348,0.3436217026915681,62768.45919993224,1
2019-04-02,fixed_exposure_matched,174.78683471679688,0.003790097759477362,0.1616871704745167,0.1616871704745167,1338892.084389635,0.0,2164.816726956879,1363971.8290034833,1361807.0122765263,0.0037958923292611413,0.15896648404959857,0.0,0.3436217026915681,63006.34192349588,0
2019-04-03,fixed_exposure_matched,175.79124450683594,0.005746484234161464,0.1616871704745167,0.1616871704745167,1338892.084389635,0.0,2164.816726956879,1371809.5279929896,1369644.7112660327,0.00575536689035272,0.15805680912357395,0.0,0.3436217026915681,63368.39100099557,0
2019-04-04,fixed_exposure_matched,175.7242889404297,-0.00038088112177647737,0.1616871704745167,0.1616871704745167,1338892.084389635,0.0,2164.816726956879,1371286.6880194014,1369121.8712924444,-0.00038173401414809405,0.1581171678247534,0.0,0.3436217026915681,63344.23930413007,0
2019-04-05,fixed_exposure_matched,176.63291931152344,0.005170772786007749,0.1616871704745167,0.1616871704745167,1338892.084389635,0.0,2164.816726956879,1378376.9562859242,1376212.1395589672,0.005178697685860323,0.15730254549641123,0.0,0.3436217026915681,63671.76209985836,0
2019-04-08,fixed_exposure_matched,177.08251953125,0.002545393132146634,0.1616871704745167,0.1616871704745167,1338892.084389635,0.0,2164.816726956879,1381885.123902261,1379720.307175304,0.0025491474137564474,0.1569025776962651,0.0,0.3436217026915681,63833.81589280314,0
2019-04-09,fixed_exposure_matched,176.46078491210938,-0.0035109881019673717,0.1616871704745167,0.1616871704745167,1338892.084389635,0.0,2164.816726956879,1377032.9980522518,1374868.1813252948,-0.0035167459845125704,0.15745631154763642,0.0,0.3436217026915681,63609.680251684455,0
2019-04-10,fixed_exposure_matched,177.40773010253906,0.005366320856508455,0.1616871704745167,0.1616871704745167,1338892.084389635,0.0,2164.816726956879,1384422.2553280974,1382257.4386011404,0.0053745205367417,0.15661458325358676,0.0,0.3436217026915681,63951.01433247904,0
2019-04-11,fixed_exposure_matched,176.98683166503906,-0.0023724920963518192,0.1616871704745167,0.1616871704745167,1338892.084389635,0.0,2164.816726956879,1381137.3808476152,1378972.5641206582,-0.0023764563595378707,0.1569876575707898,0.0,0.3436217026915681,63799.27518340568,0
2019-04-12,fixed_exposure_matched,177.75213623046875,0.004324076306863711,0.1616871704745167,0.1616871704745167,1338892.084389635,0.0,2164.816726956879,1387109.1806509595,1384944.3639240025,0.004330615386211489,0.15631073589290198,0.0,0.3436217026915681,64075.132244605455,0
2019-04-15,fixed_exposure_matched,177.78077697753906,0.00016112744227836373,0.1616871704745167,0.1616871704745167,1338892.084389635,0.0,2164.816726956879,1387332.338383696,1385167.521656739,0.00016113118949001581,0.15628555341578,0.0,0.3436217026915681,64085.440633761806,0
2019-04-16,fixed_exposure_matched,178.39295959472656,0.0034434691286384655,0.1616871704745167,0.1616871704745167,1338892.084389635,0.0,2164.816726956879,1392109.2308403794,1389944.4141134224,0.0034486027011157994,0.15574843892859627,0.0,0.3436217026915681,64306.10099716348,0
2019-04-17,fixed_exposure_matched,179.0147705078125,0.0034856247382102357,0.1616871704745167,0.1616871704745167,1338892.084389635,0.0,2164.816726956879,1396961.2575919847,1394796.4408650277,0.0034908063245826515,0.15520664259899447,0.0,0.3436217026915681,64530.23206060116,0
2019-04-18,fixed_exposure_matched,179.24427795410156,0.001282058713021339,0.1616871704745167,0.1616871704745167,1338892.084389635,0.0,2164.816726956879,1398751.900322331,1396587.0835953741,0.0012838021935559496,0.15500764344632018,0.0,0.3436217026915681,64612.947733851885,0
2019-04-22,fixed_exposure_matched,179.7512664794922,0.0028284781594001274,0.1616871704745167,0.1616871704745167,1338892.084389635,0.0,2164.816726956879,1402707.8959011096,1400543.0791741526,0.0028326164728618153,0.1545698064663166,0.0,0.3436217026915681,64795.68817231567,0
2019-04-23,fixed_exposure_matched,182.03733825683594,0.012717973130968563,0.1616871704745167,0.1616871704745167,1338892.084389635,0.0,2164.816726956879,1420547.1536100747,1418382.3368831177,0.01273738592852447,0.15262575334335057,0.0,0.3436217026915681,65619.74212047792,0
2019-04-24,fixed_exposure_matched,181.4634246826172,-0.0031527244889123507,0.1616871704745167,0.1616871704745167,1338892.084389635,0.0,2164.816726956879,1416068.216189531,1413903.399462574,-0.003157778621514784,0.15310923842319976,0.0,0.3436217026915681,65412.845279522706,0
2019-04-25,fixed_exposure_matched,182.19993591308594,0.004058731018423911,0.1616871704745167,0.1616871704745167,1338892.084389635,0.0,2164.816726956879,1421815.312561081,1419650.495834124,0.004064702280038857,0.15248941435299734,0.0,0.3436217026915681,65678.32255064622,0
2019-04-26,fixed_exposure_matched,182.36260986328125,0.0008928320933818679,0.1616871704745167,0.1616871704745167,1338892.084389635,0.0,2164.816726956879,1423084.4112812947,1420919.5945543377,0.0008939515211228155,0.15235321796205223,0.0,0.3436217026915681,65736.94639184304,0
2019-04-29,fixed_exposure_matched,182.7165069580078,0.0019406231079488467,0.1616871704745167,0.1616871704745167,1338892.084389635,0.0,2164.816726956879,1425845.7381526863,1423680.9214257293,0.0019433378791977596,0.15205771843798732,0.0,0.3436217026915681,65864.50115604118,0
2019-04-30,fixed_exposure_matched,181.3008270263672,-0.007747958601058258,0.1616871704745167,0.1616871704745167,1338892.084389635,0.0,2164.816726956879,1414798.0007802814,1412633.1840533244,-0.007759981331590282,0.1532469116112142,0.0,0.3436217026915681,65354.169854788954,0
2019-05-01,fixed_exposure_matched,180.71737670898438,-0.0032181337887552397,0.1616871704745167,0.1616871704745167,1412633.1840533244,119.22989752301282,2284.0466244798918,1410363.391990045,1408079.3453655653,-0.0032236526362013906,0.16221007942467247,0.08346092826610897,0.3625470832507765,61748.45017934797,1
2019-05-02,fixed_exposure_matched,179.93301391601562,-0.004340273233557568,0.1616871704745167,0.1616871704745167,1412633.1840533244,0.0,2284.0466244798918,1404241.666963118,1401957.620338638,-0.004347571070533629,0.16291837865456932,0.0,0.3625470832507765,61480.42916080502,0
2019-05-03,fixed_exposure_matched,182.80255126953125,0.015947809082189845,0.1616871704745167,0.1616871704745167,1412633.1840533244,0.0,2284.0466244798918,1426635.8824260184,1424351.8358015385,0.01597353239357635,0.16035691232107474,0.0,0.3625470832507765,62460.89143433675,0
2019-05-06,fixed_exposure_matched,181.68344116210938,-0.006121961097642514,0.1616871704745167,0.1616871704745167,1412633.1840533244,0.0,2284.0466244798918,1417901.710506222,1415617.6638817422,-0.006132032620213779,0.1613462930532277,0.0,0.3625470832507765,62078.49241383579,0
2019-05-07,fixed_exposure_matched,178.144287109375,-0.01947978324329802,0.1616871704745167,0.1616871704745167,1412633.1840533244,0.0,2284.0466244798918,1390280.929978176,1387996.8833536962,-0.0195114692566829,0.16455704273349292,0.0,0.3625470832507765,60869.20096452768,0
2019-05-08,fixed_exposure_matched,177.69476318359375,-0.0025233698653791548,0.1616871704745167,0.1616871704745167,1412633.1840533244,0.0,2284.0466244798918,1386772.3744279745,1384488.3278034946,-0.002527783449862042,0.16497406143564647,0.0,0.3625470832507765,60715.5895840682,0
2019-05-09,fixed_exposure_matched,176.7381591796875,-0.005383411344080491,0.1616871704745167,0.1616871704745167,1412633.1840533244,0.0,2284.0466244798918,1379306.4457487382,1377022.3991242584,-0.00539255444000819,0.1658685164404349,0.0,0.3625470832507765,60388.716717322925,0
2019-05-10,fixed_exposure_matched,176.95819091796875,0.0012449588662828415,0.1616871704745167,0.1616871704745167,1412633.1840533244,0.0,2284.0466244798918,1381023.262990611,1378739.216366131,0.0012467605777251034,0.16566197562000382,0.0,0.3625470832507765,60463.88231260772,0
2019-05-13,fixed_exposure_matched,170.81724548339844,-0.03470280410708437,0.1616871704745167,0.1616871704745167,1412633.1840533244,0.0,2284.0466244798918,1333097.520680638,1330813.4740561582,-0.034760556413480526,0.17162785536867117,0.0,0.3625470832507765,58365.60017614361,0
2019-05-14,fixed_exposure_matched,172.6920166015625,0.010975303534831227,0.1616871704745167,0.1616871704745167,1412633.1840533244,0.0,2284.0466244798918,1347728.3080645557,1345444.261440076,0.01099386778774103,0.169761519666017,0.0,0.3625470832507765,59006.16448105352,0
2019-05-15,fixed_exposure_matched,175.13124084472656,0.014124707622077626,0.1616871704745167,0.1616871704745167,1412633.1840533244,0.0,2284.0466244798918,1366764.2138228817,1364480.1671984019,0.014148416477655523,0.16739317136207085,0.0,0.3625470832507765,59839.593429232744,0
2019-05-16,fixed_exposure_matched,176.89120483398438,0.010049400556798593,0.1616871704745167,0.1616871704745167,1412633.1840533244,0.0,2284.0466244798918,1380499.0123272024,1378214.9657027225,0.010065956863646752,0.1657249907539137,0.0,0.3625470832507765,60440.9295997432,0
2019-05-17,fixed_exposure_matched,175.08338928222656,-0.010219928986602178,0.1616871704745167,0.1616871704745167,1412633.1840533244,0.0,2284.0466244798918,1366390.0479080607,1364106.001283581,-0.010237129018511149,0.1674390862829337,0.0,0.3625470832507765,59823.21171833374,0
2019-05-20,fixed_exposure_matched,172.127685546875,-0.01688169133273465,0.1616871704745167,0.1616871704745167,1412633.1840533244,0.0,2284.0466244798918,1343322.710332073,1341038.6637075932,-0.0169102236587787,0.17031922242757325,0.0,0.3625470832507765,58813.27885055611,0
2019-05-21,fixed_exposure_matched,173.92601013183594,0.010447619621720916,0.1616871704745167,0.1616871704745167,1412633.1840533244,0.0,2284.0466244798918,1357356.8724917585,1355072.8258672787,0.01046514357825079,0.16855526735384482,0.0,0.3625470832507765,59427.72174367706,0
2019-05-22,fixed_exposure_matched,173.15115356445312,-0.004455093098470253,0.1616871704745167,0.1616871704745167,1412633.1840533244,0.0,2284.0466244798918,1351309.358709876,1349025.3120853961,-0.004462869940596748,0.16931087978987502,0.0,0.3625470832507765,59162.949837663116,0
2019-05-23,fixed_exposure_matched,170.50160217285156,-0.015301956337329892,0.1616871704745167,0.1616871704745167,1412633.1840533244,0.0,2284.0466244798918,1330631.319357589,1328347.272733109,-0.015328132961657914,0.17194649858243818,0.0,0.3625470832507765,58257.62508944368,0
2019-05-24,fixed_exposure_matched,170.4154815673828,-0.0005051014440405899,0.1616871704745167,0.1616871704745167,1412633.1840533244,0.0,2284.0466244798918,1329958.8530096125,1327674.8063851327,-0.0005062428792379503,0.17203358936204247,0.0,0.3625470832507765,58228.18320586876,0
2019-05-28,fixed_exposure_matched,169.77462768554688,-0.003760537927315899,0.1616871704745167,0.1616871704745167,1412633.1840533244,0.0,2284.0466244798918,1324957.129754017,1322673.0831295373,-0.0037672803848810554,0.17268413893141887,0.0,0.3625470832507765,58009.19804146852,0
2019-05-29,fixed_exposure_matched,168.37811279296875,-0.008225698454569552,0.1616871704745167,0.1616871704745167,1412633.1840533244,0.0,2284.0466244798918,1314058.0693923454,1311774.0227678656,-0.008240177032924678,0.17411890957106424,0.0,0.3625470832507765,57532.01599777212,0
2019-05-30,fixed_exposure_matched,169.0859375,0.00420378097420282,0.1616871704745167,0.1616871704745167,1412633.1840533244,0.0,2284.0466244798918,1319581.7191563714,1317297.6725318916,0.004210824172574457,0.17338879982152214,0.0,0.3625470832507765,57773.85211901521,0
2019-05-31,fixed_exposure_matched,166.38851928710938,-0.01595294234856537,0.1616871704745167,0.1616871704745167,1412633.1840533244,0.0,2284.0466244798918,1298530.1455193658,1296246.098894886,-0.015980878184156944,0.1762047057597438,0.0,0.3625470832507765,56852.173313890155,0
2019-06-03,fixed_exposure_matched,162.7249755859375,-0.022018007713923482,0.1616871704745167,0.1616871704745167,1296246.098894886,-188.18298479044552,2095.8636396894462,1269754.5976837107,1267658.7340440212,-0.022053964039110197,0.165333427948966,0.13172808935331187,0.332676768204674,60583.83635453765,-1
2019-06-04,fixed_exposure_matched,167.30677795410156,0.028156724876841954,0.1616871704745167,0.1616871704745167,1296246.098894886,0.0,2095.8636396894462,1305506.3958750279,1303410.5322353384,0.028203014921266423,0.1607984274988984,0.0,0.332676768204674,62289.66289374011,0
2019-06-05,fixed_exposure_matched,168.55029296875,0.007432544155441034,0.1616871704745167,0.1616871704745167,1296246.098894886,0.0,2095.8636396894462,1315209.2971308115,1313113.433491122,0.007444240333966956,0.15961025043489638,0.0,0.332676768204674,62752.6176906095,0
2019-06-06,fixed_exposure_matched,169.88941955566406,0.007944967423832106,0.1616871704745167,0.1616871704745167,1296246.098894886,0.0,2095.8636396894462,1325658.2594752687,1323562.3958355791,0.00795739505663029,0.15835019537301867,0.0,0.332676768204674,63251.169320905705,0
2019-06-07,fixed_exposure_matched,173.1703338623047,0.019312057897552748,0.1616871704745167,0.1616871704745167,1296246.098894886,0.0,2095.8636396894462,1351259.1158578556,1349163.2522181661,0.019342387229447366,0.1553454436476554,0.0,0.332676768204674,64472.663691903064,0
2019-06-10,fixed_exposure_matched,175.18861389160156,0.011654883283309436,0.1616871704745167,0.1616871704745167,1296246.098894886,0.0,2095.8636396894462,1367007.5504619186,1364911.686822229,0.011672742033383088,0.15355305840841693,0.0,0.332676768204674,65224.06918918039,0
2019-06-11,fixed_exposure_matched,175.427734375,0.0013649316475921047,0.1616871704745167,0.1616871704745167,1296246.098894886,0.0,2095.8636396894462,1368873.089653273,1366777.2260135836,0.001366783806868721,0.15334347103531681,0.0,0.332676768204674,65313.07971238556,0
2019-06-12,fixed_exposure_matched,174.413818359375,-0.0057796791324775665,0.1616871704745167,0.1616871704745167,1296246.098894886,0.0,2095.8636396894462,1360961.1097452256,1358865.2461055361,-0.005788785295409049,0.15423631192983436,0.0,0.332676768204674,64935.57519547815,0
2019-06-13,fixed_exposure_matched,175.44686889648438,0.0059229856144815685,0.1616871704745167,0.1616871704745167,1296246.098894886,0.0,2095.8636396894462,1369021.7301433473,1366925.8665036578,0.005931876189506635,0.1533267963573091,0.0,0.332676768204674,65320.17180021319,0
2019-06-14,fixed_exposure_matched,174.70069885253906,-0.00425296871148817,0.1616871704745167,0.1616871704745167,1296246.098894886,0.0,2095.8636396894462,1363198.990882932,1361103.1272432425,-0.004259733028030843,0.15398272164243546,0.0,0.332676768204674,65042.35128030197,0
2019-06-17,fixed_exposure_matched,175.7529754638672,0.006023310829548212,0.1616871704745167,0.1616871704745167,1296246.098894886,0.0,2095.8636396894462,1371409.629450778,1369313.7658110885,0.0060323412704779145,0.15305941501639683,0.0,0.332676768204674,65434.10570613202,0
2019-06-18,fixed_exposure_matched,178.30685424804688,0.01453106997158482,0.1616871704745167,0.1616871704745167,1296246.098894886,0.0,2095.8636396894462,1391337.3460592641,1389241.4824195746,0.014553068190826357,0.15086388264473516,0.0,0.332676768204674,66384.91740166002,0
2019-06-19,fixed_exposure_matched,178.97645568847656,0.00375533202721523,0.1616871704745167,0.1616871704745167,1296246.098894886,0.0,2095.8636396894462,1396561.9470788129,1394466.0834391234,0.003760758000437292,0.15029864581005012,0.0,0.332676768204674,66634.19893508662,0
2019-06-20,fixed_exposure_matched,180.6408233642578,0.00929936660874664,0.1616871704745167,0.1616871704745167,1296246.098894886,0.0,2095.8636396894462,1409548.7559397554,1407452.8923000658,0.009313104861549348,0.14891181446679727,0.0,0.332676768204674,67253.83890664828,0
2019-06-21,fixed_exposure_matched,180.3730010986328,-0.0014826231448521465,0.1616871704745167,0.1616871704745167,1296246.098894886,0.0,2095.8636396894462,1407458.5936536333,1405362.7300139437,-0.0014850673138383508,0.14913328743737578,0.0,0.332676768204674,67154.11093548924,0
2019-06-24,fixed_exposure_matched,180.37876892089844,3.1977192986198943e-05,0.1616871704745167,0.1616871704745167,1296246.098894886,0.0,2095.8636396894462,1407503.2675519343,1405407.4039122448,3.178816212145996e-05,0.14912854691494953,0.0,0.332676768204674,67156.24246243857,0
2019-06-25,fixed_exposure_matched,177.28233337402344,-0.017166297150153387,0.1616871704745167,0.1616871704745167,1296246.098894886,0.0,2095.8636396894462,1383341.3155445578,1381245.4519048682,-0.017192133711631752,0.15173723372620354,0.0,0.332676768204674,66003.40257582473,0
2019-06-26,fixed_exposure_matched,178.10675048828125,0.00465030608841599,0.1616871704745167,0.1616871704745167,1296246.098894886,0.0,2095.8636396894462,1389773.9434098238,1387678.0797701343,0.00465712148148234,0.15103385073551218,0.0,0.332676768204674,66310.32272766338,0
2019-06-27,fixed_exposure_matched,178.7873992919922,0.0038215778000829648,0.1616871704745167,0.1616871704745167,1296246.098894886,0.0,2095.8636396894462,1395084.7399823242,1392988.8763426347,0.00382710993992208,0.15045803130835086,0.0,0.332676768204674,66563.71691189987,0
2019-06-28,fixed_exposure_matched,179.01744079589844,0.0012866762692294031,0.1616871704745167,0.1616871704745167,1296246.098894886,0.0,2095.8636396894462,1396879.4297340552,1394783.5660943657,0.0012883733547413012,0.1502644346146281,0.0,0.332676768204674,66649.34699382624,0
2019-07-01,fixed_exposure_matched,181.43325805664062,0.01349487094666113,0.1616871704745167,0.1616871704745167,1394783.5660943657,159.32244257209413,2255.1860822615404,1415891.1388479557,1413635.9527656941,0.01351635273716223,0.1595308946302196,0.11152570980046589,0.3579660448034191,62783.78312037449,1
2019-07-02,fixed_exposure_matched,182.1522216796875,0.00396268925966381,0.1616871704745167,0.1616871704745167,1394783.5660943657,0.0,2255.1860822615404,1421501.5174906768,1419246.3314084152,0.003968757749648777,0.15890025799986143,0.0,0.3579660448034191,63032.55987041079,0
2019-07-03,fixed_exposure_matched,183.52310180664062,0.007526013760972949,0.1616871704745167,0.1616871704745167,1394783.5660943657,0.0,2255.1860822615404,1432199.3995065107,1429944.213424249,0.007537720393624436,0.15771147301341965,0.0,0.3579660448034191,63506.92791036898,0
2019-07-05,fixed_exposure_matched,183.1492156982422,-0.0020372699933568494,0.1616871704745167,0.1616871704745167,1394783.5660943657,0.0,2255.1860822615404,1429281.2646793474,1427026.0785970858,-0.002040733337544176,0.15803397822124046,0.0,0.3579660448034191,63377.53127875101,0
2019-07-08,fixed_exposure_matched,181.86459350585938,-0.007014074220767386,0.1616871704745167,0.1616871704745167,1394783.5660943657,0.0,2255.1860822615404,1419255.8218404893,1417000.6357582277,-0.007025409688878437,0.15915208683408988,0.0,0.3579660448034191,62932.98069741697,0
2019-07-09,fixed_exposure_matched,182.77536010742188,0.005007937960904707,0.1616871704745167,0.1616871704745167,1394783.5660943657,0.0,2255.1860822615404,1426363.0089808744,1424107.8228986128,0.00501565557631678,0.15835781855838418,0.0,0.3579660448034191,63248.12928742858,0
2019-07-10,fixed_exposure_matched,184.59678649902344,0.00996538259058033,0.1616871704745167,0.1616871704745167,1394783.5660943657,0.0,2255.1860822615404,1440576.9041123753,1438321.7180301137,0.009980912191444924,0.1567928825652568,0.0,0.3579660448034191,63878.405220900415,0
2019-07-11,fixed_exposure_matched,184.4625701904297,-0.0007270782505981455,0.1616871704745167,0.1616871704745167,1394783.5660943657,0.0,2255.1860822615404,1439529.1340110363,1437273.9479287746,-0.0007284671351373007,0.15690718429228065,0.0,0.3579660448034191,63831.94474876552,0
2019-07-12,fixed_exposure_matched,185.52667236328125,0.005768661749389281,0.1616871704745167,0.1616871704745167,1394783.5660943657,0.0,2255.1860822615404,1447832.9326974922,1445577.7466152306,0.005777464135088728,0.1560058659966217,0.0,0.3579660448034191,64200.15377381098,0
2019-07-15,fixed_exposure_matched,186.12106323242188,0.003203802782474119,0.1616871704745167,0.1616871704745167,1394783.5660943657,0.0,2255.1860822615404,1452471.145909781,1450215.9598275195,0.0032085532743908463,0.15550691377922496,0.0,0.3579660448034191,64405.8225320909,0
2019-07-16,fixed_exposure_matched,185.16233825683594,-0.005151082628346626,0.1616871704745167,0.1616871704745167,1394783.5660943657,0.0,2255.1860822615404,1444988.9890558657,1442733.802973604,-0.005159339754339243,0.15631338765428515,0.0,0.3579660448034191,64074.04694546559,0
2019-07-17,fixed_exposure_matched,184.2516326904297,-0.004918416860468788,0.1616871704745167,0.1616871704745167,1394783.5660943657,0.0,2255.1860822615404,1437881.5728828567,1435626.386800595,-0.004926353120970672,0.15708725494293801,0.0,0.3579660448034191,63758.88819963467,0
2019-07-18,fixed_exposure_matched,184.4625701904297,0.0011448338173176698,0.1616871704745167,0.1616871704745167,1394783.5660943657,0.0,2255.1860822615404,1439527.350366746,1437272.1642844845,0.0011463828604858506,0.15690737901295382,0.0,0.3579660448034191,63831.865657984315,0
2019-07-19,fixed_exposure_matched,183.11083984375,-0.007327938374078968,0.1616871704745167,0.1616871704745167,1394783.5660943657,0.0,2255.1860822615404,1428978.2246894124,1426723.0386071508,-0.007339685509449301,0.15806754508311457,0.0,0.3579660448034191,63364.093807124234,0
2019-07-22,fixed_exposure_matched,184.5680389404297,0.007958016564847403,0.1616871704745167,0.1616871704745167,1394783.5660943657,0.0,2255.1860822615404,1440349.699106252,1438094.5130239904,0.007970344705403365,0.15681765432227326,0.0,0.3579660448034191,63868.330442242004,0
2019-07-23,fixed_exposure_matched,185.77590942382812,0.006544310110962792,0.1616871704745167,0.1616871704745167,1394783.5660943657,0.0,2255.1860822615404,1449775.4362393904,1447520.2501571288,0.006554323827658637,0.1557965135214336,0.0,0.3579660448034191,64286.2887299096,0
2019-07-24,fixed_exposure_matched,187.0796356201172,0.00701773550904683,0.1616871704745167,0.1616871704745167,1394783.5660943657,0.0,2255.1860822615404,1459949.2188323864,1457694.0327501248,0.00702842160024475,0.15470915237313865,0.0,0.3579660448034191,64737.41702805844,0
2019-07-25,fixed_exposure_matched,185.30618286132812,-0.009479667591347218,0.1616871704745167,0.1616871704745167,1394783.5660943657,0.0,2255.1860822615404,1446109.0275715634,1443853.8414893018,-0.009494579074808884,0.15619213091093542,0.0,0.3579660448034191,64123.71196089414,0
2019-07-26,fixed_exposure_matched,187.2139129638672,0.01029501591949944,0.1616871704745167,0.1616871704745167,1394783.5660943657,0.0,2255.1860822615404,1460996.3850656995,1458741.1989834378,0.010310848000224304,0.15459809346806178,0.0,0.3579660448034191,64783.85072333307,0
2019-07-29,fixed_exposure_matched,186.57159423828125,-0.0034309347815933977,0.1616871704745167,0.1616871704745167,1394783.5660943657,0.0,2255.1860822615404,1455983.4437863503,1453728.2577040887,-0.0034364843351532004,0.1551311994047096,0.0,0.3579660448034191,64561.56568358494,0
2019-07-30,fixed_exposure_matched,185.76632690429688,-0.004316130423133502,0.1616871704745167,0.1616871704745167,1394783.5660943657,0.0,2255.1860822615404,1449698.8713830004,1447443.6853007388,-0.004323072328025979,0.15580475462801685,0.0,0.3579660448034191,64282.893672757,0
2019-07-31,fixed_exposure_matched,183.1971893310547,-0.013829942250867422,0.1616871704745167,0.1616871704745167,1394783.5660943657,0.0,2255.1860822615404,1429649.261744581,1427394.0756623193,-0.013851737267590924,0.15799323541504265,0.0,0.3579660448034191,63393.849092528246,0
2019-08-01,fixed_exposure_matched,182.28648376464844,-0.004971176521494147,0.1616871704745167,0.1616871704745167,1427394.0756623193,52.727010197745585,2307.913092459286,1422594.2847347094,1420286.37164225,-0.004979496651456361,0.1624963203576114,0.03690890713842191,0.366335411501474,61639.855044056676,1
2019-08-02,fixed_exposure_matched,179.60226440429688,-0.014725279159025217,0.1616871704745167,0.1616871704745167,1427394.0756623193,0.0,2307.913092459286,1401645.8204265456,1399337.9073340863,-0.014749465126488226,0.1649289339167656,0.0,0.366335411501474,60732.17509819521,0
2019-08-05,fixed_exposure_matched,173.25599670410156,-0.03533512075276202,0.1616871704745167,0.1616871704745167,1427394.0756623193,0.0,2307.913092459286,1352118.129773758,1349810.2166812986,-0.03539366038267633,0.17098056185510438,0.0,0.366335411501474,58586.18048450672,0
2019-08-06,fixed_exposure_matched,175.681396484375,0.013998936985804233,0.1616871704745167,0.1616871704745167,1427394.0756623193,0.0,2307.913092459286,1371045.9799344128,1368738.0668419534,0.014022601049199057,0.16861612520094965,0.0,0.366335411501474,59406.30886033242,0
2019-08-07,fixed_exposure_matched,176.63043212890625,0.005402026984773212,0.1616871704745167,0.1616871704745167,1427394.0756623193,0.0,2307.913092459286,1378452.0409799716,1376144.1278875123,0.005410868028713933,0.16770867568952325,0.0,0.366335411501474,59727.207470845824,0
2019-08-08,fixed_exposure_matched,180.47459411621094,0.021763871270490842,0.1616871704745167,0.1616871704745167,1427394.0756623193,0.0,2307.913092459286,1408452.1274169935,1406144.2143245342,0.021800104966530176,0.16413061113848357,0.0,0.366335411501474,61027.08685257133,0
2019-08-09,fixed_exposure_matched,178.77777099609375,-0.009402005464683727,0.1616871704745167,0.1616871704745167,1427394.0756623193,0.0,2307.913092459286,1395209.486482862,1392901.5733904026,-0.009417697558491867,0.1656910392341429,0.0,0.366335411501474,60453.29397547386,0
2019-08-12,fixed_exposure_matched,176.7262725830078,-0.011475131397240435,0.1616871704745167,0.1616871704745167,1427394.0756623193,0.0,2307.913092459286,1379198.9079633832,1376890.994870924,-0.011494407663355521,0.1676177054724394,0.0,0.366335411501474,59759.568610693415,0
2019-08-13,fixed_exposure_matched,180.5991973876953,0.021914821990422606,0.1616871704745167,0.1616871704745167,1427394.0756623193,0.0,2307.913092459286,1409423.4401853746,1407115.5270929153,0.02195128905235144,0.16401731400316563,0.0,0.366335411501474,61069.173046005344,0
2019-08-14,fixed_exposure_matched,175.20205688476562,-0.02988463172039213,0.1616871704745167,0.1616871704745167,1427394.0756623193,0.0,2307.913092459286,1367302.973401935,1364995.0603094758,-0.02993390803558249,0.16907849409623718,0.0,0.366335411501474,59244.1274270407,0
2019-08-15,fixed_exposure_matched,175.00071716308594,-0.0011491858329729654,0.1616871704745167,0.1616871704745167,1427394.0756623193,0.0,2307.913092459286,1365731.3218601083,1363423.408767649,-0.0011513972376357984,0.16927339501566344,0.0,0.366335411501474,59176.02904209883,0
2019-08-16,fixed_exposure_matched,177.80960083007812,0.016050698034423272,0.1616871704745167,0.1616871704745167,1427394.0756623193,0.0,2307.913092459286,1387651.896568027,1385343.9834755678,0.016077598907981328,0.16659494825748372,0.0,0.366335411501474,60125.82974211395,0
2019-08-19,fixed_exposure_matched,180.6375732421875,0.01590449783874104,0.1616871704745167,0.1616871704745167,1427394.0756623193,0.0,2307.913092459286,1409721.4368225066,1407413.5237300473,0.015930729492260154,0.16398258603787308,0.0,0.366335411501474,61082.08499828403,0
2019-08-20,fixed_exposure_matched,179.2379150390625,-0.007748433385165288,0.1616871704745167,0.1616871704745167,1427394.0756623193,0.0,2307.913092459286,1398797.9378422364,1396490.024749777,-0.007761399756426868,0.1652652759100673,0.0,0.366335411501474,60608.778658631956,0
2019-08-21,fixed_exposure_matched,180.829345703125,0.008878872886440625,0.1616871704745167,0.1616871704745167,1427394.0756623193,0.0,2307.913092459286,1411217.3205907412,1408909.407498282,0.008893284254379186,0.16380848052944103,0.0,0.366335411501474,61146.90042712849,0
2019-08-22,fixed_exposure_matched,180.2445068359375,-0.0032342033031942385,0.1616871704745167,0.1616871704745167,1427394.0756623193,0.0,2307.913092459286,1406652.79053555,1404344.8774430908,-0.003239761215943715,0.16434090582231722,0.0,0.366335411501474,60949.12304677109,0
2019-08-23,fixed_exposure_matched,174.5406036376953,-0.031645364945484866,0.1616871704745167,0.1616871704745167,1427394.0756623193,0.0,2307.913092459286,1362138.3832920564,1359830.470199597,-0.031697632083467764,0.16972064849528842,0.0,0.366335411501474,59020.34993183288,0
2019-08-26,fixed_exposure_matched,177.17684936523438,0.015103910910101437,0.1616871704745167,0.1616871704745167,1427394.0756623193,0.0,2307.913092459286,1382711.6337451176,1380403.7206526583,0.015129275967791456,0.16719116718753113,0.0,0.366335411501474,59911.77216607042,0
2019-08-27,fixed_exposure_matched,176.80300903320312,-0.0021099840829690297,0.1616871704745167,0.1616871704745167,1427394.0756623193,0.0,2307.913092459286,1379793.7678711677,1377485.8547787084,-0.0021137771727899324,0.1675453206617537,0.0,0.366335411501474,59785.34340740167,0
2019-08-28,fixed_exposure_matched,177.43569946289062,0.0035785048747032366,0.1616871704745167,0.1616871704745167,1427394.0756623193,0.0,2307.913092459286,1384731.0002601682,1382423.087167709,0.0035842345472170134,0.16694694365873977,0.0,0.366335411501474,59999.26967720499,0
2019-08-29,fixed_exposure_matched,180.148681640625,0.015289945517991788,0.1616871704745167,0.1616871704745167,1427394.0756623193,0.0,2307.913092459286,1405903.095475809,1403595.1823833496,0.01531520661957253,0.1644286843832262,0.0,0.366335411501474,60916.63936867288,0
2019-08-30,fixed_exposure_matched,179.71728515625,-0.0023946691168996725,0.1616871704745167,0.1616871704745167,1427394.0756623193,0.0,2307.913092459286,1402536.0564163078,1400228.1433238485,-0.002398867637735669,0.16482407552392023,0.0,0.366335411501474,60770.74830065552,0
2019-09-03,fixed_exposure_matched,177.9725341796875,-0.009708309220482492,0.1616871704745167,0.1616871704745167,1400228.1433238485,-43.923827331095254,2263.9892651281907,1388875.915474953,1386611.9262098246,-0.00972428470242126,0.1632749021073687,0.030746679131766676,0.35936337541717317,61346.40021786112,-1
2019-09-04,fixed_exposure_matched,180.54168701171875,0.014435670334599804,0.1616871704745167,0.1616871704745167,1400228.1433238485,0.0,2263.9892651281907,1408924.9109630394,1406660.921697911,0.01445898099469578,0.16094776148294793,0.0,0.35936337541717317,62231.96075460472,0
2019-09-05,fixed_exposure_matched,183.8490447998047,0.018319080999122717,0.1616871704745167,0.1616871704745167,1400228.1433238485,0.0,2263.9892651281907,1434734.7611652776,1432470.7719001493,0.01834830967727763,0.15804785057673781,0.0,0.35936337541717317,63371.97721138667,0
2019-09-06,fixed_exposure_matched,183.6669158935547,-0.0009906437449719308,0.1616871704745167,0.1616871704745167,1400228.1433238485,0.0,2263.9892651281907,1433313.0907850598,1431049.1015199316,-0.000992460305721865,0.15820486262306338,0.0,0.35936337541717317,63309.182285539835,0
2019-09-09,fixed_exposure_matched,183.28341674804688,-0.0020880142928412226,0.1616871704745167,0.1616871704745167,1400228.1433238485,0.0,2263.9892651281907,1430319.9532020087,1428055.9639368805,-0.0020915687518143766,0.15853645251316342,0.0,0.35936337541717317,63176.97593504365,0
2019-09-10,fixed_exposure_matched,182.75619506835938,-0.002876537817997238,0.1616871704745167,0.1616871704745167,1400228.1433238485,0.0,2263.9892651281907,1426205.2244014116,1423941.2351362833,-0.002881349824171875,0.15899457149378132,0.0,0.35936337541717317,62995.22910152393,0
2019-09-11,fixed_exposure_matched,184.47218322753906,0.009389493792743009,0.1616871704745167,0.1616871704745167,1400228.1433238485,0.0,2263.9892651281907,1439596.210139731,1437332.2208746027,0.00940417020582851,0.1575132897076902,0.0,0.35936337541717317,63586.706541129235,0
2019-09-12,fixed_exposure_matched,185.23907470703125,0.0041572201622737115,0.1616871704745167,0.1616871704745167,1400228.1433238485,0.0,2263.9892651281907,1445580.5691666813,1443316.579901553,0.0041635183154169475,0.15686019939455104,0.0,0.35936337541717317,63851.034606598725,0
2019-09-13,fixed_exposure_matched,184.57760620117188,-0.003570890790215442,0.1616871704745167,0.1616871704745167,1400228.1433238485,0.0,2263.9892651281907,1440418.1994623542,1438154.210197226,-0.003576741081072643,0.15742326164158094,0.0,0.35936337541717317,63623.013662160425,0
2019-09-16,fixed_exposure_matched,183.75315856933594,-0.004466672034620367,0.1616871704745167,0.1616871704745167,1400228.1433238485,0.0,2263.9892651281907,1433983.964409282,1431719.9751441537,-0.004473953493617233,0.1581307311787865,0.0,0.35936337541717317,63338.81465326151,0
2019-09-17,fixed_exposure_matched,184.63511657714844,0.004799688966868665,0.1616871704745167,0.1616871704745167,1400228.1433238485,0.0,2263.9892651281907,1440866.2820585484,1438602.2927934201,0.0048070277489657975,0.15737422889352326,0.0,0.35936337541717317,63642.80539011143,0
2019-09-18,fixed_exposure_matched,184.55844116210938,-0.0004152807789791213,0.1616871704745167,0.1616871704745167,1400228.1433238485,0.0,2263.9892651281907,1440267.5586231549,1438003.5693580266,-0.00041618412426613904,0.157439752819175,0.0,0.35936337541717317,63616.35988329673,0
2019-09-19,fixed_exposure_matched,184.86524963378906,0.0016623919759388706,0.1616871704745167,0.1616871704745167,1400228.1433238485,0.0,2263.9892651281907,1442661.4884924395,1440397.4992273112,0.0016647593373870784,0.15717808912766706,0.0,0.35936337541717317,63722.099336489286,0
2019-09-20,fixed_exposure_matched,182.9095458984375,-0.010579077134430293,0.1616871704745167,0.1616871704745167,1400228.1433238485,0.0,2263.9892651281907,1427399.1019634304,1425135.1126983021,-0.010595954614747938,0.1588613770691279,0.0,0.35936337541717317,63047.96245942485,0
2019-09-23,fixed_exposure_matched,182.9902801513672,0.0004413889528462889,0.1616871704745167,0.1616871704745167,1400228.1433238485,0.0,2263.9892651281907,1428028.7807949644,1425764.7915298361,0.00044183798849894984,0.15879121707718322,0.0,0.35936337541717317,63075.775260538045,0
2019-09-24,fixed_exposure_matched,180.56002807617188,-0.013280771378594736,0.1616871704745167,0.1616871704745167,1400228.1433238485,0.0,2263.9892651281907,1409063.0976717977,1406799.1084066695,-0.013302112126654886,0.1609319519467402,0.0,0.35936337541717317,62238.064436759356,0
2019-09-25,fixed_exposure_matched,182.58680725097656,0.011224960454423893,0.1616871704745167,0.1616871704745167,1400228.1433238485,0.0,2263.9892651281907,1424879.4158575763,1422615.426592448,0.0112427695548456,0.1591427467190527,0.0,0.35936337541717317,62936.66837580599,0
2019-09-26,fixed_exposure_matched,181.91439819335938,-0.0036826815022452664,0.1616871704745167,0.1616871704745167,1400228.1433238485,0.0,2263.9892651281907,1419631.6794264922,1417367.690161364,-0.003688794830275288,0.15973196516638818,0.0,0.35936337541717317,62704.876798349585,0
2019-09-27,fixed_exposure_matched,179.65701293945312,-0.01240905214938981,0.1616871704745167,0.1616871704745167,1400228.1433238485,0.0,2263.9892651281907,1402015.0365201875,1399751.0472550592,-0.012429126915048494,0.16174228049823006,0.0,0.35936337541717317,61926.75283912193,0
2019-09-30,fixed_exposure_matched,181.36685180664062,0.009517239762656837,0.1616871704745167,0.1616871704745167,1400228.1433238485,0.0,2263.9892651281907,1415357.9904102248,1413094.0011450965,0.00953237642951077,0.1602150503288227,0.0,0.35936337541717317,62516.10872059877,0
2019-10-01,fixed_exposure_matched,179.88755798339844,-0.008156362689800134,0.1616871704745167,0.1616871704745167,1413094.0011450965,20.802441468450525,2284.7917065966412,1403834.0729654545,1401549.2812588578,-0.00816981734894029,0.1630190059777608,0.014561709027915367,0.36266535025343516,61442.54064439706,1
2019-10-02,fixed_exposure_matched,176.79454040527344,-0.01719417180820504,0.1616871704745167,0.1616871704745167,1413094.0011450965,0.0,2284.7917065966412,1379695.9460593238,1377411.154352727,-0.01722246033649999,0.1658757952828043,0.0,0.36266535025343516,60386.071171208794,0
2019-10-03,fixed_exposure_matched,178.73487854003906,0.010975102117507074,0.1616871704745167,0.1616871704745167,1413094.0011450965,0.0,2284.7917065966412,1394837.8872930852,1392553.0955864885,0.010993043860514362,0.16407214301831535,0.0,0.36266535025343516,61048.79859577199,0
2019-10-04,fixed_exposure_matched,181.36685180664062,0.014725571685282324,0.1616871704745167,0.1616871704745167,1413094.0011450965,0.0,2284.7917065966412,1415377.309926417,1413092.5182198202,0.01474947181434505,0.16168734015200692,0.0,0.36266535025343516,61947.761182778515,0
2019-10-07,fixed_exposure_matched,180.81936645507812,-0.00301866270549922,0.1616871704745167,0.1616871704745167,1413094.0011450965,0.0,2284.7917065966412,1411104.400561382,1408819.6088547853,-0.0030238001475075826,0.16217773320559645,0.0,0.36266535025343516,61760.74591339102,0
2019-10-08,fixed_exposure_matched,178.11053466796875,-0.014980872017281044,0.1616871704745167,0.1616871704745167,1413094.0011450965,0.0,2284.7917065966412,1389964.4634681996,1387679.6717616029,-0.01500542508090652,0.16464835171190417,0.0,0.36266535025343516,60835.50021015482,0
2019-10-09,fixed_exposure_matched,179.84913635253906,0.009761363570163883,0.1616871704745167,0.1616871704745167,1413094.0011450965,0.0,2284.7917065966412,1403532.0492803701,1401247.2575737734,0.009777174147796774,0.16305414296065807,0.0,0.36266535025343516,61429.32177266305,0
2019-10-10,fixed_exposure_matched,181.24197387695312,0.007744477136013783,0.1616871704745167,0.1616871704745167,1413094.0011450965,0.0,2284.7917065966412,1414401.3084803342,1412116.5167737375,0.007756846010734675,0.1617990923168794,0.0,0.36266535025343516,61905.0438775964,0
2019-10-11,fixed_exposure_matched,183.5762481689453,0.012879325037460365,0.1616871704745167,0.1616871704745167,1413094.0011450965,0.0,2284.7917065966412,1432617.4800003113,1430332.6882937145,0.012899906844511255,0.15973848079513833,0.0,0.36266535025343516,62702.32318613832,0
2019-10-14,fixed_exposure_matched,183.5569305419922,-0.00010522944632440634,0.1616871704745167,0.1616871704745167,1413094.0011450965,0.0,2284.7917065966412,1432466.3637907458,1430181.572084149,-0.00010565109138749307,0.1597553591231847,0.0,0.36266535025343516,62695.70918237031,0
2019-10-15,fixed_exposure_matched,185.8911895751953,0.012716812306191372,0.1616871704745167,0.1616871704745167,1413094.0011450965,0.0,2284.7917065966412,1450682.407008655,1448397.6153020582,0.012736874515425045,0.15774616600153377,0.0,0.36266535025343516,63492.9828754302,0
2019-10-16,fixed_exposure_matched,185.43011474609375,-0.002480347939863292,0.1616871704745167,0.1616871704745167,1413094.0011450965,0.0,2284.7917065966412,1447083.8472236847,1444799.055517088,-0.002484510984381738,0.1581390642437071,0.0,0.36266535025343516,63335.48231314348,0
2019-10-17,fixed_exposure_matched,185.92002868652344,0.002642040863214179,0.1616871704745167,0.1616871704745167,1413094.0011450965,0.0,2284.7917065966412,1450906.7392151966,1448621.9475085998,0.0026459679475245856,0.15772173758143873,0.0,0.36266535025343516,63502.80137249031,0
2019-10-18,fixed_exposure_matched,184.13331604003906,-0.009610113870501369,0.1616871704745167,0.1616871704745167,1413094.0011450965,0.0,2284.7917065966412,1436962.9975705105,1434678.2058639138,-0.009625521461045894,0.1592546466000589,0.0,0.36266535025343516,62892.516347188975,0
2019-10-21,fixed_exposure_matched,185.7663116455078,0.008868550464347535,0.1616871704745167,0.1616871704745167,1413094.0011450965,0.0,2284.7917065966412,1449706.4137645143,1447421.6220579175,0.008882421257894624,0.15785253389735648,0.0,0.36266535025343516,63450.26592922794,0
2019-10-22,fixed_exposure_matched,184.28704833984375,-0.00796303319240621,0.1616871704745167,0.1616871704745167,1413094.0011450965,0.0,2284.7917065966412,1438161.990807113,1435877.1991005163,-0.007975853601653093,0.15912166500226585,0.0,0.36266535025343516,62944.99348255063,0
2019-10-23,fixed_exposure_matched,184.64247131347656,0.0019286378333944754,0.1616871704745167,0.1616871704745167,1413094.0011450965,0.0,2284.7917065966412,1440935.3217677833,1438650.5300611865,0.0019314541399553242,0.15881492126510166,0.0,0.36266535025343516,63066.37570538796,0
2019-10-24,fixed_exposure_matched,186.43873596191406,0.0097283395074792,0.1616871704745167,0.1616871704745167,1413094.0011450965,0.0,2284.7917065966412,1454952.8671209088,1452668.075414312,0.009743537475031872,0.15728243397549718,0.0,0.36266535025343516,63679.89094674034,0
2019-10-25,fixed_exposure_matched,187.9276580810547,0.007986120005902597,0.1616871704745167,0.1616871704745167,1413094.0011450965,0.0,2284.7917065966412,1466571.9326553182,1464287.1409487214,0.007998431115171067,0.1560344035471287,0.0,0.36266535025343516,64188.43032478793,0
2019-10-28,fixed_exposure_matched,189.78152465820312,0.009864788376966027,0.1616871704745167,0.1616871704745167,1413094.0011450965,0.0,2284.7917065966412,1481038.9917452107,1478754.200038614,0.009879933167014743,0.15450787605789926,0.0,0.36266535025343516,64821.619733175714,0
2019-10-29,fixed_exposure_matched,188.31182861328125,-0.007744147105830268,0.1616871704745167,0.1616871704745167,1413094.0011450965,0.0,2284.7917065966412,1469569.245258315,1467284.4535517183,-0.007756357673639247,0.15571566243110255,0.0,0.36266535025343516,64319.61570130794,0
2019-10-30,fixed_exposure_matched,189.2244110107422,0.004846123603499342,0.1616871704745167,0.1616871704745167,1413094.0011450965,0.0,2284.7917065966412,1476690.5967993878,1474405.805092791,0.0048534226092527,0.1549635587912548,0.0,0.36266535025343516,64631.300636110194,0
2019-10-31,fixed_exposure_matched,189.31082153320312,0.0004566563161665371,0.1616871704745167,0.1616871704745167,1413094.0011450965,0.0,2284.7917065966412,1477364.5742220897,1475079.782515493,0.0004571179931427416,0.15489275452615348,0.0,0.36266535025343516,64660.79905475185,0
2019-11-01,fixed_exposure_matched,191.03028869628906,0.009082772707657227,0.1616871704745167,0.1616871704745167,1475079.782515493,100.22305599431411,2385.0147625909553,1490883.8248482028,1488498.8100856119,0.00909715374665021,0.16022953773498683,0.07015613919601987,0.3785737718398342,62510.46526976565,1
2019-11-04,fixed_exposure_matched,192.21185302734375,0.006185219836699396,0.1616871704745167,0.1616871704745167,1475079.782515493,0.0,2385.0147625909553,1500104.8904820962,1497719.8757195054,0.006194876053251974,0.15924304679773266,0.0,0.3785737718398342,62897.09036653764,0
2019-11-05,fixed_exposure_matched,192.31744384765625,0.0005493460400565198,0.1616871704745167,0.1616871704745167,1475079.782515493,0.0,2385.0147625909553,1500928.5885895803,1498543.5738269894,0.0005499680686873454,0.15915551634578703,0.0,0.3785737718398342,62931.62676104571,0
2019-11-06,fixed_exposure_matched,191.88523864746094,-0.0022473530822180177,0.1616871704745167,0.1616871704745167,1475079.782515493,0.0,2385.0147625909553,1497555.0935260525,1495170.0787634617,-0.0022511824964238647,0.15951461285015914,0.0,0.3785737718398342,62790.1813026594,0
2019-11-07,fixed_exposure_matched,192.52877807617188,0.003353772459242066,0.1616871704745167,0.1616871704745167,1475079.782515493,0.0,2385.0147625909553,1502577.1739811462,1500192.1592185553,0.003358869018598165,0.1589806177785452,0.0,0.3785737718398342,63000.74941040721,0
2019-11-08,fixed_exposure_matched,193.2972869873047,0.003991657345006061,0.1616871704745167,0.1616871704745167,1475079.782515493,0.0,2385.0147625909553,1508574.5686203346,1506189.5538577437,0.0039977509563258184,0.15834758357487683,0.0,0.3785737718398342,63252.21094151627,0
2019-11-11,fixed_exposure_matched,193.0379180908203,-0.001341813434253769,0.1616871704745167,0.1616871704745167,1475079.782515493,0.0,2385.0147625909553,1506549.9644238146,1504164.9496612237,-0.0013441895087736855,0.15856071923016965,0.0,0.3785737718398342,63167.32240211282,0
2019-11-12,fixed_exposure_matched,193.594970703125,0.0028857160179411867,0.1616871704745167,0.1616871704745167,1475079.782515493,0.0,2385.0147625909553,1510897.0612142093,1508512.0464516184,0.0028900399463329673,0.1581037929528691,0.0,0.3785737718398342,63349.58948316318,0
2019-11-13,fixed_exposure_matched,193.64306640625,0.0002484346724003217,0.1616871704745167,0.1616871704745167,1475079.782515493,0.0,2385.0147625909553,1511272.0418568708,1508887.0270942799,0.0002485764986388528,0.1580645018324445,0.0,0.3785737718398342,63365.31184465725,0
2019-11-14,fixed_exposure_matched,193.48934936523438,-0.0007938163956417998,0.1616871704745167,0.1616871704745167,1475079.782515493,0.0,2385.0147625909553,1510071.9907579978,1507686.975995407,-0.0007953220336076594,0.15819031407473147,0.0,0.3785737718398342,63314.99554818414,0
2019-11-15,fixed_exposure_matched,194.91102600097656,0.007347570501457401,0.1616871704745167,0.1616871704745167,1475079.782515493,0.0,2385.0147625909553,1521166.9725985965,1518781.9578360056,0.007358942550573788,0.1570347047043657,0.0,0.3785737718398342,63780.19106875801,0
2019-11-18,fixed_exposure_matched,195.06475830078125,0.0007887306478182587,0.1616871704745167,0.1616871704745167,1475079.782515493,0.0,2385.0147625909553,1522366.385036562,1519981.3702739712,0.000789719967225988,0.15691078912112358,0.0,0.3785737718398342,63830.48058716177,0
2019-11-19,fixed_exposure_matched,195.35289001464844,0.0014771079941713339,0.1616871704745167,0.1616871704745167,1475079.782515493,0.0,2385.0147625909553,1524614.7060201855,1522229.6912575946,0.0014791766712365373,0.15667903315041556,0.0,0.3785737718398342,63924.74922729299,0
2019-11-20,fixed_exposure_matched,194.18096923828125,-0.005998993801828667,0.1616871704745167,0.1616871704745167,1475079.782515493,0.0,2385.0147625909553,1515468.1732748218,1513083.158512231,-0.006008641664194014,0.15762615221598716,0.0,0.3785737718398342,63541.249179879145,0
2019-11-21,fixed_exposure_matched,193.74871826171875,-0.0022260213153642017,0.1616871704745167,0.1616871704745167,1475079.782515493,0.0,2385.0147625909553,1512094.3302445842,1509709.3154819934,-0.002229780307352658,0.15797840936216984,0.0,0.3785737718398342,63399.789131784,0
2019-11-22,fixed_exposure_matched,193.87359619140625,0.0006445355138753328,0.1616871704745167,0.1616871704745167,1475079.782515493,0.0,2385.0147625909553,1513068.5501669846,1510683.5354043937,0.0006453029814479372,0.1578765311659078,0.0,0.3785737718398342,63440.63667443576,0
2019-11-25,fixed_exposure_matched,196.1693878173828,0.01184169309837313,0.1616871704745167,0.1616871704745167,1475079.782515493,0.0,2385.0147625909553,1530985.4650010907,1528600.4502384998,0.011860137754999611,0.15602604082831675,0.0,0.3785737718398342,64191.865350883956,0
2019-11-26,fixed_exposure_matched,196.54403686523438,0.001909824218854883,0.1616871704745167,0.1616871704745167,1475079.782515493,0.0,2385.0147625909553,1533908.9995470927,1531523.9847845018,0.0019125563815880486,0.15572820186205225,0.0,0.3785737718398342,64314.44465696867,0
2019-11-27,fixed_exposure_matched,197.9176483154297,0.006988822821102358,0.1616871704745167,0.1616871704745167,1475079.782515493,0.0,2385.0147625909553,1544628.8391948498,1542243.824432259,0.006999459201590952,0.1546457651382681,0.0,0.3785737718398342,64763.91104249794,0
2019-11-29,fixed_exposure_matched,197.01470947265625,-0.0045621946827822946,0.1616871704745167,0.1616871704745167,1475079.782515493,0.0,2385.0147625909553,1537581.5631440312,1535196.5483814403,-0.0045694953931249005,0.15535566212062418,0.0,0.3785737718398342,64468.42959888781,0
2019-12-02,fixed_exposure_matched,194.99746704101562,-0.010239044775083639,0.1616871704745167,0.1616871704745167,1535196.5483814403,97.20109770944009,2482.2158603003954,1521933.9411783607,1519451.7253180603,-0.010255900509924865,0.16336260105801018,0.06804076839660807,0.3940025175079993,61313.520935853565,1
2019-12-03,fixed_exposure_matched,193.47019958496094,-0.007832242537455292,0.1616871704745167,0.1616871704745167,1535196.5483814403,0.0,2482.2158603003954,1510013.391422549,1507531.1755622486,-0.007845296798301593,0.16465436340808198,0.0,0.3940025175079993,60833.28269604274,0
2019-12-04,fixed_exposure_matched,194.44996643066406,0.005064174471339555,0.1616871704745167,0.1616871704745167,1535196.5483814403,0.0,2482.2158603003954,1517659.9686882545,1515177.752827954,0.005072251499444791,0.163823409871716,0.0,0.3940025175079993,61141.33718026395,0
2019-12-05,fixed_exposure_matched,194.83419799804688,0.001975991945053046,0.1616871704745167,0.1616871704745167,1535196.5483814403,0.0,2482.2158603003954,1520658.4585591946,1518176.242698894,0.001978969045277834,0.16349984873216744,0.0,0.3940025175079993,61262.13609702606,0
2019-12-06,fixed_exposure_matched,196.91864013671875,0.010698543479993994,0.1616871704745167,0.1616871704745167,1535196.5483814403,0.0,2482.2158603003954,1536926.8951937933,1534444.6793334929,0.010715776058831006,0.16176639625604358,0.0,0.3940025175079993,61917.53585072154,0
2019-12-09,fixed_exposure_matched,196.0253143310547,-0.004536522317256653,0.1616871704745167,0.1616871704745167,1535196.5483814403,0.0,2482.2158603003954,1529954.1980312373,1527471.982170937,-0.004544117657982127,0.16250483735698495,0.0,0.3940025175079993,61636.62969448933,0
2019-12-10,fixed_exposure_matched,195.8620147705078,-0.000833053430390529,0.1616871704745167,0.1616871704745167,1535196.5483814403,0.0,2482.2158603003954,1528679.2704357095,1526197.054575409,-0.0008346651266989413,0.16264058778379392,0.0,0.3940025175079993,61585.26721566875,0
2019-12-11,fixed_exposure_matched,196.89947509765625,0.005296893981020512,0.1616871704745167,0.1616871704745167,1535196.5483814403,0.0,2482.2158603003954,1536776.1284596738,1534293.9125993734,0.005305250720862409,0.16178229216168039,0.0,0.3940025175079993,61911.4619738871,0
2019-12-12,fixed_exposure_matched,198.369140625,0.007464039843757098,0.1616871704745167,0.1616871704745167,1535196.5483814403,0.0,2482.2158603003954,1548246.2927109143,1545764.0768506138,0.00747585854121513,0.16058180530095748,0.0,0.3940025175079993,62373.55571982958,0
2019-12-13,fixed_exposure_matched,199.0223388671875,0.00329284202235014,0.1616871704745167,0.1616871704745167,1535196.5483814403,0.0,2482.2158603003954,1553344.0291619832,1550861.8133016827,0.00329787483576105,0.16005396734967128,0.0,0.3940025175079993,62578.92611217136,0
2019-12-16,fixed_exposure_matched,201.02032470703125,0.01003900291402493,0.1616871704745167,0.1616871704745167,1535196.5483814403,0.0,2482.2158603003954,1568937.660394706,1566455.4445344056,0.010054816682554701,0.1584606743180097,0.0,0.3940025175079993,63207.14026075213,0
2019-12-17,fixed_exposure_matched,201.13558959960938,0.0005733991960570339,0.1616871704745167,0.1616871704745167,1535196.5483814403,0.0,2482.2158603003954,1569836.8939853224,1567354.678125022,0.0005740562834097851,0.15836976116151283,0.0,0.3940025175079993,63243.36731114683,0
2019-12-18,fixed_exposure_matched,201.2892608642578,0.0007640182672512541,0.1616871704745167,0.1616871704745167,1535196.5483814403,0.0,2482.2158603003954,1571035.8840464146,1568553.6681861142,0.0007649768605830776,0.1582487045643039,0.0,0.3940025175079993,63291.670526039146,0
2019-12-19,fixed_exposure_matched,202.5476531982422,0.006251661557011623,0.1616871704745167,0.1616871704745167,1535196.5483814403,0.0,2482.2158603003954,1580857.074684876,1578374.8588245756,0.006261303542019592,0.15726402675654091,0.0,0.3940025175079993,63687.33275652997,0
2019-12-20,fixed_exposure_matched,203.36415100097656,0.0040311392891589914,0.1616871704745167,0.1616871704745167,1535196.5483814403,0.0,2482.2158603003954,1587229.3357466657,1584747.1198863653,0.004037229195690051,0.1566316688102505,0.0,0.3940025175079993,63944.04939281069,0
2019-12-23,fixed_exposure_matched,203.9012908935547,0.0026412712856924703,0.1616871704745167,0.1616871704745167,1535196.5483814403,0.0,2482.2158603003954,1591421.2450124647,1588939.0291521642,0.002645159731288649,0.15621844606742846,0.0,0.3940025175079993,64112.92710134696,0
2019-12-24,fixed_exposure_matched,204.0072021484375,0.0005194241508656994,0.1616871704745167,0.1616871704745167,1535196.5483814403,0.0,2482.2158603003954,1592247.4736388074,1589765.257778507,0.0005199876214152521,0.15613725662674083,0.0,0.3940025175079993,64146.21303105022,0
2019-12-26,fixed_exposure_matched,205.8073272705078,0.00882383123298025,0.1616871704745167,0.1616871704745167,1535196.5483814403,0.0,2482.2158603003954,1606296.802624818,1603814.5867645175,0.008837360684081474,0.15476950270841067,0.0,0.3940025175079993,64712.21251605513,0
2019-12-27,fixed_exposure_matched,205.6340789794922,-0.0008417984593324102,0.1616871704745167,0.1616871704745167,1535196.5483814403,0.0,2482.2158603003954,1604944.2304486204,1602462.01458832,-0.0008433469724989928,0.15490013727021718,0.0,0.3940025175079993,64657.72200224325,0
2019-12-30,fixed_exposure_matched,204.28636169433594,-0.006553958817743677,0.1616871704745167,0.1616871704745167,1535196.5483814403,0.0,2482.2158603003954,1594425.0980549674,1591942.882194667,-0.006564356782182701,0.15592367590967773,0.0,0.3940025175079993,64233.942081975554,0
2019-12-31,fixed_exposure_matched,204.6714324951172,0.0018849559881897182,0.1616871704745167,0.1616871704745167,1535196.5483814403,0.0,2482.2158603003954,1597430.1251887486,1594947.9093284481,0.0018876475829574524,0.15562990150227105,0.0,0.3940025175079993,64355.004362732136,0
2020-01-02,fixed_exposure_matched,208.08889770507812,0.01669732394159329,0.1616871704745167,0.1616871704745167,1594947.9093284481,96.6102848352325,2578.826145135628,1624200.6787872664,1621621.8526421308,0.01672402161705322,0.1590275896278723,0.06762719938466276,0.4093374833548616,62982.17046740252,1
2020-01-03,fixed_exposure_matched,206.1827850341797,-0.009160088269581479,0.1616871704745167,0.1616871704745167,1594947.9093284481,0.0,2578.826145135628,1609322.4478645774,1606743.6217194418,-0.009174907761909878,0.1605001638267542,0.0,0.4093374833548616,62405.23235349541,0
2020-01-06,fixed_exposure_matched,207.51124572753906,0.006443121297149856,0.1616871704745167,0.1616871704745167,1594947.9093284481,0.0,2578.826145135628,1619691.0982649117,1617112.272119776,0.006453207755222623,0.15947106392032992,0.0,0.4093374833548616,62807.30096210993,0
2020-01-07,fixed_exposure_matched,207.4823760986328,-0.0001391232017572408,0.1616871704745167,0.1616871704745167,1594947.9093284481,0.0,2578.826145135628,1619465.35231598,1616886.5261708444,-0.00013959819168007925,0.1594933289006295,0.0,0.4093374833548616,62798.54713629047,0
2020-01-08,fixed_exposure_matched,209.04190063476562,0.007516419300073185,0.1616871704745167,0.1616871704745167,1594947.9093284481,0.0,2578.826145135628,1631637.5236084443,1629058.6974633087,0.007528154323414915,0.15830160995127132,0.0,0.4093374833548616,63270.55147498637,0
2020-01-09,fixed_exposure_matched,210.81317138671875,0.008473280938293026,0.1616871704745167,0.1616871704745167,1594947.9093284481,0.0,2578.826145135628,1645462.437397956,1642883.6112528204,0.008486443006037181,0.15696949725909567,0.0,0.4093374833548616,63806.64475973879,0
2020-01-10,fixed_exposure_matched,210.2740936279297,-0.0025571350938038417,0.1616871704745167,0.1616871704745167,1594947.9093284481,0.0,2578.826145135628,1641254.3583162662,1638675.5321711306,-0.0025613981738370484,0.1573725911266194,0.0,0.4093374833548616,63643.46667618991,0
2020-01-13,fixed_exposure_matched,212.7000274658203,0.011537007702828062,0.1616871704745167,0.1616871704745167,1594947.9093284481,0.0,2578.826145135628,1660189.1131529778,1657610.2870078422,0.011554913993024885,0.15557493612027923,0.0,0.4093374833548616,64377.705968451926,0
2020-01-14,fixed_exposure_matched,211.8624725341797,-0.003937728366185667,0.1616871704745167,0.1616871704745167,1594947.9093284481,0.0,2578.826145135628,1653651.3300513993,1651072.5039062637,-0.003944101428918989,0.15619096914486777,0.0,0.4093374833548616,64124.18817649411,0
2020-01-15,fixed_exposure_matched,211.94911193847656,0.0004089417217714164,0.1616871704745167,0.1616871704745167,1594947.9093284481,0.0,2578.826145135628,1654327.1677360367,1651748.3415909011,0.00040933252963659683,0.1561270612599375,0.0,0.4093374833548616,64150.39535939833,0
2020-01-16,fixed_exposure_matched,213.9803924560547,0.00958381235476824,0.1616871704745167,0.1616871704745167,1594947.9093284481,0.0,2578.826145135628,1670181.5195475307,1667602.6934023951,0.00959852745862233,0.15464271887652517,0.0,0.4093374833548616,64765.184837991124,0
2020-01-17,fixed_exposure_matched,215.03929138183594,0.004948579230214856,0.1616871704745167,0.1616871704745167,1594947.9093284481,0.0,2578.826145135628,1678446.135788369,1675867.3096432334,0.00495598638304906,0.15388009123971877,0.0,0.4093374833548616,65085.664613505556,0
2020-01-21,fixed_exposure_matched,214.94300842285156,-0.0004477458903703324,0.1616871704745167,0.1616871704745167,1594947.9093284481,0.0,2578.826145135628,1677694.2090913784,1675115.3829462428,-0.0004486791362681153,0.1539491650181083,0.0,0.4093374833548616,65056.506901636974,0
2020-01-22,fixed_exposure_matched,215.51100158691406,0.002642529144028183,0.1616871704745167,0.1616871704745167,1594947.9093284481,0.0,2578.826145135628,1682127.1555961864,1679548.3294510508,0.002646352931826801,0.1535428364826215,0.0,0.4093374833548616,65228.40474411735,0
2020-01-23,fixed_exposure_matched,216.2041015625,0.0032160770006277595,0.1616871704745167,0.1616871704745167,1594947.9093284481,0.0,2578.826145135628,1687536.5967159474,1684957.7705708118,0.0032207713376899427,0.15304989775868394,0.0,0.4093374833548616,65438.16844338667,0
2020-01-24,fixed_exposure_matched,214.38467407226562,-0.008415323655219464,0.1616871704745167,0.1616871704745167,1594947.9093284481,0.0,2578.826145135628,1673335.0207370718,1670756.1945919362,-0.008428446235815512,0.15435083547695466,0.0,0.4093374833548616,64887.46920351492,0
2020-01-27,fixed_exposure_matched,209.95643615722656,-0.020655571272535922,0.1616871704745167,0.1616871704745167,1594947.9093284481,0.0,2578.826145135628,1638770.9206159234,1636192.0944707878,-0.020687698320693837,0.15761145368262686,0.0,0.4093374833548616,63547.16558567137,0
2020-01-28,fixed_exposure_matched,213.1813201904297,0.015359776971962669,0.1616871704745167,0.1616871704745167,1594947.9093284481,0.0,2578.826145135628,1663941.6671272386,1661362.840982103,0.015383735562819911,0.15522353585392418,0.0,0.4093374833548616,64523.22000325179,0
2020-01-29,fixed_exposure_matched,213.52792358398438,0.0016258619340807634,0.1616871704745167,0.1616871704745167,1594947.9093284481,0.0,2578.826145135628,1666646.5972068682,1664067.7710617327,0.0016281392678980655,0.15497122112341902,0.0,0.4093374833548616,64628.109977503525,0
2020-01-30,fixed_exposure_matched,214.28843688964844,0.0035616573837236043,0.1616871704745167,0.1616871704745167,1594947.9093284481,0.0,2578.826145135628,1672582.2120283844,1670003.3858832489,0.00356693094159799,0.1544204141701013,0.0,0.4093374833548616,64858.27728958512,0
2020-01-31,fixed_exposure_matched,210.8902130126953,-0.015858176606622476,0.1616871704745167,0.1616871704745167,1594947.9093284481,0.0,2578.826145135628,1646057.6985834597,1643478.8724383241,-0.015882909980386772,0.15691264356259044,0.0,0.4093374833548616,63829.727400909724,0
2020-02-03,fixed_exposure_matched,214.07662963867188,0.015109362262272219,0.1616871704745167,0.1616871704745167,1643478.8724383241,78.46834105638982,2657.2944861920178,1671007.757053068,1668350.4625668759,0.01513350158961968,0.15927675544283312,0.05492783873947287,0.42179277558603456,62883.80026135801,1
2020-02-04,fixed_exposure_matched,218.97654724121094,0.02288861521600638,0.1616871704745167,0.1616871704745167,1643478.8724383241,0.0,2657.2944861920178,1709254.3888344418,1706597.0943482497,0.022924818639441513,0.15570719620888843,0.0,0.42179277558603456,64323.10749584456,0
2020-02-05,fixed_exposure_matched,219.69862365722656,0.0032975057151678477,0.1616871704745167,0.1616871704745167,1643478.8724383241,0.0,2657.2944861920178,1714890.2431575235,1712232.9486713314,0.003302393014582128,0.1551946823739165,0.0,0.42179277558603456,64535.19743741359,0
2020-02-06,fixed_exposure_matched,221.59498596191406,0.008631653094223202,0.1616871704745167,0.1616871704745167,1643478.8724383241,0.0,2657.2944861920178,1729692.1590383516,1727034.8645521596,0.008644802620060732,0.1538645536771538,0.0,0.42179277558603456,65092.22700104466,0
2020-02-07,fixed_exposure_matched,220.64193725585938,-0.00430085862239904,0.1616871704745167,0.1616871704745167,1643478.8724383241,0.0,2657.2944861920178,1722252.57580928,1719595.2813230879,-0.004307720348772914,0.15453022667911992,0.0,0.42179277558603456,64812.25866228019,0
2020-02-10,fixed_exposure_matched,223.30856323242188,0.01208576216166124,0.1616871704745167,0.1616871704745167,1643478.8724383241,0.0,2657.2944861920178,1743066.8890300437,1740409.5945438517,0.012104193031251542,0.1526821326728249,0.0,0.42179277558603456,65595.5483326167,0
2020-02-11,fixed_exposure_matched,223.3470458984375,0.0001723295580724482,0.1616871704745167,0.1616871704745167,1643478.8724383241,0.0,2657.2944861920178,1743366.8491839455,1740709.5546977534,0.00017235032192530753,0.15265582239269174,0.0,0.42179277558603456,65606.83651145651,0
2020-02-12,fixed_exposure_matched,225.52268981933594,0.009741091099489063,0.1616871704745167,0.1616871704745167,1643478.8724383241,0.0,2657.2944861920178,1760348.7226888998,1757691.4282027078,0.00975571913138773,0.15118094356921233,0.0,0.42179277558603456,66245.90280964802,0
2020-02-13,fixed_exposure_matched,225.2338409423828,-0.0012807974097175379,0.1616871704745167,0.1616871704745167,1643478.8724383241,0.0,2657.2944861920178,1758093.6508119048,1755436.3563257128,-0.0012829737010784381,0.1513751539106764,0.0,0.42179277558603456,66161.03935590915,0
2020-02-14,fixed_exposure_matched,225.87884521484375,0.0028637094220043124,0.1616871704745167,0.1616871704745167,1643478.8724383241,0.0,2657.2944861920178,1763127.898371725,1760470.603885533,0.0028678040885272704,0.15094228102003554,0.0,0.42179277558603456,66350.48947466639,0
2020-02-18,fixed_exposure_matched,225.9654541015625,0.00038343071320534605,0.1616871704745167,0.1616871704745167,1643478.8724383241,0.0,2657.2944861920178,1763803.5139664945,1761146.2194803024,0.0003837698813478063,0.1508843761409067,0.0,0.42179277558603456,66375.91441715132,0
2020-02-19,fixed_exposure_matched,228.13143920898438,0.009585470115482053,0.1616871704745167,0.1616871704745167,1643478.8724383241,0.0,2657.2944861920178,1780709.978046427,1778052.683560235,0.009599693593256298,0.14944970476753575,0.0,0.42179277558603456,67012.14288816885,0
2020-02-20,fixed_exposure_matched,226.01364135742188,-0.009283235396689182,0.1616871704745167,0.1616871704745167,1643478.8724383241,0.0,2657.2944861920178,1764178.8063542133,1761521.5118680212,-0.009297346386335947,0.15085223020490202,0.0,0.42179277558603456,66390.03751828554,0
2020-02-21,fixed_exposure_matched,221.67202758789062,-0.019209520909692968,0.1616871704745167,0.1616871704745167,1643478.8724383241,0.0,2657.2944861920178,1730289.354892339,1727632.060406147,-0.019238738348381412,0.15381136684667204,0.0,0.42179277558603456,65114.70083136684,0
2020-02-24,fixed_exposure_matched,213.1235809326172,-0.03856348835842205,0.1616871704745167,0.1616871704745167,1643478.8724383241,0.0,2657.2944861920178,1663562.939705471,1660905.645219279,-0.038623047531996746,0.15999069506691885,0.0,0.42179277558603456,62603.63495087842,0
2020-02-25,fixed_exposure_matched,207.32835388183594,-0.027191862230456443,0.1616871704745167,0.1616871704745167,1643478.8724383241,0.0,2657.2944861920178,1618327.143644531,1615669.849158339,-0.027235620633324964,0.16447014144481925,0.0,0.42179277558603456,60901.30966115247,0
2020-02-26,fixed_exposure_matched,208.39694213867188,0.005154086437424654,0.1616871704745167,0.1616871704745167,1643478.8724383241,0.0,2657.2944861920178,1626667.7198341298,1624010.4253479377,0.005162302306961797,0.16362545736876677,0.0,0.42179277558603456,61215.18440228253,0
2020-02-27,fixed_exposure_matched,197.961669921875,-0.05007401792802224,0.1616871704745167,0.1616871704745167,1643478.8724383241,0.0,2657.2944861920178,1545213.509475445,1542556.2149892529,-0.05015621149182814,0.17226564972937025,0.0,0.42179277558603456,58149.878288039574,0
2020-02-28,fixed_exposure_matched,198.11570739746094,0.0007781176813002055,0.1616871704745167,0.1616871704745167,1643478.8724383241,0.0,2657.2944861920178,1546415.445635776,1543758.151149584,0.0007791846732403407,0.17213152748137533,0.0,0.42179277558603456,58195.10986348507,0
2020-03-02,fixed_exposure_matched,208.33917236328125,0.05160350534604485,0.1616871704745167,0.1616871704745167,1543758.151149584,-161.23561262854264,2496.058873563475,1626045.8325274454,1623549.7736538819,0.051686608064145156,0.15374082852698548,0.11286492883997985,0.3961998212005516,65144.53043353245,-1
2020-03-03,fixed_exposure_matched,201.65826416015625,-0.03206746060925836,0.1616871704745167,0.1616871704745167,1543758.151149584,0.0,2496.058873563475,1573902.2756442016,1571406.216770638,-0.03211700542194784,0.15884236977839317,0.0,0.3961998212005516,63055.49489693065,0
2020-03-04,fixed_exposure_matched,210.07196044921875,0.04172254642825046,0.1616871704745167,0.1616871704745167,1543758.151149584,0.0,2496.058873563475,1639569.0902134746,1637073.031339911,0.04178856737898329,0.1524708321363343,0.0,0.3961998212005516,65686.31483730827,0
2020-03-05,fixed_exposure_matched,203.68948364257812,-0.030382335619624445,0.1616871704745167,0.1616871704745167,1543758.151149584,0.0,2496.058873563475,1589754.7556432253,1587258.6967696617,-0.03042890183676006,0.15725595825326866,0.0,0.3961998212005516,63690.59530128898,0
2020-03-06,fixed_exposure_matched,200.25282287597656,-0.01687205792436497,0.1616871704745167,0.1616871704745167,1543758.151149584,0.0,2496.058873563475,1562931.9251206568,1560435.8662470933,-0.016898839853363157,0.1599590811486915,0.0,0.3961998212005516,62615.98801511247,0
2020-03-09,fixed_exposure_matched,186.34237670898438,-0.06946441986292196,0.1616871704745167,0.1616871704745167,1543758.151149584,0.0,2496.058873563475,1454363.3694570893,1451867.3105835258,-0.06957578841396339,0.17192059187283956,0.0,0.3961998212005516,58266.38886048313,0
2020-03-10,fixed_exposure_matched,196.48878479003906,0.05445035241178986,0.1616871704745167,0.1616871704745167,1543758.151149584,0.0,2496.058873563475,1533553.5712590048,1531057.5123854412,0.05454369089010469,0.1630284201195374,0.0,0.3961998212005516,61438.998394682945,0
2020-03-11,fixed_exposure_matched,187.93072509765625,-0.043554952520713286,0.1616871704745167,0.1616871704745167,1543758.151149584,0.0,2496.058873563475,1466759.3220750273,1464263.2632014637,-0.04362621824696167,0.17046517086729981,0.0,0.3961998212005516,58763.00986366648,0
2020-03-12,fixed_exposure_matched,170.6990966796875,-0.09169138473240346,0.1616871704745167,0.1616871704745167,1543758.151149584,0.0,2496.058873563475,1332269.7325649855,1329773.673691422,-0.09184795718769445,0.1877055413974674,0.0,0.3961998212005516,53374.93224520714,0
2020-03-13,fixed_exposure_matched,185.15823364257812,0.08470540995318121,0.1616871704745167,0.1616871704745167,1543758.151149584,0.0,2496.058873563475,1445119.7902302966,1442623.731356733,0.08486410875622297,0.1730221692122052,0.0,0.3961998212005516,57896.06188924482,0
2020-03-16,fixed_exposure_matched,162.97854614257812,-0.11978774620854704,0.1616871704745167,0.1616871704745167,1543758.151149584,0.0,2496.058873563475,1272011.7513574199,1269515.6924838563,-0.1199952802038513,0.1966150468514367,0.0,0.3961998212005516,50960.80724816576,0
2020-03-17,fixed_exposure_matched,175.339111328125,0.07584167044129542,0.1616871704745167,0.1616871704745167,1543758.151149584,0.0,2496.058873563475,1368482.851201503,1365986.7923279395,0.07599047448979057,0.18272935635853743,0.0,0.3961998212005516,54825.74412388764,0
2020-03-18,fixed_exposure_matched,170.0059814453125,-0.03041608824418085,0.1616871704745167,0.1616871704745167,1543758.151149584,0.0,2496.058873563475,1326858.5598388887,1324362.5009653252,-0.030471957413056305,0.18847248179740086,0.0,0.3961998212005516,53158.14357954672,0
2020-03-19,fixed_exposure_matched,171.02642822265625,0.006002416907148644,0.1616871704745167,0.1616871704745167,1543758.151149584,0.0,2496.058873563475,1334822.5218920393,1332326.4630184758,0.006013430648591944,0.18734589027890994,0.0,0.3961998212005516,53477.20504630535,0
2020-03-20,fixed_exposure_matched,164.3262939453125,-0.03917601710433294,0.1616871704745167,0.1616871704745167,1543758.151149584,0.0,2496.058873563475,1282529.0957433267,1280033.0368697632,-0.03924970913678194,0.19499956654770595,0.0,0.3961998212005516,51382.165273703504,0
2020-03-23,fixed_exposure_matched,164.44497680664062,0.0007222390189582928,0.1616871704745167,0.1616871704745167,1543758.151149584,0.0,2496.058873563475,1283454.9920994006,1280958.933225837,0.0007233378587931938,0.19485861793224343,0.0,0.3961998212005516,51419.25960532686,0
2020-03-24,fixed_exposure_matched,177.1791534423828,0.07743730993203535,0.1616871704745167,0.1616871704745167,1543758.151149584,0.0,2496.058873563475,1382841.8979065986,1380345.839033035,0.07758789390453935,0.1808285143462325,0.0,0.3961998212005516,55401.01287484447,0
2020-03-25,fixed_exposure_matched,175.86715698242188,-0.007404914373222771,0.1616871704745167,0.1616871704745167,1543758.151149584,0.0,2496.058873563475,1372601.6758610741,1370105.6169875106,-0.0074185915992603935,0.18218003361314797,0.0,0.3961998212005516,54990.75724530055,0
2020-03-26,fixed_exposure_matched,185.1283721923828,0.05266028841807335,0.1616871704745167,0.1616871704745167,1543758.151149584,0.0,2496.058873563475,1444882.879795228,1442386.8209216644,0.05275593577455773,0.17305058791153746,0.0,0.3961998212005516,57886.570509150464,0
2020-03-27,fixed_exposure_matched,178.7612762451172,-0.03439286950921294,0.1616871704745167,0.1616871704745167,1543758.151149584,0.0,2496.058873563475,1395188.8152545136,1392692.75638095,-0.034452661255571115,0.17922537918914228,0.0,0.3961998212005516,55895.66937027753,0
2020-03-30,fixed_exposure_matched,185.26344299316406,0.036373463451508936,0.1616871704745167,0.1616871704745167,1543758.151149584,0.0,2496.058873563475,1445936.2684343064,1443440.2095607428,0.036438369444575125,0.17292429967175832,0.0,0.3961998212005516,57928.77258419907,0
2020-03-31,fixed_exposure_matched,183.68128967285156,-0.008540018984592002,0.1616871704745167,0.1616871704745167,1543758.151149584,0.0,2496.058873563475,1433587.549051546,1431091.4901779825,-0.008555061235628325,0.1744164430223147,0.0,0.3961998212005516,57434.043893560025,0
2020-04-01,fixed_exposure_matched,175.87677001953125,-0.04248946458956526,0.1616871704745167,0.1616871704745167,1431091.4901779825,-182.1675361930993,2313.891337370376,1372500.2649314904,1370186.3735941201,-0.042558506567800025,0.16887420441212198,0.12751727533516952,0.36728433926513904,59315.67497423063,-1
2020-04-02,fixed_exposure_matched,179.4462432861328,0.020295308278660995,0.1616871704745167,0.1616871704745167,1431091.4901779825,0.0,2313.891337370376,1400355.2136364798,1398041.3222991095,0.020329313764756884,0.16550950965920885,0.0,0.36728433926513904,60519.48901057363,0
2020-04-03,fixed_exposure_matched,176.89932250976562,-0.014193224275562244,0.1616871704745167,0.1616871704745167,1431091.4901779825,0.0,2313.891337370376,1380479.2907395451,1378165.3994021749,-0.014216978124972912,0.16789649039034815,0.0,0.36728433926513904,59660.50645698827,0
2020-04-06,fixed_exposure_matched,189.5467529296875,0.07149507550671186,0.1616871704745167,0.1616871704745167,1431091.4901779825,0.0,2313.891337370376,1479176.3945820818,1476862.5032447116,0.07161484672692398,0.15667615179386615,0.0,0.36728433926513904,63925.92299788344,0
2020-04-07,fixed_exposure_matched,189.4695587158203,-0.0004072568518006525,0.1616871704745167,0.1616871704745167,1431091.4901779825,0.0,2313.891337370376,1478573.6225760274,1476259.7312386571,-0.00040814361846830405,0.15674012427534706,0.0,0.36728433926513904,63899.87285471901,0
2020-04-08,fixed_exposure_matched,193.49249267578125,0.02123261376248209,0.1616871704745167,0.1616871704745167,1431091.4901779825,0.0,2313.891337370376,1509967.237939239,1507653.3466018687,0.021265644993832433,0.15347635068669488,0.0,0.36728433926513904,65256.61830149911,0
2020-04-09,fixed_exposure_matched,193.77224731445312,0.0014458165006983048,0.1616871704745167,0.1616871704745167,1431091.4901779825,0.0,2313.891337370376,1512150.0062030263,1509836.114865656,0.0014477918738462492,0.15325447011023868,0.0,0.36728433926513904,65350.95152400331,0
2020-04-13,fixed_exposure_matched,195.86561584472656,0.010803242256236745,0.1616871704745167,0.1616871704745167,1431091.4901779825,0.0,2313.891337370376,1528485.7617634684,1526171.8704260981,0.010819555446847762,0.1516140732383143,0.0,0.36728433926513904,66056.93781197684,0
2020-04-14,fixed_exposure_matched,204.3840789794922,0.04349136574087953,0.1616871704745167,0.1616871704745167,1431091.4901779825,0.0,2313.891337370376,1594961.3277737112,1592647.436436341,0.04355706411472737,0.1452858482319143,0.0,0.36728433926513904,68929.82838106419,0
2020-04-15,fixed_exposure_matched,202.03977966308594,-0.011470068158496272,0.1616871704745167,0.1616871704745167,1431091.4901779825,0.0,2313.891337370376,1576666.6453496418,1574352.7540122715,-0.011486963156770558,0.1469741347022371,0.0,0.36728433926513904,68139.18267836407,0
2020-04-16,fixed_exposure_matched,205.72500610351562,0.018240103243901018,0.1616871704745167,0.1616871704745167,1431091.4901779825,0.0,2313.891337370376,1605424.840457695,1603110.9491203248,0.01826667818553518,0.14433756681906998,0.0,0.36728433926513904,69382.03253235659,0
2020-04-17,fixed_exposure_matched,207.69302368164062,0.00956625358968144,0.1616871704745167,0.1616871704745167,1431091.4901779825,0.0,2313.891337370376,1620782.374316348,1618468.4829789777,0.009579832180099723,0.1429679577764401,0.0,0.36728433926513904,70045.74277711277,0
2020-04-20,fixed_exposure_matched,205.23301696777344,-0.011844435938483833,0.1616871704745167,0.1616871704745167,1431091.4901779825,0.0,2313.891337370376,1601584.754029195,1599270.8626918248,-0.011861596619921477,0.1446841427146201,0.0,0.36728433926513904,69216.07459100986,0
2020-04-21,fixed_exposure_matched,197.66000366210938,-0.03689958573699281,0.1616871704745167,0.1616871704745167,1431091.4901779825,0.0,2313.891337370376,1542486.5727984952,1540172.681461125,-0.03695320324365092,0.1502358381772648,0.0,0.36728433926513904,66662.01423924495,0
2020-04-22,fixed_exposure_matched,203.52542114257812,0.029674275886867774,0.1616871704745167,0.1616871704745167,1431091.4901779825,0.0,2313.891337370376,1588258.3776271676,1585944.4862897974,0.02971861881438498,0.1458998948181066,0.0,0.36728433926513904,68640.14536793873,0
2020-04-23,fixed_exposure_matched,203.0913543701172,-0.002132739831830932,0.1616871704745167,0.1616871704745167,1431091.4901779825,0.0,2313.891337370376,1584870.668437624,1582556.7771002536,-0.0021360830841368195,0.14621221625995368,0.0,0.36728433926513904,68493.737922834,0
2020-04-24,fixed_exposure_matched,206.29421997070312,0.01577056596288684,0.1616871704745167,0.1616871704745167,1431091.4901779825,0.0,2313.891337370376,1609864.6085725247,1607550.7172351545,0.015793392374015003,0.14393893222542084,0.0,0.36728433926513904,69573.90706177487,0
2020-04-27,fixed_exposure_matched,207.95347595214844,0.008043153034927197,0.1616871704745167,0.1616871704745167,1431091.4901779825,0.0,2313.891337370376,1622812.6287004475,1620498.7373630772,0.008054501789027446,0.1427888392641149,0.0,0.36728433926513904,70133.48477049464,0
2020-04-28,fixed_exposure_matched,204.03672790527344,-0.0188347322829856,0.1616871704745167,0.1616871704745167,1431091.4901779825,0.0,2313.891337370376,1592247.0200090874,1589933.1286717171,-0.018861852827542047,0.14553387784953428,0.0,0.36728433926513904,68812.52348775367,0
2020-04-29,fixed_exposure_matched,211.2720947265625,0.03546110004591019,0.1616871704745167,0.1616871704745167,1431091.4901779825,0.0,2313.891337370376,1648709.4835990928,1646395.5922617225,0.03551247695377979,0.14054285302062103,0.0,0.36728433926513904,71252.67539454858,0
2020-04-30,fixed_exposure_matched,211.18527221679688,-0.0004109511475143268,0.1616871704745167,0.1616871704745167,1431091.4901779825,0.0,2313.891337370376,1648031.5772605508,1645717.6859231805,-0.00041175179387520355,0.1406007456298543,0.0,0.36728433926513904,71223.37815281586,0
2020-05-01,fixed_exposure_matched,205.23301696777344,-0.028184992194498437,0.1616871704745167,0.1616871704745167,1645717.6859231805,347.0230229975082,2660.914360367884,1601918.4038640922,1599257.4895037243,-0.028230963801907483,0.16638436135719514,0.24291611609825572,0.422367358788553,60201.80234746899,1
2020-05-04,fixed_exposure_matched,207.62548828125,0.011657341244719177,0.1616871704745167,0.1616871704745167,1645717.6859231805,0.0,2660.914360367884,1620592.090976773,1617931.1766164051,0.011676473135339593,0.16446400185777243,0.0,0.422367358788553,60903.5794279647,0
2020-05-05,fixed_exposure_matched,209.97940063476562,0.011337299543527246,0.1616871704745167,0.1616871704745167,1645717.6859231805,0.0,2660.914360367884,1638964.806582689,1636303.8922223211,0.011355684266087795,0.1626173703439649,0.0,0.422367358788553,61594.045678196664,0
2020-05-06,fixed_exposure_matched,211.2720947265625,0.006156290035541856,0.1616871704745167,0.1616871704745167,1645717.6859231805,0.0,2660.914360367884,1649054.326922699,1646393.4125623312,0.0061660431096983714,0.16162080946537702,0.0,0.422367358788553,61973.22061483819,0
2020-05-07,fixed_exposure_matched,213.99261474609375,0.012876854480248667,0.1616871704745167,0.1616871704745167,1645717.6859231805,0.0,2660.914360367884,1670288.5371531483,1667627.6227927804,0.012897409615725941,0.15956286187630087,0.0,0.422367358788553,62771.224885351934,0
2020-05-08,fixed_exposure_matched,216.9253387451172,0.013704790712068204,0.1616871704745167,0.1616871704745167,1645717.6859231805,0.0,2660.914360367884,1693179.06961624,1690518.155255872,0.013726405193958513,0.15740229420754936,0.0,0.422367358788553,63631.47551212997,0
2020-05-11,fixed_exposure_matched,218.8643798828125,0.008938748921229811,0.1616871704745167,0.1616871704745167,1645717.6859231805,0.0,2660.914360367884,1708313.5498308623,1705652.6354704944,0.008952568872193867,0.15600564294463662,0.0,0.422367358788553,64200.24542220441,0
2020-05-12,fixed_exposure_matched,214.28199768066406,-0.020937085352134566,0.1616871704745167,0.1616871704745167,1645717.6859231805,0.0,2660.914360367884,1672546.0208624867,1669885.1065021188,-0.020969996014756798,0.15934715208890377,0.0,0.422367358788553,62856.06353115586,0
2020-05-13,fixed_exposure_matched,211.6001434326172,-0.012515536895654322,0.1616871704745167,0.1616871704745167,1645717.6859231805,0.0,2660.914360367884,1651612.7870613437,1648951.8727009757,-0.012535732979253589,0.16137004386970483,0.0,0.422367358788553,62069.37027590022,0
2020-05-14,fixed_exposure_matched,214.00225830078125,0.011352141965484952,0.1616871704745167,0.1616871704745167,1645717.6859231805,0.0,2660.914360367884,1670361.7075247155,1667700.7931643475,0.01137020477902806,0.1595558610558062,0.0,0.422367358788553,62773.9747059646,0
2020-05-15,fixed_exposure_matched,215.39144897460938,0.0064914767015009645,0.1616871704745167,0.1616871704745167,1645717.6859231805,0.0,2660.914360367884,1681204.3992648327,1678543.4849044648,0.006501580969775711,0.1585251966540105,0.0,0.422367358788553,63181.45462721312,0
2020-05-18,fixed_exposure_matched,219.40460205078125,0.018631905283505334,0.1616871704745167,0.1616871704745167,1645717.6859231805,0.0,2660.914360367884,1712528.0180267887,1709867.1036664208,0.018661189920700094,0.15562112135277406,0.0,0.422367358788553,64358.62963248557,0
2020-05-19,fixed_exposure_matched,218.85475158691406,-0.002506102692139134,0.1616871704745167,0.1616871704745167,1645717.6859231805,0.0,2660.914360367884,1708235.8245830892,1705574.9102227213,-0.00251024973490388,0.15601275232293435,0.0,0.422367358788553,64197.324424485334,0
2020-05-20,fixed_exposure_matched,223.2248992919922,0.019968255993485284,0.1616871704745167,0.1616871704745167,1645717.6859231805,0.0,2660.914360367884,1742345.892458248,1739684.97809788,0.01999916137996216,0.15295380450299967,0.0,0.422367358788553,65479.2171596744,0
2020-05-21,fixed_exposure_matched,220.79383850097656,-0.01089063450684169,0.1616871704745167,0.1616871704745167,1645717.6859231805,0.0,2660.914360367884,1723370.2177916295,1720709.3034312616,-0.010907534930471141,0.15464055172258104,0.0,0.422367358788553,64766.0910647784,0
2020-05-22,fixed_exposure_matched,221.55592346191406,0.0034515680605557986,0.1616871704745167,0.1616871704745167,1645717.6859231805,0.0,2660.914360367884,1729318.1250245133,1726657.2106641454,0.003456660123254407,0.154107853251566,0.0,0.422367358788553,64989.61976308876,0
2020-05-26,fixed_exposure_matched,220.95782470703125,-0.0026995385433042918,0.1616871704745167,0.1616871704745167,1645717.6859231805,0.0,2660.914360367884,1724649.3417250162,1721988.4273646483,-0.0027039433598411433,0.15452568194318117,0.0,0.422367358788553,64814.16190660775,0
2020-05-27,fixed_exposure_matched,222.1637420654297,0.00545768116606582,0.1616871704745167,0.1616871704745167,1645717.6859231805,0.0,2660.914360367884,1734061.505588058,1731400.59122769,0.005465869406245716,0.1536856562166876,0.0,0.422367358788553,65167.88106432391,0
2020-05-28,fixed_exposure_matched,221.87428283691406,-0.0013029094028780275,0.1616871704745167,0.1616871704745167,1645717.6859231805,0.0,2660.914360367884,1731801.7581798995,1729140.8438195316,-0.001305155733229868,0.15388650206712717,0.0,0.422367358788553,65082.95734630369,0
2020-05-29,fixed_exposure_matched,225.12539672851562,0.014652955042974813,0.1616871704745167,0.1616871704745167,1645717.6859231805,0.0,2660.914360367884,1757177.3491184956,1754516.4347581277,0.014675259698651022,0.15166083985612305,0.0,0.422367358788553,66036.59912134706,0
2020-06-01,fixed_exposure_matched,225.80067443847656,0.0029995625539098736,0.1616871704745167,0.1616871704745167,1754516.4347581277,175.9136185029024,2836.8279788707864,1762623.9799788427,1759787.1519999718,0.0030040854205910517,0.1612029031833068,0.12313953295203169,0.45029015537631534,62133.6222395996,1
2020-06-02,fixed_exposure_matched,227.31527709960938,0.006707697684691816,0.1616871704745167,0.1616871704745167,1754516.4347581277,0.0,2836.8279788707864,1774446.6784781737,1771609.8504993028,0.0067182548104722795,0.16012712833309586,0.0,0.45029015537631534,62550.3799206218,0
2020-06-03,fixed_exposure_matched,228.33787536621094,0.00449859015042553,0.1616871704745167,0.1616871704745167,1754516.4347581277,0.0,2836.8279788707864,1782428.7365382756,1779591.9085594048,0.00450553944360399,0.15940890522295215,0.0,0.45029015537631534,62831.752570622215,0
2020-06-04,fixed_exposure_matched,226.73641967773438,-0.007013535034028573,0.1616871704745167,0.1616871704745167,1754516.4347581277,0.0,2836.8279788707864,1769927.1598587497,1767090.3318798789,-0.007024968263452114,0.16053667023648371,0.0,0.45029015537631534,62391.06399970287,0
2020-06-05,fixed_exposure_matched,231.23202514648438,0.019827451960032327,0.1616871704745167,0.1616871704745167,1754516.4347581277,0.0,2836.8279788707864,1805019.8553034503,1802183.0273245794,0.019859027471090362,0.15741064785646014,0.0,0.45029015537631534,63628.10395087641,0
2020-06-08,fixed_exposure_matched,233.02639770507812,0.007760052083862545,0.1616871704745167,0.1616871704745167,1754516.4347581277,0.0,2836.8279788707864,1819026.4531028557,1816189.6251239849,0.007772017373950613,0.15619668451068958,0.0,0.45029015537631534,64121.845478516756,0
2020-06-09,fixed_exposure_matched,234.71461486816406,0.007244746430928206,0.1616871704745167,0.1616871704745167,1754516.4347581277,0.0,2836.8279788707864,1832204.3882165812,1829367.5602377104,0.007255814553409179,0.15507151435997726,0.0,0.45029015537631534,64586.37611667591,0
2020-06-10,fixed_exposure_matched,237.53158569335938,0.012001684798271128,0.1616871704745167,0.1616871704745167,1754516.4347581277,0.0,2836.8279788707864,1854193.4774798104,1851356.6495009395,0.012020049847375702,0.1532296858973929,0.0,0.45029015537631534,65361.50557207496,0
2020-06-11,fixed_exposure_matched,225.7620849609375,-0.04954920289049758,0.1616871704745167,0.1616871704745167,1754516.4347581277,0.0,2836.8279788707864,1762319.2183757706,1759482.3903968998,-0.04962537020017499,0.16123082529009353,0.0,0.45029015537631534,62122.879198239956,0
2020-06-12,fixed_exposure_matched,227.55645751953125,0.007948068688788945,0.1616871704745167,0.1616871704745167,1754516.4347581277,0.0,2836.8279788707864,1776325.8022848386,1773488.9743059678,0.007960627503585505,0.15995746350669832,0.0,0.45029015537631534,62616.620236237024,0
2020-06-15,fixed_exposure_matched,230.32521057128906,0.012167323581754097,0.1616871704745167,0.1616871704745167,1754516.4347581277,0.0,2836.8279788707864,1797938.4828177018,1795101.654838831,0.012186532223196433,0.15803160624491122,0.0,0.45029015537631534,63378.48104323125,0
2020-06-16,fixed_exposure_matched,234.28050231933594,0.017172639235784715,0.1616871704745167,0.1616871704745167,1754516.4347581277,0.0,2836.8279788707864,1828813.3814611088,1825976.553482238,0.017199526589584124,0.1553594964546943,0.0,0.45029015537631534,64466.84096048281,0
2020-06-17,fixed_exposure_matched,235.02330017089844,0.0031705491673823527,0.1616871704745167,0.1616871704745167,1754516.4347581277,0.0,2836.8279788707864,1834611.2739148426,1831774.4459359718,0.00317522831422834,0.15486775597097427,0.0,0.45029015537631534,64671.22037639796,0
2020-06-18,fixed_exposure_matched,235.6600341796875,0.002709237800363029,0.1616871704745167,0.1616871704745167,1754516.4347581277,0.0,2836.8279788707864,1839581.2218369495,1836744.3938580786,0.002713187714313392,0.15444870763492757,0.0,0.45029015537631534,64846.41421822144,0
2020-06-19,fixed_exposure_matched,235.6214141845703,-0.00016388012185275525,0.1616871704745167,0.1616871704745167,1754516.4347581277,0.0,2836.8279788707864,1839279.3007520013,1836442.4727731305,-0.00016437838926186554,0.15447409983864174,0.0,0.45029015537631534,64835.771306941766,0
2020-06-22,fixed_exposure_matched,238.4471893310547,0.011992862177929497,0.1616871704745167,0.1616871704745167,1754516.4347581277,0.0,2836.8279788707864,1861337.0736224833,1858500.2456436125,0.012011142846839906,0.15264071046105093,0.0,0.45029015537631534,65613.3219034098,0
2020-06-23,fixed_exposure_matched,240.4766082763672,0.008510978682558124,0.1616871704745167,0.1616871704745167,1754516.4347581277,0.0,2836.8279788707864,1877178.423486984,1874341.5955081133,0.008523727614044407,0.1513506388413556,0.0,0.45029015537631534,66171.73961440568,0
2020-06-24,fixed_exposure_matched,235.51898193359375,-0.020615836102760965,0.1616871704745167,0.1616871704745167,1754516.4347581277,0.0,2836.8279788707864,1838478.370482582,1835641.542503711,-0.02064727854151427,0.15454150024309835,0.0,0.45029015537631534,64807.53800286464,0
2020-06-25,fixed_exposure_matched,237.76101684570312,0.009519550796723175,0.1616871704745167,0.1616871704745167,1754516.4347581277,0.0,2836.8279788707864,1855979.4084289123,1853142.5804500415,0.009534017149372076,0.15308201369922944,0.0,0.45029015537631534,65424.460779877605,0
2020-06-26,fixed_exposure_matched,232.14633178710938,-0.023614826068133143,0.1616871704745167,0.1616871704745167,1754516.4347581277,0.0,2836.8279788707864,1812150.3272226716,1809313.4992438008,-0.023651219106733068,0.15679029532783753,0.0,0.45029015537631534,63879.457644943526,0
2020-06-29,fixed_exposure_matched,234.67820739746094,0.010906377847371918,0.1616871704745167,0.1616871704745167,1754516.4347581277,0.0,2836.8279788707864,1831913.8731174453,1829077.0451385744,0.010923229115923805,0.1550961446053172,0.0,0.45029015537631534,64576.135273688604,0
2020-06-30,fixed_exposure_matched,239.2782745361328,0.019601594837824088,0.1616871704745167,0.1616871704745167,1754516.4347581277,0.0,2836.8279788707864,1867821.856345927,1864985.0283670563,0.019631749971342094,0.15210995990432463,0.0,0.45029015537631534,65841.9146405001,0
2020-07-01,fixed_exposure_matched,242.07113647460938,0.011672024733088815,0.1616871704745167,0.1616871704745167,1864985.0283670563,178.61354326926948,3015.441522140056,1889803.2124448256,1886787.7709226855,0.011690572430342439,0.15981879724954073,0.12502948028848865,0.4786415114508025,62670.8625774853,1
2020-07-02,fixed_exposure_matched,243.7139892578125,0.006786652911737967,0.1616871704745167,0.1616871704745167,1864985.0283670563,0.0,3015.441522140056,1902628.1722776645,1899612.7307555245,0.0067972455781644125,0.1587398038199469,0.0,0.4786415114508025,63096.172096462054,0
2020-07-06,fixed_exposure_matched,249.70562744140625,0.02458471178384225,0.1616871704745167,0.1616871704745167,1864985.0283670563,0.0,3015.441522140056,1949403.258883418,1946387.817361278,0.024623485539155165,0.15492501007471862,0.0,0.4786415114508025,64647.357429101416,0
2020-07-07,fixed_exposure_matched,247.9854278564453,-0.0068889099640518925,0.1616871704745167,0.1616871704745167,1864985.0283670563,0.0,3015.441522140056,1935973.5167078294,1932958.0751856894,-0.006899828521222173,0.1560013929350422,0.0,0.4786415114508025,64201.99173134258,0
2020-07-08,fixed_exposure_matched,251.2518310546875,0.01317175459250386,0.1616871704745167,0.1616871704745167,1864985.0283670563,0.0,3015.441522140056,1961473.2061259802,1958457.7646038402,0.013192055091883592,0.15397020944947587,0.0,0.4786415114508025,65047.628737761916,0
2020-07-09,fixed_exposure_matched,253.36830139160156,0.008423701144901763,0.1616871704745167,0.1616871704745167,1864985.0283670563,0.0,3015.441522140056,1977995.5915766065,1974980.1500544664,0.008436426738040126,0.15268211794720546,0.0,0.4786415114508025,65595.55464941748,0
2020-07-10,fixed_exposure_matched,255.09808349609375,0.006827144891415005,0.1616871704745167,0.1616871704745167,1864985.0283670563,0.0,3015.441522140056,1991499.1754333687,1988483.7339112286,0.0068373263682623975,0.15164526974575057,0.0,0.4786415114508025,66043.36913222591,0
2020-07-13,fixed_exposure_matched,249.85064697265625,-0.020570270272210256,0.1616871704745167,0.1616871704745167,1864985.0283670563,0.0,3015.441522140056,1950533.0205063089,1947517.5789841688,-0.020601704820829347,0.15483513754535244,0.0,0.4786415114508025,64684.8233064728,0
2020-07-14,fixed_exposure_matched,251.61907958984375,0.007077958927122818,0.1616871704745167,0.1616871704745167,1864985.0283670563,0.0,3015.441522140056,1964338.334469938,1961322.892947798,0.007088672324503387,0.15374528758025943,0.0,0.4786415114508025,65142.64395602833,0
2020-07-15,fixed_exposure_matched,252.13124084472656,0.0020354627149803406,0.1616871704745167,0.1616871704745167,1864985.0283670563,0.0,3015.441522140056,1968336.1932678467,1965320.7517457067,0.002038348102846088,0.15343253865617476,0.0,0.4786415114508025,65275.2235059402,0
2020-07-16,fixed_exposure_matched,250.41111755371094,-0.006822333024866789,0.1616871704745167,0.1616871704745167,1864985.0283670563,0.0,3015.441522140056,1954907.0696109636,1951891.6280888235,-0.006833044247334552,0.15448816311039754,0.0,0.4786415114508025,64829.87831989419,0
2020-07-17,fixed_exposure_matched,250.70103454589844,0.0011577640602371542,0.1616871704745167,0.1616871704745167,1864985.0283670563,0.0,3015.441522140056,1957169.9121157513,1954154.4705936112,0.001159307449360547,0.1543092712227636,0.0,0.4786415114508025,64904.92015002664,0
2020-07-20,fixed_exposure_matched,257.81365966796875,0.028370944439673362,0.1616871704745167,0.1616871704745167,1864985.0283670563,0.0,3015.441522140056,2012696.1923098762,2009680.7507877361,0.02841447850192602,0.1500457981178399,0.0,0.4786415114508025,66746.3181604486,0
2020-07-21,fixed_exposure_matched,255.12709045410156,-0.010420585229375168,0.1616871704745167,0.1616871704745167,1864985.0283670563,0.0,3015.441522140056,1991722.2414555608,1988706.7999334207,-0.010436459047584723,0.15162826024635753,0.0,0.4786415114508025,66050.76659029479,0
2020-07-22,fixed_exposure_matched,256.02581787109375,0.0035226655679432284,0.1616871704745167,0.1616871704745167,1864985.0283670563,0.0,3015.441522140056,1998737.9341749316,1995722.4926527916,0.0035277662446799862,0.15109523158862706,0.0,0.4786415114508025,66283.42547848281,0
2020-07-23,fixed_exposure_matched,249.33836364746094,-0.02612023380782591,0.1616871704745167,0.1616871704745167,1864985.0283670563,0.0,3015.441522140056,1946529.9533722,1943514.51185006,-0.026159940069290233,0.155154052298257,0.0,0.4786415114508025,64552.071034385364,0
2020-07-24,fixed_exposure_matched,246.97071838378906,-0.009495711887399283,0.1616871704745167,0.1616871704745167,1864985.0283670563,0.0,3015.441522140056,1928045.7871132735,1925030.3455911335,-0.009510691145460548,0.15664384351375416,0.0,0.4786415114508025,63939.08729309203,0
2020-07-27,fixed_exposure_matched,251.37747192382812,0.01784322274671868,0.1616871704745167,0.1616871704745167,1864985.0283670563,0.0,3015.441522140056,1962447.8589170969,1959432.4173949568,0.017870924415614553,0.15389362222296246,0.0,0.4786415114508025,65079.950796868696,0
2020-07-28,fixed_exposure_matched,248.17869567871094,-0.0127249917052491,0.1616871704745167,0.1616871704745167,1864985.0283670563,0.0,3015.441522140056,1937475.2475488815,1934459.8060267414,-0.0127448189315027,0.15588028827197928,0.0,0.4786415114508025,64251.793089784645,0
2020-07-29,fixed_exposure_matched,251.03924560546875,0.011526170362588406,0.1616871704745167,0.1616871704745167,1864985.0283670563,0.0,3015.441522140056,1959806.4386839166,1956790.9971617765,0.011543889961147302,0.15410135913921297,0.0,0.4786415114508025,64992.354330023416,0
2020-07-30,fixed_exposure_matched,252.353515625,0.0052353169575594105,0.1616871704745167,0.1616871704745167,1864985.0283670563,0.0,3015.441522140056,1970066.167924381,1967050.726402241,0.005243140046814254,0.1532975983621599,0.0,0.4786415114508025,65332.594031743225,0
2020-07-31,fixed_exposure_matched,256.85693359375,0.017845671607136016,0.1616871704745167,0.1616871704745167,1864985.0283670563,0.0,3015.441522140056,2005222.843159977,2002207.401637837,0.017872785263600255,0.15060585230448043,0.0,0.4786415114508025,66498.48217706018,0
2020-08-03,fixed_exposure_matched,260.3263244628906,0.013507094477067438,0.1616871704745167,0.1616871704745167,2002207.401637837,221.87097259950497,3237.312494739561,2032531.7740883112,2029294.4615935716,0.013528598452676288,0.15952896713655604,0.15530968081965346,0.5138591261491366,62784.54049125791,1
2020-08-04,fixed_exposure_matched,261.2926330566406,0.0037119127147196007,0.1616871704745167,0.1616871704745167,2002207.401637837,0.0,3237.312494739561,2040075.840764495,2036838.5282697554,0.003717581070151743,0.15893810185776377,0.0,0.5138591261491366,63017.57535237937,0
2020-08-05,fixed_exposure_matched,261.940185546875,0.0024782653940877974,0.1616871704745167,0.1616871704745167,2002207.401637837,0.0,3237.312494739561,2045131.17626285,2041893.8637681103,0.002481952019362632,0.1585446017632584,0.0,0.5138591261491366,63173.73375557861,0
2020-08-06,fixed_exposure_matched,265.4094543457031,0.013244507678671136,0.1616871704745167,0.1616871704745167,2002207.401637837,0.0,3237.312494739561,2072217.4179716266,2068980.105476887,0.013265254472527577,0.15646900065254038,0.0,0.5138591261491366,64010.422884378815,0
2020-08-07,fixed_exposure_matched,262.3460388183594,-0.01154222457860743,0.1616871704745167,0.1616871704745167,2002207.401637837,0.0,3237.312494739561,2048298.90529857,2045061.5928038303,-0.011560532945551705,0.15829902170824717,0.0,0.5138591261491366,63271.58433505981,0
2020-08-10,fixed_exposure_matched,261.2249755859375,-0.004273223401699888,0.1616871704745167,0.1616871704745167,2002207.401637837,0.0,3237.312494739561,2039545.5526236456,2036308.240128906,-0.0042802391408286455,0.1589794919522904,0.0,0.5138591261491366,63001.19484720073,0
2020-08-11,fixed_exposure_matched,256.277099609375,-0.01894105249876754,0.1616871704745167,0.1616871704745167,2002207.401637837,0.0,3237.312494739561,2000913.899378647,1997676.5868839074,-0.01897141723620044,0.16205388379654134,0.0,0.5138591261491366,61807.870035098946,0
2020-08-12,fixed_exposure_matched,262.7228698730469,0.025151565526130515,0.1616871704745167,0.1616871704745167,2002207.401637837,0.0,3237.312494739561,2051239.5025718883,2048002.1900771486,0.02519206738651425,0.1580717301194688,0.0,0.5138591261491366,63362.41885530142,0
2020-08-13,fixed_exposure_matched,263.32208251953125,0.0022807783988274544,0.1616871704745167,0.1616871704745167,2002207.401637837,0.0,3237.312494739561,2055917.4114610495,2052680.0989663098,0.0022841327571945236,0.15771149612498359,0.0,0.5138591261491366,63506.91861850816,0
2020-08-14,fixed_exposure_matched,263.01287841796875,-0.0011742429598153858,0.1616871704745167,0.1616871704745167,2002207.401637837,0.0,3237.312494739561,2053502.751055553,2050265.4385608134,-0.0011763452116636541,0.1578972377845864,0.0,0.5138591261491366,63432.33019340493,0
2020-08-17,fixed_exposure_matched,266.0666198730469,0.011610615698540938,0.1616871704745167,0.1616871704745167,2002207.401637837,0.0,3237.312494739561,2077344.6684748295,2074107.3559800899,0.011628697909482621,0.156082204973899,0.0,0.5138591261491366,64168.802729127645,0
2020-08-18,fixed_exposure_matched,268.6275634765625,0.00962519689518948,0.1616871704745167,0.1616871704745167,2002207.401637837,0.0,3237.312494739561,2097339.0060689454,2094101.6935742057,0.009639972365204752,0.15459194291630252,0.0,0.5138591261491366,64786.42421690819,0
2020-08-19,fixed_exposure_matched,266.8204040527344,-0.006727378979431542,0.1616871704745167,0.1616871704745167,2002207.401637837,0.0,3237.312494739561,2083228.897867649,2079991.5853729094,-0.006738024349339566,0.15564065342885328,0.0,0.5138591261491366,64350.56551546295,0
2020-08-20,fixed_exposure_matched,270.5216979980469,0.013871854959716545,0.1616871704745167,0.1616871704745167,2002207.401637837,0.0,3237.312494739561,2112126.633127633,2108889.3206328936,0.013893198156762265,0.15350793723816755,0.0,0.5138591261491366,65243.21135385331,0
2020-08-21,fixed_exposure_matched,272.3965148925781,0.006930375302260483,0.1616871704745167,0.1616871704745167,2002207.401637837,0.0,3237.312494739561,2126763.949521981,2123526.6370272418,0.006940770315037481,0.15244981806639946,0.0,0.5138591261491366,65695.35542144434,0
2020-08-24,fixed_exposure_matched,274.09735107421875,0.0062439718889626405,0.1616871704745167,0.1616871704745167,2002207.401637837,0.0,3237.312494739561,2140042.8899781294,2136805.57748339,0.006253248828909319,0.15150243563816818,0.0,0.5138591261491366,66105.53950091537,0
2020-08-25,fixed_exposure_matched,276.2524108886719,0.007862388330303727,0.1616871704745167,0.1616871704745167,2002207.401637837,0.0,3237.312494739561,2156868.2243635166,2153630.911868777,0.007874059560066815,0.15031881632542304,0.0,0.5138591261491366,66625.27105023993,0
2020-08-26,fixed_exposure_matched,282.1474304199219,0.021339250985308755,0.1616871704745167,0.1616871704745167,2002207.401637837,0.0,3237.312494739561,2202893.6628863206,2199656.350391581,0.02137108929350684,0.14717355709510063,0.0,0.5138591261491366,68046.98855812935,0
2020-08-27,fixed_exposure_matched,281.2679748535156,-0.003117007179889386,0.1616871704745167,0.1616871704745167,2002207.401637837,0.0,3237.312494739561,2196026.713663445,2192789.4011687054,-0.0031218281990518237,0.14763444647325225,0.0,0.5138591261491366,67834.86973320793,0
2020-08-28,fixed_exposure_matched,282.6981506347656,0.005084744475423619,0.1616871704745167,0.1616871704745167,2002207.401637837,0.0,3237.312494739561,2207192.4345045015,2203955.122009762,0.00509201696939332,0.14688649793320163,0.0,0.5138591261491366,68179.77683930907,0
2020-08-31,fixed_exposure_matched,284.96917724609375,0.008033397481479021,0.1616871704745167,0.1616871704745167,2002207.401637837,0.0,3237.312494739561,2224923.174789863,2221685.8622951237,0.008044964304533275,0.14571423213699702,0.0,0.5138591261491366,68727.47621384189,0
2020-09-01,fixed_exposure_matched,289.8398132324219,0.01709179930755078,0.1616871704745167,0.1616871704745167,2221685.8622951237,354.8685128377924,3592.1810075773533,2263311.2261811704,2259719.045173593,0.0171190641863197,0.1589658243244748,0.24840795898645468,0.5701874615202148,63006.60299152346,1
2020-09-02,fixed_exposure_matched,292.58441162109375,0.009469362949357851,0.1616871704745167,0.1616871704745167,2221685.8622951237,0.0,3592.1810075773533,2284742.7714617746,2281150.590454197,0.009484163673523227,0.15747233096356514,0.0,0.5701874615202148,63603.21951044043,0
2020-09-03,fixed_exposure_matched,277.750244140625,-0.05070047101374453,0.1616871704745167,0.1616871704745167,2221685.8622951237,0.0,3592.1810075773533,2168904.666615953,2165312.4856083756,-0.050780560183340206,0.1658966560924844,0.0,0.5701874615202148,60378.49045025464,0
2020-09-04,fixed_exposure_matched,274.0489501953125,-0.013325979088747553,0.1616871704745167,0.1616871704745167,2221685.8622951237,0.0,3592.1810075773533,2140001.3181956806,2136409.137188103,-0.013348349770472834,0.16814106179611768,0.0,0.5701874615202148,59573.87207608853,0
2020-09-08,fixed_exposure_matched,260.8771057128906,-0.048063838496861244,0.1616871704745167,0.1616871704745167,2221685.8622951237,0.0,3592.1810075773533,2037144.0702673916,2033551.8892598143,-0.04814492043582408,0.17664565269022267,0.0,0.5701874615202148,56710.50723697487,0
2020-09-09,fixed_exposure_matched,268.5405578613281,0.029375717457060135,0.1616871704745167,0.1616871704745167,2221685.8622951237,0.0,3592.1810075773533,2096986.0687074305,2093393.8876998532,0.02942732799496972,0.17159603974597987,0.0,0.5701874615202148,58376.40320139893,0
2020-09-10,fixed_exposure_matched,263.186767578125,-0.019936617119741595,0.1616871704745167,0.1616871704745167,2221685.8622951237,0.0,3592.1810075773533,2055178.6901627167,2051586.5091551393,-0.019971099939844694,0.17509283627803945,0.0,0.5701874615202148,57212.559328929114,0
2020-09-11,fixed_exposure_matched,261.3603210449219,-0.006939735420630311,0.1616871704745167,0.1616871704745167,2221685.8622951237,0.0,3592.1810075773533,2040915.7236234082,2037323.542615831,-0.006952164325345511,0.17631863238399317,0.0,0.5701874615202148,56815.50343143335,0
2020-09-14,fixed_exposure_matched,265.9119873046875,0.0174152918146413,0.1616871704745167,0.1616871704745167,2221685.8622951237,0.0,3592.1810075773533,2076458.2963319381,2072866.1153243608,0.017445718348149564,0.1732953701650553,0.0,0.5701874615202148,57804.946130271645,0
2020-09-15,fixed_exposure_matched,269.680908203125,0.014173565233518426,0.1616871704745167,0.1616871704745167,2221685.8622951237,0.0,3592.1810075773533,2105888.5432622177,2102296.36225464,0.014197852293839075,0.1708693917790384,0.0,0.5701874615202148,58624.232432053184,0
2020-09-16,fixed_exposure_matched,265.3804626464844,-0.015946421959545987,0.1616871704745167,0.1616871704745167,2221685.8622951237,0.0,3592.1810075773533,2072306.5857641231,2068714.4047565458,-0.015973940735015457,0.17364315728251017,0.0,0.5701874615202148,57689.36981162129,0
2020-09-17,fixed_exposure_matched,261.2346496582031,-0.015622148469173203,0.1616871704745167,0.1616871704745167,2221685.8622951237,0.0,3592.1810075773533,2039932.134420209,2036339.9534126318,-0.015649550885069585,0.1764037974876121,0.0,0.5701874615202148,56788.12203831523,0
2020-09-18,fixed_exposure_matched,257.9006652832031,-0.012762412564191417,0.1616871704745167,0.1616871704745167,2221685.8622951237,0.0,3592.1810075773533,2013897.1087303252,2010304.927722748,-0.012785205950633483,0.17868836503557387,0.0,0.5701874615202148,56063.352723100725,0
2020-09-21,fixed_exposure_matched,258.51904296875,0.0023977359068376725,0.1616871704745167,0.1616871704745167,2221685.8622951237,0.0,3592.1810075773533,2018725.331953143,2015133.1509455657,0.0024017367496020903,0.17826023088805748,0.0,0.5701874615202148,56197.76196396674,0
2020-09-22,fixed_exposure_matched,263.32208251953125,0.018579055127331046,0.1616871704745167,0.1616871704745167,2221685.8622951237,0.0,3592.1810075773533,2056230.7709949785,2052638.5899874012,0.01861189124115037,0.17500309236607509,0.0,0.5701874615202148,57241.84740851203,0
2020-09-23,fixed_exposure_matched,255.2816925048828,-0.03053443120955135,0.1616871704745167,0.1616871704745167,2221685.8622951237,0.0,3592.1810075773533,1993444.363779608,1989852.1827720306,-0.030588145191090765,0.1805250178218336,0.0,0.5701874615202148,55493.98428349331,0
2020-09-24,fixed_exposure_matched,256.47039794921875,0.004656446111243273,0.1616871704745167,0.1616871704745167,2221685.8622951237,0.0,3592.1810075773533,2002726.1598478477,1999133.9788402703,0.004664565613768046,0.1796868566888766,0.0,0.5701874615202148,55752.37315779169,0
2020-09-25,fixed_exposure_matched,262.43304443359375,0.023248868220478336,0.1616871704745167,0.1616871704745167,2221685.8622951237,0.0,3592.1810075773533,2049286.7062323934,2045694.525224816,0.023290358163766678,0.17559713648754977,0.0,0.5701874615202148,57048.53686130026,0
2020-09-28,fixed_exposure_matched,267.8834228515625,0.02076864378772214,0.1616871704745167,0.1616871704745167,2221685.8622951237,0.0,3592.1810075773533,2091847.0416655869,2088254.8606580095,0.0208048342058873,0.17201832378091322,0.0,0.5701874615202148,58233.34172896747,0
2020-09-29,fixed_exposure_matched,266.67547607421875,-0.004509225559705787,0.1616871704745167,0.1616871704745167,2221685.8622951237,0.0,3592.1810075773533,2082413.861330852,2078821.6803232746,-0.004517255298887468,0.17279890052997418,0.0,0.5701874615202148,57970.73858300025,0
2020-09-30,fixed_exposure_matched,268.5019226074219,0.006848948242600406,0.1616871704745167,0.1616871704745167,2221685.8622951237,0.0,3592.1810075773533,2096675.635899319,2093083.4548917417,0.006860508865892401,0.17162148977777608,0.0,0.5701874615202148,58367.761298124664,0
2020-10-01,fixed_exposure_matched,272.76373291015625,0.015872550413598363,0.1616871704745167,0.1616871704745167,2093083.4548917417,-207.93359369263862,3384.2474138847147,2129743.306555003,2126359.059141118,0.01589788700092587,0.15915691187412556,0.14555351558484703,0.5371821291880499,62931.075837339864,-1
2020-10-02,fixed_exposure_matched,265.090576171875,-0.028131147262193568,0.1616871704745167,0.1616871704745167,2093083.4548917417,0.0,3384.2474138847147,2069830.646785504,2066446.3993716193,-0.028176172557469514,0.16377136203067363,0.0,0.5371821291880499,61160.73660257551,0
2020-10-05,fixed_exposure_matched,270.7439270019531,0.02132611016097652,0.1616871704745167,0.1616871704745167,2093083.4548917417,0.0,3384.2474138847147,2113971.545991288,2110587.298577403,0.021360776267512538,0.16034624183353113,0.0,0.5371821291880499,62465.04133587265,0
2020-10-06,fixed_exposure_matched,265.9119873046875,-0.017846899654487047,0.1616871704745167,0.1616871704745167,2093083.4548917417,0.0,3384.2474138847147,2076243.1707554115,2072858.9233415269,-0.017875771005210872,0.16326472466486913,0.0,0.5371821291880499,61350.218138222066,0
2020-10-07,fixed_exposure_matched,270.5119934082031,0.01729897982464723,0.1616871704745167,0.1616871704745167,2093083.4548917417,0.0,3384.2474138847147,2112159.522295242,2108775.2748813573,0.01732696380607135,0.1604840237931525,0.0,0.5371821291880499,62411.49845101702,0
2020-10-08,fixed_exposure_matched,271.9518737792969,0.005322796793415963,0.1616871704745167,0.1616871704745167,2093083.4548917417,0.0,3384.2474138847147,2123401.5810455694,2120017.3336316845,0.005331084295342903,0.15963300677770154,0.0,0.5371821291880499,62743.686301828515,0
2020-10-09,fixed_exposure_matched,276.107421875,0.015280453993398835,0.1616871704745167,0.1616871704745167,2093083.4548917417,0.0,3384.2474138847147,2155847.5840321174,2152463.3366182325,0.015304593255832666,0.15722671584277745,0.0,0.5371821291880499,63702.42244072398,0
2020-10-12,fixed_exposure_matched,284.6309814453125,0.03087044713405529,0.1616871704745167,0.1616871704745167,2093083.4548917417,0.0,3384.2474138847147,2222399.0257219328,2219014.778308048,0.03091873415803459,0.15251126071657495,0.0,0.5371821291880499,65668.92883197573,0
2020-10-13,fixed_exposure_matched,284.6213073730469,-3.398812109811633e-05,0.1616871704745167,0.1616871704745167,2093083.4548917417,0.0,3384.2474138847147,2222322.9533725893,2218938.7059587045,-3.428203817612552e-05,0.15251648929268338,0.0,0.5371821291880499,65666.68099545436,0
2020-10-14,fixed_exposure_matched,282.2440185546875,-0.008352462576680986,0.1616871704745167,0.1616871704745167,2093083.4548917417,0.0,3384.2474138847147,2203760.5468891165,2200376.2994752317,-0.008365443549037899,0.15380312061586124,0.0,0.5371821291880499,65118.1866268891,0
2020-10-15,fixed_exposure_matched,280.3498840332031,-0.006710981976460806,0.1616871704745167,0.1616871704745167,2093083.4548917417,0.0,3384.2474138847147,2188970.6123963795,2185586.3649824946,-0.006721547808101858,0.15484391136892092,0.0,0.5371821291880499,64681.16377708037,0
2020-10-16,fixed_exposure_matched,278.8133544921875,-0.0054807568275421215,0.1616871704745167,0.1616871704745167,2093083.4548917417,0.0,3384.2474138847147,2176972.85958507,2173588.612171185,-0.005489489229772659,0.15569861725141304,0.0,0.5371821291880499,64326.646174079906,0
2020-10-19,fixed_exposure_matched,274.2615966796875,-0.016325465545903528,0.1616871704745167,0.1616871704745167,2093083.4548917417,0.0,3384.2474138847147,2141432.226989418,2138047.979575533,-0.01635113121068066,0.15828678524588535,0.0,0.5371821291880499,63276.46785526557,0
2020-10-20,fixed_exposure_matched,274.8511047363281,0.0021494371205352802,0.1616871704745167,0.1616871704745167,2093083.4548917417,0.0,3384.2474138847147,2146034.5637270906,2142650.3163132058,0.0021525881465889185,0.15794679085609675,0.0,0.5371821291880499,63412.46077111417,0
2020-10-21,fixed_exposure_matched,274.6385192871094,-0.0007734567755246502,0.1616871704745167,0.1616871704745167,2093083.4548917417,0.0,3384.2474138847147,2144374.1615711367,2140989.914157252,-0.0007749291348720933,0.15806928334909232,0.0,0.5371821291880499,63363.39810066219,0
2020-10-22,fixed_exposure_matched,274.6287841796875,-3.54469848117267e-05,0.1616871704745167,0.1616871704745167,2093083.4548917417,0.0,3384.2474138847147,2144297.6127906716,2140913.365376787,-3.5753919230940845e-05,0.158074935147556,0.0,0.5371821291880499,63361.136186236225,0
2020-10-23,fixed_exposure_matched,275.16998291015625,0.001970655523547249,0.1616871704745167,0.1616871704745167,2093083.4548917417,0.0,3384.2474138847147,2148522.7475433177,2145138.500129433,0.0019735197233927693,0.15776358559974177,0.0,0.5371821291880499,63485.98328622399,0
2020-10-26,fixed_exposure_matched,271.04351806640625,-0.014996057346477687,0.1616871704745167,0.1616871704745167,2093083.4548917417,0.0,3384.2474138847147,2116302.8400288173,2112918.5926149325,-0.015019966082635894,0.16016932340476,0.0,0.5371821291880499,62533.92796715039,0
2020-10-27,fixed_exposure_matched,273.15997314453125,0.007808543414812297,0.1616871704745167,0.1616871704745167,2093083.4548917417,0.0,3384.2474138847147,2132827.5454519438,2129443.298038059,0.007820796068946256,0.15892639249905158,0.0,0.5371821291880499,63022.21098556476,0
2020-10-28,fixed_exposure_matched,262.51025390625,-0.038987114823907265,0.1616871704745167,0.1616871704745167,2093083.4548917417,0.0,3384.2474138847147,2049674.2158556874,2046289.9684418028,-0.0390493279031513,0.16538454794174318,0.0,0.5371821291880499,60565.14093639816,0
2020-10-29,fixed_exposure_matched,267.10064697265625,0.017486528614023555,0.1616871704745167,0.1616871704745167,2093083.4548917417,0.0,3384.2474138847147,2085515.3654985449,2082131.1180846603,0.017515186115167003,0.16253767039406544,0.0,0.5371821291880499,61624.19913337898,0
2020-10-30,fixed_exposure_matched,260.3263244628906,-0.0253624339234908,0.1616871704745167,0.1616871704745167,2093083.4548917417,0.0,3384.2474138847147,2032621.082662534,2029236.8352486494,-0.02540391542904752,0.16677439296877494,0.0,0.5371821291880499,60061.243581754745,0
2020-11-02,fixed_exposure_matched,260.9061584472656,0.0022273351939006147,0.1616871704745167,0.1616871704745167,2029236.8352486494,-103.23179274454333,3281.0156211401713,2037044.3561919252,2033763.340570785,0.0022306441729760262,0.16132730665797818,0.07226225492118032,0.5207961303397097,62085.78657982862,-1
2020-11-03,fixed_exposure_matched,265.41912841796875,0.017297291859882602,0.1616871704745167,0.1616871704745167,2029236.8352486494,0.0,3281.0156211401713,2072279.1861563732,2068998.170535233,0.01732494103987503,0.15857991891270737,0.0,0.5207961303397097,63159.68667763443,0
2020-11-04,fixed_exposure_matched,277.26715087890625,0.04463891706508738,0.1616871704745167,0.1616871704745167,2029236.8352486494,0.0,3281.0156211401713,2164782.964086784,2161501.948465644,0.0447094537094157,0.15179332239183135,0.0,0.5207961303397097,65979.05082007838,0
2020-11-05,fixed_exposure_matched,284.49566650390625,0.026070580673139165,0.1616871704745167,0.1616871704745167,2029236.8352486494,0.0,3281.0156211401713,2221219.5921957153,2217938.576574575,0.02610991313192801,0.14793086047529017,0.0,0.5207961303397097,67699.1471142045,0
2020-11-06,fixed_exposure_matched,284.7083740234375,0.0007476652356261937,0.1616871704745167,0.1616871704745167,2029236.8352486494,0.0,3281.0156211401713,2222879.8000693615,2219598.7844482213,0.0007485364523531768,0.14782021165846926,0.0,0.5207961303397097,67749.74753996746,0
2020-11-09,fixed_exposure_matched,278.8906555175781,-0.020433956415277232,0.1616871704745167,0.1616871704745167,2029236.8352486494,0.0,3281.0156211401713,2177457.0503222137,2174176.0347010735,-0.020464396568157017,0.1509084622759756,0.0,0.5207961303397097,66365.33627857387,0
2020-11-10,fixed_exposure_matched,273.8944091796875,-0.01791471402517364,0.1616871704745167,0.1616871704745167,2029236.8352486494,0.0,3281.0156211401713,2138448.0091674626,2135166.9935463225,-0.017941988381872,0.15366552738297515,0.0,0.5207961303397097,65176.40438494285,0
2020-11-11,fixed_exposure_matched,280.0213317871094,0.022369651961031245,0.1616871704745167,0.1616871704745167,2029236.8352486494,0.0,3281.0156211401713,2186283.8260731683,2183002.810452028,0.022403782491155155,0.15029827746583527,0.0,0.5207961303397097,66634.36199408957,0
2020-11-12,fixed_exposure_matched,278.7070617675781,-0.004693463926992658,0.1616871704745167,0.1616871704745167,2029236.8352486494,0.0,3281.0156211401713,2176022.061005196,2172741.045384056,-0.004700756691122798,0.15100812994307913,0.0,0.5207961303397097,66321.60014675627,0
2020-11-13,fixed_exposure_matched,281.1519470214844,0.008772240065969772,0.1616871704745167,0.1616871704745167,2029236.8352486494,0.0,3281.0156211401713,2195110.1281170496,2191829.1124959094,0.008785247166203103,0.14969303959121014,0.0,0.5207961303397097,66903.373271787,0
2020-11-16,fixed_exposure_matched,283.3456726074219,0.007802633448488416,0.1616871704745167,0.1616871704745167,2029236.8352486494,0.0,3281.0156211401713,2212237.2470296808,2208956.2314085406,0.00781407583966609,0.14853239618279046,0.0,0.5207961303397097,67425.37989687826,0
2020-11-17,fixed_exposure_matched,282.4468994140625,-0.0031720025405316266,0.1616871704745167,0.1616871704745167,2029236.8352486494,0.0,3281.0156211401713,2205219.5040657134,2201938.4884445732,-0.0031769497576203953,0.14900578005963497,0.0,0.5207961303397097,67211.49054753318,0
2020-11-18,fixed_exposure_matched,280.3594665527344,-0.007390532045699616,0.1616871704745167,0.1616871704745167,2029236.8352486494,0.0,3281.0156211401713,2188921.2378569837,2185640.2222358435,-0.00740178088273602,0.1501169125531462,0.0,0.5207961303397097,66714.74599978652,0
2020-11-19,fixed_exposure_matched,282.5532531738281,0.00782490653184742,0.1616871704745167,0.1616871704745167,2029236.8352486494,0.0,3281.0156211401713,2206048.82115266,2202767.80553152,0.007836414759129662,0.14894968107401016,0.0,0.5207961303397097,67236.76677851492,0
2020-11-20,fixed_exposure_matched,280.62054443359375,-0.006840157451825091,0.1616871704745167,0.1616871704745167,2029236.8352486494,0.0,3281.0156211401713,2190958.5790734324,2187677.5634522922,-0.0068505822725997145,0.14997711161614344,0.0,0.5207961303397097,66776.84083418237,0
2020-11-23,fixed_exposure_matched,280.630126953125,3.4147605089351885e-05,0.1616871704745167,0.1616871704745167,2029236.8352486494,0.0,3281.0156211401713,2191032.8742656275,2187751.8586444873,3.396075977391e-05,0.14997201845245198,0.0,0.5207961303397097,66779.10523035642,0
2020-11-24,fixed_exposure_matched,284.572998046875,0.014050063464528195,0.1616871704745167,0.1616871704745167,2029236.8352486494,0.0,3281.0156211401713,2221816.5044057965,2218535.4887846564,0.014070896577476733,0.14789105866129534,0.0,0.5207961303397097,67717.34002393145,0
2020-11-25,fixed_exposure_matched,286.3221740722656,0.0061466690002067725,0.1616871704745167,0.1616871704745167,2029236.8352486494,0.0,3281.0156211401713,2235472.754241445,2232191.738620305,0.006155524626351383,0.14698628098893216,0.0,0.5207961303397097,68133.56022561714,0
2020-11-27,fixed_exposure_matched,288.96038818359375,0.009214145288874098,0.1616871704745167,0.1616871704745167,2029236.8352486494,0.0,3281.0156211401713,2256070.204192215,2252789.188571075,0.009227455506802151,0.14564237247699557,0.0,0.5207961303397097,68761.33687556836,0
2020-11-30,fixed_exposure_matched,289.54986572265625,0.0020399942800739534,0.1616871704745167,0.1616871704745167,2029236.8352486494,0.0,3281.0156211401713,2260672.053708082,2257391.038086942,0.0020427341977728997,0.1453454703142932,0.0,0.5207961303397097,68901.59373646889,0
2020-12-01,fixed_exposure_matched,293.2608337402344,0.012816334790265893,0.1616871704745167,0.1616871704745167,2257391.038086942,368.89607488792444,3649.911696028096,2290018.366682047,2286368.454986019,0.012836684655058495,0.1596379484710138,0.2582272524215471,0.5793510628616025,62741.74712703568,1
2020-12-02,fixed_exposure_matched,293.6377258300781,0.0012851770386004269,0.1616871704745167,0.1616871704745167,2257391.038086942,0.0,3649.911696028096,2292960.8663538173,2289310.9546577893,0.001286975275290203,0.15943276244767246,0.0,0.5793510628616025,62822.36550678915,0
2020-12-03,fixed_exposure_matched,294.05322265625,0.0014149981069269124,0.1616871704745167,0.1616871704745167,2257391.038086942,0.0,3649.911696028096,2296204.8222879027,2292554.9105918747,0.001417001009620611,0.15920716573308985,0.0,0.5793510628616025,62911.24316203806,0
2020-12-04,fixed_exposure_matched,295.2515563964844,0.00407522736669752,0.1616871704745167,0.1616871704745167,2257391.038086942,0.0,3649.911696028096,2305561.7996681705,2301911.8879721425,0.004081462710898487,0.158560008969043,0.0,0.5793510628616025,63167.60490882909,0
2020-12-07,fixed_exposure_matched,296.9234619140625,0.005662647601196724,0.1616871704745167,0.1616871704745167,2257391.038086942,0.0,3649.911696028096,2318616.8043114096,2314966.8926153816,0.005671374613187119,0.1576658270004256,0.0,0.5793510628616025,63525.284922223545,0
2020-12-08,fixed_exposure_matched,297.9284362792969,0.0033846243026940392,0.1616871704745167,0.1616871704745167,2257391.038086942,0.0,3649.911696028096,2326463.871744854,2322813.960048826,0.0033897104353741714,0.15713319098320616,0.0,0.5793510628616025,63740.27827239099,0
2020-12-09,fixed_exposure_matched,291.1831359863281,-0.02264067296565564,0.1616871704745167,0.1616871704745167,2257391.038086942,0.0,3649.911696028096,2273790.584707203,2270140.673011175,-0.022676498395310052,0.16077909793963369,0.0,0.5793510628616025,62297.139604270036,0
2020-12-10,fixed_exposure_matched,292.35247802734375,0.004015830233625062,0.1616871704745167,0.1616871704745167,2257391.038086942,0.0,3649.911696028096,2282921.162331139,2279271.2506351112,0.004022031644332014,0.16013502978248245,0.0,0.5793510628616025,62547.298467945344,0
2020-12-11,fixed_exposure_matched,291.7049560546875,-0.002214867399193632,0.1616871704745167,0.1616871704745167,2257391.038086942,0.0,3649.911696028096,2277864.2153227,2274214.303626672,-0.002218668360349896,0.16049110632219707,0.0,0.5793510628616025,62408.74862264519,0
2020-12-14,fixed_exposure_matched,293.8212890625,0.007255046456652314,0.1616871704745167,0.1616871704745167,2257391.038086942,0.0,3649.911696028096,2294389.646675749,2290739.7349797213,0.007266435413187056,0.1593333210357224,0.0,0.5793510628616025,62861.511120188145,0
2020-12-15,fixed_exposure_matched,296.9621276855469,0.010689622365582796,0.1616871704745167,0.1616871704745167,2257391.038086942,0.0,3649.911696028096,2318915.226207153,2315265.314511125,0.010706401585870662,0.15764550495150426,0.0,0.5793510628616025,63533.46106237696,0
2020-12-16,fixed_exposure_matched,298.5953063964844,0.005499619509282683,0.1616871704745167,0.1616871704745167,2257391.038086942,0.0,3649.911696028096,2331667.7982745115,2328017.8865784835,0.005508039181268298,0.15678194386179808,0.0,0.5793510628616025,63882.855051311984,0
2020-12-17,fixed_exposure_matched,300.5473937988281,0.006537568945413019,0.1616871704745167,0.1616871704745167,2257391.038086942,0.0,3649.911696028096,2346910.6579124676,2343260.7462164396,0.006547569812858534,0.15576208076380096,0.0,0.5793510628616025,64300.477747623896,0
2020-12-18,fixed_exposure_matched,299.6390686035156,-0.0030222361399696585,0.1616871704745167,0.1616871704745167,2257391.038086942,0.0,3649.911696028096,2339817.1603537817,2336167.2486577537,-0.0030271908792649516,0.1562350340338499,0.0,0.5793510628616025,64106.130646941834,0
2020-12-21,fixed_exposure_matched,299.0784606933594,-0.0018709439752599977,0.1616871704745167,0.1616871704745167,2257391.038086942,0.0,3649.911696028096,2335438.9141833447,2331789.0024873167,-0.0018741150373341453,0.15652838623626492,0.0,0.5793510628616025,63986.17579501483,0
2020-12-22,fixed_exposure_matched,299.89178466796875,0.002719433464796639,0.1616871704745167,0.1616871704745167,2257391.038086942,0.0,3649.911696028096,2341789.4055705005,2338139.4938744726,0.002723441692358053,0.15610324814196258,0.0,0.5793510628616025,64160.166069740284,0
2020-12-23,fixed_exposure_matched,298.38140869140625,-0.0050364033087293425,0.1616871704745167,0.1616871704745167,2257391.038086942,0.0,3649.911696028096,2329994.630308875,2326344.718612847,-0.0050445130808174365,0.1568947055363517,0.0,0.5793510628616025,63837.013724042146,0
2020-12-24,fixed_exposure_matched,299.6980285644531,0.004412539905958246,0.1616871704745167,0.1616871704745167,2257391.038086942,0.0,3649.911696028096,2340275.245244718,2336625.33354869,0.004419213908235076,0.15620440485787618,0.0,0.5793510628616025,64118.68122156081,0
2020-12-28,fixed_exposure_matched,302.71875,0.01007921690381508,0.1616871704745167,0.1616871704745167,2257391.038086942,0.0,3649.911696028096,2363862.8077051057,2360212.896009078,0.010094713141094225,0.1546433248542871,0.0,0.5793510628616025,64764.931444163616,0
2020-12-29,fixed_exposure_matched,302.9897766113281,0.0008953083062350764,0.1616871704745167,0.1616871704745167,2257391.038086942,0.0,3649.911696028096,2365978.6143605816,2362328.7026645537,0.0008964473751726931,0.1545048194144715,0.0,0.5793510628616025,64822.90015222246,0
2020-12-30,fixed_exposure_matched,302.9994201660156,3.182798705414491e-05,0.1616871704745167,0.1616871704745167,2257391.038086942,0.0,3649.911696028096,2366053.339346227,2362403.427650199,3.163191708277502e-05,0.15449993228542414,0.0,0.5793510628616025,64824.947461633434,0
2020-12-31,fixed_exposure_matched,303.7449035644531,0.002460345957193688,0.1616871704745167,0.1616871704745167,2257391.038086942,0.0,3649.911696028096,2371874.069763129,2368224.158067101,0.0024639019520438232,0.15412019523553394,0.0,0.5793510628616025,64984.42338603008,0
2021-01-04,fixed_exposure_matched,299.4560241699219,-0.014120004464934777,0.1616871704745167,0.1616871704745167,2368224.158067101,179.2029356445455,3829.1146316726413,2338559.1384304175,2334730.0237987447,-0.014143143567834304,0.1640067413637164,0.12544205495118185,0.6077959732813716,61073.10340325026,1
2021-01-05,fixed_exposure_matched,301.9247131347656,0.008243911511504276,0.1616871704745167,0.1616871704745167,2368224.158067101,0.0,3829.1146316726413,2357837.4052360845,2354008.2906044116,0.008257171753974335,0.16266360007973818,0.0,0.6077959732813716,61576.568790423735,0
2021-01-06,fixed_exposure_matched,297.74249267578125,-0.013851865306294453,0.1616871704745167,0.1616871704745167,2368224.158067101,0.0,3829.1146316726413,2325176.351288638,2321347.236656965,-0.013874655445270445,0.16495225579379724,0.0,0.6077959732813716,60723.60258049914,0
2021-01-07,fixed_exposure_matched,304.9453430175781,0.024191543091701906,0.1616871704745167,0.1616871704745167,2368224.158067101,0.0,3829.1146316726413,2381425.34739067,2377596.232758997,0.024231185758765372,0.16104982750705663,0.0,0.6077959732813716,62192.58435599279,0
2021-01-08,fixed_exposure_matched,308.8663330078125,0.012858009082658217,0.1616871704745167,0.1616871704745167,2368224.158067101,0.0,3829.1146316726413,2412045.1283411183,2408216.0137094455,0.012878461249459905,0.15900212480418416,0.0,0.6077959732813716,62992.24129750026,0
2021-01-11,fixed_exposure_matched,304.40325927734375,-0.014449855013352497,0.1616871704745167,0.1616871704745167,2368224.158067101,0.0,3829.1146316726413,2377190.8181549525,2373361.7035232796,-0.01447308297418004,0.1613371710678689,0.0,0.6077959732813716,62081.99667076938,0
2021-01-12,fixed_exposure_matched,303.9191589355469,-0.0015903257506051371,0.1616871704745167,0.1616871704745167,2368224.158067101,0.0,3829.1146316726413,2373409.7025867654,2369580.5879550925,-0.0015931476279296142,0.16159461514567444,0.0,0.6077959732813716,61983.250199799004,0
2021-01-13,fixed_exposure_matched,305.9716491699219,0.006753408510222547,0.1616871704745167,0.1616871704745167,2368224.158067101,0.0,3829.1146316726413,2389437.7000744864,2385608.5854428136,0.006764065155324683,0.16050892233697617,0.0,0.6077959732813716,62401.83253617371,0
2021-01-14,fixed_exposure_matched,304.33544921875,-0.005347554113627084,0.1616871704745167,0.1616871704745167,2368224.158067101,0.0,3829.1146316726413,2376659.4448762243,2372830.3302445514,-0.0053563921911734536,0.16137330102645817,0.0,0.6077959732813716,62068.11948688116,0
2021-01-15,fixed_exposure_matched,301.9247131347656,-0.007921312125067637,0.1616871704745167,0.1616871704745167,2368224.158067101,0.0,3829.1146316726413,2357832.5758023965,2354003.4611707237,-0.007934351156025254,0.162663933797629,0.0,0.6077959732813716,61576.442666393705,0
2021-01-19,fixed_exposure_matched,306.329833984375,0.01459013011512944,0.1616871704745167,0.1616871704745167,2368224.158067101,0.0,3829.1146316726413,2392233.052077071,2388403.937445398,0.014613604798000557,0.16032106511129798,0.0,0.6077959732813716,62474.83510390732,0
2021-01-20,fixed_exposure_matched,313.45538330078125,0.02326103606601282,0.1616871704745167,0.1616871704745167,2368224.158067101,0.0,3829.1146316726413,2447878.26358377,2444049.148952097,0.02329807392890859,0.15667093410598557,0.0,0.6077959732813716,63928.04862346164,0
2021-01-21,fixed_exposure_matched,315.9628601074219,0.007999469590332486,0.1616871704745167,0.1616871704745167,2368224.158067101,0.0,3829.1146316726413,2467459.383518171,2463630.268886498,0.008011753750040818,0.15542570165787536,0.0,0.6077959732813716,64439.42323137844,0
2021-01-22,fixed_exposure_matched,315.05279541015625,-0.002880290097881155,0.1616871704745167,0.1616871704745167,2368224.158067101,0.0,3829.1146316726413,2460351.7768929265,2456522.6622612537,-0.0028850135164384394,0.155875404306179,0.0,0.6077959732813716,64253.80312571606,0
2021-01-25,fixed_exposure_matched,317.6570129394531,0.008265971821981521,0.1616871704745167,0.1616871704745167,2368224.158067101,0.0,3829.1146316726413,2480688.3675569124,2476859.2529252395,0.008278609017702276,0.1545955680424857,0.0,0.6077959732813716,64784.9073787925,0
2021-01-26,fixed_exposure_matched,318.1217956542969,0.0014631589919671395,0.1616871704745167,0.1616871704745167,2368224.158067101,0.0,3829.1146316726413,2484317.401252198,2480488.286620525,0.0014651755811314615,0.15436938978210277,0.0,0.6077959732813716,64879.68212555166,0
2021-01-27,fixed_exposure_matched,309.253662109375,-0.02787653554728098,0.1616871704745167,0.1616871704745167,2368224.158067101,0.0,3829.1146316726413,2415062.631109489,2411233.5164778163,-0.027919813415875128,0.1588031439304966,0.0,0.6077959732813716,63071.04548746656,0
2021-01-28,fixed_exposure_matched,311.0834045410156,0.005916639496393428,0.1616871704745167,0.1616871704745167,2368224.158067101,0.0,3829.1146316726413,2429351.078263002,2425521.963631329,0.005925783237446192,0.15786765443013953,0.0,0.6077959732813716,63444.198253260656,0
2021-01-29,fixed_exposure_matched,304.53875732421875,-0.0210382396529738,0.1616871704745167,0.1616871704745167,2368224.158067101,0.0,3829.1146316726413,2378241.2002813215,2374412.0856496487,-0.02107170281202575,0.16126579942946087,0.0,0.6077959732813716,62109.4281328019,0
2021-02-01,fixed_exposure_matched,312.1484375,0.024987559030720696,0.1616871704745167,0.1616871704745167,2374412.0856496487,10.00508501923332,3839.1197166918746,2437677.2811876717,2433838.16147098,0.025027701038285555,0.1577393179820782,0.007003559513463324,0.6093840820145833,63495.734988128745,1
2021-02-02,fixed_exposure_matched,317.24078369140625,0.016313860906019162,0.1616871704745167,0.1616871704745167,2374412.0856496487,0.0,3839.1197166918746,2477444.5999026485,2473605.4801859567,0.016339343899079095,0.1552033963153762,0.0,0.6093840820145833,64531.57970383466,0
2021-02-03,fixed_exposure_matched,315.9822082519531,-0.003967256116342854,0.1616871704745167,0.1616871704745167,2374412.0856496487,0.0,3839.1197166918746,2467615.3332767026,2463776.213560011,-0.003973659787173123,0.15582258224437415,0.0,0.6093840820145833,64275.55052654149,0
2021-02-04,fixed_exposure_matched,319.71917724609375,0.011826517115675284,0.1616871704745167,0.1616871704745167,2374412.0856496487,0.0,3839.1197166918746,2496798.0188665204,2492958.8991498286,0.011844698162602363,0.15399851630129666,0.0,0.6093840820145833,65035.69055194723,0
2021-02-05,fixed_exposure_matched,320.8035583496094,0.0033916673777780737,0.1616871704745167,0.1616871704745167,2374412.0856496487,0.0,3839.1197166918746,2505265.717871929,2501426.5981552373,0.0033966460531285048,0.15347720854664154,0.0,0.6093840820145833,65256.25410896766,0
2021-02-08,fixed_exposure_matched,322.95281982421875,0.0066996185630432414,0.1616871704745167,0.1616871704745167,2374412.0856496487,0.0,3839.1197166918746,2522049.433196658,2518210.313479966,0.00670965733598039,0.15245429248467007,0.0,0.6093840820145833,65693.4302473349,0
2021-02-09,fixed_exposure_matched,322.88507080078125,-0.00020977994084203644,0.1616871704745167,0.1616871704745167,2374412.0856496487,0.0,3839.1197166918746,2521519.7484316793,2517680.6287149875,-0.00021034175030698599,0.15248636673394686,0.0,0.6093840820145833,65679.63321040804,0
2021-02-10,fixed_exposure_matched,322.14923095703125,-0.0022789528234460343,0.1616871704745167,0.1616871704745167,2374412.0856496487,0.0,3839.1197166918746,2515772.714497534,2511933.5947808423,-0.0022826699576580234,0.15283523914280964,0.0,0.6093840820145833,65529.9365518444,0
2021-02-11,fixed_exposure_matched,323.92095947265625,0.005499713627630243,0.1616871704745167,0.1616871704745167,2374412.0856496487,0.0,3839.1197166918746,2529608.1345953946,2525769.014878703,0.005507876532487632,0.15199805263571356,0.0,0.6093840820145833,65890.31656390046,0
2021-02-12,fixed_exposure_matched,325.73138427734375,0.0055890943507788116,0.1616871704745167,0.1616871704745167,2374412.0856496487,0.0,3839.1197166918746,2543745.743746064,2539906.6240293724,0.00559734839860182,0.15115200221815234,0.0,0.6093840820145833,66258.56788696292,0
2021-02-16,fixed_exposure_matched,324.8504638671875,-0.0027044382355437824,0.1616871704745167,0.1616871704745167,2374412.0856496487,0.0,3839.1197166918746,2536865.731111094,2533026.611394402,-0.002708765971898508,0.15156254969538135,0.0,0.6093840820145833,66079.35980952118,0
2021-02-17,fixed_exposure_matched,323.2916259765625,-0.0047986321831521295,0.1616871704745167,0.1616871704745167,2374412.0856496487,0.0,3839.1197166918746,2524691.6361853667,2520852.516468675,-0.004806145687915042,0.1522944992462268,0.0,0.6093840820145833,65762.25339388126,0
2021-02-18,fixed_exposure_matched,321.87811279296875,-0.004372254243591889,0.1616871704745167,0.1616871704745167,2374412.0856496487,0.0,3839.1197166918746,2513652.4330812125,2509813.3133645207,-0.004379154683598285,0.15296435381264903,0.0,0.6093840820145833,65474.70822939582,0
2021-02-19,fixed_exposure_matched,320.4744567871094,-0.0043608308551323915,0.1616871704745167,0.1616871704745167,2374412.0856496487,0.0,3839.1197166918746,2502690.2106078714,2498851.0908911796,-0.004367744172432353,0.15363539390907474,0.0,0.6093840820145833,65189.168228502414,0
2021-02-22,fixed_exposure_matched,312.1676940917969,-0.02592020212341184,0.1616871704745167,0.1616871704745167,2374412.0856496487,0.0,3839.1197166918746,2437819.3651125496,2433980.245395858,-0.02596026859375067,0.15773010992813083,0.0,0.6093840820145833,63499.435938746676,0
2021-02-23,fixed_exposure_matched,311.2383117675781,-0.002977189317820428,0.1616871704745167,0.1616871704745167,2374412.0856496487,0.0,3839.1197166918746,2430560.905955879,2426721.7862391872,-0.0029821356070579563,0.1582018894156611,0.0,0.6093840820145833,63310.37022336635,0
2021-02-24,fixed_exposure_matched,313.8039245605469,0.008243242222971014,0.1616871704745167,0.1616871704745167,2374412.0856496487,0.0,3839.1197166918746,2450595.9988572756,2446756.879140584,0.008256032073806763,0.15690646461124305,0.0,0.6093840820145833,63832.23706732766,0
2021-02-25,fixed_exposure_matched,302.8638916015625,-0.034862639064520584,0.1616871704745167,0.1616871704745167,2374412.0856496487,0.0,3839.1197166918746,2365161.1456720745,2361322.0259553827,-0.034917589856827025,0.16258348816860674,0.0,0.6093840820145833,61606.86095275265,0
2021-02-26,fixed_exposure_matched,304.1321716308594,0.004187623762575754,0.1616871704745167,0.1616871704745167,2374412.0856496487,0.0,3839.1197166918746,2375064.94130393,2371225.821587238,0.004194174078331558,0.16190443279341762,0.0,0.6093840820145833,61864.831434600215,0
2021-03-01,fixed_exposure_matched,313.2811279296875,0.030082172003600638,0.1616871704745167,0.1616871704745167,2371225.821587238,-5.151780206357671,3833.967936485517,2446506.1343499427,2442672.166413457,0.0301305528034419,0.15695794094689672,0.0036062461444503697,0.6085663391246853,63811.33527664765,-1
2021-03-02,fixed_exposure_matched,308.2565002441406,-0.01603871806371493,0.1616871704745167,0.1616871704745167,2371225.821587238,0.0,3833.967936485517,2407266.703653616,2403432.7357171304,-0.01606414124493072,0.1595205008032624,0.0,0.6085663391246853,62787.867387860446,0
2021-03-03,fixed_exposure_matched,299.3108215332031,-0.029020243543453228,0.1616871704745167,0.1616871704745167,2371225.821587238,0.0,3833.967936485517,2337406.629073203,2333572.6611367175,-0.02906678998843215,0.16429605987147342,0.0,0.6085663391246853,60965.73231167482,0
2021-03-04,fixed_exposure_matched,294.4119873046875,-0.016367046815820463,0.1616871704745167,0.1616871704745167,2371225.821587238,0.0,3833.967936485517,2299149.5767812137,2295315.608844728,-0.016394198016252748,0.16703445581565224,0.0,0.6085663391246853,59967.88744375299,0
2021-03-05,fixed_exposure_matched,298.84613037109375,0.015061014013051599,0.1616871704745167,0.1616871704745167,2371225.821587238,0.0,3833.967936485517,2333776.492208878,2329942.5242723925,0.015085905961791823,0.16455203922606673,0.0,0.6085663391246853,60871.04876386058,0
2021-03-08,fixed_exposure_matched,290.38446044921875,-0.028314470431213823,0.1616871704745167,0.1616871704745167,2371225.821587238,0.0,3833.967936485517,2267696.2381608286,2263862.270224343,-0.028361323663417592,0.16935517619212676,0.0,0.6085663391246853,59147.501380503396,0
2021-03-09,fixed_exposure_matched,301.8375549316406,0.03944114111583019,0.1616871704745167,0.1616871704745167,2371225.821587238,0.0,3833.967936485517,2357136.156931628,2353302.1889951425,0.03950766791211913,0.1629186406409887,0.0,0.6085663391246853,61480.33045608472,0
2021-03-10,fixed_exposure_matched,300.97601318359375,-0.0028543225783882464,0.1616871704745167,0.1616871704745167,2371225.821587238,0.0,3833.967936485517,2350407.5214122236,2346573.553475738,-0.0028592314029494137,0.16338579844670348,0.0,0.6085663391246853,61304.829887721266,0
2021-03-11,fixed_exposure_matched,307.9078369140625,0.02303115008118728,0.1616871704745167,0.1616871704745167,2371225.821587238,0.0,3833.967936485517,2404539.501223481,2400705.5332869953,0.02306852036710172,0.15970171615492254,0.0,0.6085663391246853,62716.73475255116,0
2021-03-12,fixed_exposure_matched,305.4100646972656,-0.00811207743794451,0.1616871704745167,0.1616871704745167,2371225.821587238,0.0,3833.967936485517,2385033.0820206203,2381199.114084135,-0.008125286059616266,0.1610099682050382,0.0,0.6085663391246853,62207.955870567566,0
2021-03-15,fixed_exposure_matched,308.6727600097656,0.010682998661927234,0.1616871704745167,0.1616871704745167,2371225.821587238,0.0,3833.967936485517,2410511.7786781597,2406677.810741674,0.010699943783297972,0.15930540928135245,0.0,0.6085663391246853,62872.507506878195,0
2021-03-16,fixed_exposure_matched,310.3669738769531,0.0054887054728571805,0.1616871704745167,0.1616871704745167,2371225.821587238,0.0,3833.967936485517,2423741.759303838,2419907.7913673525,0.005497196411845984,0.15843446391480723,0.0,0.6085663391246853,63217.58030990758,0
2021-03-17,fixed_exposure_matched,311.6449890136719,0.004117754929767292,0.1616871704745167,0.1616871704745167,2371225.821587238,0.0,3833.967936485517,2433721.525315355,2429887.5573788695,0.0041240273894394,0.15778375936955844,0.0,0.6085663391246853,63477.878939860784,0
2021-03-18,fixed_exposure_matched,302.0990905761719,-0.030630681621777067,0.1616871704745167,0.1616871704745167,2371225.821587238,0.0,3833.967936485517,2359174.3675510157,2355340.39961453,-0.030679262313172084,0.16277765783293896,0.0,0.6085663391246853,61533.492367012324,0
2021-03-19,fixed_exposure_matched,303.16400146484375,0.0035250383794298568,0.1616871704745167,0.1616871704745167,2371225.821587238,0.0,3833.967936485517,2367489.939174061,2363655.9712375756,0.003530517977107017,0.1622049901990647,0.0,0.6085663391246853,61750.38441621053,0
2021-03-22,fixed_exposure_matched,308.8492736816406,0.018753124346315708,0.1616871704745167,0.1616871704745167,2371225.821587238,0.0,3833.967936485517,2411887.1638257047,2408053.195889219,0.018783285381585246,0.15921442030560093,0.0,0.6085663391246853,62908.381180584656,0
2021-03-23,fixed_exposure_matched,307.50189208984375,-0.00436258624064545,0.1616871704745167,0.1616871704745167,2371225.821587238,0.0,3833.967936485517,2401364.48950447,2397530.5215679845,-0.004369784828340939,0.15991320660969532,0.0,0.6085663391246853,62633.922069409076,0
2021-03-24,fixed_exposure_matched,302.3157653808594,-0.016865348937329938,0.1616871704745167,0.1616871704745167,2371225.821587238,0.0,3833.967936485517,2360864.030896925,2357030.0629604394,-0.016892572688108176,0.16266096884950365,0.0,0.6085663391246853,61577.5632453791,0
2021-03-25,fixed_exposure_matched,301.7923889160156,-0.0017312245168041862,0.1616871704745167,0.1616871704745167,2371225.821587238,0.0,3833.967936485517,2356776.236639456,2352942.2687029704,-0.0017342987353902162,0.1629435616624348,0.0,0.6085663391246853,61470.942785187755,0
2021-03-26,fixed_exposure_matched,306.3193054199219,0.015000101626704732,0.1616871704745167,0.1616871704745167,2371225.821587238,0.0,3833.967936485517,2392127.5111341113,2388293.543197626,0.015024284685974276,0.16053168788256716,0.0,0.6085663391246853,62392.99730103905,0
2021-03-29,fixed_exposure_matched,306.2320556640625,-0.00028483270337720246,0.1616871704745167,0.1616871704745167,2371225.821587238,0.0,3833.967936485517,2391445.546421953,2387611.5784854675,-0.0002855447623265617,0.16057753995804946,0.0,0.6085663391246853,62375.209861930125,0
2021-03-30,fixed_exposure_matched,304.6907043457031,-0.005033278815364306,0.1616871704745167,0.1616871704745167,2371225.821587238,0.0,3833.967936485517,2379408.125648711,2375574.1577122253,-0.005041616015649342,0.16139121247967203,0.0,0.6085663391246853,62061.24216651229,0
2021-03-31,fixed_exposure_matched,309.3533630371094,0.015302923997694284,0.1616871704745167,0.1616871704745167,2371225.821587238,0.0,3833.967936485517,2415819.41878867,2411985.4508521846,0.015327365395751302,0.15895485336078324,0.0,0.6085663391246853,63010.944765573055,0
2021-04-01,fixed_exposure_matched,314.626708984375,0.017046350799273746,0.1616871704745167,0.1616871704745167,2411985.4508521846,65.9030912543949,3899.871027739912,2457066.6846218095,2453166.81359407,0.017073636462995756,0.1589729245532355,0.04613216387807643,0.6190271472603035,63003.793385591795,1
2021-04-05,fixed_exposure_matched,320.9082336425781,0.01996500767045517,0.1616871704745167,0.1616871704745167,2411985.4508521846,0.0,3899.871027739912,2506121.4207999567,2502221.549772217,0.019996494289060696,0.15585634405933904,0.0,0.6190271472603035,64261.64873078704,0
2021-04-06,fixed_exposure_matched,320.6852111816406,-0.0006949726979766924,0.1616871704745167,0.1616871704745167,2411985.4508521846,0.0,3899.871027739912,2504379.115807539,2500479.244779799,-0.0006963032480382658,0.1559649429556992,0.0,0.6190271472603035,64216.972766376304,0
2021-04-07,fixed_exposure_matched,321.4607849121094,0.002418489233136034,0.1616871704745167,0.1616871704745167,2411985.4508521846,0.0,3899.871027739912,2510435.310707663,2506535.4396799235,0.00242201366508743,0.15558810643578663,0.0,0.6190271472603035,64372.26495058052,0
2021-04-08,fixed_exposure_matched,324.81488037109375,0.010433917965768202,0.1616871704745167,0.1616871704745167,2411985.4508521846,0.0,3899.871027739912,2536628.367770808,2532728.496743068,0.010449904935909915,0.1539790401045712,0.0,0.6190271472603035,65043.90400932969,0
2021-04-09,fixed_exposure_matched,326.78253173828125,0.006057762393580912,0.1616871704745167,0.1616871704745167,2411985.4508521846,0.0,3899.871027739912,2551994.040676433,2548094.1696486934,0.006066845666791609,0.15305050630360292,0.0,0.6190271472603035,65437.90865195323,0
2021-04-12,fixed_exposure_matched,326.3560485839844,-0.0013050977726020152,0.1616871704745167,0.1616871704745167,2411985.4508521846,0.0,3899.871027739912,2548662.8199111056,2544762.948883366,-0.001307338168662242,0.15325085699833704,0.0,0.6190271472603035,65352.489910111966,0
2021-04-13,fixed_exposure_matched,330.1656799316406,0.011673236528588093,0.1616871704745167,0.1616871704745167,2411985.4508521846,0.0,3899.871027739912,2578413.3448123992,2574513.4737846595,0.011690882608279107,0.15147992300102095,0.0,0.6190271472603035,66115.349109549,0
2021-04-14,fixed_exposure_matched,326.2010192871094,-0.012008094376593337,0.1616871704745167,0.1616871704745167,2411985.4508521846,0.0,3899.871027739912,2547450.8949988773,2543551.0239711376,-0.012026524673031003,0.15332387638330958,0.0,0.6190271472603035,65321.413884684254,0
2021-04-15,fixed_exposure_matched,331.1446533203125,0.015155176535030845,0.1616871704745167,0.1616871704745167,2411985.4508521846,0.0,3899.871027739912,2586057.3439997607,2582157.472972021,0.015178169667934949,0.15103149473107944,0.0,0.6190271472603035,66311.35557060859,0
2021-04-16,fixed_exposure_matched,331.5324401855469,0.0011710497552841481,0.1616871704745167,0.1616871704745167,2411985.4508521846,0.0,3899.871027739912,2589085.126792455,2585185.2557647154,0.001172578676702285,0.15085460583699264,0.0,0.6190271472603035,66388.99359430624,0
2021-04-19,fixed_exposure_matched,328.4983825683594,-0.009151616099738025,0.1616871704745167,0.1616871704745167,2411985.4508521846,0.0,3899.871027739912,2565390.194635362,2561490.323607622,-0.00916566118588824,0.15225007847178998,0.0,0.6190271472603035,65781.41113866732,0
2021-04-20,fixed_exposure_matched,326.1040344238281,-0.007288766921197842,0.1616871704745167,0.1616871704745167,2411985.4508521846,0.0,3899.871027739912,2546691.0444175913,2542791.1733898516,-0.007300105741346097,0.1533696934515038,0.0,0.6190271472603035,65301.92989211422,0
2021-04-21,fixed_exposure_matched,328.8957824707031,0.008560912322987946,0.1616871704745167,0.1616871704745167,2411985.4508521846,0.0,3899.871027739912,2568492.424135442,2564592.553107702,0.008573798724016646,0.1520659109383343,0.0,0.6190271472603035,65860.95811542663,0
2021-04-22,fixed_exposure_matched,324.93115234375,-0.012054365967147262,0.1616871704745167,0.1616871704745167,2411985.4508521846,0.0,3899.871027739912,2537530.257443921,2533630.3864161815,-0.012072937923024663,0.15392422859501131,0.0,0.6190271472603035,65067.03015034047,0
2021-04-23,fixed_exposure_matched,329.0218200683594,0.012589336833674247,0.1616871704745167,0.1616871704745167,2411985.4508521846,0.0,3899.871027739912,2569475.4615533757,2565575.590525636,0.012608470549108297,0.1520076446837766,0.0,0.6190271472603035,65886.16503665407,0
2021-04-26,fixed_exposure_matched,331.1641540527344,0.006511221608128892,0.1616871704745167,0.1616871704745167,2411985.4508521846,0.0,3899.871027739912,2586205.2666730518,2582305.395645312,0.0065208778807599455,0.15102284316628412,0.0,0.6190271472603035,66315.1485851016,0
2021-04-27,fixed_exposure_matched,329.7294616699219,-0.004332269556517443,0.1616871704745167,0.1616871704745167,2411985.4508521846,0.0,3899.871027739912,2575000.509302192,2571100.638274452,-0.00433905199197393,0.15168099488930312,0.0,0.6190271472603035,66027.83761273458,0
2021-04-28,fixed_exposure_matched,328.6146545410156,-0.003380975188751023,0.1616871704745167,0.1616871704745167,2411985.4508521846,0.0,3899.871027739912,2566293.877442073,2562394.0064143334,-0.0033863442490380535,0.15219638423979795,0.0,0.6190271472603035,65804.58325898318,0
2021-04-29,fixed_exposure_matched,329.79730224609375,0.003598889120541404,0.1616871704745167,0.1616871704745167,2411985.4508521846,0.0,3899.871027739912,2575529.065530564,2571629.1945028245,0.0036041249180933654,0.15164981934706484,0.0,0.6190271472603035,66041.39078473982,0
2021-04-30,fixed_exposure_matched,327.6355895996094,-0.0065546704953678425,0.1616871704745167,0.1616871704745167,2411985.4508521846,0.0,3899.871027739912,2558646.7021276215,2554746.831099882,-0.006564851355331802,0.15265195675224386,0.0,0.6190271472603035,65608.49535607416,0
2021-05-03,fixed_exposure_matched,325.8907470703125,-0.0053255585921822,0.1616871704745167,0.1616871704745167,2554746.831099882,230.82683625286745,4130.697863992779,2545249.2603685437,2541118.562504551,-0.005334488893157241,0.1625543146606085,0.1615787853770072,0.6556663276179014,61617.89954562973,1
2021-05-04,fixed_exposure_matched,320.0261535644531,-0.017995581521048964,0.1616871704745167,0.1616871704745167,2554746.831099882,0.0,4130.697863992779,2499445.3641458643,2495314.6662818715,-0.018025092137981424,0.16553815515971382,0.0,0.6556663276179014,60509.03373818467,0
2021-05-05,fixed_exposure_matched,318.9501647949219,-0.003362190113360697,0.1616871704745167,0.1616871704745167,2554746.831099882,0.0,4130.697863992779,2491041.0979873203,2486910.4001233275,-0.0033680185798237172,0.16609757487796645,0.0,0.6556663276179014,60305.57499016527,0
2021-05-06,fixed_exposure_matched,321.3541259765625,0.007537105940002675,0.1616871704745167,0.1616871704745167,2554746.831099882,0.0,4130.697863992779,2509815.6829774235,2505684.985113431,0.007549361243240682,0.1648530397290059,0.0,0.6556663276179014,60760.088624623044,0
2021-05-07,fixed_exposure_matched,323.96173095703125,0.008114428195202139,0.1616871704745167,0.1616871704745167,2554746.831099882,0.0,4130.697863992779,2530180.7464538086,2526050.048589816,0.008127543405247017,0.16352399139117488,0.0,0.6556663276179014,61253.10612788579,0
2021-05-10,fixed_exposure_matched,315.78033447265625,-0.02525420660090294,0.1616871704745167,0.1616871704745167,2554746.831099882,0.0,4130.697863992779,2466282.3834789097,2462151.685614917,-0.025295762849422032,0.16776780602618097,0.0,0.6556663276179014,59706.19165776926,0
2021-05-11,fixed_exposure_matched,315.3440246582031,-0.0013816877329670962,0.1616871704745167,0.1616871704745167,2554746.831099882,0.0,4130.697863992779,2462874.0956972963,2458743.3978333035,-0.0013842720582676327,0.1680003642361719,0.0,0.6556663276179014,59623.680472157655,0
2021-05-12,fixed_exposure_matched,307.18206787109375,-0.02588270634256029,0.1616871704745167,0.1616871704745167,2554746.831099882,0.0,4130.697863992779,2399127.5930533367,2394996.895189344,-0.025926456050734847,0.1724719506856068,0.0,0.6556663276179014,58080.44238641828,0
2021-05-13,fixed_exposure_matched,309.5569763183594,0.007731273064618627,0.1616871704745167,0.1616871704745167,2554746.831099882,0.0,4130.697863992779,2417675.247925766,2413544.550061773,0.0077443335770850386,0.1711465348293263,0.0,0.6556663276179014,58529.46227320566,0
2021-05-14,fixed_exposure_matched,316.39105224609375,0.0220769565881338,0.1616871704745167,0.1616871704745167,2554746.831099882,0.0,4130.697863992779,2471049.503752101,2466918.8058881084,0.022114468873163817,0.16744360836414712,0.0,0.6556663276179014,59821.59879792217,0
2021-05-17,fixed_exposure_matched,314.4716491699219,-0.006066552965217631,0.1616871704745167,0.1616871704745167,2554746.831099882,0.0,4130.697863992779,2456058.095391587,2451927.397527594,-0.0060769768039111716,0.16846738072905326,0.0,0.6556663276179014,59458.67202733471,0
2021-05-18,fixed_exposure_matched,312.3487243652344,-0.006750766914254913,0.1616871704745167,0.1616871704745167,2554746.831099882,0.0,4130.697863992779,2439477.163995402,2435346.466131409,-0.006762407162995254,0.1696143822424768,0.0,0.6556663276179014,59057.26451843117,0
2021-05-19,fixed_exposure_matched,312.7074279785156,0.001148407485928482,0.1616871704745167,0.1616871704745167,2554746.831099882,0.0,4130.697863992779,2442278.0221659583,2438147.3243019655,0.001150086121013194,0.16941953518643038,0.0,0.6556663276179014,59125.07045008673,0
2021-05-20,fixed_exposure_matched,318.7562561035156,0.019343410433523722,0.1616871704745167,0.1616871704745167,2554746.831099882,0.0,4130.697863992779,2489519.3526751613,2485388.6548111686,0.01937591302967223,0.16619927253617464,0.0,0.6556663276179014,60268.73508169789,0
2021-05-21,fixed_exposure_matched,316.9920654296875,-0.005534607211772569,0.1616871704745167,0.1616871704745167,2554746.831099882,0.0,4130.697863992779,2475740.1852456704,2471609.4873816776,-0.005544069497065429,0.1671258297510693,0.0,0.6556663276179014,59935.15543285444,0
2021-05-24,fixed_exposure_matched,322.3235168457031,0.016818879705360334,0.1616871704745167,0.1616871704745167,2554746.831099882,0.0,4130.697863992779,2517378.7059367164,2513248.0080727236,0.016846723118528084,0.164356953660152,0.0,0.6556663276179014,60943.181729185824,0
2021-05-25,fixed_exposure_matched,322.7694091796875,0.0013833689156408369,0.1616871704745167,0.1616871704745167,2554746.831099882,0.0,4130.697863992779,2520860.5137210777,2516729.815857085,0.0013853816945950115,0.16412957155617633,0.0,0.6556663276179014,61027.47275939435,0
2021-05-26,fixed_exposure_matched,323.8939208984375,0.003483947631864881,0.1616871704745167,0.1616871704745167,2554746.831099882,0.0,4130.697863992779,2529642.40407179,2525511.7062077974,0.00348940529705688,0.1635588484440352,0.0,0.6556663276179014,61240.07340557727,0
2021-05-27,fixed_exposure_matched,322.6820983886719,-0.003741417888931675,0.1616871704745167,0.1616871704745167,2554746.831099882,0.0,4130.697863992779,2520177.2990622683,2516046.6011982756,-0.0037477969261660027,0.16417413978046036,0.0,0.6556663276179014,61010.932826402284,0
2021-05-28,fixed_exposure_matched,323.7000427246094,0.003154635292818009,0.1616871704745167,0.1616871704745167,2554746.831099882,0.0,4130.697863992779,2528126.8836477213,2523996.1857837285,0.0031595537943005514,0.16365705650661086,0.0,0.6556663276179014,61203.384195328326,0
2021-06-01,fixed_exposure_matched,322.6240539550781,-0.0033240303599424426,0.1616871704745167,0.1616871704745167,2523996.1857837285,-49.71984831434338,4080.978015678436,2519673.0760921673,2515592.098076489,-0.0033296752802461915,0.16222733482105056,0.034803893820040364,0.6477742882029264,61741.89290929782,-1
2021-06-02,fixed_exposure_matched,323.2540588378906,0.0019527523601827745,0.1616871704745167,0.1616871704745167,2523996.1857837285,0.0,4080.978015678436,2524592.725864107,2520511.7478484283,0.0019556627545862515,0.16191069211091996,0.0,0.6477742882029264,61862.44366338273,0
2021-06-03,fixed_exposure_matched,319.890380859375,-0.010405679021040504,0.1616871704745167,0.1616871704745167,2523996.1857837285,0.0,4080.978015678436,2498321.976525623,2494240.9985099444,-0.01042278392906093,0.16361602660354013,0.0,0.6477742882029264,61218.707058148495,0
2021-06-04,fixed_exposure_matched,325.31884765625,0.016969771902148434,0.1616871704745167,0.1616871704745167,2523996.1857837285,0.0,4080.978015678436,2540717.282831099,2536636.3048154204,0.016997277460679472,0.16088147945889272,0.0,0.6477742882029264,62257.55868005384,0
2021-06-07,fixed_exposure_matched,326.2882080078125,0.0029797239186915014,0.1616871704745167,0.1616871704745167,2523996.1857837285,0.0,4080.978015678436,2548287.2711150954,2544206.293099417,0.002984262375187896,0.16040279543161118,0.0,0.6477742882029264,62443.05314375626,0
2021-06-08,fixed_exposure_matched,326.443359375,0.00047550405861973566,0.1616871704745167,0.1616871704745167,2523996.1857837285,0.0,4080.978015678436,2549498.344280751,2545417.3662650725,0.0004760121728102362,0.16032647807642303,0.0,0.6477742882029264,62472.72919594284,0
2021-06-09,fixed_exposure_matched,326.52081298828125,0.0002372650907329632,0.1616871704745167,0.1616871704745167,2523996.1857837285,0.0,4080.978015678436,2550102.603462442,2546021.6254467634,0.00023739100302333505,0.16028842704595356,0.0,0.6477742882029264,62487.53592068797,0
2021-06-10,fixed_exposure_matched,329.9233703613281,0.010420644680830815,0.1616871704745167,0.1616871704745167,2523996.1857837285,0.0,4080.978015678436,2576675.668818497,2572594.6908028186,0.010437093342203108,0.15863276210077626,0.0,0.6477742882029264,63138.68045648223,0
2021-06-11,fixed_exposure_matched,330.7860412597656,0.0026147614141207587,0.1616871704745167,0.1616871704745167,2523996.1857837285,0.0,4080.978015678436,2583412.413159739,2579331.4351440608,0.002618657484339204,0.15821844219296716,0.0,0.6477742882029264,63303.757168862474,0
2021-06-14,fixed_exposure_matched,333.9559020996094,0.009582813191788997,0.1616871704745167,0.1616871704745167,2523996.1857837285,0.0,4080.978015678436,2608168.1239381093,2604087.145922431,0.009597723829154692,0.15671434122581387,0.0,0.6477742882029264,63910.36937513417,0
2021-06-15,fixed_exposure_matched,331.7747802734375,-0.0065311671764415324,0.1616871704745167,0.1616871704745167,2523996.1857837285,0.0,4080.978015678436,2591133.094122115,2587052.1161064366,-0.006541651204979182,0.15774626225235797,0.0,0.6477742882029264,63492.94419542116,0
2021-06-16,fixed_exposure_matched,330.5631408691406,-0.003651993690714783,0.1616871704745167,0.1616871704745167,2523996.1857837285,0.0,4080.978015678436,2581669.6446362906,2577588.666620612,-0.0036580049651520063,0.15832541741537318,0.0,0.6477742882029264,63261.052490798706,0
2021-06-17,fixed_exposure_matched,334.7604064941406,0.012697318926617962,0.1616871704745167,0.1616871704745167,2523996.1857837285,0.0,4080.978015678436,2614449.2797031174,2610368.301687439,0.012717170699622526,0.156337249921413,0.0,0.6477742882029264,64064.282376892006,0
2021-06-18,fixed_exposure_matched,332.1335144042969,-0.007847081192649097,0.1616871704745167,0.1616871704745167,2523996.1857837285,0.0,4080.978015678436,2593932.836156936,2589851.8581412574,-0.007859597257949713,0.15757573171028258,0.0,0.6477742882029264,63561.54887851587,0
2021-06-21,fixed_exposure_matched,334.1976623535156,0.0062148138013742305,0.1616871704745167,0.1616871704745167,2523996.1857837285,0.0,4080.978015678436,2610052.997972633,2605972.0199569548,0.0062243567194870675,0.15660099127794339,0.0,0.6477742882029264,63956.55619670691,0
2021-06-22,fixed_exposure_matched,337.31298828125,0.009321806459672288,0.1616871704745167,0.1616871704745167,2523996.1857837285,0.0,4080.978015678436,2634382.759094933,2630301.7810792546,0.009336155927990974,0.1551524636843741,0.0,0.6477742882029264,64552.73096238388,0
2021-06-23,fixed_exposure_matched,337.47796630859375,0.000489094796451095,0.1616871704745167,0.1616871704745167,2523996.1857837285,0.0,4080.978015678436,2635670.5742199784,2631589.5962043,0.0004896073653255506,0.15507653706963564,0.0,0.6477742882029264,64584.28749417841,0
2021-06-24,fixed_exposure_matched,339.5644226074219,0.006182496361615053,0.1616871704745167,0.1616871704745167,2523996.1857837285,0.0,4080.978015678436,2651964.9501812207,2647883.972165542,0.006191837809643497,0.15412223717419363,0.0,0.6477742882029264,64983.56374361279,0
2021-06-25,fixed_exposure_matched,339.1471862792969,-0.0012287398218021606,0.1616871704745167,0.1616871704745167,2523996.1857837285,0.0,4080.978015678436,2648705.727466621,2644624.7494509425,-0.0012308782215764147,0.15431217667178296,0.0,0.6477742882029264,64903.69997806252,0
2021-06-28,fixed_exposure_matched,343.2718505859375,0.012161870932474228,0.1616871704745167,0.1616871704745167,2523996.1857837285,0.0,4080.978015678436,2680918.2968878867,2676837.3188722082,0.012180393240271092,0.1524552122352289,0.0,0.6477742882029264,65693.03452721986,0
2021-06-29,fixed_exposure_matched,344.5140686035156,0.003618758763521468,0.1616871704745167,0.1616871704745167,2523996.1857837285,0.0,4080.978015678436,2690619.2456947463,2686538.267679068,0.003624033757474221,0.1519047044583527,0.0,0.6477742882029264,65930.74589860167,0
2021-06-30,fixed_exposure_matched,343.97052001953125,-0.001577725363111182,0.1616871704745167,0.1616871704745167,2523996.1857837285,0.0,4080.978015678436,2686373.5396940503,2682292.561678372,-0.001580363120739725,0.15214514904089638,0.0,0.6477742882029264,65826.70941557274,0
2021-07-01,fixed_exposure_matched,344.1064453125,0.00039516553035134905,0.1616871704745167,0.1616871704745167,2682292.561678372,255.94493114775423,4336.92294682619,2687690.2803576295,2683353.3574108034,0.0003954809954689331,0.16162325155010274,0.17916145180342796,0.6884004677501889,61972.28572678498,1
2021-07-02,fixed_exposure_matched,348.05633544921875,0.01147868687298681,0.1616871704745167,0.1616871704745167,2682292.561678372,0.0,4336.92294682619,2718540.747096957,2714203.824150131,0.011496982555102564,0.15978619248258422,0.0,0.6884004677501889,62683.630316430135,0
2021-07-06,fixed_exposure_matched,349.560546875,0.004321747006385657,0.1616871704745167,0.1616871704745167,2682292.561678372,0.0,4336.92294682619,2730288.904031993,2725951.981085167,0.0043283989324989225,0.159097554796241,0.0,0.6884004677501889,62954.51723508369,0
2021-07-07,fixed_exposure_matched,350.2981262207031,0.0021100188573823786,0.1616871704745167,0.1616871704745167,2682292.561678372,0.0,4336.92294682619,2736049.1767051346,2731712.2537583085,0.002113123309988918,0.1587620709633462,0.0,0.6884004677501889,63087.33658059124,0
2021-07-08,fixed_exposure_matched,348.1824951171875,-0.006039515901328785,0.1616871704745167,0.1616871704745167,2682292.561678372,0.0,4336.92294682619,2719524.0757951387,2715187.1528483126,-0.0060493563651371485,0.1597283245199738,0.0,0.6884004677501889,62706.3037351244,0
2021-07-09,fixed_exposure_matched,350.3563537597656,0.006243446103878503,0.1616871704745167,0.1616871704745167,2682292.561678372,0.0,4336.92294682619,2736502.5893900977,2732165.6664432716,0.006253165118709436,0.1587357238286355,0.0,0.6884004677501889,63097.79128985222,0
2021-07-12,fixed_exposure_matched,351.7247314453125,0.0039056739541396546,0.1616871704745167,0.1616871704745167,2682292.561678372,0.0,4336.92294682619,2747189.7878784463,2742852.86493162,0.0039116216924945935,0.1581172290455438,0.0,0.6884004677501889,63344.21481684085,0
2021-07-13,fixed_exposure_matched,351.7247314453125,0.0,0.1616871704745167,0.1616871704745167,2682292.561678372,0.0,4336.92294682619,2747189.0994779784,2742852.1765311523,-2.5097972866650053e-07,0.158117268729773,0.0,0.6884004677501889,63344.19894382497,0
2021-07-14,fixed_exposure_matched,352.3555603027344,0.0017935299995244236,0.1616871704745167,0.1616871704745167,2682292.561678372,0.0,4336.92294682619,2752115.5771417907,2747778.6541949646,0.0017961149003817845,0.1578337811237131,0.0,0.6884004677501889,63457.79279191068,0
2021-07-15,fixed_exposure_matched,349.8808288574219,-0.007023392629837533,0.1616871704745167,0.1616871704745167,2682292.561678372,0.0,4336.92294682619,2732785.7004803643,2728448.777533538,-0.007034728445799665,0.15895196503365108,0.0,0.6884004677501889,63012.08792469436,0
2021-07-16,fixed_exposure_matched,347.0469970703125,-0.008099420012132708,0.1616871704745167,0.1616871704745167,2682292.561678372,0.0,4336.92294682619,2710651.0328885554,2706314.1099417293,-0.008112546504104867,0.16025201697372704,0.0,0.6884004677501889,62501.71068573494,0
2021-07-19,fixed_exposure_matched,344.2034606933594,-0.008193519612495037,0.1616871704745167,0.1616871704745167,2682292.561678372,0.0,4336.92294682619,2688440.5720874853,2684103.6491406593,-0.008206904261216175,0.1615780727474774,0.0,0.6884004677501889,61989.585820401,0
2021-07-20,fixed_exposure_matched,348.2018737792969,0.011616423256997965,0.1616871704745167,0.1616871704745167,2682292.561678372,0.0,4336.92294682619,2719669.9472736716,2715333.0243268455,0.011634936376687444,0.15971974369152567,0.0,0.6884004677501889,62709.66721380091,0
2021-07-21,fixed_exposure_matched,350.89013671875,0.007720414914128337,0.1616871704745167,0.1616871704745167,2682292.561678372,0.0,4336.92294682619,2740666.239295642,2736329.316348816,0.0077324924176382925,0.15849418858009037,0.0,0.6884004677501889,63193.79599080248,0
2021-07-22,fixed_exposure_matched,353.2095947265625,0.006610211473888183,0.1616871704745167,0.1616871704745167,2682292.561678372,0.0,4336.92294682619,2758781.934316264,2754445.011369438,0.006620436696850085,0.1574517889783534,0.0,0.6884004677501889,63611.504473123554,0
2021-07-23,fixed_exposure_matched,357.3341369628906,0.011677322184639793,0.1616871704745167,0.1616871704745167,2682292.561678372,0.0,4336.92294682619,2790996.431399971,2786659.5084531447,0.011695458413849558,0.1556316060024709,0.0,0.6884004677501889,64354.30063249,0
2021-07-26,fixed_exposure_matched,357.61566162109375,0.0007878470850726238,0.1616871704745167,0.1616871704745167,2682292.561678372,0.0,4336.92294682619,2793194.6214024294,2788857.6984556033,0.0007888261898487681,0.15550893648061945,0.0,0.6884004677501889,64404.98610763931,0
2021-07-27,fixed_exposure_matched,353.67535400390625,-0.011018274757111701,0.1616871704745167,0.1616871704745167,2682292.561678372,0.0,4336.92294682619,2762417.747213263,2758080.824266437,-0.011035655998586691,0.15724422970743343,0.0,0.6884004677501889,63695.338401961504,0
2021-07-28,fixed_exposure_matched,355.03411865234375,0.0038418414884020535,0.1616871704745167,0.1616871704745167,2682292.561678372,0.0,4336.92294682619,2773029.829922337,2768692.906975511,0.0038476329684415944,0.1566415305901078,0.0,0.6884004677501889,63940.029922636095,0
2021-07-29,fixed_exposure_matched,355.66497802734375,0.0017768978863064167,0.1616871704745167,0.1616871704745167,2682292.561678372,0.0,4336.92294682619,2777956.532365323,2773619.609418497,0.0017794326090023738,0.15636329264831839,0.0,0.6884004677501889,64053.62895364013,0
2021-07-30,fixed_exposure_matched,353.81134033203125,-0.005211752097700195,0.1616871704745167,0.1616871704745167,2682292.561678372,0.0,4336.92294682619,2763477.8231799803,2759140.900233154,-0.005220149560587473,0.15718381567464385,0.0,0.6884004677501889,63719.78144555981,0
2021-08-02,fixed_exposure_matched,353.84039306640625,8.211363250176795e-05,0.1616871704745167,0.1616871704745167,2759140.900233154,124.25390416590471,4461.176850992095,2763828.2113813004,2759367.034530308,8.1958227336143e-05,0.16167391996662975,0.0869777329161333,0.7081233096812849,61952.8950251472,1
2021-08-03,fixed_exposure_matched,355.9851989746094,0.006061506685588025,0.1616871704745167,0.1616871704745167,2759140.900233154,0.0,4461.176850992095,2780580.4664390953,2776119.289588103,0.006071049935785888,0.1606983124869251,0.0,0.7081233096812849,62328.4070395178,0
2021-08-04,fixed_exposure_matched,356.4996032714844,0.0014450159679579855,0.1616871704745167,0.1616871704745167,2759140.900233154,0.0,4461.176850992095,2784597.741489982,2780136.56463899,0.0014470830075472563,0.1604661047135069,0.0,0.7081233096812849,62418.45670993141,0
2021-08-05,fixed_exposure_matched,358.7607727050781,0.0063426983167547135,0.1616871704745167,0.1616871704745167,2759140.900233154,0.0,4461.176850992095,2802258.89677446,2797797.719923468,0.006352621489574606,0.15945315914812197,0.0,0.7081233096812849,62814.34227722405,0
2021-08-06,fixed_exposure_matched,357.1885070800781,-0.004382490351843682,0.1616871704745167,0.1616871704745167,2759140.900233154,0.0,4461.176850992095,2789977.3160726684,2785516.139221676,-0.00438973147141164,0.1601562018678028,0.0,0.7081233096812849,62539.04315522085,0
2021-08-09,fixed_exposure_matched,357.8485107421875,0.0018477740717492974,0.1616871704745167,0.1616871704745167,2759140.900233154,0.0,4461.176850992095,2795131.8556947666,2790670.6788437744,0.0018504791803282128,0.15986038355627263,0.0,0.7081233096812849,62654.5853046192,0
2021-08-10,fixed_exposure_matched,356.01434326171875,-0.005125541745764517,0.1616871704745167,0.1616871704745167,2759140.900233154,0.0,4461.176850992095,2780804.5825601774,2776343.405709185,-0.005133989203099154,0.16068534035877086,0.0,0.7081233096812849,62333.43073906095,0
2021-08-11,fixed_exposure_matched,355.4029235839844,-0.001717401810648167,0.1616871704745167,0.1616871704745167,2759140.900233154,0.0,4461.176850992095,2776028.1156117204,2771566.938760728,-0.00172041647968868,0.1609622624877628,0.0,0.7081233096812849,62226.363319229895,0
2021-08-12,fixed_exposure_matched,356.6839599609375,0.003604462124382035,0.1616871704745167,0.1616871704745167,2759140.900233154,0.0,4461.176850992095,2786033.495687353,2781572.3188363607,0.003610008452513247,0.16038327750034476,0.0,0.7081233096812849,62450.64001593623,0
2021-08-13,fixed_exposure_matched,357.9358215332031,0.003509722086753486,0.1616871704745167,0.1616871704745167,2759140.900233154,0.0,4461.176850992095,2795810.990858292,2791349.8140073,0.0035150965174364224,0.15982148953905453,0.0,0.7081233096812849,62669.808533516174,0
2021-08-16,fixed_exposure_matched,358.0911865234375,0.000434058233034218,0.1616871704745167,0.1616871704745167,2759140.900233154,0.0,4461.176850992095,2797023.8275135723,2792562.65066258,0.00043449826646368983,0.15975207753830015,0.0,0.7081233096812849,62696.99500685697,0
2021-08-17,fixed_exposure_matched,354.93707275390625,-0.008808130130633085,0.1616871704745167,0.1616871704745167,2759140.900233154,0.0,4461.176850992095,2772386.5695390417,2767925.3926880495,-0.00882245487623523,0.16117402812868656,0.0,0.7081233096812849,62144.73584302104,0
2021-08-18,fixed_exposure_matched,351.5209655761719,-0.009624543165438593,0.1616871704745167,0.1616871704745167,2759140.900233154,0.0,4461.176850992095,2745702.9072059216,2741241.7303549293,-0.009640311261137846,0.16274292053822165,0.0,0.7081233096812849,61546.60527737923,0
2021-08-19,fixed_exposure_matched,353.21923828125,0.004831213132037604,0.1616871704745167,0.1616871704745167,2759140.900233154,0.0,4461.176850992095,2758967.275024579,2754506.0981735867,0.004838817267289963,0.16195922942229607,0.0,0.7081233096812849,61843.93417201178,0
2021-08-20,fixed_exposure_matched,356.87799072265625,0.010358304545385444,0.1616871704745167,0.1616871704745167,2759140.900233154,0.0,4461.176850992095,2787544.7901667263,2783083.613315734,0.010374823697466562,0.16029618476597257,0.0,0.7081233096812849,62484.51660343437,0
2021-08-23,fixed_exposure_matched,362.21575927734375,0.014956844337413067,0.1616871704745167,0.1616871704745167,2759140.900233154,0.0,4461.176850992095,2829236.9555535074,2824775.778702515,0.014980565149858904,0.15793029962332855,0.0,0.7081233096812849,63419.07191875458,0
2021-08-24,fixed_exposure_matched,363.32208251953125,0.0030543211162172845,0.1616871704745167,0.1616871704745167,2759140.900233154,0.0,4461.176850992095,2837877.6456063273,2833416.468755335,0.003058894131692469,0.1574486807776551,0.0,0.7081233096812849,63612.75825627106,0
2021-08-25,fixed_exposure_matched,363.7393493652344,0.0011484764229290345,0.1616871704745167,0.1616871704745167,2759140.900233154,0.0,4461.176850992095,2841136.173050154,2836674.9961991617,0.0011500347653650156,0.1572678173202637,0.0,0.7081233096812849,63685.800136310005,0
2021-08-26,fixed_exposure_matched,361.4295959472656,-0.006350023504466895,0.1616871704745167,0.1616871704745167,2759140.900233154,0.0,4461.176850992095,2823094.1834485848,2818633.0065975925,-0.006360259679287772,0.1582744841399994,0.0,0.7081233096812849,63281.37793552778,0
2021-08-27,fixed_exposure_matched,364.9427795410156,0.009720243259388806,0.1616871704745167,0.1616871704745167,2759140.900233154,0.0,4461.176850992095,2850534.637532561,2846073.460681569,0.009735376694924858,0.15674847865394684,0.0,0.7081233096812849,63896.47244983456,0
2021-08-30,fixed_exposure_matched,369.0382995605469,0.01122236210477201,0.1616871704745167,0.1616871704745167,2759140.900233154,0.0,4461.176850992095,2882523.661303837,2878062.4844528446,0.011239704179531351,0.15500625421064199,0.0,0.7081233096812849,64613.52592786832,0
2021-08-31,fixed_exposure_matched,368.7373352050781,-0.0008155369126379153,0.1616871704745167,0.1616871704745167,2759140.900233154,0.0,4461.176850992095,2880172.148733182,2875710.9718821896,-0.0008170470875311642,0.15513300518070483,0.0,0.7081233096812849,64560.815339402594,0
2021-09-01,fixed_exposure_matched,369.34881591796875,0.0016583097357107945,0.1616871704745167,0.1616871704745167,2875710.9718821896,188.47885046944157,4649.655701461536,2885136.287460159,2880486.6317586973,0.001660688408258837,0.1614191036402298,0.1319351953286091,0.7380405875335772,62050.53605481515,1
2021-09-02,fixed_exposure_matched,369.1740417480469,-0.00047319542500090517,0.1616871704745167,0.1616871704745167,2875710.9718821896,0.0,4649.655701461536,2883770.3161278414,2879120.6604263796,-0.0004742154736138149,0.161495687394114,0.0,0.7380405875335772,62021.15815201929,0
2021-09-03,fixed_exposure_matched,370.3096008300781,0.003075945092602783,0.1616871704745167,0.1616871704745167,2875710.9718821896,0.0,4649.655701461536,2892639.897239341,2887990.241537879,0.0030806562689129624,0.1609997026508495,0.0,0.7380405875335772,62211.91595605867,0
2021-09-07,fixed_exposure_matched,370.8336181640625,0.001415078984746243,0.1616871704745167,0.1616871704745167,2875710.9718821896,0.0,4649.655701461536,2896732.4731277754,2892082.8174263136,0.001417101702620327,0.1607718725565162,0.0,0.7380405875335772,62299.934857913,0
2021-09-08,fixed_exposure_matched,369.54290771484375,-0.0034805648301490244,0.1616871704745167,0.1616871704745167,2875710.9718821896,0.0,4649.655701461536,2886649.469918869,2881999.8142174073,-0.0034864157928503614,0.1613343511864218,0.0,0.7380405875335772,62083.08002271012,0
2021-09-09,fixed_exposure_matched,368.2715759277344,-0.0034402819282095543,0.1616871704745167,0.1616871704745167,2875710.9718821896,0.0,4649.655701461536,2876717.843873844,2872068.1881723823,-0.003446088371009126,0.1618922461733162,0.0,0.7380405875335772,61869.48085144453,0
2021-09-10,fixed_exposure_matched,365.4765930175781,-0.0075894613998249705,0.1616871704745167,0.1616871704745167,2875710.9718821896,0.0,4649.655701461536,2854884.3667989885,2850234.711097527,-0.007602005121176814,0.16313237935661498,0.0,0.7380405875335772,61399.908941679416,0
2021-09-13,fixed_exposure_matched,365.2242736816406,-0.0006903843933047105,0.1616871704745167,0.1616871704745167,2875710.9718821896,0.0,4649.655701461536,2852912.6611468736,2848263.005445412,-0.0006917695740767948,0.16324530749344976,0.0,0.7380405875335772,61357.50352977988,0
2021-09-14,fixed_exposure_matched,364.1858215332031,-0.002843327301248033,0.1616871704745167,0.1616871704745167,2875710.9718821896,0.0,4649.655701461536,2844800.1586487712,2840150.5029473095,-0.0028482280191796105,0.16371159544666555,0.0,0.7380405875335772,61183.02819184136,0
2021-09-15,fixed_exposure_matched,366.8934326171875,0.007434696585895351,0.1616871704745167,0.1616871704745167,2875710.9718821896,0.0,4649.655701461536,2865949.6466352446,2861299.990933783,0.007446608186617576,0.16250151036921245,0.0,0.7380405875335772,61637.88956963812,0
2021-09-16,fixed_exposure_matched,367.1458435058594,0.0006879678572366821,0.1616871704745167,0.1616871704745167,2875710.9718821896,0.0,4649.655701461536,2867920.589832001,2863270.934130539,0.0006888278764902722,0.16238965185016452,0.0,0.7380405875335772,61680.27858343406,0
2021-09-17,fixed_exposure_matched,362.79803466796875,-0.011842184556343005,0.1616871704745167,0.1616871704745167,2875710.9718821896,0.0,4649.655701461536,2833957.4068736867,2829307.751172225,-0.011861672799967637,0.16433898714394407,0.0,0.7380405875335772,60949.83346794652,0
2021-09-20,fixed_exposure_matched,355.3014221191406,-0.020663321827773973,0.1616871704745167,0.1616871704745167,2875710.9718821896,0.0,4649.655701461536,2775397.6948886644,2770748.0391872027,-0.02069754057711115,0.1678122888007352,0.0,0.7380405875335772,59690.391570633234,0
2021-09-21,fixed_exposure_matched,355.7386169433594,0.0012304899361539334,0.1616871704745167,0.1616871704745167,2875710.9718821896,0.0,4649.655701461536,2778812.0557804625,2774162.4000790007,0.001232288480766952,0.16760575016549595,0.0,0.7380405875335772,59763.82412373012,0
2021-09-22,fixed_exposure_matched,359.06134033203125,0.009340350556321209,0.1616871704745167,0.1616871704745167,2875710.9718821896,0.0,4649.655701461536,2804766.396470996,2800116.7407695344,0.00935573948006585,0.16605220895839176,0.0,0.7380405875335772,60322.02331861621,0
2021-09-23,fixed_exposure_matched,362.37445068359375,0.009227143051654618,0.1616871704745167,0.1616871704745167,2875710.9718821896,0.0,4649.655701461536,2830645.6391971204,2825995.9834956587,0.009242201351580936,0.16453157501342497,0.0,0.7380405875335772,60878.607383926465,0
2021-09-24,fixed_exposure_matched,362.7145080566406,0.0009384143181325744,0.1616871704745167,0.1616871704745167,2875710.9718821896,0.0,4649.655701461536,2833301.2195539153,2828651.5638524536,0.0009396971447601654,0.16437711031220065,0.0,0.7380405875335772,60935.72086774764,0
2021-09-27,fixed_exposure_matched,359.8192138671875,-0.007982294959651859,0.1616871704745167,0.1616871704745167,2875710.9718821896,0.0,4649.655701461536,2810684.2354693073,2806034.5797678456,-0.00799567694149117,0.16570201005314128,0.0,0.7380405875335772,60449.298097186394,0
2021-09-28,fixed_exposure_matched,349.6371765136719,-0.0282976477105914,0.1616871704745167,0.1616871704745167,2875710.9718821896,0.0,4649.655701461536,2731147.7451076964,2726498.0894062347,-0.0283448005007092,0.17053581366983897,0.0,0.7380405875335772,58738.70928226382,0
2021-09-29,fixed_exposure_matched,349.06396484375,-0.0016394471424278079,0.1616871704745167,0.1616871704745167,2875710.9718821896,0.0,4649.655701461536,2726669.434700844,2722019.778999382,-0.0016425136787195926,0.1708163819136816,0.0,0.7380405875335772,58642.394400165234,0
2021-09-30,fixed_exposure_matched,347.7814636230469,-0.0036741152048657133,0.1616871704745167,0.1616871704745167,2875710.9718821896,0.0,4649.655701461536,2716650.5990315797,2712000.943330118,-0.0036806623326400834,0.17144742198179824,0.0,0.7380405875335772,58426.91961423399,0
2021-10-01,fixed_exposure_matched,349.9383850097656,0.006201944647218349,0.1616871704745167,0.1616871704745167,2712000.943330118,-264.6981129488677,4384.957588512669,2733231.89345377,2728846.9358652574,0.006211647004242593,0.16068902696157616,0.18528867906420737,0.69602501404963,62332.00295058847,-1
2021-10-04,fixed_exposure_matched,342.5933532714844,-0.02098950001748534,0.1616871704745167,0.1616871704745167,2712000.943330118,0.0,4384.957588512669,2675862.0265533165,2671477.068964804,-0.021023482902775004,0.16413981761078106,0.0,0.69602501404963,61023.669500551325,0
2021-10-05,fixed_exposure_matched,347.2180480957031,0.013499079243822765,0.1616871704745167,0.1616871704745167,2712000.943330118,0.0,4384.957588512669,2711983.004070282,2707598.0464817695,0.013520976068479795,0.16195009426197682,0.0,0.69602501404963,61847.41697787225,0
2021-10-06,fixed_exposure_matched,349.4429016113281,0.006407655154526237,0.1616871704745167,0.1616871704745167,2712000.943330118,0.0,4384.957588512669,2729359.7599202865,2724974.802331774,0.006417775294447203,0.16091736278663712,0.0,0.69602501404963,62243.698025048776,0
2021-10-07,fixed_exposure_matched,352.6491394042969,0.009175283796535538,0.1616871704745167,0.1616871704745167,2712000.943330118,0.0,4384.957588512669,2754401.7142753853,2750016.756686873,0.009189792996863844,0.15945203162309154,0.0,0.69602501404963,62814.78574595859,0
2021-10-08,fixed_exposure_matched,350.8905334472656,-0.00498684318357312,0.1616871704745167,0.1616871704745167,2712000.943330118,0.0,4384.957588512669,2740665.2488367152,2736280.291248203,-0.004995047904805983,0.16025250054015455,0.0,0.69602501404963,62501.52238681788,0
2021-10-11,fixed_exposure_matched,348.1993103027344,-0.007669694357644197,0.1616871704745167,0.1616871704745167,2712000.943330118,0.0,4384.957588512669,2719644.4880165067,2715259.530427994,-0.007682239603684637,0.16149312945497654,0.0,0.69602501404963,62022.13894020765,0
2021-10-12,fixed_exposure_matched,346.98486328125,-0.0034877927254608476,0.1616871704745167,0.1616871704745167,2712000.943330118,0.0,4384.957588512669,2710158.235730349,2705773.2781418366,-0.0034936816093827927,0.16205931309677193,0.0,0.69602501404963,61805.802702178604,0
2021-10-13,fixed_exposure_matched,349.763427734375,0.008007739665787161,0.1616871704745167,0.1616871704745167,2712000.943330118,0.0,4384.957588512669,2731859.7813101527,2727474.8237216403,0.008020459716679307,0.1607698648719108,0.0,0.69602501404963,62300.7116070368,0
2021-10-14,fixed_exposure_matched,356.2049560546875,0.018416814936993653,0.1616871704745167,0.1616871704745167,2712000.943330118,0.0,4384.957588512669,2782171.241311344,2777786.2837228314,0.018446168435219956,0.15785798980315657,0.0,0.69602501404963,63448.07641013073,0
2021-10-15,fixed_exposure_matched,358.4492492675781,0.006300567060459672,0.1616871704745167,0.1616871704745167,2712000.943330118,0.0,4384.957588512669,2799699.8017658945,2795314.844177382,0.006310262440729852,0.1568681108550795,0.0,0.69602501404963,63847.81939739406,0
2021-10-18,fixed_exposure_matched,362.0538330078125,0.010056050466278332,0.1616871704745167,0.1616871704745167,2712000.943330118,0.0,4384.957588512669,2827853.028237868,2823468.0706493556,0.01007157620567023,0.15530395523488932,0.0,0.69602501404963,64489.86041840021,0
2021-10-19,fixed_exposure_matched,364.7935791015625,0.007567234051878868,0.1616871704745167,0.1616871704745167,2712000.943330118,0.0,4384.957588512669,2849251.3579418445,2844866.400353332,0.0075787397514486265,0.15413580011940306,0.0,0.69602501404963,64977.854413143374,0
2021-10-20,fixed_exposure_matched,364.3175964355469,-0.0013048000109757707,0.1616871704745167,0.1616871704745167,2712000.943330118,0.0,4384.957588512669,2845532.9587137154,2841148.001125203,-0.0013070558349127515,0.15433752788577218,0.0,0.69602501404963,64893.055434976064,0
2021-10-21,fixed_exposure_matched,366.5423889160156,0.006106739016275675,0.1616871704745167,0.1616871704745167,2712000.943330118,0.0,4384.957588512669,2862909.189829777,2858524.2322412645,0.006115919026104866,0.1533993498832292,0.0,0.69602501404963,65289.324515470296,0
2021-10-22,fixed_exposure_matched,363.4626159667969,-0.008402228616249952,0.1616871704745167,0.1616871704745167,2712000.943330118,0.0,4384.957588512669,2838853.6762842503,2834468.718695738,-0.008415361071354543,0.15470121647806995,0.0,0.69602501404963,64740.73281167492,0
2021-10-25,fixed_exposure_matched,367.18365478515625,0.01023774840903946,0.1616871704745167,0.1616871704745167,2712000.943330118,0.0,4384.957588512669,2867916.4499671115,2863531.492378599,0.010253340772881758,0.15313111101391427,0.0,0.69602501404963,65403.51627300182,0
2021-10-26,fixed_exposure_matched,368.33990478515625,0.0031489691464521297,0.1616871704745167,0.1616871704745167,2712000.943330118,0.0,4384.957588512669,2876946.7343576467,2872561.776769134,0.0031535481326361303,0.15264972276573896,0.0,0.69602501404963,65609.45405479912,0
2021-10-27,fixed_exposure_matched,369.1948547363281,0.0023210896784875423,0.1616871704745167,0.1616871704745167,2712000.943330118,0.0,4384.957588512669,2883623.6897033085,2879238.732114796,0.002324390514299557,0.15229572802016056,0.0,0.69602501404963,65761.72360840104,0
2021-10-28,fixed_exposure_matched,373.2947998046875,0.011105098068843633,0.1616871704745167,0.1616871704745167,2712000.943330118,0.0,4384.957588512669,2915645.9175460907,2911260.959957578,0.011121768919544195,0.15062056094677836,0.0,0.69602501404963,66491.99812523265,0
2021-10-29,fixed_exposure_matched,375.13104248046875,0.004919014882452055,0.1616871704745167,0.1616871704745167,2712000.943330118,0.0,4384.957588512669,2929987.3271814464,2925602.369592934,0.0049261848500055105,0.14988221345755842,0.0,0.69602501404963,66819.05738055878,0
2021-11-01,fixed_exposure_matched,376.41357421875,0.003418889915909995,0.1616871704745167,0.1616871704745167,2925602.369592934,345.36610221755836,4730.323690730227,2940350.184751153,2935619.861060423,0.0034240782587562357,0.1611354301514199,0.24175627155229085,0.7508450302746392,62159.59788361221,1
2021-11-02,fixed_exposure_matched,377.9874267578125,0.004181179019191905,0.1616871704745167,0.1616871704745167,2925602.369592934,0.0,4730.323690730227,2952643.564407681,2947913.240716951,0.004187660609465738,0.1604634636255368,0.0,0.7508450302746392,62419.482417108695,0
2021-11-03,fixed_exposure_matched,382.0000305175781,0.01061570696724945,0.1616871704745167,0.1616871704745167,2925602.369592934,0.0,4730.323690730227,2983987.2124211374,2979256.888730407,0.010632486594426727,0.15877528750956507,0.0,0.7508450302746392,63082.093478480216,0
2021-11-04,fixed_exposure_matched,386.8966979980469,0.012818500233715113,0.1616871704745167,0.1616871704745167,2925602.369592934,0.0,4730.323690730227,3022236.70235593,3017506.3786652,0.012838600820049617,0.1567626741131429,0.0,0.7508450302746392,63890.69543546148,0
2021-11-05,fixed_exposure_matched,387.2658386230469,0.0009541064240405905,0.1616871704745167,0.1616871704745167,2925602.369592934,0.0,4730.323690730227,3025119.4869635887,3020389.1632728586,0.0009553532771433559,0.15661305331941078,0.0,0.7508450302746392,63951.638085397,0
2021-11-08,fixed_exposure_matched,386.7412414550781,-0.0013546177215991717,0.1616871704745167,0.1616871704745167,2925602.369592934,0.0,4730.323690730227,3021020.8556515626,3016290.5319608324,-0.0013569878219219511,0.1568258641071666,0.0,0.7508450302746392,63864.99219010535,0
2021-11-09,fixed_exposure_matched,384.0791931152344,-0.0068832802258896875,0.1616871704745167,0.1616871704745167,2925602.369592934,0.0,4730.323690730227,3000225.5716888253,2995495.247998095,-0.006894323919525935,0.15791457836200964,0.0,0.7508450302746392,63425.37567922072,0
2021-11-10,fixed_exposure_matched,378.43438720703125,-0.014696984396417201,0.1616871704745167,0.1616871704745167,2925602.369592934,0.0,4730.323690730227,2956130.5524309524,2951400.2287402223,-0.014720443735419586,0.16027388100966986,0.0,0.7508450302746392,62493.198049510436,0
2021-11-11,fixed_exposure_matched,379.4836730957031,0.0027727022811430135,0.1616871704745167,0.1616871704745167,2925602.369592934,0.0,4730.323690730227,2964326.271512004,2959595.947821274,0.0027768917957120554,0.1598300502544101,0.0,0.7508450302746392,62666.457209282366,0
2021-11-12,fixed_exposure_matched,383.476806640625,0.010522543729871714,0.1616871704745167,0.1616871704745167,2925602.369592934,0.0,4730.323690730227,2995517.7734885663,2990787.449797836,0.010539108218310611,0.15816315168267728,0.0,0.7508450302746392,63325.8518726473,0
2021-11-15,fixed_exposure_matched,383.38934326171875,-0.00022807997091778276,0.1616871704745167,0.1616871704745167,2925602.369592934,0.0,4730.323690730227,2994833.805036875,2990103.481346145,-0.0002286917620099027,0.15819933056633328,0.0,0.7508450302746392,63311.39264117797,0
2021-11-16,fixed_exposure_matched,386.11956787109375,0.007121284556705021,0.1616871704745167,0.1616871704745167,2925602.369592934,0.0,4730.323690730227,3016160.1179175517,3011429.7942268215,0.0071322992711528865,0.15707899615653262,0.0,0.7508450302746392,63762.23521084119,0
2021-11-17,fixed_exposure_matched,386.3235168457031,0.000528201602767453,0.1616871704745167,0.1616871704745167,2925602.369592934,0.0,4730.323690730227,3017752.5076810084,3013022.1839902783,0.0005287819648027714,0.15699597951401909,0.0,0.7508450302746392,63795.89865265972,0
2021-11-18,fixed_exposure_matched,390.326416015625,0.010361520837781635,0.1616871704745167,0.1616871704745167,2925602.369592934,0.0,4730.323690730227,3049020.2623275826,3044289.9386368524,0.010377538808945985,0.15538348140546474,0.0,0.7508450302746392,64456.90531289839,0
2021-11-19,fixed_exposure_matched,392.5026550292969,0.005575433597055701,0.1616871704745167,0.1616871704745167,2925602.369592934,0.0,4730.323690730227,3066019.121491237,3061288.797800507,0.005583850259435641,0.15452066117149413,0.0,0.7508450302746392,64816.26463532628,0
2021-11-22,fixed_exposure_matched,387.9460144042969,-0.011609196948387246,0.1616871704745167,0.1616871704745167,2925602.369592934,0.0,4730.323690730227,3030424.350817294,3025694.0271265637,-0.011627380827159306,0.15633846807776905,0.0,0.7508450302746392,64063.78398070012,0
2021-11-23,fixed_exposure_matched,386.1778564453125,-0.004557742297467415,0.1616871704745167,0.1616871704745167,2925602.369592934,0.0,4730.323690730227,3016611.706729268,3011881.383038538,-0.004565115958252819,0.15705544439329938,0.0,0.7508450302746392,63771.781889699596,0
2021-11-24,fixed_exposure_matched,387.4214172363281,0.0032201763261683336,0.1616871704745167,0.1616871704745167,2925602.369592934,0.0,4730.323690730227,3026324.9774874896,3021594.6537967594,0.0032249844940515082,0.1565505712285524,0.0,0.7508450302746392,63977.122399002496,0
2021-11-26,fixed_exposure_matched,380.07635498046875,-0.01895884411413129,0.1616871704745167,0.1616871704745167,2925602.369592934,0.0,4730.323690730227,2968948.603155572,2964218.279464842,-0.01898877278586053,0.15958081506683905,0.0,0.7508450302746392,62764.174235553226,0
2021-11-29,fixed_exposure_matched,388.3249206542969,0.021702391021540812,0.1616871704745167,0.1616871704745167,2925602.369592934,0.0,4730.323690730227,3033381.135819081,3028650.812128351,0.021736770571140873,0.15618583931126892,0.0,0.7508450302746392,64126.291013941445,0
2021-11-30,fixed_exposure_matched,382.621826171875,-0.014686398371787757,0.1616871704745167,0.1616871704745167,2925602.369592934,0.0,4730.323690730227,2988830.9411999458,2984100.6175092156,-0.014709584360380057,0.15851756683320412,0.0,0.7508450302746392,63184.49088498964,0
2021-12-01,fixed_exposure_matched,376.11236572265625,-0.01701277868632267,0.1616871704745167,0.1616871704745167,2984100.6175092156,94.58416183300324,4824.90785256323,2938074.765947993,2933249.85809543,-0.017040564622861187,0.16449017594757717,0.06620891328310226,0.7658583892957509,60893.90420973826,1
2021-12-02,fixed_exposure_matched,378.8230285644531,0.007207055892960668,0.1616871704745167,0.1616871704745167,2984100.6175092156,0.0,4824.90785256323,2959248.869145488,2954423.961292925,0.0072186496963622115,0.16331128896110558,0.0,0.7658583892957509,61332.75410790257,0
2021-12-03,fixed_exposure_matched,372.2358093261719,-0.017388645202598862,0.1616871704745167,0.1616871704745167,2984100.6175092156,0.0,4824.90785256323,2907790.774635336,2902965.866782773,-0.017417302047480265,0.1662061517075452,0.0,0.7658583892957509,60266.24473440613,0
2021-12-06,fixed_exposure_matched,375.2185363769531,0.008013004058316175,0.1616871704745167,0.1616871704745167,2984100.6175092156,0.0,4824.90785256323,2931090.1480548335,2926265.2402022704,0.008026058344709153,0.1648827927925536,0.0,0.7658583892957509,60749.142525026524,0
2021-12-07,fixed_exposure_matched,386.51776123046875,0.030113717095693104,0.1616871704745167,0.1616871704745167,2984100.6175092156,0.0,4824.90785256323,3019355.4016969404,3014530.4938443773,0.030163107714735293,0.16005503551599876,0.0,0.7658583892957509,62578.50914381524,0
2021-12-08,fixed_exposure_matched,388.2471923828125,0.004474389862028971,0.1616871704745167,0.1616871704745167,2984100.6175092156,0.0,4824.90785256323,3032864.409037766,3028039.501185203,0.0044812972926997485,0.1593409812082939,0.0,0.7658583892957509,62858.493917693326,0
2021-12-09,fixed_exposure_matched,382.5343322753906,-0.014714491745220326,0.1616871704745167,0.1616871704745167,2984100.6175092156,0.0,4824.90785256323,2988236.584868218,2983411.6770156547,-0.014738190882939484,0.16172450787581713,0.0,0.7658583892957509,61933.54725480857,0
2021-12-10,fixed_exposure_matched,386.6926574707031,0.010870462712661455,0.1616871704745167,0.1616871704745167,2984100.6175092156,0.0,4824.90785256323,3020719.3333822493,3015894.4255296863,0.010887786209419215,0.1599826509747875,0.0,0.7658583892957509,62606.77769788896,0
2021-12-13,fixed_exposure_matched,381.106201171875,-0.01444676073077844,0.1616871704745167,0.1616871704745167,2984100.6175092156,0.0,4824.90785256323,2977078.95807965,2972254.050227087,-0.014470126982291331,0.16233160998450305,0.0,0.7658583892957509,61702.296687346636,0
2021-12-14,fixed_exposure_matched,377.1616516113281,-0.010350263386997294,0.1616871704745167,0.1616871704745167,2984100.6175092156,0.0,4824.90785256323,2946264.6408812487,2941439.7330286857,-0.010367322805413304,0.16403218459265223,0.0,0.7658583892957509,61063.645792034076,0
2021-12-15,fixed_exposure_matched,385.75994873046875,0.022797379008195895,0.1616871704745167,0.1616871704745167,2984100.6175092156,0.0,4824.90785256323,3013430.9866994754,3008606.0788469124,0.022834513678466006,0.1603702088647125,0.0,0.7658583892957509,62455.72099576143,0
2021-12-16,fixed_exposure_matched,375.8403015136719,-0.025714559661888958,0.1616871704745167,0.1616871704745167,2984100.6175092156,0.0,4824.90785256323,2935941.1699466174,2931116.2620940544,-0.025756052710814492,0.16460991039353073,0.0,0.7658583892957509,60849.683758973755,0
2021-12-17,fixed_exposure_matched,373.9651794433594,-0.004989145822735241,0.1616871704745167,0.1616871704745167,2984100.6175092156,0.0,4824.90785256323,2921292.5654643923,2916467.657611829,-0.004997619736775594,0.16543670011119346,0.0,0.7658583892957509,60546.07994041703,0
2021-12-20,fixed_exposure_matched,370.3376159667969,-0.009700270709594006,0.1616871704745167,0.1616871704745167,2984100.6175092156,0.0,4824.90785256323,2892954.470899074,2888129.563046511,-0.009716581115294498,0.16705995168283694,0.0,0.7658583892957509,59958.7507015744,0
2021-12-21,fixed_exposure_matched,378.6258850097656,0.022380305660637534,0.1616871704745167,0.1616871704745167,2984100.6175092156,0.0,4824.90785256323,2957698.9103617137,2952874.0025091507,0.022417429013934065,0.16339701079231125,0.0,0.7658583892957509,61300.62999628972,0
2021-12-22,fixed_exposure_matched,383.237060546875,0.012178711809390563,0.1616871704745167,0.1616871704745167,2984100.6175092156,0.0,4824.90785256323,2993719.107151568,2988894.199299005,0.012198352100105447,0.16142785695441586,0.0,0.7658583892957509,62047.176829732736,0
2021-12-23,fixed_exposure_matched,386.1261901855469,0.0075387532577071426,0.1616871704745167,0.1616871704745167,2984100.6175092156,0.0,4824.90785256323,3016287.2509648777,3011462.3431123146,0.0075506666708384795,0.1602181034605513,0.0,0.7658583892957509,62514.91931317354,0
2021-12-27,fixed_exposure_matched,392.5078430175781,0.016527376267754912,0.1616871704745167,0.1616871704745167,2984100.6175092156,0.0,4824.90785256323,3066137.799434817,3061312.891582254,0.01655360180211285,0.1576091050944307,0.0,0.7658583892957509,63548.11103399482,0
2021-12-28,fixed_exposure_matched,390.6886901855469,-0.004634691674045843,0.1616871704745167,0.1616871704745167,2984100.6175092156,0.0,4824.90785256323,3051926.43024591,3047101.5223933468,-0.004642246543299922,0.15834417780650464,0.0,0.7658583892957509,63253.56925986835,0
2021-12-29,fixed_exposure_matched,390.6303405761719,-0.0001493506488434715,0.1616871704745167,0.1616871704745167,2984100.6175092156,0.0,4824.90785256323,3051469.8571949406,3046644.9493423775,-0.00014983847686522722,0.15836790741253567,0.0,0.7658583892957509,63244.10642524185,0
2021-12-30,fixed_exposure_matched,389.46295166015625,-0.002988474766946525,0.1616871704745167,0.1616871704745167,2984100.6175092156,0.0,4824.90785256323,3042349.8506662264,3037524.9428136633,-0.0029934589295292913,0.15884339860247904,0.0,0.7658583892957509,63055.08713601606,0
2021-12-31,fixed_exposure_matched,387.0309753417969,-0.006244435595202713,0.1616871704745167,0.1616871704745167,2984100.6175092156,0.0,4824.90785256323,3023351.3271072772,3018526.419254714,-0.006254606601304391,0.1598431546527434,0.0,0.7658583892957509,62661.32783242945,0
2022-01-03,fixed_exposure_matched,390.75677490234375,0.00962661853423108,0.1616871704745167,0.1616871704745167,3018526.419254714,55.66210475546359,4880.569957318694,3052511.3609387013,3047630.7909813826,0.009641913862676876,0.1601430846466503,0.03896347332882451,0.7746936440188403,62544.157498680775,1
2022-01-04,fixed_exposure_matched,385.6884460449219,-0.01297054634225736,0.1616871704745167,0.1616871704745167,3018526.419254714,0.0,4880.569957318694,3012917.8461777344,3008037.2762204157,-0.012991571970637938,0.1622509799297137,0.0,0.7746936440188403,61732.90973239081,0
2022-01-05,fixed_exposure_matched,373.8396911621094,-0.030721052197224652,0.1616871704745167,0.1616871704745167,3018526.419254714,0.0,4880.569957318694,2920357.0650657145,2915476.495108396,-0.030771154946697354,0.16740213702656645,0.0,0.7746936440188403,59836.39391719961,0
2022-01-06,fixed_exposure_matched,373.5770263671875,-0.0007026134493781644,0.1616871704745167,0.1616871704745167,3018526.419254714,0.0,4880.569957318694,2918304.408221169,2913423.83826385,-0.0007040553569852559,0.16752008043660044,0.0,0.7746936440188403,59794.336189055226,0
2022-01-07,fixed_exposure_matched,369.5301208496094,-0.010832854356521482,0.1616871704745167,0.1616871704745167,3018526.419254714,0.0,4880.569957318694,2886690.0669052703,2881809.4969479516,-0.010851267467742676,0.1693578275207843,0.0,0.7746936440188403,59146.57698075843,0
2022-01-10,fixed_exposure_matched,369.7733459472656,0.000658201006989767,0.1616871704745167,0.1616871704745167,3018526.419254714,0.0,4880.569957318694,2888589.3145205304,2883708.7445632117,0.0006590468999674304,0.16924628628048016,0.0,0.7746936440188403,59185.49144427129,0
2022-01-11,fixed_exposure_matched,375.328125,0.015022118585925837,0.1616871704745167,0.1616871704745167,3018526.419254714,0.0,4880.569957318694,2931981.271055652,2927100.701098333,0.015047274318854331,0.16673734373017512,0.0,0.7746936440188403,60074.56704229755,0
2022-01-12,fixed_exposure_matched,376.8164978027344,0.003965524306856594,0.1616871704745167,0.1616871704745167,3018526.419254714,0.0,4880.569957318694,2943607.339359627,2938726.7694023084,0.003971871654300463,0.16607770440364303,0.0,0.7746936440188403,60312.7783251118,0
2022-01-13,fixed_exposure_matched,367.3899841308594,-0.02501619150658796,0.1616871704745167,0.1616871704745167,3018526.419254714,0.0,4880.569957318694,2869968.7197443647,2865088.149787046,-0.025058001438575173,0.17034624074939728,0.0,0.7746936440188403,58803.96643922053,0
2022-01-14,fixed_exposure_matched,369.6761474609375,0.006222715449052174,0.1616871704745167,0.1616871704745167,3018526.419254714,0.0,4880.569957318694,2887826.9437413705,2882946.3737840517,0.006233045220033873,0.16929104202908335,0.0,0.7746936440188403,59169.870916631546,0
2022-01-18,fixed_exposure_matched,360.47332763671875,-0.02489427540139355,0.1616871704745167,0.1616871704745167,3018526.419254714,0.0,4880.569957318694,2815935.809798664,2811055.239841345,-0.024936687895565912,0.17362056384186,0.0,0.7746936440188403,57696.86398155213,0
2022-01-19,fixed_exposure_matched,356.5139465332031,-0.010983839302268317,0.1616871704745167,0.1616871704745167,3018526.419254714,0.0,4880.569957318694,2785005.2486846885,2780124.6787273698,-0.011003185094193069,0.1755521971609138,0.0,0.7746936440188403,57063.11502631805,0
2022-01-20,fixed_exposure_matched,351.8834228515625,-0.012988338118798848,0.1616871704745167,0.1616871704745167,3018526.419254714,0.0,4880.569957318694,2748831.884158498,2743951.3142011794,-0.013011418086022353,0.17786649245777628,0.0,0.7746936440188403,56321.94412122845,0
2022-01-21,fixed_exposure_matched,342.12628173828125,-0.027728334100572738,0.1616871704745167,0.1616871704745167,3018526.419254714,0.0,4880.569957318694,2672610.5805946,2667730.0106372815,-0.027777935843620316,0.18294842198640623,0.0,0.7746936440188403,54760.21456442536,0
2022-01-24,fixed_exposure_matched,343.6924743652344,0.0045778202685733405,0.1616871704745167,0.1616871704745167,3018526.419254714,0.0,4880.569957318694,2684844.5367868054,2679963.9668294867,0.004585904924195416,0.18211326785459056,0.0,0.7746936440188403,55010.881111553936,0
2022-01-25,fixed_exposure_matched,335.72515869140625,-0.023181524962229583,0.1616871704745167,0.1616871704745167,3018526.419254714,0.0,4880.569957318694,2622604.971443932,2617724.4014866133,-0.02322403066355605,0.18644323117234968,0.0,0.7746936440188403,53735.62912485633,0
2022-01-26,fixed_exposure_matched,335.1998291015625,-0.0015647608653798217,0.1616871704745167,0.1616871704745167,3018526.419254714,0.0,4880.569957318694,2618500.447125622,2613619.8771683034,-0.0015679741977341344,0.1867360284467415,0.0,0.7746936440188403,53651.52984230931,0
2022-01-27,fixed_exposure_matched,331.8241882324219,-0.010070532786930042,0.1616871704745167,0.1616871704745167,3018526.419254714,0.0,4880.569957318694,2592129.9778266083,2587249.4078692896,-0.010089634506294187,0.1886393303434187,0.0,0.7746936440188403,53111.214478947506,0
2022-01-28,fixed_exposure_matched,342.2333068847656,0.0313693787899898,0.1616871704745167,0.1616871704745167,3018526.419254714,0.0,4880.569957318694,2673442.710280295,2668562.1403229763,0.031428254348563556,0.18289137373162304,0.0,0.7746936440188403,54777.26441091813,0
2022-01-31,fixed_exposure_matched,353.17730712890625,0.031978185711262874,0.1616871704745167,0.1616871704745167,3018526.419254714,0.0,4880.569957318694,2758933.783064416,2754053.2131070974,0.03203638075063675,0.17721407611483583,0.0,0.7746936440188403,56528.92607198954,0
2022-02-01,fixed_exposure_matched,355.58013916015625,0.006803472314751424,0.1616871704745167,0.1616871704745167,2754053.2131070974,-427.6192436833162,4452.950713635378,2777272.5759488074,2772819.625235172,0.006814106582531343,0.16059287351797027,0.2993334705783213,0.7068175735929171,62369.2637658109,-1
2022-02-02,fixed_exposure_matched,358.4693603515625,0.00812537280127712,0.1616871704745167,0.1616871704745167,2754053.2131070974,0.0,4452.950713635378,2799838.2441815813,2795385.293467946,0.008138166661619817,0.1592964921165147,0.0,0.7068175735929171,62876.02141223342,0
2022-02-03,fixed_exposure_matched,343.93560791015625,-0.040543918250509736,0.1616871704745167,0.1616871704745167,2754053.2131070974,0.0,4452.950713635378,2686321.1244772593,2681868.173763624,-0.04060875614162407,0.16603913485375715,0.0,0.7068175735929171,60326.76526716268,0
2022-02-04,fixed_exposure_matched,348.2744140625,0.012615169969482087,0.1616871704745167,0.1616871704745167,2754053.2131070974,0.0,4452.950713635378,2720208.8152375766,2715755.864523941,0.01263585253437749,0.1639672686269227,0.0,0.7068175735929171,61087.7817917011,0
2022-02-07,fixed_exposure_matched,345.47265625,-0.008044684591723139,0.1616871704745167,0.1616871704745167,2754053.2131070974,0.0,4452.950713635378,2698324.886477792,2693871.9357641567,-0.008058135506823438,0.1652992725644262,0.0,0.7068175735929171,60596.333981763,0
2022-02-08,fixed_exposure_matched,349.3541259765625,0.011235244400221722,0.1616871704745167,0.1616871704745167,2754053.2131070974,0.0,4452.950713635378,2728640.519230997,2724187.568517362,0.011253553797688332,0.16345976925733108,0.0,0.7068175735929171,61277.132730789686,0
2022-02-09,fixed_exposure_matched,356.7572326660156,0.021190838003584345,0.1616871704745167,0.1616871704745167,2754053.2131070974,0.0,4452.950713635378,2786461.9916264643,2782009.040912829,0.021225217038537636,0.16006240986816786,0.0,0.7068175735929171,62575.63065079612,0
2022-02-10,fixed_exposure_matched,348.682861328125,-0.02263267734630514,0.1616871704745167,0.1616871704745167,2754053.2131070974,0.0,4452.950713635378,2723396.189614666,2718943.2389010307,-0.022669157822400532,0.16377505237789425,0.0,0.7068175735929171,61159.36071951922,0
2022-02-11,fixed_exposure_matched,337.6221008300781,-0.031721549077338373,0.1616871704745167,0.1616871704745167,2754053.2131070974,0.0,4452.950713635378,2637005.136911195,2632552.1861975593,-0.03177376102135543,0.16914957040480133,0.0,0.7068175735929171,59219.275183900485,0
2022-02-14,fixed_exposure_matched,338.0404357910156,0.0012390627269629473,0.1616871704745167,0.1616871704745167,2754053.2131070974,0.0,4452.950713635378,2640271.844869578,2635818.8941559424,0.0012408901048610588,0.16893993451174982,0.0,0.7068175735929171,59292.63570748275,0
2022-02-15,fixed_exposure_matched,346.4454345703125,0.024863885764521587,0.1616871704745167,0.1616871704745167,2754053.2131070974,0.0,4452.950713635378,2705918.5555901243,2701465.604876489,0.024905622638223157,0.16483462553057257,0.0,0.7068175735929171,60766.86515537512,0
2022-02-16,fixed_exposure_matched,346.3580017089844,-0.00025237123253352145,0.1616871704745167,0.1616871704745167,2754053.2131070974,0.0,4452.950713635378,2705234.952771541,2700782.002057906,-0.0002530488699723499,0.164876347303943,0.0,0.7068175735929171,60751.5134737028,0
2022-02-17,fixed_exposure_matched,336.055908203125,-0.029744060928366678,0.1616871704745167,0.1616871704745167,2754053.2131070974,0.0,4452.950713635378,2624769.572693184,2620316.6219795486,-0.029793363558052954,0.16993941404956414,0.0,0.7068175735929171,58944.50088243462,0
2022-02-18,fixed_exposure_matched,332.2230224609375,-0.011405500241557287,0.1616871704745167,0.1616871704745167,2754053.2131070974,0.0,4452.950713635378,2594832.055880226,2590379.105166591,-0.011425152426938867,0.171903437020235,0.0,0.7068175735929171,58272.19349036567,0
2022-02-22,fixed_exposure_matched,328.88629150390625,-0.010043647584428217,0.1616871704745167,0.1616871704745167,2754053.2131070974,0.0,4452.950713635378,2568769.7703526146,2564316.819638979,-0.010061185822426322,0.17365056764952672,0.0,0.7068175735929171,57686.912241960956,0
2022-02-23,fixed_exposure_matched,320.4617614746094,-0.025615327384956754,0.1616871704745167,0.1616871704745167,2754053.2131070974,0.0,4452.950713635378,2502969.184890879,2498516.2341772434,-0.02566008418218757,0.17822380550197728,0.0,0.7068175735929171,56209.22722603999,0
2022-02-24,fixed_exposure_matched,331.2308044433594,0.03360476744306751,0.1616871704745167,0.1616871704745167,2754053.2131070974,0.0,4452.950713635378,2587080.175448728,2582627.2247350924,0.03366437624350538,0.1724194134944167,0.0,0.7068175735929171,58098.10936210974,0
2022-02-25,fixed_exposure_matched,336.3672180175781,0.015507052802201216,0.1616871704745167,0.1616871704745167,2754053.2131070974,0.0,4452.950713635378,2627197.457515366,2622744.5068017305,0.015533516290084481,0.16978210047098588,0.0,0.7068175735929171,58999.02393868016,0
2022-02-28,fixed_exposure_matched,337.36920166015625,0.0029788385695950215,0.1616871704745167,0.1616871704745167,2754053.2131070974,0.0,4452.950713635378,2635022.7478141813,2630569.797100546,0.0029836266088905106,0.16927704098722215,0.0,0.7068175735929171,59174.7566337413,0
2022-03-01,fixed_exposure_matched,332.20361328125,-0.015311380984058265,0.1616871704745167,0.1616871704745167,2630569.797100546,-199.65684134627008,4253.293872289108,2594479.498055471,2590226.204183182,-0.015336446484647936,0.16420549932743683,0.13975978894238905,0.6751260114744615,60999.300211982096,-1
2022-03-02,fixed_exposure_matched,337.77777099609375,0.01677934101855949,0.1616871704745167,0.1616871704745167,2630569.797100546,0.0,4253.293872289108,2638012.4791929936,2633759.1853207047,0.016806632975613134,0.1614913730911658,0.0,0.6751260114744615,62022.81239911656,0
2022-03-03,fixed_exposure_matched,332.9526672363281,-0.014284846944002783,0.1616871704745167,0.1616871704745167,2630569.797100546,0.0,4253.293872289108,2600328.1995653408,2596074.905693052,-0.014308172074989467,0.1638355604825525,0.0,0.6751260114744615,61136.81014394271,0
2022-03-04,fixed_exposure_matched,328.1274719238281,-0.01449213593196752,0.1616871704745167,0.1616871704745167,2630569.797100546,0.0,4253.293872289108,2562643.2147035,2558389.920831211,-0.014516139260542849,0.16624885196964928,0.0,0.6751260114744615,60250.79130787392,0
2022-03-07,fixed_exposure_matched,316.0257568359375,-0.036881139567307986,0.1616871704745167,0.1616871704745167,2630569.797100546,0.0,4253.293872289108,2468129.337514794,2463876.043642505,-0.036942717925498525,0.1726261304120313,0.0,0.6751260114744615,58028.657591591604,0
2022-03-08,fixed_exposure_matched,314.556884765625,-0.004647950486754371,0.1616871704745167,0.1616871704745167,2630569.797100546,0.0,4253.293872289108,2456656.919433108,2452403.625560819,-0.004656248073553804,0.17343368065346332,0.0,0.6751260114744615,57758.9273912772,0
2022-03-09,fixed_exposure_matched,325.8802490234375,0.03599782680404373,0.1616871704745167,0.1616871704745167,2630569.797100546,0.0,4253.293872289108,2545090.5546098053,2540837.2607375165,0.03605998386846876,0.16739733543794633,0.0,0.6751260114744615,59838.10738287986,0
2022-03-10,fixed_exposure_matched,322.2615661621094,-0.011104333178129644,0.1616871704745167,0.1616871704745167,2630569.797100546,0.0,4253.293872289108,2516828.345996896,2512575.052124607,-0.01112318724604422,0.16928027159596953,0.0,0.6751260114744615,59173.629228735794,0
2022-03-11,fixed_exposure_matched,315.5782775878906,-0.020738708167441833,0.1616871704745167,0.1616871704745167,2630569.797100546,0.0,4253.293872289108,2464631.9022957096,2460378.6084234207,-0.02077408340779685,0.17287151894945813,0.0,0.6751260114744615,57946.42872793676,0
2022-03-14,fixed_exposure_matched,309.5177917480469,-0.01920438214622,0.1616871704745167,0.1616871704745167,2630569.797100546,0.0,4253.293872289108,2417299.494268246,2413046.200395957,-0.0192378554525775,0.17626243010147025,0.0,0.6751260114744615,56833.58749362089,0
2022-03-15,fixed_exposure_matched,319.226318359375,0.03136661888319181,0.1616871704745167,0.1616871704745167,2630569.797100546,0.0,4253.293872289108,2493121.331105479,2488868.03723319,0.03142162666624104,0.17089270337600476,0.0,0.6751260114744615,58616.249099281966,0
2022-03-16,fixed_exposure_matched,331.06536865234375,0.03708669872150305,0.1616871704745167,0.1616871704745167,2630569.797100546,0.0,4253.293872289108,2585582.295662329,2581329.00179004,0.03714980592528172,0.16477147505566442,0.0,0.6751260114744615,60790.11639679574,0
2022-03-17,fixed_exposure_matched,335.0733947753906,0.012106449367876193,0.1616871704745167,0.1616871704745167,2630569.797100546,0.0,4253.293872289108,2616883.841685231,2612630.547812942,0.012126135801052706,0.16279737201456135,0.0,0.6751260114744615,61526.05299000497,0
2022-03-18,fixed_exposure_matched,341.9316101074219,0.020467800305746575,0.1616871704745167,0.1616871704745167,2630569.797100546,0.0,4253.293872289108,2670445.0224541677,2666191.728581879,0.020500862938226616,0.15952693224171816,0.0,0.6751260114744615,62785.3400831893,0
2022-03-21,fixed_exposure_matched,340.98101806640625,-0.0027800648226614655,0.1616871704745167,0.1616871704745167,2630569.797100546,0.0,4253.293872289108,2663020.33706038,2658767.043188091,-0.0027847529921402048,0.1599724159055711,0.0,0.6751260114744615,62610.776894829316,0
2022-03-22,fixed_exposure_matched,347.68218994140625,0.019652624398273533,0.1616871704745167,0.1616871704745167,2630569.797100546,0.0,4253.293872289108,2715355.0003835796,2711101.7065112907,0.019683809251842543,0.15688433458892054,0.0,0.6751260114744615,63841.22710341163,0
2022-03-23,fixed_exposure_matched,342.6854553222656,-0.01437155759972264,0.1616871704745167,0.1616871704745167,2630569.797100546,0.0,4253.293872289108,2676330.4444658607,2672077.150593572,-0.014394353344986288,0.15917556389957851,0.0,0.6751260114744615,62923.7133578421,0
2022-03-24,fixed_exposure_matched,350.30224609375,0.022226769923227252,0.1616871704745167,0.1616871704745167,2630569.797100546,0.0,4253.293872289108,2735815.9503675206,2731562.6564952317,0.022261896849963936,0.1557091821480073,0.0,0.6751260114744615,64322.28838434609,0
2022-03-25,fixed_exposure_matched,350.01007080078125,-0.0008340662848349556,0.1616871704745167,0.1616871704745167,2630569.797100546,0.0,4253.293872289108,2733533.423395794,2729280.129523505,-0.0008356121600575639,0.15583940344854505,0.0,0.6751260114744615,64268.623459225404,0
2022-03-28,fixed_exposure_matched,355.42559814453125,0.01547249006681417,0.1616871704745167,0.1616871704745167,2630569.797100546,0.0,4253.293872289108,2775827.3170105782,2771574.0231382893,0.015496354938900447,0.1534613124809507,0.0,0.6751260114744615,65263.003224290216,0
2022-03-29,fixed_exposure_matched,361.5423889160156,0.017209764303461883,0.1616871704745167,0.1616871704745167,2630569.797100546,0.0,4253.293872289108,2823597.97575743,2819344.681885141,0.01723593104425203,0.150861081286633,0.0,0.6751260114744615,66386.14825450044,0
2022-03-30,fixed_exposure_matched,357.54888916015625,-0.011045730399228626,0.1616871704745167,0.1616871704745167,2630569.797100546,0.0,4253.293872289108,2792408.598635394,2788155.304763105,-0.011062633569578706,0.1525486713391845,0.0,0.6751260114744615,65652.84888562214,0
2022-03-31,fixed_exposure_matched,353.1171875,-0.012394673272698054,0.1616871704745167,0.1616871704745167,2630569.797100546,0.0,4253.293872289108,2757796.931285424,2753543.6374131353,-0.012413823322840578,0.15446618729765035,0.0,0.6751260114744615,64839.08740124716,0
2022-04-01,fixed_exposure_matched,352.4450988769531,-0.0019033019259275807,0.1616871704745167,0.1616871704745167,2753543.6374131353,198.8329228252769,4452.126795114385,2752745.6199536,2748293.4931584857,-0.0019066864179358989,0.1619960461354425,0.13918304597769385,0.7066867928752992,61829.90167697765,1
2022-04-04,fixed_exposure_matched,359.7014465332031,0.020588590050966582,0.1616871704745167,0.1616871704745167,2753543.6374131353,0.0,4452.126795114385,2809420.064350626,2804967.9375555115,0.02062168561622313,0.1587229121411758,0.0,0.7066867928752992,63102.87630248064,0
2022-04-05,fixed_exposure_matched,351.7146301269531,-0.02220401525550375,0.1616871704745167,0.1616871704745167,2753543.6374131353,0.0,4452.126795114385,2747038.9516958734,2742586.824900759,-0.022239510056260015,0.16233312122308055,0.0,0.7066867928752992,61701.72320137832,0
2022-04-06,fixed_exposure_matched,344.078369140625,-0.021711525004153964,0.1616871704745167,0.1616871704745167,2753543.6374131353,0.0,4452.126795114385,2687395.8401219505,2682943.713326836,-0.021747027671979446,0.1659418635210118,0.0,0.7066867928752992,60362.068822276335,0
2022-04-07,fixed_exposure_matched,344.8965148925781,0.002377788972891759,0.1616871704745167,0.1616871704745167,2753543.6374131353,0.0,4452.126795114385,2693785.1936295945,2689333.06683448,0.0023814713204404203,0.16554761661986434,0.0,0.7066867928752992,60505.581210886994,0
2022-04-08,fixed_exposure_matched,340.07513427734375,-0.013979209435433293,0.1616871704745167,0.1616871704745167,2753543.6374131353,0.0,4452.126795114385,2656127.499546984,2651675.3727518697,-0.014002614457470641,0.16789863649463369,0.0,0.7066867928752992,59659.74514611151,0
2022-04-11,fixed_exposure_matched,332.0299987792969,-0.023656935444994254,0.1616871704745167,0.1616871704745167,2753543.6374131353,0.0,4452.126795114385,2593290.9560697344,2588838.82927462,-0.023696921622815004,0.17197388824555945,0.0,0.7066867928752992,58248.36253350927,0
2022-04-12,fixed_exposure_matched,330.6273193359375,-0.0042245563609201175,0.1616871704745167,0.1616871704745167,2753543.6374131353,0.0,4452.126795114385,2582334.7455787603,2577882.618783646,-0.004232094469181047,0.17270479123735613,0.0,0.7066867928752992,58002.273170039276,0
2022-04-13,fixed_exposure_matched,337.3480529785156,0.020327218138164405,0.1616871704745167,0.1616871704745167,2753543.6374131353,0.0,4452.126795114385,2634825.720571108,2630373.5937759937,0.020362050083225114,0.16925834435264386,0.0,0.7066867928752992,59181.2821562602,0
2022-04-14,fixed_exposure_matched,329.63385009765625,-0.022867192541202175,0.1616871704745167,0.1616871704745167,2753543.6374131353,0.0,4452.126795114385,2574573.946819504,2570121.8200243893,-0.022906165836736103,0.17322629458366048,0.0,0.7066867928752992,57827.95650934191,0
2022-04-18,fixed_exposure_matched,329.88702392578125,0.0007680455998375635,0.1616871704745167,0.1616871704745167,2753543.6374131353,0.0,4452.126795114385,2576550.630324022,2572098.5035289074,0.0007691010943984278,0.17309316843838163,0.0,0.7066867928752992,57872.35514387063,0
2022-04-19,fixed_exposure_matched,337.26031494140625,0.0223509579973169,0.1616871704745167,0.1616871704745167,2753543.6374131353,0.0,4452.126795114385,2634138.298553562,2629686.1717584473,0.02238937122762974,0.16930258990323882,0.0,0.7066867928752992,59165.84184988122,0
2022-04-20,fixed_exposure_matched,332.3416442871094,-0.014584196350381218,0.1616871704745167,0.1616871704745167,2753543.6374131353,0.0,4452.126795114385,2595720.8017066047,2591268.67491149,-0.014609156506788734,0.17181262746775788,0.0,0.7066867928752992,58302.93972209107,0
2022-04-21,fixed_exposure_matched,325.4650573730469,-0.020691318804819447,0.1616871704745167,0.1616871704745167,2753543.6374131353,0.0,4452.126795114385,2542011.208383399,2537559.0815882846,-0.020727141821771933,0.1754491876629628,0.0,0.7066867928752992,57096.559136027245,0
2022-04-22,fixed_exposure_matched,316.9425048828125,-0.026185768017688793,0.1616871704745167,0.1616871704745167,2753543.6374131353,0.0,4452.126795114385,2475445.9858955136,2470993.859100399,-0.02623198922573322,0.18017555076948857,0.0,0.7066867928752992,55601.42601086711,0
2022-04-25,fixed_exposure_matched,321.0137939453125,0.012845512986670249,0.1616871704745167,0.1616871704745167,2753543.6374131353,0.0,4452.126795114385,2507243.6527683423,2502791.525973228,0.012868371467505524,0.17788644195537398,0.0,0.7066867928752992,56315.63897775121,0
2022-04-26,fixed_exposure_matched,308.8970947265625,-0.03774510456337021,0.1616871704745167,0.1616871704745167,2753543.6374131353,0.0,4452.126795114385,2412606.772241962,2408154.6454468477,-0.037812530346321926,0.18487711341678664,0.0,0.7066867928752992,54189.98342296712,0
2022-04-27,fixed_exposure_matched,308.52703857421875,-0.0011979916893402054,0.1616871704745167,0.1616871704745167,2753543.6374131353,0.0,4452.126795114385,2409715.7826923775,2405263.655897263,-0.0012004999575300213,0.18509932514876656,0.0,0.7066867928752992,54125.04840016505,0
2022-04-28,fixed_exposure_matched,319.4846496582031,0.03551588585111465,0.1616871704745167,0.1616871704745167,2753543.6374131353,0.0,4452.126795114385,2495298.2666773163,2490846.139882202,0.035581331707692954,0.17873953448304666,0.0,0.7066867928752992,56047.33156781549,0
2022-04-29,fixed_exposure_matched,305.1082763671875,-0.04499863547871863,0.1616871704745167,0.1616871704745167,2753543.6374131353,0.0,4452.126795114385,2383012.542877632,2378560.4160825177,-0.04507934954384385,0.18717736850456063,0.0,0.7066867928752992,53525.26225202459,0
2022-05-02,fixed_exposure_matched,310.202392578125,0.016696093175810445,0.1616871704745167,0.1616871704745167,2378560.4160825177,-606.2997603236709,3845.8270347907137,2422182.0777904736,2418336.250755683,0.01672265055965072,0.15902780407765743,0.4244098322265696,0.6104487356810657,62982.085670482746,-1
2022-05-03,fixed_exposure_matched,310.53350830078125,0.0010674183390537717,0.1616871704745167,0.1616871704745167,2378560.4160825177,0.0,3845.8270347907137,2424766.9489120985,2420921.121877308,0.0010688634059128344,0.15885800656770097,0.0,0.6104487356810657,63049.29803074339,0
2022-05-04,fixed_exposure_matched,321.0332946777344,0.033812088216847336,0.1616871704745167,0.1616871704745167,2378560.4160825177,0.0,3845.8270347907137,2506752.7724452745,2502906.945410484,0.03386554927060148,0.15365441539257813,0.0,0.6104487356810657,65181.11058475332,0
2022-05-05,fixed_exposure_matched,304.8647766113281,-0.05036399131945746,0.1616871704745167,0.1616871704745167,2378560.4160825177,0.0,3845.8270347907137,2380502.0871250792,2376656.2600902887,-0.05044162171178512,0.16181671280661392,0.0,0.6104487356810657,61898.313824054334,0
2022-05-06,fixed_exposure_matched,301.2122802734375,-0.011980709541093315,0.1616871704745167,0.1616871704745167,2378560.4160825177,0.0,3845.8270347907137,2351981.3726085313,2348135.5455737407,-0.012000353183368784,0.16378215653010902,0.0,0.6104487356810657,61156.712232029015,0
2022-05-09,fixed_exposure_matched,289.42669677734375,-0.0391271680072105,0.1616871704745167,0.1616871704745167,2378560.4160825177,0.0,3845.8270347907137,2259954.3918439117,2256108.564809121,-0.03919151129843901,0.1704628533740836,0.0,0.6104487356810657,58763.807404741914,0
2022-05-10,fixed_exposure_matched,292.9429016113281,0.01214886143239724,0.1616871704745167,0.1616871704745167,2378560.4160825177,0.0,3845.8270347907137,2287409.6541452254,2283563.827110435,0.012169300152289786,0.16841338039835427,0.0,0.6104487356810657,59477.704885126324,0
2022-05-11,fixed_exposure_matched,284.2547607421875,-0.02965813754609392,0.1616871704745167,0.1616871704745167,2378560.4160825177,0.0,3845.8270347907137,2219568.7335495874,2215722.906514797,-0.02970835314092457,0.17356985494363894,0.0,0.6104487356810657,57713.6910597014,0
2022-05-12,fixed_exposure_matched,283.5826721191406,-0.0023643882737163224,0.1616871704745167,0.1616871704745167,2378560.4160825177,0.0,3845.8270347907137,2214320.2008145396,2210474.373779749,-0.0023687676467196717,0.1739819778238203,0.0,0.6104487356810657,57577.21761231107,0
2022-05-13,fixed_exposure_matched,294.0922546386719,0.03706003064642793,0.1616871704745167,0.1616871704745167,2378560.4160825177,0.0,3845.8270347907137,2296382.3648689953,2292536.5378342047,0.03712423225885919,0.16775423079729526,0.0,0.6104487356810657,59711.015188543504,0
2022-05-16,fixed_exposure_matched,290.68316650390625,-0.011591900435984348,0.1616871704745167,0.1616871704745167,2378560.4160825177,0.0,3845.8270347907137,2269762.3186837477,2265916.491648957,-0.011611612615952449,0.16972501188655992,0.0,0.6104487356810657,59018.835172530475,0
2022-05-17,fixed_exposure_matched,298.2123107910156,0.02590154902213171,0.1616871704745167,0.1616871704745167,2378560.4160825177,0.0,3845.8270347907137,2328552.0682009864,2324706.241166196,0.02594524102450757,0.1654328175615618,0.0,0.6104487356810657,60547.498551965014,0
2022-05-18,fixed_exposure_matched,283.5729675292969,-0.0490903384333381,0.1616871704745167,0.1616871704745167,2378560.4160825177,0.0,3845.8270347907137,2214242.048664615,2210396.2216298245,-0.0491718125551327,0.17398812923933668,0.0,0.6104487356810657,57575.18548374114,0
2022-05-19,fixed_exposure_matched,282.0534973144531,-0.005358304171524275,0.1616871704745167,0.1616871704745167,2378560.4160825177,0.0,3845.8270347907137,2202376.855809755,2198531.0287749646,-0.005367903156345055,0.1749271210847378,0.0,0.6104487356810657,57266.66425417144,0
2022-05-20,fixed_exposure_matched,281.1768493652344,-0.0031080910450168586,0.1616871704745167,0.1616871704745167,2378560.4160825177,0.0,3845.8270347907137,2195531.0575777246,2191685.230542934,-0.0031138056012997017,0.17547351148768786,0.0,0.6104487356810657,57088.65837480918,0
2022-05-23,fixed_exposure_matched,285.85211181640625,0.016627480042280984,0.1616871704745167,0.1616871704745167,2378560.4160825177,0.0,3845.8270347907137,2232036.5959710707,2228190.76893628,0.016656378335999866,0.1725986431864934,0.0,0.6104487356810657,58037.88302956105,0
2022-05-24,fixed_exposure_matched,279.7742614746094,-0.02126221948536966,0.1616871704745167,0.1616871704745167,2378560.4160825177,0.0,3845.8270347907137,2184577.9335194207,2180732.10648463,-0.021299191753813118,0.17635485914820778,0.0,0.6104487356810657,56803.85294910444,0
2022-05-25,fixed_exposure_matched,283.6898498535156,0.01399552753090405,0.1616871704745167,0.1616871704745167,2378560.4160825177,0.0,3845.8270347907137,2215151.6436826615,2211305.816647871,0.014019929395420405,0.17391656123894347,0.0,0.6104487356810657,57598.83696389918,0
2022-05-26,fixed_exposure_matched,291.550048828125,0.02770701517402907,0.1616871704745167,0.1616871704745167,2378560.4160825177,0.0,3845.8270347907137,2276526.2734382167,2272680.446403426,0.02775492620400799,0.16921987606646732,0.0,0.6104487356810657,59194.71294064849,0
2022-05-27,fixed_exposure_matched,301.0661315917969,0.03263961985916808,0.1616871704745167,0.1616871704745167,2378560.4160825177,0.0,3845.8270347907137,2350830.615153913,2346984.7881191224,0.03269458398046443,0.16386246107171262,0.0,0.6104487356810657,61126.78999568796,0
2022-05-31,fixed_exposure_matched,300.2674865722656,-0.0026527228928363566,0.1616871704745167,0.1616871704745167,2378560.4160825177,0.0,3845.8270347907137,2344593.9025151776,2340748.075480387,-0.0026573298089986874,0.16429905785574309,0.0,0.6104487356810657,60964.62168748492,0
2022-06-01,fixed_exposure_matched,298.04669189453125,-0.007396054441611621,0.1616871704745167,0.1616871704745167,2340748.075480387,-61.137703609771506,3784.689331180942,2327191.8296186733,2323407.1402874924,-0.007408287707055261,0.1628939356152893,0.04279639252684005,0.6007443382826892,61489.63959724843,-1
2022-06-02,fixed_exposure_matched,306.20892333984375,0.02738574749288225,0.1616871704745167,0.1616871704745167,2340748.075480387,0.0,3784.689331180942,2390923.116687771,2387138.42735659,0.027430098652968526,0.15854502980675222,0.0,0.6007443382826892,63173.56346767114,0
2022-06-03,fixed_exposure_matched,298.2415466308594,-0.026019413876263275,0.1616871704745167,0.1616871704745167,2340748.075480387,0.0,3784.689331180942,2328712.097824008,2324927.4084928273,-0.026060918022526414,0.16278741939880306,0.0,0.6007443382826892,61529.80850075155,0
2022-06-06,fixed_exposure_matched,299.2349548339844,0.0033308846951312088,0.1616871704745167,0.1616871704745167,2340748.075480387,0.0,3784.689331180942,2336468.168565679,2332683.479234498,0.003336048563640448,0.16224615833533232,0.0,0.6007443382826892,61734.74132516518,0
2022-06-07,fixed_exposure_matched,301.81610107421875,0.008625817935161928,0.1616871704745167,0.1616871704745167,2340748.075480387,0.0,3784.689331180942,2356621.5168546895,2352836.8275235086,0.008639555459802217,0.1608564302848208,0.0,0.6007443382826892,62267.2380910945,0
2022-06-08,fixed_exposure_matched,299.6440734863281,-0.007196526560909078,0.1616871704745167,0.1616871704745167,2340748.075480387,0.0,3784.689331180942,2339661.4267702964,2335876.7374391155,-0.007208357964306633,0.16202435986969924,0.0,0.6007443382826892,61819.11438528162,0
2022-06-09,fixed_exposure_matched,291.6182556152344,-0.026784503954021766,0.1616871704745167,0.1616871704745167,2340748.075480387,0.0,3784.689331180942,2276994.155289557,2273209.465958376,-0.02682815855662113,0.16649100700385006,0.0,0.6007443382826892,60163.30419857905,0
2022-06-10,fixed_exposure_matched,281.33270263671875,-0.03527060731097209,0.1616871704745167,0.1616871704745167,2340748.075480387,0.0,3784.689331180942,2196682.587844622,2192897.898513441,-0.03532959397170021,0.17258848821673695,0.0,0.6007443382826892,58041.29204864452,0
2022-06-13,fixed_exposure_matched,268.2517395019531,-0.04649641869632515,0.1616871704745167,0.1616871704745167,2340748.075480387,0.0,3784.689331180942,2094544.113752933,2090759.424421752,-0.046576940112409315,0.18101983838851693,0.0,0.6007443382826892,55342.56395885919,0
2022-06-14,fixed_exposure_matched,268.7387390136719,0.0018154570502428857,0.1616871704745167,0.1616871704745167,2340748.075480387,0.0,3784.689331180942,2098346.0678869523,2094561.3785557714,0.0018184560545844164,0.18069125927407947,0.0,0.6007443382826892,55443.02013376094,0
2022-06-15,fixed_exposure_matched,275.44970703125,0.024972090150488846,0.1616871704745167,0.1616871704745167,2340748.075480387,0.0,3784.689331180942,2150745.554316811,2146960.86498563,0.025016925723126082,0.17628124447467625,0.0,0.6007443382826892,56827.53235774072,0
2022-06-16,fixed_exposure_matched,264.33624267578125,-0.04034661889913693,0.1616871704745167,0.1616871704745167,2340748.075480387,0.0,3784.689331180942,2063969.6423434392,2060184.9530122583,-0.04041802223253499,0.18370628936238148,0.0,0.6007443382826892,54534.71769370871,0
2022-06-17,fixed_exposure_matched,267.550537109375,0.012159870326734712,0.1616871704745167,0.1616871704745167,2340748.075480387,0.0,3784.689331180942,2089066.6448083143,2085281.9554771334,0.012181917176018686,0.18149532830513404,0.0,0.6007443382826892,55197.83691615342,0
2022-06-21,fixed_exposure_matched,274.3006286621094,0.025229220713449463,0.1616871704745167,0.1616871704745167,2340748.075480387,0.0,3784.689331180942,2141771.5675309505,2137986.8781997696,0.02527472248258955,0.17702116742492502,0.0,0.6007443382826892,56590.41945360018,0
2022-06-22,fixed_exposure_matched,273.90057373046875,-0.0014584543010049966,0.1616871704745167,0.1616871704745167,2340748.075480387,0.0,3784.689331180942,2138647.2908321763,2134862.6015009955,-0.0014613170598151148,0.17728023004946425,0.0,0.6007443382826892,56507.86903993652,0
2022-06-23,fixed_exposure_matched,277.979736328125,0.01489285890167702,0.1616871704745167,0.1616871704745167,2340748.075480387,0.0,3784.689331180942,2170497.2624306553,2166712.5730994744,0.01491897959900812,0.17467426820563273,0.0,0.6007443382826892,57349.41688736687,0
2022-06-24,fixed_exposure_matched,287.50433349609375,0.034263638399620655,0.1616871704745167,0.1616871704745167,2340748.075480387,0.0,3784.689331180942,2244865.7950336076,2241081.1057024268,0.03432321089851276,0.16887783853742763,0.0,0.6007443382826892,59314.40069700883,0
2022-06-27,fixed_exposure_matched,285.396484375,-0.007331538608347232,0.1616871704745167,0.1616871704745167,2340748.075480387,0.0,3784.689331180942,2228406.8740424225,2224622.1847112416,-0.0073441880123416015,0.1701272853067497,0.0,0.6007443382826892,58879.51900525186,0
2022-06-28,fixed_exposure_matched,276.7013854980469,-0.03046673436077829,0.1616871704745167,0.1616871704745167,2340748.075480387,0.0,3784.689331180942,2160513.9930189014,2156729.3036877206,-0.030518836632177915,0.1754828167220442,0.0,0.6007443382826892,57085.63646741259,0
2022-06-29,fixed_exposure_matched,276.95501708984375,0.0009166256661141681,0.1616871704745167,0.1616871704745167,2340748.075480387,0.0,3784.689331180942,2162493.774852563,2158709.0855213823,0.0009179556424983026,0.1753218790139499,0.0,0.6007443382826892,57137.94675394921,0
2022-06-30,fixed_exposure_matched,273.5200500488281,-0.012402617136563099,0.1616871704745167,0.1616871704745167,2340748.075480387,0.0,3784.689331180942,2135672.5917585273,2131887.9024273464,-0.012424639926670755,0.1775275954646458,0.0,0.6007443382826892,56429.27080337478,0
2022-07-01,fixed_exposure_matched,275.3253173828125,0.006600127974757619,0.1616871704745167,0.1616871704745167,2131887.9024273464,-337.70010405764015,3446.989227123302,2149427.5901169293,2145980.600889806,0.006610431273808448,0.16062536752168438,0.2363900728403481,0.5471411471624289,62356.6668907388,-1
2022-07-05,fixed_exposure_matched,280.0389099121094,0.017120083885141302,0.1616871704745167,0.1616871704745167,2131887.9024273464,0.0,3446.989227123302,2186225.423623621,2182778.434396498,0.017147328121901007,0.15791750425994736,0.0,0.5471411471624289,63424.20238569018,0
2022-07-06,fixed_exposure_matched,281.83447265625,0.006411833072426099,0.1616871704745167,0.1616871704745167,2131887.9024273464,0.0,3446.989227123302,2200242.5889574424,2196795.5997303193,0.0064217078164861,0.15690987488988312,0.0,0.5471411471624289,63830.85191112312,0
2022-07-07,fixed_exposure_matched,287.8653869628906,0.021398781525198585,0.1616871704745167,0.1616871704745167,2131887.9024273464,0.0,3446.989227123302,2247324.552279833,2243877.5630527097,0.02143210926322414,0.1536175272608816,0.0,0.5471411471624289,65196.73849272067,0
2022-07-08,fixed_exposure_matched,288.2265319824219,0.0012545621526141026,0.1616871704745167,0.1616871704745167,2131887.9024273464,0.0,3446.989227123302,2250143.413466616,2246696.424239493,0.0012562455426259334,0.15342478805475948,0.0,0.5471411471624289,65278.51598029164,0
2022-07-11,fixed_exposure_matched,282.0687561035156,-0.02136436169339817,0.1616871704745167,0.1616871704745167,2131887.9024273464,0.0,3446.989227123302,2202069.9885781505,2198622.9993510274,-0.021397383451455143,0.15677945824003287,0.0,0.5471411471624289,63883.86628106455,0
2022-07-12,fixed_exposure_matched,279.3362121582031,-0.009687510176808467,0.1616871704745167,0.1616871704745167,2131887.9024273464,0.0,3446.989227123302,2180736.8660126077,2177289.8767854846,-0.009702947059063716,0.15831558598951376,0.0,0.5471411471624289,63264.97480331698,0
2022-07-13,fixed_exposure_matched,278.7604064941406,-0.0020613355483477536,0.1616871704745167,0.1616871704745167,2131887.9024273464,0.0,3446.989227123302,2176241.088447956,2172794.099220833,-0.0020648502583814343,0.1586431603601739,0.0,0.5471411471624289,63134.548588773694,0
2022-07-14,fixed_exposure_matched,279.755859375,0.0035709980961027288,0.1616871704745167,0.1616871704745167,2131887.9024273464,0.0,3446.989227123302,2184011.8940903167,2180564.9048631936,0.0035764114257983426,0.1580778090776235,0.0,0.5471411471624289,63359.98606856663,0
2022-07-15,fixed_exposure_matched,284.8304138183594,0.01813922487520503,0.1616871704745167,0.1616871704745167,2131887.9024273464,0.0,3446.989227123302,2223627.629826196,2220180.640599073,0.018167648047314078,0.15525715178712657,0.0,0.5471411471624289,64509.27123093834,0
2022-07-18,fixed_exposure_matched,282.4200134277344,-0.008462580797857333,0.1616871704745167,0.1616871704745167,2131887.9024273464,0.0,3446.989227123302,2204809.4542032965,2201362.4649761734,-0.008475965999695356,0.1565843554600905,0.0,0.5471411471624289,63963.340437919745,0
2022-07-19,fixed_exposure_matched,291.10528564453125,0.03075303379312122,0.1616871704745167,0.1616871704745167,2131887.9024273464,0.0,3446.989227123302,2272613.4867146565,2269166.4974875334,0.03080093968627473,0.15190552261986406,0.0,0.5471411471624289,65930.39133491214,0
2022-07-20,fixed_exposure_matched,295.72125244140625,0.015856691803636913,0.1616871704745167,0.1616871704745167,2131887.9024273464,0.0,3446.989227123302,2308649.0712211323,2305202.081994009,0.015880537874314316,0.14953089163192332,0.0,0.5471411471624289,66975.81335778715,0
2022-07-21,fixed_exposure_matched,299.96630859375,0.014354924163541005,0.1616871704745167,0.1616871704745167,2131887.9024273464,0.0,3446.989227123302,2341789.006417594,2338342.017190471,0.014376151859014197,0.1474116789495523,0.0,0.5471411471624289,67937.23020631378,0
2022-07-22,fixed_exposure_matched,294.70635986328125,-0.01753513171238308,0.1616871704745167,0.1616871704745167,2131887.9024273464,0.0,3446.989227123302,2300724.8806063035,2297277.8913791804,-0.01756121453123838,0.1500466809025828,0.0,0.5471411471624289,66745.92605345571,0
2022-07-25,fixed_exposure_matched,293.0278015136719,-0.0056956977460143055,0.1616871704745167,0.1616871704745167,2131887.9024273464,0.0,3446.989227123302,2287620.0999484877,2284173.1107213646,-0.005704482120771348,0.1509075302105587,0.0,0.5471411471624289,66365.74555986152,0
2022-07-26,fixed_exposure_matched,287.2701721191406,-0.019648747882588302,0.1616871704745167,0.1616871704745167,2131887.9024273464,0.0,3446.989227123302,2242670.6822123113,2239223.692985188,-0.01967863885849741,0.1539367968426593,0.0,0.5471411471624289,65061.72588429992,0
2022-07-27,fixed_exposure_matched,299.41009521484375,0.04225960184501254,0.1616871704745167,0.1616871704745167,2131887.9024273464,0.0,3446.989227123302,2337444.505170939,2333997.515943816,0.04232441057832914,0.147686070939515,0.0,0.5471411471624289,67811.19264250391,0
2022-07-28,fixed_exposure_matched,302.3377380371094,0.009778036442508409,0.1616871704745167,0.1616871704745167,2131887.9024273464,0.0,3446.989227123302,2360299.575583694,2356852.586356571,0.009792242818010388,0.14625391707047575,0.0,0.5471411471624289,68474.23708235638,0
2022-07-29,fixed_exposure_matched,307.8514404296875,0.018236897677329944,0.1616871704745167,0.1616871704745167,2131887.9024273464,0.0,3446.989227123302,2403343.5702903117,2399896.5810631886,0.018263337705460403,0.14363074035449627,0.0,0.5471411471624289,69722.97886454467,0
2022-08-01,fixed_exposure_matched,307.6660461425781,-0.000602219976137186,0.1616871704745167,0.1616871704745167,2399896.5810631886,433.33564911243366,3880.3248762357357,2402328.3843916263,2398448.0595153905,-0.0006035766537724196,0.16178482001481242,0.30333495437870356,0.6159245835294819,61910.496183043855,1
2022-08-02,fixed_exposure_matched,306.7486877441406,-0.00298166928050414,0.1616871704745167,0.1616871704745167,2399896.5810631886,0.0,3880.3248762357357,2395164.819721619,2391284.4948453833,-0.0029867499700846345,0.1622694783744931,0.0,0.6159245835294819,61725.88368541823,0
2022-08-03,fixed_exposure_matched,315.10223388671875,0.027232540761660262,0.1616871704745167,0.1616871704745167,2399896.5810631886,0.0,3880.3248762357357,2460390.627380999,2456510.302504763,0.027276473292901615,0.15796086311053492,0.0,0.6159245835294819,63406.820455914996,0
2022-08-04,fixed_exposure_matched,316.5757751464844,0.004676391028999749,0.1616871704745167,0.1616871704745167,2399896.5810631886,0.0,3880.3248762357357,2471895.7601141348,2468015.435237899,0.0046835271651028965,0.15722449790358384,0.0,0.6159245835294819,63703.31966925656,0
2022-08-05,fixed_exposure_matched,313.9897766113281,-0.008168655779045908,0.1616871704745167,0.1616871704745167,2399896.5810631886,0.0,3880.3248762357357,2451703.0786034954,2447822.7537272596,-0.008181748469775263,0.15852148078643474,0.0,0.6159245835294819,63182.93330588,0
2022-08-08,fixed_exposure_matched,312.9748229980469,-0.0032324415916815674,0.1616871704745167,0.1616871704745167,2399896.5810631886,0.0,3880.3248762357357,2443777.47567718,2439897.1508009443,-0.003237817327356396,0.15903641163570942,0.0,0.6159245835294819,62978.68229136175,0
2022-08-09,fixed_exposure_matched,309.4323425292969,-0.01131873942707562,0.1616871704745167,0.1616871704745167,2399896.5810631886,0.0,3880.3248762357357,2416116.37928765,2412236.054411414,-0.011336992782851496,0.16086008121549844,0.0,0.6159245835294819,62265.827124029376,0
2022-08-10,fixed_exposure_matched,318.06890869140625,0.02791100016085646,0.1616871704745167,0.1616871704745167,2399896.5810631886,0.0,3880.3248762357357,2483551.9880140116,2479671.663137776,0.027955642484920995,0.15648543046725685,0.0,0.6159245835294819,64003.712761888135,0
2022-08-11,fixed_exposure_matched,316.2635803222656,-0.005675903302111762,0.1616871704745167,0.1616871704745167,2399896.5810631886,0.0,3880.3248762357357,2469454.971159693,2465574.646283457,-0.00568503365339923,0.1573801418701655,0.0,0.6159245835294819,63640.41800425965,0
2022-08-12,fixed_exposure_matched,322.42138671875,0.019470488477395076,0.1616871704745167,0.1616871704745167,2399896.5810631886,0.0,3880.3248762357357,2517535.84979652,2513655.5249202843,0.019500881350034582,0.15436979481740215,0.0,0.6159245835294819,64879.51215669231,0
2022-08-15,fixed_exposure_matched,325.0269775390625,0.008081321300765332,0.1616871704745167,0.1616871704745167,2399896.5810631886,0.0,3880.3248762357357,2537880.2499603373,2533999.9250841015,0.008093551388455467,0.15313042584667602,0.0,0.6159245835294819,65403.808467251576,0
2022-08-16,fixed_exposure_matched,324.2657775878906,-0.002341959294995366,0.1616871704745167,0.1616871704745167,2399896.5810631886,0.0,3880.3248762357357,2531936.0217947736,2528055.696918538,-0.0023457886114051085,0.15349048207147836,0.0,0.6159245835294819,65250.619537067716,0
2022-08-17,fixed_exposure_matched,320.567138671875,-0.011406195693941634,0.1616871704745167,0.1616871704745167,2399896.5810631886,0.0,3880.3248762357357,2503055.6481210585,2499175.3232448227,-0.011423946754384295,0.1552642121641025,0.0,0.6159245835294819,64506.342328461105,0
2022-08-18,fixed_exposure_matched,321.3382263183594,0.002405385809908678,0.1616871704745167,0.1616871704745167,2399896.5810631886,0.0,3880.3248762357357,2509075.846733877,2505195.521857641,0.0024088740621055482,0.1548910990132385,0.0,0.6159245835294819,64661.489095931225,0
2022-08-19,fixed_exposure_matched,315.0730285644531,-0.01949720649699216,0.1616871704745167,0.1616871704745167,2399896.5810631886,0.0,3880.3248762357357,2460155.2609089073,2456274.9360326715,-0.019527651793299627,0.1579759993196512,0.0,0.6159245835294819,63400.75481760897,0
2022-08-22,fixed_exposure_matched,306.77801513671875,-0.026327272332793528,0.1616871704745167,0.1616871704745167,2399896.5810631886,0.0,3880.3248762357357,2395385.46744942,2391505.1425731843,-0.026369113859909366,0.1622545068860119,0.0,0.6159245835294819,61731.57000640522,0
2022-08-23,fixed_exposure_matched,306.5242919921875,-0.0008270577812369284,0.1616871704745167,0.1616871704745167,2399896.5810631886,0.0,3880.3248762357357,2393403.7293349206,2389523.404458685,-0.0008286572665978653,0.16238907177035047,0.0,0.6159245835294819,61680.49855806758,0
2022-08-24,fixed_exposure_matched,307.41229248046875,0.0028969987419589227,0.1616871704745167,0.1616871704745167,2399896.5810631886,0.0,3880.3248762357357,2400336.80100322,2396456.476126984,0.0029014453908937643,0.1619192718453579,0.0,0.6159245835294819,61859.17101177783,0
2022-08-25,fixed_exposure_matched,312.8480224609375,0.01768221412555948,0.1616871704745167,0.1616871704745167,2399896.5810631886,0.0,3880.3248762357357,2442779.4543674355,2438899.1294911997,0.01771058802320047,0.15910149088639203,0.0,0.6159245835294819,62952.9622462218,0
2022-08-26,fixed_exposure_matched,300.02490234375,-0.040988336817083804,0.1616871704745167,0.1616871704745167,2399896.5810631886,0.0,3880.3248762357357,2342653.3713973872,2338773.0465211514,-0.041053802414098395,0.16591284400201176,0.0,0.6159245835294819,60372.60915302463,0
2022-08-29,fixed_exposure_matched,297.0679931640625,-0.009855545844990043,0.1616871704745167,0.1616871704745167,2399896.5810631886,0.0,3880.3248762357357,2319564.627772076,2315684.3028958403,-0.009872160815114106,0.16756709329433464,0.0,0.6159245835294819,59777.58826271945,0
2022-08-30,fixed_exposure_matched,293.75970458984375,-0.011136469260731419,0.1616871704745167,0.1616871704745167,2399896.5810631886,0.0,3880.3248762357357,2293732.2516720286,2289851.9267957928,-0.0111553962980806,0.16945745839843468,0.0,0.6159245835294819,59111.86111553513,0
2022-08-31,fixed_exposure_matched,292.0519104003906,-0.005813575390939296,0.1616871704745167,0.1616871704745167,2399896.5810631886,0.0,3880.3248762357357,2280396.8503757203,2276516.5254994845,-0.005823695908131699,0.17045010799490523,0.0,0.6159245835294819,58768.19398142535,0
2022-09-01,fixed_exposure_matched,292.1788024902344,0.0004344847108508354,0.1616871704745167,0.1616871704745167,2276516.5254994845,-199.48972077084,3680.8351554648957,2281187.347582851,2277506.5124273864,0.00043486920336976986,0.1616168882670649,0.139642804539588,0.5842595484864914,61974.7218018171,-1
2022-09-02,fixed_exposure_matched,288.0508728027344,-0.014128094346056996,0.1616871704745167,0.1616871704745167,2276516.5254994845,0.0,3680.8351554648957,2248957.9332556203,2245277.0981001556,-0.014151184267253925,0.16393678796169256,0.0,0.5842595484864914,61099.121212114514,0
2022-09-06,fixed_exposure_matched,285.98193359375,-0.007182547960551511,0.1616871704745167,0.1616871704745167,2276516.5254994845,0.0,3680.8351554648957,2232804.1007792004,2229123.2656237357,-0.007194583016095657,0.16512479198564883,0.0,0.5842595484864914,60660.25797064508,0
2022-09-07,fixed_exposure_matched,291.7592468261719,0.020201672042083674,0.1616871704745167,0.1616871704745167,2276516.5254994845,0.0,3680.8351554648957,2277909.8926978125,2274229.057542348,0.020234767908176243,0.1618497988695387,0.0,0.5842595484864914,61885.680735140355,0
2022-09-08,fixed_exposure_matched,293.27178955078125,0.005184215208474674,0.1616871704745167,0.1616871704745167,2276516.5254994845,0.0,3680.8351554648957,2289718.4835475227,2286037.648392058,0.0051923489459198,0.16101375924643688,0.0,0.5842595484864914,62206.4935493784,0
2022-09-09,fixed_exposure_matched,299.6833190917969,0.02186207391729189,0.1616871704745167,0.1616871704745167,2276516.5254994845,0.0,3680.8351554648957,2339775.8940250794,2336095.0588696147,0.02189701928695964,0.15756358635705395,0.0,0.5842595484864914,63566.44063647457,0
2022-09-12,fixed_exposure_matched,303.2453308105469,0.0118859192081322,0.1616871704745167,0.1616871704745167,2276516.5254994845,0.0,3680.8351554648957,2367585.697007048,2363904.8618515832,0.011904396987777233,0.15570995325851636,0.0,0.5842595484864914,64321.970341212356,0
2022-09-13,fixed_exposure_matched,286.61627197265625,-0.054836982298928305,0.1616871704745167,0.1616871704745167,2276516.5254994845,0.0,3680.8351554648957,2237753.857789528,2234073.0226340634,-0.05492261609709037,0.16475894557488727,0.0,0.5842595484864914,60794.731719163225,0
2022-09-14,fixed_exposure_matched,288.89007568359375,0.007933268042626729,0.1616871704745167,0.1616871704745167,2276516.5254994845,0.0,3680.8351554648957,2255505.9746972458,2251825.139541781,0.00794607728926744,0.16346007915223384,0.0,0.5842595484864914,61277.01674845505,0
2022-09-15,fixed_exposure_matched,284.07904052734375,-0.01665351481827737,0.1616871704745167,0.1616871704745167,2276516.5254994845,0.0,3680.8351554648957,2217943.2882653633,2214262.4531098986,-0.01668099612722418,0.16623301137113253,0.0,0.5842595484864914,60256.523168998945,0
2022-09-16,fixed_exposure_matched,282.3419494628906,-0.006114816007645296,0.1616871704745167,0.1616871704745167,2276516.5254994845,0.0,3680.8351554648957,2204380.3888826803,2200699.5537272156,-0.006125244712357425,0.16725750451627291,0.0,0.5842595484864914,59888.04974354423,0
2022-09-19,fixed_exposure_matched,284.5406188964844,0.007787257394008762,0.1616871704745167,0.1616871704745167,2276516.5254994845,0.0,3680.8351554648957,2221545.882105666,2217865.0469502015,0.007800016678293664,0.16596299042299406,0.0,0.5842595484864914,60354.397528706526,0
2022-09-20,fixed_exposure_matched,282.27252197265625,-0.007971083118552102,0.1616871704745167,0.1616871704745167,2276516.5254994845,0.0,3680.8351554648957,2203837.1709681763,2200156.3358127116,-0.007984575599782828,0.16729880034207836,0.0,0.5842595484864914,59873.2917364192,0
2022-09-21,fixed_exposure_matched,277.2181701660156,-0.017905929246383567,0.1616871704745167,0.1616871704745167,2276516.5254994845,0.0,3680.8351554648957,2164374.834254721,2160693.9990992565,-0.017936151204854367,0.1703543008403481,0.0,0.5842595484864914,58801.18893782292,0
2022-09-22,fixed_exposure_matched,273.8061828613281,-0.012307949737364599,0.1616871704745167,0.1616871704745167,2276516.5254994845,0.0,3680.8351554648957,2137735.2333223484,2134054.3981668837,-0.012329187262739683,0.17248084953348283,0.0,0.5842595484864914,58077.450986863034,0
2022-09-23,fixed_exposure_matched,269.34820556640625,-0.016281507043906518,0.1616871704745167,0.1616871704745167,2276516.5254994845,0.0,3680.8351554648957,2102929.097803455,2099248.26264799,-0.01630986330469897,0.1753406312611112,0.0,0.5842595484864914,57131.846686512414,0
2022-09-26,fixed_exposure_matched,268.23370361328125,-0.004137773818768675,0.1616871704745167,0.1616871704745167,2276516.5254994845,0.0,3680.8351554648957,2094227.0685802884,2090546.2334248235,-0.004145307335965076,0.17607049758640314,0.0,0.5842595484864914,56895.43215405918,0
2022-09-27,fixed_exposure_matched,268.34124755859375,0.0004009337524100154,0.1616871704745167,0.1616871704745167,2276516.5254994845,0.0,3680.8351554648957,2095066.1306377444,2091385.2954822795,0.0004013602014825146,0.1759998582478359,0.0,0.5842595484864914,56918.22758015182,0
2022-09-28,fixed_exposure_matched,273.67919921875,0.019892400846763802,0.1616871704745167,0.1616871704745167,2276516.5254994845,0.0,3680.8351554648957,2136741.44164932,2133060.6064938554,0.019927132079201826,0.17256120825910995,0.0,0.5842595484864914,58050.45190564765,0
2022-09-29,fixed_exposure_matched,265.78961181640625,-0.028827866439486538,0.1616871704745167,0.1616871704745167,2276516.5254994845,0.0,3680.8351554648957,2075143.160494189,2071462.325338724,-0.028877886060809765,0.17769259476457086,0.0,0.5842595484864914,56376.96535834392,0
2022-09-30,fixed_exposure_matched,261.28271484375,-0.01695663326288832,0.1616871704745167,0.1616871704745167,2276516.5254994845,0.0,3680.8351554648957,2039955.1346941495,2036274.2995386845,-0.016987045996255667,0.18076322803360945,0.0,0.5842595484864914,55420.98595927205,0
2022-10-03,fixed_exposure_matched,267.4123840332031,0.02345991082157406,0.1616871704745167,0.1616871704745167,2036274.2995386845,-388.4408574410122,3292.3942980238835,2087413.9456989493,2084121.5514009255,0.02349744917621388,0.15797515724602385,0.27190860020870855,0.5226022695276006,63401.092237094104,-1
2022-10-04,fixed_exposure_matched,275.82012939453125,0.03144112189016712,0.1616871704745167,0.1616871704745167,2036274.2995386845,0.0,3292.3942980238835,2153044.0593986353,2149751.6651006113,0.03149054029769505,0.15315230830951793,0.0,0.5226022695276006,65394.47783307444,0
2022-10-05,fixed_exposure_matched,275.6734619140625,-0.0005317504592239342,0.1616871704745167,0.1616871704745167,2036274.2995386845,0.0,3292.3942980238835,2151898.654629051,2148606.260331027,-0.000532807946228786,0.15323395257708303,0.0,0.5226022695276006,65359.68841644012,0
2022-10-06,fixed_exposure_matched,273.5031433105469,-0.007872787567024475,0.1616871704745167,0.1616871704745167,2036274.2995386845,0.0,3292.3942980238835,2134956.6910531214,2131664.2967550973,-0.007885094579087593,0.154451819783992,0.0,0.5226022695276006,64845.109601074706,0
2022-10-07,fixed_exposure_matched,263.0815124511719,-0.03810424528665046,0.1616871704745167,0.1616871704745167,2036274.2995386845,0.0,3292.3942980238835,2053605.2550185882,2050312.8607205644,-0.038163343148529205,0.16058009297502043,0.0,0.5226022695276006,62374.219766179755,0
2022-10-10,fixed_exposure_matched,260.4517517089844,-0.00999599218388858,0.1616871704745167,0.1616871704745167,2036274.2995386845,0.0,3292.3942980238835,2033076.9103383604,2029784.5160403366,-0.010012298646467688,0.16220412915783894,0.0,0.5226022695276006,61750.711679905,0
2022-10-11,fixed_exposure_matched,256.87353515625,-0.013738500621537364,0.1616871704745167,0.1616871704745167,2036274.2995386845,0.0,3292.3942980238835,2005144.9593397742,2001852.5650417504,-0.01376104250370147,0.1644673716495809,0.0,0.5226022695276006,60902.33361609438,0
2022-10-12,fixed_exposure_matched,256.78558349609375,-0.0003423928436331325,0.1616871704745167,0.1616871704745167,2036274.2995386845,0.0,3292.3942980238835,2004457.88945298,2001165.4951549561,-0.00034321702746376026,0.16452383903256057,0.0,0.5226022695276006,60881.4652198878,0
2022-10-13,fixed_exposure_matched,262.80780029296875,0.02345231657822655,0.1616871704745167,0.1616871704745167,2036274.2995386845,0.0,3292.3942980238835,2051466.5478418856,2048174.1535438618,0.023490640080852332,0.1607477710001957,0.0,0.5226022695276006,62309.26074295503,0
2022-10-14,fixed_exposure_matched,254.9084930419922,-0.03005735462254433,0.1616871704745167,0.1616871704745167,2036274.2995386845,0.0,3292.3942980238835,1989804.3677148458,1986511.973416822,-0.030105926305313724,0.16573745047007846,0.0,0.5226022695276006,60436.39332351959,0
2022-10-17,fixed_exposure_matched,263.3259582519531,0.033021517288458035,0.1616871704745167,0.1616871704745167,2036274.2995386845,0.0,3292.3942980238835,2055510.2044417216,2052217.8101436978,0.033075983234000406,0.1604310362063054,0.0,0.5226022695276006,62432.07885748836,0
2022-10-18,fixed_exposure_matched,265.4083557128906,0.00790805993742949,0.1616871704745167,0.1616871704745167,2036274.2995386845,0.0,3292.3942980238835,2071764.7797381752,2068472.3854401514,0.007920492267492474,0.15917032884745488,0.0,0.5226022695276006,62925.77960609584,0
2022-10-19,fixed_exposure_matched,264.4404602050781,-0.003646816262482422,0.1616871704745167,0.1616871704745167,2036274.2995386845,0.0,3292.3942980238835,2064208.9116451184,2060916.5173470946,-0.0036528735632354037,0.15975388960742587,0.0,0.5226022695276006,62696.28497668308,0
2022-10-20,fixed_exposure_matched,263.0913391113281,-0.005101795287694388,0.1616871704745167,0.1616871704745167,2036274.2995386845,0.0,3292.3942980238835,2053677.2177446012,2050384.8234465774,-0.005110199181708741,0.1605744570665306,0.0,0.5226022695276006,62376.40549241722,0
2022-10-21,fixed_exposure_matched,269.26019287109375,0.023447574445448538,0.1616871704745167,0.1616871704745167,2036274.2995386845,0.0,3292.3942980238835,2101830.44459232,2098538.050294296,0.02348497038071895,0.15688990235665076,0.0,0.5226022695276006,63838.96503082429,0
2022-10-24,fixed_exposure_matched,272.2223815917969,0.011001212949889094,0.1616871704745167,0.1616871704745167,2036274.2995386845,0.0,3292.3942980238835,2124952.6062955707,2121660.2119975467,0.011018223710553166,0.1551800933724486,0.0,0.5226022695276006,64541.255206613045,0
2022-10-25,fixed_exposure_matched,277.85357666015625,0.020686010589693105,0.1616871704745167,0.1616871704745167,2036274.2995386845,0.0,3292.3942980238835,2168908.8758097272,2165616.481511703,0.020717864842632716,0.152030349146846,0.0,0.5226022695276006,65876.34042227325,0
2022-10-26,fixed_exposure_matched,271.7139892578125,-0.022096485048501258,0.1616871704745167,0.1616871704745167,2036274.2995386845,0.0,3292.3942980238835,2120983.0906615667,2117690.6963635427,-0.022130319729884107,0.155470971453835,0.0,0.5226022695276006,64420.68897806665,0
2022-10-27,fixed_exposure_matched,266.7672119140625,-0.018205825019396826,0.1616871704745167,0.1616871704745167,2036274.2995386845,0.0,3292.3942980238835,2082368.3210416134,2079075.9267435896,-0.01823437657173521,0.15835854071864935,0.0,0.5226022695276006,63247.84131388711,0
2022-10-28,fixed_exposure_matched,274.9305114746094,0.030600835469902554,0.1616871704745167,0.1616871704745167,2036274.2995386845,0.0,3292.3942980238835,2146090.0088192755,2142797.6145212515,0.030649043143637256,0.1536493356027689,0.0,0.5226022695276006,65183.262226744,0
2022-10-31,fixed_exposure_matched,271.73358154296875,-0.011628138013833667,0.1616871704745167,0.1616871704745167,2036274.2995386845,0.0,3292.3942980238835,2121134.455404346,2117842.061106322,-0.011646248458469177,0.15545985975479196,0.0,0.5226022695276006,64425.286384363644,0
2022-11-01,fixed_exposure_matched,268.9571228027344,-0.010217576806182627,0.1616871704745167,0.1616871704745167,2117842.061106322,131.88460569811286,3424.2789037219964,2099591.5033423426,2096167.2244386205,-0.010234397109092686,0.16335905188285066,0.092319223988679,0.5435363339241264,61314.85087444852,1
2022-11-02,fixed_exposure_matched,259.7380065917969,-0.03427727109387335,0.1616871704745167,0.1616871704745167,2117842.061106322,0.0,3424.2789037219964,2027622.69265955,2024198.413755828,-0.0343335254190259,0.1691671567595179,0.0,0.5435363339241264,59213.129235928754,0
2022-11-03,fixed_exposure_matched,254.66412353515625,-0.019534619223495864,0.1616871704745167,0.1616871704745167,2117842.061106322,0.0,3424.2789037219964,1988013.3118931926,1984589.0329894705,-0.019567933902716494,0.1725434760950916,0.0,0.5435363339241264,58056.407430257364,0
2022-11-04,fixed_exposure_matched,258.7604064941406,0.016085041356125318,0.1616871704745167,0.1616871704745167,2117842.061106322,0.0,3424.2789037219964,2019990.0446951885,2016565.7657914665,0.016112521167079175,0.1698074499632313,0.0,0.5435363339241264,58990.231271745244,0
2022-11-07,fixed_exposure_matched,261.60528564453125,0.01099425985967084,0.1616871704745167,0.1616871704745167,2117842.061106322,0.0,3424.2789037219964,2042197.7966241818,2038773.5177204597,0.011012659396346214,0.1679577880504678,0.0,0.5435363339241264,59638.76933051303,0
2022-11-08,fixed_exposure_matched,263.51171875,0.007287441080449764,0.1616871704745167,0.1616871704745167,2117842.061106322,0.0,3424.2789037219964,2057079.649205371,2053655.370301649,0.007299414305630414,0.1667406787546357,0.0,0.5435363339241264,60073.36747510381,0
2022-11-09,fixed_exposure_matched,257.43084716796875,-0.023076285225099635,0.1616871704745167,0.1616871704745167,2117842.061106322,0.0,3424.2789037219964,2009609.348953226,2006185.070049504,-0.023115027447459302,0.17068609246690786,0.0,0.5435363339241264,58687.08143980022,0
2022-11-10,fixed_exposure_matched,276.42626953125,0.07378844677027807,0.1616871704745167,0.1616871704745167,2117842.061106322,0.0,3424.2789037219964,2157894.7578911805,2154470.4789874586,0.07391412245645679,0.15893830698164463,0.0,0.5435363339241264,63017.49415170802,0
2022-11-11,fixed_exposure_matched,281.5197448730469,0.01842616242817341,0.1616871704745167,0.1616871704745167,2117842.061106322,0.0,3424.2789037219964,2197655.9336666535,2194231.6547629316,0.018455196375751548,0.15605822185132778,0.0,0.5435363339241264,64178.648861747984,0
2022-11-14,fixed_exposure_matched,279.0561218261719,-0.008751155440219649,0.1616871704745167,0.1616871704745167,2117842.061106322,0.0,3424.2789037219964,2178423.361450682,2174999.08254696,-0.008765060049254259,0.1574381769261304,0.0,0.5435363339241264,63616.99565659969,0
2022-11-15,fixed_exposure_matched,282.91778564453125,0.01383830533115793,0.1616871704745167,0.1616871704745167,2117842.061106322,0.0,3424.2789037219964,2208568.5055306302,2205144.2266269084,0.013859842204920758,0.1552859383243124,0.0,0.5435363339241264,64497.3311937308,0
2022-11-16,fixed_exposure_matched,279.0561218261719,-0.013649420482921948,0.1616871704745167,0.1616871704745167,2117842.061106322,0.0,3424.2789037219964,2178422.2817969704,2174998.0028932486,-0.01367086259921102,0.15743825507733417,0.0,0.5435363339241264,63616.96412722542,0
2022-11-17,fixed_exposure_matched,278.440185546875,-0.002207212926439772,0.1616871704745167,0.1616871704745167,2117842.061106322,0.0,3424.2789037219964,2173613.49644101,2170189.217537288,-0.0022109378259491663,0.15778711257296904,0.0,0.5435363339241264,63476.53206864709,0
2022-11-18,fixed_exposure_matched,278.4499816894531,3.5182215379236936e-05,0.1616871704745167,0.1616871704745167,2117842.061106322,0.0,3424.2789037219964,2173689.425442859,2170265.1465391372,3.4987272646835876e-05,0.15778159222538318,0.0,0.5435363339241264,63478.74944065398,0
2022-11-21,fixed_exposure_matched,275.58551025390625,-0.010287202815267293,0.1616871704745167,0.1616871704745167,2117842.061106322,0.0,3424.2789037219964,2151327.697929593,2147903.419025871,-0.010303684574636374,0.1594242494047984,0.0,0.5435363339241264,62825.71479768257,0
2022-11-22,fixed_exposure_matched,279.5547180175781,0.014402817332503925,0.1616871704745167,0.1616871704745167,2117842.061106322,0.0,3424.2789037219964,2182312.3342488953,2178888.0553451735,0.014425525861565314,0.1571571745194377,0.0,0.5435363339241264,63730.56621868172,0
2022-11-23,fixed_exposure_matched,282.3605041503906,0.010036625933947052,0.1616871704745167,0.1616871704745167,2117842.061106322,0.0,3424.2789037219964,2204214.8432824565,2200790.5643787347,0.010052149755849449,0.15559312908489512,0.0,0.5435363339241264,64370.190199361394,0
2022-11-25,fixed_exposure_matched,280.5029602050781,-0.0065786252610001705,0.1616871704745167,0.1616871704745167,2117842.061106322,0.0,3424.2789037219964,2189713.596297433,2186289.3173937113,-0.006589108123115306,0.15662514912729392,0.0,0.5435363339241264,63946.70696704462,0
2022-11-28,fixed_exposure_matched,276.3871765136719,-0.01467287079037305,0.1616871704745167,0.1616871704745167,2117842.061106322,0.0,3424.2789037219964,2157583.668094704,2154159.389190982,-0.014696100807477519,0.15896125982618312,0.0,0.5435363339241264,63008.409325231456,0
2022-11-29,fixed_exposure_matched,274.2950744628906,-0.007569461351900841,0.1616871704745167,0.1616871704745167,2117842.061106322,0.0,3424.2789037219964,2141251.378369235,2137827.099465513,-0.0075817461824877475,0.1601756711091423,0.0,0.5435363339241264,62531.45373298351,0
2022-11-30,fixed_exposure_matched,286.7989196777344,0.045585380048577484,0.1616871704745167,0.1616871704745167,2117842.061106322,0.0,3424.2789037219964,2238860.592695403,2235436.313791681,0.045658142489900966,0.15318168013088396,0.0,0.5435363339241264,65381.95794337572,0
2022-12-01,fixed_exposure_matched,287.15093994140625,0.001227411400529066,0.1616871704745167,0.1616871704745167,2235436.313791681,190.13481980761117,3614.4137235296075,2241798.2569303256,2238183.843206796,0.001229079709479386,0.16148868800477958,0.13309437386532783,0.5737164640523187,62023.84199507541,1
2022-12-02,fixed_exposure_matched,286.00701904296875,-0.003983691986768068,0.1616871704745167,0.1616871704745167,2235436.313791681,0.0,3614.4137235296075,2232867.049461778,2229252.635738248,-0.003990381529942355,0.16213567119245076,0.0,0.5737164640523187,61776.7422397152,0
2022-12-05,fixed_exposure_matched,281.20697021484375,-0.016782975621321583,0.1616871704745167,0.1616871704745167,2235436.313791681,0.0,3614.4137235296075,2195392.3224885445,2191777.9087650147,-0.016810444169699457,0.1649078453193369,0.0,0.5737164640523187,60739.92880772552,0
2022-12-06,fixed_exposure_matched,275.3802490234375,-0.02072040101621453,0.1616871704745167,0.1616871704745167,2235436.313791681,0.0,3614.4137235296075,2149902.3394621992,2146287.9257386695,-0.020754832341556506,0.16840302180266264,0.0,0.5737164640523187,59481.35725211725,0
2022-12-07,fixed_exposure_matched,274.25592041015625,-0.00408282226945611,0.1616871704745167,0.1616871704745167,2235436.313791681,0.0,3614.4137235296075,2141124.0965970233,2137509.6828734935,-0.004089965171916399,0.16909461288010097,0.0,0.5737164640523187,59238.48956909496,0
2022-12-08,fixed_exposure_matched,277.5016784667969,0.011834778449947514,0.1616871704745167,0.1616871704745167,2235436.313791681,0.0,3614.4137235296075,2166463.2521976293,2162848.8384740995,0.011854522018605262,0.1671135614858593,0.0,0.5737164640523187,59939.54809583886,0
2022-12-09,fixed_exposure_matched,275.73211669921875,-0.006376760592422315,0.1616871704745167,0.1616871704745167,2235436.313791681,0.0,3614.4137235296075,2152647.6609896203,2149033.2472660905,-0.006387682283777174,0.16818789230588743,0.0,0.5737164640523187,59557.312074597845,0
2022-12-12,fixed_exposure_matched,279.1930236816406,0.012551700628321116,0.1616871704745167,0.1616871704745167,2235436.313791681,0.0,3614.4137235296075,2179666.4762721537,2176052.062548624,0.012572544104147987,0.16609959778702874,0.0,0.5737164640523187,60304.84175296981,0
2022-12-13,fixed_exposure_matched,282.1943359375,0.01074995433726067,0.1616871704745167,0.1616871704745167,2235436.313791681,0.0,3614.4137235296075,2203097.217646073,2199482.8039225433,0.010767546318021903,0.16433016512262272,0.0,0.5737164640523187,60953.100175114094,0
2022-12-14,fixed_exposure_matched,280.1022033691406,-0.007413800710807772,0.1616871704745167,0.1616871704745167,2235436.313791681,0.0,3614.4137235296075,2186763.320211446,2183148.906487916,-0.007426244663289672,0.1655596516017866,0.0,0.5737164640523187,60501.190164694024,0
2022-12-15,fixed_exposure_matched,270.69732666015625,-0.03357658953003628,0.1616871704745167,0.1616871704745167,2235436.313791681,0.0,3614.4137235296075,2113338.692092903,2109724.278369373,-0.03363244160777967,0.17132161584276898,0.0,0.5737164640523187,58469.750663439554,0
2022-12-16,fixed_exposure_matched,268.116455078125,-0.009534159845144607,0.1616871704745167,0.1616871704745167,2235436.313791681,0.0,3614.4137235296075,2093189.2094790963,2089574.7957555668,-0.009550765860920962,0.17297364664195597,0.0,0.5737164640523187,57912.2748414927,0
2022-12-19,fixed_exposure_matched,264.348388671875,-0.014053842406472339,0.1616871704745167,0.1616871704745167,2235436.313791681,0.0,3614.4137235296075,2063771.2844856847,2060156.8707621552,-0.014078426411520018,0.1754436166888813,0.0,0.5737164640523187,57098.36898445417,0
2022-12-20,fixed_exposure_matched,264.142578125,-0.0007785579776332652,0.1616871704745167,0.1616871704745167,2235436.313791681,0.0,3614.4137235296075,2062163.945171674,2058549.5314481445,-0.0007802023898384469,0.17558060509658696,0.0,0.5737164640523187,57053.898720755606,0
2022-12-21,fixed_exposure_matched,267.9742126464844,0.01450593292714486,0.1616871704745167,0.1616871704745167,2235436.313791681,0.0,3614.4137235296075,2092076.9833286467,2088462.5696051172,0.01453112383258004,0.17306576503370202,0.0,0.5737164640523187,57881.50287581514,0
2022-12-22,fixed_exposure_matched,261.4183044433594,-0.024464698070682078,0.1616871704745167,0.1616871704745167,2235436.313791681,0.0,3614.4137235296075,2040894.377874424,2037279.9641508944,-0.024507312795124858,0.17741369802534906,0.0,0.5737164640523187,56465.43351106513,0
2022-12-23,fixed_exposure_matched,262.00616455078125,0.0022487335333063463,0.1616871704745167,0.1616871704745167,2235436.313791681,0.0,3614.4137235296075,2045483.2317834226,2041868.818059893,0.002252441485582013,0.17701498213601632,0.0,0.5737164640523187,56592.39335185827,0
2022-12-27,fixed_exposure_matched,258.3019104003906,-0.014138041968370096,0.1616871704745167,0.1616871704745167,2235436.313791681,0.0,3614.4137235296075,2016563.5302904074,2012949.1165668778,-0.014163349396996816,0.17955812662041143,0.0,0.5737164640523187,55792.27184654332,0
2022-12-28,fixed_exposure_matched,254.8916015625,-0.013202801452781965,0.1616871704745167,0.1616871704745167,2235436.313791681,0.0,3614.4137235296075,1989938.6686665982,1986324.2549430686,-0.01322679316863129,0.18196493923562357,0.0,0.5737164640523187,55055.64168573791,0
2022-12-29,fixed_exposure_matched,261.1046447753906,0.024375237060791033,0.1616871704745167,0.1616871704745167,2235436.313791681,0.0,3614.4137235296075,2038443.3217353174,2034828.9080117878,0.024419302612860294,0.17762740195494947,0.0,0.5737164640523187,56397.620130345866,0
2022-12-30,fixed_exposure_matched,260.9478759765625,-0.0006004060133169009,0.1616871704745167,0.1616871704745167,2235436.313791681,0.0,3614.4137235296075,2037218.8543906778,2033604.4406671482,-0.0006017544471765834,0.1777343543931216,0.0,0.5737164640523187,56363.74278706697,0
2023-01-03,fixed_exposure_matched,259.18389892578125,-0.006759882770380088,0.1616871704745167,0.1616871704745167,2033604.4406671482,-326.3362447707741,3288.0774787588334,2023122.6146991414,2019834.5372203826,-0.006771180850809078,0.16278944726253455,0.22843537133954187,0.5219170601204498,61529.04327129236,-1
2023-01-04,fixed_exposure_matched,260.41864013671875,0.004763958008406455,0.1616871704745167,0.1616871704745167,2033604.4406671482,0.0,3288.0774787588334,2032760.1639643656,2029472.0864856069,0.0047714548333681606,0.16201639335935517,0.0,0.5219170601204498,61822.149176718354,0
2023-01-05,fixed_exposure_matched,256.3419494628906,-0.015654373556700407,0.1616871704745167,0.1616871704745167,2033604.4406671482,0.0,3288.0774787588334,2000938.0550894279,1997649.977610669,-0.01567999337701831,0.16459727758171164,0.0,0.5219170601204498,60854.346286412074,0
2023-01-06,fixed_exposure_matched,263.41741943359375,0.027601685894674155,0.1616871704745167,0.1616871704745167,2033604.4406671482,0.0,3288.0774787588334,2056166.7968636465,2052878.7193848877,0.027646856252703467,0.16016910534997672,0.0,0.5219170601204498,62534.01296491948,0
2023-01-09,fixed_exposure_matched,265.1225891113281,0.006473260885331289,0.1616871704745167,0.1616871704745167,2033604.4406671482,0.0,3288.0774787588334,2069476.3790464408,2066188.301567682,0.006483374812703113,0.1591373582099979,0.0,0.5219170601204498,62938.79607203222,0
2023-01-10,fixed_exposure_matched,267.3667297363281,0.008464539489155598,0.1616871704745167,0.1616871704745167,2033604.4406671482,0.0,3288.0774787588334,2086993.0216616942,2083704.9441829354,0.008477757134702113,0.15779957176461748,0.0,0.5219170601204498,63471.52812376798,0
2023-01-11,fixed_exposure_matched,271.9921875,0.017300049891149083,0.1616871704745167,0.1616871704745167,2033604.4406671482,0.0,3288.0774787588334,2123097.5831418615,2119809.5056631025,0.017327098820281606,0.15511193199080794,0.0,0.5219170601204498,64569.57285396077,0
2023-01-12,fixed_exposure_matched,273.4621276855469,0.005404347084589922,0.1616871704745167,0.1616871704745167,2033604.4406671482,0.0,3288.0774787588334,2134571.017458554,2131282.939979795,0.005412483662348366,0.15427691073199346,0.0,0.5219170601204498,64918.513363751415,0
2023-01-13,fixed_exposure_matched,275.3437194824219,0.006880630282518174,0.1616871704745167,0.1616871704745167,2033604.4406671482,0.0,3288.0774787588334,2149257.6895244047,2145969.6120456457,0.00689100062237169,0.1532210642826612,0.0,0.5219170601204498,65365.17777968223,0
2023-01-17,fixed_exposure_matched,275.9022521972656,0.0020284926632561096,0.1616871704745167,0.1616871704745167,2033604.4406671482,0.0,3288.0774787588334,2153616.9210619917,2150328.8435832327,0.00203135753326511,0.1529104484912036,0.0,0.5219170601204498,65497.75469022488,0
2023-01-18,fixed_exposure_matched,272.3155822753906,-0.012999784863338415,0.1616871704745167,0.1616871704745167,2033604.4406671482,0.0,3288.0774787588334,2125619.8424930805,2122331.7650143215,-0.01301990560767341,0.15492759110339405,0.0,0.5219170601204498,64646.28209720437,0
2023-01-19,fixed_exposure_matched,269.64019775390625,-0.009824573750534693,0.1616871704745167,0.1616871704745167,2033604.4406671482,0.0,3288.0774787588334,2104736.011667847,2101447.934189088,-0.009840040642793868,0.15646723505560678,0.0,0.5219170601204498,64011.144058026635,0
2023-01-20,fixed_exposure_matched,277.0194091796875,0.027366881819735456,0.1616871704745167,0.1616871704745167,2033604.4406671482,0.0,3288.0774787588334,2162335.5514438422,2159047.4739650832,0.027409453662349037,0.1522929680059462,0.0,0.5219170601204498,65762.91359959284,0
2023-01-23,fixed_exposure_matched,283.1737060546875,0.022216121582325776,0.1616871704745167,0.1616871704745167,2033604.4406671482,0.0,3288.0774787588334,2210373.739039444,2207085.661560685,0.02224971343838944,0.14897824475166735,0.0,0.5219170601204498,67223.89461071351,0
2023-01-24,fixed_exposure_matched,282.595458984375,-0.0020420224687133226,0.1616871704745167,0.1616871704745167,2033604.4406671482,0.0,3288.0774787588334,2205859.5842830115,2202571.5068042525,-0.0020453011113489294,0.1492835746127289,0.0,0.5219170601204498,67086.60603446815,0
2023-01-25,fixed_exposure_matched,281.9683532714844,-0.002219093382265891,0.1616871704745167,0.1616871704745167,2033604.4406671482,0.0,3288.0774787588334,2200964.0539602614,2197675.9764815024,-0.0022226430822457344,0.14961611784204298,0.0,0.5219170601204498,66937.7187179625,0
2023-01-26,fixed_exposure_matched,287.4659729003906,0.019497293100878776,0.1616871704745167,0.1616871704745167,2033604.4406671482,0.0,3288.0774787588334,2243876.373307763,2240588.295829004,0.019526226707999417,0.1467506317372003,0.0,0.5219170601204498,68242.80716629494,0
2023-01-27,fixed_exposure_matched,290.32745361328125,0.009954154517905822,0.1616871704745167,0.1616871704745167,2033604.4406671482,0.0,3288.0774787588334,2266211.7435296867,2262923.6660509277,0.009968529365034229,0.14530218266252531,0.0,0.5219170601204498,68922.09074054801,0
2023-01-30,fixed_exposure_matched,284.4573974609375,-0.020218742937630374,0.1616871704745167,0.1616871704745167,2033604.4406671482,0.0,3288.0774787588334,2220391.2689279607,2217103.1914492017,-0.020248351850810864,0.1483051168497752,0.0,0.5219170601204498,67528.55683212497,0
2023-01-31,fixed_exposure_matched,288.72039794921875,0.014986428640396454,0.1616871704745167,0.1616871704745167,2033604.4406671482,0.0,3288.0774787588334,2253666.482316449,2250378.40483769,0.015008418875955831,0.14611220369384892,0.0,0.5219170601204498,68540.5528572627,0
2023-02-01,fixed_exposure_matched,294.8941650390625,0.021383203728229994,0.1616871704745167,0.1616871704745167,2250378.40483769,350.4956889927912,3638.5731677516246,2302214.2541084383,2298575.6809406867,0.021417409622926487,0.15829686174451071,0.24534698229495383,0.5775512964685119,63272.446312548396,1
2023-02-02,fixed_exposure_matched,305.4779052734375,0.035889961515423785,0.1616871704745167,0.1616871704745167,2250378.40483769,0.0,3638.5731677516246,2384840.0575373536,2381201.484369602,0.03594652293332401,0.15280408615715685,0.0,0.5775512964685119,65543.27610267661,0
2023-02-03,fixed_exposure_matched,300.0488586425781,-0.017772305417636525,0.1616871704745167,0.1616871704745167,2250378.40483769,0.0,3638.5731677516246,2342455.3741112896,2338816.800943538,-0.01779970477268744,0.15557324397035852,0.0,0.5775512964685119,64378.40510869149,0
2023-02-06,fixed_exposure_matched,297.5107727050781,-0.00845890882232414,0.1616871704745167,0.1616871704745167,2250378.40483769,0.0,3638.5731677516246,2322640.1801300226,2319001.606962271,-0.008472315562840671,0.1569025720735873,0.0,0.5775512964685119,63833.818176734545,0
2023-02-07,fixed_exposure_matched,303.6747741699219,0.02071858241904434,0.1616871704745167,0.1616871704745167,2250378.40483769,0.0,3638.5731677516246,2370761.414580534,2367122.8414127827,0.020750841356055316,0.15371290006985847,0.0,0.5775512964685119,65156.348526735645,0
2023-02-08,fixed_exposure_matched,298.2750549316406,-0.01778125711311085,0.1616871704745167,0.1616871704745167,2250378.40483769,0.0,3638.5731677516246,2328605.718762739,2324967.1455949876,-0.01780883318781845,0.1564999821457894,0.0,0.5775512964685119,63997.77086801443,0
2023-02-09,fixed_exposure_matched,295.6390075683594,-0.00883763935232662,0.1616871704745167,0.1616871704745167,2250378.40483769,0.0,3638.5731677516246,2308025.7636752524,2304387.190507501,-0.008851718669005137,0.1578976477017429,0.0,0.5775512964685119,63432.16577671422,0
2023-02-10,fixed_exposure_matched,293.6986389160156,-0.006563303903308837,0.1616871704745167,0.1616871704745167,2250378.40483769,0.0,3638.5731677516246,2292876.9116202886,2289238.338452537,-0.006573917836970589,0.15894252278734775,0.0,0.5775512964685119,63015.825322460696,0
2023-02-13,fixed_exposure_matched,298.402587890625,0.016016243697862365,0.1616871704745167,0.1616871704745167,2250378.40483769,0.0,3638.5731677516246,2329599.609454705,2325961.0362869534,0.016041448029932903,0.156433109196019,0.0,0.5775512964685119,64025.08626463128,0
2023-02-14,fixed_exposure_matched,300.60748291015625,0.007388994294980522,0.1616871704745167,0.1616871704745167,2250378.40483769,0.0,3638.5731677516246,2346812.430127258,2343173.8569595064,0.007400304821971959,0.15528396055395666,0.0,0.5775512964685119,64498.15138876041,0
2023-02-15,fixed_exposure_matched,302.9104309082031,0.007660980278176188,0.1616871704745167,0.1616871704745167,2250378.40483769,0.0,3638.5731677516246,2364790.736319745,2361152.1631519934,0.007672630069292197,0.15410159601464873,0.0,0.5775512964685119,64992.25458151264,0
2023-02-16,fixed_exposure_matched,297.22650146484375,-0.018764389942985793,0.1616871704745167,0.1616871704745167,2250378.40483769,0.0,3638.5731677516246,2320416.3032585843,2316777.730090833,-0.018793550773078316,0.15705318298311546,0.0,0.5775512964685119,63772.69870025547,0
2023-02-17,fixed_exposure_matched,295.1293640136719,-0.007055687971417091,0.1616871704745167,0.1616871704745167,2250378.40483769,0.0,3638.5731677516246,2304043.5923077064,2300405.019139955,-0.007067018444724127,0.1581709802177343,0.0,0.5775512964685119,63322.7225641154,0
2023-02-21,fixed_exposure_matched,288.1422119140625,-0.02367487939724522,0.1616871704745167,0.1616871704745167,2250378.40483769,0.0,3638.5731677516246,2249495.0605825293,2245856.4874147777,-0.023712577251101208,0.1620127193407631,0.0,0.5775512964685119,61823.54887128887,0
2023-02-22,fixed_exposure_matched,288.3577575683594,0.0007480530286245735,0.1616871704745167,0.1616871704745167,2250378.40483769,0.0,3638.5731677516246,2251177.2246241774,2247538.651456426,0.0007490078066316741,0.1618914613723682,0.0,0.5775512964685119,61869.78029124648,0
2023-02-23,fixed_exposure_matched,290.8762512207031,0.008733920230138859,0.1616871704745167,0.1616871704745167,2250378.40483769,0.0,3638.5731677516246,2270838.249376654,2267199.6762089026,0.008747802730661114,0.16048754796206852,0.0,0.5775512964685119,62410.13014395058,0
2023-02-24,fixed_exposure_matched,286.00579833984375,-0.016744071956441342,0.1616871704745167,0.1616871704745167,2250378.40483769,0.0,3638.5731677516246,2232814.592776356,2229176.0196086043,-0.01677119884909284,0.16322502735295352,0.0,0.5775512964685119,61365.11456099353,0
2023-02-27,fixed_exposure_matched,288.0539855957031,0.007161348713027316,0.1616871704745167,0.1616871704745167,2250378.40483769,0.0,3638.5731677516246,2248803.9791354667,2245165.405967715,0.007172778739077845,0.1620625882654432,0.0,0.5775512964685119,61804.5556721638,0
2023-02-28,fixed_exposure_matched,287.6815490722656,-0.0012929400114609635,0.1616871704745167,0.1616871704745167,2250378.40483769,0.0,3638.5731677516246,2245895.8329416136,2242257.259773862,-0.0012952926257117081,0.16227277899943493,0.0,0.5775512964685119,61724.63021622882,0
2023-03-01,fixed_exposure_matched,285.3688659667969,-0.008039038697222112,0.1616871704745167,0.1616871704745167,2242257.259773862,-13.130849663833487,3625.442318087791,2227827.3795556733,2224201.9372375854,-0.008052297504032913,0.16299969249152432,0.00919159476468344,0.5754670346171098,61449.80899132667,-1
2023-03-02,fixed_exposure_matched,287.7305908203125,0.008276042467051825,0.1616871704745167,0.1616871704745167,2242257.259773862,0.0,3625.442318087791,2246264.398091102,2242638.955773014,0.00828927366115284,0.1616596514010941,0.0,0.5754670346171098,61958.35434711522,0
2023-03-03,fixed_exposure_matched,293.6790771484375,0.02067380569846966,0.1616871704745167,0.1616871704745167,2242257.259773862,0.0,3625.442318087791,2292702.6563375928,2289077.214019505,0.02070697029807178,0.15838007979301388,0.0,0.5754670346171098,63239.253453268546,0
2023-03-06,fixed_exposure_matched,294.0122375488281,0.0011344369630466034,0.1616871704745167,0.1616871704745167,2242257.259773862,0.0,3625.442318087791,2295303.0075091827,2291677.5651910948,0.0011359822882619497,0.15820036697813022,0.0,0.5754670346171098,63310.978526885534,0
2023-03-07,fixed_exposure_matched,290.4059143066406,-0.012265895026184359,0.1616871704745167,0.1616871704745167,2242257.259773862,0.0,3625.442318087791,2267148.4862987553,2263523.0439806674,-0.012285550828822545,0.16016812056448212,0.0,0.5754670346171098,62534.39683725388,0
2023-03-08,fixed_exposure_matched,291.85626220703125,0.0049942092393449045,0.1616871704745167,0.1616871704745167,2242257.259773862,0.0,3625.442318087791,2278470.5247489605,2274845.0824308726,0.005001954135308573,0.1593709543602717,0.0,0.5754670346171098,62846.69082669947,0
2023-03-09,fixed_exposure_matched,286.79962158203125,-0.01732579108209442,0.1616871704745167,0.1616871704745167,2242257.259773862,0.0,3625.442318087791,2238993.6449834155,2235368.2026653276,-0.017353656330461154,0.1621854651848862,0.0,0.5754670346171098,61757.80631821923,0
2023-03-10,fixed_exposure_matched,282.7718811035156,-0.0140437440478407,0.1616871704745167,0.1616871704745167,2242257.259773862,0.0,3625.442318087791,2207549.2158414917,2203923.773523404,-0.014066778396700452,0.16449944238732955,0.0,0.5754670346171098,60890.47962031416,0
2023-03-13,fixed_exposure_matched,284.8690490722656,0.0074164657410977775,0.1616871704745167,0.1616871704745167,2242257.259773862,0.0,3625.442318087791,2223920.8535055327,2220295.411187445,0.007428404675660749,0.16328648430385462,0.0,0.5754670346171098,61342.05590336136,0
2023-03-14,fixed_exposure_matched,291.4152526855469,0.02297969412472267,0.1616871704745167,0.1616871704745167,2242257.259773862,0.0,3625.442318087791,2275025.299009647,2271399.8566915593,0.023016957674466987,0.15961268586890212,0.0,0.5754670346171098,62751.661711986366,0
2023-03-15,fixed_exposure_matched,292.9439697265625,0.005245837432761968,0.1616871704745167,0.1616871704745167,2242257.259773862,0.0,3625.442318087791,2286959.136416638,2283333.69409855,0.005253957101315043,0.15877847059577946,0.0,0.5754670346171098,63080.83085494724,0
2023-03-16,fixed_exposure_matched,300.66632080078125,0.02636118805048926,0.1616871704745167,0.1616871704745167,2242257.259773862,0.0,3625.442318087791,2347245.5208084667,2343620.078490379,0.026402791912388368,0.1546941140913542,0.0,0.5754670346171098,64743.70062647974,0
2023-03-17,fixed_exposure_matched,299.2453308105469,-0.004726136224535438,0.1616871704745167,0.1616871704745167,2242257.259773862,0.0,3625.442318087791,2336151.5432576607,2332526.100939573,-0.004733692825311553,0.1554298713582418,0.0,0.5754670346171098,64437.69720462258,0
2023-03-20,fixed_exposure_matched,300.3072814941406,0.003548762751677037,0.1616871704745167,0.1616871704745167,2242257.259773862,0.0,3625.442318087791,2344441.4153696117,2340815.973051524,0.003554031874975161,0.15487942494520868,0.0,0.5754670346171098,64666.35543125032,0
2023-03-21,fixed_exposure_matched,304.59637451171875,0.014282347721434885,0.1616871704745167,0.1616871704745167,2242257.259773862,0.0,3625.442318087791,2377924.967409419,2374299.525091331,0.014304222299097447,0.1526952383123748,0.0,0.5754670346171098,65589.92693238147,0
2023-03-22,fixed_exposure_matched,300.4544677734375,-0.013598017195447287,0.1616871704745167,0.1616871704745167,2242257.259773862,0.0,3625.442318087791,2345589.3273460674,2341963.8850279795,-0.013619023093603855,0.15480351090232453,0.0,0.5754670346171098,64698.01810509093,0
2023-03-23,fixed_exposure_matched,304.0173034667969,0.01185815514664279,0.1616871704745167,0.1616871704745167,2242257.259773862,0.0,3625.442318087791,2373403.1140330117,2369777.671714924,0.011876266267279334,0.15298660129007746,0.0,0.5754670346171098,65465.20136844552,0
2023-03-24,fixed_exposure_matched,305.1361999511719,0.0036803710565678216,0.1616871704745167,0.1616871704745167,2242257.259773862,0.0,3625.442318087791,2382137.542692432,2378512.1003743443,0.003685758695286978,0.15242480025715227,0.0,0.5754670346171098,65706.12172775847,0
2023-03-27,fixed_exposure_matched,303.045654296875,-0.00685118859916134,0.1616871704745167,0.1616871704745167,2242257.259773862,0.0,3625.442318087791,2365816.493651269,2362191.051333181,-0.006861873453826273,0.15347794650401594,0.0,0.5754670346171098,65255.94082266626,0
2023-03-28,fixed_exposure_matched,301.43597412109375,-0.005311675494954815,0.1616871704745167,0.1616871704745167,2242257.259773862,0.0,3625.442318087791,2353249.468689347,2349624.0263712592,-0.005320071361217482,0.15429882727607683,0.0,0.5754670346171098,64909.30656788242,0
2023-03-29,fixed_exposure_matched,306.9324035644531,0.018234152242065704,0.1616871704745167,0.1616871704745167,2242257.259773862,0.0,3625.442318087791,2396158.402297954,2392532.959979866,0.01826204240636531,0.15153155165387147,0.0,0.5754670346171098,66092.85687275222,0
2023-03-30,fixed_exposure_matched,309.8375244140625,0.009465018407544434,0.1616871704745167,0.1616871704745167,2242257.259773862,0.0,3625.442318087791,2418837.510216062,2415212.067897974,0.009479120370529337,0.15010865365719683,0.0,0.5754670346171098,66718.41110664415,0
2023-03-31,fixed_exposure_matched,314.9903869628906,0.01663085373075046,0.1616871704745167,0.1616871704745167,2242257.259773862,0.0,3625.442318087791,2459064.2675798833,2455438.8252617954,0.01665557981367316,0.1476494661886456,0.0,0.5754670346171098,67827.97936989095,0
2023-04-03,fixed_exposure_matched,314.22479248046875,-0.0024305328483312794,0.1616871704745167,0.1616871704745167,2455438.8252617954,344.6872412107182,3970.1295592985093,2453430.4096949985,2449460.2801357,-0.0024348173795198935,0.16208181008260988,0.24128106884750272,0.6301792951267475,61797.237925114474,1
2023-04-04,fixed_exposure_matched,313.164794921875,-0.0033733734064272936,0.1616871704745167,0.1616871704745167,2455438.8252617954,0.0,3970.1295592985093,2445153.442617118,2441183.3130578194,-0.003379098303819883,0.16263135742663815,0.0,0.6301792951267475,61588.75689309135,0
2023-04-05,fixed_exposure_matched,310.07318115234375,-0.009872162579138255,0.1616871704745167,0.1616871704745167,2455438.8252617954,0.0,3970.1295592985093,2421013.8601213666,2417043.730562068,-0.009888475956160048,0.16425559492774594,0.0,0.6301792951267475,60980.72679897985,0
2023-04-06,fixed_exposure_matched,312.1636962890625,0.00674200564186056,0.1616871704745167,0.1616871704745167,2455438.8252617954,0.0,3970.1295592985093,2437335.719046032,2433365.5894867335,0.00675281904017111,0.16315384652644502,0.0,0.6301792951267475,61391.843330087446,0
2023-04-10,fixed_exposure_matched,311.9870300292969,-0.0005659410811243992,0.1616871704745167,0.1616871704745167,2455438.8252617954,0.0,3970.1295592985093,2435955.7004548367,2431985.570895538,-0.0005671234101269906,0.16324642739704148,0.0,0.6301792951267475,61357.08329088512,0
2023-04-11,fixed_exposure_matched,309.9847717285156,-0.006417761342813577,0.1616871704745167,0.1616871704745167,2455438.8252617954,0.0,3970.1295592985093,2420321.687948356,2416351.5583890574,-0.006428497230237973,0.16430264650501977,0.0,0.6301792951267475,60963.292300617206,0
2023-04-12,fixed_exposure_matched,307.2464294433594,-0.008833796156781815,0.1616871704745167,0.1616871704745167,2455438.8252617954,0.0,3970.1295592985093,2398940.4293438867,2394970.299784588,-0.008848571115505965,0.16576946944417625,0.0,0.6301792951267475,60424.73913037137,0
2023-04-13,fixed_exposure_matched,313.2630615234375,0.019582431245754428,0.1616871704745167,0.1616871704745167,2455438.8252617954,0.0,3970.1295592985093,2445916.8851848785,2441946.75562558,0.01961462981199258,0.16258051286959524,0.0,0.6301792951267475,61607.98655691863,0
2023-04-14,fixed_exposure_matched,312.6741027832031,-0.0018800772021131396,0.1616871704745167,0.1616871704745167,2455438.8252617954,0.0,3970.1295592985093,2441317.7424314837,2437347.612872185,-0.0018833919055768478,0.16288729347965614,0.0,0.6301792951267475,61492.142912908996,0
2023-04-17,fixed_exposure_matched,312.9390869140625,0.0008474770647797225,0.1616871704745167,0.1616871704745167,2455438.8252617954,0.0,3970.1295592985093,2443386.0730467387,2439415.9434874402,0.0008485989459738885,0.1627491846930675,0.0,0.6301792951267475,61544.24022067597,0
2023-04-18,fixed_exposure_matched,312.9587097167969,6.270486351800386e-05,0.1616871704745167,0.1616871704745167,2455438.8252617954,0.0,3970.1295592985093,2443538.6550576757,2439568.525498377,6.254858313292644e-05,0.16273900559884683,0.0,0.6301792951267475,61548.08347084345,0
2023-04-19,fixed_exposure_matched,312.81146240234375,-0.0004705007717675791,0.1616871704745167,0.1616871704745167,2455438.8252617954,0.0,3970.1295592985093,2442388.3380553317,2438418.208496033,-0.00047152477592693476,0.16281577727174226,0.0,0.6301792951267475,61519.109177053724,0
2023-04-20,fixed_exposure_matched,310.42645263671875,-0.007624432133363945,0.1616871704745167,0.1616871704745167,2455438.8252617954,0.0,3970.1295592985093,2423765.883749214,2419795.7541899155,-0.007637104349546231,0.16406878772409472,0.0,0.6301792951267475,61050.045031212394,0
2023-04-21,fixed_exposure_matched,310.75030517578125,0.001043250458560241,0.1616871704745167,0.1616871704745167,2455438.8252617954,0.0,3970.1295592985093,2426293.8484395826,2422323.718880284,0.0010447016802932474,0.16389756366393904,0.0,0.6301792951267475,61113.71964567045,0
2023-04-24,fixed_exposure_matched,310.10260009765625,-0.00208432644260359,0.1616871704745167,0.1616871704745167,2455438.8252617954,0.0,3970.1295592985093,2421236.029834458,2417265.9002751596,-0.002088002757724916,0.16424049827727208,0.0,0.6301792951267475,60986.322830791236,0
2023-04-25,fixed_exposure_matched,304.2528381347656,-0.018863956513258673,0.1616871704745167,0.1616871704745167,2455438.8252617954,0.0,3970.1295592985093,2375561.3084800304,2371591.178920732,-0.018895199468634605,0.1674036231280487,0.0,0.6301792951267475,59835.86361599175,0
2023-04-26,fixed_exposure_matched,306.0981140136719,0.006064942204709656,0.1616871704745167,0.1616871704745167,2455438.8252617954,0.0,3970.1295592985093,2389968.320340411,2385998.1907811123,0.006074829417664018,0.16639281515962903,0.0,0.6301792951267475,60198.74879757575,0
2023-04-27,fixed_exposure_matched,314.4211730957031,0.027190821181144242,0.1616871704745167,0.1616871704745167,2455438.8252617954,0.0,3970.1295592985093,2454952.8913880913,2450982.7618287927,0.027235800638392815,0.16198112941178788,0.0,0.6301792951267475,61835.586338443376,0
2023-04-28,fixed_exposure_matched,316.5902404785156,0.006898604701001787,0.1616871704745167,0.1616871704745167,2455438.8252617954,0.0,3970.1295592985093,2471888.010766064,2467917.8812067653,0.006909522025906334,0.16086959738535508,0.0,0.6301792951267475,62262.14973203109,0
2023-05-01,fixed_exposure_matched,316.2270812988281,-0.0011470953088718039,0.1616871704745167,0.1616871704745167,2467917.8812067653,20.17703245935354,3990.306591757863,2469072.026022618,2465081.71943086,-0.001149212377568376,0.16187319715628526,0.014123922721547479,0.6333819986917243,61876.7497996917,1
2023-05-02,fixed_exposure_matched,313.4691467285156,-0.008721373764020934,0.1616871704745167,0.1616871704745167,2467917.8812067653,0.0,3990.306591757863,2447537.692651388,2443547.3860596297,-0.008735748272151511,0.1632997426005508,0.0,0.6333819986917243,61337.08366436991,0
2023-05-03,fixed_exposure_matched,311.41778564453125,-0.006544060573083987,0.1616871704745167,0.1616871704745167,2467917.8812067653,0.0,3990.306591757863,2431520.224353772,2427529.917762014,-0.006555006213096126,0.1643772364064869,0.0,0.6333819986917243,60935.674200478075,0
2023-05-04,fixed_exposure_matched,310.3184814453125,-0.003529998124363831,0.1616871704745167,0.1616871704745167,2467917.8812067653,0.0,3990.306591757863,2422936.3291404517,2418946.0225486937,-0.0035360615539742346,0.1649605470548501,0.0,0.6333819986917243,60720.55551182767,0
2023-05-05,fixed_exposure_matched,316.91412353515625,0.021254428866513075,0.1616871704745167,0.1616871704745167,2467917.8812067653,0.0,3990.306591757863,2474433.8236142593,2470443.517022501,0.021289228446506492,0.16152187104310625,0.0,0.6333819986917243,62011.1203666731,0
2023-05-08,fixed_exposure_matched,317.6993713378906,0.002477793649506621,0.1616871704745167,0.1616871704745167,2467917.8812067653,0.0,3990.306591757863,2480564.3266465366,2476574.0200547785,0.0024815394442476713,0.16112204034465333,0.0,0.6333819986917243,62164.75525390056,0
2023-05-09,fixed_exposure_matched,315.6872863769531,-0.006333298528304443,0.1616871704745167,0.1616871704745167,2467917.8812067653,0.0,3990.306591757863,2464853.538865223,2460863.232273465,-0.006343758617384676,0.16215068515089415,0.0,0.6333819986917243,61771.03142792276,0
2023-05-10,fixed_exposure_matched,319.12249755859375,0.01088168998208805,0.1616871704745167,0.1616871704745167,2467917.8812067653,0.0,3990.306591757863,2491674.6775444085,2487684.3709526504,0.010899077334910245,0.16040244648197827,0.0,0.6333819986917243,62443.188768779364,0
2023-05-11,fixed_exposure_matched,320.162841796875,0.003260015342823719,0.1616871704745167,0.1616871704745167,2467917.8812067653,0.0,3990.306591757863,2499796.94184053,2495806.635248772,0.0032649898801313526,0.15988043846834815,0.0,0.6333819986917243,62646.738649204555,0
2023-05-12,fixed_exposure_matched,319.0145263671875,-0.0035866605357534054,0.1616871704745167,0.1616871704745167,2467917.8812067653,0.0,3990.306591757863,2490830.385419835,2486840.078828077,-0.003592648682818056,0.1604569037522628,0.0,0.6333819986917243,62422.03019098192,0
2023-05-15,fixed_exposure_matched,320.74200439453125,0.005415045035771948,0.1616871704745167,0.1616871704745167,2467917.8812067653,0.0,3990.306591757863,2504317.7107513538,2500327.4041595957,0.005423479155875155,0.15959136331983995,0.0,0.6333819986917243,62760.03242267453,0
2023-05-16,fixed_exposure_matched,321.1051025390625,0.0011320567295720618,0.1616871704745167,0.1616871704745167,2467917.8812067653,0.0,3990.306591757863,2507152.1070867977,2503161.8004950397,0.0011336100747161293,0.15941065379667896,0.0,0.6333819986917243,62831.06446671091,0
2023-05-17,fixed_exposure_matched,324.9918518066406,0.012104289956293313,0.1616871704745167,0.1616871704745167,2467917.8812067653,0.0,3990.306591757863,2537498.7697735094,2533508.4631817513,0.012123332451266178,0.15750121421526914,0.0,0.6333819986917243,63591.57401626267,0
2023-05-18,fixed_exposure_matched,331.0280456542969,0.018573369806353046,0.1616871704745167,0.1616871704745167,2467917.8812067653,0.0,3990.306591757863,2584628.03942568,2580637.732833922,0.018602373087391433,0.15462482552232995,0.0,0.6333819986917243,64772.66796401891,0
2023-05-19,fixed_exposure_matched,330.2820739746094,-0.0022534999359737906,0.1616871704745167,0.1616871704745167,2467917.8812067653,0.0,3990.306591757863,2578802.9469223195,2574812.6403305614,-0.0022572298425489468,0.154974638902098,0.0,0.6333819986917243,64626.686887893266,0
2023-05-22,fixed_exposure_matched,331.39117431640625,0.0033580397762735803,0.1616871704745167,0.1616871704745167,2467917.8812067653,0.0,3990.306591757863,2587462.0364112575,2583471.7298194994,0.0033629978948006567,0.1544552063682406,0.0,0.6333819986917243,64843.690000055714,0
2023-05-23,fixed_exposure_matched,327.1903076171875,-0.01267645919624838,0.1616871704745167,0.1616871704745167,2467917.8812067653,0.0,3990.306591757863,2554661.5461028498,2550671.2395110917,-0.012696283814454312,0.15644143117882642,0.0,0.6333819986917243,64021.68573661996,0
2023-05-24,fixed_exposure_matched,325.51202392578125,-0.005129380829244634,0.1616871704745167,0.1616871704745167,2467917.8812067653,0.0,3990.306591757863,2541557.080761063,2537566.774169305,-0.0051376536257564664,0.15724932373707193,0.0,0.6333819986917243,63693.27825613075,0
2023-05-25,fixed_exposure_matched,333.43267822265625,0.02433290850933645,0.1616871704745167,0.1616871704745167,2467917.8812067653,0.0,3990.306591757863,2603399.9232964795,2599409.6167047215,0.024370922241311765,0.15350818763286664,0.0,0.6333819986917243,65243.10509558102,0
2023-05-26,fixed_exposure_matched,341.9519958496094,0.025550337994358685,0.1616871704745167,0.1616871704745167,2467917.8812067653,0.0,3990.306591757863,2669917.0378891933,2665926.7312974352,0.02558931619135807,0.14967802921635012,0.0,0.6333819986917243,66910.0726095587,0
2023-05-30,fixed_exposure_matched,343.50274658203125,0.004534995412349918,0.1616871704745167,0.1616871704745167,2467917.8812067653,0.0,3990.306591757863,2682024.466025377,2678034.159433619,0.004541545719934925,0.14900133285087663,0.0,0.6333819986917243,67213.49360886718,0
2023-05-31,fixed_exposure_matched,341.549560546875,-0.005686085641500971,0.1616871704745167,0.1616871704745167,2467917.8812067653,0.0,3990.306591757863,2666773.6118369573,2662783.3052451992,-0.005694794494946032,0.14985472471220937,0.0,0.6333819986917243,66831.29605492682,0
2023-06-01,fixed_exposure_matched,345.4952087402344,0.011552198126215663,0.1616871704745167,0.1616871704745167,2662783.3052451992,315.0723903609128,4305.378982118776,2697898.514635693,2693593.135653574,0.011570536118235664,0.15983776187765333,0.22055067325263894,0.6833934892252025,62663.438592530016,1
2023-06-02,fixed_exposure_matched,348.0863952636719,0.0074999202822105815,0.1616871704745167,0.1616871704745167,2662783.3052451992,0.0,4305.378982118776,2718131.8550314656,2713826.476049347,0.007511654276199042,0.15864606746656593,0.0,0.6833934892252025,63133.393513567324,0
2023-06-05,fixed_exposure_matched,348.33172607421875,0.0007047986186332622,0.1616871704745167,0.1616871704745167,2662783.3052451992,0.0,4305.378982118776,2720046.907214666,2715741.528232547,0.0007056649347705335,0.15853419544387912,0.0,0.6833934892252025,63177.87396908944,0
2023-06-06,fixed_exposure_matched,348.27276611328125,-0.00016926382676074603,0.1616871704745167,0.1616871704745167,2662783.3052451992,0.0,4305.378982118776,2719585.8182726926,2715280.439290574,-0.00016978380938681426,0.15856111655426833,0.0,0.6833934892252025,63167.16436735895,0
2023-06-07,fixed_exposure_matched,342.36419677734375,-0.01696534989478804,0.1616871704745167,0.1616871704745167,2662783.3052451992,0.0,4305.378982118776,2673446.4099033037,2669141.030921185,-0.0169925020273205,0.16130204182702498,0.0,0.6833934892252025,62095.49544898924,0
2023-06-08,fixed_exposure_matched,346.61407470703125,0.012413324669142911,0.1616871704745167,0.1616871704745167,2662783.3052451992,0.0,4305.378982118776,2706632.0847814986,2702326.70579938,0.0124330915803057,0.1593211869193734,0.0,0.6833934892252025,62866.29112147296,0
2023-06-09,fixed_exposure_matched,347.93914794921875,0.0038229066240529352,0.1616871704745167,0.1616871704745167,2662783.3052451992,0.0,4305.378982118776,2716978.603113795,2712673.2241316764,0.0038287444334883514,0.1587135134382772,0.0,0.6833934892252025,63106.607209215006,0
2023-06-12,fixed_exposure_matched,353.8182067871094,0.01689680184751352,0.1616871704745167,0.1616871704745167,2662783.3052451992,0.0,4305.378982118776,2762886.168801054,2758580.789818935,0.016923367429172664,0.15607224548248114,0.0,0.6833934892252025,64172.89117348211,0
2023-06-13,fixed_exposure_matched,356.5370178222656,0.007684203308373494,0.1616871704745167,0.1616871704745167,2662783.3052451992,0.0,4305.378982118776,2784116.064446525,2779810.6854644064,0.007695948483301462,0.15488029471328915,0.0,0.6833934892252025,64665.9928431294,0
2023-06-14,fixed_exposure_matched,359.12811279296875,0.007267393962426594,0.1616871704745167,0.1616871704745167,2662783.3052451992,0.0,4305.378982118776,2804348.64933049,2800043.270348371,0.007278403881876061,0.1537611588974879,0.0,0.6833934892252025,65135.93021607602,0
2023-06-15,fixed_exposure_matched,363.40740966796875,0.011915794733304397,0.1616871704745167,0.1616871704745167,2662783.3052451992,0.0,4305.378982118776,2837764.008803042,2833458.6298209233,0.011933872532046585,0.15194783282898605,0.0,0.6833934892252025,65912.06071727775,0
2023-06-16,fixed_exposure_matched,361.1205749511719,-0.006292757538670646,0.1616871704745167,0.1616871704745167,2662783.3052451992,0.0,4305.378982118776,2819905.964550189,2815600.5855680704,-0.00630256043441213,0.15291156722252672,0.0,0.6833934892252025,65497.27622729391,0
2023-06-20,fixed_exposure_matched,360.60357666015625,-0.001431650055069622,0.1616871704745167,0.1616871704745167,2662783.3052451992,0.0,4305.378982118776,2815868.1626272607,2811562.783645142,-0.001434081930379305,0.15313116986620967,0.0,0.6833934892252025,65403.49117516032,0
2023-06-21,fixed_exposure_matched,355.68939208984375,-0.013627664527974925,0.1616871704745167,0.1616871704745167,2662783.3052451992,0.0,4305.378982118776,2777493.772558482,2773188.393576363,-0.013648775795441104,0.15525014427766543,0.0,0.6833934892252025,64512.17846545099,0
2023-06-22,fixed_exposure_matched,359.8861389160156,0.01179890915923587,0.1616871704745167,0.1616871704745167,2662783.3052451992,0.0,4305.378982118776,2810264.4858777537,2805959.106895635,0.011816980553928325,0.15343698243991943,0.0,0.6833934892252025,65273.335925813386,0
2023-06-23,fixed_exposure_matched,356.3183898925781,-0.009913549419223622,0.1616871704745167,0.1616871704745167,2662783.3052451992,0.0,4305.378982118776,2782404.1066224263,2778098.7276403075,-0.009929004021070997,0.15497573715732293,0.0,0.6833934892252025,64626.22961133939,0
2023-06-26,fixed_exposure_matched,351.54180908203125,-0.0134053726836465,0.1616871704745167,0.1616871704745167,2662783.3052451992,0.0,4305.378982118776,2745104.259223155,2740798.8802410364,-0.013426393752015153,0.15708481980042782,0.0,0.6833934892252025,63759.875045244604,0
2023-06-27,fixed_exposure_matched,357.5862731933594,0.01719415430873439,0.1616871704745167,0.1616871704745167,2662783.3052451992,0.0,4305.378982118776,2792303.322056313,2787997.9430741942,0.0172209143740627,0.15442547197045048,0.0,0.6833934892252025,64856.15630246229,0
2023-06-28,fixed_exposure_matched,358.2840881347656,0.0019514589728921727,0.1616871704745167,0.1616871704745167,2662783.3052451992,0.0,4305.378982118776,2797751.7040356873,2793446.3250535685,0.001954227402824582,0.15412427808278054,0.0,0.6833934892252025,64982.70455761016,0
2023-06-29,fixed_exposure_matched,357.5666198730469,-0.0020025122116192895,0.1616871704745167,0.1616871704745167,2662783.3052451992,0.0,4305.378982118776,2792148.488689788,2787843.1097076694,-0.0020058432108200908,0.1544340485706254,0.0,0.6833934892252025,64852.56002517362,0
2023-06-30,fixed_exposure_matched,363.080322265625,0.015420070236242367,0.1616871704745167,0.1616871704745167,2662783.3052451992,0.0,4305.378982118776,2835202.9311019136,2830897.552119795,0.015443638941590176,0.15208529813786018,0.0,0.6833934892252025,65852.57518274605,0
2023-07-03,fixed_exposure_matched,363.9353942871094,0.002355049197237502,0.1616871704745167,0.1616871704745167,2830897.552119795,271.8191689360774,4577.198151054853,2842151.5155443517,2837574.317393297,0.0023585329919488807,0.16130672324591805,0.19027341825525418,0.7265393890563259,62093.69622526293,1
2023-07-05,fixed_exposure_matched,363.925537109375,-2.708496587333631e-05,0.1616871704745167,0.1616871704745167,2830897.552119795,0.0,4577.198151054853,2842073.8094281573,2837496.6112771025,-2.7384698162102872e-05,0.16131114070281638,0.0,0.7265393890563259,62091.99854660384,0
2023-07-06,fixed_exposure_matched,361.1539306640625,-0.007615861385620537,0.1616871704745167,0.1616871704745167,2830897.552119795,0.0,4577.198151054853,2820428.242708461,2815851.044557406,-0.007628402667925749,0.1625511463009328,0.0,0.7265393890563259,61619.09861950088,0
2023-07-07,fixed_exposure_matched,359.95489501953125,-0.003320012722349608,0.1616871704745167,0.1616871704745167,2830897.552119795,0.0,4577.198151054853,2811063.6585208056,2806486.460369751,-0.003325667458779602,0.16309354118358416,0.0,0.7265393890563259,61414.50655512856,0
2023-07-10,fixed_exposure_matched,360.07281494140625,0.0003275963836208984,0.1616871704745167,0.1616871704745167,2830897.552119795,0.0,4577.198151054853,2811983.826270076,2807406.628119021,0.00032787179352689044,0.1630400849385186,0.0,0.7265393890563259,61434.609852362,0
2023-07-11,fixed_exposure_matched,361.8517761230469,0.004940559541908529,0.1616871704745167,0.1616871704745167,2830897.552119795,0.0,4577.198151054853,2825875.873255258,2821298.675104203,0.004948355840596497,0.1622372771605189,0.0,0.7265393890563259,61738.11532725565,0
2023-07-12,fixed_exposure_matched,366.4220275878906,0.012630175575785163,0.1616871704745167,0.1616871704745167,2830897.552119795,0.0,4577.198151054853,2861566.455150458,2856989.2569994032,0.012650408909252286,0.16021054821403585,0.0,0.7265393890563259,62517.862690541086,0
2023-07-13,fixed_exposure_matched,372.6433410644531,0.016978546616088108,0.1616871704745167,0.1616871704745167,2830897.552119795,0.0,4577.198151054853,2910150.968064875,2905573.76991382,0.017005493736242938,0.15753164481487641,0.0,0.7265393890563259,63579.30926355475,0
2023-07-14,fixed_exposure_matched,372.564697265625,-0.00021104308104225034,0.1616871704745167,0.1616871704745167,2830897.552119795,0.0,4577.198151054853,2909536.074298887,2904958.8761478323,-0.000211625590909037,0.15756498959890686,0.0,0.7265393890563259,63565.87541722136,0
2023-07-17,fixed_exposure_matched,376.0439453125,0.009338641241132928,0.1616871704745167,0.1616871704745167,2830897.552119795,0.0,4577.198151054853,2936706.4613355095,2932129.2631844548,0.009353105567075026,0.15610492376737042,0.0,0.7265393890563259,64159.47844990546,0
2023-07-18,fixed_exposure_matched,379.1202087402344,0.0081805955556018,0.1616871704745167,0.1616871704745167,2830897.552119795,0.0,4577.198151054853,2960729.742621829,2956152.544470774,0.008193118082464368,0.15483633142058598,0.0,0.7265393890563259,64684.325321146614,0
2023-07-19,fixed_exposure_matched,379.03179931640625,-0.0002331962838960644,0.1616871704745167,0.1616871704745167,2830897.552119795,0.0,4577.198151054853,2960038.58490884,2955461.386757785,-0.0002338031284216946,0.15487254110520302,0.0,0.7265393890563259,64669.22530383953,0
2023-07-20,fixed_exposure_matched,370.2944030761719,-0.023051881810424613,0.1616871704745167,0.1616871704745167,2830897.552119795,0.0,4577.198151054853,2891803.3987558354,2887226.2006047806,-0.023087828674987376,0.15853271732211624,0.0,0.7265393890563259,63178.462092347814,0
2023-07-21,fixed_exposure_matched,369.1837158203125,-0.002999470817361738,0.1616871704745167,0.1616871704745167,2830897.552119795,0.0,4577.198151054853,2883128.7923123306,2878551.594161276,-0.0030044775991876493,0.15901046068929373,0.0,0.7265393890563259,62988.944266000144,0
2023-07-24,fixed_exposure_matched,369.7735290527344,0.0015976144319131969,0.1616871704745167,0.1616871704745167,2830897.552119795,0.0,4577.198151054853,2887734.193940604,2883156.9957895493,0.0015999024084247804,0.1587564658372477,0.0,0.7265393890563259,63089.56043939461,0
2023-07-25,fixed_exposure_matched,372.27972412109375,0.0067776486726338625,0.1616871704745167,0.1616871704745167,2830897.552119795,0.0,4577.198151054853,2907305.515227696,2902728.317076641,0.006788156633743103,0.1576860681079717,0.0,0.7265393890563259,63517.14344194785,0
2023-07-26,fixed_exposure_matched,371.0412902832031,-0.003326621778326544,0.1616871704745167,0.1616871704745167,2830897.552119795,0.0,4577.198151054853,2897633.2828451013,2893056.0846940465,-0.003332117692755876,0.15821325328848274,0.0,0.7265393890563259,63305.8300562609,0
2023-07-27,fixed_exposure_matched,370.1567687988281,-0.00238388963045022,0.1616871704745167,0.1616871704745167,2830897.552119795,0.0,4577.198151054853,2890724.91836989,2886147.7202188354,-0.0023879123919374745,0.1585919569878356,0.0,0.7265393890563259,63154.90007142686,0
2023-07-28,fixed_exposure_matched,376.8990783691406,0.018214740722401368,0.1616871704745167,0.1616871704745167,2830897.552119795,0.0,4577.198151054853,2943377.996718393,2938800.7985673384,0.01824337610290816,0.15575054128494287,0.0,0.7265393890563259,64305.23432856118,0
2023-07-31,fixed_exposure_matched,377.0956115722656,0.0005214478209270013,0.1616871704745167,0.1616871704745167,2830897.552119795,0.0,4577.198151054853,2944912.0882215574,2940334.8900705026,0.000522012755649115,0.155669279935154,0.0,0.7265393890563259,64338.750279860134,0
2023-08-01,fixed_exposure_matched,376.2209167480469,-0.0023195571557350636,0.1616871704745167,0.1616871704745167,2940334.8900705026,176.94613517513335,4754.144286229986,2938256.8538117474,2933502.709525517,-0.002323606255892008,0.1620637428011427,0.12386229462259335,0.7546260771793629,61804.116091347554,1
2023-08-02,fixed_exposure_matched,367.965087890625,-0.021944098506757825,0.1616871704745167,0.1616871704745167,2940334.8900705026,0.0,4754.144286229986,2873778.701347469,2869024.5570612387,-0.021979919178158003,0.16570594610384543,0.0,0.7546260771793629,60447.86460670006,0
2023-08-03,fixed_exposure_matched,367.3753662109375,-0.001602656608180153,0.1616871704745167,0.1616871704745167,2940334.8900705026,0.0,4754.144286229986,2869172.26629523,2864418.122009,-0.001605575330786757,0.16597242733877135,0.0,0.7546260771793629,60350.97156402187,0
2023-08-04,fixed_exposure_matched,365.6553955078125,-0.00468178016633114,0.1616871704745167,0.1616871704745167,2940334.8900705026,0.0,4754.144286229986,2855738.6778590246,2850984.5335727944,-0.0046898140788131926,0.16675447482249903,0.0,0.7546260771793629,60068.40570931875,0
2023-08-07,fixed_exposure_matched,368.75128173828125,0.008466677282771284,0.1616871704745167,0.1616871704745167,2940334.8900705026,0.0,4754.144286229986,2879916.5410223077,2875162.3967360775,0.008480531156366489,0.1653522003357777,0.0,0.7546260771793629,60576.96964233426,0
2023-08-08,fixed_exposure_matched,365.6160583496094,-0.008502271161994424,0.1616871704745167,0.1616871704745167,2940334.8900705026,0.0,4754.144286229986,2855429.9550405457,2850675.8107543155,-0.008516592318249416,0.16677253401788944,0.0,0.7546260771793629,60061.91194724735,0
2023-08-09,fixed_exposure_matched,361.5962219238281,-0.010994693296368818,0.1616871704745167,0.1616871704745167,2940334.8900705026,0.0,4754.144286229986,2824034.6238295333,2819280.479543303,-0.01101329414329466,0.16862970253318368,0.0,0.7546260771793629,59401.53377357798,0
2023-08-10,fixed_exposure_matched,362.2645568847656,0.0018482907741173005,0.1616871704745167,0.1616871704745167,2940334.8900705026,0.0,4754.144286229986,2829253.5063444683,2824499.362058238,0.0018511398751572816,0.16831812214556843,0.0,0.7546260771793629,59511.30920740424,0
2023-08-11,fixed_exposure_matched,359.95489501953125,-0.006375621962843803,0.1616871704745167,0.1616871704745167,2940334.8900705026,0.0,4754.144286229986,2811214.5009248885,2806460.3566386583,-0.006386620461629189,0.16940001575237285,0.0,0.7546260771793629,59131.871724368044,0
2023-08-14,fixed_exposure_matched,363.994384765625,0.011222210899158869,0.1616871704745167,0.1616871704745167,2940334.8900705026,0.0,4754.144286229986,2842761.788310964,2838007.644024734,0.011240952437275853,0.16751696551063106,0.0,0.7546260771793629,59795.44618670504,0
2023-08-15,fixed_exposure_matched,360.1318664550781,-0.010611477737586417,0.1616871704745167,0.1616871704745167,2940334.8900705026,0.0,4754.144286229986,2812595.130254964,2807840.9859687337,-0.010629519663033493,0.1693167209249835,0.0,0.7546260771793629,59160.9122676699,0
2023-08-16,fixed_exposure_matched,356.3183898925781,-0.010589111705213927,0.1616871704745167,0.1616871704745167,2940334.8900705026,0.0,4754.144286229986,2782811.491613076,2778057.347326846,-0.010607309598628212,0.17113197072064074,0.0,0.7546260771793629,58534.43488606932,0
2023-08-17,fixed_exposure_matched,352.4263610839844,-0.010922896260749049,0.1616871704745167,0.1616871704745167,2940334.8900705026,0.0,4754.144286229986,2752414.375750889,2747660.231464659,-0.010941860466428532,0.17302518818696,0.0,0.7546260771793629,57895.05345311134,0
2023-08-18,fixed_exposure_matched,351.984130859375,-0.0012548159656649016,0.1616871704745167,0.1616871704745167,2940334.8900705026,0.0,4754.144286229986,2748959.847621994,2744205.703335764,-0.0012572617565067556,0.17324299998542417,0.0,0.7546260771793629,57822.38994268948,0
2023-08-21,fixed_exposure_matched,357.655029296875,0.016111233263995217,0.1616871704745167,0.1616871704745167,2940334.8900705026,0.0,4754.144286229986,2793248.2263343115,2788494.0820480813,0.016138869858947524,0.17049146049247424,0.0,0.7546260771793629,58753.964081921964,0
2023-08-22,fixed_exposure_matched,357.14398193359375,-0.001428883481062515,0.1616871704745167,0.1616871704745167,2940334.8900705026,0.0,4754.144286229986,2789256.245459118,2784502.1011728877,-0.001431590226743995,0.17073588431581524,0.0,0.7546260771793629,58669.99564018249,0
2023-08-23,fixed_exposure_matched,362.77569580078125,0.01576874916580473,0.1616871704745167,0.1616871704745167,2940334.8900705026,0.0,4754.144286229986,2833238.57292684,2828484.4286406096,0.015795401069798265,0.1680809778583389,0.0,0.7546260771793629,59595.132211975506,0
2023-08-24,fixed_exposure_matched,355.02105712890625,-0.021375849489469245,0.1616871704745167,0.1616871704745167,2940334.8900705026,0.0,4754.144286229986,2772674.93699812,2767920.79271189,-0.02141204502151961,0.17175868250088472,0.0,0.7546260771793629,58321.21976249143,0
2023-08-25,fixed_exposure_matched,357.7729797363281,0.007751434885797881,0.1616871704745167,0.1616871704745167,2940334.8900705026,0.0,4754.144286229986,2794166.391605668,2789412.2473194376,0.007764476015403421,0.1704353413805583,0.0,0.7546260771793629,58773.27702692483,0
2023-08-28,fixed_exposure_matched,360.4660339355469,0.007527271067824914,0.1616871704745167,0.1616871704745167,2940334.8900705026,0.0,4754.144286229986,2815198.084817813,2810443.9405315826,0.007539829665678122,0.1691599045142584,0.0,0.7546260771793629,59215.66354163499,0
2023-08-29,fixed_exposure_matched,368.3385009765625,0.021839691676534656,0.1616871704745167,0.1616871704745167,2940334.8900705026,0.0,4754.144286229986,2876680.3883725274,2871926.244086297,0.02187636717033592,0.16553852300418379,0.0,0.7546260771793629,60508.89950278983,0
2023-08-30,fixed_exposure_matched,370.392578125,0.005576601802395276,0.1616871704745167,0.1616871704745167,2940334.8900705026,0.0,4754.144286229986,2892721.734785164,2887967.5904989336,0.0055855704670924045,0.16461903180183013,0.0,0.7546260771793629,60846.31766780218,0
2023-08-31,fixed_exposure_matched,371.5032653808594,0.0029986757874087555,0.1616871704745167,0.1616871704745167,2940334.8900705026,0.0,4754.144286229986,2901395.314784898,2896641.1704986678,0.003003350878406419,0.16412610352463997,0.0,0.7546260771793629,61028.76017432973,0
2023-09-01,fixed_exposure_matched,371.1100769042969,-0.0010583715224128376,0.1616871704745167,0.1616871704745167,2896641.1704986678,-70.6471388507698,4683.497147379217,2898253.1954276334,2893569.698280254,-0.0010603564741452631,0.1618587984994029,0.04945299719553886,0.7434122456157487,61882.24534415342,-1
2023-09-05,fixed_exposure_matched,371.5818786621094,0.0012713256448009247,0.1616871704745167,0.1616871704745167,2896641.1704986678,0.0,4683.497147379217,2901937.075627861,2897253.5784804816,0.0012731264784868745,0.16165299379267878,0.0,0.7434122456157487,61960.901956601425,0
2023-09-06,fixed_exposure_matched,368.30902099609375,-0.008807904405348399,0.1616871704745167,0.1616871704745167,2896641.1704986678,0.0,4683.497147379217,2876376.347863149,2871692.8507157695,-0.00882239923856376,0.16309185525227238,0.0,0.7434122456157487,61415.14038228265,0
2023-09-07,fixed_exposure_matched,365.6750183105469,-0.007151610564474331,0.1616871704745167,0.1616871704745167,2896641.1704986678,0.0,4683.497147379217,2855804.8809741214,2851121.383826742,-0.007163533134785016,0.16426859880280092,0.0,0.7434122456157487,60975.907342490165,0
2023-09-08,fixed_exposure_matched,366.18609619140625,0.0013976286463883714,0.1616871704745167,0.1616871704745167,2896641.1704986678,0.0,4683.497147379217,2859795.4922720212,2855111.995124642,0.0013996637675748325,0.16403899935892902,0.0,0.7434122456157487,61061.11314431569,0
2023-09-11,fixed_exposure_matched,370.500732421875,0.011782632588577258,0.1616871704745167,0.1616871704745167,2896641.1704986678,0.0,4683.497147379217,2893490.668423686,2888807.1712763067,0.011801700321809605,0.1621256411278568,0.0,0.7434122456157487,61780.55793292883,0
2023-09-12,fixed_exposure_matched,366.3924865722656,-0.011088360939949471,0.1616871704745167,0.1616871704745167,2896641.1704986678,0.0,4683.497147379217,2861405.8561035832,2856722.358956204,-0.011106595358501337,0.163946528884609,0.0,0.7434122456157487,61095.49693448118,0
2023-09-13,fixed_exposure_matched,367.78814697265625,0.003809194924949244,0.1616871704745167,0.1616871704745167,2896641.1704986678,0.0,4683.497147379217,2872304.7653566273,2867621.268209248,0.0038151797352214967,0.1633234206797446,0.0,0.7434122456157487,61328.205718325386,0
2023-09-14,fixed_exposure_matched,370.795654296875,0.008177281810124004,0.1616871704745167,0.1616871704745167,2896641.1704986678,0.0,4683.497147379217,2895791.667455265,2891108.1703078854,0.008190377982969954,0.16199660723453502,0.0,0.7434122456157487,61829.68786637752,0
2023-09-15,fixed_exposure_matched,364.44647216796875,-0.017123129829948902,0.1616871704745167,0.1616871704745167,2896641.1704986678,0.0,4683.497147379217,2846205.9073606986,2841522.410213319,-0.017151125856797567,0.16482351610338405,0.0,0.7434122456157487,60770.954220680454,0
2023-09-18,fixed_exposure_matched,364.8263854980469,0.0010424393130166187,0.1616871704745167,0.1616871704745167,2896641.1704986678,0.0,4683.497147379217,2849172.160879226,2844488.6637318465,0.0010438958735168313,0.1646516369390156,0.0,0.7434122456157487,60834.28837943375,0
2023-09-19,fixed_exposure_matched,364.048828125,-0.002131307942503602,0.1616871704745167,0.1616871704745167,2896641.1704986678,0.0,4683.497147379217,2843098.9542109384,2838415.457063559,-0.002135078527723766,0.16500393329398155,0.0,0.7434122456157487,60704.615904418235,0
2023-09-20,fixed_exposure_matched,358.8027038574219,-0.014410496236446635,0.1616871704745167,0.1616871704745167,2896641.1704986678,0.0,4683.497147379217,2802127.744019191,2797444.2468718113,-0.014434536033049117,0.1674205715669382,0.0,0.7434122456157487,59829.81639237681,0
2023-09-21,fixed_exposure_matched,352.22784423828125,-0.018324442788349993,0.1616871704745167,0.1616871704745167,2896641.1704986678,0.0,4683.497147379217,2750779.5710760173,2746096.073928638,-0.01835538742214171,0.17055110314035304,0.0,0.7434122456157487,58733.45247184135,0
2023-09-22,fixed_exposure_matched,352.277099609375,0.00013983951552809515,0.1616871704745167,0.1616871704745167,2896641.1704986678,0.0,4683.497147379217,2751163.4953463157,2746479.998198936,0.0001398072973277653,0.1705272621847063,0.0,0.7434122456157487,58741.64985636443,0
2023-09-25,fixed_exposure_matched,353.9502868652344,0.004749633903863515,0.1616871704745167,0.1616871704745167,2896641.1704986678,0.0,4683.497147379217,2764229.7713466384,2759546.274199259,0.004757462646329591,0.16971982645002875,0.0,0.7434122456157487,59020.63531507522,0
2023-09-26,fixed_exposure_matched,348.6352844238281,-0.015016239959793953,0.1616871704745167,0.1616871704745167,2896641.1704986678,0.0,4683.497147379217,2722720.6903838455,2718037.193236466,-0.015041994892742938,0.17231173874417832,0.0,0.7434122456157487,58134.3514195887,0
2023-09-27,fixed_exposure_matched,349.4522399902344,0.0023432957101756635,0.1616871704745167,0.1616871704745167,2896641.1704986678,0.0,4683.497147379217,2729100.0866853828,2724416.5895380033,0.002347059973061283,0.17190825974868357,0.0,0.7434122456157487,58270.561522868185,0
2023-09-28,fixed_exposure_matched,352.3755187988281,0.008365317127958516,0.1616871704745167,0.1616871704745167,2896641.1704986678,0.0,4683.497147379217,2751929.1309721996,2747245.63382482,0.00837942492880206,0.17047973758570228,0.0,0.7434122456157487,58757.99737621532,0
2023-09-29,fixed_exposure_matched,352.6313781738281,0.0007260986117088031,0.1616871704745167,0.1616871704745167,2896641.1704986678,0.0,4683.497147379217,2753926.559481474,2749243.0623340947,0.0007270658599587421,0.17035587764302473,0.0,0.7434122456157487,58800.645603521116,0
2023-10-02,fixed_exposure_matched,355.57440185546875,0.008345892804212829,0.1616871704745167,0.1616871704745167,2749243.0623340947,-238.323830424265,4445.173316954952,2776669.3486799505,2772224.1753629954,0.008359069208449643,0.1603468203062222,0.1668266812969855,0.7055830661833257,62464.816345609535,-1
2023-10-03,fixed_exposure_matched,349.3341369628906,-0.017549814778608952,0.1616871704745167,0.1616871704745167,2749243.0623340947,0.0,4445.173316954952,2727938.6103261104,2723493.4370091553,-0.01757820986733849,0.16321586299970983,0.0,0.7055830661833257,61368.55451554839,0
2023-10-04,fixed_exposure_matched,354.0881042480469,0.013608653670343251,0.1616871704745167,0.1616871704745167,2749243.0623340947,0.0,4445.173316954952,2765061.4765249295,2760616.3032079744,0.013630606079075402,0.1610210485169358,0.0,0.7055830661833257,62203.68204718419,0
2023-10-05,fixed_exposure_matched,353.0448303222656,-0.0029463681870838254,0.1616871704745167,0.1616871704745167,2749243.0623340947,0.0,4445.173316954952,2756913.881772099,2752468.708455144,-0.00295136804899776,0.1614976876322005,0.0,0.7055830661833257,62020.39122426502,0
2023-10-06,fixed_exposure_matched,358.960205078125,0.01675530767710076,0.1616871704745167,0.1616871704745167,2749243.0623340947,0.0,4445.173316954952,2803106.116517395,2798660.9432004397,0.016782110766019098,0.1588321489158892,0.0,0.7055830661833257,63059.54608846587,0
2023-10-09,fixed_exposure_matched,360.7909240722656,0.00510006114394268,0.1616871704745167,0.1616871704745167,2749243.0623340947,0.0,4445.173316954952,2817401.423521527,2812956.250204572,0.005107909566131497,0.1580249716515028,0.0,0.7055830661833257,63381.137756210446,0
2023-10-10,fixed_exposure_matched,362.7889404296875,0.005537878655233808,0.1616871704745167,0.1616871704745167,2749243.0623340947,0.0,4445.173316954952,2833003.145145006,2828557.971828051,0.005546379053120498,0.1571533396602831,0.0,0.7055830661833257,63732.11893311913,0
2023-10-11,fixed_exposure_matched,365.3775939941406,0.007135425797123673,0.1616871704745167,0.1616871704745167,2749243.0623340947,0.0,4445.173316954952,2853217.12328714,2848771.949970185,0.007146389907317419,0.15603822963089323,0.0,0.7055830661833257,64186.85886564398,0
2023-10-12,fixed_exposure_matched,364.10791015625,-0.0034749909648564836,0.1616871704745167,0.1616871704745167,2749243.0623340947,0.0,4445.173316954952,2843301.513979877,2838856.340662922,-0.0034806609589674853,0.1565832428109739,0.0,0.7055830661833257,63963.79423800747,0
2023-10-13,fixed_exposure_matched,359.53106689453125,-0.012570018761071888,0.1616871704745167,0.1616871704745167,2749243.0623340947,0.0,4445.173316954952,2807560.4550226997,2803115.2817057446,-0.012589949848899717,0.15857975396038604,0.0,0.7055830661833257,63159.752271390505,0
2023-10-16,fixed_exposure_matched,363.5960693359375,0.011306401075483974,0.1616871704745167,0.1616871704745167,2749243.0623340947,0.0,4445.173316954952,2839303.1539877886,2834857.9806708335,0.01132407902459609,0.15680409203084866,0.0,0.7055830661833257,63873.845889383185,0
2023-10-17,fixed_exposure_matched,362.40509033203125,-0.003275555222809312,0.1616871704745167,0.1616871704745167,2749243.0623340947,0.0,4445.173316954952,2830002.1541295387,2825556.9808125836,-0.003280940322819559,0.15732025038392938,0.0,0.7055830661833257,63664.607706863426,0
2023-10-18,fixed_exposure_matched,357.6511535644531,-0.013117742808807176,0.1616871704745167,0.1616871704745167,2749243.0623340947,0.0,4445.173316954952,2792878.2081402307,2788433.0348232756,-0.013138629389321976,0.1594147415929132,0.0,0.7055830661833257,62829.455883925315,0
2023-10-19,fixed_exposure_matched,354.3046569824219,-0.009356873446874414,0.1616871704745167,0.1616871704745167,2749243.0623340947,0.0,4445.173316954952,2766744.894611063,2762299.721294108,-0.009372042721773277,0.160922918055845,0.0,0.7055830661833257,62241.55274346757,0
2023-10-20,fixed_exposure_matched,349.0191650390625,-0.014917929638225469,0.1616871704745167,0.1616871704745167,2749243.0623340947,0.0,4445.173316954952,2725470.0833632695,2721024.9100463144,-0.014942191439116015,0.16336393322026924,0.0,0.7055830661833257,61313.02176605075,0
2023-10-23,fixed_exposure_matched,350.07232666015625,0.003017489371897053,0.1616871704745167,0.1616871704745167,2749243.0623340947,0.0,4445.173316954952,2733693.4547901754,2729248.2814732203,0.0030221595533890255,0.1628717089291522,0.0,0.7055830661833257,61498.01728457283,0
2023-10-24,fixed_exposure_matched,353.4778137207031,0.009727952772036419,0.1616871704745167,0.1616871704745167,2749243.0623340947,0.0,4445.173316954952,2760285.990028533,2755840.816711578,0.009743538328437884,0.161300075461513,0.0,0.7055830661833257,62096.25121927516,0
2023-10-25,fixed_exposure_matched,344.82623291015625,-0.02447559783025821,0.1616871704745167,0.1616871704745167,2749243.0623340947,0.0,4445.173316954952,2692725.6346570323,2688280.461340077,-0.024515333019893948,0.1653537784052146,0.0,0.7055830661833257,60576.39247464963,0
2023-10-26,fixed_exposure_matched,338.2513427734375,-0.019067256227085938,0.1616871704745167,0.1616871704745167,2749243.0623340947,0.0,4445.173316954952,2641382.039448718,2636936.866131763,-0.019099047122010493,0.16857336912566168,0.0,0.7055830661833257,59421.35100500709,0
2023-10-27,fixed_exposure_matched,339.8753356933594,0.00480114256637143,0.1616871704745167,0.1616871704745167,2749243.0623340947,0.0,4445.173316954952,2654062.985609298,2649617.812292343,0.004808968437375771,0.1677665849139641,0.0,0.7055830661833257,59706.62550965265,0
2023-10-30,fixed_exposure_matched,343.7041320800781,0.01126529637376561,0.1616871704745167,0.1616871704745167,2749243.0623340947,0.0,4445.173316954952,2683961.086153762,2679515.912836807,0.011283929480605748,0.16589464147831245,0.0,0.7055830661833257,60379.22246848045,0
2023-10-31,fixed_exposure_matched,345.34783935546875,0.004782332017491342,0.1616871704745167,0.1616871704745167,2749243.0623340947,0.0,4445.173316954952,2696795.97360671,2692350.8002897548,0.004790002325218312,0.16510379392152597,0.0,0.7055830661833257,60667.96008426683,0
2023-11-01,fixed_exposure_matched,351.34197998046875,0.01735682098427782,0.1616871704745167,0.1616871704745167,2692350.8002897548,-91.98748871844145,4353.18582823651,2743509.4379618834,2739156.252133647,0.01738460375923334,0.15892433390193153,0.06439124210290902,0.6909818774978588,63023.02603684824,-1
2023-11-02,fixed_exposure_matched,357.72003173828125,0.018153400735565484,0.1616871704745167,0.1616871704745167,2692350.8002897548,0.0,4353.18582823651,2793312.773229134,2788959.5874008974,0.01818199864591752,0.15608637170298173,0.0,0.6909818774978588,64167.09241104725,0
2023-11-03,fixed_exposure_matched,361.9228210449219,0.011748822916675561,0.1616871704745167,0.1616871704745167,2692350.8002897548,0.0,4353.18582823651,2826130.219370813,2821777.0335425767,0.011766913471938478,0.1542710772853424,0.0,0.6909818774978588,64920.964343846725,0
2023-11-06,fixed_exposure_matched,363.3992004394531,0.004079265823218048,0.1616871704745167,0.1616871704745167,2692350.8002897548,0.0,4353.18582823651,2837658.064804779,2833304.8789765425,0.004085314075823021,0.153643395757995,0.0,0.6909818774978588,65185.778341889054,0
2023-11-07,fixed_exposure_matched,366.8343505859375,0.009452828025846793,0.1616871704745167,0.1616871704745167,2692350.8002897548,0.0,4353.18582823651,2864481.2675056583,2860128.081677422,0.009467107793414975,0.15220247848772678,0.0,0.6909818774978588,65801.95242127003,0
2023-11-08,fixed_exposure_matched,367.070556640625,0.0006439038609939995,0.1616871704745167,0.1616871704745167,2692350.8002897548,0.0,4353.18582823651,2866325.0270716725,2861971.841243436,0.0006446423073938057,0.15210442553988193,0.0,0.6909818774978588,65844.30667947917,0
2023-11-09,fixed_exposure_matched,364.24566650390625,-0.0076957687987064816,0.1616871704745167,0.1616871704745167,2692350.8002897548,0.0,4353.18582823651,2844265.7613795055,2839912.575551269,-0.007707715839224694,0.15328590977458142,0.0,0.6909818774978588,65337.56824554689,0
2023-11-10,fixed_exposure_matched,372.43475341796875,0.02248231802635514,0.1616871704745167,0.1616871704745167,2692350.8002897548,0.0,4353.18582823651,2908210.757796435,2903857.5719681988,0.02251653694111244,0.14991044568642445,0.0,0.6909818774978588,66806.4923608961,0
2023-11-13,fixed_exposure_matched,371.27325439453125,-0.0031186644446523637,0.1616871704745167,0.1616871704745167,2692350.8002897548,0.0,4353.18582823651,2899140.3333266624,2894787.147498426,-0.0031235776015091643,0.15038016981657465,0.0,0.6909818774978588,66598.12945548234,0
2023-11-14,fixed_exposure_matched,379.2655029296875,0.02152659379730948,0.1616871704745167,0.1616871704745167,2692350.8002897548,0.0,4353.18582823651,2961548.2586617046,2957195.072833468,0.021558726826935493,0.14720658330008168,0.0,0.6909818774978588,68031.74446291527,0
2023-11-15,fixed_exposure_matched,379.5509338378906,0.0007525886377703905,0.1616871704745167,0.1616871704745167,2692350.8002897548,0.0,4353.18582823651,2963776.3952495046,2959423.209421268,0.0007534628365470919,0.14709575211744724,0.0,0.6909818774978588,68082.9285077899,0
2023-11-16,fixed_exposure_matched,379.8757629394531,0.0008558247987375811,0.1616871704745167,0.1616871704745167,2692350.8002897548,0.0,4353.18582823651,2966312.1776045947,2961958.9917763583,0.0008568501953412078,0.14696982099761616,0.0,0.6909818774978588,68141.17969336167,0
2023-11-17,fixed_exposure_matched,379.9643249511719,0.0002331341463679415,0.1616871704745167,0.1616871704745167,2692350.8002897548,0.0,4353.18582823651,2967003.035280104,2962649.8494518674,0.00023324349777542608,0.14693554923616478,0.0,0.6909818774978588,68157.04985610611,0
2023-11-20,fixed_exposure_matched,384.5903625488281,0.012174926154582266,0.1616871704745167,0.1616871704745167,2692350.8002897548,0.0,4353.18582823651,3003125.387153183,2998772.2013249467,0.012192582218166104,0.14516560565397876,0.0,0.6909818774978588,68986.84103200251,0
2023-11-21,fixed_exposure_matched,382.3561096191406,-0.0058094355638041995,0.1616871704745167,0.1616871704745167,2692350.8002897548,0.0,4353.18582823651,2985678.2327446146,2981325.046916378,-0.005818099287721812,0.14601513621398193,0.0,0.6909818774978588,68586.0505512608,0
2023-11-22,fixed_exposure_matched,383.92108154296875,0.004092969575893557,0.1616871704745167,0.1616871704745167,2692350.8002897548,0.0,4353.18582823651,2997897.831932768,2993544.646104532,0.004098714160937433,0.14541910486958212,0.0,0.6909818774978588,68866.75529648195,0
2023-11-24,fixed_exposure_matched,383.3797607421875,-0.0014099793598353338,0.1616871704745167,0.1616871704745167,2692350.8002897548,0.0,4353.18582823651,2993670.1668849704,2989316.981056734,-0.0014122605631752272,0.14562476498218813,0.0,0.6909818774978588,68769.63871991921,0
2023-11-27,fixed_exposure_matched,383.04510498046875,-0.0008729093081776274,0.1616871704745167,0.1616871704745167,2692350.8002897548,0.0,4353.18582823651,2991056.2733488055,2986703.087520569,-0.000874411630726768,0.14575221241192526,0.0,0.6909818774978588,68709.5931891447,0
2023-11-28,fixed_exposure_matched,384.04901123046875,0.0026208564916949673,0.1616871704745167,0.1616871704745167,2692350.8002897548,0.0,4353.18582823651,2998894.711617959,2994541.525789723,0.0026244450952976894,0.1453706950044209,0.0,0.6909818774978588,68889.65529948032,0
2023-11-29,fixed_exposure_matched,383.67498779296875,-0.0009738950669385682,0.1616871704745167,0.1616871704745167,2692350.8002897548,0.0,4353.18582823651,2995973.411870169,2991620.2260419326,-0.0009755415721008909,0.14551264864243812,0.0,0.6909818774978588,68822.54813100518,0
2023-11-30,fixed_exposure_matched,382.7104187011719,-0.0025140265132876927,0.1616871704745167,0.1616871704745167,2692350.8002897548,0.0,4353.18582823651,2988440.7642977447,2984087.5784695083,-0.002517915712312968,0.1458799620910989,0.0,0.6909818774978588,68649.51054727595,0
2023-12-01,fixed_exposure_matched,383.802978515625,0.002854795064532123,0.1616871704745167,0.1616871704745167,2984087.5784695083,471.700941872361,4824.886770108871,2997444.100805373,2992619.214035264,0.0028590432892494633,0.16122621773863996,0.3301906593106527,0.765855042874424,62124.6516990851,1
2023-12-04,fixed_exposure_matched,380.2399597167969,-0.009283457915330029,0.1616871704745167,0.1616871704745167,2984087.5784695083,0.0,4824.886770108871,2969616.688786949,2964791.8020168403,-0.009298681198033676,0.16273948028413582,0.0,0.765855042874424,61547.90423651623,0
2023-12-05,fixed_exposure_matched,381.1947021484375,0.002510894521322138,0.1616871704745167,0.1616871704745167,2984087.5784695083,0.0,4824.886770108871,2977072.317206208,2972247.4304360994,0.002514722421381288,0.16233126221934174,0.0,0.765855042874424,61702.42865904669,0
2023-12-06,fixed_exposure_matched,378.9898681640625,-0.0057840100398783845,0.1616871704745167,0.1616871704745167,2984087.5784695083,0.0,4824.886770108871,2959852.135179001,2955027.248408892,-0.005793656965053073,0.1632772345062736,0.0,0.765855042874424,61345.52531918202,0
2023-12-07,fixed_exposure_matched,384.2852478027344,0.013972351462386623,0.1616871704745167,0.1616871704745167,2984087.5784695083,0.0,4824.886770108871,3001207.463633375,2996382.576863266,0.013994905961236537,0.16102372265025505,0.0,0.765855042874424,62202.650686570494,0
2023-12-08,fixed_exposure_matched,385.9978942871094,0.0044567062986871075,0.1616871704745167,0.1616871704745167,2984087.5784695083,0.0,4824.886770108871,3014582.1979851737,3009757.311215065,0.00446362705986636,0.16030816677910228,0.0,0.765855042874424,62479.853758664496,0
2023-12-11,fixed_exposure_matched,389.2951354980469,0.008542122275115194,0.1616871704745167,0.1616871704745167,2984087.5784695083,0.0,4824.886770108871,3040332.361873706,3035507.475103597,0.008555561537330947,0.15894827503082348,0.0,0.765855042874424,63013.54843618646,0
2023-12-12,fixed_exposure_matched,392.39556884765625,0.007964223199560028,0.1616871704745167,0.1616871704745167,2984087.5784695083,0.0,4824.886770108871,3064545.4815494707,3059720.594779362,0.007976629896106147,0.15769043677848618,0.0,0.765855042874424,63515.38652751265,0
2023-12-13,fixed_exposure_matched,397.3857727050781,0.012717278821666067,0.1616871704745167,0.1616871704745167,2984087.5784695083,0.0,4824.886770108871,3103517.3950449694,3098692.5082748607,0.012737082451905746,0.15570718156849442,0.0,0.765855042874424,64323.11353443306,0
2023-12-14,fixed_exposure_matched,397.0412902832031,-0.0008668715528742377,0.1616871704745167,0.1616871704745167,2984087.5784695083,0.0,4824.886770108871,3100826.278246312,3096001.391476203,-0.0008684684883933924,0.15584252589138273,0.0,0.765855042874424,64267.337784101896,0
2023-12-15,fixed_exposure_matched,398.9605712890625,0.004833958212483003,0.1616871704745167,0.1616871704745167,2984087.5784695083,0.0,4824.886770108871,3115814.777044481,3110989.8902743724,0.004841244205973316,0.15509168914989122,0.0,0.765855042874424,64577.9875363619,0
2023-12-18,fixed_exposure_matched,401.4734802246094,0.006298639806503914,0.1616871704745167,0.1616871704745167,2984087.5784695083,0.0,4824.886770108871,3135439.406173824,3130614.519403715,0.006308162296088993,0.15411947846673446,0.0,0.765855042874424,64984.72514626648,0
2023-12-19,fixed_exposure_matched,403.52490234375,0.005109732573102876,0.1616871704745167,0.1616871704745167,2984087.5784695083,0.0,4824.886770108871,3151459.897183498,3146635.010413389,0.005117363032202782,0.15333480858572796,0.0,0.765855042874424,65316.763840084626,0
2023-12-20,fixed_exposure_matched,397.5285949707031,-0.014859819897654836,0.1616871704745167,0.1616871704745167,2984087.5784695083,0.0,4824.886770108871,3104629.0048416266,3099804.118071518,-0.014882848562636108,0.15565134396655295,0.0,0.765855042874424,64346.152620107445,0
2023-12-21,fixed_exposure_matched,402.15399169921875,0.011635381170143289,0.1616871704745167,0.1616871704745167,2984087.5784695083,0.0,4824.886770108871,3140751.780849799,3135926.8940796903,0.011653244731685053,0.1538583944420951,0.0,0.765855042874424,65094.82875965873,0
2023-12-22,fixed_exposure_matched,402.755615234375,0.0014960028933548308,0.1616871704745167,0.1616871704745167,2984087.5784695083,0.0,4824.886770108871,3145449.588746217,3140624.7019761084,0.0014980603997136743,0.1536282500444262,0.0,0.765855042874424,65192.19493880976,0
2023-12-26,fixed_exposure_matched,405.22119140625,0.0061217673413198614,0.1616871704745167,0.1616871704745167,2984087.5784695083,0.0,4824.886770108871,3164704.533457329,3159879.6466872203,0.006130928250993151,0.15269210569988714,0.0,0.765855042874424,65591.27051567927,0
2023-12-27,fixed_exposure_matched,406.0460510253906,0.0020355786830350553,0.1616871704745167,0.1616871704745167,2984087.5784695083,0.0,4824.886770108871,3171145.7726886966,3166320.885918588,0.002038444482567625,0.1523814845035554,0.0,0.765855042874424,65724.77083471828,0
2023-12-28,fixed_exposure_matched,405.84869384765625,-0.0004860462926211673,0.1616871704745167,0.1616871704745167,2984087.5784695083,0.0,4824.886770108871,3169603.6831874773,3164778.7964173686,-0.0004870288125493616,0.15245573483906041,0.0,0.765855042874424,65692.80968050484,0
2023-12-29,fixed_exposure_matched,404.0923767089844,-0.0043275170409471375,0.1616871704745167,0.1616871704745167,2984087.5784695083,0.0,4824.886770108871,3155886.403380392,3151061.5166102834,-0.004334356582082033,0.1531194089571182,0.0,0.765855042874424,65408.50705412888,0
2024-01-02,fixed_exposure_matched,397.2541809082031,-0.01692235784419638,0.1616871704745167,0.1616871704745167,3151061.5166102834,269.9754360096895,5094.862206118561,3102745.77666877,3097650.914462651,-0.016950034731498365,0.16447502791005633,0.18898280520678262,0.8087082866854859,60899.503286714935,1
2024-01-03,fixed_exposure_matched,393.05059814453125,-0.01058159477154308,0.1616871704745167,0.1616871704745167,3151061.5166102834,0.0,5094.862206118561,3069912.9694726574,3064818.107266539,-0.010599259923969817,0.1662370172650339,0.0,0.8087082866854859,60255.073548130786,0
2024-01-04,fixed_exposure_matched,391.02783203125,-0.005146324984187989,0.1616871704745167,0.1616871704745167,3151061.5166102834,0.0,5094.862206118561,3054113.3909502905,3049018.528744172,-0.00515514394962191,0.16709843374474442,0.0,0.8087082866854859,59944.965484690074,0
2024-01-05,fixed_exposure_matched,391.4916076660156,0.0011860425186527301,0.1616871704745167,0.1616871704745167,3151061.5166102834,0.0,5094.862206118561,3057734.890580457,3052640.0283743385,0.0011877591415156985,0.16690019651061816,0.0,0.8087082866854859,60016.04688951821,0
2024-01-08,fixed_exposure_matched,399.5828857421875,0.02066781999340983,0.1616871704745167,0.1616871704745167,3151061.5166102834,0.0,5094.862206118561,3120930.7961782557,3115835.933972137,0.020702049704646397,0.1635150988076422,0.0,0.8087082866854859,61256.43187033093,0
2024-01-09,fixed_exposure_matched,400.372314453125,0.00197563193796757,0.1616871704745167,0.1616871704745167,3151061.5166102834,0.0,5094.862206118561,3127095.798027085,3122000.9358209665,0.001978602846707034,0.16319220624380779,0.0,0.8087082866854859,61377.43616052402,0
2024-01-10,fixed_exposure_matched,403.0859069824219,0.006777672759424869,0.1616871704745167,0.1616871704745167,3151061.5166102834,0.0,5094.862206118561,3148289.4213251984,3143194.5591190797,0.006788474357884988,0.16209184987729366,0.0,0.8087082866854859,61793.41646461666,0
2024-01-11,fixed_exposure_matched,403.9245910644531,0.0020806584092949443,0.1616871704745167,0.1616871704745167,3151061.5166102834,0.0,5094.862206118561,3154839.127476286,3149744.2652701675,0.002083773698349667,0.16175478950134867,0.0,0.8087082866854859,61921.971583206956,0
2024-01-12,fixed_exposure_matched,404.1318054199219,0.0005130025753636858,0.1616871704745167,0.1616871704745167,3151061.5166102834,0.0,5094.862206118561,3156456.7593652527,3151361.897159134,0.0005135756279655013,0.1616717588262852,0.0,0.8087082866854859,61953.721841084865,0
2024-01-16,fixed_exposure_matched,404.0923767089844,-9.756398879945394e-05,0.1616871704745167,0.1616871704745167,3151061.5166102834,0.0,5094.862206118561,3156147.9941450492,3151053.1319389306,-9.797834405556038e-05,0.16168760070965704,0.0,0.8087082866854859,61947.661515845204,0
2024-01-17,fixed_exposure_matched,401.8129577636719,-0.005640836295593088,0.1616871704745167,0.1616871704745167,3151061.5166102834,0.0,5094.862206118561,3138343.8712771256,3133249.009071007,-0.005650213475444699,0.16260636136382797,0.0,0.8087082866854859,61598.209025323624,0
2024-01-18,fixed_exposure_matched,407.51629638671875,0.014194013689327933,0.1616871704745167,0.1616871704745167,3151061.5166102834,0.0,5094.862206118561,3182888.7584395646,3177793.896233446,0.014216835953184015,0.16032701844375008,0.0,0.8087082866854859,62472.518974451275,0
2024-01-19,fixed_exposure_matched,415.5978088378906,0.0198311393257824,0.1616871704745167,0.1616871704745167,3151061.5166102834,0.0,5094.862206118561,3246008.2601583595,3240913.397952241,0.01986267951285603,0.1572045155337298,0.0,0.8087082866854859,63711.40432925033,0
2024-01-22,fixed_exposure_matched,416.1405029296875,0.001305815575193714,0.1616871704745167,0.1616871704745167,3151061.5166102834,0.0,5094.862206118561,3250246.139593395,3245151.2773872763,0.0013076188452654236,0.15699922039445005,0.0,0.8087082866854859,63794.583800325054,0
2024-01-23,fixed_exposure_matched,417.86737060546875,0.004149722662475375,0.1616871704745167,0.1616871704745167,3151061.5166102834,0.0,5094.862206118561,3263732.950949202,3258638.088743083,0.0041559884895920884,0.15634943394661366,0.0,0.8087082866854859,64059.29775744856,0
2024-01-24,fixed_exposure_matched,420.1861877441406,0.005549170147724158,0.1616871704745167,0.1616871704745167,3151061.5166102834,0.0,5094.862206118561,3281843.151702466,3276748.2894963473,0.005557598070134118,0.15548530909286495,0.0,0.8087082866854859,64414.757827232504,0
2024-01-25,fixed_exposure_matched,420.69927978515625,0.0012211063951679257,0.1616871704745167,0.1616871704745167,3151061.5166102834,0.0,5094.862206118561,3285849.8226546613,3280754.9604485426,0.0012227582341428622,0.15529542033892085,0.0,0.8087082866854859,64493.39922694266,0
2024-01-26,fixed_exposure_matched,418.1929626464844,-0.005957502803313086,0.1616871704745167,0.1616871704745167,3151061.5166102834,0.0,5094.862206118561,3266273.5544166435,3261178.692210525,-0.0059670010330004075,0.15622763077312732,0.0,0.8087082866854859,64109.16374723708,0
2024-01-29,fixed_exposure_matched,422.47540283203125,0.01024034493178938,0.1616871704745167,0.1616871704745167,3151061.5166102834,0.0,5094.862206118561,3299720.513547165,3294625.651341046,0.01025609519969306,0.15464161168188395,0.0,0.8087082866854859,64765.64782428148,0
2024-01-30,fixed_exposure_matched,419.6632080078125,-0.006656469951546118,0.1616871704745167,0.1616871704745167,3151061.5166102834,0.0,5094.862206118561,3277755.214391951,3272660.3521858323,-0.00666700908683604,0.15567952851311526,0.0,0.8087082866854859,64334.521362630854,0
2024-01-31,fixed_exposure_matched,411.443603515625,-0.019586192773979105,0.1616871704745167,0.1616871704745167,3151061.5166102834,0.0,5094.862206118561,3213555.6601886684,3208460.7979825498,-0.019616931576906027,0.15879459114233724,0.0,0.8087082866854859,63074.437152184815,0
2024-02-01,fixed_exposure_matched,416.28851318359375,0.01177539188012866,0.1616871704745167,0.1616871704745167,3208460.7979825498,92.8072739235231,5187.669480042084,3251489.548362258,3246301.878882216,0.011794154045285499,0.15980243592836568,0.06496509174646617,0.8234396000066799,62677.26887519212,1
2024-02-02,fixed_exposure_matched,423.3240051269531,0.016900519040400575,0.1616871704745167,0.1616871704745167,3208460.7979825498,0.0,5187.669480042084,3306440.585944418,3301252.916464376,0.01692727282685147,0.15714244292430796,0.0,0.8234396000066799,63736.53137820174,0
2024-02-05,fixed_exposure_matched,422.7714538574219,-0.0013052679811189627,0.1616871704745167,0.1616871704745167,3208460.7979825498,0.0,5187.669480042084,3302123.9714765125,3296936.3019964704,-0.001307568543560289,0.15734818646331364,0.0,0.8234396000066799,63653.32225155032,0
2024-02-06,fixed_exposure_matched,421.9228515625,-0.0020072365037400175,0.1616871704745167,0.1616871704745167,3208460.7979825498,0.0,5187.669480042084,3295495.00426149,3290307.334781448,-0.002010644613002821,0.15766519513857707,0.0,0.8234396000066799,63525.53910652681,0
2024-02-07,fixed_exposure_matched,426.2644958496094,0.010290137808443012,0.1616871704745167,0.1616871704745167,3208460.7979825498,0.0,5187.669480042084,3329405.2785627763,3324217.609082734,0.01030611151208416,0.15605685578067616,0.0,0.8234396000066799,64179.20978527274,0
2024-02-08,fixed_exposure_matched,427.053955078125,0.0018520407779731851,0.1616871704745167,0.1616871704745167,3208460.7979825498,0.0,5187.669480042084,3335570.649465474,3330382.979985432,0.001854683305284155,0.15576795555401188,0.0,0.8234396000066799,64298.05642587729,0
2024-02-09,fixed_exposure_matched,431.25738525390625,0.00984285504395399,0.1616871704745167,0.1616871704745167,3208460.7979825498,0.0,5187.669480042084,3368401.36441743,3363213.694937388,0.009857939807301097,0.15424739402824836,0.0,0.8234396000066799,64930.917001869304,0
2024-02-12,fixed_exposure_matched,429.5700988769531,-0.003912481118345856,0.1616871704745167,0.1616871704745167,3208460.7979825498,0.0,5187.669480042084,3355221.7342405366,3350034.0647604945,-0.00391876085564602,0.1548542307259484,0.0,0.8234396000066799,64676.860142086734,0
2024-02-13,fixed_exposure_matched,422.8701477050781,-0.01559687508369656,0.1616871704745167,0.1616871704745167,3208460.7979825498,0.0,5187.669480042084,3302889.936533883,3297702.267053841,-0.015621273304990968,0.15731163883017052,0.0,0.8234396000066799,63668.08736062902,0
2024-02-14,fixed_exposure_matched,427.4782409667969,0.01089718270898743,0.1616871704745167,0.1616871704745167,3208460.7979825498,0.0,5187.669480042084,3338881.3082003687,3333693.6387203266,0.01091407554467927,0.15561326391207997,0.0,0.8234396000066799,64361.874268313695,0
2024-02-15,fixed_exposure_matched,428.7511901855469,0.0029778105567923596,0.1616871704745167,0.1616871704745167,3208460.7979825498,0.0,5187.669480042084,3348823.0407682043,3343635.371288162,0.0029821974198120937,0.1551505742698102,0.0,0.8234396000066799,64553.515863948945,0
2024-02-16,fixed_exposure_matched,424.8633728027344,-0.009067770473430103,0.1616871704745167,0.1616871704745167,3208460.7979825498,0.0,5187.669480042084,3318455.858638784,3313268.189158742,-0.009082085442145948,0.15657257981761094,0.0,0.8234396000066799,63968.14352582585,0
2024-02-20,fixed_exposure_matched,421.6564025878906,-0.007548238846027289,0.1616871704745167,0.1616871704745167,3208460.7979825498,0.0,5187.669480042084,3293406.53777818,3288218.868298138,-0.007560305846223692,0.15776533399454132,0.0,0.8234396000066799,63485.2808269401,0
2024-02-21,fixed_exposure_matched,419.96905517578125,-0.004001711824493603,0.1616871704745167,0.1616871704745167,3208460.7979825498,0.0,5187.669480042084,3280226.4504534886,3275038.7809734466,-0.0040082755596840824,0.1584002458285438,0.0,0.8234396000066799,63231.21515495777,0
2024-02-22,fixed_exposure_matched,432.2639465332031,0.029275707831082354,0.1616871704745167,0.1616871704745167,3208460.7979825498,0.0,5187.669480042084,3376256.5781971533,3371068.908717111,0.029321829195293247,0.1538879690838564,0.0,0.8234396000066799,65082.33786262274,0
2024-02-23,fixed_exposure_matched,430.9910583496094,-0.0029447012497859637,0.1616871704745167,0.1616871704745167,3208460.7979825498,0.0,5187.669480042084,3366313.687792138,3361126.018312096,-0.0029494770573523788,0.1543432008136145,0.0,0.8234396000066799,64890.67394796382,0
2024-02-26,fixed_exposure_matched,430.7640686035156,-0.0005266692700376385,0.1616871704745167,0.1616871704745167,3208460.7979825498,0.0,5187.669480042084,3364539.9303798713,3359352.260899829,-0.0005277271374543036,0.15442469491581468,0.0,0.8234396000066799,64856.48215106752,0
2024-02-27,fixed_exposure_matched,431.80023193359375,0.002405407984554575,0.1616871704745167,0.1616871704745167,3208460.7979825498,0.0,5187.669480042084,3372632.1981531596,3367444.5286731175,0.002408877409932897,0.15405359868203067,0.0,0.8234396000066799,65012.472578067944,0
2024-02-28,fixed_exposure_matched,429.50103759765625,-0.005324671377877066,0.1616871704745167,0.1616871704745167,3208460.7979825498,0.0,5187.669480042084,3354673.2165799467,3349485.5470999046,-0.005333118755274424,0.15487958992788428,0.0,0.8234396000066799,64666.28665311062,0
2024-02-29,fixed_exposure_matched,433.181640625,0.008569485764063911,0.1616871704745167,0.1616871704745167,3208460.7979825498,0.0,5187.669480042084,3383420.217512915,3378232.548032873,0.008582512307855339,0.15356164521778812,0.0,0.8234396000066799,65220.42760298345,0
2024-03-01,fixed_exposure_matched,439.7040100097656,0.015056892474378802,0.1616871704745167,0.1616871704745167,3378232.548032873,274.4991389214365,5462.16861896352,3434641.5821131244,3429179.413494161,0.01508092315638665,0.15928500554591415,0.19214939724500554,0.8670108918989715,62880.54839956347,1
2024-03-04,fixed_exposure_matched,438.13507080078125,-0.0035681712544526345,0.1616871704745167,0.1616871704745167,3378232.548032873,0.0,5462.16861896352,3422385.3257395886,3416923.157120625,-0.003574107649575331,0.15985634934694826,0.0,0.8670108918989715,62656.163961284066,0
2024-03-05,fixed_exposure_matched,430.27069091796875,-0.017949669877918573,0.1616871704745167,0.1616871704745167,3378232.548032873,0.0,5462.16861896352,3360953.7719366383,3355491.6033176747,-0.017978617305142275,0.16278296192316236,0.0,0.8670108918989715,61531.49062934641,0
2024-03-06,fixed_exposure_matched,432.9743957519531,0.00628372996593396,0.1616871704745167,0.1616871704745167,3378232.548032873,0.0,5462.16861896352,3382072.2308565835,3376610.06223762,0.006293700422038029,0.1617648623407773,0.0,0.8670108918989715,61918.122027846744,0
2024-03-07,fixed_exposure_matched,439.5461730957031,0.015178212402922053,0.1616871704745167,0.1616871704745167,3378232.548032873,0.0,5462.16861896352,3433405.174527657,3427943.0059086937,0.015202508647698565,0.15934245725639146,0.0,0.8670108918989715,62857.91256255957,0
2024-03-08,fixed_exposure_matched,433.2013854980469,-0.014434860285485351,0.1616871704745167,0.1616871704745167,3378232.548032873,0.0,5462.16861896352,3383843.583518996,3378381.4149000323,-0.014458114071101202,0.16168004580161202,0.0,0.8670108918989715,61950.551503865885,0
2024-03-11,fixed_exposure_matched,431.593017578125,-0.003712748790202447,0.1616871704745167,0.1616871704745167,3378232.548032873,0.0,5462.16861896352,3371279.3553371597,3365817.186718196,-0.0037190081991402835,0.16228357976534516,0.0,0.8670108918989715,61720.52879570167,0
2024-03-12,fixed_exposure_matched,437.7798767089844,0.014334937959786354,0.1616871704745167,0.1616871704745167,3378232.548032873,0.0,5462.16861896352,3419605.5687301345,3414143.400111171,0.014357943617280933,0.15998650258175043,0.0,0.8670108918989715,62605.27287381738,0
2024-03-13,fixed_exposure_matched,434.4150695800781,-0.007686070803896272,0.1616871704745167,0.1616871704745167,3378232.548032873,0.0,5462.16861896352,3393321.371196585,3387859.202577621,-0.007698621426590946,0.16122773386826939,0.0,0.8670108918989715,62124.0684407961,0
2024-03-14,fixed_exposure_matched,433.3197937011719,-0.002521265848270393,0.1616871704745167,0.1616871704745167,3378232.548032873,0.0,5462.16861896352,3384765.0389002888,3379302.870281325,-0.0025255867451002834,0.1616359595051271,0.0,0.8670108918989715,61967.42127566484,0
2024-03-15,fixed_exposure_matched,428.1689453125,-0.01188694461583728,0.1616871704745167,0.1616871704745167,3378232.548032873,0.0,5462.16861896352,3344529.657334367,3339067.4887154032,-0.011906414757838046,0.16358365434131764,0.0,0.8670108918989715,61230.802097958884,0
2024-03-18,fixed_exposure_matched,432.2525634765625,0.009537399217689702,0.1616871704745167,0.1616871704745167,3378232.548032873,0.0,5462.16861896352,3376426.9048608756,3370964.736241912,0.009552741187264902,0.16203576858098395,0.0,0.8670108918989715,61814.76882897059,0
2024-03-19,fixed_exposure_matched,433.3295593261719,0.00249158927120563,0.1616871704745167,0.1616871704745167,3378232.548032873,0.0,5462.16861896352,3384838.706901145,3379376.5382821816,0.0024953693373985786,0.1616324359563694,0.0,0.8670108918989715,61968.769970771034,0
2024-03-20,fixed_exposure_matched,438.4674072265625,0.011856675340542244,0.1616871704745167,0.1616871704745167,3378232.548032873,0.0,5462.16861896352,3424970.773518081,3419508.6048991173,0.011875583014296476,0.15973548395631734,0.0,0.8670108918989715,62703.49768455134,0
2024-03-21,fixed_exposure_matched,440.5423278808594,0.004732211836271594,0.1616871704745167,0.1616871704745167,3378232.548032873,0.0,5462.16861896352,3441177.5937405154,3435715.425121552,0.004739517309362951,0.15898198608140762,0.0,0.8670108918989715,63000.20804545393,0
2024-03-22,fixed_exposure_matched,441.0462341308594,0.001143831632306247,0.1616871704745167,0.1616871704745167,3378232.548032873,0.0,5462.16861896352,3445112.8545137276,3439650.685894764,0.001145397766193934,0.1588000968052555,0.0,0.8670108918989715,63072.25380324232,0
2024-03-25,fixed_exposure_matched,439.4455871582031,-0.0036292044887551445,0.1616871704745167,0.1616871704745167,3378232.548032873,0.0,5462.16861896352,3432608.9684669664,3427146.799848003,-0.0036352197326422475,0.15937947622219661,0.0,0.8670108918989715,62843.33582360781,0
2024-03-26,fixed_exposure_matched,438.0227966308594,-0.0032376944243418526,0.1616871704745167,0.1616871704745167,3378232.548032873,0.0,5462.16861896352,3421494.3625379233,3416032.1939189597,-0.0032431076280525772,0.1598980427844616,0.0,0.8670108918989715,62639.852432588814,0
2024-03-27,fixed_exposure_matched,439.5147399902344,0.0034060861006564025,0.1616871704745167,0.1616871704745167,3378232.548032873,0.0,5462.16861896352,3433147.399918746,3427685.2312997826,0.0034112785592499417,0.15935444039860858,0.0,0.8670108918989715,62853.19329029075,0
2024-03-28,fixed_exposure_matched,438.7045593261719,-0.0018433526577071868,0.1616871704745167,0.1616871704745167,3378232.548032873,0.0,5462.16861896352,3426818.0315239136,3421355.86290495,-0.0018465430655756343,0.15964923959490696,0.0,0.8670108918989715,62737.31681637784,0
2024-04-01,fixed_exposure_matched,439.63336181640625,0.0021171480224890793,0.1616871704745167,0.1616871704745167,3421355.86290495,69.72486763147754,5531.893486594998,3434142.0580392107,3428610.164552616,0.0021203002372007784,0.16134507048329974,0.04880740734203427,0.8780783312055552,62078.96204727906,1
2024-04-02,fixed_exposure_matched,435.83917236328125,-0.008630349247037983,0.1616871704745167,0.1616871704745167,3421355.86290495,0.0,5531.893486594998,3404503.334636059,3398971.4411494643,-0.008644529993400152,0.16275198489823797,0.0,0.8780783312055552,61543.18305090155,0
2024-04-03,fixed_exposure_matched,436.81744384765625,0.002244569892766668,0.1616871704745167,0.1616871704745167,3421355.86290495,0.0,5531.893486594998,3412144.102242476,3406612.208755881,0.0022479646383355423,0.16238694478862578,0.0,0.8780783312055552,61681.305153666755,0
2024-04-04,fixed_exposure_matched,430.1381530761719,-0.01529080595465837,0.1616871704745167,0.1616871704745167,3421355.86290495,0.0,5531.893486594998,3359968.7908074227,3354436.897320828,-0.01531589398433697,0.16491273068851864,0.0,0.8780783312055552,60738.1324125161,0
2024-04-05,fixed_exposure_matched,435.2068176269531,0.011783806004029618,0.1616871704745167,0.1616871704745167,3421355.86290495,0.0,5531.893486594998,3399561.13313956,3394029.239652965,0.01180297723405066,0.16298897552104255,0.0,0.8780783312055552,61453.84290889637,0
2024-04-08,fixed_exposure_matched,435.3352966308594,0.00029521367474627525,0.1616871704745167,0.1616871704745167,3421355.86290495,0.0,5531.893486594998,3400563.8519958677,3395031.958509273,0.0002954361278308948,0.16294083691112002,0.0,0.8780783312055552,61471.96905067291,0
2024-04-09,fixed_exposure_matched,436.9458312988281,0.003699526963315325,0.1616871704745167,0.1616871704745167,3421355.86290495,0.0,5531.893486594998,3413143.4515784704,3407611.5580918756,0.003705296367261912,0.1623393216124855,0.0,0.8780783312055552,61699.370384648086,0
2024-04-10,fixed_exposure_matched,433.1319580078125,-0.008728480781425074,0.1616871704745167,0.1616871704745167,3421355.86290495,0.0,5531.893486594998,3383351.0164787895,3377819.1229921947,-0.008742908219375622,0.16377115781423623,0.0,0.8780783312055552,61160.81274300378,0
2024-04-11,fixed_exposure_matched,440.04827880859375,0.015968160910113438,0.1616871704745167,0.1616871704745167,3421355.86290495,0.0,5531.893486594998,3437376.0318469875,3431844.138360393,0.015994052197898734,0.16119302810872788,0.0,0.8780783312055552,62137.42256926151,0
2024-04-12,fixed_exposure_matched,433.0331115722656,-0.01594181269228301,0.1616871704745167,0.1616871704745167,3421355.86290495,0.0,5531.893486594998,3382577.1489160084,3377045.2554294136,-0.015967765644846588,0.16380868683062944,0.0,0.8780783312055552,61146.82354446523,0
2024-04-15,fixed_exposure_matched,425.9092712402344,-0.016451029128386696,0.1616871704745167,0.1616871704745167,3421355.86290495,0.0,5531.893486594998,3326929.3956318446,3321397.50214525,-0.016478237356960634,0.1665531898251268,0.0,0.8780783312055552,60140.879496211026,0
2024-04-16,fixed_exposure_matched,425.9488220214844,9.28619870961267e-05,0.1616871704745167,0.1616871704745167,3421355.86290495,0.0,5531.893486594998,3327237.46282812,3321705.5693415254,9.275228155525284e-05,0.16653774306949204,0.0,0.8780783312055552,60146.44842477088,0
2024-04-17,fixed_exposure_matched,420.75164794921875,-0.012201404965978435,0.1616871704745167,0.1616871704745167,3421355.86290495,0.0,5531.893486594998,3286639.6130478485,3281107.7195612537,-0.012221989256055443,0.168598350295391,0.0,0.8780783312055552,59412.561377259044,0
2024-04-18,fixed_exposure_matched,418.3507080078125,-0.005706311438371414,0.1616871704745167,0.1616871704745167,3421355.86290495,0.0,5531.893486594998,3267884.1457517776,3262352.252265183,-0.005716199801748312,0.16956763276418055,0.0,0.8780783312055552,59073.51892567317,0
2024-04-19,fixed_exposure_matched,409.6954040527344,-0.020689110331125526,0.1616871704745167,0.1616871704745167,3421355.86290495,0.0,5531.893486594998,3200273.652032652,3194741.758546057,-0.0207244615207266,0.17315620180557537,0.0,0.8780783312055552,57851.32450195622,0
2024-04-22,fixed_exposure_matched,413.8155517578125,0.010056611971531515,0.1616871704745167,0.1616871704745167,3421355.86290495,0.0,5531.893486594998,3232456.6842755293,3226924.7907889346,0.010073750767737755,0.171429266104542,0.0,0.8780783312055552,58433.096951495674,0
2024-04-23,fixed_exposure_matched,419.99090576171875,0.014922962604171142,0.1616871704745167,0.1616871704745167,3421355.86290495,0.0,5531.893486594998,3280693.636416245,3275161.74292965,0.014948272819498287,0.16890443650720863,0.0,0.8780783312055552,59305.07599913287,0
2024-04-24,fixed_exposure_matched,421.4136962890625,0.0033876698467156796,0.1616871704745167,0.1616871704745167,3421355.86290495,0.0,5531.893486594998,3291806.665246313,3286274.771759718,0.003393123669100939,0.16833326093523235,0.0,0.8780783312055552,59505.96614383645,0
2024-04-25,fixed_exposure_matched,419.3782958984375,-0.004829934120671897,0.1616871704745167,0.1616871704745167,3421355.86290495,0.0,5531.893486594998,3275906.5778368535,3270374.6843502587,-0.004838331701930487,0.16915167283635105,0.0,0.8780783312055552,59218.54037455891,0
2024-04-26,fixed_exposure_matched,425.85003662109375,0.015431749296400232,0.1616871704745167,0.1616871704745167,3421355.86290495,0.0,5531.893486594998,3326458.668786129,3320926.775299534,0.01545758386376428,0.16657679801133354,0.0,0.8780783312055552,60132.37017030198,0
2024-04-29,fixed_exposure_matched,427.5790710449219,0.004060195550403378,0.1616871704745167,0.1616871704745167,3421355.86290495,0.0,5531.893486594998,3339963.863393404,3334431.9699068093,0.0040666944865284105,0.16590212475528787,0.0,0.8780783312055552,60376.50347908678,0
2024-04-30,fixed_exposure_matched,419.5165710449219,-0.018856161458737364,0.1616871704745167,0.1616871704745167,3421355.86290495,0.0,5531.893486594998,3276984.0874405787,3271452.193953984,-0.018887707567950662,0.16909595979481426,0.0,0.8780783312055552,59238.01850815524,0
2024-05-01,fixed_exposure_matched,416.4832458496094,-0.007230525334808946,0.1616871704745167,0.1616871704745167,3271452.193953984,-242.37500076430297,5289.518485830695,3253048.1404305324,3247758.6219447018,-0.007242524299474917,0.1628667367731726,0.16966250053501208,0.839606108862015,61499.89170365204,-1
2024-05-02,fixed_exposure_matched,421.7989501953125,0.012763308965428655,0.1616871704745167,0.1616871704745167,3271452.193953984,0.0,5289.518485830695,3294566.9593201512,3289277.4408343206,0.012783837631614947,0.16081095562705153,0.0,0.839606108862015,62284.817949790275,0
2024-05-03,fixed_exposure_matched,430.2765197753906,0.02009860284420495,0.1616871704745167,0.1616871704745167,3271452.193953984,0.0,5289.518485830695,3360782.3125730576,3355492.794087227,0.02013066834402122,0.15763760527668094,0.0,0.839606108862015,63536.63989597083,0
2024-05-06,fixed_exposure_matched,434.9895324707031,0.010953450812916099,0.1616871704745167,0.1616871704745167,3271452.193953984,0.0,5289.518485830695,3397593.636720636,3392304.1182348053,0.01097046735205165,0.15592701307048823,0.0,0.839606108862015,64232.569482873434,0
2024-05-07,fixed_exposure_matched,435.0586853027344,0.00015897585313950913,0.1616871704745167,0.1616871704745167,3271452.193953984,0.0,5289.518485830695,3398132.932461546,3392843.413975715,0.00015897623624328006,0.1559022283210078,0.0,0.839606108862015,64242.76503739045,0
2024-05-08,fixed_exposure_matched,434.8017272949219,-0.000590628383004721,0.1616871704745167,0.1616871704745167,3271452.193953984,0.0,5289.518485830695,3396125.059096302,3390835.5406104713,-0.0005917966496694627,0.15599454537032467,0.0,0.839606108862015,64204.805563940776,0
2024-05-09,fixed_exposure_matched,435.7502746582031,0.0021815630061603475,0.1616871704745167,0.1616871704745167,3271452.193953984,0.0,5289.518485830695,3403533.0802834113,3398243.5617975807,0.002184718515064299,0.15565448413687805,0.0,0.839606108862015,64344.856519560904,0
2024-05-10,fixed_exposure_matched,436.77789306640625,0.0023582736901524015,0.1616871704745167,0.1616871704745167,3271452.193953984,0.0,5289.518485830695,3411558.703194098,3406269.1847082675,0.002361697378289618,0.15528774148493257,0.0,0.839606108862015,64496.583428771744,0
2024-05-13,fixed_exposure_matched,437.78564453125,0.0023072400889359024,0.1616871704745167,0.1616871704745167,3271452.193953984,0.0,5289.518485830695,3419429.148593757,3414139.630107926,0.002310576461482139,0.15492976441808518,0.0,0.839606108862015,64645.376658642126,0
2024-05-14,fixed_exposure_matched,440.60162353515625,0.0064323237618295614,0.1616871704745167,0.1616871704745167,3271452.193953984,0.0,5289.518485830695,3441423.18435204,3436133.665866209,0.0064420434256193815,0.15393808856668179,0.0,0.839606108862015,65061.18077800006,0
2024-05-15,fixed_exposure_matched,447.48834228515625,0.015630261855924532,0.1616871704745167,0.1616871704745167,3271452.193953984,0.0,5289.518485830695,3495212.690274403,3489923.1717885723,0.015654078436091234,0.15156547079859747,0.0,0.839606108862015,66078.08819719998,0
2024-05-16,fixed_exposure_matched,446.5793762207031,-0.00203126199849446,0.1616871704745167,0.1616871704745167,3271452.193953984,0.0,5289.518485830695,3488112.157953884,3482822.6394680534,-0.002034581270418001,0.15187447175428337,0.0,0.839606108862015,65943.85041469596,0
2024-05-17,fixed_exposure_matched,446.3619079589844,-0.00048696440834128385,0.1616871704745167,0.1616871704745167,3271452.193953984,0.0,5289.518485830695,3486412.731874549,3481123.213388718,-0.00048794505355420625,0.15194861432903964,0.0,0.839606108862015,65911.72223357914,0
2024-05-20,fixed_exposure_matched,449.47430419921875,0.006972808800970398,0.1616871704745167,0.1616871704745167,3271452.193953984,0.0,5289.518485830695,3510721.98164907,3505432.4631632394,0.006983162699046641,0.15089489075643261,0.0,0.839606108862015,66371.29619744068,0
2024-05-21,fixed_exposure_matched,450.3536376953125,0.001956359880595171,0.1616871704745167,0.1616871704745167,3271452.193953984,0.0,5289.518485830695,3517589.377679783,3512299.8591939523,0.001959072412000218,0.15059985473576853,0.0,0.839606108862015,66501.12646552859,0
2024-05-22,fixed_exposure_matched,450.26470947265625,-0.0001974630939173272,0.1616871704745167,0.1616871704745167,3271452.193953984,0.0,5289.518485830695,3516893.9439920266,3511604.425506196,-0.00019799952043841884,0.15062967934004165,0.0,0.839606108862015,66487.97907433183,0
2024-05-23,fixed_exposure_matched,448.2392578125,-0.004498357560663413,0.1616871704745167,0.1616871704745167,3271452.193953984,0.0,5289.518485830695,3501072.85792291,3495783.339437079,-0.004505372516961703,0.1513113935339728,0.0,0.839606108862015,66188.87649795371,0
2024-05-24,fixed_exposure_matched,452.4779968261719,0.009456420739133442,0.1616871704745167,0.1616871704745167,3271452.193953984,0.0,5289.518485830695,3534179.63629968,3528890.1178138494,0.009470489204316923,0.14989184443939435,0.0,0.839606108862015,66814.77048935302,0
2024-05-28,fixed_exposure_matched,454.18731689453125,0.003777686606529107,0.1616871704745167,0.1616871704745167,3271452.193953984,0.0,5289.518485830695,3547529.819770688,3542240.3012848576,0.00378311112709806,0.14932692409128925,0.0,0.839606108862015,67067.1598799331,0
2024-05-29,fixed_exposure_matched,450.9860534667969,-0.007048332942502067,0.1616871704745167,0.1616871704745167,3271452.193953984,0.0,5289.518485830695,3522524.808871381,3517235.2903855504,-0.007059095028148499,0.15038853102292374,0.0,0.839606108862015,66594.43233457544,0
2024-05-30,fixed_exposure_matched,446.1544189453125,-0.010713489883651395,0.1616871704745167,0.1616871704745167,3271452.193953984,0.0,5289.518485830695,3484785.4353605174,3479495.9168746867,-0.01072984045566272,0.15201967791305201,0.0,0.839606108862015,65880.95768443558,0
2024-05-31,fixed_exposure_matched,445.3245544433594,-0.0018600387370697469,0.1616871704745167,0.1616871704745167,3271452.193953984,0.0,5289.518485830695,3478302.7598542613,3473013.2413684307,-0.0018631076630429844,0.15230343561104673,0.0,0.839606108862015,65758.40067809139,0
2024-06-03,fixed_exposure_matched,447.7156066894531,0.005369235139262685,0.1616871704745167,0.1616871704745167,3473013.2413684307,325.89835434321776,5615.4168401739125,3497305.112746972,3491689.6959067984,0.005377593818504556,0.16082233328914353,0.22812884804025244,0.8913360063768115,62280.41857420968,1
2024-06-04,fixed_exposure_matched,448.94073486328125,0.002736398185640976,0.1616871704745167,0.1616871704745167,3473013.2413684307,0.0,5615.4168401739125,3506874.2407761193,3501258.8239359455,0.002740543651506222,0.1603827972323775,0.0,0.8913360063768115,62450.82672558124,0
2024-06-05,fixed_exposure_matched,457.9913024902344,0.020159827175650236,0.1616871704745167,0.1616871704745167,3473013.2413684307,0.0,5615.4168401739125,3577571.328060899,3571955.911220725,0.020191905494522988,0.15720845888757987,0.0,0.8913360063768115,63709.80872632956,0
2024-06-06,fixed_exposure_matched,457.833251953125,-0.0003450950623953286,0.1616871704745167,0.1616871704745167,3473013.2413684307,0.0,5615.4168401739125,3576335.8345242115,3570720.4176840377,-0.00034588711826100127,0.15726285408298815,0.0,0.8913360063768115,63687.80691289607,0
2024-06-07,fixed_exposure_matched,457.4281005859375,-0.0008849321569788238,0.1616871704745167,0.1616871704745167,3473013.2413684307,0.0,5615.4168401739125,3573170.1286040787,3567554.711763905,-0.0008865734501235512,0.15740240287436222,0.0,0.8913360063768115,63631.431651535524,0
2024-06-10,fixed_exposure_matched,459.27581787109375,0.004039361120992346,0.1616871704745167,0.1616871704745167,3473013.2413684307,0.0,5615.4168401739125,3587602.561764247,3581987.144924073,0.0040454693273737075,0.15676820192197932,0.0,0.8913360063768115,63888.44610960594,0
2024-06-11,fixed_exposure_matched,462.4276428222656,0.0068625972205149655,0.1616871704745167,0.1616871704745167,3473013.2413684307,0.0,5615.4168401739125,3612221.941796916,3606606.5249567423,0.006873106752366853,0.15569807244890027,0.0,0.8913360063768115,64326.870909284866,0
2024-06-12,fixed_exposure_matched,468.484375,0.01309768624723473,0.1616871704745167,0.1616871704745167,3473013.2413684307,0.0,5615.4168401739125,3659532.8001099424,3653917.3832697687,0.013117831952459413,0.15368209653248546,0.0,0.8913360063768115,65169.388208705175,0
2024-06-13,fixed_exposure_matched,471.02374267578125,0.005420389262248637,0.1616871704745167,0.1616871704745167,3473013.2413684307,0.0,5615.4168401739125,3679368.0010684985,3673752.5842283247,0.005428475490271367,0.15285234134386969,0.0,0.8913360063768115,65522.615787763076,0
2024-06-14,fixed_exposure_matched,473.46417236328125,0.005181118203588797,0.1616871704745167,0.1616871704745167,3473013.2413684307,0.0,5615.4168401739125,3698430.35026053,3692814.9334203564,0.00518879504130676,0.1520633159640309,0.0,0.8913360063768115,65862.08033215193,0
2024-06-17,fixed_exposure_matched,479.2640380859375,0.012249851332375217,0.1616871704745167,0.1616871704745167,3473013.2413684307,0.0,5615.4168401739125,3743734.6808783594,3738119.2640381856,0.012268237492168987,0.15022037670643326,0.0,0.8913360063768115,66668.86515164586,0
2024-06-18,fixed_exposure_matched,479.4122619628906,0.0003092739391528099,0.1616871704745167,0.1616871704745167,3473013.2413684307,0.0,5615.4168401739125,3744891.629114251,3739276.2122740773,0.0003095000865869224,0.15017389787203878,0.0,0.8913360063768115,66689.46822117429,0
2024-06-20,fixed_exposure_matched,475.71697998046875,-0.00770794215252657,0.1616871704745167,0.1616871704745167,3473013.2413684307,0.0,5615.4168401739125,3716025.329733551,3710409.9128933772,-0.007719755840969178,0.1513422228811105,0.0,0.8913360063768115,66175.41378492684,0
2024-06-21,fixed_exposure_matched,474.4424133300781,-0.0026792540607715187,0.1616871704745167,0.1616871704745167,3473013.2413684307,0.0,5615.4168401739125,3706068.262442926,3700452.845602752,-0.002683549129174345,0.1517494499854717,0.0,0.8913360063768115,65998.09716580447,0
2024-06-24,fixed_exposure_matched,469.041015625,-0.011384727742121736,0.1616871704745167,0.1616871704745167,3473013.2413684307,0.0,5615.4168401739125,3663874.7929452886,3658259.376105115,-0.011402244875995615,0.15349969105122746,0.0,0.8913360063768115,65246.710925057814,0
2024-06-25,fixed_exposure_matched,474.40472412109375,0.011435478598703197,0.1616871704745167,0.1616871704745167,3473013.2413684307,0.0,5615.4168401739125,3705772.063392336,3700156.6465521622,0.011452788372719125,0.15176159759091298,0.0,0.8913360063768115,65992.8224184612,0
2024-06-26,fixed_exposure_matched,475.384521484375,0.0020653195751716424,0.1616871704745167,0.1616871704745167,3473013.2413684307,0.0,5615.4168401739125,3713424.775639978,3707809.358799804,0.002068213045729461,0.15144837009612572,0.0,0.8913360063768115,66129.10281340701,0
2024-06-27,fixed_exposure_matched,476.6116638183594,0.0025813678791068995,0.1616871704745167,0.1616871704745167,3473013.2413684307,0.0,5615.4168401739125,3723009.599741288,3717394.182901114,0.002585036924447781,0.15105787989885838,0.0,0.8913360063768115,66299.79048226781,0
2024-06-28,fixed_exposure_matched,474.1375427246094,-0.005191062832849425,0.1616871704745167,0.1616871704745167,3473013.2413684307,0.0,5615.4168401739125,3703682.331645723,3698066.914805549,-0.00519914411672151,0.15184735618741993,0.0,0.8913360063768115,65955.60823105375,0
2024-07-01,fixed_exposure_matched,476.91839599609375,0.005865077157789056,0.1616871704745167,0.1616871704745167,3698066.914805549,363.8829166294363,5979.299756803349,3725769.5260995952,3719790.2263427917,0.0058742343061104485,0.16074292884741653,0.2547180416406054,0.9490951994925951,62311.134708714875,1
2024-07-02,fixed_exposure_matched,481.9258728027344,0.010499651195425175,0.1616871704745167,0.1616871704745167,3698066.914805549,0.0,5979.299756803349,3764887.8574629864,3758908.557706183,0.010516273494769468,0.15907010412756956,0.0,0.9490951994925951,62965.364015731655,0
2024-07-03,fixed_exposure_matched,485.9437561035156,0.008337139646424241,0.1616871704745167,0.1616871704745167,3698066.914805549,0.0,5979.299756803349,3796275.304188583,3790296.0044317795,0.008350149050912359,0.15775284436392542,0.0,0.9490951994925951,63490.29917540288,0
2024-07-05,fixed_exposure_matched,491.0105895996094,0.010426789998747132,0.1616871704745167,0.1616871704745167,3698066.914805549,0.0,5979.299756803349,3835857.320467588,3829878.0207107845,0.010442988155205724,0.15612245936996327,0.0,0.9490951994925951,64152.283318846574,0
2024-07-08,fixed_exposure_matched,492.1783447265625,0.0023782687210582854,0.1616871704745167,0.1616871704745167,3698066.914805549,0.0,5979.299756803349,3844979.070856099,3838999.7710992955,0.002381733919248452,0.15575150073768249,0.0,0.9490951994925951,64304.83881463238,0
2024-07-09,fixed_exposure_matched,492.6038818359375,0.0008645994159117709,0.1616871704745167,0.1616871704745167,3698066.914805549,0.0,5979.299756803349,3848302.488419755,3842323.1886629513,0.0008656988178732394,0.1556167834721894,0.0,0.9490951994925951,64360.42086769594,0
2024-07-10,fixed_exposure_matched,497.739990234375,0.010426447268939931,0.1616871704745167,0.1616871704745167,3698066.914805549,0.0,5979.299756803349,3888425.6622949946,3882446.362538191,0.010442425560043045,0.15400856054310863,0.0,0.9490951994925951,65031.45552906388,0
2024-07-11,fixed_exposure_matched,486.824462890625,-0.021930179527287152,0.1616871704745167,0.1616871704745167,3698066.914805549,0.0,5979.299756803349,3803150.8403471555,3797171.540590352,-0.02196419833913421,0.15746720138626494,0.0,0.9490951994925951,63605.28816137485,0
2024-07-12,fixed_exposure_matched,489.68450927734375,0.00587490277242142,0.1616871704745167,0.1616871704745167,3698066.914805549,0.0,5979.299756803349,3825493.0326678483,3819513.7329110447,0.005883903869462692,0.1565460991875063,0.0,0.9490951994925951,63978.947172118904,0
2024-07-15,fixed_exposure_matched,491.000732421875,0.0026879003104951504,0.1616871704745167,0.1616871704745167,3698066.914805549,0.0,5979.299756803349,3835774.627482954,3829795.3277261504,0.0026918596277096807,0.15612583036789632,0.0,0.9490951994925951,64150.90033107212,0
2024-07-16,fixed_exposure_matched,491.1887512207031,0.00038292977263143513,0.1616871704745167,0.1616871704745167,3698066.914805549,0.0,5979.299756803349,3837242.510693722,3831263.2109369184,0.0003832798061402798,0.15606601341652893,0.0,0.9490951994925951,64175.44974773412,0
2024-07-17,fixed_exposure_matched,476.7699279785156,-0.029354954091179386,0.1616871704745167,0.1616871704745167,3698066.914805549,0.0,5979.299756803349,3724599.4838603865,3718620.184103583,-0.02940101492160052,0.1607935056762117,0.0,0.9490951994925951,62291.566493592734,0
2024-07-18,fixed_exposure_matched,474.51361083984375,-0.004732507245661544,0.1616871704745167,0.1616871704745167,3698066.914805549,0.0,5979.299756803349,3706971.8407206307,3700992.540963827,-0.004740372037754903,0.16155935713521313,0.0,0.9490951994925951,61996.75533080233,0
2024-07-19,fixed_exposure_matched,470.3077392578125,-0.008863542553789516,0.1616871704745167,0.1616871704745167,3698066.914805549,0.0,5979.299756803349,3674113.988969505,3668134.6892127013,-0.008878118879582786,0.16300654865229872,0.0,0.9490951994925951,61447.22857871502,0
2024-07-22,fixed_exposure_matched,477.31427001953125,0.01489775773789237,0.1616871704745167,0.1616871704745167,3698066.914805549,0.0,5979.299756803349,3728849.0999833746,3722869.800226571,0.01492178331805416,0.16060996160648575,0.0,0.9490951994925951,62362.638630729736,0
2024-07-23,fixed_exposure_matched,475.63189697265625,-0.0035246653044882503,0.1616871704745167,0.1616871704745167,3698066.914805549,0.0,5979.299756803349,3715705.205839792,3709725.9060829883,-0.0035305812045274276,0.16117901721523004,0.0,0.9490951994925951,62142.8153290358,0
2024-07-24,fixed_exposure_matched,458.5708312988281,-0.035870314380553325,0.1616871704745167,0.1616871704745167,3698066.914805549,0.0,5979.299756803349,3582420.7428656607,3576441.443108857,-0.03592838564045364,0.1671857306184715,0.0,0.9490951994925951,59913.71713367475,0
2024-07-25,fixed_exposure_matched,453.5138854980469,-0.011027622028331519,0.1616871704745167,0.1616871704745167,3698066.914805549,0.0,5979.299756803349,3542914.211871684,3536934.9121148805,-0.011046324012965014,0.16905314644956462,0.0,0.9490951994925951,59252.99543379634,0
2024-07-26,fixed_exposure_matched,458.1650695800781,0.010255880207335588,0.1616871704745167,0.1616871704745167,3698066.914805549,0.0,5979.299756803349,3579248.9665183076,3573269.666761504,0.010272949757194505,0.16733413132579097,0.0,0.9490951994925951,59860.67118387529,0
2024-07-29,fixed_exposure_matched,459.08544921875,0.0020088385164662714,0.1616871704745167,0.1616871704745167,3698066.914805549,0.0,5979.299756803349,3586438.1506070723,3580458.8508502687,0.002011934379215319,0.16699814202259064,0.0,0.9490951994925951,59980.905732755105,0
2024-07-30,fixed_exposure_matched,452.7815246582031,-0.013731484130622307,0.1616871704745167,0.1616871704745167,3698066.914805549,0.0,5979.299756803349,3537190.0829613535,3531210.78320455,-0.013754680530408403,0.16932718333447017,0.0,0.9490951994925951,59157.26300452957,0
2024-07-31,fixed_exposure_matched,466.1810302734375,0.029593755234049057,0.1616871704745167,0.1616871704745167,3698066.914805549,0.0,5979.299756803349,3641867.871397618,3635888.5716408147,0.02964359673292294,0.16445222781139832,0.0,0.9490951994925951,60907.932693186005,0
2024-08-01,fixed_exposure_matched,454.8894348144531,-0.024221482054645804,0.1616871704745167,0.1616871704745167,3635888.5716408147,-100.53440371099441,5878.765353092354,3553557.332986838,3547678.5676337457,-0.024260920616514192,0.16570738416737152,0.07037408259769609,0.933137357633707,60447.340887956896,-1
2024-08-02,fixed_exposure_matched,444.0926513671875,-0.02373496199503855,0.1616871704745167,0.1616871704745167,3635888.5716408147,0.0,5878.765353092354,3469212.8516038475,3463334.086250755,-0.023774555607287584,0.1697429473070683,0.0,0.933137357633707,59012.60967626423,0
2024-08-05,fixed_exposure_matched,430.85150146484375,-0.029816187819319717,0.1616871704745167,0.1616871704745167,3635888.5716408147,0.0,5878.765353092354,3365773.2164978716,3359894.451144779,-0.029867068128548557,0.17496875091089092,0.0,0.933137357633707,57253.06274943265,0
2024-08-06,fixed_exposure_matched,434.96832275390625,0.009555081681428046,0.1616871704745167,0.1616871704745167,3635888.5716408147,0.0,5878.765353092354,3397932.521365314,3392053.7560122213,0.009571522360318552,0.17330991122038025,0.0,0.933137357633707,57800.104567499526,0
2024-08-07,fixed_exposure_matched,430.25775146484375,-0.01082968814657248,0.1616871704745167,0.1616871704745167,3635888.5716408147,0.0,5878.765353092354,3361133.038678473,3355254.2733253804,-0.010848732164582042,0.17521072545318395,0.0,0.933137357633707,57174.13158717835,0
2024-08-08,fixed_exposure_matched,443.4197692871094,0.03059100684985827,0.1616871704745167,0.1616871704745167,3635888.5716408147,0.0,5878.765353092354,3463952.5493506133,3458073.783997521,0.03064432746262069,0.17000115440846733,0.0,0.933137357633707,58923.12996518055,0
2024-08-09,fixed_exposure_matched,445.7354431152344,0.005222306240084684,0.1616871704745167,0.1616871704745167,3635888.5716408147,0.0,5878.765353092354,3482041.4372270866,3476162.671873994,0.0052309143778772604,0.16911652037052458,0.0,0.933137357633707,59230.82872146716,0
2024-08-12,fixed_exposure_matched,446.6953430175781,0.002153519351378197,0.1616871704745167,0.1616871704745167,3635888.5716408147,0.0,5878.765353092354,3489539.147707098,3483660.3823540057,0.0021568928694495337,0.1687525392219752,0.0,0.933137357633707,59358.36758430113,0
2024-08-13,fixed_exposure_matched,457.77911376953125,0.024812819128756658,0.1616871704745167,0.1616871704745167,3635888.5716408147,0.0,5878.765353092354,3576123.518284512,3570244.7529314198,0.024854423529915515,0.1646600096048171,0.0,0.933137357633707,60831.200149932774,0
2024-08-14,fixed_exposure_matched,457.92755126953125,0.00032425572844019257,0.1616871704745167,0.1616871704745167,3635888.5716408147,0.0,5878.765353092354,3577282.163683568,3571403.3983304757,0.00032452828285922664,0.16460659011078113,0.0,0.933137357633707,60850.90914203341,0
2024-08-15,fixed_exposure_matched,469.4962463378906,0.0252631557902272,0.1616871704745167,0.1616871704745167,3635888.5716408147,0.0,5878.765353092354,3667654.6671529496,3661775.901799857,0.02530447932922608,0.16054410512130984,0.0,0.933137357633707,62388.17926664969,0
2024-08-16,fixed_exposure_matched,470.0998840332031,0.0012857135707067258,0.1616871704745167,0.1616871704745167,3635888.5716408147,0.0,5878.765353092354,3672369.2873938163,3666490.522040724,0.0012875228761404234,0.16033766670751695,0.0,0.933137357633707,62468.37672236863,0
2024-08-19,fixed_exposure_matched,476.275146484375,0.013136064612889298,0.1616871704745167,0.1616871704745167,3635888.5716408147,0.0,5878.765353092354,3720608.834498054,3714730.0691449614,0.013156872168153866,0.15825551907316648,0.0,0.933137357633707,63288.949482240096,0
2024-08-20,fixed_exposure_matched,475.275634765625,-0.002098601462049654,0.1616871704745167,0.1616871704745167,3635888.5716408147,0.0,5878.765353092354,3712799.8262209035,3706921.060867811,-0.0021021738139234136,0.15858890050699118,0.0,0.933137357633707,63156.115327309206,0
2024-08-21,fixed_exposure_matched,477.49237060546875,0.004664105789763173,0.1616871704745167,0.1616871704745167,3635888.5716408147,0.0,5878.765353092354,3730115.7842492545,3724237.018896162,0.0046712508154400645,0.15785153638891597,0.0,0.933137357633707,63450.666257450386,0
2024-08-22,fixed_exposure_matched,469.9217834472656,-0.015854886118082834,0.1616871704745167,0.1616871704745167,3635888.5716408147,0.0,5878.765353092354,3670974.290145362,3665095.5247922693,-0.015880163857407203,0.16039869393105524,0.0,0.933137357633707,62444.64729680616,0
2024-08-23,fixed_exposure_matched,475.018310546875,0.010845479565178007,0.1616871704745167,0.1616871704745167,3635888.5716408147,0.0,5878.765353092354,3710786.8336560694,3704908.068302977,0.010862620971649584,0.15867506682251112,0.0,0.933137357633707,63121.87357000254,0
2024-08-26,fixed_exposure_matched,470.4066467285156,-0.009708391689259521,0.1616871704745167,0.1616871704745167,3635888.5716408147,0.0,5878.765353092354,3674760.1284622313,3668881.363109139,-0.009724048351445358,0.1602331820320972,0.0,0.933137357633707,62509.045824209155,0
2024-08-27,fixed_exposure_matched,471.8119812011719,0.0029874885536371742,0.1616871704745167,0.1616871704745167,3635888.5716408147,0.0,5878.765353092354,3685737.499146017,3679858.7337929243,0.002992021163225278,0.15975519111933303,0.0,0.933137357633707,62695.77501009189,0
2024-08-28,fixed_exposure_matched,466.45806884765625,-0.011347554888040956,0.1616871704745167,0.1616871704745167,3635888.5716408147,0.0,5878.765353092354,3643912.457434189,3638033.6920810966,-0.011365936775708074,0.16159183368446137,0.0,0.933137357633707,61984.315388900744,0
2024-08-29,fixed_exposure_matched,465.7752685546875,-0.0014637977957066006,0.1616871704745167,0.1616871704745167,3635888.5716408147,0.0,5878.765353092354,3638577.5732738916,3632698.807920799,-0.0014664196683801256,0.16182914312285382,0.0,0.933137357633707,61893.567011650215,0
2024-08-30,fixed_exposure_matched,471.3269958496094,0.011919326056424318,0.1616871704745167,0.1616871704745167,3635888.5716408147,0.0,5878.765353092354,3681946.0326139787,3676067.2672608863,0.01193835812799171,0.1599199613524141,0.0,0.933137357633707,62631.28074464135,0
2024-09-03,fixed_exposure_matched,457.01715087890625,-0.03036075823517881,0.1616871704745167,0.1616871704745167,3676067.2672608863,64.96379608166171,5943.729149174016,3570221.363185701,3564277.634036527,-0.0304101163272934,0.16675831008267367,0.045474657257163195,0.9434490712974629,60067.02650106196,1
2024-09-04,fixed_exposure_matched,455.82958984375,-0.0025985043074913117,0.1616871704745167,0.1616871704745167,3676067.2672608863,0.0,5943.729149174016,3560943.184145694,3554999.45499652,-0.002603102225092191,0.16719353193768166,0.0,0.9434490712974629,59910.92620094489,0
2024-09-05,fixed_exposure_matched,456.2550964355469,0.0009334773373153027,0.1616871704745167,0.1616871704745167,3676067.2672608863,0.0,5943.729149174016,3564266.3004584904,3558322.5713093164,0.000934772664486827,0.1670373899516077,0.0,0.9434490712974629,59966.83581979517,0
2024-09-06,fixed_exposure_matched,444.03326416015625,-0.026787278368773593,0.1616871704745167,0.1616871704745167,3676067.2672608863,0.0,5943.729149174016,3468788.363438599,3462844.634289425,-0.026832288278114014,0.17164296342719598,0.0,0.9434490712974629,58360.47162277991,0
2024-09-09,fixed_exposure_matched,449.7433776855469,0.01285965261226707,0.1616871704745167,0.1616871704745167,3676067.2672608863,0.0,5943.729149174016,3513394.8333288226,3507451.1041796487,0.012881452851948971,0.16946007150580605,0.0,0.9434490712974629,59110.951141121055,0
2024-09-10,fixed_exposure_matched,453.8998107910156,0.009241788343518076,0.1616871704745167,0.1616871704745167,3676067.2672608863,0.0,5943.729149174016,3545863.9412965863,3539920.2121474124,0.00925718050041291,0.16790573778408377,0.0,0.9434490712974629,59657.22616733546,0
2024-09-11,fixed_exposure_matched,463.7564392089844,0.02171542746579136,0.1616871704745167,0.1616871704745167,3676067.2672608863,0.0,5943.729149174016,3622862.9490683065,3616919.2199191325,0.021751622397446768,0.16433126613502047,0.0,0.9434490712974629,60952.692461966675,0
2024-09-12,fixed_exposure_matched,468.3087463378906,0.009816159397529889,0.1616871704745167,0.1616871704745167,3676067.2672608863,0.0,5943.729149174016,3658424.6058026953,3652480.8766535213,0.009832029573274115,0.16273128730573352,0.0,0.9434490712974629,61550.99793386609,0
2024-09-13,fixed_exposure_matched,470.4066467285156,0.004479737794842231,0.1616871704745167,0.1616871704745167,3676067.2672608863,0.0,5943.729149174016,3674812.4453298193,3668868.7161806454,0.004486769426193193,0.1620044108681419,0.0,0.9434490712974629,61826.714392604816,0
2024-09-16,fixed_exposure_matched,468.3284912109375,-0.004417785190814927,0.1616871704745167,0.1616871704745167,3676067.2672608863,0.0,5943.729149174016,3658576.9698807476,3652633.2407315737,-0.004425199347545261,0.16272449921590174,0.0,0.9434490712974629,61553.56137634855,0
2024-09-17,fixed_exposure_matched,468.5758972167969,0.0005282745135144484,0.1616871704745167,0.1616871704745167,3676067.2672608863,0.0,5943.729149174016,3660508.7594005954,3654565.0302514215,0.000528875852715105,0.1626384836491775,0.0,0.9434490712974629,61586.062681023854,0
2024-09-18,fixed_exposure_matched,466.547119140625,-0.004329668017971522,0.1616871704745167,0.1616871704745167,3676067.2672608863,0.0,5943.729149174016,3644659.028246443,3638715.299097269,-0.004336967880706255,0.16334691396847123,0.0,0.9434490712974629,61319.39960206516,0
2024-09-19,fixed_exposure_matched,478.34344482421875,0.02528431791696084,0.1616871704745167,0.1616871704745167,3676067.2672608863,0.0,5943.729149174016,3736810.802366476,3730867.073217302,0.02532535978918027,0.15931227332761708,0.0,0.9434490712974629,62869.802923065065,0
2024-09-20,fixed_exposure_matched,477.43304443359375,-0.0019032358454489362,0.1616871704745167,0.1616871704745167,3676067.2672608863,0.0,5943.729149174016,3729697.82665068,3723754.097501506,-0.001906520810365464,0.1596165856698762,0.0,0.9434490712974629,62750.13098752971,0
2024-09-23,fixed_exposure_matched,478.6985168457031,0.0026505756710046846,0.1616871704745167,0.1616871704745167,3676067.2672608863,0.0,5943.729149174016,3739582.7295211283,3733639.0003719544,0.0026545530697317243,0.15919399675710177,0.0,0.9434490712974629,62916.43908506174,0
2024-09-24,fixed_exposure_matched,481.0075378417969,0.004823539064437998,0.1616871704745167,0.1616871704745167,3676067.2672608863,0.0,5943.729149174016,3757619.8094526,3751676.080303426,0.004830965160176115,0.1584286335480568,0.0,0.9434490712974629,63219.903113768,0
2024-09-25,fixed_exposure_matched,481.4535217285156,0.0009271868975688768,0.1616871704745167,0.1616871704745167,3676067.2672608863,0.0,5943.729149174016,3761102.8818568983,3755159.1527077244,0.0009284043530797259,0.15828168414348523,0.0,0.9434490712974629,63278.50390658478,0
2024-09-26,fixed_exposure_matched,485.07073974609375,0.0075131198637650165,0.1616871704745167,0.1616871704745167,3676067.2672608863,0.0,5943.729149174016,3789359.55517917,3783415.826029996,0.007524760515648543,0.1570995476701506,0.0,0.9434490712974629,63753.9070182188,0
2024-09-27,fixed_exposure_matched,482.37518310546875,-0.005557038220932453,0.1616871704745167,0.1616871704745167,3676067.2672608863,0.0,5943.729149174016,3768300.9958491125,3762357.2666999386,-0.005566017667202772,0.15797886080041026,0.0,0.9434490712974629,63399.608247168915,0
2024-09-30,fixed_exposure_matched,483.6833190917969,0.0027118641923211673,0.1616871704745167,0.1616871704745167,3676067.2672608863,0.0,5943.729149174016,3778519.1729365727,3772575.4437873987,0.002715897604382178,0.15755096850248626,0.0,0.9434490712974629,63571.52350156573,0
2024-10-01,fixed_exposure_matched,476.9444580078125,-0.013932382652016684,0.1616871704745167,0.1616871704745167,3772575.4437873987,156.04133990227,6099.770489076286,3726028.1893488276,3719928.4188597514,-0.013955194723632491,0.16397548023104203,0.10922893793158901,0.9682175379486169,61084.727630679685,1
2024-10-02,fixed_exposure_matched,477.61834716796875,0.0014129300568268555,0.1616871704745167,0.1616871704745167,3772575.4437873987,0.0,6099.770489076286,3731291.838352605,3725192.0678635286,0.001414986637132909,0.16374378496340528,0.0,0.9682175379486169,61171.02020534628,0
2024-10-03,fixed_exposure_matched,477.26153564453125,-0.0007470641057932825,0.1616871704745167,0.1616871704745167,3772575.4437873987,0.0,6099.770489076286,3728503.3559343945,3722403.5854453184,-0.0007485472876058719,0.16386644674764783,0.0,0.9682175379486169,61125.305658820245,0
2024-10-04,fixed_exposure_matched,482.9400329589844,0.011898082896591333,0.1616871704745167,0.1616871704745167,3772575.4437873987,0.0,6099.770489076286,3772864.429725983,3766764.659236907,0.01191731975679411,0.16193659654627887,0.0,0.9682175379486169,61852.5637396125,0
2024-10-07,fixed_exposure_matched,477.7669982910156,-0.010711546599840638,0.1616871704745167,0.1616871704745167,3772575.4437873987,0.0,6099.770489076286,3732450.248354554,3726350.477865478,-0.010729149556058637,0.16369288195806925,0.0,0.9682175379486169,61190.01124778016,0
2024-10-08,fixed_exposure_matched,484.9022216796875,0.014934525436446577,0.1616871704745167,0.1616871704745167,3772575.4437873987,0.0,6099.770489076286,3788191.6533113387,3782091.8828222626,0.014958712361568871,0.16128033580518228,0.0,0.9682175379486169,62103.839154200716,0
2024-10-09,fixed_exposure_matched,488.7176208496094,0.007868388717019004,0.1616871704745167,0.1616871704745167,3772575.4437873987,0.0,6099.770489076286,3817997.6495566214,3811897.8790675453,0.007880822880231175,0.16001925241943768,0.0,0.9682175379486169,62592.48042846932,0
2024-10-10,fixed_exposure_matched,488.1627197265625,-0.0011354227868481948,0.1616871704745167,0.1616871704745167,3772575.4437873987,0.0,6099.770489076286,3813661.6398076443,3807561.869318568,-0.0011374936807168057,0.1602014805912517,0.0,0.9682175379486169,62521.395626889615,0
2024-10-11,fixed_exposure_matched,488.9256896972656,0.001562941904147186,0.1616871704745167,0.1616871704745167,3772575.4437873987,0.0,6099.770489076286,3819621.2031752006,3813521.4326861245,0.0015651914721539484,0.15995112645216733,0.0,0.9682175379486169,62619.097063004774,0
2024-10-14,fixed_exposure_matched,493.02850341796875,0.008391487310154488,0.1616871704745167,0.1616871704745167,3772575.4437873987,0.0,6099.770489076286,3851672.5378137045,3845572.7673246283,0.008404655697956231,0.15861799680155078,0.0,0.9682175379486169,63144.54854836644,0
2024-10-15,fixed_exposure_matched,486.43829345703125,-0.013366793025657131,0.1616871704745167,0.1616871704745167,3772575.4437873987,0.0,6099.770489076286,3800187.0599806034,3794087.2894915272,-0.013388246939589066,0.16077043103280209,0.0,0.9682175379486169,62300.492564206,0
2024-10-16,fixed_exposure_matched,486.4977722167969,0.00012227400795872256,0.1616871704745167,0.1616871704745167,3772575.4437873987,0.0,6099.770489076286,3800650.755865882,3794550.985376806,0.00012221539724799335,0.1607507848117784,0.0,0.9682175379486169,62308.09442211375,0
2024-10-17,fixed_exposure_matched,486.834716796875,0.0006925922364304782,0.1616871704745167,0.1616871704745167,3772575.4437873987,0.0,6099.770489076286,3803282.088855241,3797182.318366165,0.0006934504239102246,0.1606393893591306,0.0,0.9682175379486169,62351.23265156142,0
2024-10-18,fixed_exposure_matched,490.02581787109375,0.006554793575968887,0.1616871704745167,0.1616871704745167,3772575.4437873987,0.0,6099.770489076286,3828210.849641329,3822111.079152253,0.006565068173185473,0.15959165923637206,0.0,0.9682175379486169,62759.91623778374,0
2024-10-21,fixed_exposure_matched,490.96728515625,0.001921260576119188,0.1616871704745167,0.1616871704745167,3772575.4437873987,0.0,6099.770489076286,3835564.872006279,3829465.101517203,0.0019240734276568805,0.15928518284863352,0.0,0.9682175379486169,62880.47851759608,0
2024-10-22,fixed_exposure_matched,491.50238037109375,0.0010898795724718635,0.1616871704745167,0.1616871704745167,3772575.4437873987,0.0,6099.770489076286,3839744.2075916314,3833644.4371025553,0.0010913627555182437,0.15911153444596587,0.0,0.9682175379486169,62948.99479362379,0
2024-10-23,fixed_exposure_matched,483.970703125,-0.015323785899891695,0.1616871704745167,0.1616871704745167,3772575.4437873987,0.0,6099.770489076286,3780903.8212266103,3774804.050737534,-0.015348420368763382,0.16159171196938002,0.0,0.9682175379486169,61984.36200177703,0
2024-10-24,fixed_exposure_matched,487.8951416015625,0.008108834793557618,0.1616871704745167,0.1616871704745167,3772575.4437873987,0.0,6099.770489076286,3811561.57746573,3805461.8069766536,0.008121681503740374,0.16028988854633663,0.0,0.9682175379486169,62486.96708001764,0
2024-10-25,fixed_exposure_matched,490.8681335449219,0.0060935059398219416,0.1616871704745167,0.1616871704745167,3772575.4437873987,0.0,6099.770489076286,3834786.3823604765,3828686.6118714004,0.006103018785307057,0.15931757042122643,0.0,0.9682175379486169,62867.71591206531,0
2024-10-28,fixed_exposure_matched,490.94744873046875,0.00016158145156852655,0.1616871704745167,0.1616871704745167,3772575.4437873987,0.0,6099.770489076286,3835405.044493056,3829305.2740039797,0.00016158599417903652,0.15929183109233477,0.0,0.9682175379486169,62877.85829584332,0
2024-10-29,fixed_exposure_matched,495.6646423339844,0.009608347320499755,0.1616871704745167,0.1616871704745167,3772575.4437873987,0.0,6099.770489076286,3872255.9800578044,3866156.209568728,0.009623399788708076,0.15777351349589464,0.0,0.9682175379486169,63481.99472410308,0
2024-10-30,fixed_exposure_matched,491.9185791015625,-0.007557656755144859,0.1616871704745167,0.1616871704745167,3772575.4437873987,0.0,6099.770489076286,3842989.8302749326,3836890.0597858564,-0.007569831169893848,0.1589769421075548,0.0,0.9682175379486169,63002.20372483051,0
2024-10-31,fixed_exposure_matched,479.5012512207031,-0.025242648699177694,0.1616871704745167,0.1616871704745167,3772575.4437873987,0.0,6099.770489076286,3745981.6198172523,3739881.849328176,-0.025283031034539105,0.16310062014852247,0.0,0.9682175379486169,61411.845355914724,0
2024-11-01,fixed_exposure_matched,483.0490417480469,0.007398918184909675,0.1616871704745167,0.1616871704745167,3739881.849328176,-52.861347807530365,6046.909141268756,3773643.5817762874,3767596.672635019,0.007410614672712645,0.16049778324704828,0.037002943465271255,0.9598268478204375,62406.156494431896,-1
2024-11-04,fixed_exposure_matched,481.6418151855469,-0.0029132167562273548,0.1616871704745167,0.1616871704745167,3739881.849328176,0.0,6046.909141268756,3762649.180234979,3756602.2710937103,-0.002918147162928486,0.16096751013005797,0.0,0.9598268478204375,62224.33796062469,0
2024-11-05,fixed_exposure_matched,487.7861022949219,0.012756963609997118,0.1616871704745167,0.1616871704745167,3739881.849328176,0.0,6046.909141268756,3810648.199077574,3804601.2899363055,0.01277724267270397,0.1589367368734186,0.0,0.9598268478204375,63018.11570262867,0
2024-11-06,fixed_exposure_matched,501.03594970703125,0.027163232715675667,0.1616871704745167,0.1616871704745167,3739881.849328176,0.0,6046.909141268756,3914156.7630798407,3908109.853938572,0.02720615279084848,0.154727204896114,0.0,0.9598268478204375,64729.87557174667,0
2024-11-07,fixed_exposure_matched,508.92431640625,0.01574411317956592,0.1616871704745167,0.1616871704745167,3739881.849328176,0.0,6046.909141268756,3975780.730333485,3969733.8211922166,0.015768228007086327,0.15232530475941855,0.0,0.9598268478204375,65748.9741858316,0
2024-11-08,fixed_exposure_matched,509.51904296875,0.0011685952966438151,0.1616871704745167,0.1616871704745167,3739881.849328176,0.0,6046.909141268756,3980425.849168592,3974378.9400273236,0.0011701335767928533,0.15214727212768453,0.0,0.9598268478204375,65825.79225480843,0
2024-11-11,fixed_exposure_matched,509.2217712402344,-0.0005834359532149724,0.1616871704745167,0.1616871704745167,3739881.849328176,0.0,6046.909141268756,3978102.5657922328,3972055.656650964,-0.0005845651387090811,0.1522362641405484,0.0,0.9598268478204375,65787.37124794224,0
2024-11-12,fixed_exposure_matched,508.300048828125,-0.0018100608893144576,0.1616871704745167,0.1616871704745167,3739881.849328176,0.0,6046.909141268756,3970900.998097363,3964854.0889560943,-0.0018130581032547166,0.1525127786697655,0.0,0.9598268478204375,65668.27622721967,0
2024-11-13,fixed_exposure_matched,507.64599609375,-0.0012867453699501041,0.1616871704745167,0.1616871704745167,3739881.849328176,0.0,6046.909141268756,3965790.499796683,3959743.5906554144,-0.0012889499048439612,0.15270961371182812,0.0,0.9598268478204375,65583.7620038158,0
2024-11-14,fixed_exposure_matched,504.11798095703125,-0.006949754679178466,0.1616871704745167,0.1616871704745167,3739881.849328176,0.0,6046.909141268756,3938228.2688872316,3932181.359745963,-0.0069606100189152365,0.15378001643493408,0.0,0.9598268478204375,65127.95507393578,0
2024-11-15,fixed_exposure_matched,492.10693359375,-0.023825865803237423,0.1616871704745167,0.1616871704745167,3739881.849328176,0.0,6046.909141268756,3844395.6108233603,3838348.7016820917,-0.023862749318849685,0.15753933816953108,0.0,0.9598268478204375,63576.209283289034,0
2024-11-18,fixed_exposure_matched,495.52587890625,0.00694756582178635,0.1616871704745167,0.1616871704745167,3739881.849328176,0.0,6046.909141268756,3871103.842547694,3865056.9334064256,0.006958260908559222,0.15645071328714888,0.0,0.9598268478204375,64017.89330896849,0
2024-11-19,fixed_exposure_matched,498.9349365234375,0.0068796762435741066,0.1616871704745167,0.1616871704745167,3739881.849328176,0.0,6046.909141268756,3897734.82386283,3891687.9147215616,0.0068901912116634545,0.1553801145871532,0.0,0.9598268478204375,64458.29981571398,0
2024-11-20,fixed_exposure_matched,498.6476135253906,-0.0005758726780067391,0.1616871704745167,0.1616871704745167,3739881.849328176,0.0,6046.909141268756,3895489.265044804,3889442.3559035356,-0.0005770141047362065,0.15546982286780878,0.0,0.9598268478204375,64421.16416896347,0
2024-11-21,fixed_exposure_matched,500.44134521484375,0.0035971929691422933,0.1616871704745167,0.1616871704745167,3739881.849328176,0.0,6046.909141268756,3909501.131813545,3903454.222672276,0.0036025387411831034,0.15491174729670804,0.0,0.9598268478204375,64652.883654760146,0
2024-11-22,fixed_exposure_matched,501.2440185546875,0.0016039309052275907,0.1616871704745167,0.1616871704745167,3739881.849328176,0.0,6046.909141268756,3915770.741676035,3909723.8325347663,0.0016061696909559497,0.15466333174096344,0.0,0.9598268478204375,64756.56653995023,0
2024-11-25,fixed_exposure_matched,502.0368957519531,0.0015818187707292708,0.1616871704745167,0.1616871704745167,3739881.849328176,0.0,6046.909141268756,3921963.8215102423,3915916.9123689737,0.0015840197669900746,0.15441872942116683,0.0,0.9598268478204375,64858.98381941522,0
2024-11-26,fixed_exposure_matched,504.732421875,0.005369179328960527,0.1616871704745167,0.1616871704745167,3739881.849328176,0.0,6046.909141268756,3943020.5887627783,3936973.6796215097,0.005377225238366368,0.1535928261996938,0.0,0.9598268478204375,65207.20746161993,0
2024-11-27,fixed_exposure_matched,500.7584228515625,-0.007873476819013736,0.1616871704745167,0.1616871704745167,3739881.849328176,0.0,6046.909141268756,3911974.347733413,3905927.4385921443,-0.007885813712717016,0.1548136578658079,0.0,0.9598268478204375,64693.78415222238,0
2024-11-29,fixed_exposure_matched,505.15850830078125,0.008786842613974555,0.1616871704745167,0.1616871704745167,3739881.849328176,0.0,6046.909141268756,3946347.2908100043,3940300.3816687358,0.008800200110471224,0.15346315142369582,0.0,0.9598268478204375,65262.22237865453,0
2024-12-02,fixed_exposure_matched,510.65863037109375,0.010887913357756629,0.1616871704745167,0.1616871704745167,3940300.3816687358,324.0510540480054,6370.960195316761,3989641.11691678,3983270.156721463,0.01090520287555563,0.15994296004669062,0.2268357378336038,1.0112635230661526,62622.28917784687,1
2024-12-03,fixed_exposure_matched,512.2244873046875,0.0030663477330361566,0.1616871704745167,0.1616871704745167,3940300.3816687358,0.0,6370.960195316761,4001873.732647742,3995502.772452425,0.0030709982626513366,0.15945327930297715,0.0,1.0112635230661526,62814.29501928901,0
2024-12-04,fixed_exposure_matched,518.5570068359375,0.012362781725980154,0.1616871704745167,0.1616871704745167,3940300.3816687358,0.0,6370.960195316761,4051347.0128358766,4044976.0526405596,0.012382241486411871,0.1575030386436478,0.0,1.0112635230661526,63590.83856486793,0
2024-12-05,fixed_exposure_matched,517.1199340820312,-0.0027712917479888466,0.1616871704745167,0.1616871704745167,3940300.3816687358,0.0,6370.960195316761,4040118.537027442,4033747.576832125,-0.0027759066215249373,0.15794146941440865,0.0,1.0112635230661526,63414.59392568955,0
2024-12-06,fixed_exposure_matched,521.748046875,0.00894978609011532,0.1616871704745167,0.1616871704745167,3940300.3816687358,0.0,6370.960195316761,4076275.7224490237,4069904.762253707,0.008963670813030289,0.15653831152031297,0.0,1.0112635230661526,63982.12510330012,0
2024-12-09,fixed_exposure_matched,517.6849365234375,-0.007787495086753915,0.1616871704745167,0.1616871704745167,3940300.3816687358,0.0,6370.960195316761,4044530.7340246746,4038159.7738293577,-0.007799933973582807,0.15776889851178982,0.0,1.0112635230661526,63483.848745402225,0
2024-12-10,fixed_exposure_matched,515.9208984375,-0.0034075515076488205,0.1616871704745167,0.1616871704745167,3940300.3816687358,0.0,6370.960195316761,4030747.7759606936,4024376.8157653767,-0.0034131779909517546,0.15830923611225253,0.0,1.0112635230661526,63267.5083878826,0
2024-12-11,fixed_exposure_matched,525.1571655273438,0.01790248683047424,0.1616871704745167,0.1616871704745167,3940300.3816687358,0.0,6370.960195316761,4102907.17367327,4096536.213477953,0.017930576836118872,0.15552066095145844,0.0,1.0112635230661526,64400.13825057771,0
2024-12-12,fixed_exposure_matched,521.7679443359375,-0.006453727405590914,0.1616871704745167,0.1616871704745167,3940300.3816687358,0.0,6370.960195316761,4076427.1179404156,4070056.1577450987,-0.006464011143300197,0.15653248870272135,0.0,1.0112635230661526,63984.50144041023,0
2024-12-13,fixed_exposure_matched,525.7616577148438,0.007654194594091335,0.1616871704745167,0.1616871704745167,3940300.3816687358,0.0,6370.960195316761,4107627.873086239,4101256.9128909223,0.007665927431111719,0.1553416508800458,0.0,1.0112635230661526,64474.23539242517,0
2024-12-16,fixed_exposure_matched,533.3328857421875,0.014400494817844223,0.1616871704745167,0.1616871704745167,3940300.3816687358,0.0,6370.960195316761,4166778.7357227267,4160407.7755274097,0.014422618210180094,0.15313307106078375,0.0,1.0112635230661526,65402.68041206238,0
2024-12-17,fixed_exposure_matched,530.9843139648438,-0.004403575778147428,0.1616871704745167,0.1616871704745167,3940300.3816687358,0.0,6370.960195316761,4148428.998545675,4142058.038350358,-0.004410562177339816,0.15381146609558613,0.0,1.0112635230661526,65114.65887975803,0
2024-12-18,fixed_exposure_matched,511.8280944824219,-0.03607680863372964,0.1616871704745167,0.1616871704745167,3940300.3816687358,0.0,6370.960195316761,3998765.9081710046,3992394.9479756877,-0.03613254304719404,0.15957740349679347,0.0,1.0112635230661526,62765.51391908654,0
2024-12-19,fixed_exposure_matched,509.5487365722656,-0.0044533661491583665,0.1616871704745167,0.1616871704745167,3940300.3816687358,0.0,6370.960195316761,3980956.928173624,3974585.967978307,-0.004460726012693317,0.1602924240825361,0.0,1.0112635230661526,62485.980231048874,0
2024-12-20,fixed_exposure_matched,513.9984130859375,0.008732582762553509,0.1616871704745167,0.1616871704745167,3940300.3816687358,0.0,6370.960195316761,4015719.952759538,4009348.992564221,0.008746325998729487,0.1589026100529639,0.0,1.0112635230661526,63031.62835189991,0
2024-12-23,fixed_exposure_matched,519.0060424804688,0.009742499717978692,0.1616871704745167,0.1616871704745167,3940300.3816687358,0.0,6370.960195316761,4054842.0920032556,4048471.1318079387,0.009757728577949765,0.15736706494611116,0.0,1.0112635230661526,63645.69810032615,0
2024-12-24,fixed_exposure_matched,526.0436401367188,0.013559760542700916,0.1616871704745167,0.1616871704745167,3940300.3816687358,0.0,6370.960195316761,4109823.768545761,4103452.808350444,0.013580849350888657,0.15525852234371953,0.0,1.0112635230661526,64508.702653123735,0
2024-12-26,fixed_exposure_matched,525.6863403320312,-0.0006792208429601265,0.1616871704745167,0.1616871704745167,3940300.3816687358,0.0,6370.960195316761,4107031.2793177483,4100660.3191224313,-0.0006805218333033602,0.15536425110871385,0.0,1.0112635230661526,64464.87112471354,0
2024-12-27,fixed_exposure_matched,518.6983642578125,-0.013293052411833761,0.1616871704745167,0.1616871704745167,3940300.3816687358,0.0,6370.960195316761,4052435.2860012134,4046064.3258058964,-0.013313951673085356,0.15746067492507773,0.0,1.0112635230661526,63607.92034111473,0
2024-12-30,fixed_exposure_matched,511.7997131347656,-0.013299928433200159,0.1616871704745167,0.1616871704745167,3940300.3816687358,0.0,6370.960195316761,3998537.1754536987,3992166.215258382,-0.013321120527854946,0.1595865465462444,0.0,1.0112635230661526,62761.923679777334,0
2024-12-31,fixed_exposure_matched,507.4521179199219,-0.008494719913410664,0.1616871704745167,0.1616871704745167,3940300.3816687358,0.0,6370.960195316761,3964569.710821336,3958198.750626019,-0.008508529655537944,0.16095604583547365,0.0,1.0112635230661526,62228.762843874894,0
2025-01-02,fixed_exposure_matched,506.4595031738281,-0.001956075678947844,0.1616871704745167,0.1616871704745167,3958198.750626019,28.93936632812074,6399.899561644882,3956842.5591162383,3950442.6595545933,-0.001959500156529348,0.16200461854992376,0.02025755642968452,1.0158570732769654,61826.63526205813,1
2025-01-03,fixed_exposure_matched,514.747802734375,0.016365177291780775,0.1616871704745167,0.1616871704745167,3958198.750626019,0.0,6399.899561644882,4021595.9732547654,4015196.0736931204,0.016391432484639035,0.1593919560635141,0.0,1.0158570732769654,62838.4232364601,0
2025-01-06,fixed_exposure_matched,520.6637573242188,0.011492918587350465,0.1616871704745167,0.1616871704745167,3958198.750626019,0.0,6399.899561644882,4067814.8325095256,4061414.9329478806,0.011510984371990718,0.15757807727859188,0.0,1.0158570732769654,63560.60424585833,0
2025-01-07,fixed_exposure_matched,511.3728942871094,-0.01784426687360907,0.1616871704745167,0.1616871704745167,3958198.750626019,0.0,6399.899561644882,3995226.6431887266,3988826.7436270816,-0.017872635650185265,0.16044566417606262,0.0,1.0158570732769654,62426.39598803151,0
2025-01-08,fixed_exposure_matched,511.4621887207031,0.00017461706436017188,0.1616871704745167,0.1616871704745167,3958198.750626019,0.0,6399.899561644882,3995923.26207954,3989523.362517895,0.0001746425542112906,0.16041764842820055,0.0,1.0158570732769654,62437.28082902164,0
2025-01-10,fixed_exposure_matched,503.4419860839844,-0.015680929721861414,0.1616871704745167,0.1616871704745167,3958198.750626019,0.0,6399.899561644882,3933262.4543758463,3926862.5548142013,-0.01570633933176091,0.16297742720327252,0.0,1.0158570732769654,61458.19034330176,0
2025-01-13,fixed_exposure_matched,501.8240051269531,-0.0032138379431098096,0.1616871704745167,0.1616871704745167,3958198.750626019,0.0,6399.899561644882,3920620.5704026907,3914220.6708410457,-0.003219334467832846,0.16350380062424383,0.0,1.0158570732769654,61260.65780624572,0
2025-01-14,fixed_exposure_matched,501.3475036621094,-0.0009495390016729388,0.1616871704745167,0.1616871704745167,3958198.750626019,0.0,6399.899561644882,3916896.772403259,3910496.872841614,-0.0009513510638713418,0.16365949826202805,0.0,1.0158570732769654,61202.47254937467,0
2025-01-15,fixed_exposure_matched,512.8817138671875,0.02300641794528957,0.1616871704745167,0.1616871704745167,3958198.750626019,0.0,6399.899561644882,4007009.5207406506,4000609.6211790056,0.023043810356485395,0.15997310829240047,0.0,1.0158570732769654,62610.50633911483,0
2025-01-16,fixed_exposure_matched,509.2884826660156,-0.007005964736154224,0.1616871704745167,0.1616871704745167,3958198.750626019,0.0,6399.899561644882,3978935.5374838337,3972535.6379221887,-0.007017426321277331,0.16110364122478488,0.0,1.0158570732769654,62171.84346657435,0
2025-01-17,fixed_exposure_matched,517.8844604492188,0.016878406003224322,0.1616871704745167,0.1616871704745167,3958198.750626019,0.0,6399.899561644882,4046092.61108907,4039692.711527425,0.016905342009810642,0.15842540556073764,0.0,1.0158570732769654,63221.18920955622,0
2025-01-21,fixed_exposure_matched,520.9217529296875,0.00586480713832227,0.1616871704745167,0.1616871704745167,3958198.750626019,0.0,6399.899561644882,4069821.1480598245,4063421.2484981795,0.005873847013918798,0.15750027305217873,0.0,1.0158570732769654,63591.95341830977,0
2025-01-22,fixed_exposure_matched,527.5823364257812,0.012786149663811086,0.1616871704745167,0.1616871704745167,3958198.750626019,0.0,6399.899561644882,4121857.4745067875,4115457.5749451425,0.012806037884010912,0.1555088211966367,0.0,1.0158570732769654,64405.03377911451,0
2025-01-23,fixed_exposure_matched,528.7037963867188,0.0021256586574429637,0.1616871704745167,0.1616871704745167,3958198.750626019,0.0,6399.899561644882,4130618.120675145,4124218.2211135,0.002128717404765057,0.1551784900440348,0.0,1.0158570732769654,64541.92102373411,0
2025-01-24,fixed_exposure_matched,525.716064453125,-0.005651050652581979,0.1616871704745167,0.1616871704745167,3958198.750626019,0.0,6399.899561644882,4107274.7725916635,4100874.8730300185,-0.005660066182719858,0.1560618102184664,0.0,1.0158570732769654,64177.175485798165,0
2025-01-27,fixed_exposure_matched,510.4101257324219,-0.029114458841247526,0.1616871704745167,0.1616871704745167,3958198.750626019,0.0,6399.899561644882,3987692.6744182757,3981292.7748566307,-0.029160143109909664,0.16074928229500396,0.0,1.0158570732769654,62308.675878553506,0
2025-01-28,fixed_exposure_matched,517.953857421875,0.014779745363844743,0.1616871704745167,0.1616871704745167,3958198.750626019,0.0,6399.899561644882,4046628.7408783734,4040228.8413167284,0.014803248540851133,0.1584043828457778,0.0,1.0158570732769654,63229.56636898098,0
2025-01-29,fixed_exposure_matched,516.981201171875,-0.001877882046947943,0.1616871704745167,0.1616871704745167,3958198.750626019,0.0,6399.899561644882,4039028.633558141,4032628.733996496,-0.001881108129943354,0.15870292019921026,0.0,1.0158570732769654,63110.81282844449,0
2025-01-30,fixed_exposure_matched,519.1846923828125,0.0042622269551439995,0.1616871704745167,0.1616871704745167,3958198.750626019,0.0,6399.899561644882,4056242.8744156174,4049842.9748539724,0.004268739324390092,0.1580283384166431,0.0,1.0158570732769654,63379.789563027065,0
2025-01-31,fixed_exposure_matched,518.4302978515625,-0.001453036929474294,0.1616871704745167,0.1616871704745167,3958198.750626019,0.0,6399.899561644882,4050347.987867101,4043948.088305456,-0.0014555839782229851,0.1582586972407612,0.0,1.0158570732769654,63287.680515193795,0
2025-02-03,fixed_exposure_matched,514.28125,-0.008003096788047781,0.1616871704745167,0.1616871704745167,4043948.088305456,138.64567779451954,6538.5452394394015,4018069.06283836,4011530.517598921,-0.008016317222340752,0.16299378032285322,0.09705197445616368,1.03786432372054,61452.03429353131,1
2025-02-04,fixed_exposure_matched,520.5941772460938,0.012275242867776592,0.1616871704745167,0.1616871704745167,4043948.088305456,0.0,6538.5452394394015,4067390.798579877,4060852.2533404375,0.012294992029884266,0.16101411308576483,0.0,1.03786432372054,62206.35706618748,0
2025-02-05,fixed_exposure_matched,522.9566650390625,0.004538060347632378,0.1616871704745167,0.1616871704745167,4043948.088305456,0.0,6538.5452394394015,4085847.8256169134,4079309.280377474,0.004545111687295211,0.16028559714487658,0.0,1.03786432372054,62488.637395544334,0
2025-02-06,fixed_exposure_matched,525.6863403320312,0.005219696918414618,0.1616871704745167,0.1616871704745167,4043948.088305456,0.0,6538.5452394394015,4107173.675057073,4100635.129817634,0.0052278089192066,0.15945201249178656,0.0,1.03786432372054,62814.79327057791,0
2025-02-07,fixed_exposure_matched,519.0556640625,-0.012613369914354688,0.1616871704745167,0.1616871704745167,4043948.088305456,0.0,6538.5452394394015,4055367.336326755,4048828.791087316,-0.012633735284958592,0.16149226299300917,0.0,1.03786432372054,62022.47117394652,0
2025-02-10,fixed_exposure_matched,525.3389282226562,0.012105183692590726,0.1616871704745167,0.1616871704745167,4043948.088305456,0.0,6538.5452394394015,4104457.2650095993,4097918.71977016,0.012124476290749975,0.1595577093292404,0.0,1.03786432372054,62773.24870755969,0
2025-02-11,fixed_exposure_matched,524.0882568359375,-0.002380694289970231,0.1616871704745167,0.1616871704745167,4043948.088305456,0.0,6538.5452394394015,4094684.7691710405,4088146.2239316013,-0.002384746137450655,0.1599391235363209,0.0,1.03786432372054,62623.78891978285,0
2025-02-12,fixed_exposure_matched,524.3960571289062,0.0005873062198091805,0.1616871704745167,0.1616871704745167,4043948.088305456,0.0,6538.5452394394015,4097088.5651398087,4090550.0199003695,0.0005879916806048602,0.15984513592621113,0.0,1.03786432372054,62660.552387507574,0
2025-02-13,fixed_exposure_matched,531.9397583007812,0.014385503226658658,0.1616871704745167,0.1616871704745167,4043948.088305456,0.0,6538.5452394394015,4156026.20804921,4149487.6628097706,0.014408244031407058,0.15757476032624018,0.0,1.03786432372054,63561.9400930464,0
2025-02-14,fixed_exposure_matched,534.1732788085938,0.0041988222781979,0.1616871704745167,0.1616871704745167,4043948.088305456,0.0,6538.5452394394015,4173475.585616017,4166937.040376578,0.004205188443672014,0.15691490358703608,0.0,1.03786432372054,63828.809510138686,0
2025-02-18,fixed_exposure_matched,535.3841552734375,0.002266823356541714,0.1616871704745167,0.1616871704745167,4043948.088305456,0.0,6538.5452394394015,4182935.0796871246,4176396.5344476853,0.0022701312689505926,0.15655949298655625,0.0,1.03786432372054,63973.48227334065,0
2025-02-19,fixed_exposure_matched,535.5330810546875,0.00027816620978238227,0.1616871704745167,0.1616871704745167,4043948.088305456,0.0,6538.5452394394015,4184097.5930196834,4177559.047780244,0.00027835319825841864,0.1565159262778984,0.0,1.03786432372054,63991.26166141534,0
2025-02-20,fixed_exposure_matched,533.2599487304688,-0.004244616074401963,0.1616871704745167,0.1616871704745167,4043948.088305456,0.0,6538.5452394394015,4166336.667255162,4159798.1220157226,-0.004251508012545924,0.1571841961472641,0.0,1.03786432372054,63719.62745053016,0
2025-02-21,fixed_exposure_matched,522.1923828125,-0.02075454184083636,0.1616871704745167,0.1616871704745167,4043948.088305456,0.0,6538.5452394394015,4079865.22070728,4073326.675467841,-0.020787414199316956,0.1605210129307495,0.0,1.03786432372054,62397.13990350975,0
2025-02-24,fixed_exposure_matched,516.0282592773438,-0.011804315302258117,0.1616871704745167,0.1616871704745167,4043948.088305456,0.0,6538.5452394394015,4031704.1673870105,4025165.6221475713,-0.011823518504009534,0.16244164472295308,0.0,1.03786432372054,61660.56851711374,0
2025-02-25,fixed_exposure_matched,509.5266418457031,-0.012599343766067417,0.1616871704745167,0.1616871704745167,4043948.088305456,0.0,6538.5452394394015,3980906.3027546913,3974367.757515252,-0.012620068191185774,0.16451787147969557,0.0,1.03786432372054,60883.66994453959,0
2025-02-26,fixed_exposure_matched,510.7574768066406,0.002415643971979353,0.1616871704745167,0.1616871704745167,4043948.088305456,0.0,6538.5452394394015,3990521.7172036315,3983983.1719641923,0.0024193569985460073,0.16412080466232878,0.0,1.03786432372054,61030.727341817226,0
2025-02-27,fixed_exposure_matched,496.5731201171875,-0.02777121693477025,0.1616871704745167,0.1616871704745167,4043948.088305456,0.0,6538.5452394394015,3879699.035047934,3873160.4898084947,-0.027817055788681877,0.1688167907486502,0.0,1.03786432372054,59335.813900104935,0
2025-02-28,fixed_exposure_matched,504.41473388671875,0.015791458401293923,0.1616871704745167,0.1616871704745167,4043948.088305456,0.0,6538.5452394394015,3940964.1031051097,3934425.5578656704,0.015817849071419365,0.16618805320557145,0.0,1.03786432372054,60272.79706399949,0
2025-03-03,fixed_exposure_matched,493.37689208984375,-0.021882473003561942,0.1616871704745167,0.1616871704745167,3934425.5578656704,-177.08388050018038,6361.461358939221,3854551.7226616754,3848190.261302736,-0.02191814161803962,0.16531046873928892,0.12395871635012627,1.009755771260194,60592.23667601472,-1
2025-03-04,fixed_exposure_matched,491.88800048828125,-0.003017757064494586,0.1616871704745167,0.1616871704745167,3934425.5578656704,0.0,6361.461358939221,3842918.6122143823,3836557.150855443,-0.0030230081304126744,0.1658117189136827,0.0,1.009755771260194,60409.368152716284,0
2025-03-05,fixed_exposure_matched,498.3002014160156,0.013035896223061227,0.1616871704745167,0.1616871704745167,3934425.5578656704,0.0,6361.461358939221,3893013.490681108,3886652.029322169,0.01305724807345987,0.16367457932807683,0.0,1.009755771260194,61196.84253383992,0
2025-03-06,fixed_exposure_matched,484.5923156738281,-0.027509291995535867,0.1616871704745167,0.1616871704745167,3934425.5578656704,0.0,6361.461358939221,3785918.43606763,3779556.974708691,-0.027554577514405265,0.16831235516510581,0.0,1.009755771260194,59513.34485035582,0
2025-03-07,fixed_exposure_matched,488.15576171875,0.007353492677585782,0.1616871704745167,0.1616871704745167,3934425.5578656704,0.0,6361.461358939221,3813757.149809419,3807395.68845048,0.007365602351829814,0.16708169781870466,0.0,1.009755771260194,59950.95992291567,0
2025-03-10,fixed_exposure_matched,469.2366027832031,-0.038756397894258776,0.1616871704745167,0.1616871704745167,3934425.5578656704,0.0,6361.461358939221,3665948.65048356,3659587.1891246205,-0.03882141795091798,0.17383002590685354,0.0,1.009755771260194,57627.46079298452,0
2025-03-11,fixed_exposure_matched,468.1149597167969,-0.0023903571455282657,0.1616871704745167,0.1616871704745167,3934425.5578656704,0.0,6361.461358939221,3657184.7141759656,3650823.2528170263,-0.0023947882246495578,0.17424731131617036,0.0,1.009755771260194,57489.69470728349,0
2025-03-12,fixed_exposure_matched,473.3956604003906,0.011280777454300006,0.1616871704745167,0.1616871704745167,3934425.5578656704,0.0,6361.461358939221,3698439.5912900814,3692078.129931142,0.011300157322675863,0.17230029092200883,0.0,1.009755771260194,58138.207286176126,0
2025-03-13,fixed_exposure_matched,464.87908935546875,-0.017990386810303072,0.1616871704745167,0.1616871704745167,3934425.5578656704,0.0,6361.461358939221,3631902.2226924626,3625540.7613335233,-0.018021657791640444,0.17546241451163241,0.0,1.009755771260194,57092.26257562438,0
2025-03-14,fixed_exposure_matched,476.11541748046875,0.024170431370829304,0.1616871704745167,0.1616871704745167,3934425.5578656704,0.0,6361.461358939221,3719685.856355842,3713324.394996903,0.0242125628815415,0.17131445255658917,0.0,1.009755771260194,58472.191316998,0
2025-03-17,fixed_exposure_matched,479.202392578125,0.006483669682431303,0.1616871704745167,0.1616871704745167,3934425.5578656704,0.0,6361.461358939221,3743802.061015094,3737440.599656155,0.00649450521795103,0.17020902912877,0.0,1.009755771260194,58851.28981808947,0
2025-03-18,fixed_exposure_matched,471.0332946777344,-0.017047281121533198,0.1616871704745167,0.1616871704745167,3934425.5578656704,0.0,6361.461358939221,3679979.4050618233,3673617.943702884,-0.01707656730628504,0.1731661118936903,0.0,1.009755771260194,57848.01946317981,0
2025-03-19,fixed_exposure_matched,477.3363342285156,0.013381303661545996,0.1616871704745167,0.1616871704745167,3934425.5578656704,0.0,6361.461358939221,3729221.3171934197,3722859.8558344804,0.0134042006779731,0.1708756602526822,0.0,1.009755771260194,58622.08550481977,0
2025-03-20,fixed_exposure_matched,475.7183837890625,-0.003389539667178476,0.1616871704745167,0.1616871704745167,3934425.5578656704,0.0,6361.461358939221,3716579.963855334,3710218.502496395,-0.003395602796670949,0.1714578630519727,0.0,1.009755771260194,58423.36774761258,0
2025-03-21,fixed_exposure_matched,477.28668212890625,0.003296694837295,0.1616871704745167,0.1616871704745167,3934425.5578656704,0.0,6361.461358939221,3728831.384078799,3722469.9227198595,0.0033020751244761115,0.17089355967962142,0.0,1.009755771260194,58615.955889427656,0
2025-03-24,fixed_exposure_matched,487.76043701171875,0.021944368604828846,0.1616871704745167,0.1616871704745167,3934425.5578656704,0.0,6361.461358939221,3810657.224680507,3804295.763321568,0.021981598857868434,0.1672178441085497,0.0,1.009755771260194,59902.23015857377,0
2025-03-25,fixed_exposure_matched,490.5438537597656,0.005706524221397613,0.1616871704745167,0.1616871704745167,3934425.5578656704,0.0,6361.461358939221,3832401.8226768193,3826040.36131788,0.005715801123024944,0.16626749218996778,0.0,1.009755771260194,60244.04781287355,0
2025-03-26,fixed_exposure_matched,481.51751708984375,-0.01840067223498909,0.1616871704745167,0.1616871704745167,3934425.5578656704,0.0,6361.461358939221,3761882.043109197,3755520.581750258,-0.01843153048791457,0.16938960179987791,0.0,1.009755771260194,59135.500961943966,0
2025-03-27,fixed_exposure_matched,478.7738037109375,-0.005698055172506433,0.1616871704745167,0.1616871704745167,3934425.5578656704,0.0,6361.461358939221,3740445.621919329,3734084.1605603895,-0.005707975957857214,0.1703620241377883,0.0,1.009755771260194,58798.527741793136,0
2025-03-28,fixed_exposure_matched,466.1687927246094,-0.02632769564380444,0.1616871704745167,0.1616871704745167,3934425.5578656704,0.0,6361.461358939221,3641967.2982574645,3635605.8368985252,-0.026372818454923452,0.17497665160440157,0.0,1.009755771260194,57250.48212608755,0
2025-03-31,fixed_exposure_matched,466.14892578125,-4.261748892120387e-05,0.1616871704745167,0.1616871704745167,3934425.5578656704,0.0,6361.461358939221,3641811.0770007083,3635449.615641769,-4.296980029316888e-05,0.1749841706392684,0.0,1.009755771260194,57248.02638128393,0
2025-04-01,fixed_exposure_matched,469.90655517578125,0.008061006229358014,0.1616871704745167,0.1616871704745167,3635449.615641769,-483.4057413813525,5878.055617557869,3670679.1621640464,3664801.1065464886,0.008073689366628223,0.16039221356536404,0.33838401896694675,0.9330247011996617,62447.16622278385,-1
2025-04-02,fixed_exposure_matched,473.3361511230469,0.007298463725373461,0.1616871704745167,0.1616871704745167,3635449.615641769,0.0,5878.055617557869,3697468.547851884,3691590.492234326,0.0073099153020836916,0.15922826840959248,0.0,0.9330247011996617,62902.91872719734,0
2025-04-03,fixed_exposure_matched,447.996826171875,-0.05353346641926948,0.1616871704745167,0.1616871704745167,3635449.615641769,0.0,5878.055617557869,3499529.3064844487,3493651.250866891,-0.05361895957415175,0.16824963900158404,0.0,0.9330247011996617,59535.49156682502,0
2025-04-04,fixed_exposure_matched,420.1722106933594,-0.06210895670015448,0.1616871704745167,0.1616871704745167,3635449.615641769,0.0,5878.055617557869,3282176.259292383,3276298.2036748254,-0.06221372185850915,0.17941149590610556,0.0,0.9330247011996617,55837.78842596279,0
2025-04-07,fixed_exposure_matched,421.1861572265625,0.0024131689516779797,0.1616871704745167,0.1616871704745167,3635449.615641769,0.0,5878.055617557869,3290095.772110541,3284217.716492983,0.0024172136740405747,0.17897886574446373,0.0,0.9330247011996617,55972.51857030681,0
2025-04-08,fixed_exposure_matched,413.60125732421875,-0.01800842637443023,0.1616871704745167,0.1616871704745167,3635449.615641769,0.0,5878.055617557869,3230845.391608963,3224967.335991405,-0.018040941745131267,0.1822671365367756,0.0,0.9330247011996617,54964.525717626144,0
2025-04-09,fixed_exposure_matched,463.2461242675781,0.12003074474322295,0.1616871704745167,0.1616871704745167,3635449.615641769,0.0,5878.055617557869,3618645.2370892954,3612767.1814717376,0.12024923203171523,0.1627023088480149,0.0,0.9330247011996617,61561.94280095497,0
2025-04-10,fixed_exposure_matched,443.54327392578125,-0.04253214287102425,0.1616871704745167,0.1616871704745167,3635449.615641769,0.0,5878.055617557869,3464735.567841161,3458857.512223603,-0.04260160190711104,0.16994211518644,0.0,0.9330247011996617,58943.56558131106,0
2025-04-11,fixed_exposure_matched,451.7146911621094,0.018423043965932084,0.1616871704745167,0.1616871704745167,3635449.615641769,0.0,5878.055617557869,3528565.610513126,3522687.554895568,0.01845408272714022,0.16686281499444894,0.0,0.9330247011996617,60029.46960850848,0
2025-04-14,fixed_exposure_matched,454.7764892578125,0.006778168068490631,0.1616871704745167,0.1616871704745167,3635449.615641769,0.0,5878.055617557869,3552481.8882371793,3546603.8326196214,0.006789213448923803,0.16573758713885367,0.0,0.9330247011996617,60436.34356956143,0
2025-04-15,fixed_exposure_matched,455.283447265625,0.0011147410206711061,0.1616871704745167,0.1616871704745167,3635449.615641769,0.0,5878.055617557869,3556441.0524984873,3550562.9968809295,0.001116325490006398,0.1655527763546676,0.0,0.9330247011996617,60503.69856786192,0
2025-04-16,fixed_exposure_matched,441.5550537109375,-0.030153509065920403,0.1616871704745167,0.1616871704745167,3635449.615641769,0.0,5878.055617557869,3449200.9419548614,3443322.8863373036,-0.030203691819532086,0.17070881272509458,0.0,0.9330247011996617,58679.283871558306,0
2025-04-17,fixed_exposure_matched,441.4755554199219,-0.0001800416286655837,0.1616871704745167,0.1616871704745167,3635449.615641769,0.0,5878.055617557869,3448579.0091749756,3442700.9535574177,-0.00018061994196172382,0.17073965171107722,0.0,0.9330247011996617,58668.70328470527,0
2025-04-21,fixed_exposure_matched,430.5505065917969,-0.024746667610471285,0.1616871704745167,0.1616871704745167,3635449.615641769,0.0,5878.055617557869,3363237.237681773,3357359.182064215,-0.02478919099987964,0.17507973674546928,0.0,0.9330247011996617,57216.832512365436,0
2025-04-22,fixed_exposure_matched,441.8533630371094,0.02625210346350526,0.1616871704745167,0.1616871704745167,3635449.615641769,0.0,5878.055617557869,3451528.356593007,3445650.3009754494,0.026297787672795225,0.1705935049733229,0.0,0.9330247011996617,58718.87884631823,0
2025-04-23,fixed_exposure_matched,451.8737487792969,0.022678079608383417,0.1616871704745167,0.1616871704745167,3635449.615641769,0.0,5878.055617557869,3529801.458409715,3523923.402792157,0.022716496155906762,0.16680429582834946,0.0,0.9330247011996617,60050.49438229417,0
2025-04-24,fixed_exposure_matched,464.5881652832031,0.028137099219092354,0.1616871704745167,0.1616871704745167,3635449.615641769,0.0,5878.055617557869,3629118.899243985,3623240.843626427,0.028183768340587667,0.16223198708686018,0.0,0.9330247011996617,61740.12522786846,0
2025-04-25,fixed_exposure_matched,469.76739501953125,0.011148001872090196,0.1616871704745167,0.1616871704745167,3635449.615641769,0.0,5878.055617557869,3669575.3905020934,3663697.3348845355,0.011165829985957165,0.16044053534632716,0.0,0.9330247011996617,62428.38838647595,0
2025-04-28,fixed_exposure_matched,469.6182556152344,-0.0003174750011986083,0.1616871704745167,0.1616871704745167,3635449.615641769,0.0,5878.055617557869,3668409.4590258943,3662531.4034083365,-0.00031823902730654385,0.16049161004019719,0.0,0.9330247011996617,62408.55306078225,0
2025-04-29,fixed_exposure_matched,472.7198181152344,0.006604433415682953,0.1616871704745167,0.1616871704745167,3635449.615641769,0.0,5878.055617557869,3692636.292014791,3686758.2363972333,0.006614778228618556,0.1594369698432412,0.0,0.9330247011996617,62820.710321025435,0
2025-04-30,fixed_exposure_matched,472.66015625,-0.0001262097820908803,0.1616871704745167,0.1616871704745167,3635449.615641769,0.0,5878.055617557869,3692169.3121683337,3686291.256550776,-0.00012666408169847987,0.15945716733891244,0.0,0.9330247011996617,62812.76585984914,0
2025-05-01,fixed_exposure_matched,478.83349609375,0.013060842472376155,0.1616871704745167,0.1616871704745167,3686291.256550776,82.20441060858775,5960.260028166456,3740474.427637703,3734514.1676095366,0.013081687718805579,0.15959934172593113,0.05754308742601143,0.946073020343882,62756.90003391309,1
2025-05-02,fixed_exposure_matched,485.94122314453125,0.014843838429777767,0.1616871704745167,0.1616871704745167,3686291.256550776,0.0,5960.260028166456,3795996.479619252,3790036.219591086,0.01486727576591007,0.15726129469046393,0.0,0.946073020343882,63688.437445354335,0
2025-05-05,fixed_exposure_matched,483.058349609375,-0.005932556033219738,0.1616871704745167,0.1616871704745167,3686291.256550776,0.0,5960.260028166456,3773475.5717289858,3767515.3117008195,-0.0059421352687484275,0.158201348502967,0.0,0.946073020343882,63310.58634852569,0
2025-05-06,fixed_exposure_matched,478.5650634765625,-0.00930174612745227,0.1616871704745167,0.1616871704745167,3686291.256550776,0.0,5960.260028166456,3738374.7138695996,3732414.4538414334,-0.009316712728511756,0.15968912621780534,0.0,0.946073020343882,62721.67147411568,0
2025-05-07,fixed_exposure_matched,480.44390869140625,0.003925997441590834,0.1616871704745167,0.1616871704745167,3686291.256550776,0.0,5960.260028166456,3753050.6173589393,3747090.357330773,0.003932013357797137,0.15906368568096735,0.0,0.946073020343882,62967.900722839484,0
2025-05-08,fixed_exposure_matched,485.4044189453125,0.010324847842107632,0.1616871704745167,0.1616871704745167,3686291.256550776,0.0,5960.260028166456,3791799.347853878,3785839.087825712,0.010341018443585481,0.15743564081561537,0.0,0.946073020343882,63618.018843723876,0
2025-05-09,fixed_exposure_matched,485.0863037109375,-0.0006553612244943885,0.1616871704745167,0.1616871704745167,3686291.256550776,0.0,5960.260028166456,3789313.4035172113,3783353.143489045,-0.0006566428944803082,0.15753908773818157,0.0,0.946073020343882,63576.31018797867,0
2025-05-12,fixed_exposure_matched,504.8488464355469,0.04074026121418983,0.1616871704745167,0.1616871704745167,3686291.256550776,0.0,5960.260028166456,3943690.075325913,3937729.8152977466,0.04080419298800475,0.1513628488427863,0.0,0.946073020343882,66166.40979905541,0
2025-05-13,fixed_exposure_matched,512.5431518554688,0.015240810143960948,0.1616871704745167,0.1616871704745167,3686291.256550776,0.0,5960.260028166456,4003794.1609575576,3997833.9009293914,0.015263638809891233,0.14908723513452754,0.0,0.946073020343882,67174.82361569445,0
2025-05-14,fixed_exposure_matched,515.6148071289062,0.005992969103806534,0.1616871704745167,0.1616871704745167,3686291.256550776,0.0,5960.260028166456,4027787.829589157,4021827.5695609907,0.006001667209340811,0.1481978012502674,0.0,0.946073020343882,67577.38438516109,0
2025-05-15,fixed_exposure_matched,516.1814575195312,0.0010989800579628284,0.1616871704745167,0.1616871704745167,3686291.256550776,0.0,5960.260028166456,4032213.3420185605,4026253.0819903943,0.0011003734876398052,0.14803490756274015,0.0,0.946073020343882,67651.63470995381,0
2025-05-16,fixed_exposure_matched,518.4281616210938,0.0043525470914023145,0.1616871704745167,0.1616871704745167,3686291.256550776,0.0,5960.260028166456,4049762.794399257,4043802.5343710906,0.004358755404421988,0.14739245988165992,0.0,0.946073020343882,67946.07576282336,0
2025-05-19,fixed_exposure_matched,518.9252319335938,0.0009588026833760033,0.1616871704745167,0.1616871704745167,3686291.256550776,0.0,5960.260028166456,4053644.771760543,4047684.5117323766,0.0009599819299508372,0.14725110148506887,0.0,0.946073020343882,68011.20676957375,0
2025-05-20,fixed_exposure_matched,517.1954956054688,-0.0033333054969783005,0.1616871704745167,0.1616871704745167,3686291.256550776,0.0,5960.260028166456,4040131.789287016,4034171.5292588496,-0.0033384475579455453,0.1477443382101669,0.0,0.946073020343882,67784.48876717672,0
2025-05-21,fixed_exposure_matched,510.0080871582031,-0.013896889103512944,0.1616871704745167,0.1616871704745167,3686291.256550776,0.0,5960.260028166456,3983985.5797746964,3978025.31974653,-0.01391765548517332,0.1498296151756578,0.0,0.946073020343882,66842.47937082507,0
2025-05-22,fixed_exposure_matched,510.9624938964844,0.0018713560869185741,0.1616871704745167,0.1616871704745167,3686291.256550776,0.0,5960.260028166456,3991440.089366583,3985479.829338417,0.0018739221077561652,0.14954937130257287,0.0,0.946073020343882,66967.54957844452,0
2025-05-23,fixed_exposure_matched,506.2305908203125,-0.009260764014375034,0.1616871704745167,0.1616871704745167,3686291.256550776,0.0,5960.260028166456,3954475.358548423,3948515.0985202566,-0.009274850808690838,0.15094940450905509,0.0,0.946073020343882,66347.36303216172,0
2025-05-27,fixed_exposure_matched,518.1398315429688,0.02352532805921137,0.1616871704745167,0.1616871704745167,3686291.256550776,0.0,5960.260028166456,4047504.7425873214,4041544.482559155,0.023560599799596016,0.14747480954093933,0.0,0.946073020343882,67908.19064034104,0
2025-05-28,fixed_exposure_matched,515.8433837890625,-0.0044321003985886565,0.1616871704745167,0.1616871704745167,3686291.256550776,0.0,5960.260028166456,4029564.8491313905,4023604.589103224,-0.004438870717209387,0.14813234989114255,0.0,0.946073020343882,67607.19884852067,0
2025-05-29,fixed_exposure_matched,516.8574829101562,0.0019659050653026977,0.1616871704745167,0.1616871704745167,3686291.256550776,0.0,5960.260028166456,4037485.645006243,4031525.384978077,0.0019685820759585138,0.1478413121339894,0.0,0.946073020343882,67740.09231017203,0
2025-05-30,fixed_exposure_matched,516.0422973632812,-0.0015771959850230388,0.1616871704745167,0.1616871704745167,3686291.256550776,0.0,5960.260028166456,4031116.792784331,4025156.5327561647,-0.0015797624010116529,0.14807523582406518,0.0,0.946073020343882,67633.23703553947,0
2025-06-02,fixed_exposure_matched,520.1180419921875,0.007898082482252544,0.1616871704745167,0.1616871704745167,4025156.5327561647,547.9016768171487,6508.161704983605,4063505.695156913,4056997.533451929,0.007910499985937625,0.16041818244454498,0.3835311737720041,1.0330415404735882,62437.07331434767,1
2025-06-03,fixed_exposure_matched,524.183837890625,0.007817063762803667,0.1616871704745167,0.1616871704745167,4025156.5327561647,0.0,6508.161704983605,4095269.3452349296,4088761.183529946,0.007829349122376872,0.15917196952464024,0.0,1.0330415404735882,62925.132024592895,0
2025-06-04,fixed_exposure_matched,525.645263671875,0.0027880023678923394,0.1616871704745167,0.1616871704745167,4025156.5327561647,0.0,6508.161704983605,4106685.932825061,4100177.7711200775,0.002792187432251847,0.15872876905056046,0.0,1.0330415404735882,63100.55156866153,0
2025-06-05,fixed_exposure_matched,521.688720703125,-0.007527021058102434,0.1616871704745167,0.1616871704745167,4025156.5327561647,0.0,6508.161704983605,4075773.788288133,4069265.6265831497,-0.007539220556401216,0.15993455090441785,0.0,1.0330415404735882,62625.57651521046,0
2025-06-06,fixed_exposure_matched,526.7883911132812,0.009775312763678379,0.1616871704745167,0.1616871704745167,4025156.5327561647,0.0,6508.161704983605,4115614.7187811113,4109106.5570761277,0.009790693001879847,0.15838386312411784,0.0,1.0330415404735882,63237.74523963644,0
2025-06-09,fixed_exposure_matched,527.5637817382812,0.001471920486632916,0.1616871704745167,0.1616871704745167,4025156.5327561647,0.0,6508.161704983605,4121671.5433592326,4115163.381654249,0.0014740003682043312,0.15815074886206337,0.0,1.0330415404735882,63330.81029936726,0
2025-06-10,fixed_exposure_matched,531.0530395507812,0.00661390704457232,0.1616871704745167,0.1616871704745167,4025156.5327561647,0.0,6508.161704983605,4148930.862773729,4142422.7010687455,0.006624115955157661,0.15711003378058205,0.0,1.0330415404735882,63749.658518728844,0
2025-06-11,fixed_exposure_matched,529.263671875,-0.003369470735531177,0.1616871704745167,0.1616871704745167,4025156.5327561647,0.0,6508.161704983605,4134950.12860633,4128441.9669013466,-0.0033750138931480933,0.15764207798392252,0.0,1.0330415404735882,63534.840036934,0
2025-06-12,fixed_exposure_matched,530.5062255859375,0.0023477026234117737,0.1616871704745167,0.1616871704745167,4025156.5327561647,0.0,6508.161704983605,4144656.7288293955,4138148.567124412,0.0023511533650915073,0.15727230667085762,0.0,1.0330415404735882,63683.98507455089,0
2025-06-13,fixed_exposure_matched,523.845947265625,-0.01255457146229777,0.1616871704745167,0.1616871704745167,4025156.5327561647,0.0,6508.161704983605,4092621.306699073,4086113.1449940894,-0.012574565965011164,0.15927512220156642,0.0,1.0330415404735882,62884.444059912654,0
2025-06-16,fixed_exposure_matched,531.132568359375,0.013909854856728021,0.1616871704745167,0.1616871704745167,4025156.5327561647,0.0,6508.161704983605,4149548.042017269,4143039.8803122854,0.013931756977394905,0.15708662945559304,0.0,1.0330415404735882,63759.1416765162,0
2025-06-17,fixed_exposure_matched,525.953369140625,-0.009751236371642769,0.1616871704745167,0.1616871704745167,4025156.5327561647,0.0,6508.161704983605,4109083.7851825305,4102575.623477547,-0.009766803604045582,0.15863599607377776,0.0,1.0330415404735882,63137.39534215955,0
2025-06-18,fixed_exposure_matched,525.8638305664062,-0.00017024051840386356,0.1616871704745167,0.1616871704745167,4025156.5327561647,0.0,6508.161704983605,4108383.2195872357,4101875.057882252,-0.0001707623843143491,0.1586630897612881,0.0,1.0330415404735882,63126.63092622996,0
2025-06-20,fixed_exposure_matched,523.7166748046875,-0.004083102196639099,0.1616871704745167,0.1616871704745167,4025156.5327561647,0.0,6508.161704983605,4091607.2379971636,4085099.07629218,-0.0040898324189165836,0.15931466002265743,0.0,1.0330415404735882,62868.86256781278,0
2025-06-23,fixed_exposure_matched,529.1017456054688,0.010282412342111469,0.1616871704745167,0.1616871704745167,4025156.5327561647,0.0,6508.161704983605,4133677.7977186777,4127169.636013694,0.010298540851963578,0.1576906761523289,0.0,1.0330415404735882,63515.29026319869,0
2025-06-24,fixed_exposure_matched,537.1928100585938,0.015292076656950204,0.1616871704745167,0.1616871704745167,4025156.5327561647,0.0,6508.161704983605,4196889.282434984,4190381.1207300005,0.0153159405333676,0.1553119279004824,0.0,1.0330415404735882,64486.55507777609,0
2025-06-25,fixed_exposure_matched,538.5661010742188,0.002556421065045944,0.1616871704745167,0.1616871704745167,4025156.5327561647,0.0,6508.161704983605,4207617.265562726,4201109.103857743,0.0025601449650176633,0.15491532221830115,0.0,1.0330415404735882,64651.3939925733,0
2025-06-26,fixed_exposure_matched,543.601806640625,0.009350208927673131,0.1616871704745167,0.1616871704745167,4025156.5327561647,0.0,6508.161704983605,4246958.333041882,4240450.171336899,0.00936444793662461,0.1534780846848569,0.0,1.0330415404735882,65255.882160853296,0
2025-06-27,fixed_exposure_matched,545.4630126953125,0.0034238408186857416,0.1616871704745167,0.1616871704745167,4025156.5327561647,0.0,6508.161704983605,4261498.209296268,4254990.047591285,0.0034288520479894835,0.15295362931971657,0.0,1.0330415404735882,65479.29204083911,0
2025-06-30,fixed_exposure_matched,548.9959106445312,0.006476879031195093,0.1616871704745167,0.1616871704745167,4025156.5327561647,0.0,6508.161704983605,4289098.384647994,4282590.222943011,0.006486542869201362,0.15196788313104526,0.0,1.0330415404735882,65903.37762142003,0
2025-07-01,fixed_exposure_matched,544.3682861328125,-0.008429251333194498,0.1616871704745167,0.1616871704745167,4282590.222943011,416.23724951124586,6924.398954494851,4253355.837031097,4246431.438076602,-0.008443204458996822,0.16306395276762595,0.2913660746578721,1.0991109451579129,61425.632245959874,1
2025-07-02,fixed_exposure_matched,548.1598510742188,0.006965073164606039,0.1616871704745167,0.1616871704745167,4282590.222943011,0.0,6924.398954494851,4282979.672520177,4276055.273565683,0.006976171856550195,0.16193427146045258,0.0,1.0991109451579129,61853.45039571929,0
2025-07-03,fixed_exposure_matched,553.553955078125,0.009840385050702949,0.1616871704745167,0.1616871704745167,4282590.222943011,0.0,6924.398954494851,4325124.742551165,4318200.34359667,0.009856062968017554,0.16035381417082314,0.0,1.0991109451579129,62462.09629131185,0
2025-07-07,fixed_exposure_matched,549.3840942382812,-0.007532889615530336,0.1616871704745167,0.1616871704745167,4282590.222943011,0.0,6924.398954494851,4292542.9561811825,4285618.557226688,-0.00754522342120989,0.16157291793546302,0.0,1.0991109451579129,61991.560341778895,0
2025-07-08,fixed_exposure_matched,549.692626953125,0.0005615974653789824,0.1616871704745167,0.1616871704745167,4282590.222943011,0.0,6924.398954494851,4294952.538314459,4288028.139359964,0.0005622483898417574,0.1614821248707662,0.0,1.0991109451579129,62026.35877192585,0
2025-07-09,fixed_exposure_matched,553.5838623046875,0.007078929497619679,0.1616871704745167,0.1616871704745167,4282590.222943011,0.0,6924.398954494851,4325355.105417864,4318430.70646337,0.007090104382557305,0.16034526023842743,0.0,1.0991109451579129,62465.423119650506,0
2025-07-10,fixed_exposure_matched,552.7877197265625,-0.0014381607419162723,0.1616871704745167,0.1616871704745167,4282590.222943011,0.0,6924.398954494851,4319133.45039946,4312209.051444965,-0.0014407212807866498,0.16057660637242469,0.0,1.0991109451579129,62375.57192737676,0
2025-07-11,fixed_exposure_matched,551.5436401367188,-0.0022505557657089836,0.1616871704745167,0.1616871704745167,4282590.222943011,0.0,6924.398954494851,4309411.900598852,4302487.501644357,-0.002254424515284237,0.16093943217379322,0.0,1.0991109451579129,62235.17635132033,0
2025-07-14,fixed_exposure_matched,553.5440673828125,0.003626960951989,0.1616871704745167,0.1616871704745167,4282590.222943011,0.0,6924.398954494851,4325040.870177415,4318116.47122292,0.003632542702934005,0.16035692878228022,0.0,1.0991109451579129,62460.88503277084,0
2025-07-15,fixed_exposure_matched,554.051513671875,0.0009167224778718897,0.1616871704745167,0.1616871704745167,4282590.222943011,0.0,6924.398954494851,4329004.633249876,4322080.234295381,0.0009179379710753111,0.16020986606288024,0.0,1.0991109451579129,62518.12845705228,0
2025-07-16,fixed_exposure_matched,554.6188354492188,0.001023951317421501,0.1616871704745167,0.1616871704745167,4282590.222943011,0.0,6924.398954494851,4333436.224136271,4326511.825181776,0.0010253374870810017,0.16004576514023341,0.0,1.0991109451579129,62582.12810403272,0
2025-07-17,fixed_exposure_matched,559.1072387695312,0.008092771167205415,0.1616871704745167,0.1616871704745167,4282590.222943011,0.0,6924.398954494851,4368504.632754939,4361580.233800444,0.008105469263843812,0.15875894935586926,0.0,1.0991109451579129,63088.57507291952,0
2025-07-18,fixed_exposure_matched,558.56982421875,-0.0009612012034828643,0.1616871704745167,0.1616871704745167,4282590.222943011,0.0,6924.398954494851,4364304.521733569,4357380.122779074,-0.0009629791947469712,0.15891197828475356,0.0,1.0991109451579129,63027.918385617544,0
2025-07-21,fixed_exposure_matched,561.4658813476562,0.005184771900194951,0.1616871704745167,0.1616871704745167,4282590.222943011,0.0,6924.398954494851,4386931.346070802,4380006.947116307,0.00519275888255577,0.15809104958278003,0.0,1.0991109451579129,63354.6878927752,0
2025-07-22,fixed_exposure_matched,558.559814453125,-0.0051758566122592775,0.1616871704745167,0.1616871704745167,4282590.222943011,0.0,6924.398954494851,4364224.119344769,4357299.720390274,-0.005184290116476364,0.15891491058307658,0.0,1.0991109451579129,63026.75723951189,0
2025-07-23,fixed_exposure_matched,561.1076049804688,0.004561356655845783,0.1616871704745167,0.1616871704745167,4282590.222943011,0.0,6924.398954494851,4384129.8029682,4377205.404013705,0.004568353085807164,0.15819223260908616,0.0,1.0991109451579129,63314.22888512685,0
2025-07-24,fixed_exposure_matched,562.3018798828125,0.0021284240166115076,0.1616871704745167,0.1616871704745167,4282590.222943011,0.0,6924.398954494851,4393459.991021835,4386535.59206734,0.002131539919300929,0.15785575676205638,0.0,1.0991109451579129,63448.97253746332,0
2025-07-25,fixed_exposure_matched,563.6553344726562,0.002406989267270232,0.1616871704745167,0.1616871704745167,4282590.222943011,0.0,6924.398954494851,4404033.902955461,4397109.504000966,0.0024105382737000802,0.15747615446452454,0.0,1.0991109451579129,63601.677660364454,0
2025-07-28,fixed_exposure_matched,565.4168090820312,0.0031250917034661985,0.1616871704745167,0.1616871704745167,4282590.222943011,0.0,6924.398954494851,4417795.813656426,4410871.414701931,0.0031297630155544542,0.15698482915224074,0.0,1.0991109451579129,63800.422862531515,0
2025-07-29,fixed_exposure_matched,564.541015625,-0.0015489342427812414,0.1616871704745167,0.1616871704745167,4282590.222943011,0.0,6924.398954494851,4410951.839332093,4404027.440377598,-0.001551615016824548,0.15722878770031365,0.0,1.0991109451579129,63701.58432983994,0
2025-07-30,fixed_exposure_matched,565.2974853515625,0.0013399730145824407,0.1616871704745167,0.1616871704745167,4282590.222943011,0.0,6924.398954494851,4416861.296654475,4409936.89769998,0.0013418302684045091,0.1570180960663246,0.0,1.0991109451579129,63786.92686081219,0
2025-07-31,fixed_exposure_matched,562.3018798828125,-0.00529916645018691,0.1616871704745167,0.1616871704745167,4282590.222943011,0.0,6924.398954494851,4393454.514345169,4386530.115390674,-0.005307736335527502,0.15785595384834483,0.0,1.0991109451579129,63448.893445014975,0
2025-08-01,fixed_exposure_matched,551.2252197265625,-0.019698778454303678,0.1616871704745167,0.1616871704745167,4386530.115390674,168.05747109288222,7092.456425587733,4307072.333052631,4299979.876627043,-0.019730911788331085,0.16494161900941598,0.11764022976501756,1.125786734220275,60727.51208613474,1
2025-08-04,fixed_exposure_matched,561.3961181640625,0.018451438855692004,0.1616871704745167,0.1616871704745167,4386530.115390674,0.0,7092.456425587733,4386542.88906626,4379450.432640673,0.01848161114557767,0.16194854890300017,0.0,1.125786734220275,61848.00618923449,0
2025-08-05,fixed_exposure_matched,557.5845947265625,-0.006789365501786548,0.1616871704745167,0.1616871704745167,4386530.115390674,0.0,7092.456425587733,4356759.920316393,4349667.463890805,-0.006800617841885126,0.16305744024035082,0.0,1.125786734220275,61428.08159664315,0
2025-08-06,fixed_exposure_matched,564.6007690429688,0.01258315667750276,0.1616871704745167,0.1616871704745167,4386530.115390674,0.0,7092.456425587733,4411580.587213265,4404488.130787677,0.01260341562934908,0.1610279382071885,0.0,1.125786734220275,62201.024898756266,0
2025-08-07,fixed_exposure_matched,566.5115966796875,0.003384387236945674,0.1616871704745167,0.1616871704745167,4386530.115390674,0.0,7092.456425587733,4426509.958460653,4419417.502035066,0.003389581446032519,0.1604839647379271,0.0,1.125786734220275,62411.5213805327,0
2025-08-08,fixed_exposure_matched,571.7960815429688,0.009328114189106618,0.1616871704745167,0.1616871704745167,4386530.115390674,0.0,7092.456425587733,4467799.823025658,4460707.36660007,0.009342829580140766,0.15899846913727428,0.0,1.125786734220275,62993.687305670304,0
2025-08-11,fixed_exposure_matched,570.1041870117188,-0.002958912426759719,0.1616871704745167,0.1616871704745167,4386530.115390674,0.0,7092.456425587733,4454578.868822299,4447486.412396711,-0.002963869430743671,0.159471120717054,0.0,1.125786734220275,62807.278628478285,0
2025-08-12,fixed_exposure_matched,577.2697143554688,0.012568803224037195,0.1616871704745167,0.1616871704745167,4386530.115390674,0.0,7092.456425587733,4510566.468283746,4503474.011858159,0.012588593706636342,0.1574885612065816,0.0,1.125786734220275,63596.67508158103,0
2025-08-13,fixed_exposure_matched,577.558349609375,0.0005000006872497575,0.1616871704745167,0.1616871704745167,4386530.115390674,0.0,7092.456425587733,4512820.62883104,4505728.1724054525,0.0005005381492950711,0.1574097716108186,0.0,1.125786734220275,63628.45758981275,0
2025-08-14,fixed_exposure_matched,577.1105346679688,-0.0007753587870543699,0.1616871704745167,0.1616871704745167,4386530.115390674,0.0,7092.456425587733,4509320.447915342,4502227.991489754,-0.0007768291343305256,0.15753214717233568,0.0,1.125786734220275,63579.1068330979,0
2025-08-15,fixed_exposure_matched,574.5728149414062,-0.004397285397021111,0.1616871704745167,0.1616871704745167,4386530.115390674,0.0,7092.456425587733,4489490.553172501,4482398.096746913,-0.00440446258615157,0.15822906115222254,0.0,1.125786734220275,63299.5154820492,0
2025-08-18,fixed_exposure_matched,574.3438110351562,-0.0003985637682377696,0.1616871704745167,0.1616871704745167,4386530.115390674,0.0,7092.456425587733,4487700.079113427,4480607.622687839,-0.00039944556918614094,0.1582922903062217,0.0,1.125786734220275,63274.27071561519,0
2025-08-19,fixed_exposure_matched,566.5513916015625,-0.013567517023556408,0.1616871704745167,0.1616871704745167,4386530.115390674,0.0,7092.456425587733,4426812.006106706,4419719.549681119,-0.01358924461459421,0.1604729971180966,0.0,1.125786734220275,62415.7800975121,0
2025-08-20,fixed_exposure_matched,563.1875610351562,-0.005937379408595511,0.1616871704745167,0.1616871704745167,4386530.115390674,0.0,7092.456425587733,4400527.217869191,4393434.761443604,-0.00594716201832568,0.1614330657150188,0.0,1.125786734220275,62045.17805697384,0
2025-08-21,fixed_exposure_matched,560.5802001953125,-0.00462964919724318,0.1616871704745167,0.1616871704745167,4386530.115390674,0.0,7092.456425587733,4380153.194780802,4373060.738355215,-0.004637379224835536,0.162185179898858,0.0,1.125786734220275,61757.91477517369,0
2025-08-22,fixed_exposure_matched,569.2284545898438,0.015427327600079588,0.1616871704745167,0.1616871704745167,4386530.115390674,0.0,7092.456425587733,4447726.127268488,4440633.6708429,0.015452091002308155,0.15971721495868127,0.0,1.125786734220275,62710.65848529223,0
2025-08-25,fixed_exposure_matched,567.5863647460938,-0.002884764158413655,0.1616871704745167,0.1616871704745167,4386530.115390674,0.0,7092.456425587733,4434894.3605633695,4427801.904137782,-0.0028896251427743547,0.16018007533173131,0.0,1.125786734220275,62529.73715232746,0
2025-08-26,fixed_exposure_matched,569.8654174804688,0.004015340881901697,0.1616871704745167,0.1616871704745167,4386530.115390674,0.0,7092.456425587733,4452700.847409521,4445608.390983934,0.004021518403863444,0.15953848836464835,0.0,1.125786734220275,62780.79948923391,0
2025-08-27,fixed_exposure_matched,570.7412109375,0.001536842612600342,0.1616871704745167,0.1616871704745167,4386530.115390674,0.0,7092.456425587733,4459542.822026248,4452450.36560066,0.0015390412323772473,0.15929332936271645,0.0,1.125786734220275,62877.26782412622,0
2025-08-28,fixed_exposure_matched,574.31396484375,0.006259849188709143,0.1616871704745167,0.1616871704745167,4386530.115390674,0.0,7092.456425587733,4487457.761755989,4480365.305330401,0.0062695678643405195,0.15830085143168263,0.0,1.125786734220275,63270.854165087454,0
2025-08-29,fixed_exposure_matched,567.6660766601562,-0.01157535527697362,0.1616871704745167,0.1616871704745167,4386530.115390674,0.0,7092.456425587733,4435512.7180865165,4428420.261660929,-0.011593930434126043,0.1601577087656,0.0,1.125786734220275,62538.45567643311,0
2025-09-02,fixed_exposure_matched,562.9088745117188,-0.008380282606327838,0.1616871704745167,0.1616871704745167,4428420.261660929,67.73099221201119,7160.187417799744,4398407.8478402905,4391247.660422491,-0.008394099710964609,0.1630558777709852,0.04741169454840783,1.1365376853650389,61428.66926787621,1
2025-09-03,fixed_exposure_matched,567.337646484375,0.00786765349275731,0.1616871704745167,0.1616871704745167,4428420.261660929,0.0,7160.187417799744,4433011.8601692375,4425851.672751438,0.00788022334536631,0.16178100730041955,0.0,1.1365376853650389,61911.952879181175,0
2025-09-04,fixed_exposure_matched,572.4728393554688,0.009051387481361362,0.1616871704745167,0.1616871704745167,4428420.261660929,0.0,7160.187417799744,4473135.631687415,4465975.444269615,0.00906577411195375,0.16032751427209765,0.0,1.1365376853650389,62472.32608140257,0
2025-09-05,fixed_exposure_matched,573.2988891601562,0.0014429502116075632,0.1616871704745167,0.1616871704745167,4428420.261660929,0.0,7160.187417799744,4479589.007156023,4472428.819738223,0.0014450091696962541,0.16009617383287586,0.0,1.1365376853650389,62562.45466452548,0
2025-09-08,fixed_exposure_matched,576.0953369140625,0.0048778181970714485,0.1616871704745167,0.1616871704745167,4428420.261660929,0.0,7160.187417799744,4501438.491392844,4494278.303975045,0.004885373276460658,0.15931784668223123,0.0,1.1365376853650389,62867.60707132569,0
2025-09-09,fixed_exposure_matched,577.7276000976562,0.002833321290773183,0.1616871704745167,0.1616871704745167,4428420.261660929,0.0,7160.187417799744,4514191.3763719285,4507031.188954129,0.002837582391772342,0.15886704834321969,0.0,1.1365376853650389,63045.71532792497,0
2025-09-10,fixed_exposure_matched,577.9166870117188,0.00032729423699073834,0.1616871704745167,0.1616871704745167,4428420.261660929,0.0,7160.187417799744,4515667.708656403,4508507.521238604,0.00032756202976647053,0.15881502657075874,0.0,1.1365376853650389,63066.33395420289,0
2025-09-11,fixed_exposure_matched,581.2804565429688,0.005820509438208665,0.1616871704745167,0.1616871704745167,4428420.261660929,0.0,7160.187417799744,4541950.058636767,4534789.871218967,0.0058295011944757835,0.15789457992846448,0.0,1.1365376853650389,63433.39627320068,0
2025-09-12,fixed_exposure_matched,583.8480224609375,0.0044170862602861405,0.1616871704745167,0.1616871704745167,4428420.261660929,0.0,7160.187417799744,4562011.107297992,4554850.919880193,0.00442380997376457,0.15719916071343298,0.0,1.1365376853650389,63713.57118330645,0
2025-09-15,fixed_exposure_matched,588.8440551757812,0.008557077394533819,0.1616871704745167,0.1616871704745167,4428420.261660929,0.0,7160.187417799744,4601047.4528801795,4593887.26546238,0.008570279525902391,0.15586336808112908,0.0,1.1365376853650389,64258.75726998828,0
2025-09-16,fixed_exposure_matched,588.3463745117188,-0.0008451824548248998,0.1616871704745167,0.1616871704745167,4428420.261660929,0.0,7160.187417799744,4597157.591761503,4589997.404343704,-0.0008467471868368603,0.15599545679532986,0.0,1.1365376853650389,64204.43102275897,0
2025-09-17,fixed_exposure_matched,587.1720581054688,-0.001995960980000211,0.1616871704745167,0.1616871704745167,4428420.261660929,0.0,7160.187417799744,4587980.70805175,4580820.520633951,-0.0019993222002845368,0.15630796678340125,0.0,1.1365376853650389,64076.26561067856,0
2025-09-18,fixed_exposure_matched,592.4666137695312,0.009017042945036469,0.1616871704745167,0.1616871704745167,4428420.261660929,0.0,7160.187417799744,4629349.590589567,4622189.4031717675,0.009030889193644143,0.15490900076241773,0.0,1.1365376853650389,64654.02817643174,0
2025-09-19,fixed_exposure_matched,596.4771728515625,0.0067692575224016505,0.1616871704745167,0.1616871704745167,4428420.261660929,0.0,7160.187417799744,4660685.7135918075,4653525.526174008,0.006779497824285885,0.1538658674488166,0.0,1.1365376853650389,65091.67207000275,0
2025-09-22,fixed_exposure_matched,600.0083618164062,0.005920073936714676,0.1616871704745167,0.1616871704745167,4428420.261660929,0.0,7160.187417799744,4688276.181074376,4681115.993656577,0.00592893867829547,0.1529589830182072,0.0,1.1365376853650389,65477.00370830569,0
2025-09-23,fixed_exposure_matched,596.02294921875,-0.006642261760471446,0.1616871704745167,0.1616871704745167,4428420.261660929,0.0,7160.187417799744,4657134.286936612,4649974.099518812,-0.006652664488546067,0.15398338280079224,0.0,1.1365376853650389,65042.072437367904,0
2025-09-24,fixed_exposure_matched,593.9305419921875,-0.0035106152024937387,0.1616871704745167,0.1616871704745167,4428420.261660929,0.0,7160.187417799744,4640783.743971152,4633623.556553353,-0.0035162653846075864,0.15452673982704232,0.0,1.1365376853650389,64813.71887605171,0
2025-09-25,fixed_exposure_matched,591.3699340820312,-0.004311291858417277,0.1616871704745167,0.1616871704745167,4428420.261660929,0.0,7160.187417799744,4620774.834261409,4613614.646843609,-0.00431819923770993,0.15519691100986002,0.0,1.1365376853650389,64534.27214453177,0
2025-09-26,fixed_exposure_matched,593.801025390625,0.004110948441042206,0.1616871704745167,0.1616871704745167,4428420.261660929,0.0,7160.187417799744,4639769.464825038,4632609.277407238,0.004117082161732677,0.15456057243418403,0.0,1.1365376853650389,64799.55333698225,0
2025-09-29,fixed_exposure_matched,596.5509643554688,0.004631078168035652,0.1616871704745167,0.1616871704745167,4428420.261660929,0.0,7160.187417799744,4661255.4633606225,4654095.275942823,0.004637990654720259,0.15384703134057004,0.0,1.1365376853650389,65099.62926072375,0
2025-09-30,fixed_exposure_matched,598.18505859375,0.00273923660495079,0.1616871704745167,0.1616871704745167,4428420.261660929,0.0,7160.187417799744,4674022.608413202,4666862.420995402,0.00274320663751193,0.15342615170285087,0.0,1.1365376853650389,65277.936675147575,0
2025-10-01,fixed_exposure_matched,601.0545043945312,0.004796919882163131,0.1616871704745167,0.1616871704745167,4666862.420995402,385.5303806462489,7545.717798445993,4696829.431233373,4689283.713434926,0.004804361135364754,0.16091408111706496,0.2698712664523742,1.1977329838803163,62244.96537891549,1
2025-10-02,fixed_exposure_matched,603.5254516601562,0.004111020294430778,0.1616871704745167,0.1616871704745167,4666862.420995402,0.0,7545.717798445993,4716136.994611668,4708591.276813222,0.00411738008578566,0.16025425344526698,0.0,1.1977329838803163,62500.83982179848,0
2025-10-03,fixed_exposure_matched,600.9848022460938,-0.004209680647392355,0.1616871704745167,0.1616871704745167,4666862.420995402,0.0,7545.717798445993,4696282.366242017,4688736.64844357,-0.0042166812115170815,0.1609328559954588,0.0,1.1977329838803163,62237.715372939005,0
2025-10-06,fixed_exposure_matched,605.498291015625,0.007510154587375251,0.1616871704745167,0.1616871704745167,4666862.420995402,0.0,7545.717798445993,4731550.975065474,4724005.257267028,0.007521985444664647,0.1597313590377206,0.0,1.1977329838803163,62705.11436353897,0
2025-10-07,fixed_exposure_matched,602.3099365234375,-0.005265670505592235,0.1616871704745167,0.1616871704745167,4666862.420995402,0.0,7545.717798445993,4706634.9889173815,4699089.271118935,-0.0052743349744931445,0.1605783027963039,0.0,1.1977329838803163,62374.91401926921,0
2025-10-08,fixed_exposure_matched,609.2147827148438,0.011463942021712858,0.1616871704745167,0.1616871704745167,4666862.420995402,0.0,7545.717798445993,4760590.381814712,4753044.664016265,0.011482095739050013,0.15875545743493924,0.0,1.1977329838803163,63089.96054417956,0
2025-10-09,fixed_exposure_matched,608.4774169921875,-0.0012103542848554971,0.1616871704745167,0.1616871704745167,4666862.420995402,0.0,7545.717798445993,4754827.183114656,4747281.46531621,-0.0012125277811266821,0.15894818652686277,0.0,1.1977329838803163,63013.58346708767,0
2025-10-10,fixed_exposure_matched,587.3546142578125,-0.03471419340226101,0.1616871704745167,0.1616871704745167,4666862.420995402,0.0,7545.717798445993,4589765.994952702,4582220.277154256,-0.03476962328185018,0.1646738336885932,0.0,1.1977329838803163,60826.1018706258,0
2025-10-13,fixed_exposure_matched,599.8190307617188,0.02122127961769138,0.1616871704745167,0.1616871704745167,4666862.420995402,0.0,7545.717798445993,4687165.5047783805,4679619.786979934,0.021255964125358018,0.161246386286347,0.0,1.1977329838803163,62116.893713460646,0
2025-10-14,fixed_exposure_matched,595.8236083984375,-0.006661046346274513,0.1616871704745167,0.1616871704745167,4666862.420995402,0.0,7545.717798445993,4655942.880385408,4648397.162586962,-0.006672042989441795,0.16232945539116955,0.0,1.1977329838803163,61703.1143325328,0
2025-10-15,fixed_exposure_matched,600.0281982421875,0.007056769460766832,0.1616871704745167,0.1616871704745167,4666862.420995402,0.0,7545.717798445993,4688797.598181803,4681251.8803833565,0.007067967010398579,0.16119016859712448,0.0,1.1977329838803163,62138.523112372946,0
2025-10-16,fixed_exposure_matched,597.8063354492188,-0.003702930628056822,0.1616871704745167,0.1616871704745167,4666862.420995402,0.0,7545.717798445993,4671434.108213752,4663888.390415305,-0.0037091552455897903,0.16179027384002365,0.0,1.1977329838803163,61908.41259894204,0
2025-10-17,fixed_exposure_matched,601.7320556640625,0.006566876230734042,0.1616871704745167,0.1616871704745167,4666862.420995402,0.0,7545.717798445993,4702109.640089436,4694563.92229099,0.006577243987812009,0.16073309306998665,0.0,1.1977329838803163,62314.94160910463,0
2025-10-20,fixed_exposure_matched,609.3142700195312,0.012600648883664967,0.1616871704745167,0.1616871704745167,4666862.420995402,0.0,7545.717798445993,4761358.074943716,4753812.357145269,0.012620647164468757,0.15872982001707156,0.0,1.1977329838803163,63100.13443551118,0
2025-10-21,fixed_exposure_matched,609.1549682617188,-0.00026144432462971157,0.1616871704745167,0.1616871704745167,4666862.420995402,0.0,7545.717798445993,4760112.047164508,4752566.329366062,-0.0002621112668308445,0.15877143579924546,0.0,1.1977329838803163,63083.62139046377,0
2025-10-22,fixed_exposure_matched,603.286376953125,-0.009633987432361102,0.1616871704745167,0.1616871704745167,4666862.420995402,0.0,7545.717798445993,4714251.989792511,4706706.271994065,-0.009649535470684256,0.16031843421682526,0.0,1.1977329838803163,62475.85870178434,0
2025-10-23,fixed_exposure_matched,608.3578491210938,0.008406409230690803,0.1616871704745167,0.1616871704745167,4666862.420995402,0.0,7545.717798445993,4753880.723502321,4746335.005703875,0.008419631780638204,0.15897988214860476,0.0,1.1977329838803163,63001.04046405448,0
2025-10-24,fixed_exposure_matched,614.8540649414062,0.010678280603591661,0.1616871704745167,0.1616871704745167,4666862.420995402,0.0,7545.717798445993,4804642.7980909,4797097.080292454,0.010695004572491396,0.15729758377093278,0.0,1.1977329838803163,63673.767379432014,0
2025-10-27,fixed_exposure_matched,625.8041381835938,0.01780922314180522,0.1616871704745167,0.1616871704745167,4666862.420995402,0.0,7545.717798445993,4890208.556065785,4882662.838267338,0.017836986940791277,0.15454103730667723,0.0,1.1977329838803163,64807.73183795584,0
2025-10-28,fixed_exposure_matched,630.6165771484375,0.007690008216966859,0.1616871704745167,0.1616871704745167,4666862.420995402,0.0,7545.717798445993,4927813.102311628,4920267.384513182,0.007701647132200451,0.15335991336967914,0.0,1.1977329838803163,65306.08795529683,0
2025-10-29,fixed_exposure_matched,633.4562377929688,0.004502990798896933,0.1616871704745167,0.1616871704745167,4666862.420995402,0.0,7545.717798445993,4950001.801637037,4942456.08383859,0.004509653153251136,0.15267141822706015,0.0,1.1977329838803163,65600.1447954556,0
2025-10-30,fixed_exposure_matched,623.7715454101562,-0.015288652640875422,0.1616871704745167,0.1616871704745167,4666862.420995402,0.0,7545.717798445993,4874321.745787117,4866776.02798867,-0.01531223637927459,0.15504551175256095,0.0,1.1977329838803163,64597.19109547089,0
2025-10-31,fixed_exposure_matched,626.7805786132812,0.004823934700558308,0.1616871704745167,0.1616871704745167,4666862.420995402,0.0,7545.717798445993,4897833.957865321,4890288.240066875,0.004831167890814392,0.15430006224628603,0.0,1.1977329838803163,64908.787854139046,0
2025-11-03,fixed_exposure_matched,629.7796020507812,0.004784805942990689,0.1616871704745167,0.1616871704745167,4890288.240066875,361.2508849661772,7906.96868341217,4921630.61313507,4913723.644451657,0.0047922337568515605,0.16091602327575633,0.25287561947632403,1.255074394192408,62244.21532691832,1
2025-11-04,fixed_exposure_matched,616.996337890625,-0.02029799650310915,0.1616871704745167,0.1616871704745167,4890288.240066875,0.0,7906.96868341217,4821730.117085665,4813823.148402253,-0.020330914654145604,0.16425548757512118,0.0,1.255074394192408,60980.76658885789,0
2025-11-05,fixed_exposure_matched,621.01171875,0.006507949258017787,0.1616871704745167,0.1616871704745167,4890288.240066875,0.0,7906.96868341217,4853108.436949121,4845201.468265709,0.006518378198806518,0.1631917420813131,0.0,1.255074394192408,61377.61045051733,0
2025-11-06,fixed_exposure_matched,609.4439086914062,-0.018627361947175403,0.1616871704745167,0.1616871704745167,4890288.240066875,0.0,7906.96868341217,4762706.574450785,4754799.605767373,-0.018658019298151918,0.16629446746444052,0.0,1.255074394192408,60234.29161218695,0
2025-11-07,fixed_exposure_matched,607.5209350585938,-0.0031552922350828183,0.1616871704745167,0.1616871704745167,4890288.240066875,0.0,7906.96868341217,4747677.588304049,4739770.619620637,-0.003160803270974122,0.16682175822350304,0.0,1.255074394192408,60044.21894656143,0
2025-11-10,fixed_exposure_matched,620.9618530273438,0.022124205427511257,0.1616871704745167,0.1616871704745167,4890288.240066875,0.0,7906.96868341217,4852714.927496885,4844807.958813473,0.022160848619556806,0.16320499699122526,0.0,1.255074394192408,61372.63370825374,0
2025-11-11,fixed_exposure_matched,619.307861328125,-0.002663596308138949,0.1616871704745167,0.1616871704745167,4890288.240066875,0.0,7906.96868341217,4839787.998857159,4831881.030173747,-0.0026682024859643327,0.1636416259844843,0.0,1.255074394192408,61209.1459146718,0
2025-11-12,fixed_exposure_matched,618.8196411132812,-0.0007883320159972618,0.1616871704745167,0.1616871704745167,4890288.240066875,0.0,7906.96868341217,4835971.383952627,4828064.415269215,-0.0007898818039390187,0.1637709857061067,0.0,1.255074394192408,61160.876912259555,0
2025-11-13,fixed_exposure_matched,606.1858520507812,-0.020415947108225807,0.1616871704745167,0.1616871704745167,4890288.240066875,0.0,7906.96868341217,4737239.192886563,4729332.224203151,-0.02044964245999159,0.16718996062376273,0.0,1.255074394192408,59912.20381111028,0
2025-11-14,fixed_exposure_matched,606.6441040039062,0.0007559594991779495,0.1616871704745167,0.1616871704745167,4890288.240066875,0.0,7906.96868341217,4740819.098779909,4732912.130096497,0.0007569580066770776,0.16706350056938327,0.0,1.255074394192408,59957.47913768211,0
2025-11-17,fixed_exposure_matched,601.4630737304688,-0.008540477422004478,0.1616871704745167,0.1616871704745167,4890288.240066875,0.0,7906.96868341217,4700328.985230578,4692422.016547166,-0.00855501062271058,0.1685050631748244,0.0,1.255074394192408,59445.39776781056,0
2025-11-18,fixed_exposure_matched,594.1397705078125,-0.012175815178868343,0.1616871704745167,0.1616871704745167,4890288.240066875,0.0,7906.96868341217,4643097.393152139,4635190.424468727,-0.012196599512281692,0.17058562775915395,0.0,1.255074394192408,58721.58571833952,0
2025-11-19,fixed_exposure_matched,597.6868896484375,0.005970176239158853,0.1616871704745167,0.1616871704745167,4890288.240066875,0.0,7906.96868341217,4670816.247810443,4662909.279127031,0.005980089730937221,0.16957157452766222,0.0,1.255074394192408,59072.148061105014,0
2025-11-20,fixed_exposure_matched,583.5385131835938,-0.023671886919195972,0.1616871704745167,0.1616871704745167,4890288.240066875,0.0,7906.96868341217,4560247.958697537,4552340.990014125,-0.023712296871794658,0.17369016733932396,0.0,1.255074394192408,57673.782979112664,0
2025-11-21,fixed_exposure_matched,587.9224853515625,0.00751273835218047,0.1616871704745167,0.1616871704745167,4890288.240066875,0.0,7906.96868341217,4594506.653357903,4586599.68467449,0.007525511541317753,0.17239282315900054,0.0,1.255074394192408,58107.05514739931,0
2025-11-24,fixed_exposure_matched,602.9575805664062,0.025573261083649657,0.1616871704745167,0.1616871704745167,4890288.240066875,0.0,7906.96868341217,4712001.916480396,4704094.947796984,0.025617073911003763,0.16808692790342494,0.0,1.255074394192408,59593.02616646991,0
2025-11-25,fixed_exposure_matched,606.6740112304688,0.006163668529668875,0.1616871704745167,0.1616871704745167,4890288.240066875,0.0,7906.96868341217,4741043.879330352,4733136.91064694,0.006173762046099096,0.16705556658684148,0.0,1.255074394192408,59960.32195342405,0
2025-11-26,fixed_exposure_matched,612.034423828125,0.008835737972002766,0.1616871704745167,0.1616871704745167,4890288.240066875,0.0,7906.96868341217,4782933.2456874885,4775026.277004076,0.008850233396568097,0.16559005594358997,0.0,1.255074394192408,60490.09977390555,0
2025-11-28,fixed_exposure_matched,616.996337890625,0.008107246699400328,0.1616871704745167,0.1616871704745167,4890288.240066875,0.0,7906.96868341217,4821708.410382646,4813801.441699234,0.008120408652386724,0.16425622824652844,0.0,1.255074394192408,60980.49206262808,0
2025-12-01,fixed_exposure_matched,614.923828125,-0.0033590309023721066,0.1616871704745167,0.1616871704745167,4813801.441699234,-123.66934006718748,7783.299343344983,4805387.567176919,4797604.267833575,-0.003364736593693296,0.162233041927396,0.08656853804703123,1.2354443402134894,61739.72444328135,-1
2025-12-02,fixed_exposure_matched,619.736328125,0.007826172575998713,0.1616871704745167,0.1616871704745167,4813801.441699234,0.0,7783.299343344983,4842994.124127865,4835210.82478452,0.007838611701070475,0.16097125079735988,0.0,1.2354443402134894,62222.89430855321,0
2025-12-03,fixed_exposure_matched,621.2507934570312,0.0024437252800932896,0.1616871704745167,0.1616871704745167,4813801.441699234,0.0,7783.299343344983,4854827.835855999,4847044.536512654,0.0024474034653207966,0.1605782510293355,0.0,1.2354443402134894,62374.93409535972,0
2025-12-04,fixed_exposure_matched,620.6729125976562,-0.0009301893300760478,0.1616871704745167,0.1616871704745167,4813801.441699234,0.0,7783.299343344983,4850310.69135939,4842527.392016045,-0.0009319378979462112,0.16072803958068338,0.0,1.2354443402134894,62316.89772418415,0
2025-12-05,fixed_exposure_matched,623.20361328125,0.004077349973276911,0.1616871704745167,0.1616871704745167,4813801.441699234,0.0,7783.299343344983,4870085.870082849,4862302.570739504,0.004083648294083586,0.16007435222529204,0.0,1.2354443402134894,62570.96965243868,0
2025-12-08,fixed_exposure_matched,622.008056640625,-0.0019184045392969251,0.1616871704745167,0.1616871704745167,4813801.441699234,0.0,7783.299343344983,4860741.839798576,4852958.540455231,-0.0019217294992095457,0.1603825641299394,0.0,1.2354443402134894,62450.91734721337,0
2025-12-09,fixed_exposure_matched,622.7752075195312,0.001233345566373334,0.1616871704745167,0.1616871704745167,4813801.441699234,0.0,7783.299343344983,4866735.578751638,4858952.279408293,0.0012350690621187876,0.16018472493195193,0.0,1.2354443402134894,62527.925036223634,0
2025-12-10,fixed_exposure_matched,625.3258666992188,0.004095633783892216,0.1616871704745167,0.1616871704745167,4813801.441699234,0.0,7783.299343344983,4886666.709960903,4878883.410617558,0.00410194010213516,0.15953034102857952,0.0,1.2354443402134894,62784.000645422806,0
2025-12-11,fixed_exposure_matched,623.3032836914062,-0.0032344464150966257,0.1616871704745167,0.1616871704745167,4813801.441699234,0.0,7783.299343344983,4870859.812894758,4863076.513551413,-0.0032398595612564973,0.16004887691271355,0.0,1.2354443402134894,62580.913286593925,0
2025-12-12,fixed_exposure_matched,611.3868408203125,-0.019118209678794962,0.1616871704745167,0.1616871704745167,4813801.441699234,0.0,7783.299343344983,4777736.45823148,4769953.158888135,-0.01914906220450796,0.16317349634433834,0.0,1.2354443402134894,61384.462391474466,0
2025-12-15,fixed_exposure_matched,608.3179931640625,-0.0050194859479351095,0.1616871704745167,0.1616871704745167,4813801.441699234,0.0,7783.299343344983,4753753.44177211,4745970.142428765,-0.005027935424204544,0.16399806804013847,0.0,1.2354443402134894,61076.328072063036,0
2025-12-16,fixed_exposure_matched,609.5235595703125,0.001981802971139146,0.1616871704745167,0.1616871704745167,4813801.441699234,0.0,7783.299343344983,4763173.209022737,4755389.909679392,0.0019847927753304795,0.16367321063415663,0.0,1.2354443402134894,61197.353447486654,0
2025-12-17,fixed_exposure_matched,598.224853515625,-0.01853694722260213,0.1616871704745167,0.1616871704745167,4813801.441699234,0.0,7783.299343344983,4674877.28319063,4667093.983847286,-0.01856754703802188,0.16676971516500028,0.0,1.2354443402134894,60062.9254634518,0
2025-12-18,fixed_exposure_matched,606.8932495117188,0.014490197030684548,0.1616871704745167,0.1616871704745167,4813801.441699234,0.0,7783.299343344983,4742615.940673994,4734832.641330649,0.014514097577165819,0.16438383218456504,0.0,1.2354443402134894,60933.23321464066,0
2025-12-19,fixed_exposure_matched,614.8042602539062,0.01303525908148151,0.1616871704745167,0.1616871704745167,4813801.441699234,0.0,7783.299343344983,4804435.932740304,4796652.633396959,0.013056426013177136,0.1622652282375699,0.0,1.2354443402134894,61727.49782324998,0
2025-12-22,fixed_exposure_matched,617.7513427734375,0.004793529762324944,0.1616871704745167,0.1616871704745167,4813801.441699234,0.0,7783.299343344983,4827464.903930738,4819681.604587393,0.004801050430480069,0.16148990704981023,0.0,1.2354443402134894,62023.3745482037,0
2025-12-23,fixed_exposure_matched,620.6444702148438,0.004683320360612031,0.1616871704745167,0.1616871704745167,4813801.441699234,0.0,7783.299343344983,4850072.233161117,4842288.933817772,0.004690627117123647,0.16073595462236182,0.0,1.2354443402134894,62313.8340080433,0
2025-12-24,fixed_exposure_matched,622.4602661132812,0.002925661929782386,0.1616871704745167,0.1616871704745167,4813801.441699234,0.0,7783.299343344983,4864260.669406031,4856477.3700626865,0.0029301093839784187,0.16026635666675654,0.0,1.2354443402134894,62496.12734688355,0
2025-12-26,fixed_exposure_matched,622.4202880859375,-6.42258301777332e-05,0.1616871704745167,0.1616871704745167,4813801.441699234,0.0,7783.299343344983,4863947.022781998,4856163.723438653,-6.458315361801414e-05,0.1602767078420005,0.0,1.2354443402134894,62492.09760820593,0
2025-12-29,fixed_exposure_matched,619.4074096679688,-0.004840585173137457,0.1616871704745167,0.1616871704745167,4813801.441699234,0.0,7783.299343344983,4840401.437496253,4832618.1381529085,-0.004848597911165986,0.16105761144040784,0.0,1.2354443402134894,62189.58341406952,0
2025-12-30,fixed_exposure_matched,617.9707641601562,-0.002319387022803987,0.1616871704745167,0.1616871704745167,4813801.441699234,0.0,7783.299343344983,4829173.437772622,4821390.138429278,-0.0023233782191453,0.16143268061440558,0.0,1.2354443402134894,62045.32582832946,0
2025-12-31,fixed_exposure_matched,612.8628540039062,-0.008265617813153048,0.1616871704745167,0.1616871704745167,4813801.441699234,0.0,7783.299343344983,4789256.100338223,4781472.800994879,-0.00827921746390825,0.16278037473569892,0.0,1.2354443402134894,61532.467004924074,0
2026-01-02,fixed_exposure_matched,611.6757202148438,-0.0019370300896959236,0.1616871704745167,0.1616871704745167,4781472.800994879,-52.27126440774464,7731.028078937238,4779925.733484889,4772194.705405952,-0.001940426302748377,0.16200152248984126,0.03658988508542125,1.227147314117022,61827.81493844958,-1
2026-01-05,fixed_exposure_matched,616.5341796875,0.007942867947986931,0.1616871704745167,0.1616871704745167,4781472.800994879,0.0,7731.028078937238,4817890.825239831,4810159.797160894,0.007955478369718216,0.1607228949753464,0.0,1.227147314117022,62318.88923500239,0
2026-01-06,fixed_exposure_matched,621.951416015625,0.008786595304206557,0.1616871704745167,0.1616871704745167,4781472.800994879,0.0,7731.028078937238,4860222.454993749,4852491.426914812,0.0088004622588429,0.15932079830283358,0.0,1.227147314117022,62866.44422150216,0
2026-01-07,fixed_exposure_matched,622.550048828125,0.0009625073552126384,0.1616871704745167,0.1616871704745167,4781472.800994879,0.0,7731.028078937238,4864899.227707337,4857168.1996284,0.0009637879394588378,0.1591673946874787,0.0,1.227147314117022,62926.93776344556,0
2026-01-08,fixed_exposure_matched,619.0083618164062,-0.005688999652936455,0.1616871704745167,0.1616871704745167,4781472.800994879,0.0,7731.028078937238,4837221.590542025,4829490.562463088,-0.005698307332125951,0.16007957731662567,0.0,1.227147314117022,62568.930563333095,0
2026-01-09,fixed_exposure_matched,625.173828125,0.00996023105487942,0.1616871704745167,0.1616871704745167,4781472.800994879,0.0,7731.028078937238,4885400.2081001615,4877669.180021225,0.009975921256084819,0.15849840966261672,0.0,1.227147314117022,63192.11569558473,0
2026-01-12,fixed_exposure_matched,625.6925659179688,0.0008297496946161331,0.1616871704745167,0.1616871704745167,4781472.800994879,0.0,7731.028078937238,4889452.640283597,4881721.61220466,0.0008308132499090792,0.15836683639659224,0.0,1.227147314117022,63244.53346126943,0
2026-01-13,fixed_exposure_matched,624.7647705078125,-0.0014828295247444334,0.1616871704745167,0.1616871704745167,4781472.800994879,0.0,7731.028078937238,4882201.188401431,4874470.160322494,-0.0014854292108826828,0.15860242907766114,0.0,1.227147314117022,63150.7367267585,0
2026-01-14,fixed_exposure_matched,618.0905151367188,-0.010682829260153182,0.1616871704745167,0.1616871704745167,4781472.800994879,0.0,7731.028078937238,4830044.239544707,4822313.21146577,-0.010700024236741434,0.16031783378473974,0.0,1.227147314117022,62476.09231563779,0
2026-01-15,fixed_exposure_matched,620.3153076171875,0.0035994606388298767,0.1616871704745167,0.1616871704745167,4781472.800994879,0.0,7731.028078937238,4847428.566521442,4839697.538442505,0.0036049767434018776,0.15974196770621357,0.0,1.227147314117022,62700.95667777995,0
2026-01-16,fixed_exposure_matched,619.7965087890625,-0.0008363469702494797,0.1616871704745167,0.1616871704745167,4781472.800994879,0.0,7731.028078937238,4843373.207179016,4835642.179100079,-0.0008379365260354765,0.15987593359060315,0.0,1.227147314117022,62648.501049614875,0
2026-01-20,fixed_exposure_matched,606.6276245117188,-0.021247109479646253,0.1616871704745167,0.1616871704745167,4781472.800994879,0.0,7731.028078937238,4740464.299247985,4732733.271169048,-0.02128133226561091,0.16335228790587583,0.0,1.227147314117022,61317.38561606211,0
2026-01-21,fixed_exposure_matched,614.8282470703125,0.013518379690002691,0.1616871704745167,0.1616871704745167,4781472.800994879,0.0,7731.028078937238,4804546.468404808,4796815.440325871,0.013540202983168381,0.16117001321218294,0.0,1.227147314117022,62146.28144340248,0
2026-01-22,fixed_exposure_matched,619.2976684570312,0.00726938199084981,0.1616871704745167,0.1616871704745167,4781472.800994879,0.0,7731.028078937238,4839471.324829117,4831740.29675018,0.0072808422293471065,0.1600050417473206,0.0,1.227147314117022,62598.03062950957,0
2026-01-23,fixed_exposure_matched,621.2530517578125,0.003157420737031069,0.1616871704745167,0.1616871704745167,4781472.800994879,0.0,7731.028078937238,4854750.344799086,4847019.3167201495,0.0031622187931428236,0.15950066574458427,0.0,1.227147314117022,62795.66307650062,0
2026-01-26,fixed_exposure_matched,623.9866333007812,0.004400109641689687,0.1616871704745167,0.1616871704745167,4781472.800994879,0.0,7731.028078937238,4876110.55145192,4868379.523372983,0.0044068746702019546,0.1588008502997916,0.0,1.227147314117022,63071.95500604396,0
2026-01-27,fixed_exposure_matched,629.6432495117188,0.009065284269015539,0.1616871704745167,0.1616871704745167,4781472.800994879,0.0,7731.028078937238,4920312.652580664,4912581.624501727,0.009079427952675134,0.15737200254095282,0.0,1.227147314117022,63643.70433456044,0
2026-01-28,fixed_exposure_matched,631.7283325195312,0.003311530790538031,0.1616871704745167,0.1616871704745167,4781472.800994879,0.0,7731.028078937238,4936605.192281445,4928874.164202508,0.0033164924160284937,0.15685180472015803,0.0,1.227147314117022,63854.44654807237,0
2026-01-29,fixed_exposure_matched,627.947265625,-0.005985273573928751,0.1616871704745167,0.1616871704745167,4781472.800994879,0.0,7731.028078937238,4907057.032531849,4899326.004452912,-0.0059949105546655,0.15779778834702246,0.0,1.227147314117022,63472.24434355447,0
2026-01-30,fixed_exposure_matched,620.4050903320312,-0.012010841842685638,0.1616871704745167,0.1616871704745167,4781472.800994879,0.0,7731.028078937238,4848117.919453757,4840386.89137482,-0.01203004515815509,0.1597192177491702,0.0,1.227147314117022,62709.87338232787,0
2026-02-02,fixed_exposure_matched,624.6650390625,0.006866398739876489,0.1616871704745167,0.1616871704745167,4840386.89137482,95.2565257461265,7826.284604683365,4881501.631416888,4873675.346812204,0.006877230309151994,0.160582805537148,0.06667956802228855,1.242267397568788,62373.1678310769,1
2026-02-03,fixed_exposure_matched,615.0676879882812,-0.015363995860281365,0.1616871704745167,0.1616871704745167,4840386.89137482,0.0,7826.284604683365,4806501.018292445,4798674.733687761,-0.015388922689218543,0.16309262533968202,0.0,1.242267397568788,61414.85086571173,0
2026-02-04,fixed_exposure_matched,604.3230590820312,-0.017469018639871603,0.1616871704745167,0.1616871704745167,4840386.89137482,0.0,7826.284604683365,4722534.920143935,4714708.635539251,-0.0174977681981755,0.16599720597131284,0.0,1.242267397568788,60341.9778181578,0
2026-02-05,fixed_exposure_matched,595.6236572265625,-0.014395283656200686,0.1616871704745167,0.1616871704745167,4840386.89137482,0.0,7826.284604683365,4654551.448124752,4646725.163520069,-0.014419442912490088,0.16842581235759294,0.0,1.242267397568788,59473.32205807338,0
2026-02-06,fixed_exposure_matched,608.2138671875,0.021137860808890796,0.1616871704745167,0.1616871704745167,4840386.89137482,0.0,7826.284604683365,4752937.466495637,4745111.181890953,0.02117319508011395,0.16493364021798423,0.0,1.242267397568788,60730.444988563395,0
2026-02-09,fixed_exposure_matched,612.8728637695312,0.0076601288352324826,0.1616871704745167,0.1616871704745167,4840386.89137482,0.0,7826.284604683365,4789344.337567399,4781518.052962716,0.007672501165136847,0.16367782193845437,0.0,1.242267397568788,61195.632148380915,0
2026-02-10,fixed_exposure_matched,610.029541015625,-0.004639335369521991,0.1616871704745167,0.1616871704745167,4840386.89137482,0.0,7826.284604683365,4767123.720717906,4759297.4361132225,-0.004647188738673647,0.1644420150188146,0.0,1.242267397568788,60911.709214678805,0
2026-02-11,fixed_exposure_matched,611.6657104492188,0.002682115083918246,0.1616871704745167,0.1616871704745167,4840386.89137482,0.0,7826.284604683365,4779908.4528887505,4772082.168284067,0.0026862645889358383,0.1640014636943588,0.0,1.242267397568788,61075.065555734865,0
2026-02-12,fixed_exposure_matched,599.22509765625,-0.02033890829654672,0.1616871704745167,0.1616871704745167,4840386.89137482,0.0,7826.284604683365,4682689.090932161,4674862.806327477,-0.020372524723636043,0.16741207023424098,0.0,1.242267397568788,59832.849525175334,0
2026-02-13,fixed_exposure_matched,600.5020751953125,0.002131048155454618,0.1616871704745167,0.1616871704745167,4840386.89137482,0.0,7826.284604683365,4692666.884614562,4684840.600009878,0.002134350053844658,0.16705551528619486,0.0,1.242267397568788,59960.34033577568,0
2026-02-17,fixed_exposure_matched,599.8834838867188,-0.001030123515214476,0.1616871704745167,0.1616871704745167,4840386.89137482,0.0,7826.284604683365,4687831.615840254,4680005.331235571,-0.00103210956084554,0.16722811302048546,0.0,1.242267397568788,59898.55790619966,0
2026-02-18,fixed_exposure_matched,604.3629150390625,0.00746716866302255,0.1616871704745167,0.1616871704745167,4840386.89137482,0.0,7826.284604683365,4722835.202912186,4715008.918307503,0.007479390426824661,0.1659866341778349,0.0,1.242267397568788,60345.814667741215,0
2026-02-19,fixed_exposure_matched,602.0484008789062,-0.003829676015125183,0.1616871704745167,0.1616871704745167,4840386.89137482,0.0,7826.284604683365,4704747.031944808,4696920.747340124,-0.0038362962362903374,0.16662586033872098,0.0,1.242267397568788,60114.69387567911,0
2026-02-20,fixed_exposure_matched,607.3758544921875,0.008848879268683163,0.1616871704745167,0.1616871704745167,4840386.89137482,0.0,7826.284604683365,4746377.528152785,4738551.243548102,0.008863359304402296,0.165161970451189,0.0,1.242267397568788,60646.62567104297,0
2026-02-23,fixed_exposure_matched,599.9932250976562,-0.012154960293414563,0.1616871704745167,0.1616871704745167,4840386.89137482,0.0,7826.284604683365,4688684.255493136,4680857.970888453,-0.012175297827200393,0.16719765165611067,0.0,1.242267397568788,59909.452471066004,0
2026-02-24,fixed_exposure_matched,606.4380493164062,0.010741494985549327,0.1616871704745167,0.1616871704745167,4840386.89137482,0.0,7826.284604683365,4739046.491644942,4731220.207040259,0.01075918911981999,0.16541788930131635,0.0,1.242267397568788,60552.95368135509,0
2026-02-25,fixed_exposure_matched,615.227294921875,0.014493229135896346,0.1616871704745167,0.1616871704745167,4840386.89137482,0.0,7826.284604683365,4807729.33606662,4799903.051461937,0.01451694096154621,0.16305088916951485,0.0,1.242267397568788,61430.54564089842,0
2026-02-26,fixed_exposure_matched,607.8048095703125,-0.012064622965899163,0.1616871704745167,0.1616871704745167,4840386.89137482,0.0,7826.284604683365,4749724.652037486,4741898.367432803,-0.012084553251855201,0.16504538896139195,0.0,1.242267397568788,60689.393396135645,0
2026-02-27,fixed_exposure_matched,605.859375,-0.0032007554722836007,0.1616871704745167,0.1616871704745167,4840386.89137482,0.0,7826.284604683365,4734520.70259824,4726694.417993557,-0.0032063001484102793,0.16557627620034635,0.0,1.242267397568788,60495.125615097524,0
2026-03-02,fixed_exposure_matched,606.6575317382812,0.0013173960348162872,0.1616871704745167,0.1616871704745167,4726694.417993557,-183.82614325265786,7642.458461430707,4740572.531147049,4732930.072685618,0.0013192421892820327,0.16147414696735904,0.1286783002768605,1.2130886446715408,62029.41834844582,-1
2026-03-03,fixed_exposure_matched,600.1629028320312,-0.010705593463318008,0.1616871704745167,0.1616871704745167,4726694.417993557,0.0,7642.458461430707,4689820.675756572,4682178.217295141,-0.010723136537210354,0.16322442476027105,0.0,1.2130886446715408,61365.34073982541,0
2026-03-04,fixed_exposure_matched,609.311279296875,0.015243155519400808,0.1616871704745167,0.1616871704745167,4726694.417993557,0.0,7642.458461430707,4761307.128586586,4753664.670125155,0.015267776985924186,0.1607698268971399,0.0,1.2130886446715408,62300.726299207716,0
2026-03-05,fixed_exposure_matched,607.4755249023438,-0.003012835076103726,0.1616871704745167,0.1616871704745167,4726694.417993557,0.0,7642.458461430707,4746960.882372833,4739318.423911402,-0.0030179339960416662,0.16125648833536949,0.0,1.2130886446715408,62113.00861273085,0
2026-03-06,fixed_exposure_matched,598.337158203125,-0.015043184992000858,0.1616871704745167,0.1616871704745167,4726694.417993557,0.0,7642.458461430707,4675550.258580862,4667907.800119431,-0.015067699066532714,0.1637234236125052,0.0,1.2130886446715408,61178.61526074392,0
2026-03-09,fixed_exposure_matched,606.3283081054688,0.01335559691185173,0.1616871704745167,0.1616871704745167,4726694.417993557,0.0,7642.458461430707,4737993.810086927,4730351.3516254965,0.013377203273909677,0.16156217357521488,0.0,1.2130886446715408,61995.67631277581,0
2026-03-10,fixed_exposure_matched,606.3383178710938,1.6508821196747903e-05,0.1616871704745167,0.1616871704745167,4726694.417993557,0.0,7642.458461430707,4738070.815690924,4730428.357229494,1.627904531242841e-05,0.16155954354008492,0.0,1.2130886446715408,61996.68391529515,0
2026-03-11,fixed_exposure_matched,606.2584838867188,-0.00013166574175171863,0.1616871704745167,0.1616871704745167,4726694.417993557,0.0,7642.458461430707,4737445.76099386,4729803.302532429,-0.00013213490404295758,0.1615808940160109,0.0,1.2130886446715408,61988.50520290543,0
2026-03-12,fixed_exposure_matched,595.8530883789062,-0.01716329879806977,0.1616871704745167,0.1616871704745167,4726694.417993557,0.0,7642.458461430707,4656134.350769629,4648491.892308198,-0.017191287887319828,0.16440726666806904,0.0,1.2130886446715408,60924.56209304639,0
2026-03-13,fixed_exposure_matched,592.3213500976562,-0.005927196401479651,0.1616871704745167,0.1616871704745167,4726694.417993557,0.0,7642.458461430707,4628535.314912297,4620892.856450866,-0.0059372021069886705,0.16538921586899966,0.0,1.2130886446715408,60563.43437483089,0
2026-03-16,fixed_exposure_matched,598.9656982421875,0.011217471974352744,0.1616871704745167,0.1616871704745167,4726694.417993557,0.0,7642.458461430707,4680454.567000982,4672812.1085395515,0.011235761940726396,0.16355158914830184,0.0,1.2130886446715408,61242.78712958523,0
2026-03-17,fixed_exposure_matched,601.8887939453125,0.0048802389046711525,0.1616871704745167,0.1616871704745167,4726694.417993557,0.0,7642.458461430707,4703295.090381762,4695652.631920331,0.004887961007256969,0.16275604395177018,0.0,1.2130886446715408,61541.65068894965,0
2026-03-18,fixed_exposure_matched,593.4986572265625,-0.013939679228373136,0.1616871704745167,0.1616871704745167,4726694.417993557,0.0,7642.458461430707,4637731.452416813,4630088.993955382,-0.013962625241751736,0.16506072499703564,0.0,1.2130886446715408,60683.76394614523,0
2026-03-19,fixed_exposure_matched,591.623046875,-0.003160260480330801,0.1616871704745167,0.1616871704745167,4726694.417993557,0.0,7642.458461430707,4623073.799900709,4615431.341439278,-0.003165738830342102,0.16558492361945698,0.0,1.2130886446715408,60491.97157213264,0
2026-03-20,fixed_exposure_matched,580.6888427734375,-0.018481707498242073,0.1616871704745167,0.1616871704745167,4726694.417993557,0.0,7642.458461430707,4537630.289099513,4529987.830638082,-0.018512573252698727,0.16870814552175545,0.0,1.2130886446715408,59373.960774528634,0
2026-03-23,fixed_exposure_matched,587.3545532226562,0.011478971108489944,0.1616871704745167,0.1616871704745167,4726694.417993557,0.0,7642.458461430707,4589716.40300045,4582073.944539019,0.01149806927706476,0.16679037819848147,0.0,1.2130886446715408,60055.49688184018,0
2026-03-24,fixed_exposure_matched,583.3389282226562,-0.006836798962342794,0.1616871704745167,0.1616871704745167,4726694.417993557,0.0,7642.458461430707,4558336.221570324,4550693.763108893,-0.006848466831820721,0.16794051323307715,0.0,1.2130886446715408,59644.893650059574,0
2026-03-25,fixed_exposure_matched,587.1747436523438,0.006575620525403059,0.1616871704745167,0.1616871704745167,4726694.417993557,0.0,7642.458461430707,4588308.897701926,4580666.439240495,0.006586397084018536,0.16684162802078814,0.0,1.2130886446715408,60037.07996396451,0
2026-03-26,fixed_exposure_matched,573.1600952148438,-0.023867934697473725,0.1616871704745167,0.1616871704745167,4726694.417993557,0.0,7642.458461430707,4478794.227471094,4471151.769009663,-0.023908021176278882,0.1709281826307469,0.0,1.2130886446715408,58604.102986941725,0
2026-03-27,fixed_exposure_matched,561.9624633789062,-0.019536656388718376,0.1616871704745167,0.1616871704745167,4726694.417993557,0.0,7642.458461430707,4391292.350524571,4383649.89206314,-0.019570321355006026,0.17434007390206582,0.0,1.2130886446715408,57459.15889090091,0
2026-03-30,fixed_exposure_matched,557.6671752929688,-0.007643371872404492,0.1616871704745167,0.1616871704745167,4726694.417993557,0.0,7642.458461430707,4357726.857000422,4350084.398538991,-0.007656974062851485,0.17568529162324956,0.0,1.2130886446715408,57019.9612990063,0
2026-03-31,fixed_exposure_matched,576.54638671875,0.03385390473424077,0.1616871704745167,0.1616871704745167,4726694.417993557,0.0,7642.458461430707,4505251.713786512,4497609.255325081,0.0339131021999568,0.16992268620005588,0.0,1.2130886446715408,58950.29376375708,0
2026-04-01,fixed_exposure_matched,583.6685791015625,0.012353199234057088,0.1616871704745167,0.1616871704745167,4497609.255325081,-370.4013174956017,7272.057143935105,4560529.59206907,4553257.534925135,0.01237285776530439,0.15971108790038324,0.2592809222469212,1.1542947847516039,62713.06044222371,-1
2026-04-02,fixed_exposure_matched,584.3378295898438,0.0011466275764089318,0.1616871704745167,0.1616871704745167,4497609.255325081,0.0,7272.057143935105,4565757.66676758,4558485.609623645,0.0011482053581219898,0.15952791709120906,0.0,1.1542947847516039,62784.95309371189,0
2026-04-06,fixed_exposure_matched,587.85400390625,0.006017365534718655,0.1616871704745167,0.1616871704745167,4497609.255325081,0.0,7272.057143935105,4593230.34529668,4585958.288152745,0.0060267116937038345,0.15857224787066998,0.0,1.1542947847516039,63162.73723354104,0
2026-04-07,fixed_exposure_matched,587.9439086914062,0.00015293726768694782,0.1616871704745167,0.1616871704745167,4497609.255325081,0.0,7272.057143935105,4593931.667100761,4586659.609956826,0.00015292808176936568,0.1585480014289431,0.0,1.1542947847516039,63172.381296977284,0
2026-04-08,fixed_exposure_matched,605.4246826171875,0.029732043596962132,0.1616871704745167,0.1616871704745167,4497609.255325081,0.0,7272.057143935105,4730517.4894136805,4723245.4322697455,0.029778931494374605,0.15396314352524623,0.0,1.1542947847516039,65050.60941880705,0
2026-04-09,fixed_exposure_matched,609.5202026367188,0.006764706060259584,0.1616871704745167,0.1616871704745167,4497609.255325081,0.0,7272.057143935105,4762516.895447696,4755244.838303761,0.006774876828417931,0.1529270813851325,0.0,1.1542947847516039,65490.64179755015,0
2026-04-10,fixed_exposure_matched,610.3992309570312,0.0014421643720912147,0.1616871704745167,0.1616871704745167,4497609.255325081,0.0,7272.057143935105,4769384.073341007,4762112.016197072,0.0014441270905751757,0.15270655371400577,0.0,1.1542947847516039,65585.07419484008,0
2026-04-13,fixed_exposure_matched,616.7122802734375,0.010342492251355084,0.1616871704745167,0.1616871704745167,4497609.255325081,0.0,7272.057143935105,4818710.236868488,4811438.179724553,0.010358043523485128,0.15114102836402687,0.0,1.1542947847516039,66263.37144348888,0
2026-04-14,fixed_exposure_matched,627.909912109375,0.01815697886050316,0.1616871704745167,0.1616871704745167,4497609.255325081,0.0,7272.057143935105,4906202.302479414,4898930.245335479,0.018184181598678517,0.14844173686406742,0.0,1.1542947847516039,67466.4982049981,0
2026-04-15,fixed_exposure_matched,636.7003173828125,0.013999468879074328,0.1616871704745167,0.1616871704745167,4497609.255325081,0.0,7272.057143935105,4974885.374632632,4967613.317488697,0.014020014312025486,0.14638935599784939,0.0,1.1542947847516039,68410.97747398322,0
2026-04-16,fixed_exposure_matched,639.7669067382812,0.004816377928118731,0.1616871704745167,0.1616871704745167,4497609.255325081,0.0,7272.057143935105,4998845.1484511485,4991573.0913072135,0.004823196228692872,0.1456866805496515,0.0,1.1542947847516039,68740.45472291406,0
2026-04-17,fixed_exposure_matched,648.1376953125,0.013084122492198702,0.1616871704745167,0.1616871704745167,4497609.255325081,0.0,7272.057143935105,5064249.496398231,5056977.439254296,0.0131029530672373,0.14380244387658264,0.0,1.1542947847516039,69639.84737966223,0
2026-04-20,fixed_exposure_matched,646.0799560546875,-0.003174848913578998,0.1616871704745167,0.1616871704745167,4497609.255325081,0.0,7272.057143935105,5048170.115091713,5040898.057947778,-0.003179642681753525,0.1442611427634318,0.0,1.1542947847516039,69418.73551285123,0
2026-04-21,fixed_exposure_matched,643.6226806640625,-0.00380336112828894,0.1616871704745167,0.1616871704745167,4497609.255325081,0.0,7272.057143935105,5028968.9468121985,5021696.8896682635,-0.00380907688645693,0.14481274564573532,0.0,1.1542947847516039,69154.6951196108,0
2026-04-22,fixed_exposure_matched,654.390869140625,0.01673059200687632,0.1616871704745167,0.1616871704745167,4497609.255325081,0.0,7272.057143935105,5113105.420181779,5105833.363037844,0.016754590175023232,0.1424264488649197,0.0,1.1542947847516039,70311.67823600105,0
2026-04-23,fixed_exposure_matched,650.7048950195312,-0.005632679633709281,0.1616871704745167,0.1616871704745167,4497609.255325081,0.0,7272.057143935105,5084303.781121728,5077031.723977793,-0.005640928133015866,0.143234423956633,0.0,1.1542947847516039,69915.61920497334,0
2026-04-24,fixed_exposure_matched,663.1512451171875,0.019127488040923124,0.1616871704745167,0.1616871704745167,4497609.255325081,0.0,7272.057143935105,5181552.586596769,5174280.529452834,0.019154657832007427,0.14054238270502323,0.0,1.1542947847516039,71252.91350217433,0
2026-04-27,fixed_exposure_matched,663.5008544921875,0.0005271940263615882,0.1616871704745167,0.1616871704745167,4497609.255325081,0.0,7272.057143935105,5184283.115872917,5177011.058728982,0.0005277118742605946,0.14046825593840787,0.0,1.1542947847516039,71290.46173951766,0
2026-04-28,fixed_exposure_matched,656.8281860351562,-0.010056759402575555,0.1616871704745167,0.1616871704745167,4497609.255325081,0.0,7272.057143935105,5132144.873606963,5124872.816463028,-0.010071108922597993,0.14189731929687133,0.0,1.1542947847516039,70573.49484508894,0
2026-04-29,fixed_exposure_matched,660.84375,0.006113568281962856,0.1616871704745167,0.1616871704745167,4497609.255325081,0.0,7272.057143935105,5163519.437429899,5156247.380285964,0.006122018037628019,0.14103390717323958,0.0,1.1542947847516039,71004.93485170526,0
2026-04-30,fixed_exposure_matched,667.0069580078125,0.00932627116139395,0.1616871704745167,0.1616871704745167,4497609.255325081,0.0,7272.057143935105,5211674.665555714,5204402.608411779,0.009339200502661571,0.13972895048860007,0.0,1.1542947847516039,71667.13025491349,0
2026-05-01,fixed_exposure_matched,673.4099731445312,0.009599622702352262,0.1616871704745167,0.1616871704745167,5204402.608411779,1142.7941737078409,8414.851317642946,5262856.397233177,5254441.545915534,0.009614732231299383,0.16014739614306134,0.7999559215954886,1.3356906853401502,62542.47637387058,1
2026-05-04,fixed_exposure_matched,672.141357421875,-0.0018838683316975136,0.1616871704745167,0.1616871704745167,5204402.608411779,0.0,8414.851317642946,5252940.533041473,5244525.681723829,-0.0018871394999935287,0.1604501880306754,0.0,1.3356906853401502,62424.638710228035,0
2026-05-05,fixed_exposure_matched,680.8617553710938,0.012974053527471385,0.1616871704745167,0.1616871704745167,5204402.608411779,0.0,8414.851317642946,5321091.129003091,5312676.277685448,0.012994615737913273,0.15839194556211528,0.0,1.3356906853401502,63234.52344127172,0
2026-05-06,fixed_exposure_matched,695.0062255859375,0.02077436440402569,0.1616871704745167,0.1616871704745167,5204402.608411779,0.0,8414.851317642946,5431632.0794533435,5423217.2281357,0.020807017908196723,0.1551634567390482,0.0,1.3356906853401502,64548.16460113972,0
2026-05-07,fixed_exposure_matched,694.1771240234375,-0.001192941202506459,0.1616871704745167,0.1616871704745167,5204402.608411779,0.0,8414.851317642946,5425151.126058222,5416736.274740579,-0.001195038502514456,0.15534910490073572,0.0,1.3356906853401502,64471.14656302497,0
2026-05-08,fixed_exposure_matched,710.44921875,0.023440839756069476,0.1616871704745167,0.1616871704745167,5204402.608411779,0.0,8414.851317642946,5552319.888565927,5543905.037248284,0.023477008304930935,0.15178563234949738,0.0,1.3356906853401502,65982.38850548303,0
2026-05-11,fixed_exposure_matched,712.5069580078125,0.0028963917525772764,0.1616871704745167,0.1616871704745167,5204402.608411779,0.0,8414.851317642946,5568400.246408154,5559985.395090511,0.0029005471295391327,0.1513466442748805,0.0,1.3356906853401502,66173.48347834978,0
2026-05-12,fixed_exposure_matched,706.463623046875,-0.008481790799397704,0.1616871704745167,0.1616871704745167,5204402.608411779,0.0,8414.851317642946,5521168.90474012,5512754.053422477,-0.008494867937915651,0.1526433291980215,0.0,1.3356906853401502,65612.19796200315,0
2026-05-13,fixed_exposure_matched,713.9254760742188,0.010562260792936318,0.1616871704745167,0.1616871704745167,5204402.608411779,0.0,8414.851317642946,5579483.594903151,5571068.743585507,0.010578141088450455,0.1510455480796526,0.0,1.3356906853401502,66305.19523505973,0
2026-05-14,fixed_exposure_matched,718.9998168945312,0.00710766178035227,0.1616871704745167,0.1616871704745167,5204402.608411779,0.0,8414.851317642946,5619139.34151406,5610724.490196417,0.007118157832205707,0.14997798113855282,0.0,1.3356906853401502,66776.45426405488,0
2026-05-15,fixed_exposure_matched,708.1517944335938,-0.015087656778261405,0.1616871704745167,0.1616871704745167,5204402.608411779,0.0,8414.851317642946,5534358.360049385,5525943.508731741,-0.015110523001586107,0.15227899641656376,0.0,1.3356906853401502,65768.93816823367,0
2026-05-18,fixed_exposure_matched,705.1051025390625,-0.004302314727548051,0.1616871704745167,0.1616871704745167,5204402.608411779,0.0,8414.851317642946,5510546.47287873,5502131.621561087,-0.004309107961930625,0.1529380228685887,0.0,1.3356906853401502,65485.9636239214,0
2026-05-19,fixed_exposure_matched,700.7599487304688,-0.006162420032059024,0.1616871704745167,0.1616871704745167,5204402.608411779,0.0,8414.851317642946,5476586.835215984,5468171.983898341,-0.0061720874741835186,0.15388783202908468,0.0,1.3356906853401502,65082.39573685077,0
2026-05-20,fixed_exposure_matched,712.3671875,0.016563787343382597,0.1616871704745167,0.1616871704745167,5204402.608411779,0.0,8414.851317642946,5567298.519231385,5558883.667913741,0.01658903273022716,0.1513766399936384,0.0,1.3356906853401502,66160.39082661796,0
2026-05-21,fixed_exposure_matched,713.7256469726562,0.001906965251198045,0.1616871704745167,0.1616871704745167,5204402.608411779,0.0,8414.851317642946,5577913.82835992,5569498.977042276,0.0019096116707402189,0.15108812035569696,0.0,1.3356906853401502,66286.54051991414,0
2026-05-22,fixed_exposure_matched,716.7523193359375,0.004240666390677106,0.1616871704745167,0.1616871704745167,5204402.608411779,0.0,8414.851317642946,5601566.564371253,5593151.71305361,0.004246833711404108,0.15044918767363122,0.0,1.3356906853401502,66567.62375143531,0
2026-05-26,fixed_exposure_matched,729.4783935546875,0.01775519084548005,0.1616871704745167,0.1616871704745167,5204402.608411779,0.0,8414.851317642946,5701022.112064639,5692607.260746996,0.01778166457764252,0.14782068975084592,0.0,1.3356906853401502,67749.52874225628,0
2026-05-27,fixed_exposure_matched,728.6492919921875,-0.0011365676760621835,0.1616871704745167,0.1616871704745167,5204402.608411779,0.0,8414.851317642946,5694541.178920865,5686126.327603222,-0.0011384823942559574,0.14798917281864046,0.0,1.3356906853401502,67672.51094480351,0
2026-05-28,fixed_exposure_matched,734.79248046875,0.008430926296197239,0.1616871704745167,0.1616871704745167,5204402.608411779,0.0,8414.851317642946,5742550.1002003215,5734135.248882678,0.00844316825083502,0.1467501367234513,0.0,1.3356906853401502,68243.03702384188,0
2026-05-29,fixed_exposure_matched,737.49951171875,0.0036840758744198787,0.1616871704745167,0.1616871704745167,5204402.608411779,0.0,8414.851317642946,5763704.754791431,5755289.903473788,0.003689249324077437,0.14621072889071834,0.0,1.3356906853401502,68494.43367712268,0
2026-06-01,fixed_exposure_matched,741.9246826171875,0.00600023569930852,0.1616871704745167,0.1616871704745167,5755289.903473788,890.7140798893652,9305.565397532311,5799182.29608084,5789876.730683307,0.0060095716792030185,0.16072130427609452,0.6234998559225556,1.4770738726241763,62319.50503102897,1
2026-06-02,fixed_exposure_matched,745.3408813476562,0.004604508800567064,0.1616871704745167,0.1616871704745167,5755289.903473788,0.0,9305.565397532311,5825883.204925364,5816577.639527831,0.004611654113985342,0.15998351563803254,0.0,1.4770738726241763,62606.439867375455,0
2026-06-03,fixed_exposure_matched,743.39306640625,-0.002613320951729392,0.1616871704745167,0.1616871704745167,5755289.903473788,0.0,9305.565397532311,5810656.825209731,5801351.259812199,-0.0026177557765512116,0.1604034125979393,0.0,1.4770738726241763,62442.81327334097,0
2026-06-04,fixed_exposure_matched,739.7969970703125,-0.004837372714978083,0.1616871704745167,0.1616871704745167,5755289.903473788,0.0,9305.565397532311,5782547.035353488,5773241.469955956,-0.0048453866344843055,0.1611844134003164,0.0,1.4770738726241763,62140.738239150174,0
2026-06-05,fixed_exposure_matched,704.2860107421875,-0.04800098739080161,0.1616871704745167,0.1616871704745167,5755289.903473788,0.0,9305.565397532311,5504977.590948896,5495672.025551363,-0.048078613349029076,0.16932534100047053,0.0,1.4770738726241763,59157.90557346175,0
2026-06-08,fixed_exposure_matched,715.283935546875,0.015615708159669062,0.1616871704745167,0.1616871704745167,5755289.903473788,0.0,9305.565397532311,5590940.237360799,5581634.671963266,0.015641880740377534,0.16671756473555088,0.0,1.4770738726241763,60081.682289218326,0
2026-06-09,fixed_exposure_matched,707.052978515625,-0.01150725833784727,0.1616871704745167,0.1616871704745167,5755289.903473788,0.0,9305.565397532311,5526602.36662415,5517296.801226618,-0.011526707589771035,0.16866167858621411,0.0,1.4770738726241763,59390.29097672795,0
2026-06-10,fixed_exposure_matched,692.9285278320312,-0.019976509699805467,0.1616871704745167,0.1616871704745167,5755289.903473788,0.0,9305.565397532311,5416198.663766443,5406893.09836891,-0.020010470133338232,0.17210559240277024,0.0,1.4770738726241763,58203.8643799412,0
2026-06-11,fixed_exposure_matched,716.332763671875,0.03377582954055702,0.1616871704745167,0.1616871704745167,5755289.903473788,0.0,9305.565397532311,5599133.789517739,5589828.224120206,0.033833686448596856,0.16647319066762434,0.0,1.4770738726241763,60169.73230882393,0
2026-06-12,fixed_exposure_matched,720.5481567382812,0.005884685554236491,0.1616871704745167,0.1616871704745167,5755289.903473788,0.0,9305.565397532311,5632081.4541712785,5622775.888773746,0.0058942177348795255,0.16549771112363743,0.0,1.4770738726241763,60523.79639032807,0
2026-06-15,fixed_exposure_matched,743.1832885742188,0.03141376689991193,0.1616871704745167,0.1616871704745167,5755289.903473788,0.0,9305.565397532311,5809004.871060059,5799699.305662527,0.031465493270329326,0.16044910101540674,0.0,1.4770738726241763,62425.060949015686,0
2026-06-16,fixed_exposure_matched,729.0587768554688,-0.019005421591015037,0.1616871704745167,0.1616871704745167,5755289.903473788,0.0,9305.565397532311,5698600.80738743,5689295.241989898,-0.01903617030021476,0.16356270859090766,0.0,1.4770738726241763,61238.630474818965,0
2026-06-17,fixed_exposure_matched,721.7168579101562,-0.010070407460121666,0.1616871704745167,0.1616871704745167,5755289.903473788,0.0,9305.565397532311,5641212.098230588,5631906.532833056,-0.010087138514676464,0.1652294004398413,0.0,1.4770738726241763,60621.91664062184,0
2026-06-18,fixed_exposure_matched,739.8070068359375,0.02506543768170255,0.1616871704745167,0.1616871704745167,5755289.903473788,0.0,9305.565397532311,5782610.071454181,5773304.506056649,0.025106590885212166,0.1611826535006086,0.0,1.4770738726241763,62141.41564130685,0
2026-06-22,fixed_exposure_matched,737.9500122070312,-0.002510106841037363,0.1616871704745167,0.1616871704745167,5755289.903473788,0.0,9305.565397532311,5768093.6252809,5758788.059883367,-0.0025144085433311814,0.16158895414742483,0.0,1.4770738726241763,61985.41817577798,0
2026-06-23,fixed_exposure_matched,713.6500244140625,-0.03292904314791367,0.1616871704745167,0.1616871704745167,5755289.903473788,0.0,9305.565397532311,5578154.344338947,5568848.778941414,-0.032982509334750554,0.16710034276242658,0.0,1.4770738726241763,59944.28179311045,0
2026-06-24,fixed_exposure_matched,710.6199951171875,-0.00424581964999271,0.1616871704745167,0.1616871704745167,5755289.903473788,0.0,9305.565397532311,5554469.029939188,5545163.464541655,-0.004253179667820239,0.16781408622191948,0.0,1.4770738726241763,59689.75331055268,0
2026-06-25,fixed_exposure_matched,716.3800048828125,0.008105611726665796,0.1616871704745167,0.1616871704745167,5755289.903473788,0.0,9305.565397532311,5599489.9221697925,5590184.35677226,0.00811894771335231,0.16646258519647983,0.0,1.4770738726241763,60173.55940193262,0
2026-06-26,fixed_exposure_matched,706.52001953125,-0.013763624451209266,0.1616871704745167,0.1616871704745167,5755289.903473788,0.0,9305.565397532311,5522419.168688844,5513113.603291311,-0.013786799962613117,0.1687896543974156,0.0,1.4770738726241763,59345.337255416016,0
2026-06-29,fixed_exposure_matched,724.0800170898438,0.024854210883145544,0.1616871704745167,0.1616871704745167,5755289.903473788,0.0,9305.565397532311,5659673.062218689,5650367.496821157,0.024895894299712173,0.16468956050677294,0.0,1.4770738726241763,60820.30290947765,0
2026-06-30,fixed_exposure_matched,736.4000244140625,0.017014704222517052,0.1616871704745167,0.1616871704745167,5755289.903473788,0.0,9305.565397532311,5755969.248294615,5746663.6828970825,0.01704246425212186,0.16192987637726294,0.0,1.4770738726241763,61855.12650119043,0
2026-07-01,fixed_exposure_matched,725.1699829101562,-0.015249920059198452,0.1616871704745167,0.1616871704745167,5746663.6828970825,-13.947491969365728,9291.617905562945,5668175.958126746,5658884.340221183,-0.015274835542776533,0.16419522554157331,0.00976324437855601,1.4748599850099913,61003.11071480002,-1
2026-07-02,fixed_exposure_matched,712.5999755859375,-0.017333877050142776,0.1616871704745167,0.1616871704745167,5746663.6828970825,0.0,9291.617905562945,5569923.018110017,5560631.400204455,-0.01736259907600246,0.16709645428433376,0.0,1.4748599850099913,59945.674420977564,0
2026-07-06,fixed_exposure_matched,722.8200073242188,0.014341891788415717,0.1616871704745167,0.1616871704745167,5746663.6828970825,0.0,9291.617905562945,5649804.776445572,5640513.1585400095,0.01436559134860449,0.1647300102738877,0.0,1.4748599850099913,60805.392923690946,0
2026-07-07,fixed_exposure_matched,709.4299926757812,-0.0185246873533641,0.1616871704745167,0.1616871704745167,5746663.6828970825,0.0,9291.617905562945,5545142.43449439,5535850.816588827,-0.018555464548951184,0.16784444186464564,0.0,1.4748599850099913,59678.97615736525,0
2026-07-08,fixed_exposure_matched,711.4400024414062,0.0028332742996159954,0.1616871704745167,0.1616871704745167,5746663.6828970825,0.0,9291.617905562945,5560851.869181769,5551560.251276206,0.0028377633733018826,0.16736948686501177,0.0,1.4748599850099913,59848.04719372344,0
2026-07-09,fixed_exposure_matched,723.280029296875,0.01664234062582648,0.1616871704745167,0.1616871704745167,5746663.6828970825,0.0,9291.617905562945,5653395.9852984715,5644104.367392909,0.016669929160082253,0.16462519650136934,0.0,1.4748599850099913,60844.04290789606,0
2026-07-10,fixed_exposure_matched,725.510009765625,0.0030831495111482976,0.1616871704745167,0.1616871704745167,5746663.6828970825,0.0,9291.617905562945,5670824.775506888,5661533.157601325,0.003087963842253849,0.16411840480149395,0.0,1.4748599850099913,61031.618316027954,0
2026-07-13,fixed_exposure_matched,711.739990234375,-0.01897977883957569,0.1616871704745167,0.1616871704745167,5746663.6828970825,0.0,9291.617905562945,5563192.300569796,5553900.682664233,-0.019011188655246425,0.1672989568316463,0.0,1.4748599850099913,59873.235825152486,0
2026-07-14,fixed_exposure_matched,719.6900024414062,0.011169826504217273,0.1616871704745167,0.1616871704745167,5746663.6828970825,0.0,9291.617905562945,5625330.718516774,5616039.100611211,0.01118824795353901,0.16544788487230636,0.0,1.4748599850099913,60541.993608549645,0
2026-07-15,fixed_exposure_matched,717.739990234375,-0.002709516875899598,0.1616871704745167,0.1616871704745167,5746663.6828970825,0.0,9291.617905562945,5610087.315142452,5600795.697236889,-0.0027142623299512003,0.16589817604214516,0.0,1.4748599850099913,60377.938182150814,0
2026-07-16,fixed_exposure_matched,705.9400024414062,-0.01644047698821338,0.1616871704745167,0.1616871704745167,5746663.6828970825,0.0,9291.617905562945,5517853.328876,5508561.710970437,-0.01646801477010751,0.16867593381151486,0.0,1.4748599850099913,59385.280205855524,0
2026-07-17,fixed_exposure_matched,695.3300170898438,-0.015029585113280453,0.1616871704745167,0.1616871704745167,5746663.6828970825,0.0,9291.617905562945,5434920.8077670755,5425629.189861513,-0.015055204145895673,0.17125420076487222,0.0,1.4748599850099913,58492.72820950974,0
2026-07-20,fixed_exposure_matched,696.0599975585938,0.001049833101992581,0.1616871704745167,0.1616871704745167,5746663.6828970825,0.0,9291.617905562945,5440625.092677793,5431333.474772231,0.0010513591532161914,0.17107434019143153,0.0,1.4748599850099913,58554.11993879408,0
2026-07-21,fixed_exposure_matched,708.969970703125,0.018547213156642428,0.1616871704745167,0.1616871704745167,5746663.6828970825,0.0,9291.617905562945,5541532.051117081,5532240.433211518,0.018578671132602365,0.16795397846020715,0.0,1.4748599850099913,59640.11980948263,0
2026-07-22,fixed_exposure_matched,705.3499755859375,-0.005105992167196205,0.1616871704745167,0.1616871704745167,5746663.6828970825,0.0,9291.617905562945,5513235.557009826,5503943.939104264,-0.00511483447779737,0.16881745178304094,0.0,1.4748599850099913,59335.58195186891,0
2026-07-23,fixed_exposure_matched,691.9600219726562,-0.01898341826999872,0.1616871704745167,0.1616871704745167,5746663.6828970825,0.0,9291.617905562945,5408574.025550095,5399282.407644533,-0.019015733557192438,0.17208986683873914,0.0,1.4748599850099913,58209.173908366916,0
