,expected_net_return_60d,probability_positive,model_train_end,price_to_ma200,ma50_to_ma200,drawdown_60d,momentum_20d
2012-01-03,,,,,,,
2012-01-04,,,,,,,
2012-01-05,,,,,,,
2012-01-06,,,,,,,
2012-01-09,,,,,,,
2012-01-10,,,,,,,
2012-01-11,,,,,,,
2012-01-12,,,,,,,
2012-01-13,,,,,,,
2012-01-17,,,,,,,
2012-01-18,,,,,,,
2012-01-19,,,,,,,
2012-01-20,,,,,,,
2012-01-23,,,,,,,
2012-01-24,,,,,,,
2012-01-25,,,,,,,
2012-01-26,,,,,,,
2012-01-27,,,,,,,
2012-01-30,,,,,,,
2012-01-31,,,,,,,
2012-02-01,,,,,,,0.0724080330895902
2012-02-02,,,,,,,0.07122872598377783
2012-02-03,,,,,,,0.07707019849319074
2012-02-06,,,,,,,0.07247873796446269
2012-02-07,,,,,,,0.078271745187112
2012-02-08,,,,,,,0.07615404741083465
2012-02-09,,,,,,,0.08167120858896348
2012-02-10,,,,,,,0.06987471203961926
2012-02-13,,,,,,,0.08370547139264994
2012-02-14,,,,,,,0.07664789945669859
2012-02-15,,,,,,,0.055135390447184074
2012-02-16,,,,,,,0.0629805865317481
2012-02-17,,,,,,,0.06123536988295908
2012-02-21,,,,,,,0.06389020596350203
2012-02-22,,,,,,,0.06099190481752448
2012-02-23,,,,,,,0.05477417231966042
2012-02-24,,,,,,,0.062105569736328414
2012-02-27,,,,,,,0.06043045102728262
2012-02-28,,,,,,,0.07030579079475419
2012-02-29,,,,,,,0.0641006431041613
2012-03-01,,,,,,,0.06391316115501255
2012-03-02,,,,,,,0.05979426775447494
2012-03-05,,,,,,,0.03464953584894359
2012-03-06,,,,,,,0.02532253460238354
2012-03-07,,,,,,,0.031063455181417954
2012-03-08,,,,,,,0.036663617069841115
2012-03-09,,,,,,,0.03354007887429922
2012-03-12,,,,,,,0.04129992269953342
2012-03-13,,,,,,,0.050912106135986734
2012-03-14,,,,,,,0.05189059583646172
2012-03-15,,,,,,,0.06229100013134903
2012-03-16,,,,,,,0.04719312772090323
2012-03-19,,,,,,,0.05791740265392553
2012-03-20,,,,,,,0.05681383644109261
2012-03-21,,,,,,,0.06181220857928671
2012-03-22,,,,,,,0.052614796350497706
2012-03-23,,,,,,,0.04836842066880531
2012-03-26,,,,,,,0.06519302705463681
2012-03-27,,,,,,,0.05604027643085696
2012-03-28,,,,,,-0.003958611630085707,0.056595528569765685
2012-03-29,,,,,,-0.007770385607811514,0.04428347405454591
2012-03-30,,,,,,-0.009676114570789318,0.04308105519853611
2012-04-02,,,,,,0.0,0.06488854989501114
2012-04-03,,,,,,-0.00029280837981571217,0.07512708716171002
2012-04-04,,,,,,-0.013918853227193773,0.052361556408113685
2012-04-05,,,,,,-0.007765202424718676,0.0476442797015606
2012-04-09,,,,,,-0.01523822820291143,0.035436284068693924
2012-04-10,,,,,,-0.031062073165454396,0.0183283269306751
2012-04-11,,,,,,-0.02637385407529569,0.004569453920142852
2012-04-12,,,,,,-0.01523822820291143,0.01254429078908137
2012-04-13,,,,,,-0.030182700426072517,-0.005663338714898769
2012-04-16,,,,,,-0.04102551791864095,-0.016085392082120675
2012-04-17,,,,,,-0.021538251608629877,-0.003134856766323857
2012-04-18,,,,,,-0.024029175970255445,-0.007450722826956024
2012-04-19,,,,,,-0.035018176546080415,-0.018772643090327223
2012-04-20,,,,,,-0.03765534716429142,-0.019408228154067952
2012-04-23,,,,,,-0.04644667397160929,-0.0277861080860069
2012-04-24,,,,,,-0.05157476895144597,-0.049625564956989665
2012-04-25,,,,,,-0.02637385407529569,-0.025803225030187726
2012-04-26,,,,,,-0.02065919473589284,-0.016190697459829928
2012-04-27,,,,,,-0.014798541833220491,-0.006501260347026028
2012-04-30,,,,,,-0.021830933641787675,-0.011694686609500238
2012-05-01,,,,,,-0.02021919249955695,-0.02021919249955695
2012-05-02,,,,,,-0.017435649278102594,-0.01714786193595763
2012-05-03,,,,,,-0.027838590880993164,-0.014116219237488958
2012-05-04,,,,,,-0.05201451849446581,-0.0445956100087187
2012-05-07,,,,,,-0.05113527210174196,-0.03645251565088892
2012-05-08,,,,,,-0.05465175228600583,-0.024345913672320973
2012-05-09,,,,,,-0.05758217349733552,-0.03205369900209454
2012-05-10,,,,,,-0.05948710205935581,-0.04493358203344411
2012-05-11,,,,,,-0.059633601009257076,-0.030367472921057792
2012-05-14,,,,,,-0.06842454877660109,-0.02857117824292177
2012-05-15,,,,,,-0.071501784804477,-0.051063348442582646
2012-05-16,,,,,,-0.07780206090351127,-0.05509681602082095
2012-05-17,,,,,,-0.09728913769353542,-0.06453070890451718
2012-05-18,,,,,,-0.10901069619219605,-0.07414739492513855
2012-05-21,,,,,,-0.08410246334920357,-0.03948996699999252
2012-05-22,,,,,,-0.08512808234517089,-0.03537792152221564
2012-05-23,,,,,,-0.08336971590638087,-0.05853978148558581
2012-05-24,,,,,,-0.0893769309322836,-0.07016733687294796
2012-05-25,,,,,,-0.09054930157146812,-0.07688859888535016
2012-05-29,,,,,,-0.07897392615606402,-0.05841831895893368
2012-05-30,,,,,,-0.08673957079408556,-0.06789312240584844
2012-05-31,,,,,,-0.09069567417471147,-0.07456002738424639
2012-06-01,,,,,,-0.11487147544152632,-0.08952513825806374
2012-06-04,,,,,,-0.10813151297280099,-0.05919604843442694
2012-06-05,,,,,,-0.10446866018529366,-0.056207577872227965
2012-06-06,,,,,,-0.08395602757263121,-0.030998391711718698
2012-06-07,,,,,,-0.08761881718680953,-0.031871896779521625
2012-06-08,,,,,,-0.07882755355282067,-0.020563728084764032
2012-06-11,,,,,,-0.09435877965553474,-0.0369272856660412
2012-06-12,,,,,,-0.08336971590638087,-0.016042894979846234
2012-06-13,,,,,,-0.08966992883208624,-0.019567236350350403
2012-06-14,,,,,,-0.08630026346436848,-0.009215161084813572
2012-06-15,,,,,,-0.07494833211356167,0.02474857289618959
2012-06-18,,,,,,-0.06628354148418791,0.04795473360387814
2012-06-19,,,,,,-0.05659117348564846,0.03003751922311837
2012-06-20,,,,,,-0.055856720362943424,0.03199503823142957
2012-06-21,,,,,,-0.0793538505565412,0.004381117904925791
2012-06-22,,,,,,-0.0696611035180279,0.021650920214925318
2012-06-25,,,,,,-0.08757769134964444,0.0032674780798545022
2012-06-26,,,,,,-0.08185058686443292,-0.003123321684437186
2012-06-27,,,,,,-0.0759991734508364,0.011464245929698746
2012-06-28,,,,,,-0.0794010981153972,0.004559462785403312
2012-06-29,,,,,,-0.0503919830623486,0.06451672533320152
2012-07-02,,,,,,-0.040780785795024754,0.05960035844109157
2012-07-03,,,,,,-0.03273107156222055,0.0641221768224145
2012-07-05,,,,,,-0.032134670564273216,0.04093511072663358
2012-07-06,,,,,,-0.044209017485623114,0.032075943053096134
2012-07-09,,,,,,-0.04599777162375218,0.020313178184634184
2012-07-10,,,,,,-0.055388859093419174,0.0275948714743548
2012-07-11,,,,,,-0.06060571667765724,0.009668384061577218
2012-07-12,,,,,,-0.06940065963835562,0.007137802134872917
2012-07-13,,,,,,-0.0552395825077594,0.018692797768266933
2012-07-16,,,,,,-0.05792284195944242,0.0033339996324541765
2012-07-17,,,,,,-0.05300376807958751,-0.0007865235132979986
2012-07-18,,,,,,-0.0401839359413646,0.0023355297366212113
2012-07-19,,,,,,-0.0296005594537605,0.012599426855951723
2012-07-20,,,,,,-0.04242039159198352,0.024724675256235118
2012-07-23,,,,,,-0.05404742173431176,0.0017358867699883707
2012-07-24,,,,,,-0.058981443881197415,0.013358921460176587
2012-07-25,,,,,,-0.06525888631397192,0.0003200811569488149
2012-07-26,,,,,,-0.05285361438362168,0.007471880343774107
2012-07-27,,,,,,-0.020058815521293294,0.042925968930031644
2012-07-30,,,,,,-0.004301228030238691,0.010286916675237512
2012-07-31,,,,,,-0.004608293408336461,0.006993543182411743
2012-08-01,,,,,,-0.007526835181485447,-0.004314750963289815
2012-08-02,,,,,,-0.011060300649185284,-0.008471011619467617
2012-08-03,,,,,,0.0,0.02308174361822335
2012-08-06,,,,,,0.0,0.032812432050911555
2012-08-07,,,,,,0.0,0.05176007919404335
2012-08-08,,,,,,-0.00045011233445912957,0.05712491279041787
2012-08-09,,,,,,0.0,0.07031864216744088
2012-08-10,,,,,,0.0,0.05490704022923176
2012-08-13,,,,,,0.0,0.06044285784003467
2012-08-14,,,,,,0.0,0.05540678277917488
2012-08-15,,,,,,0.0,0.04395059369537502
2012-08-16,,,,,,0.0,0.0448539457108148
2012-08-17,,,,,,0.0,0.06351190468617296
2012-08-20,,,,,,0.0,0.07815944476842329
2012-08-21,,,,,,-0.00394577552920039,0.08243342387201191
2012-08-22,,,,,,0.0,0.0941795372359091
2012-08-23,,,,,,-0.008182959539322243,0.0710121386199869
2012-08-24,,,,,,-0.002045551296819159,0.05272095423151302
2012-08-27,,,,,,-0.0004384042637989305,0.05522954785389267
2012-08-28,,,,,,-0.0004384042637989305,0.05555507242672775
2012-08-29,,,,,,-0.0004384042637989305,0.0586591176361515
2012-08-30,,,,,,-0.01052170233117411,0.051724074569882594
2012-08-31,,,,,,-0.0039453869235084316,0.039024475970657724
2012-09-04,,,,,,-0.0049684768852703565,0.030105923150301583
2012-09-05,,,,,,-0.005991189671009423,0.020554914802009217
2012-09-06,,,,,,0.0,0.04368029931808337
2012-09-07,,,,,,-0.0014385578290719847,0.03906010144191674
2012-09-10,,,,,,-0.014238517738521805,0.025126996713896732
2012-09-11,,,,,,-0.01582079524060831,0.021038564207643606
2012-09-12,,,,,,-0.012944112659395546,0.023564742365506097
2012-09-13,,,,,,0.0,0.03481087243897529
2012-09-14,,,,,,0.0,0.031754916683668144
2012-09-17,,,,,,0.0,0.027664124479084062
2012-09-18,,,,,,0.0,0.027039115417973658
2012-09-19,,,,,,0.0,0.03301514914907311
2012-09-20,,,,,,-0.0009942775271036819,0.027765687190825616
2012-09-21,,,,,,-0.0007090459946234029,0.036541104051840856
2012-09-24,,,,,,-0.0065495710161745935,0.024145406607760433
2012-09-25,,,,,,-0.020509662554232477,0.00813045046141947
2012-09-26,,,,,,-0.028487652065435576,-8.081396072801006e-05
2012-09-27,,,,,,-0.015096557106310193,0.013701834093277965
2012-09-28,,,,,,-0.023216245829985827,0.015589712430169822
2012-10-01,,,,,,-0.02464118142069749,0.007412655025929471
2012-10-02,,,,,,-0.021791982378703834,0.011394335147237644
2012-10-03,,,,,,-0.015523915576354685,0.018922318238373315
2012-10-04,,,,,,-0.012104864505245505,0.000256010334452883
2012-10-05,,,,,,-0.017376270740695254,-0.0036480435941209644
2012-10-08,,,,,,-0.02635067640445976,7.148565325620915e-05
2012-10-09,,,,,,-0.04187728053853279,-0.014294279773583773
2012-10-10,,,,,,-0.046720717268092904,-0.02213537773684393
2012-10-11,,,,,,-0.04971222655840413,-0.038236640078959216
2012-10-12,,,,,,-0.05013952392486409,-0.04716176835745023
2012-10-15,,,,,,-0.0431597225701732,-0.04057056811061399
2012-10-16,,,,0.055575974226613756,0.05760773661126639,-0.029626500673483713,-0.02783134232385165
2012-10-17,,,,0.05401141023587375,0.057162153111127934,-0.03019635270259935,-0.03019635270259935
2012-10-18,,,,0.040931045204168015,0.056566252130419103,-0.04145028868999534,-0.04049627569975134
2012-10-19,,,,0.015360987758485267,0.05558140079711027,-0.06438466368464879,-0.06372079866709457
2012-10-22,,,,0.019938465100557856,0.05467903977629596,-0.059541654680180134,-0.053341447260946695
2012-10-23,,,,0.009569381327071191,0.05356998968540139,-0.06851575482602223,-0.04901129744370525
2012-10-24,,,,0.005435024651413434,0.05243467172188976,-0.0717921290273067,-0.04457429393865808
2012-10-25,,,,0.004861605966240523,0.051258041173126045,-0.0717921290273067,-0.05756459917981649
2012-10-26,,,,0.007219793958839427,0.04989852057355337,-0.06908597347664491,-0.046959961660741456
2012-10-31,,,,0.000502606901107594,0.04834061669096679,-0.07478357721403339,-0.05140917869217898
2012-11-01,,,,0.014084153603624472,0.0470052914301653,-0.06167795820172639,-0.040774533743868746
2012-11-02,,,,0.0028373767442002595,0.04565757622071698,-0.07164981877898902,-0.05701093616255082
2012-11-05,,,,0.008977099794417853,0.04435249678022091,-0.06552430663929554,-0.0540740005843805
2012-11-06,,,,0.010328596525802869,0.043240432650283545,-0.06381511717345567,-0.0472600498542467
2012-11-07,,,,-0.01386274933378051,0.04165005459109139,-0.0858948974351893,-0.061155715500157304
2012-11-08,,,,-0.02967366527331594,0.039788782973172454,-0.10028228633970704,-0.06095775062509956
2012-11-09,,,,-0.025780658964191794,0.03804941737111989,-0.09643581569496895,-0.05215166145686345
2012-11-12,,,,-0.026204427953096632,0.03629209057026883,-0.09657843146120915,-0.0493179079144338
2012-11-13,,,,-0.033182623550011336,0.03466102624887979,-0.10284631495280483,-0.05548898217739029
2012-11-14,,,,-0.04470383436120706,0.032728406035660296,-0.113387538730507,-0.07339554763410783
2012-11-15,,,,-0.0480668778401091,0.03077630264957043,-0.11637910912440275,-0.08940125478604821
2012-11-16,,,,-0.04404770109284051,0.028946152097252043,-0.11253288289400265,-0.08490020677985133
2012-11-19,,,,-0.021562579532041215,0.027006852802430092,-0.0914504353385982,-0.052162288568497917
2012-11-20,,,,-0.021418513160130215,0.025169192142812102,-0.09116520380611781,-0.028623451414270695
2012-11-21,,,,-0.019601418527517622,0.023630109299714652,-0.08931333747045334,-0.03165656718177001
2012-11-23,,,,-0.004969883473126768,0.022356768477978628,-0.07549586169863565,-0.007493531864631531
2012-11-26,,,,-0.0009179428911062493,0.02111248004349764,-0.07150726411633346,0.00030689775413650366
2012-11-27,,,,-0.004479205307186596,0.019569248183709975,-0.07464114475854677,-0.0030693725191690557
2012-11-28,,,,0.00383593075468025,0.017931014433467007,-0.06666352186885072,0.0026022291412250986
2012-11-29,,,,0.00955622340335971,0.016418428058257772,-0.06110841169053327,0.014780504524900318
2012-11-30,,,,0.0076384224704206805,0.014875493683844443,-0.06267516870088652,-0.0010627593243455191
2012-12-03,,,,0.005391324731278679,0.013229960921703032,-0.06452715724371993,0.007672386648216234
2012-12-04,,,,0.0045915982874760175,0.011663612129110268,-0.06509713148000462,0.00045712816537224477
2012-12-05,,,,-0.006726880146926795,0.009909344813389342,-0.07549586169863565,-0.012476963406964248
2012-12-06,,,,-0.0004627094357682049,0.008390999581803005,-0.06951278201442879,0.017921479023358833
2012-12-07,,,,-0.00658562713889721,0.0070615444091532975,-0.07506825881425316,0.02802437602665009
2012-12-10,,,,-0.003817118444882306,0.005979455754166141,-0.07236185884925328,0.026643327905069514
2012-12-11,,,,0.008997162605109965,0.004821590919747543,-0.06025351143969093,0.04020816115810777
2012-12-12,,,,0.006685062562468147,0.0038132741928769143,-0.06224799354159549,0.045252359866385206
2012-12-13,,,,-0.001347039840533304,0.0027662276606554848,-0.06965533667708446,0.0493250478239442
2012-12-14,,,,-0.010881593538594858,0.001494015004006366,-0.07848706547102435,0.0428826932960249
2012-12-17,,,,0.002185576132448297,0.0003233332688212798,-0.06557391784590583,0.052166906339296215
2012-12-18,,,,0.01730923843502663,-0.0006949702671689151,-0.05131891504782182,0.04343060995469372
2012-12-19,,,,0.0126829711994485,-0.0017171133455047283,-0.049899793732052444,0.03855779009275051
2012-12-20,,,,0.012441326014411391,-0.0025940126737049596,-0.04455703487009899,0.036445899924322234
2012-12-21,,,,0.0016450296461683056,-0.0032602872329468013,-0.05460543553048369,0.010217967307977194
2012-12-24,,,,-0.00043768234466146083,-0.003800334262101468,-0.056490198761123156,0.0038729511959187946
2012-12-26,,,,-0.009215343919707575,-0.004387267157072494,-0.06475545951680495,-0.0015510990054807827
2012-12-27,,,,-0.010763078159344075,-0.004985827693877787,-0.06620558664801857,-0.011620160448743255
2012-12-28,,,,-0.02016161251926263,-0.005785942919132259,-0.07519557078166705,-0.026927274368485965
2012-12-31,,,,0.0006197410215311727,-0.006547432201613912,-0.05562067915307878,-0.004669772982044518
2013-01-02,,,,0.032315855618507694,-0.006804302767369208,-0.025605676259628285,0.028997709479848144
2013-01-03,,,,0.026856952814159785,-0.006904145833145137,-0.0254809972192509,0.024262015863092845
2013-01-04,,,,0.023449962752350784,-0.006527460366203108,-0.01973515674195825,0.03237417988880842
2013-01-07,,,,0.023737871749147432,-0.006240967352958426,-0.016130048904982375,0.026044537605980578
2013-01-08,,,,0.021731643316602156,-0.005791293226614536,-0.01804953719256497,0.03019354221555215
2013-01-09,,,,0.025531923647889254,-0.0052242509672664195,-0.01435916778725499,0.03104831615365189
2013-01-10,,,,0.03160086394404704,-0.004567984649556878,-0.008454551551103084,0.023860624397414654
2013-01-11,,,,0.032993514853860484,-0.003860532565765795,-0.007125524887135692,0.027413508232236428
2013-01-14,,,,0.028427672208348742,-0.0030924958226457022,-0.01155382964140017,0.03097487096978213
2013-01-15,,,,0.023404629516979192,-0.002702019090346064,-0.015847997434894068,0.035725235989804593
2013-01-16,,,,0.02755651589092656,-0.002055110738602095,-0.005352799874375536,0.026278970286518266
2013-01-17,,,,0.032441087603283236,-0.0014756554848408543,-0.0005948260094283953,0.015693491159653128
2013-01-18,,,,0.03017293337319704,-0.0009143235313870957,-0.0028251540053308988,0.017862171517501357
2013-01-22,,,,0.031888231914667386,0.00014440060540632516,-0.0011896520188569015,0.019531603523493368
2013-01-23,,,,0.038105672202270346,0.0015353831116167171,0.0,0.03665636617817847
2013-01-24,,,,0.02384868797404116,0.0026616154330127983,-0.013759361474040332,0.024434976767115257
2013-01-25,,,,0.029030879453878944,0.003830297279615813,-0.008729066101255678,0.03875974324053444
2013-01-28,,,,0.031198300190686812,0.00508532438828091,-0.006509690063625118,0.04270218662231051
2013-01-29,,,,0.03123963854320322,0.006592768099584534,-0.006361756905682636,0.05299502000425371
2013-01-30,,,,0.029047989828421494,0.00819004695583736,-0.008433515342448183,0.029018755070145952
2013-01-31,,,,0.026636399711964298,0.009592108529040688,-0.010652134043092731,-0.004910379979340518
2013-02-01,,,,0.03853319481136186,0.010666467606374352,0.0,0.012117274460643923
2013-02-04,,,,0.0203888863555588,0.011565793821890047,-0.017440129996033726,-0.002250713159040685
2013-02-05,,,,0.035307026628142335,0.012636980156315314,-0.002955790744162856,0.012153050339665405
2013-02-06,,,,0.03176556997286828,0.01330375904679304,-0.00620770906389323,0.010823927992502869
2013-02-07,,,,0.03250276464298141,0.013884783323467209,-0.005320713351596118,0.007938088873783222
2013-02-08,,,,0.04280027363418082,0.014644505430404298,0.0,0.012208149986060457
2013-02-11,,,,0.04278941376411316,0.015210639738241438,0.0,0.01115037155855192
2013-02-12,,,,0.03833827723884076,0.015725972404001087,-0.004116800057904602,0.011499039548875656
2013-02-13,,,,0.04187045127866518,0.01635961581880574,-0.0005880157313494783,0.020111347433005244
2013-02-14,,,,0.041450854459585296,0.017058993068555184,-0.000881365019405167,0.015695996393601197
2013-02-15,,,,0.03824947994477412,0.01768766886325701,-0.0038228235530689547,0.00788443798067262
2013-02-19,,,,0.04559203670490386,0.01865906820929908,0.0,0.01744472619567783
2013-02-20,,,,0.029437022541913382,0.01927711706151447,-0.015386961923440579,0.00014896299279221203
2013-02-21,,,,0.018341210100662586,0.019794678741336336,-0.025938005454019808,-0.01657047014344093
2013-02-22,,,,0.028359325545670888,0.020279629114920095,-0.016119769649708182,0.007200624919330156
2013-02-25,,,,0.015472403028704562,0.020320750593321613,-0.02828270263090038,-0.010298546822301469
2013-02-26,,,,0.019087824899401307,0.020442967948801627,-0.024619476632885107,-0.008786770142870104
2013-02-27,,,,0.029215509058036382,0.020863045884198295,-0.01465434172793978,0.0011910423856620334
2013-02-28,,,,0.026789968857994895,0.021429624323200835,-0.016706178357386747,0.0011937218694875185
2013-03-01,,,,0.030768611374156984,0.021797238671259045,-0.01260281764977067,0.007626332664187885
2013-03-04,,,,0.03497967481022535,0.021882398176934936,-0.008206721415232154,0.00029518188392740896
2013-03-05,,,,0.049791575889643,0.022267027655662908,0.0,0.0330922177801396
2013-03-06,,,,0.04669392097594316,0.02257940679567816,-0.0024752621297813304,0.015564173793659597
2013-03-07,,,,0.04882444322876056,0.02304127337606321,0.0,0.02156456306639165
2013-03-08,,,,0.049356407710345884,0.023498625045702326,0.0,0.02184228408761535
2013-03-11,,,,0.05183655737362258,0.024305951402933568,0.0,0.01441397659015764
2013-03-12,,,,0.04746922883504423,0.02508079726156831,-0.0036247626326908478,0.010439960583188634
2013-03-13,,,,0.04556063319254067,0.026032622919438975,-0.0049297068678016975,0.013288100409281745
2013-03-14,,,,0.04847568114291145,0.02659270525139945,-0.0015951380050118757,0.013093950348925132
2013-03-15,,,,0.04498301838402785,0.026472644491330355,-0.004371090045605319,0.01057378247603702
2013-03-18,,,,0.04219395617515409,0.02648621532523654,-0.006550388356822312,0.011339208394244071
2013-03-19,,,,0.03968058921966766,0.026496297122273083,-0.008439616595397492,0.002167605622797497
2013-03-20,,,,0.04640026944820019,0.02658812146963263,-0.0014643281534899577,0.02498897863429539
2013-03-21,,,,0.03386799605260227,0.026415599686474334,-0.012799759433570479,0.024329894525470408
2013-03-22,,,,0.04323769142311917,0.026352121273472973,-0.0032081502639668136,0.0239610518783282
2013-03-25,,,,0.038802184720765576,0.02613014401684821,-0.006841571704796268,0.032998741840263524
2013-03-26,,,,0.043871350387324703,0.026072427584156177,-0.0014643281534899577,0.034691064738692434
2013-03-27,,,,0.04465652985308921,0.026106759885091257,-0.0001564770327897591,0.02556838367249159
2013-03-28,,,,0.04668888406419103,0.026325481376034077,0.0,0.030248211711035866
2013-04-01,,,,0.038965647000566594,0.026274816554776592,-0.006814666830557314,0.018975151754302644
2013-04-02,,,,0.046577404439480885,0.026306704956319482,0.0,0.022455628479078893
2013-04-03,,,,0.03647050757253978,0.026208986995038597,-0.009125422595413268,-0.0016260968514241192
2013-04-04,,,,0.036234058736443586,0.026100279402653692,-0.008835452669930133,0.0011441619101177913
2013-04-05,,,,0.02717187744111671,0.025798941173604817,-0.01709127370522634,-0.009796641777720883
2013-04-08,,,,0.032205882494890536,0.025904932885097987,-0.011876684864580822,-0.005701350466103983
2013-04-09,,,,0.0387625399591538,0.026062338089882564,-0.005214527197379026,-0.0019004228405257173
2013-04-10,,,,0.05851578943506164,0.026479408153402773,0.0,0.021274868248716716
2013-04-11,,,,0.057425734132701356,0.026763532550432068,-0.0004281380807306112,0.022176357330791818
2013-04-12,,,,0.05609095283396637,0.027128920193788097,-0.0011420054512845113,0.01803482140180135
2013-04-15,,,,0.034698694858170676,0.027135938362907508,-0.02085094449302838,0.0007299119080188543
2013-04-16,,,,0.04783014172158495,0.027139098116491622,-0.007854607614244946,0.01623710038918369
2013-04-17,,,,0.026861797940800347,0.027221573803244414,-0.027277452682962222,-0.001759038815432934
2013-04-18,,,,0.012260007544962148,0.026745117254393103,-0.04070223154514574,-0.022412993979311402
2013-04-19,,,,0.025767979384252238,0.026691179804511078,-0.027563060411717633,0.002355472405757064
2013-04-22,,,,0.035913472568759985,0.026790492693092194,-0.017565878197268847,0.0029159310913269287
2013-04-23,,,,0.0454389111586293,0.026871459439259837,-0.008140154562466417,0.01624248367889458
2013-04-24,,,,0.044579791873755825,0.02694270794088527,-0.008568718106934381,0.010333152449846006
2013-04-25,,,,0.049645983749732725,0.027118760661540398,-0.003284093807217281,0.014389912839786856
2013-04-26,,,,0.04584536870060374,0.027164329563474476,-0.006426143506730431,0.008699347547391323
2013-04-29,,,,0.0548707131883559,0.02731066799301307,0.0,0.024963638882693262
2013-04-30,,,,0.061865344987116044,0.027603881996005386,0.0,0.024333926012792606
2013-05-01,,,,0.05622612049085407,0.02763140350489479,-0.0046665711026082635,0.028943341734302352
2013-05-02,,,,0.06889298732518334,0.028243838181070346,0.0,0.041648133221883876
2013-05-03,,,,0.08071268903522077,0.029244047019515218,0.0,0.0627764209355457
2013-05-06,,,,0.08413210429252138,0.030130057018586953,0.0,0.061271374692882574
2013-05-07,,,,0.08283154052107444,0.03131939326867128,-0.0005523203627397777,0.05358171941865608
2013-05-08,,,,0.087393281456152,0.03256448575331006,0.0,0.03841755205670383
2013-05-09,,,,0.08516398850499929,0.033517361164801196,-0.0013744456591761045,0.03743446876220702
2013-05-10,,,,0.09090236663701923,0.034548484522140654,0.0,0.04446645998347187
2013-05-13,,,,0.09136257192984232,0.03547634998446081,0.0,0.06680328100361144
2013-05-14,,,,0.0960799270485575,0.0363653118091829,0.0,0.05829855250193794
2013-05-15,,,,0.09741853583292448,0.03705203322241957,0.0,0.08163260715390352
2013-05-16,,,,0.09545891554999963,0.03788511413420248,-0.0010859439295225481,0.09557835635191014
2013-05-17,,,,0.10519137453992067,0.03881614942640432,0.0,0.0912027769473518
2013-05-20,,,,0.10272821023472445,0.039696319561949744,-0.001480669558201475,0.07849950298914887
2013-05-21,,,,0.10306922464776114,0.040518957704113845,-0.00040370441184545136,0.06940261021873728
2013-05-22,,,,0.09260962553585972,0.041254068821597656,-0.009152313527568956,0.06050126847926807
2013-05-23,,,,0.08939570592964574,0.04207071380914895,-0.011440162792314856,0.052442756712705485
2013-05-24,,,,0.08815587729187224,0.04284777045139654,-0.011978358969059855,0.055196184183811114
2013-05-28,,,,0.09462605644093669,0.043827678933840986,-0.0055179427938018,0.05241417803600745
2013-05-29,,,,0.08882556287223409,0.0447719717955577,-0.010228705881059064,0.03987548749404679
2013-05-30,,,,0.09396609963940428,0.04585421850111837,-0.004979975734203057,0.050291177267429044
2013-05-31,,,,0.08333489170197717,0.046647816900131645,-0.01413183102747928,0.027637843219134206
2013-06-03,,,,0.08469009644706871,0.04771179924753377,-0.01238217793947849,0.017470580820777126
2013-06-04,,,,0.07854154998728524,0.048499095047646934,-0.017496759997154387,0.008287627001059228
2013-06-05,,,,0.06406976779072826,0.04916550316808155,-0.0302827569070514,-0.004283965800263134
2013-06-06,,,,0.0688354813732821,0.04985966329960134,-0.02557245205408676,-0.004263462303653376
2013-06-07,,,,0.08298785092303551,0.05076519650237876,-0.012247571616005648,0.010742019447139262
2013-06-10,,,,0.08297269207406588,0.051633991169752536,-0.011843867204160197,0.0050651917242241495
2013-06-11,,,,0.07178880001763854,0.05246130315635744,-0.021668754114800737,-0.006152653395055774
2013-06-12,,,,0.05907940891797159,0.05296785927641201,-0.03297419602506957,-0.022714508645364506
2013-06-13,,,,0.07204947588104393,0.05381430060731396,-0.020726509850490737,-0.012352077833953756
2013-06-14,,,,0.06460724100345638,0.05458230300494371,-0.027186696908602537,-0.017800897181318387
2013-06-17,,,,0.07449679949014221,0.0556777961876056,-0.01776597264410007,-0.01776597264410007
2013-06-18,,,,0.08286001995580206,0.05679641779394018,-0.009690280587167699,-0.008221784775397256
2013-06-19,,,,0.07039156742360841,0.05760128303728851,-0.020726509850490737,-0.020331013158354616
2013-06-20,,,,0.04463023696103541,0.057584059137029575,-0.04401076896411216,-0.03518043783363378
2013-06-21,,,,0.03883688313497302,0.05752868113860643,-0.049087489413355834,-0.0380830023677482
2013-06-24,,,,0.028317033794802438,0.05733077256411789,-0.05853799890688205,-0.047124109436752826
2013-06-25,,,,0.035596730530414344,0.05764384600828665,-0.05165245586659606,-0.046390493160228696
2013-06-26,,,,0.04470792209854024,0.05794206095746146,-0.04314682548456272,-0.03325830906503113
2013-06-27,,,,0.04892229309710672,0.058697136713213194,-0.03909591977875537,-0.03428669093340675
2013-06-28,,,,0.050111641033293575,0.05968119795230864,-0.03774590427325242,-0.02395256687350389
2013-07-01,,,,0.05626586261368782,0.060481324401630454,-0.03180546946160567,-0.019666809456317047
2013-07-02,,,,0.05639189445696835,0.0610973483381585,-0.031400734022601684,-0.01415158083896706
2013-07-03,,,,0.060395253051880315,0.06165370500386347,-0.02748466375741354,0.0028854732341494493
2013-07-05,,,,0.06822746378989142,0.06238528789728037,-0.020058747927492182,0.00565840337562018
2013-07-08,,,,0.0689894341598607,0.06302539516892236,-0.019113868815999302,-0.006951435402925088
2013-07-09,,,,0.07516392357620627,0.06382935684007984,-0.013173319445779375,-0.0013453868245068001
2013-07-10,,,,0.08101804896213127,0.06454591870086812,-0.007502440956797751,0.014480078416779119
2013-07-11,,,,0.10203376142113596,0.0654221006998017,0.0,0.04672455333418157
2013-07-12,,,,0.1064032157426198,0.06646691046482522,0.0,0.03818297440149632
2013-07-15,,,,0.10837239107624819,0.06725504675178362,0.0,0.047436822305455095
2013-07-16,,,,0.1063058770552403,0.06769911187720501,-0.001324726229242068,0.03601647151057774
2013-07-17,,,,0.10843446884473473,0.06805827490096261,0.0,0.030157771854728344
2013-07-18,,,,0.10508155028626698,0.06846070015610328,-0.0025139041233103177,0.03914855395863048
2013-07-19,,,,0.09310177626425853,0.06854876929279485,-0.012837451792601096,0.05344157722569087
2013-07-22,,,,0.09575669892044836,0.06870542410876013,-0.009925693454394202,0.06218952417857038
2013-07-23,,,,0.08719587467145984,0.06863096805591917,-0.017204527834747796,0.06496451187469132
2013-07-24,,,,0.09021873741535757,0.06861581550182172,-0.014028431697538313,0.0606489164743409
2013-07-25,,,,0.09658484725828176,0.0686091870911898,-0.0078080714435224685,0.05785263579324251
2013-07-26,,,,0.10186015371153734,0.06861596988093566,-0.0025139041233103177,0.0590137477453343
2013-07-29,,,,0.09919969449703814,0.06856741312193138,-0.004367412921244873,0.055562903728706425
2013-07-30,,,,0.10430932148715377,0.0683137331290049,0.0,0.05466434219437821
2013-07-31,,,,0.10558047266045789,0.06809614404568398,0.0,0.05617561182615338
2013-08-01,,,,0.11595601848123249,0.06800402110673476,0.0,0.06261278246194202
2013-08-02,,,,0.1213245781786143,0.06819036893306141,0.0,0.06048494148336303
2013-08-05,,,,0.12118793260987415,0.06847409845747654,0.0,0.06015116713233137
2013-08-06,,,,0.11374684152042946,0.06874395475346384,-0.005972562018141003,0.047475513302679184
2013-08-07,,,,0.110976312886784,0.06884142959013939,-0.00778994384260423,0.039586346154267815
2013-08-08,,,,0.11566976815612673,0.06906038314088203,-0.00285601162630833,0.024409955975385866
2013-08-09,,,,0.11023619714796284,0.0689766488945096,-0.006881308012564036,0.015803361289049578
2013-08-12,,,,0.11193062289497013,0.06915398128055306,-0.004544611287178313,0.01589975027735724
2013-08-13,,,,0.11716068400838364,0.06933650367987854,0.0,0.022953015827628098
2013-08-14,,,,0.11196275818245294,0.06954925572767934,-0.003761180810703535,0.01654357104420834
2013-08-15,,,,0.09226839738449177,0.06976009084569923,-0.020622170200337298,0.0018575046282822694
2013-08-16,,,,0.09097830203886392,0.06987790983391173,-0.02101152730330913,0.011932269898899506
2013-08-19,,,,0.08822518875784247,0.06965240450212784,-0.02269782433237577,0.007218312235358404
2013-08-20,,,,0.09216101431698487,0.0695586353018629,-0.018417207250890133,0.01912235300919396
2013-08-21,,,,0.08754769550506025,0.06956653993614292,-0.021790131459195505,0.012348831395577298
2013-08-22,,,,0.09732614035373333,0.07000471781546125,-0.012192115705749962,0.01587280928058199
2013-08-23,,,,0.10374595337191628,0.07029768319470664,-0.005577667057637847,0.017247324489735094
2013-08-26,,,,0.1032707720850845,0.07061820341773983,-0.005058230786855744,0.019673420231641314
2013-08-27,,,,0.07970634802834886,0.07033033311459991,-0.02542156325226097,-0.006478584613196059
2013-08-28,,,,0.08288625524121884,0.06995276079234936,-0.021659722141213145,-0.004486885535034846
2013-08-29,,,,0.08945923692701108,0.06992095779842322,-0.01478621565805427,-0.007578172875592926
2013-08-30,,,,0.08140958799540066,0.07024722389373217,-0.02114127632094731,-0.019488273931800304
2013-09-03,,,,0.0864547189739946,0.07071459870443042,-0.015564049463538954,-0.014541368047746084
2013-09-04,,,,0.09684346467790972,0.071534881954604,-0.005058230786855744,0.0019596306336748803
2013-09-05,,,,0.09750752728808432,0.07225531049028433,-0.003372373958018593,0.005495728036851055
2013-09-06,,,,0.09770778054249307,0.0729252462281278,-0.0022046327992750747,0.0016927732546687668
2013-09-09,,,,0.10938322668735712,0.07369753807247492,0.0,0.017518369628880315
2013-09-10,,,,0.11361150126841912,0.07452872836091107,0.0,0.020086893768555436
2013-09-11,,,,0.11037858169227133,0.07527513993174462,-0.0019183956601275254,0.012451173540796834
2013-09-12,,,,0.10859985170071185,0.07602235173704885,-0.0025572822767927494,0.015623030606576105
2013-09-13,,,,0.10822229955543827,0.07667950798195111,-0.0019183956601275254,0.033769749257954285
2013-09-16,,,,0.10421826346563923,0.07717814556985259,-0.004603368469746627,0.03139880890487445
2013-09-17,,,,0.11055568042399866,0.07779314729111264,0.0,0.04007961692350581
2013-09-18,,,,0.12274441180456819,0.07846851853753845,0.0,0.04796499683107225
2013-09-19,,,,0.12427592069399052,0.07905315853329231,0.0,0.05409734888013773
2013-09-20,,,,0.11928475297795837,0.07916477962229651,-0.003431618598427222,0.04027311982515136
2013-09-23,,,,0.11584481437678096,0.07909497377049868,-0.005450267998814429,0.03126053068744006
2013-09-24,,,,0.1147071999053626,0.07900897362201187,-0.005450267998814429,0.03072213322455264
2013-09-25,,,,0.10974859179214835,0.07886629491947961,-0.008856912294625041,0.04865424524157902
2013-09-26,,,,0.11718549190790051,0.07881045129546149,-0.0011607714327277474,0.0527334384182061
2013-09-27,,,,0.11467197838569332,0.07885126406735532,-0.002422293898233563,0.044068555803098874
2013-09-30,,,,0.11089962880890147,0.07906147850272971,-0.004819613493850516,0.048321646181734845
2013-10-01,,,,0.12096043737436801,0.079334995107049,0.0,0.05295445777564578
2013-10-02,,,,0.11928967052936357,0.07970950670241694,-0.00037647136763252487,0.04144384834502124
2013-10-03,,,,0.10512736355844066,0.07988968626956372,-0.012048039275327604,0.027542890837476852
2013-10-04,,,,0.11359686815938375,0.08015198991637562,-0.0035138389324690378,0.03520614518491261
2013-10-07,,,,0.10330309296697471,0.08014537099055241,-0.01179716453147095,0.014730388934422134
2013-10-08,,,,0.08110505203241458,0.07986718457692144,-0.030873306343330187,-0.009693631681485737
2013-10-09,,,,0.07681552146384618,0.07937698364624102,-0.033885395788085915,-0.010874013509907465
2013-10-10,,,,0.09853368684976749,0.07917157869208746,-0.013428752793675502,0.010716850267771694
2013-10-11,,,,0.10601775897720045,0.07883608580690016,-0.005647389018183735,0.018036579685790644
2013-10-14,,,,0.11259756214808192,0.07848835130955445,0.0,0.027997313618085995
2013-10-15,,,,0.10702132270403175,0.0780182674911365,-0.0038854772336776033,0.017208555839406836
2013-10-16,,,,0.11832669882587687,0.07796018184472131,0.0,0.01653429070674428
2013-10-17,,,,0.12361622054230814,0.07818819007936106,0.0,0.019908681569210218
2013-10-18,,,,0.14056689472390405,0.07855024988245907,0.0,0.04000512772292475
2013-10-21,,,,0.14177694517175943,0.0790173850365472,0.0,0.04439933019722786
2013-10-22,,,,0.14214503206632467,0.07945951163559295,0.0,0.045921345821094306
2013-10-23,,,,0.13396295641656986,0.0796713363917747,-0.0060641349163313985,0.043151859471316056
2013-10-24,,,,0.13767664727504036,0.08005376329776781,-0.0016980480655334196,0.03966125836182277
2013-10-25,,,,0.14454270302964534,0.08094171859078725,0.0,0.048437910395225714
2013-10-28,,,,0.1435381768883126,0.08184662196240411,0.0,0.05121737174851604
2013-10-29,,,,0.14415397463338886,0.0827911585472001,0.0,0.04241970229884284
2013-10-30,,,,0.14172206874809667,0.08360253234044457,-0.0009631723313597851,0.04180788332256924
2013-10-31,,,,0.13782012539661403,0.084465174055117,-0.0032504647303952527,0.0517023044927325
2013-11-01,,,,0.13683267974864521,0.08515093526905226,-0.0030097989569995987,0.04294697625577637
2013-11-04,,,,0.13719764204982732,0.08570863175839216,-0.0015652950788483944,0.05321293413945649
2013-11-05,,,,0.13715273413465656,0.08628021128509977,-0.0004816370894575872,0.07510982942396605
2013-11-06,,,,0.13563595580190246,0.08730509372462092,-0.0007224047104087417,0.07820195332353475
2013-11-07,,,,0.113123385346376,0.08786969228411223,-0.01950380685792552,0.03600074769517159
2013-11-08,,,,0.12691767070374027,0.08853251389786365,-0.006260569230061019,0.04177688090242748
2013-11-11,,,,0.12392856226667637,0.08931237213894883,-0.007825660613798524,0.03283624783000416
2013-11-12,,,,0.12447872856074893,0.09000024038490873,-0.006260569230061019,0.038500551014443385
2013-11-13,,,,0.13677943350634325,0.09065447675442373,0.0,0.039313430489052115
2013-11-14,,,,0.13896166675781063,0.0913123320653475,0.0,0.036615618310603226
2013-11-15,,,,0.13982965319983398,0.09203390007933399,0.0,0.02203299857636032
2013-11-18,,,,0.12737916074868805,0.09226215662281478,-0.009766963949981555,0.009838268479543721
2013-11-19,,,,0.12290602569836095,0.09241187141916263,-0.01262540569318571,0.005457967667318098
2013-11-20,,,,0.11898283534123255,0.09254628391853159,-0.01500707104129495,0.009152318877517107
2013-11-21,,,,0.12906458927971753,0.09286329466981513,-0.005002424184291199,0.01494398472343339
2013-11-22,,,,0.133876449325238,0.09330491451080625,0.0,0.013148591265368825
2013-11-25,,,,0.13529269611038686,0.09384266534774421,0.0,0.015315982945604878
2013-11-26,,,,0.13988319322887977,0.09430517991345222,0.0,0.01890209150065858
2013-11-27,,,,0.14645366048299602,0.09464726112960631,0.0,0.026994418164530076
2013-11-29,,,,0.1518925516281695,0.09503570137950756,0.0,0.0355112218330198
2013-12-02,,,,0.14712316465153608,0.09543288551971552,-0.002916061209656262,0.032242372186701784
2013-12-03,,,,0.14482084075624746,0.09589405053131794,-0.003732404414430346,0.02990505065321858
2013-12-04,,,,0.14444598447861012,0.09629326302578511,-0.002799327979721822,0.02975198257730627
2013-12-05,,,,0.1414858066653497,0.09668998102083193,-0.004082406753042056,0.028674811596143934
2013-12-06,,,,0.1482833109392261,0.09709157690945602,0.0,0.055991651064869474
2013-12-09,,,,0.15137364467729375,0.09752631423348745,0.0,0.046159596586125895
2013-12-10,,,,0.1490192948807636,0.09801699122634733,-0.0006947824988873252,0.04708184630722223
2013-12-11,,,,0.13284247047376097,0.09812863534611505,-0.013549826201509796,0.03198431587334216
2013-12-12,,,,0.12853412000233555,0.09819545239588634,-0.016097362030763396,0.016997694965205756
2013-12-13,,,,0.1257243599427511,0.09850792864009694,-0.017371227912465592,0.012529788544865417
2013-12-16,,,,0.13059426324333923,0.09875144141708514,-0.011928177202062296,0.016198105226928217
2013-12-17,,,,0.12706794292258294,0.09920856418342949,-0.013897315418028966,0.02417600397067532
2013-12-18,,,,0.13879982955364456,0.10024410174013765,-0.0024321306144073906,0.03908331301804613
2013-12-19,,,,0.13429286927666162,0.10130757599892104,-0.00521175044533384,0.038693467285281
2013-12-20,,,,0.144440069125362,0.10211153046445953,0.0,0.038720999856308724
2013-12-23,,,,0.15500984862332823,0.10293876500144883,0.0,0.044024832268775294
2013-12-24,,,,0.15404950680216878,0.10360621415006022,0.0,0.04202106152463547
2013-12-26,,,,0.15635806099669347,0.10440227218856735,0.0,0.04004133069070681
2013-12-27,,,,0.15198147861060618,0.10493468270835749,-0.0025075040109011626,0.030251150221298984
2013-12-30,,,,0.14879508288193133,0.10530669527605063,-0.00398894007161521,0.02260134921115764
2013-12-31,,,,0.1547522484584487,0.10543239333141052,0.0,0.032281423255355435
2014-01-02,,,,0.144216049199269,0.10537044617378166,-0.007844608004000442,0.02502279774569005
2014-01-03,,,,0.1345750830946295,0.10519234445395731,-0.015006817751059609,0.016671137674825642
2014-01-06,,,,0.12897862381187086,0.10502862601244867,-0.0186447731677708,0.014221162197461501
2014-01-07,,,,0.138015726269751,0.10497002753800344,-0.009549453213776538,0.016241868958432937
2014-01-08,,,,0.13903867414666493,0.1047761391387092,-0.007389803658548133,0.014329252253561187
2014-01-09,,,,0.13385384844803783,0.10454921896293845,-0.010686847554932877,0.011662952276764393
2014-01-10,,,,0.13608561785908413,0.10434570169939428,-0.0075036006142926714,0.028144139738594864
2014-01-13,,,,0.11801250109790251,0.10393272756501126,-0.02216883575935591,0.015574921013697063
2014-01-14,,,,0.13786649536756035,0.1038448466037547,-0.0035244460691108426,0.03628065419273052
2014-01-15,,,,0.14572857050295074,0.10392548767873477,0.0,0.039037934099919624
2014-01-16,,,,0.1443290505813708,0.10393220352671872,0.0,0.04123000850217973
2014-01-17,,,,0.13637794795114333,0.10382349682834513,-0.005656990527601269,0.023440477634337098
2014-01-21,,,,0.14346520778722538,0.10380526599198481,0.0,0.03412441926149201
2014-01-22,,,,0.14486876306827368,0.10425648549326105,0.0,0.02635828890664027
2014-01-23,,,,0.13949879939412813,0.10440053459498166,-0.003378862924718229,0.012241411162943638
2014-01-24,,,,0.11584219346886426,0.10434780890471962,-0.022977654653290602,-0.008118316238647783
2014-01-27,,,,0.10385999991917116,0.10410349438490574,-0.03243966763987194,-0.02097105663758614
2014-01-28,,,,0.10204505791181018,0.10359096941667811,-0.033002732307393035,-0.01908113739715811
2014-01-29,,,,0.08904632807008217,0.10274549732178007,-0.04336547779095523,-0.028149719224587977
2014-01-30,,,,0.10792264164194898,0.10221601790809887,-0.025681371886925874,-0.0165985370907612
2014-01-31,,,,0.10364868151221573,0.10175930063400496,-0.02827186828997985,-0.011458461867886571
2014-02-03,,,,0.07709604842094442,0.10093258610794686,-0.05057428226826921,-0.0271237283227852
2014-02-04,,,,0.08381000850330156,0.10033736766083123,-0.04359087462901656,-0.01633478169719793
2014-02-05,,,,0.07986249389232425,0.09953789276951364,-0.0460685301371625,-0.02789265577737443
2014-02-06,,,,0.0924516112493512,0.09887113266732972,-0.033903749756128754,-0.017638104432807444
2014-02-07,,,,0.11062861364274323,0.09843541319557181,-0.01667043752822206,0.003217633297174949
2014-02-10,,,,0.11566568877797923,0.0980070196693521,-0.011038366094236585,0.005727552235720745
2014-02-11,,,,0.12694963757030697,0.0975993589419295,0.0,0.03243787831682732
2014-02-12,,,,0.127718030603454,0.09713921374955148,0.0,0.01506018416608823
2014-02-13,,,,0.1346765254742195,0.09689965818156021,0.0,0.014258148852982266
2014-02-14,,,,0.13551260222950745,0.09668870889608461,0.0,0.01618075424822929
2014-02-18,,,,0.1396613310474044,0.09659986133659948,0.0,0.02696880986495831
2014-02-19,,,,0.1305342492442858,0.09648291481523952,-0.006869938996997282,0.012196854684328517
2014-02-20,,,,0.13452085617814524,0.09630649063338725,-0.0022162269033632054,0.014305242979311128
2014-02-21,,,,0.13170835104963818,0.09601799216129403,-0.003546019107447007,0.016387666457787775
2014-02-24,,,,0.13643473410498475,0.09585668018050919,0.0,0.042309749958852505
2014-02-25,,,,0.1338687519094215,0.0959485568320051,-0.0011057331822460492,0.05133896885801592
2014-02-26,,,,0.1315958143886089,0.09611061423294709,-0.001990506270966863,0.051019375791821364
2014-02-27,,,,0.1376279558893494,0.09641237050949192,0.0,0.06929713444078378
2014-02-28,,,,0.1350991386378999,0.09660377533030573,-0.0011056253366577007,0.048728362886028664
2014-03-03,,,,0.12547982320559203,0.09672524195602006,-0.008513788653128795,0.043725646841111354
2014-03-04,,,,0.13848761331699277,0.09680205544713427,0.0,0.08182401799503314
2014-03-05,,,,0.14035288672780855,0.09703193043679126,0.0,0.07688151822657852
2014-03-06,,,,0.13808373971734222,0.09702205677700282,-0.0008786069040592759,0.07872990009841607
2014-03-07,,,,0.13123388477418696,0.0967095184440041,-0.0058203672645104065,0.05987854281263605
2014-03-10,,,,0.13096306220595189,0.0963583217492816,-0.004942129251772176,0.04222354019622143
2014-03-11,,,,0.12484935295900867,0.09585383743770781,-0.009224680821395603,0.03182814639232001
2014-03-12,,,,0.12781341505478538,0.09546384261869023,-0.005491039537587339,0.024052860683466015
2014-03-13,,,,0.11073983536911003,0.09490789874662342,-0.01954764332857284,0.0076495884180598495
2014-03-14,,,,0.10204631354823945,0.09407835975648804,-0.026246340828651626,-0.006604070656800909
2014-03-17,,,,0.1106007847487065,0.09358797143768127,-0.0176809610209141,0.00012544311183049217
2014-03-18,,,,0.12273755163422151,0.09340340687033755,-0.0058203672645104065,0.007266204366412676
2014-03-19,,,,0.11544036451207051,0.09321867563379227,-0.01120147718840625,0.008744273513183298
2014-03-20,,,,0.11727341103104627,0.09285678275378895,-0.00845591130819745,0.00682732597257818
2014-03-21,,,,0.10259289698122775,0.09219042478304562,-0.02038751664391525,-0.0039607207969863945
2014-03-24,,,,0.09178357911802415,0.09147977312845224,-0.028972632137332366,-0.01793143857332713
2014-03-25,,,,0.0942708643589496,0.09081968290380416,-0.02578079998140792,-0.013612632029504912
2014-03-26,,,,0.07916960526127137,0.09027466194307276,-0.03832863826904387,-0.025453988447906584
2014-03-27,,,,0.07210248587888546,0.08919220445851361,-0.04372201382936669,-0.03716617092891561
2014-03-28,,,,0.0731193410987736,0.08791045848801016,-0.041850997048685,-0.034214530352782435
2014-03-31,,,,0.079694554472586,0.08680001878855848,-0.035026692053767405,-0.020068306320544793
2014-04-01,,,,0.0974396470185599,0.0860584896856571,-0.018076320294316273,-0.015372961893760695
2014-04-02,,,,0.09907962453447738,0.08524214436493471,-0.01554434248903147,-0.01554434248903147
2014-04-03,,,,0.08926351068844585,0.08428369949669623,-0.023359581795287077,-0.0225007442004288
2014-04-04,,,,0.05933339608742516,0.0829245431432597,-0.049335340839902875,-0.0437697294760111
2014-04-07,,,,0.048271425428657144,0.08173206065242344,-0.05836082034789769,-0.05368400438454668
2014-04-08,,,,0.05686363910687953,0.08086278915326361,-0.04966595968644971,-0.04081781013538144
2014-04-09,,,,0.0737340046417796,0.08022600834508986,-0.033375534500468595,-0.028038455229117187
2014-04-10,,,,0.03947763372186941,0.0793620782351796,-0.06331429300779412,-0.0446392416535224
2014-04-11,,,,0.026499284771681175,0.07798349912304148,-0.07421115818779189,-0.04925765044103425
2014-04-14,,,,0.03364002987464332,0.07680010044271302,-0.06694667362395701,-0.05015245622669007
2014-04-15,,,,0.03612754154577691,0.07615448100741395,-0.06386458663606343,-0.058384035902892206
2014-04-16,,,,0.04891201543158563,0.0755896082833507,-0.05142677018494923,-0.040680980066762795
2014-04-17,,,,0.04817537857716481,0.0750844288994772,-0.051207003180396504,-0.04311567418913553
2014-04-21,,,,0.054949754172905374,0.07445189020799958,-0.04416274673526566,-0.024270035851215455
2014-04-22,,,,0.0623093294312318,0.07360948744704854,-0.0365674588792233,-0.007821434280073869
2014-04-23,,,,0.05200532094451216,0.0725160643963163,-0.04504282920460945,-0.019771761039850122
2014-04-24,,,,0.06107788256661184,0.07135932478119322,-0.03590705119160198,0.002518102517977905
2014-04-25,,,,0.04325830671066422,0.06994247126241793,-0.05131702501691826,-0.007942262916628806
2014-04-28,,,,0.0458606463934188,0.06851212706733611,-0.04823466136053389,-0.0066624964302898215
2014-04-29,,,,0.053390749875542376,0.0671840039527074,-0.040639834618642956,-0.005816888942578147
2014-04-30,,,,0.055349563839656835,0.06580388973957985,-0.03810868681883062,-0.0204011441403662
2014-05-01,,,,0.05764510752448637,0.06461430113501865,-0.03524673572681092,-0.020013489777278126
2014-05-02,,,,0.05489506547681566,0.06330967836134582,-0.03700773067097085,-0.013974589440781338
2014-05-05,,,,0.05957743521947134,0.06210521939272451,-0.03194469728870408,0.018293141944040636
2014-05-06,,,,0.04501518295374973,0.06053704165544582,-0.0444926277991704,0.014727714020832394
2014-05-07,,,,0.0412107057662634,0.058964858369943585,-0.04724428038617756,0.002548240089845777
2014-05-08,,,,0.03942636686142764,0.05736551930251732,-0.04812482396967266,-0.015258551790929498
2014-05-09,,,,0.042443522379662424,0.05570059848811293,-0.04460264963569216,0.019976437381741485
2014-05-12,,,,0.058714578986500676,0.05434436511215712,-0.028862979192131655,0.048983285331990256
2014-05-13,,,,0.05855427148695358,0.053186270161143856,-0.02820238705884981,0.04152419317295508
2014-05-14,,,,0.05218508259405885,0.05166764408998814,-0.03326542044111658,0.032686688013426224
2014-05-15,,,,0.04314060916998086,0.049994758114734195,-0.040860247183007514,0.01113938562656025
2014-05-16,,,,0.04915414828374631,0.048452748294854686,-0.0345867891533409,0.01751721827918984
2014-05-19,,,,0.05564710160850894,0.04717567812132306,-0.027872044880793645,0.017043384528935057
2014-05-20,,,,0.051068959694262395,0.04585155957119258,-0.031394219214774255,0.0053695919990734975
2014-05-21,,,,0.06029241350675352,0.044773431457708845,-0.02214841936524503,0.02397427920279971
2014-05-22,,,,0.06408144233865332,0.04365651931021186,-0.017855907729951603,0.01872344724018693
2014-05-23,,,,0.07091222555823506,0.042951683388544604,-0.010701445002638477,0.04281259502417445
2014-05-27,,,,0.08327857151849138,0.0426134065503434,0.0,0.052387924783816375
2014-05-28,,,,0.0789700764340262,0.042022411146237726,-0.003076898429665853,0.04084418251073374
2014-05-29,,,,0.08486254730676501,0.041289348001317006,0.0,0.04474223490946083
2014-05-30,,,,0.08400380397520824,0.040701701775026855,0.0,0.04175684590288742
2014-06-02,,,,0.08194821382008377,0.04002248090918736,-0.0009855996558614244,0.04263324246965339
2014-06-03,,,,0.08040900374469295,0.03951532473498709,-0.0014238478596034776,0.036725167658767655
2014-06-04,,,,0.0833474479496712,0.0392515824177182,0.0,0.05425614005793933
2014-06-05,,,,0.09130763933849906,0.039046712620761426,0.0,0.06619705821827049
2014-06-06,,,,0.09640198688476787,0.03922427401442263,0.0,0.07331165037538256
2014-06-09,,,,0.09439403737889207,0.03948911758901397,-0.0007540967565534684,0.06854837541997028
2014-06-10,,,,0.09513850945991886,0.039786016439577576,0.0,0.053043721698423196
2014-06-11,,,,0.09379451993703047,0.03996362425742728,-0.00021598174751324972,0.052100617841337016
2014-06-12,,,,0.08286444781650593,0.03963473274400431,-0.009256734211689155,0.04804707231367811
2014-06-13,,,,0.08488509133724853,0.039204711871742015,-0.006350043737431088,0.05944505906689468
2014-06-16,,,,0.0846829868508896,0.03897366679023273,-0.005489453417381385,0.05347217452516251
2014-06-17,,,,0.08416013756517393,0.039337166221716124,-0.0049512575638701595,0.04676173032414055
2014-06-18,,,,0.08908037731689844,0.03995273310292591,0.0,0.05647724410959465
2014-06-19,,,,0.08723400343450205,0.04039755798824518,-0.0006451840243459905,0.04581284411976072
2014-06-20,,,,0.08741416234417332,0.04056297969912759,0.0,0.04246688986575653
2014-06-23,,,,0.08655853893821885,0.04137464130703439,0.0,0.03515090475548144
2014-06-24,,,,0.08442915512806959,0.04240551605395404,-0.0009700715108044156,0.021418686067325554
2014-06-25,,,,0.09027012809507862,0.043436472014597216,0.0,0.03109234904136393
2014-06-26,,,,0.089814982723605,0.044431655254208335,0.0,0.025090800067506303
2014-06-27,,,,0.09352491008459696,0.045223678433319314,0.0,0.029481092471288495
2014-06-30,,,,0.09430128601862853,0.04603404701406366,0.0,0.03225578898068582
2014-07-01,,,,0.10514043487137936,0.046874243972561125,0.0,0.04403552997463711
2014-07-02,,,,0.10581616885164946,0.0475674872670091,0.0,0.04190947629290309
2014-07-03,,,,0.11159641728309766,0.04857168534994272,0.0,0.039734991717129464
2014-07-07,,,,0.10711530089879928,0.04938834910021406,-0.00303040939777921,0.030665578398711535
2014-07-08,,,,0.09275897850878256,0.05034187654012845,-0.01504691782059897,0.019011364252289997
2014-07-09,,,,0.09979453160377738,0.05133211938601523,-0.007732407498119653,0.024810576342107815
2014-07-10,,,,0.0952550438903712,0.05210039671298605,-0.010867160214931504,0.021793703245522433
2014-07-11,,,,0.10120418458399527,0.052918060565795066,-0.0044932241456902,0.037762283464617186
2014-07-14,,,,0.10662610865715605,0.053754924453817354,0.0,0.0409172404373197
2014-07-15,,,,0.101714918416278,0.054607429121403595,-0.0034432697077100283,0.03643543523828563
2014-07-16,,,,0.10496507728926208,0.055410972448634466,0.0,0.039996479969722554
2014-07-17,,,,0.08928236077134422,0.0562480390575566,-0.013244252860291406,0.02048258755653687
2014-07-18,,,,0.1054424165120913,0.057442718386734315,0.0,0.03732922111300496
2014-07-21,,,,0.10296384502010048,0.05863126490026427,-0.001248300419722459,0.034817055463439495
2014-07-22,,,,0.10877168376977342,0.059791246521778474,0.0,0.041168242747697814
2014-07-23,,,,0.11468446841555169,0.06076701971224718,0.0,0.04886716297846205
2014-07-24,,,,0.11219041129938367,0.06166884297950981,-0.0011312622602470679,0.04105454484219706
2014-07-25,,,,0.10654229326518583,0.06251853843104072,-0.00503950136111575,0.036426186181368614
2014-07-28,,,,0.10557489177601598,0.06351412275163293,-0.004730795592004733,0.03221365626496042
2014-07-29,,,,0.10243895892841604,0.06444692913565486,-0.006479555333059772,0.028644105621029592
2014-07-30,,,,0.10559512276445804,0.0653397608636399,-0.0025710584044329465,0.021487145770457294
2014-07-31,,,,0.08225098985743973,0.0660095091948607,-0.022729493561826075,-0.0008408919886980781
2014-08-01,,,,0.07727299187018666,0.06641036174567683,-0.02632937066392793,-0.010762904212483826
2014-08-04,,,,0.08368816185939765,0.06688433838207164,-0.01964389689467949,-0.0009429953322300788
2014-08-05,,,,0.07448837403627895,0.06711612923576094,-0.027152184982822236,0.0035007196647733885
2014-08-06,,,,0.07287889393084179,0.06716069813132042,-0.027871610370691857,-0.004633218767087888
2014-08-07,,,,0.06869082897553835,0.06722939928244731,-0.030957722693354728,-0.004648608537991428
2014-08-08,,,,0.07558321350760222,0.06728706351671976,-0.023963715040167366,-0.0038836538764308592
2014-08-11,,,,0.08104123207171776,0.06740552797949828,-0.01820418669307966,-0.003964834566200892
2014-08-12,,,,0.07972539848175653,0.06755895171002613,-0.01861550790994071,-0.0009420955098318196
2014-08-13,,,,0.09025710930172126,0.06792375652946236,-0.008227713476012366,0.005631478415803137
2014-08-14,,,,0.09498034833859004,0.06829534319105401,-0.003085252896802282,0.024413390577952443
2014-08-15,,,,0.0993362138973668,0.06857902563021967,0.0,0.013316711351283761
2014-08-18,,,,0.10679065009823785,0.06886219994190301,0.0,0.02239582413027441
2014-08-19,,,,0.1119319793087743,0.0692400861913145,0.0,0.021633299260423566
2014-08-20,,,,0.11087442147581572,0.06958251443682983,0.0,0.015119019738863537
2014-08-21,,,,0.1120625270834692,0.06996886652290413,0.0,0.018327879549618897
2014-08-22,,,,0.11268301730825203,0.0705727224357473,0.0,0.023878475986558456
2014-08-25,,,,0.11552361190627725,0.07117130207599653,0.0,0.027177625671282568
2014-08-26,,,,0.11545323413137365,0.07167467388197046,0.0,0.030020810047783453
2014-08-27,,,,0.11455365270488671,0.0722343146333515,0.0,0.026190790279205345
2014-08-28,,,,0.11220041559503424,0.07265106745071326,-0.0011052314147020903,0.046200744653027925
2014-08-29,,,,0.11520175614026296,0.07314857534573638,0.0,0.05397722633716162
2014-09-02,,,,0.1173471734167828,0.07372731661155107,0.0,0.049832100256813616
2014-09-03,,,,0.10972428013787705,0.07421957046375738,-0.005896182595447663,0.051696765853564974
2014-09-04,,,,0.10770408161804212,0.07472577268939307,-0.00679518134665269,0.051523290282255774
2014-09-05,,,,0.11217533245244793,0.07513258357705954,-0.0017989160409818128,0.060178559439831414
2014-09-08,,,,0.1131636624229766,0.07554420126673844,0.0,0.05458392875272278
2014-09-09,,,,0.10285466110326347,0.07571721802127018,-0.008293490834151762,0.039702527788994635
2014-09-10,,,,0.11088335147918515,0.07603700811211223,-9.994370756249982e-05,0.048731985290221935
2014-09-11,,,,0.10894702034906723,0.07614126597107629,-0.0008995768632237278,0.03691769627918351
2014-09-12,,,,0.10229336061700067,0.07613904723251785,-0.005995537016661112,0.026307318348216313
2014-09-15,,,,0.09075447579049212,0.075874483074442,-0.015587628087838867,0.011499036549353914
2014-09-16,,,,0.09935078421176935,0.07584829305631846,-0.006994556616482184,0.012531740136346947
2014-09-17,,,,0.1001069350384125,0.07613055758571607,-0.005495567993365813,0.008409363849674723
2014-09-18,,,,0.10742725310522094,0.07636415175125255,0.0,0.01600833756998954
2014-09-19,,,,0.1057728136580105,0.0766494046997539,-0.0006200482489365777,0.013325134290586682
2014-09-22,,,,0.09459092466864183,0.07665414484555333,-0.009916188908977608,0.0023789640155433833
2014-09-23,,,,0.09072483834384837,0.07648328026714668,-0.012614952870583451,-0.0038731058480518943
2014-09-24,,,,0.1015114737221452,0.07659256760089472,-0.0020194690650420233,0.005804323891250185
2014-09-25,,,,0.07759075698866225,0.07630013705082028,-0.023010781306624373,-0.015549396069077348
2014-09-26,,,,0.08823246629969206,0.07645127855160516,-0.012614952870583451,-0.0039733334678260235
2014-09-29,,,,0.08592027026981897,0.0761870079763809,-0.013914546001938755,-0.008972986825047435
2014-09-30,,,,0.0865602719579357,0.07595918121434986,-0.012515208514451537,-0.010442698014996421
2014-10-01,,,,0.06838379191240085,0.07533765994039188,-0.02830839821646758,-0.020493686021805235
2014-10-02,,,,0.06761339572847103,0.07460854670723571,-0.02830839821646758,-0.01960708646396403
2014-10-03,,,,0.07731309067510561,0.07404882784880384,-0.018712441187702766,-0.014880790550311107
2014-10-06,,,,0.07423795589141946,0.0735968554912576,-0.020811572411861046,-0.01885454324723701
2014-10-07,,,,0.05830353483508355,0.07290213837790382,-0.03470561957369245,-0.024687615055568046
2014-10-08,,,,0.07814144710297355,0.07259747373986403,-0.01591401619858346,-0.01384863903897482
2014-10-09,,,,0.060123202793208375,0.0720083042444073,-0.031806783599494626,-0.028998239005820547
2014-10-10,,,,0.03318480200345841,0.0714622878442237,-0.05599666485538024,-0.04840463219664781
2014-10-13,,,,0.016647359886928337,0.07077286487493417,-0.07079049443785634,-0.054190426455250074
2014-10-14,,,,0.016398396252016,0.06993100031463229,-0.0706904167672513,-0.062274099741275735
2014-10-15,,,,0.009508518666167198,0.06914531088914111,-0.07668832738547549,-0.06973061617474985
2014-10-16,,,,0.002904920951123602,0.06831538321272212,-0.08248574934801611,-0.08248574934801611
2014-10-17,,,,0.015752643858798487,0.06770530153494092,-0.07039043374129084,-0.0698136733382595
2014-10-20,,,,0.030442217528391602,0.06713379077910431,-0.056496553236696,-0.04704689017830643
2014-10-21,,,,0.05685066113646697,0.06681936673626265,-0.031706872586126145,-0.019335840431296658
2014-10-22,,,,0.05080824688979946,0.06648005669309365,-0.036704923113100474,-0.034755641991896735
2014-10-23,,,,0.06595026972305873,0.06616422224892982,-0.022210909899348152,0.0008187105773245218
2014-10-24,,,,0.07393117855278764,0.0658513172898696,-0.01421411238480752,-0.0016195905729717852
2014-10-27,,,,0.07396884543847215,0.06546401484553832,-0.013514651962609814,0.0004055369011961574
2014-10-28,,,,0.08928532817619872,0.06507842495522831,0.0,0.01407039102524732
2014-10-29,,,,0.08448632199010153,0.06460900537449366,-0.003693280705560298,0.026746256461411155
2014-10-30,,,,0.08602109740452502,0.06421484945256717,-0.0015971235964630237,0.02890645614996168
2014-10-31,,,,0.10016725911044322,0.06399832171069164,0.0,0.03290210177089792
2014-11-03,,,,0.10253530829930368,0.06376892055201733,0.0,0.038178608222024346
2014-11-04,,,,0.09802673570646636,0.06344831552318819,-0.003343153359629314,0.04960097332674507
2014-11-05,,,,0.09732653680245451,0.06312126604042367,-0.0032447891563301967,0.02965994055733856
2014-11-06,,,,0.0999443652515426,0.06282417642704119,-9.787238228264883e-05,0.04986584015665407
2014-11-07,,,,0.09802958585098076,0.062438214680547555,-0.0009828223312972062,0.07581544576990029
2014-11-10,,,,0.10090591238476665,0.06198267596188711,0.0,0.09681543913203527
2014-11-11,,,,0.10332438698906521,0.06151344932444025,0.0,0.10013964774765771
2014-11-12,,,,0.10416432663313757,0.06114847780142907,0.0,0.10923491974588928
2014-11-13,,,,0.10786805282695933,0.060961807643347576,0.0,0.12103732028771041
2014-11-14,,,,0.11024147058728717,0.06070580026906147,0.0,0.10989224938880127
2014-11-17,,,,0.10574269484249244,0.06024907898583698,-0.003003174472928194,0.09026403814926542
2014-11-18,,,,0.11283560567783102,0.060127424715539224,0.0,0.0703001460821373
2014-11-19,,,,0.1066334535779605,0.05974416108070213,-0.004533300635398585,0.07097622488201982
2014-11-20,,,,0.11044190058165948,0.059511823264076336,-9.64053043018831e-05,0.05980356622854033
2014-11-21,,,,0.11153863668413777,0.05950604780833224,0.0,0.053234545777296916
2014-11-24,,,,0.11913557835282673,0.05986036992637711,0.0,0.06069505124553842
2014-11-25,,,,0.1198252728423026,0.060111831260972304,0.0,0.04651621434525377
2014-11-26,,,,0.12603249085797863,0.06044706316106252,0.0,0.05720887080648995
2014-11-28,,,,0.130211848247068,0.0607357891435365,0.0,0.05988821837174019
2014-12-01,,,,0.11646431466478946,0.06085940955049596,-0.011319791481622765,0.033629255080907194
2014-12-02,,,,0.11998305221744743,0.06127102963097664,-0.007358033533709563,0.03471010429884358
2014-12-03,,,,0.12100244057913234,0.06173445574849912,-0.0055655700429447785,0.04005559770618339
2014-12-04,,,,0.1194975627967787,0.06198744075804896,-0.006037316488548772,0.039459620599548995
2014-12-05,,,,0.11862480315354484,0.06268069806252186,-0.005942872834411306,0.03628666331211905
2014-12-08,,,,0.10976515050514513,0.0630620806749358,-0.013017575405708581,0.02982284409443392
2014-12-09,,,,0.11233985737868735,0.06351617843672552,-0.00990502396989379,0.029423466169035573
2014-12-10,,,,0.09403582624815066,0.06367891149969229,-0.025469353899245095,0.010070471128452496
2014-12-11,,,,0.09840937323396859,0.06428448511065521,-0.020847119472480635,0.01307839322806692
2014-12-12,,,,0.08570500973232331,0.06470820077801953,-0.03150690630033537,-0.0022355065750740977
2014-12-15,,,,0.07378074682899571,0.06472662739977042,-0.04150590209928351,-0.015598093281013914
2014-12-16,,,,0.05600695772649544,0.06460035573379841,-0.056881580632901496,-0.028471702825330958
2014-12-17,,,,0.07458268609201091,0.06506358668058354,-0.03971351724603245,-0.018132720113049117
2014-12-18,,,,0.09963582191324805,0.06550437728775704,-0.016602345112210593,0.010076817987747733
2014-12-19,,,,0.10361039694499219,0.06632550675984228,-0.01227539454996418,0.010019398713850158
2014-12-22,,,,0.10548569063495061,0.06769984034311105,-0.009813725816310459,0.010586787823628985
2014-12-23,,,,0.10070300321081516,0.0693044423322835,-0.01331686978343305,-0.0007804391993266879
2014-12-24,,,,0.10079688992884828,0.07093731448710594,-0.012464753683322116,-0.0014437559760579477
2014-12-26,,,,0.10762840906638349,0.07273635563481617,-0.005458229836535433,-0.0008399564568848383
2014-12-29,,,,0.10640640901018772,0.07461674036366284,-0.00564798215746265,-0.00564798215746265
2014-12-30,,,,0.09811507463825175,0.0761758956350278,-0.01227539454996418,-0.0009665441465380731
2014-12-31,,,,0.0860676571044503,0.07733720983491077,-0.02240650137218525,-0.015160015742681887
2015-01-02,,,,0.08201625758035669,0.07790236308484788,-0.0253417252142617,-0.019886836754205106
2015-01-05,,,,0.06546510825548513,0.07835365393288152,-0.039638654332844414,-0.033805431935925
2015-01-06,,,,0.05052539965272729,0.07823168079644738,-0.052515389951242386,-0.046850946333060306
2015-01-07,,,,0.06329109951551737,0.07809661257151723,-0.04030156857462508,-0.027643849058540004
2015-01-08,,,,0.08275850873716606,0.07826045969601969,-0.021933024901276466,-0.012148330435540977
2015-01-09,,,,0.07472866996476912,0.07794525567778843,-0.028371707260530843,-0.002978206352872048
2015-01-12,,,,0.06266430970712178,0.0775167361189446,-0.03850249953269658,-0.018031280315188414
2015-01-13,,,,0.061504631745880056,0.0770500634060367,-0.03878638095770581,-0.007516289692436229
2015-01-14,,,,0.05487356935298071,0.07624585993974398,-0.04408898715432619,-0.00269494101288692
2015-01-15,,,,0.040576656555279866,0.07526611077529788,-0.05649193175175993,0.0004131494763965904
2015-01-16,,,,0.052126089355229555,0.07454960092940666,-0.04541410790026279,-0.0059363437438813005
2015-01-20,,,,0.0597186064354267,0.07391456651553385,-0.03783989984097136,-0.02159610064474282
2015-01-21,,,,0.06422452774182319,0.07316247879173932,-0.03291624782360847,-0.02089737681915882
2015-01-22,,,,0.08283243592697742,0.07267295574160482,-0.01502118062116875,-0.00525906583501301
2015-01-23,,,,0.08417251588325825,0.07218849042391362,-0.012843707862579712,0.0004795479991124285
2015-01-26,,,,0.0819635213504526,0.07170213601126996,-0.013979784025213715,-0.001534153183435527
2015-01-27,,,,0.05297762317500543,0.07061909148428258,-0.039543738853623944,-0.034272576617356276
2015-01-28,,,,0.046626507750154644,0.06931359318815322,-0.04446746950850056,-0.03903998448684731
2015-01-29,,,,0.05570854149797988,0.06812793836345588,-0.03528323699058322,-0.023293782815237307
2015-01-30,,,,0.04661256106637324,0.06690381069841522,-0.04276315867076497,-0.020823233099599103
2015-02-02,,,,0.05481876226317839,0.06571839804390844,-0.03443112089047229,-0.009325725653136052
2015-02-03,,,,0.0639914738481544,0.06478152456854813,-0.025152366080903654,0.01508420587448489
2015-02-04,,,,0.06214029440997715,0.06377290729000817,-0.026004246268473086,0.027980553353162296
2015-02-05,,,,0.07039030663412449,0.0628972525921756,-0.017577686196529108,0.0236781489205371
2015-02-06,,,,0.0629521245338267,0.061719622779871974,-0.0235426561723332,-0.0016457270432775895
2015-02-09,,,,0.058679076702427,0.06050621686054081,-0.02666731778528142,0.001754157930543565
2015-02-10,,,,0.07410780494910041,0.05932181457218677,-0.011518115291559994,0.028064955164232686
2015-02-11,,,,0.07696127904014571,0.05811191681519512,-0.007920055845216822,0.03211182665435253
2015-02-12,,,,0.08840447410539154,0.057371360591089715,0.0,0.049921207089618
2015-02-13,,,,0.09660634824765268,0.056696176571403134,0.0,0.07285497074434466
2015-02-17,,,,0.09650016063929545,0.05601262520148076,0.0,0.061396409031502897
2015-02-18,,,,0.09688899994235434,0.055354725550090356,0.0,0.054517296270987226
2015-02-19,,,,0.10115802587523826,0.05480055292523711,0.0,0.054337231394223195
2015-02-20,,,,0.10725479041194519,0.05444765111873595,0.0,0.04210343027404995
2015-02-23,,,,0.10709375715618474,0.054031682700428796,0.0,0.04085962128210796
2015-02-24,,,,0.10661867880753628,0.05395944239495032,0.0,0.04282713771219937
2015-02-25,,,,0.10261503456381149,0.05376451977265995,-0.0024864247342973878,0.0679215891379823
2015-02-26,,,,0.10700647217502968,0.05395727795216576,0.0,0.078874485715412
2015-02-27,,,,0.10095754426772907,0.05429551166088542,-0.004408477354044038,0.06389254228211105
2015-03-02,,,,0.1096531295196248,0.05508454192633394,0.0,0.0818991493805521
2015-03-03,,,,0.10322045929458445,0.055391635463764466,-0.0046627429171592905,0.06756219351983517
2015-03-04,,,,0.09776826439258035,0.05517147375367215,-0.00850253718455285,0.05332174425100167
2015-03-05,,,,0.09851912301287657,0.054919919200777656,-0.006765218019887498,0.05609026786282323
2015-03-06,,,,0.08497484994823346,0.05441650495381389,-0.018010563022011983,0.03517740144939796
2015-03-09,,,,0.08702697654329028,0.05407914632962707,-0.01517648520286996,0.04450691158510445
2015-03-10,,,,0.06591576635793195,0.05344778990720389,-0.033461313820282834,0.028404858508934705
2015-03-11,,,,0.05891061774374018,0.05261204494778471,-0.03903812352521496,0.006800976857315177
2015-03-12,,,,0.06502497112251993,0.05194283997092253,-0.03273009076277722,0.009734492160305086
2015-03-13,,,,0.05957266071600009,0.05133260832345221,-0.036935420627141835,-0.006226477451496737
2015-03-16,,,,0.07237886666457971,0.05117032387054854,-0.02450159137828034,-0.0019642145344261897
2015-03-17,,,,0.07320501782975519,0.05109625731862111,-0.022947571534572164,-0.001308330409892311
2015-03-18,,,,0.08279810951468947,0.05147595320691978,-0.013347896036634332,0.007092078751409714
2015-03-19,,,,0.08344185249601122,0.05214920277558255,-0.011884842467369872,0.0036218689250864244
2015-03-20,,,,0.08946843349047562,0.0526838801195082,-0.005489108497100492,0.003409043549462698
2015-03-23,,,,0.08643088635809093,0.052838514601094344,-0.00741337170824341,0.0004526192449660904
2015-03-24,,,,0.08164411610033673,0.05309893702304258,-0.010987176944438293,-0.003883891490258806
2015-03-25,,,,0.05616360271742482,0.05320465675122943,-0.03362107428892169,-0.024254231543250904
2015-03-26,,,,0.051862788110435876,0.05327148428988182,-0.03691947495299064,-0.0324968543840104
2015-03-27,,,,0.055344893743449974,0.05351082888767955,-0.033071100394268194,-0.02432958654804329
2015-03-30,,,,0.0666093848950311,0.054145458719770945,-0.021983389770895645,-0.021983389770895645
2015-03-31,,,,0.054563474452249405,0.05439383845886714,-0.0323379790422208,-0.02780488314701768
2015-04-01,,,,0.048355753912696864,0.05440589774789828,-0.03737764732360216,-0.029122727210068478
2015-04-02,,,,0.04833799070844025,0.05432733516382826,-0.036736479359160024,-0.030175404529754757
2015-04-06,,,,0.05617547222092223,0.054026284225991095,-0.028855899398286144,-0.011044249528436967
2015-04-07,,,,0.05365109718125738,0.05365043204588282,-0.03050536549155658,-0.01556510385705423
2015-04-08,,,,0.0612426206194987,0.05342775528501709,-0.022808084851639876,0.011022040939458133
2015-04-09,,,,0.06709801475386068,0.05384034803931592,-0.01666862064451502,0.023278241757894502
2015-04-10,,,,0.07063124263594789,0.05441514042751283,-0.012636491174145337,0.020773518742537522
2015-04-13,,,,0.06715469033430121,0.05478801724176052,-0.015110728279941643,0.022661712220183983
2015-04-14,,,,0.0633055881456539,0.055274050519776186,-0.01795133623230749,0.006714777890030277
2015-04-15,,,,0.06916432516597681,0.05570435485552028,-0.011811720161619244,0.011397393884423401
2015-04-16,,,,0.06690694394032493,0.05592672096799789,-0.013186161341672054,0.00016392271836496164
2015-04-17,,,,0.04964598274881915,0.055975102751057104,-0.02858079855328699,-0.01689677155404401
2015-04-20,,,,0.06468837275597239,0.05608757847263646,-0.014010932354198036,-0.008568859255246086
2015-04-21,,,,0.06854415669194491,0.05642223617966047,-0.009795883221779378,-0.0024003058731875138
2015-04-22,,,,0.07363307962508525,0.056892310890970244,-0.004389540366701916,0.006670931280094994
2015-04-23,,,,0.07685518535776192,0.05704652549006317,-0.0006325117413313874,0.03413626029077221
2015-04-24,,,,0.09058749894835239,0.05737674686437266,0.0,0.051760251924213074
2015-04-27,,,,0.08694609996848746,0.05741033247819782,-0.002533058850533565,0.044920681576723576
2015-04-28,,,,0.08394547346688674,0.05726461337352662,-0.004523463946546347,0.03101302534021011
2015-04-29,,,,0.07638982532368721,0.05702894338130471,-0.010765668780460036,0.035511291185996274
2015-04-30,,,,0.0587860194730927,0.05649815354009924,-0.026325416240692068,0.0245596457272248
2015-05-01,,,,0.07201894829741495,0.05608912380878173,-0.013479237403184019,0.037386211328839236
2015-05-04,,,,0.07297593177843975,0.055500248275635045,-0.011851126214561636,0.030666258421234938
2015-05-05,,,,0.05486187079255411,0.054710413289001725,-0.027954202092084324,0.015595275959708221
2015-05-06,,,,0.04700557059836341,0.05379275215780144,-0.03464850594430369,0.0006563662161385153
2015-05-07,,,,0.052688680512933406,0.05305267046915163,-0.02885877494134559,0.0003727357001188647
2015-05-08,,,,0.06518830702865452,0.0524311241498745,-0.016736134443198547,0.008724018223993601
2015-05-11,,,,0.060450370057361535,0.051837873433232984,-0.020535910125323853,0.007350174762958295
2015-05-12,,,,0.05503898534253859,0.050963793185696105,-0.024968594448065096,0.005691895232942112
2015-05-13,,,,0.05656967346553232,0.05022355597494954,-0.022978639127232303,0.0014833075268252394
2015-05-14,,,,0.07130458003965323,0.049785356244909984,-0.0086850087983521,0.017550090958350584
2015-05-15,,,,0.07060276178844949,0.049330017828909556,-0.0086850087983521,0.033675790832946806
2015-05-18,,,,0.07446108987952416,0.049084517007058404,-0.004342879211825967,0.02286203458153424
2015-05-19,,,,0.0724494167447125,0.048744036009712444,-0.005427886870747689,0.017398059783108488
2015-05-20,,,,0.07232190689558227,0.04883609299561975,-0.004794978230131641,0.012517324901709648
2015-05-21,,,,0.07699726777442262,0.04909149686434944,0.0,0.013937437895978455
2015-05-22,,,,0.07504961124615495,0.04919316734586254,-0.0009946929228430434,-0.0006334333783258872
2015-05-26,,,,0.06187571033320194,0.0491865423115454,-0.012479671890715416,-0.009613859156106574
2015-05-27,,,,0.07810700011922656,0.04920292819665906,0.0,0.008360759372137316
2015-05-28,,,,0.0748395971000313,0.049178825714449426,-0.002253432479881745,0.012437043359756705
2015-05-29,,,,0.06763236965047992,0.048855009745629285,-0.00820152340250302,0.02248411075465917
2015-06-01,,,,0.07045370629983183,0.04860456046004824,-0.004866891405016505,0.012562665342470414
2015-06-02,,,,0.06633987409398512,0.04819437664104087,-0.008020950088953649,0.007690315450636032
2015-06-03,,,,0.0688215487645012,0.04789620314548104,-0.005047016645827518,0.02745496695518934
2015-06-04,,,,0.060061657133940516,0.047591614541590666,-0.012617280238804818,0.026708160338418496
2015-06-05,,,,0.056961546637656735,0.04775559585190736,-0.014960700660302417,0.018164924768170998
2015-06-08,,,,0.04570608747647298,0.04783061988395221,-0.024964223258813645,-0.004600457827243276
2015-06-09,,,,0.04346534100425625,0.047808796664846165,-0.026586321250379852,-0.002401261467793403
2015-06-10,,,,0.05718788777940409,0.04777179409285015,-0.013248241333171706,0.01586563518472528
2015-06-11,,,,0.058166561658703264,0.04799326448325458,-0.011806417939996039,0.01527790426842035
2015-06-12,,,,0.04897117721183131,0.04819748853603323,-0.019917206612986016,-0.007574178736764692
2015-06-15,,,,0.04328358156072065,0.0483121925526675,-0.024783649945264163,-0.012501909386924193
2015-06-16,,,,0.04845524713493865,0.04833943806110752,-0.019466520117009667,-0.01144784425071288
2015-06-17,,,,0.050831931056098734,0.04846249938166558,-0.016762998571469456,-0.007640799873978588
2015-06-18,,,,0.06555858644533896,0.04866410337348115,-0.0024335577206927583,0.006181289245062782
2015-06-19,,,,0.059704065507291126,0.048629346696964726,-0.007365643709137171,-0.003954342740577599
2015-06-22,,,,0.06687892462926204,0.04862070945809882,-4.898928605812092e-05,0.004386512354004113
2015-06-23,,,,0.06713156099751516,0.04870175729314741,0.0,0.01689408248403823
2015-06-24,,,,0.06106868173078239,0.0487707782284621,-0.005144946040263831,-0.004384541102197659
2015-06-25,,,,0.058349283159997656,0.04863842329496082,-0.007130780145061744,-0.004127762207844166
2015-06-26,,,,0.050806693710712336,0.04847230074997411,-0.013719955603041512,-0.004803981429213233
2015-06-29,,,,0.025612857960503277,0.048258573544952554,-0.03700739009073861,-0.03155803694447168
2015-06-30,,,,0.028838324203684707,0.04776863014275157,-0.03357732656822465,-0.02501837460741052
2015-07-01,,,,0.03648571791852717,0.04726369919068296,-0.025905165601341595,-0.020215640504086863
2015-07-02,,,,0.03629488182548335,0.04669326296771947,-0.02563428863604722,-0.01242908548496191
2015-07-06,,,,0.03343729690109498,0.04601687200716609,-0.027890701219125402,-0.012372075977671204
2015-07-07,,,,0.03559274551097902,0.04513326912153559,-0.025453927857778114,0.0002617108321247841
2015-07-08,,,,0.017222750005418286,0.04403450532728481,-0.042422541500515165,-0.015516843766096522
2015-07-09,,,,0.016267063902343226,0.04292394584874071,-0.042964444674611135,-0.029373857210321708
2015-07-10,,,,0.031315435507480505,0.04216231600678211,-0.0283422374497031,-0.0159818333331192
2015-07-13,,,,0.04889354127204548,0.0420501618762914,-0.011282659889419566,0.009581088904598856
2015-07-14,,,,0.05511431109471854,0.041665047356180596,-0.0047840752402186215,0.021287845993353205
2015-07-15,,,,0.05563550795839456,0.04131441412919257,-0.003700865866054892,0.016855276533237262
2015-07-16,,,,0.06983319678775679,0.041517831209941125,0.0,0.028391075187515824
2015-07-17,,,,0.08479286941669306,0.04210197033723584,0.0,0.028559534233022488
2015-07-20,,,,0.08760486857505034,0.04254046251174737,0.0,0.03721930970477705
2015-07-21,,,,0.08602976025325182,0.042713415581556946,-0.0006142844304465322,0.02899747700284694
2015-07-22,,,,0.07294983634641383,0.04283150736115826,-0.01193230642152443,0.016517301277420016
2015-07-23,,,,0.06818306343168068,0.04297305911801841,-0.015616707404988772,0.017964185490652484
2015-07-24,,,,0.05693931033652433,0.04284953687231852,-0.02526762426566387,0.010000105972337803
2015-07-27,,,,0.04756164154504017,0.0423895122254796,-0.033339418876338955,0.008328025798176819
2015-07-28,,,,0.055837252308322816,0.041985483307498406,-0.025004836157090593,0.041615856198205625
2015-07-29,,,,0.05892813422655041,0.04143144853364311,-0.02131949224086016,0.04184210101636543
2015-07-30,,,,0.06295597219631954,0.04090297717236191,-0.016669455571655556,0.038547499514507866
2015-07-31,,,,0.06072962989023889,0.0403445355506411,-0.017810041552145717,0.03705448138775003
2015-08-03,,,,0.056412460795277175,0.0396011438901227,-0.0208809559713502,0.036211661531368566
2015-08-04,,,,0.0534094099734117,0.038822255365809744,-0.022723446596241148,0.031675647398293316
2015-08-05,,,,0.06053869494680897,0.03846347862169308,-0.015178026068899508,0.05806388617202818
2015-08-06,,,,0.04270241449678136,0.03758971874530115,-0.03097055416811456,0.04168635778670904
2015-08-07,,,,0.04068106982635511,0.03686512208791948,-0.0321989054291385,0.02470972895850787
2015-08-10,,,,0.051774333646858794,0.036417455415421296,-0.021144396879530847,0.018531712368261344
2015-08-11,,,,0.037651775099999396,0.035771422091739336,-0.033690189865315134,-0.0010881914989097075
2015-08-12,,,,0.040608487650240166,0.03528364390333083,-0.03035626973766814,0.0012684136246272626
2015-08-13,,,,0.038304157138251194,0.03471275238074778,-0.03193560958753727,-0.014293481736878055
2015-08-14,,,,0.03935808274498709,0.03439574231159703,-0.030444180084781225,-0.02711513299844237
2015-08-17,,,,0.047397728409992235,0.03423824358804972,-0.022372603073975372,-0.022372603073975372
2015-08-18,,,,0.04146883338723639,0.034219711043575796,-0.027373483265445753,-0.026775646697880906
2015-08-19,,,,0.03414628075118009,0.034199730580101395,-0.03377788261255921,-0.02210939223396402
2015-08-20,,,,0.0052122139373127485,0.03349239044701502,-0.060537153980848135,-0.04563308511407271
2015-08-21,,,,-0.03880620519066724,0.032087408667322403,-0.10159716127914775,-0.0783081991669553
2015-08-24,,,,-0.07569976002643264,0.030302607820715366,-0.1361645687500621,-0.10637151434704994
2015-08-25,,,,-0.07905382842215547,0.028582336272377606,-0.13941065106388562,-0.11733987936500989
2015-08-26,,,,-0.0327765326524746,0.027436201027014162,-0.09606990700434392,-0.07637877138744487
2015-08-27,,,,-0.008484799577982982,0.026615556478075897,-0.07317100238032492,-0.05745936310919375
2015-08-28,,,,-0.008867242494871808,0.025510021249254056,-0.07334646040810278,-0.05654346023219459
2015-08-31,,,,-0.021284069584066923,0.024333089963508803,-0.0848396502937997,-0.06532269463301132
2015-09-01,,,,-0.05182744483244095,0.02257009990919734,-0.11344112215382096,-0.09282702551454747
2015-09-02,,,,-0.025155483788784294,0.021203568051427313,-0.0884367211964685,-0.0743877544031063
2015-09-03,,,,-0.030001379257903804,0.019858181401614994,-0.09291137237118507,-0.06392047060024675
2015-09-04,,,,-0.04151117852747388,0.01841870027471515,-0.10370251254590179,-0.07388254416933593
2015-09-08,,,,-0.014614559657958215,0.01749682715761458,-0.07843503334681723,-0.05852817952377354
2015-09-09,,,,-0.025732165562784126,0.01691585967014575,-0.08878778231860351,-0.057018558515522955
2015-09-10,,,,-0.015223421416963423,0.016431237867961412,-0.0788736421496169,-0.05003628745046662
2015-09-11,,,,-0.009864721431840251,0.015906697748576226,-0.07378499667761262,-0.0432299622881952
2015-09-14,,,,-0.01292548824283346,0.015339379455423297,-0.07659283285508511,-0.04759772652835936
2015-09-15,,,,-0.0013820572141159948,0.015024675526231102,-0.06571320206693765,-0.04433243087216987
2015-09-16,,,,0.004151952043329965,0.014766486178189986,-0.060449461233604174,-0.03400686429895605
2015-09-17,,,,0.004377044607929648,0.014809850996270857,-0.060098400111469163,-0.02724064894113354
2015-09-18,,,,-0.009965827518812254,0.014671071684098536,-0.07346635793597245,-0.013762336647915374
2015-09-21,,,,-0.006929496880612618,0.014283835136771339,-0.07056422848189348,0.03454233608771662
2015-09-22,,,,-0.02177004905278368,0.01331826355460719,-0.08446001105552403,0.059854638770400426
2015-09-23,,,,-0.021014823336673483,0.012229395937124465,-0.08375636561217048,0.06466996776164691
2015-09-24,,,,-0.024598999250749598,0.011029406448039847,-0.08709848200155323,0.009924910203021442
2015-09-25,,,,-0.03282649767110546,0.009428814471577063,-0.09483785654554555,-0.023377402110709045
2015-09-28,,,,-0.06026286350736487,0.00702940972362609,-0.12060668584301781,-0.051000965750078175
2015-09-29,,,,-0.06500808190914187,0.004506051410265055,-0.12517961962527413,-0.04407967340851804
2015-09-30,,,,-0.043491591780859484,0.002265070373704603,-0.10503995387463039,0.00947615379996014
2015-10-01,,,,-0.03924401378546927,0.00028161106707358385,-0.10099404697531467,-0.013775594158782045
2015-10-02,,,,-0.02265416702118872,-0.001445992952079922,-0.08525134924612165,0.008444624804840872
2015-10-05,,,,-0.008876080869465675,-0.002672090911815528,-0.07214704992966814,0.03520646108901393
2015-10-06,,,,-0.013660249274875524,-0.003682360428739595,-0.07654496088388485,0.0020509378408735124
2015-10-07,,,,-0.00783711442212498,-0.004760363201110507,-0.07100407035061795,0.019516542494608657
2015-10-08,,,,-0.0039950491622696704,-0.005845531955042005,-0.06731016750620322,0.01255362474959365
2015-10-09,,,,0.00036986002106553784,-0.006979137959744142,-0.06308858497924064,0.011548519145126557
2015-10-12,,,,0.0026597545647852883,-0.008047189126448417,-0.06080197302153301,0.0171006468169137
2015-10-13,,,,-0.00390266509821946,-0.00911263939581708,-0.06629683885621918,-0.001238587665362445
2015-10-14,,,,-0.005575634968797205,-0.010163523286153775,-0.05711487773876078,-0.008425529418213173
2015-10-15,,,,0.010565367920138069,-0.011161659149266256,-0.038468373856574756,0.007485756134527843
2015-10-16,,,,0.01452265585676793,-0.011808077850359755,-0.03444974511908183,0.026293126090063845
2015-10-19,,,,0.020028153912737823,-0.012354614312727219,-0.028913018484896802,0.028955229937442928
2015-10-20,,,,0.014420112024175369,-0.01328504836038591,-0.03391408016649877,0.039192885123854104
2015-10-21,,,,0.007846389315044444,-0.014103031097536856,-0.03980779401712409,0.03205997636328495
2015-10-22,,,,0.027937731000847732,-0.0146229935518003,-0.02025060988691818,0.0569362733063159
2015-10-23,,,,0.05619745309477642,-0.014586599704651593,0.0,0.09580227681678366
2015-10-26,,,,0.056311968147661595,-0.014603247685112675,0.0,0.1286131239238284
2015-10-27,,,,0.05785849620491468,-0.014808135643135878,0.0,0.1368246282423855
2015-10-28,,,,0.06599353295834343,-0.014775353583110329,0.0,0.12047968770552853
2015-10-29,,,,0.06363524489340566,-0.014657482661186272,-0.0015785709000321058,0.1136762588819411
2015-10-30,,,,0.05815935101467873,-0.014103203760958527,-0.006051574220137579,0.08960655697148434
2015-11-02,,,,0.06938686348238088,-0.012445010689543956,0.0,0.08635033909214895
2015-11-03,,,,0.07241362679627805,-0.009963286492885914,0.0,0.09533356923182046
2015-11-04,,,,0.07182754874003883,-0.007390753605082567,0.0,0.08889528426927984
2015-11-05,,,,0.06837067369704641,-0.005695835062619836,-0.0026953882195093204,0.08165936076532287
2015-11-06,,,,0.06855560989691445,-0.004465684981653006,-0.0019997255208399345,0.0775366697414297
2015-11-09,,,,0.056699358896003194,-0.0034090884422059986,-0.012606466436461683,0.06348908098306283
2015-11-10,,,,0.05338599562226709,-0.0022752957588055844,-0.015127831426773986,0.06767193326682652
2015-11-11,,,,0.051452152215036184,-0.0005818605752336836,-0.016345061891895662,0.06806386462529357
2015-11-12,,,,0.04070429007102816,0.00047295178587014597,-0.025908452165553042,0.040587008468341956
2015-11-13,,,,0.019821518379625536,0.0012784651223445298,-0.04503573463400701,0.01590812962083632
2015-11-16,,,,0.03400416133192996,0.002571433172378512,-0.03129865498041284,0.024646282314305434
2015-11-17,,,,0.034209570261921174,0.0033852029003864637,-0.030690326559931425,0.03059728072962753
2015-11-18,,,,0.05350000209681127,0.004709584617516471,-0.012084683560949827,0.056826610608891936
2015-11-19,,,,0.05372003749589238,0.005875924855239578,-0.011389307674359861,0.03645988848465609
2015-11-20,,,,0.06026252278463384,0.007011486180767301,-0.004694683522230125,0.015073923895233099
2015-11-23,,,,0.05661543665832447,0.00814389426365536,-0.007563951564896865,0.01151936948547716
2015-11-24,,,,0.05518278386540021,0.009106479092847453,-0.008433422383703815,0.008577887323378608
2015-11-25,,,,0.05561466259822412,0.009988894584480157,-0.007563951564896865,0.0011400227252293949
2015-11-27,,,,0.05665207390039284,0.010941812875343793,-0.006172841276617769,0.004128421391375037
2015-11-30,,,,0.05358880628780183,0.012177049521902239,-0.00869406286089025,0.006088418738013912
2015-12-01,,,,0.06368532737289367,0.013512315207125702,0.0,0.004798837133995759
2015-12-02,,,,0.05673519467987309,0.015047387518730027,-0.00616512267653091,-0.0048689868292325356
2015-12-03,,,,0.03855562661733192,0.01632411109842402,-0.023011249132373846,-0.02182216876682419
2015-12-04,,,,0.062465360893659616,0.018065771285736165,-0.00017345360595866222,0.003748915346755144
2015-12-07,,,,0.05733238313734201,0.01990224093619175,-0.004688905013596978,-0.0014807603535575975
2015-12-08,,,,0.05709359878188924,0.022283062798042153,-0.004602034978903435,0.00933358091394565
2015-12-09,,,,0.040792434948710765,0.0245069525054169,-0.019711476899445857,-0.003442628500662681
2015-12-10,,,,0.045239840255441255,0.02640333711507936,-0.015282895526501195,0.0022982173143499818
2015-12-11,,,,0.02103463624755797,0.027834021341565318,-0.03794695098352918,-0.011156647982448975
2015-12-14,,,,0.028632957520959623,0.02909552343494659,-0.030652875935267332,0.01629656637804433
2015-12-15,,,,0.034698575530750064,0.030151113532257634,-0.024748076899388627,0.00798754395847201
2015-12-16,,,,0.049779884759960424,0.03150691728191157,-0.010246581989986958,0.022333792017010357
2015-12-17,,,,0.03427947035482415,0.032528105833829146,-0.024661278480552107,-0.01152884522984532
2015-12-18,,,,0.014275852888123941,0.03311920301545945,-0.04337049145952254,-0.031171908850679553
2015-12-21,,,,0.02533385487496309,0.033803453819201135,-0.03274405896334043,-0.0269988920058728
2015-12-22,,,,0.03173478773921046,0.03444495607595166,-0.026385788320141268,-0.017771284633887108
2015-12-23,,,,0.038985770457790725,0.03529766623153341,-0.019156239159149657,-0.009610090479302724
2015-12-24,,,,0.03842482229436328,0.036210869282769176,-0.01933076700296521,-0.010653840740690423
2015-12-28,,,,0.03747717929794181,0.036773582073043265,-0.01985313306484071,-0.012564929033049399
2015-12-29,,,,0.053374925166622234,0.037559172153073694,-0.00443617265380003,0.005517547966704006
2015-12-30,,,,0.04352339968175856,0.03809777979736517,-0.013407491075948075,-0.013407491075948075
2015-12-31,,,,0.030294976505303994,0.03859628585649566,-0.025688894414450103,-0.01964488486306637
2016-01-04,,,,0.008441527736955612,0.038901558703681394,-0.04624493711698052,-0.023780916580639855
2016-01-05,,,,0.0066167656508802075,0.03881188752416698,-0.047899693111729036,-0.04773451923025962
2016-01-06,,,,-0.003088299833176933,0.03800542355016745,-0.05704532453012123,-0.05260307031666256
2016-01-07,,,,-0.034206285426321426,0.036705177101236774,-0.08657261403894245,-0.08234955459076276
2016-01-08,,,,-0.04209823380447819,0.0351281800270391,-0.09406305976744322,-0.07584663200261776
2016-01-11,,,,-0.03915339597255074,0.03340518332843767,-0.0912761286873931,-0.0771726547814191
2016-01-12,,,,-0.02804701142437216,0.03190042680035754,-0.08073678107347582,-0.044477620162101994
2016-01-13,,,,-0.06139607479470732,0.030048601966748967,-0.11244162233406396,-0.08437508542433636
2016-01-14,,,,-0.04137637531669336,0.028204924111027152,-0.09354040724213919,-0.07053801044968944
2016-01-15,,,,-0.07098386237479559,0.025819407310993192,-0.12167419540300672,-0.1125811857634752
2016-01-19,,,,-0.06881812922775044,0.02346474436353918,-0.11975825637732052,-0.09750148927607416
2016-01-20,,,,-0.07148530981183698,0.021163954776086236,-0.12245781611167716,-0.08267288845481835
2016-01-21,,,,-0.07038709630272999,0.018852871522178072,-0.12158711052074178,-0.0918506134603666
2016-01-22,,,,-0.043380952765840086,0.01720576182798461,-0.0961535266369451,-0.07165850444646626
2016-01-25,,,,-0.05739326020280966,0.015430894038398701,-0.10956724829246312,-0.09217676937232755
2016-01-26,,,,-0.04874521221241257,0.013828168907663141,-0.10155386357522977,-0.08384386274766831
2016-01-27,,,,-0.07218634572760785,0.012060538332695714,-0.1239388320370386,-0.10619398223213783
2016-01-28,,,,-0.05889905248206462,0.010878163767886528,-0.11157055866384291,-0.10761177040313219
2016-01-29,,,,-0.039119203481935205,0.009729444794835285,-0.09301804118026369,-0.08069243318210118
2016-02-01,,,,-0.036426732555276065,0.008599268785582925,-0.09057923478170193,-0.06660125292142027
2016-02-02,,,,-0.05715136542870358,0.006685367086453287,-0.11026392735058277,-0.06712309347023038
2016-02-03,,,,-0.06145290414637894,0.00476163109789951,-0.11453187435599443,-0.0699844131570947
2016-02-04,,,,-0.061303880358724916,0.0027149535941546343,-0.11461910246997364,-0.0610567818767781
2016-02-05,,,,-0.09349631397750657,0.00026599811878780244,-0.14536558033050428,-0.06436523274338135
2016-02-08,,,,-0.10687605315680349,-0.002356091007876926,-0.15843074760939102,-0.07105095838726305
2016-02-09,,,,-0.10909906390112378,-0.0049735507024459835,-0.16104393862005406,-0.07677558842146937
2016-02-10,,,,-0.10515065300434712,-0.007585040141590449,-0.15782129666525058,-0.08385467187710471
2016-02-11,,,,-0.10592308949399831,-0.010175572376857511,-0.15904034178524584,-0.052502145913742915
2016-02-12,,,,-0.09186982025559054,-0.012805882692438653,-0.1462365723848682,-0.05813404763294894
2016-02-16,,,,-0.07111238850356871,-0.015076618445444279,-0.12698744745902646,-0.006049295179773928
2016-02-17,,,,-0.04982396761586205,-0.016608513088054444,-0.10721567000788057,0.014249024725662585
2016-02-18,,,,-0.060362501851608075,-0.018783089017924692,-0.1174063200134523,0.005756413983248221
2016-02-19,,,,-0.05736265736788093,-0.020901085082837723,-0.11479334385036066,0.007734138184616768
2016-02-22,,,,-0.04194307648134421,-0.022823835405091142,-0.10042183172164232,-0.004722378424308671
2016-02-23,,,,-0.05749676124255576,-0.024634960792888627,-0.11522883987754262,-0.006358247239022341
2016-02-24,,,,-0.04826281058394832,-0.026344997455995722,-0.10678010236484159,-0.005816975083680398
2016-02-25,,,,-0.038716498267968746,-0.027449667306306047,-0.09798281047550927,0.029628092775625392
2016-02-26,,,,-0.03976663678751624,-0.028750427647556198,-0.09911520040838229,0.014019524428105834
2016-02-29,,,,-0.04819471179398083,-0.030298523645588493,-0.10706078648139394,-0.01565370588637993
2016-03-01,,,,-0.017509738943148667,-0.03162286300156203,-0.07839944599822102,0.013217131501555901
2016-03-02,,,,-0.01700581898187603,-0.03263449365683835,-0.07805097440965048,0.036025332166748525
2016-03-03,,,,-0.018700509545317323,-0.03325410642166615,-0.07585327107025719,0.03905157942710913
2016-03-04,,,,-0.018173233428837143,-0.03410034598215361,-0.07550352323111187,0.039547220126123994
2016-03-07,,,,-0.024024636684991996,-0.03517107859663948,-0.08118991091860672,0.07032207905214127
2016-03-08,,,,-0.031859216719539396,-0.03649397570285595,-0.08880163816075515,0.07793402148111706
2016-03-09,,,,-0.02541389820221507,-0.037724093184553276,-0.08293980107390286,0.08824764916533279
2016-03-10,,,,-0.026734118403024643,-0.03902252012117091,-0.08433936791026886,0.0824289427218523
2016-03-11,,,,-0.009550420113094815,-0.04031397033809914,-0.06832916062532779,0.10295158348467637
2016-03-14,,,,-0.007729416589847382,-0.041399824836328314,-0.06675436019452363,0.08824713142634732
2016-03-15,,,,-0.007983051439370392,-0.04225847266581806,-0.06710432383858833,0.06385319108041831
2016-03-16,,,,0.0009475975196420183,-0.04252732684902849,-0.05879281317825691,0.049561240894848035
2016-03-17,,,,0.00046837014101419605,-0.04278483375200337,-0.05931772267686719,0.0610876437987089
2016-03-18,,,,0.002123076341715713,-0.042808518558062336,-0.057843271533518426,0.05961376593343748
2016-03-21,,,,0.0060707924378451406,-0.04217874481696193,-0.05415825866722912,0.04676375802583177
2016-03-22,,,,0.009151671254780558,-0.04135353948877463,-0.05126237245569598,0.0675402931246456
2016-03-23,,,,0.0008355339597989619,-0.04076334246370583,-0.059072064743777686,0.04873818749530967
2016-03-24,,,,0.0010966428410625895,-0.04040207874002599,-0.05880885467725516,0.03880044613764455
2016-03-28,,,,-0.0002469250338363871,-0.03931901434419227,-0.05157861682060638,0.03865159271456742
2016-03-29,,,,0.0157908653661476,-0.038388734460129026,-0.024201444149676732,0.0649059776706693
2016-03-30,,,,0.020653202648176272,-0.036822225624319804,0.0,0.03681253096234749
2016-03-31,,,,0.019057758219778842,-0.03534361897051563,-0.0014631846285779737,0.03490416934607765
2016-04-01,,,,0.029752315033713783,-0.03361713869319716,0.0,0.04787820073427418
2016-04-04,,,,0.025737693815688134,-0.031955691104781025,-0.0038054342929880747,0.04349565307244818
2016-04-05,,,,0.01587722232361566,-0.0309165275805664,-0.013410796442506867,0.03982999168466517
2016-04-06,,,,0.032496538450972334,-0.02936230616368174,0.0,0.0657542255754393
2016-04-07,,,,0.017695144998075785,-0.028167650389827936,-0.014367238819900652,0.0437278664459968
2016-04-08,,,,0.016989702806473828,-0.026502005284687824,-0.015089911910328047,0.04455674265191978
2016-04-11,,,,0.01329051043032381,-0.025182586170453103,-0.01870416625925564,0.02283939321642081
2016-04-12,,,,0.02176024826197831,-0.02414094440786041,-0.01048179687523143,0.029669412836758502
2016-04-13,,,,0.03469927552332419,-0.022986996310966568,0.0,0.04322425933969565
2016-04-14,,,,0.03454524816834503,-0.021528286429658317,0.0,0.034105186439856716
2016-04-15,,,,0.03171850138263488,-0.020001371385130584,-0.002524467908356698,0.03207020471762223
2016-04-18,,,,0.03701626812550507,-0.018351649421416094,0.0,0.03594997426576496
2016-04-19,,,,0.030508217606302956,-0.016140660662933737,-0.006113270246550284,0.0256055299110185
2016-04-20,,,,0.03116224462754702,-0.013650373588714126,-0.0053042454895230184,0.02330731104663397
2016-04-21,,,,0.03108323091628007,-0.011091491199062053,-0.005214181878965718,0.031894174556356125
2016-04-22,,,,0.015342560444019382,-0.008922349971818289,-0.020228124787186053,0.016035948258915855
2016-04-25,,,,0.015160904821142074,-0.006730729604516927,-0.020228124787186053,0.017458875653643124
2016-04-26,,,,0.010143461583750124,-0.004812616794861113,-0.02499324154411775,-0.003491864030629177
2016-04-27,,,,0.002088715290496479,-0.0033399401274627483,-0.032814624915279755,-0.016276289197665994
2016-04-28,,,,-0.009880206223741084,-0.002437411716528892,-0.044502552588451705,-0.026740014928800626
2016-04-29,,,,-0.014925570722383097,-0.0013900063756326908,-0.0495367546499208,-0.04204407288510881
2016-05-02,,,,-0.00540961703578946,-0.0001861213695815156,-0.04054646058854727,-0.02928892943653394
2016-05-03,,,,-0.014319086250082713,0.0006494553875040499,-0.04944713325021732,-0.028930935426325632
2016-05-04,,,,-0.02029414429124221,0.0017247020685267067,-0.05556032979495862,-0.050781562502777766
2016-05-05,,,,-0.020211470557475075,0.002612850279013479,-0.05583000471396771,-0.03722011338708986
2016-05-06,,,,-0.014707066796962431,0.003332100126905102,-0.050795581547071755,-0.03137625818205669
2016-05-09,,,,-0.011659592069284686,0.004098391103476651,-0.04809861125155401,-0.02504639409344156
2016-05-10,,,,0.0020083017007963555,0.005189763421984628,-0.03506238268514561,-0.019906759631053927
2016-05-11,,,,-0.006913349296909899,0.005490432811284807,-0.04378314923112803,-0.04102436552763278
2016-05-12,,,,-0.0111026558722086,0.005762267290880363,-0.048008326535569856,-0.045347889814739806
2016-05-13,,,,-0.014509619245866134,0.006036501015684426,-0.0515146163953506,-0.04645678911997497
2016-05-16,,,,-0.0019782578124750705,0.006512723713665514,-0.039647519624580685,-0.039647519624580685
2016-05-17,,,,-0.014243265260052373,0.006916790513561644,-0.05169459621284733,-0.04586169087658942
2016-05-18,,,,-0.010470014947672968,0.007520045780055051,-0.04827829626181479,-0.04320321121048787
2016-05-19,,,,-0.015374547122380844,0.007911911403241545,-0.053223098029007265,-0.04826055546380981
2016-05-20,,,,-0.004303557054296969,0.008536279438405181,-0.04279414465660414,-0.02303191226479795
2016-05-23,,,,-0.005464276490560582,0.008715799744079433,-0.04405267674651914,-0.024316427693087506
2016-05-24,,,,0.014501925743630073,0.00915321245124745,-0.02490325163536944,9.229670252830502e-05
2016-05-25,,,,0.021864197021835396,0.00976621458792093,-0.0178908930212347,0.01543006364497379
2016-05-26,,,,0.024841104907416867,0.010179831427684194,-0.015013869206411345,0.0308621268030862
2016-05-27,,,,0.030146895342790803,0.01070212759304856,-0.009889456130767083,0.04171365774859681
2016-05-31,,,,0.03206648934603207,0.011213875982490906,-0.008001436890467617,0.03392037483966481
2016-06-01,,,,0.0321227684671026,0.011656393282346578,-0.007911668087146162,0.043696112668717646
2016-06-02,,,,0.0342701028342578,0.01211246563581403,-0.005843595327541196,0.05264151436652775
2016-06-03,,,,0.029399912021917718,0.012635604636527242,-0.010518795877533571,0.04799051978209423
2016-06-06,,,,0.033080609753936896,0.01317470348855232,-0.006922516109004406,0.046220882019885945
2016-06-07,,,,0.03026958679792302,0.013559363541349123,-0.009439432885216537,0.0406125874206007
2016-06-08,,,,0.03161993806798091,0.013428947458208107,-0.00773161456784055,0.02832387050404228
2016-06-09,,,,0.029333396992544003,0.012989606862328307,-0.009349885187321938,0.03600989045122871
2016-06-10,,,,0.01710205940066145,0.012388995689730509,-0.020587789614943452,0.02880333692503756
2016-06-13,,,,0.008329684678056282,0.011676883538446647,-0.028769206322907692,0.023980770252885364
2016-06-14,,,,0.008175453055385473,0.01116563570258955,-0.028769206322907692,0.011327417301427056
2016-06-15,,,,0.0051424208147516914,0.010808203369454317,-0.03155609282536476,0.021236305632191366
2016-06-16,,,,0.00791152894415248,0.010100281410058809,-0.028679363817777248,0.02059313386156525
2016-06-17,,,,-0.004207760008561268,0.00936048540565193,-0.04006445075790521,0.013898361106728041
2016-06-20,,,,0.0018509725776030272,0.00886263573101198,-0.03402488232032164,0.009161312885133333
2016-06-21,,,,0.00478326382976535,0.008463335301758468,-0.030959771489015298,0.013696262272008042
2016-06-22,,,,0.0020623057638065045,0.007800991379019795,-0.033303562715964685,-0.008614848828779054
2016-06-23,,,,0.016126634181719002,0.007226024948173704,-0.01951166950222094,-0.001650301854925429
2016-06-24,,,,-0.025797066941030233,0.005968246671162358,-0.059895765005614554,-0.04556601803422611
2016-06-27,,,,-0.045061702866662556,0.0045256648457354665,-0.07855544159618066,-0.06935183741915851
2016-06-28,,,,-0.024138334316202825,0.003313365662175105,-0.058363504397197286,-0.05076828674919054
2016-06-29,,,,-0.006958759687212379,0.0024719867249733962,-0.04168699608230664,-0.03404467818912649
2016-06-30,,,,0.004426339296602189,0.0018436133437962354,-0.03059929594135935,-0.024901213227082053
2016-07-01,,,,0.009367377447760061,0.0013168573966524377,-0.02573173366996384,-0.015374660710126498
2016-07-05,,,,0.003134931804484653,0.0010107116212592082,-0.03168086998794528,-0.024930938703730088
2016-07-06,,,,0.011170217752290101,0.0007574240300334267,-0.02374856539428849,-0.0144454897399664
2016-07-07,,,,0.0139759552751344,0.0006630037059101035,-0.02086365548590574,-0.013234363918936842
2016-07-08,,,,0.02931770702052594,0.0008925493357225811,-0.005719702586668207,0.003664444738231465
2016-07-11,,,,0.03482764598015531,0.0014556812667105845,-4.053599493170079e-05,0.02097916832375768
2016-07-12,,,,0.03963498527273557,0.002183235786806126,0.0,0.03477686255458212
2016-07-13,,,,0.036673221798369626,0.002645798766233387,-0.002421655534717071,0.03227098943817963
2016-07-14,,,,0.043132556818442414,0.003262300808709817,0.0,0.0423159644472626
2016-07-15,,,,0.04081608639177503,0.003955138455672191,-0.0016077614134631935,0.03755813862611301
2016-07-18,,,,0.04713694542602198,0.004861919930342129,0.0,0.05681286146062536
2016-07-19,,,,0.042798806920061105,0.005628089333099551,-0.0036428361261355846,0.046379622008323684
2016-07-20,,,,0.05447485347656067,0.006603131563589493,0.0,0.055255504208966855
2016-07-21,,,,0.05163845239431497,0.007341494400163517,-0.0022916653753405347,0.05538985442485811
2016-07-22,,,,0.055536937478717796,0.008301065420791787,0.0,0.044865429644189936
2016-07-25,,,,0.05519156338156117,0.009377462047398977,0.0,0.08984555773578973
2016-07-26,,,,0.055974325135241365,0.010562715622503882,0.0,0.1131873547121165
2016-07-27,,,,0.06286300282187396,0.011634601207806794,0.0,0.09687929237108617
2016-07-28,,,,0.06612280804201087,0.013020928631574558,0.0,0.08155394806150262
2016-07-29,,,,0.06794385326468544,0.01433827553190925,0.0,0.07150856940665529
2016-08-01,,,,0.07305866201080624,0.01583240615987669,0.0,0.0717987783544285
2016-08-02,,,,0.0645017977967004,0.017070508580792287,-0.007596607239313324,0.07019161330628165
2016-08-03,,,,0.06761740263666982,0.01840697734728014,-0.004316295820059102,0.06500471124673979
2016-08-04,,,,0.07028221833684167,0.019423811429160942,-0.001467515169746414,0.06490493941109698
2016-08-05,,,,0.08007645038476907,0.020422754337021454,0.0,0.05874868852952386
2016-08-08,,,,0.07837274368157754,0.02131302265383761,-0.0011129908725926452,0.05156394945089193
2016-08-09,,,,0.08046128662380236,0.022237086949049578,0.0,0.048704082083137035
2016-08-10,,,,0.07744928748986935,0.023224348140859385,-0.002565897223833935,0.04855244802950853
2016-08-11,,,,0.0818069189295274,0.024281335457743802,0.0,0.04590100424486976
2016-08-12,,,,0.08229084722087698,0.025317215958456263,0.0,0.048300568332318994
2016-08-15,,,,0.08667423975466337,0.026561167701671273,0.0,0.04585053634154401
2016-08-16,,,,0.08046403000216107,0.027633302002711302,-0.005522427520179396,0.04387757750826715
2016-08-17,,,,0.08215713442348793,0.02876134584873502,-0.003738417865048471,0.03367434913200551
2016-08-18,,,,0.08225064968570583,0.029918318512321962,-0.0034836188846334437,0.036313600614903185
2016-08-19,,,,0.08181207121659262,0.03112277753585002,-0.003738417865048471,0.031764028369141384
2016-08-22,,,,0.08247647761141019,0.03256966191263522,-0.002973743062319789,0.03246518712283386
2016-08-23,,,,0.0842216423519504,0.03419758234491632,-0.0011894555457053757,0.0331310954551336
2016-08-24,,,,0.0770632631220336,0.035724844800284705,-0.007646609096545909,0.01937511327909247
2016-08-25,,,,0.07511170588239424,0.037224908620190345,-0.009261053781340567,0.014176296321790183
2016-08-26,,,,0.07645689121640942,0.03867502192898287,-0.007816660324478253,0.0134509624393091
2016-08-29,,,,0.07769475467556686,0.04037250147228644,-0.006457014620098733,0.009496076662563357
2016-08-30,,,,0.07392084205045535,0.04184163933533558,-0.00968590398968805,0.013917676117206623
2016-08-31,,,,0.0724426018107387,0.04312627621875342,-0.01070516937671917,0.00953717133456955
2016-09-01,,,,0.07489446337209604,0.04457403446720454,-0.008156554384230463,0.009250337960222232
2016-09-02,,,,0.07806651552676702,0.04579429657464007,-0.004927665014641258,0.0029117555136350948
2016-09-06,,,,0.08452627040548855,0.0480397646038917,0.0,0.010287134041842227
2016-09-07,,,,0.08491123668451106,0.050678383983951525,0.0,0.008552850888525754
2016-09-08,,,,0.07837732625844263,0.05284710327489717,-0.005851592736356492,0.005230528574617477
2016-09-09,,,,0.05118701383296642,0.05425930228503151,-0.030868425729147164,-0.024248842473415744
2016-09-12,,,,0.06988316379783388,0.055717857865057674,-0.0134835895047547,-0.007422997346403171
2016-09-13,,,,0.06021456966522787,0.05694075460091064,-0.022303238764189603,-0.020475821118889792
2016-09-14,,,,0.06514902842347015,0.05836688319325689,-0.017639159847319896,-0.010337686152357972
2016-09-15,,,,0.08147128166832673,0.05986015374418674,-0.002374403616997811,0.0032407964247278542
2016-09-16,,,,0.08078525221622312,0.06134150118247472,-0.0028506017201235245,0.0025055221099448133
2016-09-19,,,,0.07590705298319955,0.062410217632064,-0.007186583749399955,-0.0015984693740589417
2016-09-20,,,,0.07764919343091536,0.06329860813980348,-0.005316043209777632,-0.00048457264907542097
2016-09-21,,,,0.08802649167018117,0.06436654504586103,0.0,0.007536579342310112
2016-09-22,,,,0.09639274416283605,0.06558540670965507,0.0,0.022160522103961577
2016-09-23,,,,0.08914680465089342,0.06656195977481727,-0.006381453154875705,0.017292670636234186
2016-09-26,,,,0.07975079985074562,0.06735302694273249,-0.014694743791329512,0.007312749805084895
2016-09-27,,,,0.09010625169581177,0.06818908264818413,-0.004953993107868926,0.015878949924800878
2016-09-28,,,,0.09148666101819525,0.06899994363607598,-0.003275063415275503,0.02091086232002337
2016-09-29,,,,0.08320803193080506,0.06949492696873749,-0.010496118382485875,0.014558804467546205
2016-09-30,,,,0.0909132891517852,0.07018875177372719,-0.003106663671676002,0.019508912966392344
2016-10-03,,,,0.089059087435992,0.07085430956820105,-0.004534192201701703,0.014745553579562642
2016-10-04,,,,0.08704124288378035,0.0714127117404515,-0.0060455439469229155,0.006928954111861119
2016-10-05,,,,0.09040494165765889,0.07189854395367701,-0.0025190108860606575,0.009901703365052361
2016-10-06,,,,0.08942539397335802,0.07229080885646821,-0.0030227034904425354,0.015333054264789814
2016-10-07,,,,0.08666109276915912,0.07261028626185184,-0.005205942134588359,0.03926168641060945
2016-10-10,,,,0.09316352110487247,0.0730249494078612,0.0,0.027410825942267403
2016-10-11,,,,0.07728698511218535,0.07309876443022145,-0.014259577421286806,0.021896334411018792
2016-10-12,,,,0.0760842459246085,0.07331709258161445,-0.015098331828920397,0.016179157120324694
2016-10-13,,,,0.07205713921345502,0.07349588210759528,-0.01862122347595674,-0.0029486408562943156
2016-10-14,,,,0.07310469449142354,0.07358282348956413,-0.01744685785195821,-0.001278799587468793
2016-10-17,,,,0.06988561923337233,0.07335527265861308,-0.02013113190800042,0.0003426236056909282
2016-10-18,,,,0.07895361380372212,0.07317592604501733,-0.011407702982021317,0.007350393819891998
2016-10-19,,,,0.07839680381043923,0.07293685187381582,-0.011491639990272362,-0.002539189877975301
2016-10-20,,,,0.07660723718005302,0.0726828934746131,-0.012665800389311754,-0.011587669221539865
2016-10-21,,,,0.07993372848497282,0.07223205704730074,-0.00897523995073235,-0.0015213339989442742
2016-10-24,,,,0.09209431096479626,0.07191536661967213,0.0,0.019004579295274437
2016-10-25,,,,0.08784381371444527,0.07147285007190884,-0.0031776790351827344,0.005822921011896742
2016-10-26,,,,0.07977609927912632,0.07109967078682544,-0.009952039473392515,-0.0026953477853370877
2016-10-27,,,,0.07402928406516862,0.07044051328003387,-0.014468370709667777,0.0
2016-10-28,,,,0.06661040323190237,0.06978302964033922,-0.02065723280414078,-0.013645653892518705
2016-10-31,,,,0.06478592304451425,0.0689612732689604,-0.021577019053592106,-0.013158891358398206
2016-11-01,,,,0.05601380489950891,0.06801772265311334,-0.028936946043640277,-0.01909289327279906
2016-11-02,,,,0.04682995713516647,0.06689859728421066,-0.036714647655704646,-0.03038960131275692
2016-11-03,,,,0.03589980084188338,0.06577295498392455,-0.04616535758267759,-0.039417305455370255
2016-11-04,,,,0.03176450396524366,0.06476983832664396,-0.04951055571527618,-0.04068540704063062
2016-11-07,,,,0.05555964896516552,0.06402282764470746,-0.026930059071626378,-0.024073708596292098
2016-11-08,,,,0.06174211751723835,0.06339304536343016,-0.02057388250404213,-0.0034890490453728384
2016-11-09,,,,0.06577430581224886,0.0627819264407623,-0.016057278435360756,0.001958895900342039
2016-11-10,,,,0.04787052283230331,0.06200851962120457,-0.0319477198543211,-0.010683820559716839
2016-11-11,,,,0.047729928474582906,0.06129006849945662,-0.031529399567492455,-0.011439271492540093
2016-11-14,,,,0.03662501693901565,0.060361678533394025,-0.04131460202448467,-0.018746737079883502
2016-11-15,,,,0.05029637478063109,0.05940656102935726,-0.028016886961782617,-0.013914759220352235
2016-11-16,,,,0.05576517784085633,0.058508533653852446,-0.02224627694603687,-0.007976197289447873
2016-11-17,,,,0.06262871380167634,0.057848396061385365,-0.015137492185909318,0.0004246531635414552
2016-11-18,,,,0.05770402844904354,0.057494618943368936,-0.018817455680933404,-0.007025103500375218
2016-11-21,,,,0.06761077978926577,0.05686399019791,-0.008613932937112434,-0.008613932937112434
2016-11-22,,,,0.06972800314978156,0.05645485469800615,-0.005602954502126889,-0.002433006781586422
2016-11-23,,,,0.06433135752913177,0.05590187129164481,-0.009617615151474856,0.0003377859813376016
2016-11-25,,,,0.06664277435317434,0.055071241221160916,-0.006439526867682788,0.008146713513158765
2016-11-28,,,,0.06320164549368146,0.05428564423746973,-0.008697760693921919,0.012211732715872614
2016-11-29,,,,0.06594620961733555,0.053750583376527716,-0.005268666596412341,0.016667998171307374
2016-11-30,,,,0.052294439213624644,0.05309322642185421,-0.017311830047237575,0.011971535678387824
2016-12-01,,,,0.03342177454440143,0.05190854416406232,-0.034289645021166715,0.002517429159113016
2016-12-02,,,,0.03479102412241075,0.05060162909291588,-0.03236569910064213,0.014467558493223454
2016-12-05,,,,0.04218051564063319,0.04962773317699254,-0.02483886688609216,0.02595682569389335
2016-12-06,,,,0.04393102707836083,0.04878985719700801,-0.022497146343551266,0.004555595175250948
2016-12-07,,,,0.056364626737877455,0.047986081144340886,-0.010119694987011485,0.010673788793541972
2016-12-08,,,,0.05749107656982777,0.04722226969777332,-0.00836333637200426,0.007819501983938437
2016-12-09,,,,0.06498287118114066,0.0467292038145648,-0.0005851573032290558,0.032397591735822795
2016-12-12,,,,0.059354098889435436,0.04596615272528193,-0.0051014885395042064,0.027288294571033767
2016-12-13,,,,0.07197082338601324,0.04558351251524129,0.0,0.05085938750084407
2016-12-14,,,,0.0690213945541105,0.045202411457987424,-0.0020753350762636735,0.03433151636050957
2016-12-15,,,,0.06996749783289302,0.04476291779566832,-0.0004982347837478862,0.029851979042421206
2016-12-16,,,,0.06528480504711265,0.04427795378548516,-0.004203140862868993,0.01862860552650014
2016-12-19,,,,0.06887669258189022,0.04387439206444399,-0.0001234923556945322,0.0266378508031766
2016-12-20,,,,0.07213385196519884,0.0433589510524679,0.0,0.01996363742942253
2016-12-21,,,,0.07053390522511149,0.043164466618800024,-0.0007465821673439121,0.01611606386503217
2016-12-22,,,,0.0667249418210989,0.04293601301778205,-0.003566906254696467,0.017355496493769884
2016-12-23,,,,0.06673020870481561,0.042876454321941315,-0.0029034950136567206,0.01477646987750414
2016-12-27,,,,0.07150391818110702,0.04288174784747767,0.0,0.022334473251688802
2016-12-28,,,,0.06248772798781377,0.04281858238226777,-0.007780270620156848,0.010883604796043445
2016-12-29,,,,0.06035537226496568,0.04259292418798233,-0.009187315062933687,0.021821233069062806
2016-12-30,,,,0.04889637442764139,0.042205532750025476,-0.019367624180623433,0.029102023167480562
2017-01-03,,,,0.057669971747594806,0.04198965507536978,-0.010594359505710527,0.03624445520428177
2017-01-04,,,,0.06279715160245791,0.04180064532950589,-0.005214396596602722,0.03383730908034854
2017-01-05,,,,0.06816684586413979,0.04146557828118236,0.0,0.03719587997753715
2017-01-06,,,,0.07679354866763655,0.04129572964990036,0.0,0.03320882126971991
2017-01-09,,,,0.07956649551514561,0.04132225364529862,0.0,0.0347624910581632
2017-01-10,,,,0.08116891866532061,0.04147209474284219,0.0,0.02897525025872838
2017-01-11,,,,0.08336327258761878,0.04187308825130098,0.0,0.03642828142887167
2017-01-12,,,,0.08100964901281893,0.04229225334319775,-0.001545353873932065,0.021940610603348842
2017-01-13,,,,0.08400024298688735,0.04291272528637058,0.0,0.02757014963609339
2017-01-17,,,,0.08011046679436529,0.04370021400346524,-0.0030041868861607757,0.022866618807588113
2017-01-18,,,,0.0816439304017631,0.04469822475946228,-0.0009744575779180309,0.02876238504265416
2017-01-19,,,,0.08040512728563254,0.045708997360167425,-0.0014615873299255178,0.024065294897097633
2017-01-20,,,,0.08213651046335246,0.04636231875401009,0.0,0.02239712774973346
2017-01-23,,,,0.08229477891695214,0.046822404502301795,0.0,0.02399130703861485
2017-01-24,,,,0.08880994832171552,0.0472912506573655,0.0,0.03379918498582413
2017-01-25,,,,0.09891717935286581,0.04823483610291679,0.0,0.043511000789617116
2017-01-26,,,,0.09924058065259755,0.049226471068594124,0.0,0.039231947298762115
2017-01-27,,,,0.1005812843323779,0.0505155209546333,0.0,0.049382957226711044
2017-01-30,,,,0.0913010865705639,0.051399734012723464,-0.00779029900928363,0.04268656053364883
2017-01-31,,,,0.08841002260305353,0.052117623537556446,-0.00977756214188752,0.051401035625207925
2017-02-01,,,,0.09520182827525692,0.05282414003591507,-0.0029412063186228243,0.049272404554264515
2017-02-02,,,,0.09349354897457385,0.05356114446749238,-0.0038156434659643024,0.0426825155292887
2017-02-03,,,,0.09587288663986593,0.054135341962493255,-0.0009540078250748207,0.0397947558049534
2017-02-06,,,,0.09641255111070013,0.05466589230751029,0.0,0.03198578581433131
2017-02-07,,,,0.09954907238077837,0.055261916007200096,0.0,0.03237129524067428
2017-02-08,,,,0.10049603686650199,0.055817969290175684,0.0,0.03181078403294446
2017-02-09,,,,0.10356719930210811,0.056454647395335567,0.0,0.03278310612424362
2017-02-10,,,,0.10622431123004672,0.057033310634897916,0.0,0.03780356588363576
2017-02-13,,,,0.11138282347724382,0.05789280590613766,0.0,0.04011062559529455
2017-02-14,,,,0.11396975964498313,0.059130782362469825,0.0,0.046746498312192575
2017-02-15,,,,0.11941971362835613,0.06046875067258828,0.0,0.050796429050810055
2017-02-16,,,,0.11789393054872921,0.061598612728296365,-0.0003092509428945789,0.050983934182881496
2017-02-17,,,,0.12149558776123337,0.06271795099513766,0.0,0.05322549880988414
2017-02-21,,,,0.12574678691479613,0.06365984814923786,0.0,0.05755982160462092
2017-02-22,,,,0.12492768869246196,0.06459533169715215,0.0,0.05089450501741988
2017-02-23,,,,0.11949765840057935,0.0653207780432099,-0.0037552995541021428,0.03651418043450305
2017-02-24,,,,0.12050230655397542,0.06623479095065599,-0.0018396088860530568,0.037432144160027825
2017-02-27,,,,0.12067753917584256,0.0668659552583466,-0.0006135145172264655,0.03672474421194427
2017-02-28,,,,0.11604260684414514,0.06746686366593035,-0.0036784077285630934,0.04166018729768317
2017-03-01,,,,0.12693525303292708,0.06819476568871741,0.0,0.0551496648760883
2017-03-02,,,,0.12008455847623511,0.06897430893871914,-0.0050213711103567205,0.04265303755502181
2017-03-03,,,,0.12087342163536885,0.06963762399946694,-0.0031952886242861966,0.04548352323814431
2017-03-06,,,,0.11716323463978573,0.07020175820492125,-0.005401534300277899,0.040181514158730725
2017-03-07,,,,0.1140428064007517,0.07072757622773795,-0.007075613375829959,0.037192717793965935
2017-03-08,,,,0.1148108133156569,0.07139148566110243,-0.00532537793139376,0.03523667648845419
2017-03-09,,,,0.11445797333450503,0.07204647822268107,-0.004564680358851825,0.03430838540928427
2017-03-10,,,,0.11800956320779821,0.07275947094416102,-0.00037991572812134944,0.03489335352312084
2017-03-13,,,,0.11877420212449863,0.07369349288441751,0.0,0.033207582388722345
2017-03-14,,,,0.11498234037678245,0.07462928097968646,-0.0024313227474521693,0.024902224107956172
2017-03-15,,,,0.12077303723441024,0.07589826386529475,0.0,0.027775278766310807
2017-03-16,,,,0.11893864675438381,0.07698345850267674,-0.00068118276621143,0.02103799509789761
2017-03-17,,,,0.11748211068720571,0.07795124348543014,-0.0010300842589717751,0.020997254949923327
2017-03-20,,,,0.11744082612827289,0.07882740065185878,-0.00011966557902720609,0.017518975282738936
2017-03-21,,,,0.09951312430410542,0.07925181801084036,-0.015291094215529655,-0.0028362401678305726
2017-03-22,,,,0.1059666588955992,0.0797347477741599,-0.008615798577223055,0.003538457128757111
2017-03-23,,,,0.10218072560979352,0.080117856634498,-0.011119172943415578,0.004777632678191868
2017-03-24,,,,0.10346631492337344,0.0804865204889007,-0.009070946360827503,0.00492640082272322
2017-03-27,,,,0.10422497995987001,0.08090425831101622,-0.00747799067457966,0.005306984854234198
2017-03-28,,,,0.10986156964719296,0.08129258158298724,-0.001409517710167174,0.01456507016141284
2017-03-29,,,,0.1138160593406381,0.08177625506727892,0.0,0.008255263775409638
2017-03-30,,,,0.11447056283022028,0.08224392624187438,0.0,0.01502939915544066
2017-03-31,,,,0.11250837329122443,0.08269566641056336,-0.0006792789951791667,0.012481705154680833
2017-04-03,,,,0.11065277830628206,0.08310579991673905,-0.001283150609795114,0.014114438196656032
2017-04-04,,,,0.11116478585873568,0.08346705374651853,0.0,0.017436606449699577
2017-04-05,,,,0.1054492673127101,0.08365296765308705,-0.0040753005907741,0.011507254837361591
2017-04-06,,,,0.1048627628474399,0.08365356436894955,-0.003546995935538644,0.01127043595820032
2017-04-07,,,,0.10309850862155634,0.08361225379139436,-0.0040753005907741,0.006502982738549434
2017-04-10,,,,0.10240771755764677,0.08360581936375877,-0.0036978876325943766,0.00520178631879098
2017-04-11,,,,0.0963687457767557,0.08349228122985153,-0.007999648245978985,0.0033009477589838188
2017-04-12,,,,0.09060853180499984,0.08326348702793851,-0.011998890603091006,-0.006870737106110858
2017-04-13,,,,0.08506856929524576,0.08292948863786043,-0.015923483212349487,-0.010141425448129349
2017-04-17,,,,0.09287462245987621,0.08282804341917349,-0.007773126984854994,-0.0015945982568116301
2017-04-18,,,,0.09010006851223817,0.0826978089573589,-0.009282472625006588,-0.004021035343186097
2017-04-19,,,,0.09074709821292148,0.08259248032300759,-0.00769755865930033,0.012941910805648549
2017-04-20,,,,0.09868804145018273,0.08251487803465785,0.0,0.014538189181988237
2017-04-21,,,,0.09729976530205531,0.08243825337182376,-0.00022607861501322546,0.01687656971314455
2017-04-24,,,,0.10933406560485426,0.08249308835628266,0.0,0.027023006025687968
2017-04-25,,,,0.11617092875085211,0.08266998779220547,0.0,0.03278850488697116
2017-04-26,,,,0.11345881625629839,0.08273299735574646,-0.001406338256447981,0.025068585826674594
2017-04-27,,,,0.11898380226072791,0.08284732691016039,0.0,0.02646495945709626
2017-04-28,,,,0.11978062651490462,0.08285340261800478,0.0,0.02657212749642235
2017-05-01,,,,0.12853307551867865,0.08304478946674654,0.0,0.036410110770951354
2017-05-02,,,,0.1291958512062441,0.08316353971910084,0.0,0.03877539566902399
2017-05-03,,,,0.12441189873844438,0.08315717060344507,-0.0032018378948668325,0.033808497247910685
2017-05-04,,,,0.12363482191981179,0.08313053553651994,-0.00283799536345819,0.03841771328800969
2017-05-05,,,,0.12658165321841208,0.08330146741894362,0.0,0.04165349449030198
2017-05-08,,,,0.1278612998630524,0.08345559266638913,0.0,0.044479923655133424
2017-05-09,,,,0.1306085544331026,0.0836611677319723,0.0,0.047720331561315055
2017-05-10,,,,0.13008052469103437,0.0839414608211504,0.0,0.05287240009575922
2017-05-11,,,,0.1280145558359327,0.08398262175308524,-0.0007949369819834073,0.05629387412251763
2017-05-12,,,,0.12939702987166246,0.08420249387817935,0.0,0.06288364050087458
2017-05-15,,,,0.1318328199251133,0.08445265710612393,0.0,0.05749913548151131
2017-05-16,,,,0.13538707111233883,0.0848290738114077,0.0,0.06352819326278247
2017-05-17,,,,0.10557018878660585,0.08484672293135964,-0.025426057554865045,0.03483137850498297
2017-05-18,,,,0.11419076588714239,0.08492941484133931,-0.016902697896648,0.0352215671409728
2017-05-19,,,,0.1178386836754215,0.08508091430060793,-0.012748627292210157,0.0398309719997636
2017-05-22,,,,0.12614068070733842,0.08529454510782264,-0.004440602323382836,0.036076068079173185
2017-05-23,,,,0.12621506737435828,0.08553714144743907,-0.003437683187051066,0.02967488418832387
2017-05-24,,,,0.13029739459943834,0.08590067263260681,0.0,0.035868020578689874
2017-05-25,,,,0.13877225556058748,0.08628471474967836,0.0,0.03845329844273948
2017-05-26,,,,0.13961901885188177,0.0866988074161461,0.0,0.03845864439793134
2017-05-30,,,,0.13943373514182578,0.08715530533427396,0.0,0.03017527315604296
2017-05-31,,,,0.13788511063409192,0.08758915747820883,-0.00035400685117503716,0.02808696651337894
2017-06-01,,,,0.14116481068854236,0.08843010283420516,0.0,0.03540431303250058
2017-06-02,,,,0.15293310689313278,0.08928916270694964,0.0,0.0468481630030233
2017-06-05,,,,0.15143947319464024,0.0902049272268397,-0.00020996665082484434,0.042823941599500204
2017-06-06,,,,0.14564807418010783,0.09101023039066325,-0.004182476857568562,0.036419201592989836
2017-06-07,,,,0.14889298408004037,0.09184410807431465,-0.00027920134387704465,0.03687067263184951
2017-06-08,,,,0.1488477398819137,0.09256950881417825,0.0,0.03735523680421027
2017-06-09,,,,0.11907682689676946,0.09278778559511047,-0.02500555318481512,0.012220246566664317
2017-06-12,,,,0.11204507786862394,0.09285051990781068,-0.03022933381564552,0.004545294337579886
2017-06-13,,,,0.11996942334487093,0.09305033860843981,-0.022358337266250472,0.009494055782844901
2017-06-14,,,,0.11404180933679942,0.09319919215784567,-0.026607470375949238,0.0009311990265592485
2017-06-15,,,,0.10808071446319412,0.09324946763769848,-0.030925785146855622,0.02248856607339844
2017-06-16,,,,0.10227014890734742,0.09329937066237415,-0.035130605819963745,0.009225566732387724
2017-06-19,,,,0.11957582108178744,0.0936004807161539,-0.018996583307663406,0.02178374918699788
2017-06-20,,,,0.10975456392216287,0.0937977527087317,-0.026679478085408825,0.005321386600908307
2017-06-21,,,,0.11963766284369748,0.09416260215528371,-0.017041184001175602,0.014254816078685062
2017-06-22,,,,0.11824951654505389,0.09464390185231975,-0.017320623652328226,0.00932373624263283
2017-06-23,,,,0.12144850276269836,0.09527349624928849,-0.01354909269720872,0.004644677133691655
2017-06-26,,,,0.11512151395437975,0.09587844129800138,-0.018158603479995872,-0.0018199213351759447
2017-06-27,,,,0.09381301356990357,0.0958912845505222,-0.03596858564763139,-0.02075860349751424
2017-06-28,,,,0.10849036585138605,0.09625246712483815,-0.022069741218761596,-0.0062886897774216965
2017-06-29,,,,0.08824097712808987,0.09625614573103647,-0.03904196964258966,-0.027321258288920958
2017-06-30,,,,0.08764867578515623,0.09611577218213063,-0.038692104868998545,-0.03795520537985242
2017-07-03,0.051553690040261,0.8946093868105505,2017-06-02,0.07535136185942126,0.09589122022320207,-0.04881930530081868,-0.04789025761733079
2017-07-05,0.0493062482938368,0.8951357468063623,2017-06-02,0.08502614778170603,0.09556636227709991,-0.039460450867738084,-0.03468673999105709
2017-07-06,0.0663560475976391,0.9497950381271754,2017-06-02,0.07437819542846813,0.0949257091651099,-0.048120932256797366,-0.047125216602725506
2017-07-07,0.04388530982521091,0.8715222510376208,2017-06-02,0.08503990579513254,0.09449356555600796,-0.03785401199940086,-0.03785401199940086
2017-07-10,0.03929296046578892,0.8402304200376369,2017-06-02,0.09120787891397719,0.0940870507981224,-0.03156831547741845,-0.006731076586169893
2017-07-11,0.032700733269935514,0.7942961566884217,2017-06-02,0.09337914996777608,0.09372825166843324,-0.028844118004470842,0.0014283952479456907
2017-07-12,0.02168584686805601,0.7258754874858828,2017-06-02,0.10534106380657993,0.09333643613628406,-0.017320623652328226,0.005152924436378381
2017-07-13,0.03582992053924732,0.8329981575077567,2017-06-02,0.10670817889068696,0.09290256089205662,-0.015155418523615904,0.011765091167030395
2017-07-14,0.028719806433254738,0.7897111474267962,2017-06-02,0.11434659203305086,0.09271415860507437,-0.007403342084662756,0.024273107984570164
2017-07-17,0.02858927121143725,0.797162582278208,2017-06-02,0.11382995797143969,0.0925347708167974,-0.006914209653215653,0.029243746704938234
2017-07-18,0.020886461673381464,0.7501053066810028,2017-06-02,0.120122173937109,0.09234930563977328,-0.0002788744415022082,0.019080166845159452
2017-07-19,0.017435150183657565,0.7029006807260257,2017-06-02,0.12554232877531568,0.09225017523248669,0.0,0.03315149215569657
2017-07-20,0.021327236260454584,0.7427997286816508,2017-06-02,0.1258600292018519,0.09209085776500836,0.0,0.024371159230887063
2017-07-21,0.025362711319235398,0.7839020927264864,2017-06-02,0.12422133668872681,0.09190500614203012,-0.00041628103415525253,0.02423590702091749
2017-07-24,0.028888810373483183,0.8168789777347143,2017-06-02,0.12818624956038738,0.09182915724039864,0.0,0.02499262010887393
2017-07-25,0.03341827698959656,0.8380320983087377,2017-06-02,0.12413858433953706,0.09166092459779085,-0.0025555334936103735,0.027173015134522638
2017-07-26,0.03910465726320955,0.8622828905010889,2017-06-02,0.12659921707929156,0.0914669941337376,0.0,0.04955413799132202
2017-07-27,0.03740170874078527,0.849955019708337,2017-06-02,0.11840705396430029,0.0911123381043486,-0.006281080707865039,0.02813869777506528
2017-07-28,0.041186003447870725,0.8782534128840749,2017-06-02,0.1162943009406574,0.09122295368085287,-0.0071092851064314955,0.045425430886780305
2017-07-31,0.040307595902181304,0.8726704964625562,2017-06-02,0.11040869367490713,0.09107633869009701,-0.011320357572472961,0.040612681523528815
2017-08-01,0.03827161745474439,0.8598935432921202,2017-06-30,0.11178401547820993,0.0908600130229511,-0.009041985482905246,0.05411564405140412
2017-08-02,0.04040263042610012,0.8677032698256102,2017-06-30,0.11360913687752938,0.09051491060676309,-0.006350013948646871,0.04668068776091694
2017-08-03,0.04448449504773172,0.8665208118353687,2017-06-30,0.10809945864602111,0.09007262495839208,-0.010215526424837251,0.052094842828003474
2017-08-04,0.047292554721367314,0.8804450319207291,2017-06-30,0.10896462656142236,0.08960533972123463,-0.008420804253169822,0.04275544069794335
2017-08-07,0.03361903352918253,0.8339412165256328,2017-06-30,0.11480114169966327,0.08905769711782785,-0.0021393883755764787,0.04255006966838959
2017-08-08,0.02925294161050046,0.8174907987612825,2017-06-30,0.11169418187470903,0.08843895193516849,-0.0038649538599765387,0.03782781553773251
2017-08-09,0.042460345214538314,0.8781981249356499,2017-06-30,0.10908163257362569,0.08780006928372308,-0.005176919899685939,0.024306768209830132
2017-08-10,0.0543409960451062,0.912967173760524,2017-06-30,0.08436879185310087,0.08688304862174667,-0.026506115897893423,0.00014175514215342133
2017-08-11,0.050450105646570084,0.9187106415607393,2017-06-30,0.09159572904262014,0.08598736417140329,-0.019120315765635443,-0.00014053416420833909
2017-08-14,0.036328475784021035,0.8651134772658597,2017-06-30,0.10453094782409833,0.0850165622848218,-0.006488215599938729,0.012237183142840502
2017-08-15,0.035248308552276106,0.854915871622878,2017-06-30,0.10415029434739376,0.08404124816596958,-0.005797877682935937,0.0062174574572402275
2017-08-16,0.03789405448465899,0.8673760327682338,2017-06-30,0.10487743262537341,0.0831524756969182,-0.0040722004752929974,0.0020837024253503866
2017-08-17,0.0629064506299771,0.9486277461366286,2017-06-30,0.08124160817123327,0.08184639685395845,-0.02443532559337047,-0.01969902926136835
2017-08-18,0.07125083090547525,0.9707241582171546,2017-06-30,0.07940239934695348,0.08047275439811696,-0.025125551787130607,-0.019984644648044392
2017-08-21,0.07040739552276903,0.9718537549249622,2017-06-30,0.07692545129448969,0.07959047036932576,-0.026368025969844333,-0.025695644435381193
2017-08-22,0.0466308891492186,0.914343761900898,2017-06-30,0.09208830853704031,0.07901743378686588,-0.011527604187789309,-0.008310678714955722
2017-08-23,0.053117968145330915,0.9374879606130173,2017-06-30,0.08695937358059425,0.0782009646840065,-0.015047556674128715,-0.015047556674128715
2017-08-24,0.05463162367245333,0.941751154226127,2017-06-30,0.08265400578389026,0.07754206955711052,-0.01794677482370355,-0.011739430425807273
2017-08-25,0.06038388525784542,0.9560736484664283,2017-06-30,0.07931351161947386,0.07697607251803107,-0.020017118235255427,-0.013000255652715564
2017-08-28,0.05768494888804186,0.9488588535878135,2017-06-30,0.08160285956356605,0.07657338335290587,-0.016980257050602465,-0.005724705187853063
2017-08-29,0.04701835163135758,0.9184114420159009,2017-06-30,0.08469835163857509,0.07580610293048862,-0.01311440940468378,-0.00410958270897388
2017-08-30,0.04297829628105551,0.8972980175517246,2017-06-30,0.09620736970334942,0.07539540429169933,-0.0015178719761126391,0.0048630222315371174
2017-08-31,0.035719446229947625,0.8625663934684482,2017-06-30,0.10659272746541903,0.07490106955320774,0.0,0.019596911838955178
2017-09-01,0.042603852628067866,0.8970298761961557,2017-08-03,0.10379691907363875,0.07445594972956959,-0.0013684470279480276,0.016358739637130748
2017-09-05,0.04805193067253525,0.9231769712617972,2017-08-03,0.09270852284823983,0.07381333149853808,-0.010328503674414735,0.0008991730429466216
2017-09-06,0.03855503934095417,0.8803359266644047,2017-08-03,0.0948622894782345,0.07335440133054627,-0.007318938715692336,0.0056819717600586905
2017-09-07,0.042901539220420976,0.9008061735795807,2017-08-03,0.0962257213167661,0.07330062439532314,-0.00499343121071083,0.009367329593439333
2017-09-08,0.05549786746183398,0.9477649972974859,2017-08-03,0.08564345583630661,0.07285743816295387,-0.013611514483718223,0.022548497201048345
2017-09-11,0.03785016645329565,0.8685259769223703,2017-08-03,0.09698910794449378,0.07297778483617456,-0.002256869275281015,0.02653120336819126
2017-09-12,0.03412482977924387,0.8483382089065521,2017-08-03,0.0984351688612135,0.07310963117903246,0.0,0.015910955326414067
2017-09-13,0.038735841188043046,0.8783272168193229,2017-08-03,0.09875975450449448,0.07349596148209403,0.0,0.01659404633931305
2017-09-14,0.04315484473402091,0.9023427796002513,2017-08-03,0.09116163871853877,0.0735754529295709,-0.005873899196602972,0.008871535879671155
2017-09-15,0.05200964145296671,0.9346722822750313,2017-08-03,0.09376067882073658,0.07391163704336101,-0.0024587515493628143,0.03346802602297583
2017-09-18,0.04556859168463105,0.9119421780355876,2017-08-03,0.09113080726206668,0.07394883265029195,-0.003766445243062466,0.03284398744962935
2017-09-19,0.038968550410716604,0.8799741045003999,2017-08-03,0.0917175993513486,0.07379803917205385,-0.00205483669249229,0.035938796125203565
2017-09-20,0.03991594862610417,0.8806721469385055,2017-08-03,0.0870948888894334,0.07354928460765131,-0.005134825651710639,0.01723648995440419
2017-09-21,0.04095979110728795,0.8809128233203245,2017-08-03,0.07926764536575592,0.07299353379146067,-0.011226379022691857,0.014621024970159269
2017-09-22,0.04902749091694815,0.9115961955176977,2017-08-03,0.07707041662276004,0.07238860350356524,-0.012185317551250185,0.016629478798364516
2017-09-25,0.057450086244018525,0.9371692594332233,2017-08-03,0.06470936950749295,0.07151243663515561,-0.022588833357044313,0.00804763415060683
2017-09-26,0.0505068188651428,0.9185304437974222,2017-08-03,0.0664432917763591,0.07067618704984024,-0.02005646185839971,0.007537132741367358
2017-09-27,0.03764801274177226,0.8711589171650547,2017-08-03,0.07500615834600599,0.06987775914263472,-0.011226379022691857,0.012633548526452154
2017-09-28,0.04668426134260459,0.9070714393307056,2017-08-03,0.07356976693211026,0.06892956303002196,-0.011569275543220736,0.0005255618067734336
2017-09-29,0.033123901297007,0.8409045452042863,2017-08-03,0.08024988222400653,0.06812721252869469,-0.004451022339011956,-0.0029527723589863886
2017-10-02,0.04046481990300938,0.8761061491140059,2017-08-31,0.08015038265025298,0.06733965405182363,-0.0035609505197667923,-0.0006938635149735806
2017-10-03,0.04528766786755374,0.908818637679317,2017-08-31,0.08138011170843806,0.06649715890166408,-0.0014391263058559645,0.010500615745431263
2017-10-04,0.04886306084142386,0.9226731144939183,2017-08-31,0.08132542655938968,0.06570877664012409,-0.0004807404796195458,0.008403931142990873
2017-10-05,0.037061025162700316,0.870588096823776,2017-08-31,0.09077498842536169,0.0650270072446244,0.0,0.0158986185882537
2017-10-06,0.03909128650123636,0.8800769308432526,2017-08-31,0.09112651060606614,0.06452050122093667,0.0,0.026164444199024972
2017-10-09,0.038590648931751896,0.8694530560446383,2017-08-31,0.08874941627227662,0.0640107856448362,-0.001151148977927341,0.013318530158343833
2017-10-10,0.04838300706203266,0.9171658433017824,2017-08-31,0.08842398114175687,0.06359056651984307,-0.00040610129739138134,0.0116470862359912
2017-10-11,0.0565768579637577,0.9439909218695461,2017-08-31,0.0905156178085258,0.06317340698979512,0.0,0.013277015177537432
2017-10-12,0.05328428572924514,0.9334911435602373,2017-08-31,0.0874139032451926,0.06269475618669507,-0.001823582667935475,0.01740535728562187
2017-10-13,0.0597545342305828,0.9526990670333779,2017-08-31,0.09043248629830147,0.06232432700200152,0.0,0.017832680903763665
2017-10-16,0.0542463740851847,0.9364099865785678,2017-08-31,0.09297772370262147,0.061965031062783504,0.0,0.022673014077955855
2017-10-17,0.05189045282351505,0.9292174125889121,2017-08-31,0.09311334132956661,0.06144625580450169,0.0,0.02222218037650503
2017-10-18,0.05241332284298158,0.9294150068871538,2017-08-31,0.09058720283924049,0.06098674977655549,-0.0012077814238535822,0.024148420296024042
2017-10-19,0.05554500841848002,0.9376955366358559,2017-08-31,0.08540595019762076,0.060521899332982354,-0.004898525663621478,0.026650152231963986
2017-10-20,0.049150279959222144,0.918501287498132,2017-08-31,0.0871929291034843,0.06057801168353061,-0.0022141214636282047,0.030418990027894388
2017-10-23,0.056860331500614376,0.9408866134256273,2017-08-31,0.07904967045911437,0.06041469690099888,-0.008722661158796163,0.03459377126188867
2017-10-24,0.05420100972331464,0.9323281543982656,2017-08-31,0.0798299275453056,0.06002739939971202,-0.007045463879197578,0.033666135703457334
2017-10-25,0.0524477317348412,0.9236844763020995,2017-08-31,0.07473687905587312,0.05957664118005801,-0.010802741206552668,0.02055874955365633
2017-10-26,0.05274118797469454,0.9239613930486454,2017-08-31,0.07033971075448142,0.059052691946799296,-0.013956344542135901,0.017658077791943505
2017-10-27,0.02157196007882496,0.7592248594622262,2017-08-31,0.1003355310685099,0.05940870943071519,0.0,0.03980759910261766
2017-10-30,0.02337931401608166,0.7764473030701685,2017-08-31,0.10163618584110967,0.05983086277995264,0.0,0.04121453516860596
2017-10-31,0.026419711203630087,0.779615216073104,2017-08-31,0.10456610553851409,0.06032488134731295,0.0,0.042909225520017635
2017-11-01,0.031815764155514556,0.8144988930343477,2017-10-03,0.10300533644524279,0.06051089910406571,-0.00032862544129852456,0.04156683748221646
2017-11-02,0.026434468065056636,0.7917847648020193,2017-10-03,0.09971818665913346,0.060737063601865815,-0.0022349926653688623,0.02949941707358339
2017-11-03,0.007755281180104628,0.6287467871461002,2017-10-03,0.10905440894130258,0.06118893561771532,0.0,0.03799283804870579
2017-11-06,0.018175912180591693,0.678044511028683,2017-10-03,0.11155838406642271,0.06174208961236727,0.0,0.04271474426428479
2017-11-07,0.024927941288904777,0.7447417110393588,2017-10-03,0.11098164800884724,0.06227175465045964,0.0,0.04254722941275979
2017-11-08,0.025935115257907475,0.7635948198507527,2017-10-03,0.11425361143569446,0.06283289045793805,0.0,0.043636709954027575
2017-11-09,0.03353504733077313,0.8203186000091083,2017-10-03,0.10725381706939774,0.06307053601591228,-0.005242735902209472,0.04006183704550503
2017-11-10,0.03017549385267991,0.8079732814965979,2017-10-03,0.10603588351738624,0.06309312932241928,-0.005307649450116414,0.035998346895813604
2017-11-13,0.020657000889312944,0.7272455478772459,2017-10-03,0.10621236839257997,0.06312724773682832,-0.004077846082765291,0.0337248823497629
2017-11-14,0.024411595851235007,0.7600200255914025,2017-10-03,0.10101506293624896,0.06328050841573796,-0.007702029044892811,0.02865007941168285
2017-11-15,0.034962038737712677,0.8422162034732086,2017-10-03,0.09474197218683322,0.06332717578101965,-0.012362529098726038,0.025056890026357914
2017-11-16,0.016382087629574223,0.6845505970386369,2017-10-03,0.10753649064540882,0.06352615812731566,0.0,0.04200686355699523
2017-11-17,0.02297669210171963,0.7462840254966073,2017-10-03,0.10215683122272257,0.06385631910254319,-0.003818039959260333,0.035235768497548614
2017-11-20,0.017652646162428384,0.697369758127978,2017-10-03,0.10016094770929929,0.06394194049919877,-0.0045941883861776445,0.04122105895565742
2017-11-21,0.01009000516834483,0.6564168298265359,2017-10-03,0.11090908769793084,0.06416998706654753,0.0,0.0507468129983919
2017-11-22,0.01039038075883223,0.6768559792952009,2017-10-03,0.11107271568655452,0.06439688104537944,0.0,0.05602632460483847
2017-11-24,0.007560261646160686,0.6603510369130471,2017-10-03,0.113941080123376,0.06482262060611221,0.0,0.06328267046313085
2017-11-27,0.017563404233892743,0.739030722959952,2017-10-03,0.11226477515730138,0.06518488767030184,-0.0004479332850191309,0.03272968410126964
2017-11-28,0.010963618253300536,0.6716064883029671,2017-10-03,0.11394757059296112,0.06564241631100343,0.0,0.03305154135011912
2017-11-29,0.02504925031517869,0.7668220034377697,2017-10-03,0.09350708631804405,0.06579499741346417,-0.01743392802315269,0.0112386504278712
2017-11-30,0.020061067290015396,0.7170126466404707,2017-10-03,0.10162771901146961,0.0661741280840702,-0.00919587387720211,0.02005231704007371
2017-12-01,0.03539708408644246,0.8234596623297858,2017-11-01,0.09592452595046952,0.06660863452852661,-0.013410610728426753,0.017653822274969144
2017-12-04,0.043199853096977534,0.8621326360329709,2017-11-01,0.08238399536503738,0.06689821478637459,-0.02477759079304942,-0.0036534779481053326
2017-12-05,0.04292456831965763,0.8632574722796238,2017-11-01,0.08219971944867588,0.06743698450030933,-0.024139594361745176,-0.00637272965270963
2017-12-06,0.038168450404009215,0.836502753341895,2017-11-01,0.08616727323022655,0.06799597029829885,-0.019732716005263606,-0.002469307094251638
2017-12-07,0.036295026884897545,0.8266830076552782,2017-11-01,0.08888659279971134,0.06840709687148316,-0.016412267394556035,-0.003107069723004119
2017-12-08,0.031632020377807844,0.806678901711011,2017-11-01,0.09271496144639713,0.06890434222198905,-0.012069745613104144,0.006571382185413199
2017-12-11,0.025852943486902834,0.7397147512045501,2017-11-01,0.10016586867372101,0.06938399979263221,-0.004406362678797016,0.014445562819035418
2017-12-12,0.03154223631241587,0.7930493555108198,2017-11-01,0.09765457600404703,0.06980775664492556,-0.0057475372007302905,0.011828003374211526
2017-12-13,0.026219866917734765,0.7471491367042957,2017-11-01,0.09878343907589748,0.07027115627844571,-0.0038315883316166754,0.017480454841561466
2017-12-14,0.030537224955812715,0.7893935413967736,2017-11-01,0.09700413904688276,0.070677992763851,-0.004533631931339821,0.021561332230771946
2017-12-15,0.009988607388472605,0.6154165353027992,2017-11-01,0.10838636826911019,0.07107422887785098,0.0,0.0201245766819389
2017-12-18,6.120663200897582e-05,0.526506211436349,2017-11-01,0.1165350547709676,0.07156670208733318,0.0,0.032620051526822236
2017-12-19,0.016669822252433977,0.6864676532273135,2017-11-01,0.1088117810771847,0.07197703841667646,-0.0059257606724137935,0.02730138652845482
2017-12-20,0.019046528204650057,0.6993332076648718,2017-11-01,0.10652843249730681,0.07236224127369195,-0.0069973348807563784,0.015173201111825518
2017-12-21,0.025289687569636666,0.7456746730961106,2017-11-01,0.10558600585259947,0.07269084845568141,-0.006871159760661438,0.014063430506114472
2017-12-22,0.02915504176782694,0.7580122865664294,2017-11-01,0.10327088975167853,0.07305861522434731,-0.008006126299872962,0.009209400852540961
2017-12-26,0.038320313132747544,0.8245266948209373,2017-11-01,0.09630926281242846,0.0732670923520038,-0.013363794161038056,0.004208571953841611
2017-12-27,0.03830046114860808,0.8297645407148189,2017-11-01,0.09543517178127381,0.07339409121060014,-0.013237720631216976,0.0017716622529813097
2017-12-28,0.04613693644036106,0.8664349086995584,2017-11-01,0.09577487599333234,0.0735439040448822,-0.012039869712505591,0.020784008296472978
2017-12-29,0.0481378128702041,0.8742955411936404,2017-11-01,0.08804417588427604,0.07361605390084924,-0.018154588294240326,0.006031342746649848
2018-01-02,0.0330068511645206,0.7408286040147627,2017-11-30,0.10604364310413628,0.07404173881318732,-0.0009457038590691136,0.02803725714644134
2018-01-03,0.026339208217367592,0.7667497731320685,2017-11-30,0.11565633592693625,0.07457244158683496,0.0,0.05012534190886897
2018-01-04,0.02692208747322433,0.7957192095085714,2017-11-30,0.11638617176706223,0.07519105838500928,0.0,0.051274888970760824
2018-01-05,0.01681722427536109,0.7078140815705882,2017-11-30,0.126337224635934,0.07597005750688912,0.0,0.057059012477154614
2018-01-08,0.017196369088475872,0.7076921442753761,2017-11-30,0.12941952755943475,0.07687669491992,0.0,0.05758958464884523
2018-01-09,-0.0008544000493028829,0.5878727748474935,2017-11-30,0.1282017798583348,0.07785739465072194,0.0,0.05300559528908755
2018-01-10,0.013830851308808113,0.7007658736715605,2017-11-30,0.12430614925233541,0.07821300364394812,-0.002337635273576888,0.04245769950135991
2018-01-11,0.020450343566103996,0.735845264100788,2017-11-30,0.1307247991791085,0.07866276642441905,0.0,0.05100842291346974
2018-01-12,0.0028493086312301706,0.5986789655397513,2017-11-30,0.13772841098424116,0.07917665795177098,0.0,0.056696216145478484
2018-01-16,0.009425671463856979,0.6560625891591081,2017-11-30,0.1332045888347737,0.07965699615826027,-0.0028576055898786867,0.05441969096420318
2018-01-17,-0.0030876481455473816,0.5485282951344852,2017-11-30,0.14407665441670425,0.08035119899563048,0.0,0.05383225876773112
2018-01-18,-0.0005832864211900782,0.555826821045313,2017-11-30,0.14292582490182815,0.08084297472034518,0.0,0.04525968607386299
2018-01-19,-0.006766058105207201,0.4901306780296509,2017-11-30,0.1451379126708061,0.08132213351489637,0.0,0.054787508231876725
2018-01-22,-0.007549504332712981,0.46110952504184705,2017-11-30,0.15591701234859845,0.0819464267480976,0.0,0.06722516272815304
2018-01-23,-0.012603141301957946,0.4260350946499379,2017-11-30,0.16393808641084617,0.08262597475036348,0.0,0.07591235768721738
2018-01-24,-0.01096758606463009,0.45956821970679906,2017-11-30,0.15490348440849355,0.08330200305222091,-0.006489393542380761,0.07015333057372031
2018-01-25,0.002820997194378609,0.5796646307168076,2017-11-30,0.15301964298713,0.08397352919478052,-0.006843075235702267,0.07558148155317657
2018-01-26,-0.019349327944440053,0.3959862309043105,2017-11-30,0.16907238382694612,0.0848536277059444,0.0,0.09192521031009804
2018-01-29,-0.016868068460046036,0.4144953903369678,2017-11-30,0.16180278349424015,0.08570551084017186,-0.004855723261865563,0.0853056489350894
2018-01-30,-0.008661749458649604,0.4745539071307417,2017-11-30,0.15069977913797827,0.0864948425395049,-0.01304624411691413,0.0830764722717321
2018-01-31,-0.008890310677157225,0.4522828406819305,2017-11-30,0.15394600690089044,0.08712611487247424,-0.008951030832334173,0.06883693999879803
2018-02-01,0.012256497510570384,0.6116645193080756,2018-01-02,0.1426737816828587,0.08768583773837446,-0.017375380691060927,0.049553219490442224
2018-02-02,0.03028642681735438,0.7228394575443196,2018-01-02,0.11858782517823019,0.08793668636342789,-0.03697402263483618,0.026823145403158888
2018-02-05,0.07216506968979364,0.9664126404487448,2018-01-02,0.07352068798770017,0.08735950784661028,-0.07494294996596751,-0.023468153654576884
2018-02-06,0.030060866164773322,0.7410419945488674,2018-01-02,0.10082134743795135,0.08717048447566711,-0.05043012750940712,-0.0014764919811672828
2018-02-07,0.04850920693895471,0.8491578404040112,2018-01-02,0.08558537952290246,0.08675602023775775,-0.0627157673631471,-0.014456081673579924
2018-02-08,0.08640659238508926,0.9752846793635832,2018-01-02,0.03910133976318497,0.08572032421399345,-0.10226417189976922,-0.0538289852739362
2018-02-09,0.06663957485036939,0.9254984167583089,2018-01-02,0.05625623751775688,0.08488642476741037,-0.086760271811131,-0.044031549592700725
2018-02-12,0.04783690702903791,0.8276051302700564,2018-01-02,0.07412453171803302,0.08472467038402942,-0.07055516756912406,-0.03416634603599078
2018-02-13,0.044746111431782386,0.7565602640175287,2018-01-02,0.07877012065454259,0.08447874074879902,-0.06575752441462368,-0.02639870118551313
2018-02-14,0.03159854437564298,0.6907163396726548,2018-01-02,0.0979880350010447,0.08466029369051586,-0.048265229221723716,-0.01875852584044746
2018-02-15,0.013961523882948086,0.5389139955177884,2018-01-02,0.11726877980558115,0.08538621320571416,-0.030597467990176597,-0.0007241732751973595
2018-02-16,0.017261279275827268,0.5683350250181565,2018-01-02,0.11119591865962963,0.0860086678684775,-0.03492641599254609,-0.00829600333681002
2018-02-20,0.020892408933931114,0.6053749748706299,2018-01-02,0.11232424721601242,0.08657138550678067,-0.03299619528153819,-0.01683333521861574
2018-02-21,0.02433723972362816,0.6776796742241251,2018-01-02,0.10810879965094666,0.08703535671268003,-0.03574557179252846,-0.02766798644448354
2018-02-22,0.026115502157513334,0.6705574178338913,2018-01-02,0.10693527566630778,0.08741621564956281,-0.035862674866144695,-0.021435782177764873
2018-02-23,0.003979902916733705,0.4818752949943275,2018-01-02,0.12840324933119285,0.08798231355671082,-0.016147024134641752,-0.001069504689709122
2018-02-26,-0.011435384528185285,0.3939415076070527,2018-01-02,0.14210327809413115,0.08879581602555109,-0.0031006857318390812,-0.0031006857318390812
2018-02-27,0.009957101668254663,0.5488555695903226,2018-01-02,0.12679183548973572,0.089357862670715,-0.01544487712238718,-0.01064082275107936
2018-02-28,0.02436612185480258,0.6749698814039686,2018-01-02,0.11845289963117311,0.08983952458996991,-0.021763540231458656,-0.008832527423480618
2018-03-01,0.04554178022769805,0.8237028913721183,2018-01-30,0.09922158760315436,0.08983464080938375,-0.03773472118389887,-0.029043661057171377
2018-03-02,0.022924813929381158,0.661750403382385,2018-01-30,0.1083004029361434,0.08982128817144108,-0.028900604853403844,-0.011729020356164521
2018-03-05,0.016074130494645872,0.5799753240638821,2018-01-30,0.11936337534986352,0.08998380696270925,-0.018136173526012156,0.01956110172683423
2018-03-06,0.022033034115643058,0.6059173543283085,2018-01-30,0.12289178362664188,0.0902803632960596,-0.013982314418735542,0.06589932539294652
2018-03-07,0.017815778350611655,0.6168378674315982,2018-01-30,0.12428973659455256,0.09063227886068503,-0.011700690200990183,0.040786295385335736
2018-03-08,0.011275492701139509,0.5980683517033429,2018-01-30,0.12928316029381026,0.09113909129509734,-0.006259828714597626,0.06023353075056259
2018-03-09,0.0030837957323247255,0.5251480391826555,2018-01-30,0.1498851676118509,0.09208142279905163,0.0,0.12844592662252263
2018-03-12,-0.007574137654666901,0.4655750632560818,2018-01-30,0.1546422711127411,0.09313064885257227,0.0,0.11518225850513186
2018-03-13,-0.005767449219179469,0.4992622270708582,2018-01-30,0.1377252260362678,0.09396691769126009,-0.0136146869271917,0.08082063517665827
2018-03-14,-0.004381548816833752,0.5116594197897191,2018-01-30,0.13634305210422792,0.09493595884804296,-0.013786700121288797,0.07508275123039398
2018-03-15,0.001639697007563867,0.5521036238945043,2018-01-30,0.13417964034999508,0.09553187141134156,-0.01464871026673431,0.054400980053967984
2018-03-16,0.004541026393254956,0.5339673027676988,2018-01-30,0.12966064530079935,0.09587240422860543,-0.01757811903294515,0.032106527408439334
2018-03-19,0.022536393730441803,0.7148958877362521,2018-01-30,0.1045902599449835,0.09584540513070539,-0.038539472815666165,0.014615933979508888
2018-03-20,0.03118209593530897,0.7489144743680523,2018-01-30,0.1072955667969111,0.09571700145589657,-0.035374911459032043,0.015923527132485793
2018-03-21,0.03357232300603584,0.7596459578676023,2018-01-30,0.10157521045888473,0.09543475874192509,-0.03957479227184901,0.014384386621898448
2018-03-22,0.05887931363821636,0.904252838740685,2018-01-30,0.07363553271389489,0.09473662094605273,-0.06328067304004248,-0.010533187034994285
2018-03-23,0.07059959714808536,0.9367585770986067,2018-01-30,0.04478144754204916,0.0936986331669536,-0.08796456639297312,-0.055912699686673006
2018-03-26,0.030318868797645636,0.6455520699916955,2018-01-30,0.0828166358070539,0.09308506973473585,-0.054074726864248523,-0.033646153867979756
2018-03-27,0.06693955459011416,0.8967598136301922,2018-01-30,0.04707658562768513,0.09167764988680327,-0.08468492839464747,-0.05319351265131822
2018-03-28,0.07062262469606459,0.9164817680101873,2018-01-30,0.03437728224519332,0.09013205491627518,-0.09521439481953287,-0.05803994827673953
2018-03-29,0.059632840669348444,0.9089288462659424,2018-01-30,0.052595867582190925,0.08867176211984273,-0.07864317325644765,-0.024867367410277952
2018-04-02,0.07817114526481327,0.976226162035607,2018-03-01,0.02165712537554665,0.08674588864848554,-0.1052259700669268,-0.06161656077176414
2018-04-03,0.05782273033169809,0.9026365660614966,2018-03-01,0.03249885743511327,0.08489958301344114,-0.0951567176290472,-0.061460070630116825
2018-04-04,0.04130186516977522,0.8791619693250416,2018-03-01,0.048010572883209646,0.08303847178784673,-0.08088739921883048,-0.05067555679312863
2018-04-05,0.03672817614874282,0.8562127964635861,2018-03-01,0.05325481010177602,0.08116658701591306,-0.07565136573199072,-0.04747154225127914
2018-04-06,0.07538631856773265,0.9805056292062746,2018-03-01,0.026290254920738,0.0790178695981949,-0.09878167813220706,-0.07639172803572492
2018-04-09,0.06456821417645395,0.9549399734959254,2018-03-01,0.03289470559606733,0.0770331881409334,-0.09245264799869868,-0.08763076915058443
2018-04-10,0.03805961885186847,0.790391479891748,2018-03-01,0.05494668053013263,0.07504535801340606,-0.07242921976463079,-0.07242921976463079
2018-04-11,0.04290949624708207,0.8540924387866891,2018-03-01,0.04817916551968349,0.07309850939942186,-0.07778042247292205,-0.06505138985275427
2018-04-12,0.029540764727307236,0.7370778699210692,2018-03-01,0.06002280442679164,0.07149861047369743,-0.06667520252053949,-0.0536278535340734
2018-04-13,0.06796903418037367,0.9416411479057056,2018-03-01,0.05370154665815452,0.06964087523859752,-0.07150879179061942,-0.05770539107862438
2018-04-16,0.04285235851686901,0.8068276974157667,2018-03-01,0.06092267330933954,0.06816025201831089,-0.06443143945695673,-0.04769164992323982
2018-04-17,0.01840331318557796,0.6039916357234953,2018-03-01,0.0827234410020965,0.06736854448777141,-0.04429330490023742,-0.005984470419624466
2018-04-18,0.019853055385417925,0.6262081819912012,2018-03-01,0.083893745740798,0.06745647424503343,-0.04233700199148327,-0.007217405617120809
2018-04-19,0.022601474967691174,0.6671027667287924,2018-03-01,0.07289917262620382,0.0668039181375355,-0.05113994847195713,-0.01204170414004968
2018-04-20,0.05210944516047108,0.8999557562702778,2018-03-01,0.055040497407553346,0.06622246678267318,-0.06615758908232816,-0.0030712679449268476
2018-04-23,0.05042572385438435,0.9045254779086531,2018-03-01,0.05147271160611089,0.06643694773219067,-0.0685168916864024,0.021323376252671222
2018-04-24,0.06175334299569023,0.9545118242933106,2018-03-01,0.02847706136578365,0.06603169347632276,-0.08825193396804165,-0.036130979977409106
2018-04-25,0.0662126938301119,0.9618140128266817,2018-03-01,0.029015329653100608,0.06531726440976993,-0.08715884474161317,-0.0027028030278433146
2018-04-26,0.04495391832160066,0.8761391173203398,2018-03-01,0.04986961105879861,0.06482875563510215,-0.06794141589818525,0.03014302920514278
2018-04-27,0.04732615543689627,0.8879741382299904,2018-03-01,0.04976204287957442,0.06402038100071517,-0.0673659401099681,0.012239810699984588
2018-04-30,0.06012959774930527,0.9412291159699941,2018-03-01,0.041613884547563096,0.06272420722122307,-0.07398289329710506,0.03491728159807983
2018-05-01,0.025433431774574463,0.77132034086221,2018-04-02,0.0527903191936121,0.06173805786972886,-0.06339574968173389,0.03510107061201828
2018-05-02,0.017037456957736972,0.7094356905121831,2018-04-02,0.04588881667217204,0.06062189216939928,-0.0689197988019623,0.01302082074241695
2018-05-03,0.020601665807721145,0.7482269445377219,2018-04-02,0.0451010129898175,0.05959823360659988,-0.06903478286389375,0.007158103147235639
2018-05-04,-0.004427442599439562,0.4751160703301276,2018-04-02,0.06418379457717815,0.05889840614890329,-0.05137056465414003,0.052607800271754934
2018-05-07,-0.016841181849673932,0.3942677745564696,2018-04-02,0.0722337545477385,0.057901962445704225,-0.04348776840839752,0.05395297499609808
2018-05-08,-0.014932434135147239,0.41292791336585355,2018-04-02,0.07035004754700669,0.056601845159340414,-0.044465873572894554,0.03014685971957909
2018-05-09,-0.016258185412108325,0.4029371934714114,2018-04-02,0.08118117068756292,0.05576889952108233,-0.03405129863018064,0.04741725821956688
2018-05-10,-0.027501826666648632,0.32005568358122627,2018-04-02,0.0914706351671446,0.05522839674522273,-0.024039908542306643,0.04568108989857955
2018-05-11,-0.03045348510791247,0.32746593780390587,2018-04-02,0.08954960917645427,0.055039974595559205,-0.024960151356798077,0.05013363618551825
2018-05-14,-0.015608897582864805,0.4264724321094483,2018-04-02,0.09048025280127203,0.05465494888486222,-0.023291678921912418,0.043973004513068625
2018-05-15,-0.0058591837896808385,0.49104265483847337,2018-04-02,0.0775421412432844,0.05385297897875274,-0.03410879066114636,0.010656527040472374
2018-05-16,-0.01662937519378404,0.40344604296816544,2018-04-02,0.08374197339616662,0.05304577533710253,-0.027722268496672253,0.015260831341716852
2018-05-17,-0.01507748097790421,0.41345385090148723,2018-04-02,0.0786873762270417,0.0521397176565328,-0.031462120482003586,0.02073838808817441
2018-05-18,-0.0005745204496508203,0.5293221045810304,2018-04-02,0.0722752870590242,0.05104715028152729,-0.0364680932652206,0.03179283299837721
2018-05-21,-0.006538420964537184,0.4874831341742568,2018-04-02,0.07740252725374397,0.04960471916522957,-0.03105949110572359,0.0402126460977843
2018-05-22,0.0006445207313955457,0.5365640087778065,2018-04-02,0.07512249896609191,0.04803514048638302,-0.032325149004809206,0.06134017394370006
2018-05-23,-0.016943151324273334,0.39968052571478074,2018-04-02,0.08330389872125532,0.04693456603515456,-0.0241545222851981,0.06902002839539056
2018-05-24,-0.019767559486067787,0.38505689412980115,2018-04-02,0.08208289813061165,0.04582661816440803,-0.02444226017930662,0.046669980257514565
2018-05-25,-0.029782539095235358,0.33059133749598324,2018-04-02,0.08225413467050724,0.044749339351653816,-0.023464432754089604,0.04707259711387235
2018-05-29,-0.021533480128555382,0.3839249268560574,2018-04-02,0.0764843193707041,0.04356599701613595,-0.027779667947878006,0.049894569997453564
2018-05-30,-0.02636413426027313,0.3509278437165476,2018-04-02,0.08319523325131817,0.042997758276373865,-0.02081766999518675,0.04546005388303409
2018-05-31,-0.0282303681876431,0.3365263756513981,2018-04-02,0.0815665492561719,0.0424105731465112,-0.021450267495329634,0.05098328935096341
2018-06-01,-0.041996250343071945,0.2732691951864046,2018-05-02,0.09751495259248966,0.042171350326153156,-0.00608767469916438,0.06761488722250153
2018-06-04,-0.0522367002057995,0.18167954256148258,2018-05-02,0.10634125610994216,0.042610266350864956,0.0,0.05719672578796242
2018-06-05,-0.03230937074585939,0.33099713080970783,2018-05-02,0.10856095761345008,0.04354598512544139,0.0,0.05173279219308524
2018-06-06,-0.04295988643114305,0.2876142008572577,2018-05-02,0.11377595195713996,0.04382577881707306,0.0,0.05895119355803535
2018-06-07,-0.039963339715432325,0.32005354493015137,2018-05-02,0.1035240922002818,0.04463846482923728,-0.008131278908758754,0.03901610283301449
2018-06-08,-0.03843967126409529,0.3162876689960646,2018-05-02,0.10246818840028249,0.045752244436558565,-0.00807473544888826,0.028416508329198953
2018-06-11,-0.03281305811433945,0.3192180323048412,2018-05-02,0.10428506263911452,0.04652717054039579,-0.0054020962801539785,0.03216070429903839
2018-06-12,-0.0457035994596341,0.2686241475640899,2018-05-02,0.10888943008878327,0.047955085859288316,-0.00017063681659956753,0.035817265584774605
2018-06-13,-0.05328261874418801,0.22154130733024752,2018-05-02,0.10761510595710932,0.04914863233834632,-0.00022736326501338056,0.04735805976974561
2018-06-14,-0.06003958886368469,0.19843440671551088,2018-05-02,0.11756042892517682,0.05020711142468559,0.0,0.05101220665860162
2018-06-15,-0.04637284751381888,0.22034427299209608,2018-05-02,0.11243903042730063,0.05110972639118305,-0.0034911886330848407,0.05138706967986617
2018-06-18,-0.049579074015327976,0.1995015969010901,2018-05-02,0.11064178691904725,0.0525609093693582,-0.004066847451681399,0.056238972587978386
2018-06-19,-0.06146352508315893,0.160071275686196,2018-05-02,0.10641743039365892,0.05387571835828364,-0.006888155489125136,0.04736763052350046
2018-06-20,-0.055185498613036746,0.16908552973443705,2018-05-02,0.11314139545515145,0.05486081857599978,0.0,0.056186095033101235
2018-06-21,-0.062354119647969934,0.14951758342393645,2018-05-02,0.10235621955108343,0.05577509547316106,-0.008688348042635186,0.03824310816697962
2018-06-22,-0.056592422395963946,0.20395628409697672,2018-05-02,0.09882884929187874,0.05642459076958661,-0.010888606330674788,0.03624423059622206
2018-06-25,-0.034800167945278335,0.2937505135978177,2018-05-02,0.07316187619554704,0.056824985272227346,-0.03317344548219214,0.01188324358843329
2018-06-26,-0.036725738181064754,0.28948674954653053,2018-05-02,0.07656733624192191,0.057094217394704216,-0.029224303424404408,0.020526051915761956
2018-06-27,-0.030011501363716758,0.2679801749838556,2018-05-02,0.06109587202556899,0.05676546777063951,-0.04242630606706954,-0.0005098029760883804
2018-06-28,-0.031154604539603233,0.248163972166358,2018-05-02,0.0693499752993052,0.05654053425261063,-0.034188970211184055,0.008739804208252933
2018-06-29,-0.04126590440504888,0.193944207028405,2018-05-02,0.0713397652355976,0.05655533323492046,-0.03159395170827095,-0.00418350256400557
2018-07-02,-0.03817495229753956,0.24999195840201668,2018-06-01,0.07756229966203998,0.05697236649882198,-0.025105861953675368,-0.006483799824069547
2018-07-03,-0.01589148398515396,0.3727092136540321,2018-06-01,0.06423104695167625,0.05727264531187304,-0.03638913791633824,-0.021015888178585906
2018-07-05,-0.022087067910013435,0.32560349649901543,2018-06-01,0.0764937494531035,0.058186488795189284,-0.024428936050566286,-0.014613373571294108
2018-07-06,-0.039117316212927716,0.18152212236721477,2018-06-01,0.0921978418080518,0.05932934901060971,-0.009252498253335517,0.008919566075263674
2018-07-09,-0.04396238130779016,0.1910237044434131,2018-06-01,0.1009053446748589,0.06018542963132556,-0.0003386894087682446,0.017938840326039207
2018-07-10,-0.058175940918878344,0.14963146989612353,2018-06-01,0.10056120392583923,0.061010113672629096,0.0,0.015948701281796485
2018-07-11,-0.039684102338480964,0.20591897372035872,2018-06-01,0.09385684506615943,0.06188881234627486,-0.005075708700898018,0.00550322155980254
2018-07-12,-0.05110711520997595,0.13063748006759507,2018-06-01,0.11141377887247539,0.06276506179084862,0.0,0.022887555148130456
2018-07-13,-0.05201453907611031,0.1348814886796581,2018-06-01,0.11106027990618972,0.06378352752147531,0.0,0.013481958522848947
2018-07-16,-0.039712047221591135,0.23888927562506274,2018-06-01,0.10718274265553696,0.06480531430096503,-0.002393846422849344,0.014597991336320781
2018-07-17,-0.04989712486728013,0.18477089253191797,2018-06-01,0.11265622818216059,0.06554375661632683,0.0,0.021359970650144167
2018-07-18,-0.0416176877778156,0.2508367084390376,2018-06-01,0.1093479344070285,0.06611518589240406,-0.0018863157009708642,0.02232944752110022
2018-07-19,-0.0483621771996183,0.21619154999041296,2018-06-01,0.10263351859635228,0.0666292209224233,-0.006878519362858326,0.010042381014624402
2018-07-20,-0.043598427500730855,0.2415625174735262,2018-06-01,0.1012356521867499,0.0669264283912252,-0.0071005593573113535,0.018667092117042428
2018-07-23,-0.04228132406581098,0.21295780922219892,2018-06-01,0.10357515707542819,0.06706552963902546,-0.003938827402603207,0.024184097176705555
2018-07-24,-0.03802570630153763,0.24638722924934886,2018-06-01,0.10697708853132903,0.06733713611506631,0.0,0.05210939990861396
2018-07-25,-0.05429784202767756,0.15628933539879394,2018-06-01,0.12120922201430617,0.06780579720528879,0.0,0.06247464306202444
2018-07-26,-0.033352124476802004,0.3850307868362425,2018-06-01,0.10309057335035865,0.06824899179808552,-0.015151677491154425,0.06080268895531016
2018-07-27,-0.02540466465660817,0.4591851344143494,2018-06-01,0.08717446097920689,0.06834127416545521,-0.028443525541762993,0.03756033006383319
2018-07-30,-0.010723183643973835,0.5850310014538704,2018-06-01,0.07089606399388937,0.06830200872688552,-0.04217264472541582,0.020157465820233922
2018-07-31,-0.023185349321649593,0.47762536788140625,2018-06-01,0.07811685423831549,0.06848015708471844,-0.0348431936407656,0.02112259899089919
2018-08-01,-0.012188149642657919,0.511655470789594,2018-07-02,0.08123141017640156,0.068621892261993,-0.031178336363815173,0.03700207118121446
2018-08-02,-0.02422329700174735,0.41675206554571154,2018-07-02,0.09488886151964149,0.06902208028147316,-0.017996091521489288,0.03822570013705762
2018-08-03,-0.025378832656659224,0.42657340139722844,2018-07-02,0.09717589464958354,0.06930409154556605,-0.01498736050181404,0.025454243573170388
2018-08-06,-0.027153200568973506,0.42468777849659306,2018-07-02,0.10252077083518651,0.06968033515276262,-0.009189368348279658,0.022292661188411556
2018-08-07,-0.024758465613175677,0.42987362089661085,2018-07-02,0.10538215225257463,0.0700761963326435,-0.005579312675470516,0.025264816336509233
2018-08-08,-0.024213722726976566,0.43743280733579165,2018-07-02,0.10557106878743117,0.07059464638030843,-0.004375960784534172,0.03174231626570956
2018-08-09,-0.027447713727111658,0.39863253055127634,2018-07-02,0.10372870547249158,0.07092439415211449,-0.004977636730002288,0.013652097290059562
2018-08-10,-0.01302737753871657,0.4954484351480958,2018-07-02,0.09418649157373604,0.07115143302934479,-0.012580744543024935,0.005066597989254795
2018-08-13,-0.012132553142192106,0.4828135584262391,2018-07-02,0.0918574929782714,0.07101957149098004,-0.013674668871845763,0.006362199390312684
2018-08-14,-0.02257698255224444,0.38660367026779224,2018-07-02,0.0975251092602285,0.07078463772354526,-0.007493855897074186,0.006545592969250169
2018-08-15,-0.0033010942183302142,0.5671401716407718,2018-07-02,0.08315131587295221,0.07042620323230597,-0.01963697801472053,-0.0038903217838744952
2018-08-16,-0.0037721128358753943,0.5653528469490305,2018-07-02,0.08576160768707908,0.07000859665166304,-0.016409567516981527,0.004412636338337883
2018-08-17,0.01142221758025197,0.6915079458400637,2018-07-02,0.08506620488078576,0.0697857076505537,-0.01619088803891755,0.004860609774825608
2018-08-20,0.010446683670338446,0.6833267335438848,2018-07-02,0.08317003033137538,0.06954627086870246,-0.017066220712758096,0.000779721308647785
2018-08-21,0.006290250665791167,0.6356051945942787,2018-07-02,0.08618493204019195,0.06929971686305603,-0.013455901570698314,0.0003327819619174388
2018-08-22,0.0032357282177138645,0.6119600798829681,2018-07-02,0.08945948638407764,0.06905153027770261,-0.009627078596741723,-0.009627078596741723
2018-08-23,0.010811273429390032,0.6715499352587533,2018-07-02,0.08698255931119148,0.06879867081656221,-0.011049109965741932,0.004165684635540012
2018-08-24,0.0008553894647355602,0.5415488519176775,2018-07-02,0.09611072844833446,0.06848363045953976,-0.0018599172636294403,0.027361876511560634
2018-08-27,-0.0017518206793356848,0.5133253463830468,2018-07-02,0.1062622038907981,0.0684267979610611,0.0,0.05270985798336536
2018-08-28,0.0018726710377407149,0.5835297257143758,2018-07-02,0.10682526034908135,0.0683802319526774,0.0,0.04624512672449921
2018-08-29,-0.006807341744929682,0.501550764823215,2018-07-02,0.1184577900466055,0.06858034043903172,0.0,0.054313754729064856
2018-08-30,0.0027721358836942968,0.6043838200042275,2018-07-02,0.11536436288458085,0.06860755464653367,-0.001767222856655426,0.038322639439830386
2018-08-31,0.00011213588655496765,0.5900327913071017,2018-07-02,0.11565757041145686,0.06882206009549896,-0.00048217309429421373,0.036483648086631515
2018-09-04,0.016729541992200326,0.7414822945135704,2018-08-03,0.10974305807025786,0.06898984761779325,-0.00476627415873776,0.02600184206675249
2018-09-05,0.02964760953295579,0.8339368795369674,2018-08-03,0.0944380989292466,0.06948060170390113,-0.017618405393047598,0.009075775772831918
2018-09-06,0.03795699342604585,0.8759700538615633,2018-08-03,0.08372459156304402,0.06972511662810055,-0.026400524543797044,-0.0011536865971855104
2018-09-07,0.04719749045829762,0.9140648039847523,2018-08-03,0.07864622899697737,0.07018307202889185,-0.03014905923799116,-0.004397763430230794
2018-09-10,0.04880698468038966,0.921240186829819,2018-08-03,0.0814056334963349,0.07057254223243103,-0.026882525679070457,0.006647439176318493
2018-09-11,0.03900062043125303,0.8790638080948545,2018-08-03,0.08881880213057047,0.071034608280651,-0.019385542270192624,0.015527805135528316
2018-09-12,0.04391452281872937,0.902891924220621,2018-08-03,0.08473027461654037,0.07133031773109422,-0.022276861245750235,0.006228011735745831
2018-09-13,0.03646567959357252,0.8655048793843464,2018-08-03,0.09536327692585855,0.07203024535909441,-0.011834907646828485,0.02957099707953037
2018-09-14,0.03594215760885421,0.866307610021776,2018-08-03,0.09124101421358444,0.07244326671334655,-0.014726484560917297,0.02318985899597137
2018-09-17,0.0444932200902475,0.8939288158354819,2018-08-03,0.07461952671192784,0.07222065880146133,-0.028917402751585053,0.00822867355164214
2018-09-18,0.030424983653595552,0.8080211256765011,2018-08-03,0.08259108186958719,0.07198204821788035,-0.02088502493147859,0.017473593000412846
2018-09-19,0.021948052843724947,0.7505278005142773,2018-08-03,0.0808304325353204,0.0716955217791424,-0.021634938221142375,0.012973644816417496
2018-09-20,0.012863706511966378,0.6677965109260388,2018-08-03,0.09171853782318662,0.07163466837353161,-0.010817340141305642,0.020214404496835092
2018-09-21,0.01749156625699967,0.7134236872856998,2018-08-03,0.08473012647756994,0.07113075751258369,-0.016226053201713553,0.016094978676757465
2018-09-24,0.022571652428238567,0.7650483959912968,2018-08-03,0.0867324031920218,0.07067590256864897,-0.01349018518094991,0.009540225334019548
2018-09-25,0.02044115352307049,0.7461844783665792,2018-08-03,0.08720436614441396,0.07031049793057709,-0.012149162757321585,0.0007121207462739143
2018-09-26,0.028290653069908533,0.7901961948597553,2018-08-03,0.08698557720528455,0.0698499406620463,-0.011451439030467525,-4.513824958740642e-05
2018-09-27,0.014375987499418099,0.6677019781956146,2018-08-03,0.09518258835006121,0.06960246979557372,-0.003082623386186034,-0.003082623386186034
2018-09-28,0.01751567457655124,0.6997999730165501,2018-08-03,0.09393850285204408,0.06945123013776655,-0.0032970562851107887,-0.0015325417713023537
2018-10-01,0.021964803197720588,0.7406270205131329,2018-08-30,0.09516439816228872,0.06934708723960936,-0.0012586540526700052,-0.0007768555372139607
2018-10-02,0.03223532215021654,0.8125379639631708,2018-08-30,0.09169662255613553,0.06913666289587028,-0.003511661143056344,0.0012606214832810991
2018-10-03,0.034594926334298386,0.8326107711472363,2018-08-30,0.09192527963500785,0.06891220197305281,-0.0024388947918599913,0.01545174572133634
2018-10-04,0.04313933791111399,0.8910384794983288,2018-08-30,0.07018828856634363,0.06812701566442936,-0.02159065877328903,0.004940292072624919
2018-10-05,0.06149582283766468,0.9584980914506182,2018-08-30,0.05638010063138066,0.06744624495212381,-0.03355376187011627,-0.003510542176151432
2018-10-08,0.06192945973848767,0.9597409807444806,2018-08-30,0.049240873764342385,0.06695086927417937,-0.03945496556606587,-0.01291975554726199
2018-10-09,0.059201222049000066,0.9525782090205266,2018-08-30,0.05193205741418483,0.06680002504500693,-0.03634362502340793,-0.017293323201122757
2018-10-10,0.09065429326779798,0.9873901431679946,2018-08-30,0.005220581293899462,0.06580897772483607,-0.07872447332821009,-0.05773373856568609
2018-10-11,0.10023897220375554,0.9893480802149244,2018-08-30,-0.007652355313584214,0.06453131566287662,-0.0901511502596839,-0.07925420885528012
2018-10-12,0.06722641855058163,0.9624167896810577,2018-08-30,0.01940887842474215,0.06337925823942259,-0.06482975455085249,-0.05085214329302956
2018-10-15,0.08162986816446215,0.9818337156482269,2018-08-30,0.00658832599935999,0.061988970792288045,-0.07614947297139518,-0.04863857137759775
2018-10-16,0.03871284010725288,0.8396929461468621,2018-08-30,0.035197112530611196,0.060876625968991016,-0.049272364001479496,-0.02899285558165865
2018-10-17,0.0494643897711519,0.9095702450408099,2018-08-30,0.035010995486545404,0.05977879795244645,-0.048896977459095714,-0.02786489450919849
2018-10-18,0.07831745391924616,0.9808480427292348,2018-08-30,0.010603261793669994,0.058351186882317,-0.07094547712523724,-0.060785676320408766
2018-10-19,0.06654913918458245,0.9620717573172302,2018-08-30,0.009269137539646977,0.056932403955807676,-0.07180381057750884,-0.05649443915106134
2018-10-22,0.051575193361069444,0.9056567248844632,2018-08-30,0.014079247701362263,0.05580222760991793,-0.06702954032430442,-0.054271487560592524
2018-10-23,0.04661537283968049,0.9008860913402374,2018-08-30,0.010005235443371285,0.054660493937292554,-0.07046287413339103,-0.05903088723276939
2018-10-24,0.08554613132001086,0.974244190593027,2018-08-30,-0.03632289253188303,0.05270742620777957,-0.11300484804067312,-0.10272981320270769
2018-10-25,0.04914885799813662,0.8682454005152354,2018-08-30,-0.0032680883073988864,0.051492936800037636,-0.08231884676026624,-0.0794812340850336
2018-10-26,0.07710960367244468,0.9634059395636766,2018-08-30,-0.02902682252571742,0.04986620875180159,-0.10592331762602314,-0.1029657451982694
2018-10-29,0.09726831973970074,0.976825578531362,2018-08-30,-0.049000579552715307,0.04797674313141642,-0.12432413656366381,-0.12322057458656943
2018-10-30,0.07509762671843043,0.9506642765099834,2018-08-30,-0.03340738201293525,0.04632306169901179,-0.10989316357997359,-0.1067563947200284
2018-10-31,0.0686321468276091,0.9467786474521467,2018-08-30,-0.010829799356120828,0.044982131064961184,-0.08897082354098362,-0.0867434869877659
2018-11-01,0.03524858418239556,0.8221444258167041,2018-10-03,0.0020084662913961715,0.04375393344830414,-0.07695432716820116,-0.05658538411489222
2018-11-02,0.053591955035805855,0.9145882997413565,2018-10-03,-0.013712275171030464,0.04234140428203581,-0.09133139099887388,-0.05978359359187935
2018-11-05,0.05645074801459099,0.9092484642618905,2018-10-03,-0.016208946883170205,0.040751372580305256,-0.09358482798681211,-0.056353279107466236
2018-11-06,0.040802651444117315,0.8795374954047631,2018-10-03,-0.008803814213436567,0.039097449504330584,-0.08671773047108688,-0.05227392954143284
2018-11-07,0.010073946655612558,0.6796567691551548,2018-10-03,0.02204666521106291,0.037839735832605914,-0.058070131423120785,0.02241928859187814
2018-11-08,0.0005020700668973838,0.6133852444603569,2018-10-03,0.015318882718221571,0.03623674441995095,-0.06407872352755362,0.028655778088384487
2018-11-09,0.01835055646792238,0.7692950119226964,2018-10-03,-0.0018357597967854078,0.034496315730494054,-0.07985071893487206,-0.01606227791903836
2018-11-12,0.04708353624980974,0.8896091034051519,2018-10-03,-0.03195970113796853,0.03225521096309514,-0.10769363574505286,-0.034144227719513975
2018-11-13,0.039370879535717336,0.8634116208063665,2018-10-03,-0.031108875302322314,0.030077056044842454,-0.10694303461930599,-0.06065950797491715
2018-11-14,0.04321296463861295,0.8905183607883014,2018-10-03,-0.03840897306017088,0.028088607959703804,-0.113755879063972,-0.06819335031824791
2018-11-15,0.032890018365783126,0.8487478977595255,2018-10-03,-0.021617150636249804,0.02649771611923213,-0.09825196777006462,-0.02939169873511105
2018-11-16,0.045397687463726064,0.8931555744448144,2018-10-03,-0.0251589894049411,0.024837821017629658,-0.10141695952720897,-0.031903975999001855
2018-11-19,0.08206534060452825,0.9371549154395253,2018-10-03,-0.056951691004581084,0.022444117703621425,-0.1306008127815077,-0.06813856944549013
2018-11-20,0.10063692267233147,0.9749263599408189,2018-10-03,-0.07376652632303715,0.019760649677864617,-0.1461583752899014,-0.08143354262040836
2018-11-21,0.10496221115219337,0.9774513611650701,2018-10-03,-0.06675353050950739,0.017182773089833292,-0.13966726617313285,-0.03005926027167538
2018-11-23,0.10362326789563533,0.9743599480542455,2018-10-03,-0.07368184975186665,0.014079396610095163,-0.1454780057238365,-0.06927371914881819
2018-11-26,0.08380996763342088,0.9666431208065756,2018-10-03,-0.0524819047335795,0.011437328917916156,-0.12572655476483152,-0.02262086537975161
2018-11-27,0.09426334815605275,0.9757203876327432,2018-10-03,-0.0494332986781455,0.009232782186743504,-0.1220925652883913,0.0012865371443293583
2018-11-28,0.0532537605377523,0.9293118598779715,2018-10-03,-0.019123452960292164,0.007336371136145603,-0.0938388722696265,0.01675500886448611
2018-11-29,0.045910851931027334,0.9059142789414865,2018-10-03,-0.02250210170257705,0.005496330719601206,-0.09679289127731061,-0.009833815706037585
2018-11-30,0.03445635958479472,0.8558788812185114,2018-10-03,-0.015541571238553487,0.0036163936906248306,-0.09024005515132993,-0.01563389705343332
2018-12-03,0.013078812894087882,0.6826374367818926,2018-11-01,0.001422377807555275,0.002090580277057441,-0.07434048732102227,0.01741649092315689
2018-12-04,0.04598489289433309,0.8941281976011268,2018-11-01,-0.037026605685185565,-6.0267407641534376e-05,-0.10984579166788266,-0.019175936612230604
2018-12-06,0.034969825244435586,0.8347123626131046,2018-11-01,-0.030311959651898923,-0.0021514958400542517,-0.10356120532997526,-0.019678232875407264
2018-12-07,0.0638208170791364,0.9501431361499675,2018-11-01,-0.06225871613497136,-0.00473899235694164,-0.1331578690464107,-0.08087522704799133
2018-12-10,0.05537603056063686,0.9325448663301972,2018-11-01,-0.052323687119619655,-0.0072638333357737395,-0.12408007583307867,-0.06528736337547203
2018-12-11,0.05488368376609283,0.926290582507899,2018-11-01,-0.04902369977083221,-0.009673581743906867,-0.12117925912611005,-0.046117159847355094
2018-12-12,0.06433630087163685,0.9551225093653702,2018-11-01,-0.04058965957390137,-0.012062511735254189,-0.11344460878617912,-0.007695607531531645
2018-12-13,0.05812775119358848,0.9389905585242533,2018-11-01,-0.040266170574472904,-0.014429324377049912,-0.11317618682237551,-0.008229437622041202
2018-12-14,0.09230754435672645,0.9804626330621726,2018-11-01,-0.06356696883643442,-0.017249653339768578,-0.13476943388361562,-0.02493960778530835
2018-12-17,0.10505314318729264,0.9861549222203994,2018-11-01,-0.08458263955769552,-0.019932921974919027,-0.1543749982244378,-0.06341835828405218
2018-12-18,0.0927823408460583,0.9842334546258131,2018-11-01,-0.07859866364308343,-0.022218950838598706,-0.14905709252525756,-0.05420887502117
2018-12-19,0.12045750059216162,0.9897288242961209,2018-11-01,-0.10088195735377192,-0.024700343548923254,-0.16995216699943927,-0.04646438354294857
2018-12-20,0.138796809396394,0.99,2018-11-01,-0.11350996631203325,-0.02743752093515761,-0.1819839792204554,-0.04316398034913149
2018-12-21,0.16824721878584015,0.99,2018-11-01,-0.14045153618499395,-0.029647320710114666,-0.20733737205944303,-0.07981539143573524
2018-12-24,0.19865157334721478,0.99,2018-11-01,-0.16107523877434315,-0.0318423148428113,-0.22699364215288875,-0.09609600601094559
2018-12-26,0.11643778781910379,0.9860506087150822,2018-11-01,-0.10816819153552382,-0.03377068185299703,-0.17872805006939108,-0.06135323594552655
2018-12-27,0.11959512996838981,0.9872863380549983,2018-11-01,-0.1042655863820453,-0.035468949219357615,-0.17457425726872366,-0.06089152305000478
2018-12-28,0.12326431017593387,0.9874846149342538,2018-11-01,-0.10428137411035188,-0.03776193543418738,-0.17500598156643266,-0.09064836861627346
2018-12-31,0.11902333375629957,0.986008780226499,2018-11-01,-0.09630871831857835,-0.039954728400281025,-0.1517637231092509,-0.07998044928704995
2019-01-02,0.1095673490924927,0.9682684781656887,2018-11-29,-0.09228534241111208,-0.04162810215675172,-0.13781222685085304,-0.08293584468376458
2019-01-03,0.11840495909522783,0.9714682335872862,2018-11-29,-0.12152498589935434,-0.043837162967447885,-0.16356564614649016,-0.12813395809364092
2019-01-04,0.08275898511731507,0.9519484024524627,2018-11-29,-0.08366407464343606,-0.04556453691965856,-0.12777970547227213,-0.0545684137799507
2019-01-07,0.05767075631752533,0.9133561759862099,2018-11-29,-0.07254465090331774,-0.04707206910513595,-0.10574569292476121,-0.05001897615573048
2019-01-08,0.04182667632079114,0.8665407392264577,2018-11-29,-0.06409585011428787,-0.04763875845701393,-0.09765699120762639,-0.008697550329358483
2019-01-09,0.022858071115106134,0.7721164103949671,2018-11-29,-0.05656212525179527,-0.04887744660309001,-0.09030314935681005,-0.010976026858724341
2019-01-10,0.04590433117365342,0.8801322411805499,2018-11-29,-0.0538079382129546,-0.04939692659694328,-0.08770117229539431,-0.011421066696341575
2019-01-11,0.03154192371094079,0.8216684574030132,2018-11-29,-0.057343699321422914,-0.04971522009583895,-0.0910386420216357,-0.023630783524443255
2019-01-14,0.04417956827352506,0.8792662477454118,2018-11-29,-0.06575836630484766,-0.05052580749647162,-0.09907102467163864,-0.03255175520173026
2019-01-15,0.024193749287580932,0.7592592824668558,2018-11-29,-0.04760875570990997,-0.051434552658738864,-0.07253358950197819,0.01095511967899876
2019-01-16,0.021060250290789742,0.7275561505157834,2018-11-29,-0.04800532660162071,-0.052735248082264596,-0.07270519620533766,0.03420242246289318
2019-01-17,0.007214029821962065,0.6122287021768549,2018-11-29,-0.04070860468624249,-0.05355922262603097,-0.06539411168109488,0.03584226997468587
2019-01-18,0.001886378663418019,0.5472300279760467,2018-11-29,-0.03139837688136615,-0.0541204582391126,-0.056141133004049326,0.07243129650810398
2019-01-22,0.02488187756702946,0.7580015904556867,2018-11-29,-0.05086625493694619,-0.05510236902850563,-0.07504726258554895,0.06640769951419201
2019-01-23,0.013767518095094565,0.655775564642689,2018-11-29,-0.04981833432466054,-0.05679981589653882,-0.0738474761446144,0.10194437204048823
2019-01-24,0.026264540895168116,0.7451014394274691,2018-11-29,-0.04384878721263974,-0.05824153862987447,-0.06785036954316925,0.13728184200233606
2019-01-25,0.0013320607720571091,0.49914211059859215,2018-11-29,-0.03256667514882361,-0.05906929980052045,-0.056712455534010386,0.08323491364242086
2019-01-28,0.00017578165868093864,0.5262040471839396,2018-11-29,-0.04462612156566026,-0.05949880331320945,-0.0683640942913113,0.06573019282860004
2019-01-29,0.013822417182221578,0.6873560221267827,2018-11-29,-0.05365925011811423,-0.06002978284814797,-0.07716039832106569,0.056220236907478016
2019-01-30,-0.014081243693153542,0.36109770757602555,2018-11-29,-0.029739874427821444,-0.06006705827197778,-0.053685331542781656,0.07403073112529013
2019-01-31,-0.037750767507502295,0.17022911110805927,2018-11-29,-0.01540834216232978,-0.060185989639340964,-0.03952020226223274,0.08574351352447351
2019-02-01,-0.03546386952196636,0.21530501132519328,2019-01-02,-0.019636190543380727,-0.06020396613826806,-0.04357523215055237,0.11767444782717629
2019-02-04,-0.04913051932636082,0.127669793711956,2019-01-02,-0.007581039809372303,-0.05939124986838684,-0.0316949365890411,0.08513153621305625
2019-02-05,-0.05503164368339156,0.0970887361548289,2019-01-02,0.0009877653995467028,-0.05814785328719496,-0.02312747192381981,0.08185202568847805
2019-02-06,-0.05670821512852757,0.0964398837415219,2019-01-02,-0.0022692507338402113,-0.05716330905646361,-0.019787699100418776,0.06895703274414133
2019-02-07,-0.05692078970417353,0.12006702679858641,2019-01-02,-0.0158823851639055,-0.05625992594645379,-0.020998657335128734,0.04607622625444674
2019-02-08,-0.058499762678281254,0.1080293087010831,2019-01-02,-0.014274086101353833,-0.055850728483944345,-0.01907826619249464,0.045138812850995746
2019-02-11,-0.0702485547774824,0.06320782229602112,2019-01-02,-0.01552126392996278,-0.0555150004895395,-0.020009305745446904,0.04798065740246593
2019-02-12,-0.0848040557474057,0.03694766999125427,2019-01-02,-0.0012562482270553899,-0.05547866302363291,-0.005518811118942923,0.07295807808347776
2019-02-13,-0.08089202689040063,0.03937610710279163,2019-01-02,-0.0008474766692649904,-0.055364815661442024,-0.004820554704642044,0.053146858515153106
2019-02-14,-0.07160836518029481,0.054734087588169986,2019-01-02,4.747091204393428e-05,-0.055405909700389944,-0.0035983269746552304,0.054635415267014986
2019-02-15,-0.07215174968544005,0.059675689518995066,2019-01-02,0.003951560969594592,-0.05567704156811082,0.0,0.05078518414919153
2019-02-19,-0.07255616951540915,0.05765843303093876,2019-01-02,0.005598028822697998,-0.05517450086376985,0.0,0.04254194849036885
2019-02-20,-0.06674192644976026,0.07676073768012248,2019-01-02,0.005083898179877089,-0.05481167578430102,-0.00017448761077665242,0.06366598477724383
2019-02-21,-0.0674644714506368,0.07220847066409819,2019-01-02,0.0011778932804455966,-0.053780088314686725,-0.0038314919061773756,0.058402586252692235
2019-02-22,-0.06994206369551084,0.06781437243746173,2019-01-02,0.008357977239321857,-0.052794898676600255,0.0,0.05937506824104233
2019-02-25,-0.07082340514407712,0.051838687942910515,2019-01-02,0.011779642622970377,-0.051821564878221094,0.0,0.050681431417240796
2019-02-26,-0.06389361200841165,0.06722495179698151,2019-01-02,0.012623998293281646,-0.050950382258108995,0.0,0.06492565646728243
2019-02-27,-0.05130401883844904,0.11141598257011523,2019-01-02,0.011831682082906303,-0.05004729708908273,-0.0006333616340362669,0.07439538142995294
2019-02-28,-0.0428572123176367,0.15570192302267039,2019-01-02,0.009356324886670597,-0.048717190585008785,-0.002936519940954896,0.04532839079611595
2019-03-01,-0.0459024202052667,0.13518590725305452,2019-01-30,0.016178721550518915,-0.04684876480856803,0.0,0.03704817032884744
2019-03-04,-0.03535238437138232,0.18633789165623482,2019-01-30,0.01612586371930158,-0.045145279115957004,0.0,0.041624069088626925
2019-03-05,-0.045912862757723404,0.13317166619736248,2019-01-30,0.01668451343880739,-0.04294845418556292,0.0,0.029611174752471214
2019-03-06,-0.04129452100971057,0.14901537923046848,2019-01-30,0.010730347833323606,-0.04059803360855674,-0.005672039803800932,0.014792399304236703
2019-03-07,-0.04340230381454732,0.13483739480759366,2019-01-30,-0.001821891306704515,-0.037912987587013114,-0.01787464820416229,0.005336550077497559
2019-03-08,-0.04015361392383622,0.14717838274803355,2019-01-30,-0.003449033620036124,-0.03480060266984364,-0.019364003847952227,0.017476212176094075
2019-03-11,-0.06129394768827722,0.06902998099353568,2019-01-30,0.01704954403881609,-0.03242404088203854,0.0,0.03660423776267008
2019-03-12,-0.06252236655361097,0.06403436846435476,2019-01-30,0.022421902069753585,-0.029992771219568337,0.0,0.04328964396825885
2019-03-13,-0.06519487972108341,0.05741312896279105,2019-01-30,0.029845586457534212,-0.027438362016409923,0.0,0.03581215873031307
2019-03-14,-0.06611325137662835,0.05672072724901783,2019-01-30,0.027856824551909076,-0.025056908557764213,-0.001694820225998317,0.03333110917229054
2019-03-15,-0.074198243590829,0.04321899939888492,2019-01-30,0.03707893944669638,-0.02262572700522092,0.0,0.0416421577915449
2019-03-18,-0.07643949855443682,0.04111263592884495,2019-01-30,0.03925428878941939,-0.019536225797826767,0.0,0.039750977218300676
2019-03-19,-0.08474673839075504,0.031646776156748595,2019-01-30,0.04243159197109847,-0.017143925353808265,0.0,0.04118742483280591
2019-03-20,-0.09212821739535716,0.023799240503398867,2019-01-30,0.04630648962613804,-0.014831022350259238,0.0,0.045498742189597596
2019-03-21,-0.11161696226772556,0.011664084980328795,2019-01-30,0.062360404199454544,-0.012394652594876598,0.0,0.06574002328558848
2019-03-22,-0.1024108358155523,0.01965169917629639,2019-01-30,0.03886865816766982,-0.0104463642024194,-0.02196429435825975,0.03467513700628899
2019-03-25,-0.08602009736037822,0.04568737686341138,2019-01-30,0.03677383842247961,-0.008552678352066412,-0.02382662452351736,0.0289552422731727
2019-03-26,-0.09354827618517766,0.0288942803569916,2019-01-30,0.04141698146460593,-0.006559289973122717,-0.019280455878572633,0.03267581121627883
2019-03-27,-0.08292286062682488,0.053250728899733556,2019-01-30,0.03457928739602756,-0.00450193200501714,-0.02557921054466472,0.026693631362763703
2019-03-28,-0.08855946555499322,0.03747861564366363,2019-01-30,0.03681567459358481,-0.0027568866113336643,-0.02333373701004171,0.03143663080180992
2019-03-29,-0.09557393239975397,0.025266022787816905,2019-01-30,0.044503709548828985,-0.000864590493383055,-0.01593902629333388,0.03209465109614862
2019-04-01,-0.10828074390048681,0.012610100599761202,2019-03-01,0.05810240410090839,0.0010857275851554604,-0.002903326767907388,0.04558688961747159
2019-04-02,-0.10361378676800903,0.016482202422107694,2019-03-01,0.06190786691285255,0.0029587463483107257,0.0,0.048768408997000856
2019-04-03,-0.09921742938532885,0.020458305033122525,2019-03-01,0.06775168056216452,0.005288383668589969,0.0,0.060811740312490814
2019-04-04,-0.0940698593141744,0.02178879073053187,2019-03-01,0.0670863769088148,0.007583490508438651,-0.00038070765271858154,0.07358312615253015
2019-04-05,-0.0948272264801921,0.017882411292963706,2019-03-01,0.07229935053865377,0.009823673892071838,0.0,0.08077370653355587
2019-04-08,-0.09541859569910732,0.0180208946792964,2019-03-01,0.07474700841247284,0.011913831855215218,0.0,0.06144856932441001
2019-04-09,-0.09150268784320985,0.021720969782543894,2019-03-01,0.0706657040389973,0.014137906550417911,-0.003511074269642811,0.051942305934276733
2019-04-10,-0.09497162223129568,0.018783595334202294,2019-03-01,0.07605897895112901,0.016613340390536413,0.0,0.04970079272480454
2019-04-11,-0.07645479375348684,0.046966277549754944,2019-03-01,0.07304678054678315,0.018457319901259872,-0.00237214826150256,0.048988593900027855
2019-04-12,-0.0778799463428616,0.04748823498869345,2019-03-01,0.07722195395261577,0.020102380159648936,0.0,0.04383638926045563
2019-04-15,-0.07482139177522826,0.055409559470638386,2019-03-01,0.07685798854576698,0.021761908585718137,0.0,0.04152422601110439
2019-04-16,-0.06971330841946428,0.07440221953637038,2019-03-01,0.08005234197736,0.023277454794181862,0.0,0.04160844023609478
2019-04-17,-0.07982927802745181,0.05448144293724864,2019-03-01,0.0832957815321207,0.02468775329736994,0.0,0.0411102446956606
2019-04-18,-0.07846099126227957,0.05167351576006185,2019-03-01,0.08419229277870355,0.02621017073660248,0.0,0.02640080623500518
2019-04-22,-0.06755080545873064,0.07868480389494141,2019-03-01,0.08668597788081067,0.027982074981276917,0.0,0.052419523068229834
2019-04-23,-0.07455262723025904,0.05414996957039085,2019-03-01,0.09991789259759742,0.029981856235116622,0.0,0.0678374928426686
2019-04-24,-0.07469323547685021,0.05043540130513745,2019-03-01,0.09596761132660014,0.03202618088377451,-0.0031528083112161154,0.059536404612165805
2019-04-25,-0.07755514181626746,0.042099473548321414,2019-03-01,0.09995763333017527,0.03389446154999254,0.0,0.07071388559577318
2019-04-26,-0.07274472617474252,0.050093123490193,2019-03-01,0.10047906913904381,0.03576576058322689,0.0,0.06920523912142618
2019-04-29,-0.07026974818112529,0.06327937681756123,2019-03-01,0.10211462688942308,0.03761616426993508,0.0,0.06323057917671604
2019-04-30,-0.06404883312758747,0.0868435809575668,2019-03-01,0.0932207991701115,0.039346166511822434,-0.007748208486192731,0.04119983798904525
2019-05-01,-0.03455971022363724,0.1986214715726656,2019-04-01,0.08937327736295164,0.04098833722616324,-0.010941575062361597,0.033929792061514696
2019-05-02,-0.024621423872568528,0.2588832516714613,2019-04-01,0.08433025226393243,0.04255025051589545,-0.015233942766760378,0.023561168548548173
2019-05-03,-0.04415968840602364,0.14699143151920455,2019-04-01,0.10124205900433281,0.04447180025385555,0.0,0.040280854947328804
2019-05-06,-0.03143429507883784,0.21592137841497966,2019-04-01,0.09414804902317231,0.04613625657171494,-0.006122043547034051,0.028593230179779106
2019-05-07,-0.010377455740287946,0.3390042818671277,2019-04-01,0.07257576937819565,0.04738568811110899,-0.025482652554433827,0.005995891525236718
2019-05-08,-0.009254526358305516,0.33991926152799834,2019-04-01,0.06962459010454469,0.048572689212766695,-0.027941970676494066,0.006992759673045246
2019-05-09,-0.0018743574516565586,0.39948428336358194,2019-04-01,0.06367179885814367,0.04970398406938625,-0.03317454288969668,-0.003773934786737154
2019-05-10,-0.006503714259551031,0.4038641555448253,2019-04-01,0.06481622624914585,0.05092259148245759,-0.0319709686439652,-0.00016199655625837028
2019-05-13,0.019817745079903623,0.6622377094571997,2019-04-01,0.027954657351165535,0.05153400709681599,-0.06556428759239241,-0.03901430179882437
2019-05-14,0.01577277413720856,0.6157900181573522,2019-04-01,0.039187460281341124,0.052225031588794435,-0.055308489459647836,-0.028623705931194787
2019-05-15,0.0024996948823162828,0.49111808735584384,2019-04-01,0.05366449759303582,0.05304414504480248,-0.04196550126667864,-0.018284156576421795
2019-05-16,-0.011117864615245086,0.36586573733904154,2019-04-01,0.0639185327081071,0.05405699695290722,-0.032337324657871536,-0.011862009146338393
2019-05-17,-0.0038637782575332196,0.4468550596713419,2019-04-01,0.05281094135622144,0.055194111570871396,-0.042227100662345585,-0.02321376247834117
2019-05-20,0.016070612029661292,0.6714446063829846,2019-04-01,0.034920013242423886,0.05611923470368496,-0.05839542910564555,-0.04241149476591144
2019-05-21,0.006244302550880463,0.5791470584139857,2019-04-01,0.045628105244392536,0.05686730646563731,-0.0485582400888136,-0.04455859552041874
2019-05-22,0.007618227574291245,0.5964177721932516,2019-04-01,0.0409071015515563,0.057453120714114014,-0.0527967512927634,-0.045806535374818824
2019-05-23,0.019221890508494252,0.7006330074323717,2019-04-01,0.025029550736042072,0.05768505250633238,-0.0672911441008669,-0.06420634440748574
2019-05-24,0.012334836201984988,0.6429155201704444,2019-04-01,0.024584666582843973,0.05796378343126385,-0.0677620897901946,-0.0655125617599609
2019-05-28,0.022050372063058474,0.7125468860957037,2019-04-01,0.02082999228853022,0.058004213856046594,-0.07126797243774075,-0.07083053920369187
2019-05-29,0.031994336689747,0.7791054977526874,2019-04-01,0.012569719318615835,0.05786901035861525,-0.07890769314240642,-0.07127792596515203
2019-05-30,0.025393353453979976,0.7443857070294646,2019-04-01,0.01690250323140763,0.05768535721046719,-0.07503512059531814,-0.06436210947955379
2019-05-31,0.03642354259803159,0.8186522952918203,2019-04-01,0.0008294349771620357,0.057175211888007116,-0.08979136321331538,-0.07527545369180066
2019-06-03,0.0487599601360174,0.8753509119682981,2019-05-02,-0.020920328515999342,0.05605121697054738,-0.10983201378947671,-0.10983201378947671
2019-06-04,0.032363772548342946,0.8093068542051006,2019-05-02,0.006738990560486213,0.05572719626077993,-0.08476780340813761,-0.07913019838148039
2019-06-05,0.04550510405191359,0.8690595932299234,2019-05-02,0.014292854673260136,0.05557023632631308,-0.07796555134952399,-0.05385527403145762
2019-06-06,0.04442339061826492,0.8634860328422641,2019-05-02,0.022383437780443494,0.055437555130823046,-0.07064001702816747,-0.04392540883735996
2019-06-07,0.0414171460401718,0.8427973488171123,2019-05-02,0.04205243703323425,0.05572309766437855,-0.05269249550297783,-0.02018766931480831
2019-06-10,0.028106150558912878,0.7708025346251834,2019-05-02,0.05407768642663502,0.05616009515180087,-0.041651565297596393,-0.010000316457524416
2019-06-11,0.04059974663921786,0.8433441682212575,2019-05-02,0.055410066037428596,0.05648392874680441,-0.04034331790503454,0.0269905883866266
2019-06-12,0.03566453457999369,0.8228428394296268,2019-05-02,0.049228332143832265,0.05643618891755442,-0.0458899095587284,0.009970005865229004
2019-06-13,0.026276504179862537,0.7673808373425489,2019-05-02,0.05537860365383307,0.05645123791120921,-0.04023872822961316,0.0018024121671491589
2019-06-14,0.023319239912846623,0.7536552096381508,2019-05-02,0.050906191127363165,0.056335571283034236,-0.044319979299090595,-0.012383090664298324
2019-06-17,0.021770969190053543,0.7407495329951264,2019-05-02,0.057225892964499314,0.05632926339939437,-0.03856404135173597,0.0038245593638563946
2019-06-18,0.007085789068823644,0.628608649612743,2019-05-02,0.07256161321224663,0.05650405878412301,-0.024593264692011396,0.03589847103389521
2019-06-19,0.007513384201731072,0.6568890201040143,2019-05-02,0.07653059987794242,0.056674069906008206,-0.02093020538140178,0.029038072398662518
2019-06-20,0.0032114746333634057,0.630050007515538,2019-05-02,0.08643534327811908,0.05707340597480126,-0.011825394506746578,0.043255084737024996
2019-06-21,0.015219995106255185,0.7174576061047834,2019-05-02,0.0847021036761797,0.057310898144171674,-0.013290651619554006,0.0578964080160429
2019-06-24,0.007453526568594097,0.6684527234344632,2019-05-02,0.08453978884160773,0.05752693511697937,-0.013259266369786693,0.058464500127592745
2019-06-25,0.02093658944718605,0.7572715747054042,2019-05-02,0.06577796925044921,0.05732747550381512,-0.030198119389156175,0.04422142429650555
2019-06-26,0.015433910014629376,0.7173420962747621,2019-05-02,0.07054168367139235,0.057176406533398616,-0.02568807569187359,0.057778810065298725
2019-06-27,0.010248686281125312,0.6894494057165855,2019-05-02,0.07443625284828981,0.05703041874712844,-0.021964666552589107,0.057375642280478534
2019-06-28,0.015221721880297396,0.7109038487964461,2019-05-02,0.07565795144890264,0.056872358169447246,-0.020705834234128973,0.07590076185508354
2019-07-01,0.011038548309747754,0.6771561525774422,2019-05-31,0.08991439827976411,0.05688404339372677,-0.007490557296861877,0.11496870037787588
2019-07-02,0.01211436201853435,0.7081269451920159,2019-05-31,0.0940104248259026,0.05695718318544074,-0.003557634921098618,0.08873176532627358
2019-07-03,0.00518335407715198,0.6784448815891807,2019-05-31,0.10195698633757355,0.05686059656728215,0.0,0.08883289331421707
2019-07-05,0.008908684566789001,0.700165669737902,2019-05-31,0.09935545294412051,0.05672006159952847,-0.0020370207316330324,0.07804984645054303
2019-07-08,0.015763885253512203,0.7286241803539698,2019-05-31,0.09137941686617301,0.056422955038990974,-0.009036556540337304,0.05020730669071827
2019-07-09,0.01028842033556137,0.6997307540419754,2019-05-31,0.0965434504238214,0.05618269037091417,-0.004074457181782676,0.04330625882859551
2019-07-10,0.0048094322351095575,0.6693257687532668,2019-05-31,0.10717075123511588,0.05612170400690508,0.0,0.052267011666084384
2019-07-11,0.007178039012595767,0.6851325190593066,2019-05-31,0.10603830313002871,0.05618828816696442,-0.0007270781904977763,0.05761469739156566
2019-07-12,0.006987214685283247,0.6894471202432543,2019-05-31,0.11207023733918287,0.056434033817948315,0.0,0.057452441641581364
2019-07-15,0.01292937700117148,0.7166276853289872,2019-05-31,0.11527140357393284,0.05683356134527151,0.0,0.06537021396273457
2019-07-16,0.01729141389754492,0.7413173887722303,2019-05-31,0.10920391990684197,0.056808457526542844,-0.005150592418557531,0.053537604616437084
2019-07-17,0.022914196270817252,0.7663225618209454,2019-05-31,0.10350634479212006,0.05688415742483932,-0.010043511745646216,0.03334041046871783
2019-07-18,0.025507487022599182,0.7792160073130754,2019-05-31,0.10451876694830631,0.05740103613255321,-0.008910422405146723,0.03065262571334615
2019-07-19,0.0353179785832589,0.8165635195411645,2019-05-31,0.09623273326229875,0.05786392622399017,-0.016172819202687427,0.013673714868800646
2019-07-22,0.02841284540918579,0.7870379326926451,2019-05-31,0.1047007907608608,0.05855676970085244,-0.008343918726480104,0.02325739963180551
2019-07-23,0.02290015116196615,0.7616172475649097,2019-05-31,0.1116396718806143,0.05933527048157816,-0.0018541312875144378,0.02992123879417008
2019-07-24,0.030559904563630273,0.7910838668988078,2019-05-31,0.11899113844679876,0.060854859921511295,0.0,0.05526436922487932
2019-07-25,0.03284222649004853,0.7997909096835667,2019-05-31,0.10792624785531513,0.06192587108803038,-0.009479909960919852,0.040422096461199875
2019-07-26,0.023510109489878927,0.7689649538800274,2019-05-31,0.1187721155040442,0.06283862794584483,0.0,0.04713139273586009
2019-07-29,0.022410700553337923,0.7660362536997047,2019-05-31,0.11441575609327903,0.06350142513507917,-0.0034310168454483314,0.04219725196471802
2019-07-30,0.0354959622655064,0.8180643736037994,2019-05-31,0.10886872071276343,0.06406999933388913,-0.007732013589421771,0.023882351595554407
2019-07-31,0.05381225346278602,0.8787294326011603,2019-05-31,0.09282432182032174,0.06470111116534105,-0.02145518442082317,0.005736614336182999
2019-08-01,0.07267618284398648,0.9347238737038761,2019-07-02,0.08686241157085983,0.06518000900880416,-0.02631986684759602,-0.0067383814365385986
2019-08-02,0.08446701854652694,0.9569802290762635,2019-07-02,0.07035878654164152,0.06545229860462198,-0.04065758222039506,-0.019366869704234846
2019-08-05,0.10797761142236707,0.9763275875876614,2019-07-02,0.03239851542162997,0.065636749228134,-0.0745557450174823,-0.04733551517394996
2019-08-06,0.08930453115234824,0.967818028406481,2019-07-02,0.04663589842698146,0.06604550622529448,-0.06160075486282823,-0.038812478899455716
2019-08-07,0.08772946437340111,0.9638104887241166,2019-07-02,0.0519220030026728,0.06648907736909138,-0.05653116991920204,-0.043155347413764034
2019-08-08,0.06889517428675944,0.9391477235683994,2019-07-02,0.07431212388974107,0.06742935645602044,-0.03599763930131339,-0.021619347932903987
2019-08-09,0.08751315547070801,0.9657906333555528,2019-07-02,0.06379338552996128,0.06816343992732277,-0.04506119323195734,-0.03637690186193776
2019-08-12,0.10739037922907602,0.9817085036760547,2019-07-02,0.051218376446668934,0.06901964423721418,-0.056019239645393126,-0.05047629760086103
2019-08-13,0.07731572378410806,0.9567547331578599,2019-07-02,0.07351550580836275,0.07040798698775452,-0.035331991387573924,-0.024643914638567188
2019-08-14,0.09078280870429911,0.9734655008409239,2019-07-02,0.04105159880560727,0.07095378599281466,-0.06416113977310267,-0.04911578925226323
2019-08-15,0.08418994671162877,0.9684481428159246,2019-07-02,0.03935110618529758,0.07120068271231972,-0.06523651121596763,-0.051294323571793754
2019-08-16,0.07707242615230471,0.9584651617211803,2019-07-02,0.055330966076918564,0.07142865516756736,-0.05023322943401021,-0.028951724432175197
2019-08-19,0.06337600098143022,0.928459217826881,2019-07-02,0.07139523345718035,0.07159412767426021,-0.035127170375301664,-0.021295320295803943
2019-08-20,0.06745820764647276,0.9388856736727628,2019-07-02,0.06254062087938883,0.07151655971516924,-0.04260317807552849,-0.03519257889726579
2019-08-21,0.07047579529889236,0.9421339591164013,2019-07-02,0.0714338358751665,0.07161648944035481,-0.034103065313940584,-0.033410182037304614
2019-08-22,0.07843210589695122,0.9554130280808828,2019-07-02,0.06736887096539701,0.07170473950402578,-0.037226483870365645,-0.02731487375152608
2019-08-23,0.10550771900111251,0.9779718282319039,2019-07-02,0.033172965933071286,0.07116356729665063,-0.06769395584032889,-0.06769395584032889
2019-08-26,0.0846356603407217,0.9698377514755661,2019-07-02,0.04830933729622977,0.0709781775426459,-0.05361265387963032,-0.0503544038420064
2019-08-27,0.08810701385644203,0.9753311486026055,2019-07-02,0.045799214644454134,0.07079709834271686,-0.05560951611626763,-0.048250576641132414
2019-08-28,0.08674457800420718,0.974571736153631,2019-07-02,0.049189802872362076,0.07033513828511562,-0.05223001016606643,-0.03144958233418094
2019-08-29,0.07456961254101926,0.955528400671354,2019-07-02,0.06470145733346766,0.0699407532566323,-0.03773865865791781,-0.011727456914779832
2019-08-30,0.08683104361839458,0.969227995269133,2019-07-02,0.06148176301201258,0.06915674068451638,-0.040043037678997306,0.0006405893558008025
2019-09-03,0.09473494923726933,0.9667370363270362,2019-08-02,0.05057214146464406,0.06825857175910977,-0.049362597498836314,0.027222760726006046
2019-09-04,0.0716859539850549,0.9382119636540006,2019-08-02,0.06500707050901999,0.06754492515712585,-0.03563918215369177,0.027665807324196434
2019-09-05,0.04517895727440669,0.8600956252513063,2019-08-02,0.08375502547617097,0.0675697542687499,-0.01797363473510072,0.040867842110692054
2019-09-06,0.03296949365327109,0.8118771203071472,2019-08-02,0.08191022267680781,0.0674640318781563,-0.018946147396633695,0.01768822629471689
2019-09-09,0.045821005144780734,0.8639567904123908,2019-08-02,0.07873043442281102,0.06708256710476546,-0.02099427601477477,0.025202575334262844
2019-09-10,0.05789832348267676,0.8891870628284062,2019-08-02,0.07463977785125331,0.06654262834758184,-0.02381058530966318,0.03412003261976526
2019-09-11,0.035567371847188015,0.8246708615792724,2019-08-02,0.08371705578740185,0.06590379498680998,-0.014644824634335807,0.02144485622882253
2019-09-12,0.050106652259062245,0.8709574406110134,2019-08-02,0.08714742888362359,0.06521328649728608,-0.010548485893472348,0.05728833900596064
2019-09-13,0.048634557192439434,0.8638921960471311,2019-08-02,0.08232848260583525,0.06441579212539139,-0.014081790988185183,0.05472477352996097
2019-09-16,0.04836066530059448,0.8655727145435481,2019-08-02,0.07660588192299622,0.06360888224992123,-0.01848532049516638,0.033427058013331346
2019-09-17,0.04397162118758889,0.8550036401836154,2019-08-02,0.08101264089174309,0.06318536717440182,-0.013774274203742998,0.02213026993398093
2019-09-18,0.045108597666664384,0.8605728782314434,2019-08-02,0.07979019250087505,0.062633020311603,-0.014183916228287519,0.029683889894385862
2019-09-19,0.041064893537410364,0.8473548005158782,2019-08-02,0.08083799636551947,0.06193087635148653,-0.012545674148433994,0.02231852114999544
2019-09-20,0.05520076165170472,0.8900448223107789,2019-08-02,0.06881562142014208,0.06116485296469576,-0.022991545774317612,0.014785344483999596
2019-09-23,0.07062959508478844,0.9280944359214329,2019-08-02,0.068500085003252,0.06008749969928395,-0.022560468044947157,0.048410592292215116
2019-09-24,0.07718155447833991,0.9389497240073512,2019-08-02,0.05364290796810578,0.058768248892238084,-0.03554170267471135,0.01909466697647555
2019-09-25,0.06346147013675252,0.9167029259877086,2019-08-02,0.0645711337839463,0.05757459774123186,-0.024715612178055846,0.03271306145648878
2019-09-26,0.06127711669775158,0.9107841621958916,2019-08-02,0.059827205069017175,0.05648093001642018,-0.028307030039083858,0.025241335327756298
2019-09-27,0.06892742885437167,0.9258045492052358,2019-08-02,0.04594789941890043,0.05518670493494171,-0.04036481776512968,-0.0027291537074004557
2019-09-30,0.06388428858415696,0.9189515479520154,2019-08-02,0.05515800686786565,0.05424011249966032,-0.031231984940561563,0.009178591420528015
2019-10-01,0.0737287165671668,0.9399394901469018,2019-08-30,0.04586147362042059,0.05300016516051653,-0.03913328354490153,0.010760479155376146
2019-10-02,0.07990003915033474,0.9540916027734108,2019-08-30,0.027178712761649848,0.05123964709831874,-0.05565483266335214,-0.020755354364522027
2019-10-03,0.0728568605107047,0.9500641105819501,2019-08-30,0.03758266995818804,0.04939047176791056,-0.04529038411397468,-0.02781671688774401
2019-10-04,0.06327306866597789,0.9294121621191587,2019-08-30,0.05192892220738621,0.04800410060954463,-0.031231984940561563,-0.012523102081833382
2019-10-07,0.0714097553196387,0.948319012142515,2019-08-30,0.04772976180282873,0.04623996007892717,-0.034156287805390484,-0.013444264387992844
2019-10-08,0.09075331364976782,0.9745127111013119,2019-08-30,0.031044438308546418,0.04425742915154118,-0.048625551572064385,-0.025420236983693334
2019-10-09,0.0847841391419228,0.9709464624444699,2019-08-30,0.03992461814066761,0.04238507260495905,-0.0393385935846603,-0.02506077967384779
2019-10-10,0.07365626361430572,0.9532086037252028,2019-08-30,0.04664020323078333,0.04082805302898551,-0.031898529404692955,-0.021577655101674864
2019-10-11,0.06041831840677134,0.9110939840428078,2019-08-30,0.05895726228449116,0.03983583492254783,-0.019430773635778387,-0.005425381739276758
2019-10-14,0.06143190756407301,0.9173450169202907,2019-08-30,0.05770487643866318,0.03917035894274434,-0.01953322489420506,-0.0010676400678666376
2019-10-15,0.05230724859646275,0.8897764850089165,2019-08-30,0.06992732667175261,0.03943350376472732,-0.007064980097803875,0.006803000500237744
2019-10-16,0.05409421916637186,0.896447982743529,2019-08-30,0.06610325866815114,0.039414737607708084,-0.009527804024516917,0.004723104319779736
2019-10-17,0.05614592507292775,0.9062223545571795,2019-08-30,0.06775210469772319,0.039346314813621275,-0.0069110994487111554,0.005706162353244837
2019-10-18,0.06460478034413261,0.9329586378125376,2019-08-30,0.05624481018615346,0.0385412830035623,-0.01645471536195897,0.006690659005135435
2019-10-21,0.05763940344058308,0.9105185182627289,2019-08-30,0.06449483838087855,0.038253178283960576,-0.004315804341370355,0.015170712837719869
2019-10-22,0.06545931530567639,0.9344483543082173,2019-08-30,0.05501006849505963,0.038127908743764705,-0.008783322684518868,0.02064162132593439
2019-10-23,0.061190981332100366,0.9215971034888703,2019-08-30,0.056067206849608864,0.03763048281893555,-0.006871788684844726,0.011258475780600907
2019-10-24,0.04941216488960608,0.8770693570489252,2019-08-30,0.06533925239925953,0.037939627361005535,0.0,0.024870610436570573
2019-10-25,0.0416555926857258,0.8367879672364945,2019-08-30,0.07280658313725663,0.03841005720252211,0.0,0.04603532035791047
2019-10-28,0.03450015319937365,0.8030444271056671,2019-08-30,0.08226704145076336,0.03869906502079967,0.0,0.04639621418576523
2019-10-29,0.03940574595442961,0.8338637608121404,2019-08-30,0.07277704249736816,0.03850117167335054,-0.0077443066642525205,0.046830580044486814
2019-10-30,0.03892965035519159,0.8315874466025077,2019-08-30,0.0769272162082979,0.03862764548442699,-0.0029357129280714878,0.07030696145120419
2019-10-31,0.029085414784253118,0.779924674502727,2019-08-30,0.07636883517104254,0.038579348977812344,-0.0024799952144816118,0.059171456695098046
2019-11-01,0.023948338548087846,0.7483145039960672,2019-10-03,0.08507149642156908,0.03877823667624214,0.0,0.0532814248898037
2019-11-04,0.022306245245920585,0.7458739197714881,2019-10-03,0.09071612325989609,0.03976893717678265,0.0,0.06300479731231023
2019-11-05,0.030171052926474828,0.7965470848391473,2019-10-03,0.0901496189065849,0.040374472770755565,0.0,0.07976500623251792
2019-11-06,0.023021867257821786,0.7545139652191761,2019-10-03,0.08655786297771684,0.04099075026165977,-0.002247669913935768,0.06692315014838046
2019-11-07,0.013555034452081647,0.6916387548157596,2019-10-03,0.08907044497103933,0.041617543194053086,0.0,0.06227467566176381
2019-11-08,0.011140356274331603,0.6831368704941533,2019-10-03,0.09231687625459917,0.04205546270203353,0.0,0.0529538732431829
2019-11-11,0.017210001938728695,0.7217102679400191,2019-10-03,0.08970295536280815,0.04246224995321968,-0.0013415769334969019,0.05165113261124166
2019-11-12,0.022634266300572876,0.7480234432624631,2019-10-03,0.0916359960565758,0.04306815890227811,0.0,0.041442497299625014
2019-11-13,0.02644962891794535,0.7678315740461863,2019-10-03,0.09081635089571272,0.043502622985781114,0.0,0.044290939612502855
2019-11-14,0.02932294504379773,0.7839026926316289,2019-10-03,0.08894084266217783,0.043620742883442754,-0.0007934225905511516,0.04071294120254043
2019-11-15,0.028127611090286633,0.7744912964073027,2019-10-03,0.09586148968008223,0.043857375094423556,0.0,0.058532013873454636
2019-11-18,0.024889430928050918,0.7592765137910401,2019-10-03,0.09570315081946124,0.044207615849508386,0.0,0.0500542820116634
2019-11-19,0.031125358907863845,0.790468974118779,2019-10-03,0.0963344510812254,0.04468225408393822,0.0,0.0600466075785131
2019-11-20,0.030253420748037028,0.7814479147532734,2019-10-03,0.0887995637883856,0.044852261616567635,-0.005998604663224216,0.051659710334735376
2019-11-21,0.032397343613954195,0.7957627172443763,2019-10-03,0.08536785925057688,0.04483627125742906,-0.008211350717867383,0.03920857712791537
2019-11-22,0.03140221077256136,0.7904072774366956,2019-10-03,0.08506648441254105,0.04491389340287877,-0.007572107761490532,0.031639921425934414
2019-11-25,0.02425948395655011,0.7434936028209236,2019-10-03,0.09682950176831895,0.045268755604310984,0.0,0.033658950125442955
2019-11-26,0.023705482929663485,0.750178815903469,2019-10-03,0.09789948086017186,0.045624724932910254,0.0,0.04371566988115583
2019-11-27,0.025313599134104275,0.7628115545025304,2019-10-03,0.10450394822534892,0.046105156256544655,0.0,0.04594125430579821
2019-11-29,0.03143147758447789,0.8021161377524421,2019-10-03,0.09843714427183903,0.04648196948916272,-0.0045621953862423625,0.04069380694060021
2019-12-02,0.04678531224619163,0.8750063555399203,2019-10-31,0.08625685657907911,0.04693007865989274,-0.014754297927279225,0.020767272325858066
2019-12-03,0.0586267414835101,0.9176164831263229,2019-10-31,0.07687941652768404,0.04725239271100157,-0.022471366104403256,0.00654642708720754
2019-12-04,0.05304618411636137,0.897763862856628,2019-10-31,0.08143058264829772,0.047924109905990386,-0.017520834796563856,0.011088155805441202
2019-12-05,0.05364318107427192,0.8979818233449066,2019-10-31,0.08263504144368272,0.048383443900347656,-0.015579463575254748,0.015368270884640545
2019-12-06,0.045510651704484026,0.8659177630494128,2019-10-31,0.09325057568076978,0.04912271064620377,-0.005047441820733467,0.02280082637154579
2019-12-09,0.06088217039521658,0.9204275581117677,2019-10-31,0.08737493600981994,0.050055532345050224,-0.009561066305525334,0.014113357764584666
2019-12-10,0.06208753691235045,0.9236971593665505,2019-10-31,0.08556522881497597,0.05078891264756069,-0.010386309050169795,0.014629592931999502
2019-12-11,0.05669395276955619,0.9060072238423222,2019-10-31,0.09037371805878824,0.05176654216358911,-0.005144583623634458,0.017068608702320853
2019-12-12,0.047662281425682775,0.8739906540574377,2019-10-31,0.09750931892806092,0.05319344434007234,0.0,0.024406117005286276
2019-12-13,0.04414308990066412,0.8604870214202465,2019-10-31,0.10013375997620444,0.05448980050523322,0.0,0.028595515010425343
2019-12-16,0.03970225387607679,0.8358714560572836,2019-10-31,0.11012001340759281,0.05565640035360042,0.0,0.03134396022949981
2019-12-17,0.040317520922401054,0.8347270615224506,2019-10-31,0.10970007245354108,0.05689416676964121,0.0,0.03112205694051129
2019-12-18,0.03407105489445523,0.8037877243881635,2019-10-31,0.10945935546341645,0.05841308854616534,0.0,0.0303882541762468
2019-12-19,0.03463564807044004,0.796697442510986,2019-10-31,0.11520061272813176,0.059780088231555784,0.0,0.04308680145901489
2019-12-20,0.03863802184216829,0.803962139598948,2019-10-31,0.11846660403071563,0.061049696452332824,0.0,0.049628206837604605
2019-12-23,0.035838076340107904,0.7708891492995393,2019-10-31,0.12027893274389267,0.06220257897578474,0.0,0.051722844729306994
2019-12-24,0.04241339985450879,0.8007377368279298,2019-10-31,0.11974521266154614,0.06339050131067059,0.0,0.03995408270495737
2019-12-26,0.03843171447857687,0.805835429881756,2019-10-31,0.12848623212811172,0.0645017382121178,0.0,0.04713110490510308
2019-12-27,0.0357076459452671,0.7937112753892092,2019-10-31,0.12639611167048526,0.06563896036237127,-0.0008420208203122614,0.038988093884314345
2019-12-30,0.04972239574279402,0.8584312225419088,2019-10-31,0.117972976096959,0.06665780946875643,-0.007390239616720029,0.03690942236697459
2019-12-31,0.04995773519781726,0.8576058173294205,2019-10-31,0.11903987724915721,0.06791284490807281,-0.0055192140447026805,0.049610719789848545
2020-01-02,0.031881758406511966,0.7530223575740942,2019-12-02,0.13658073844701057,0.0692774555842639,0.0,0.07556088254053339
2020-01-03,0.0341290657449365,0.753397612850477,2019-12-02,0.12511748357811148,0.07066826361178347,-0.009160160926106053,0.060338662833697265
2020-01-06,0.027428883280420816,0.722789211243778,2019-12-02,0.1313521288149384,0.07220230992527643,-0.002775839672252145,0.06506622625473701
2020-01-07,0.03134933552054097,0.7532480477651649,2019-12-02,0.1300644848482022,0.07342347277582251,-0.002914723316136625,0.053645257825103876
2020-01-08,0.024461897585050844,0.714024167606337,2019-12-02,0.1373639017101267,0.07459478723571245,0.0,0.06640265624324981
2020-01-09,0.01147806625422706,0.6252195496431036,2019-12-02,0.14576870236428463,0.07572608994782581,0.0,0.07633563106170604
2020-01-10,0.016433190390322407,0.6698508807838071,2019-12-02,0.14159432907491287,0.07693961539215155,-0.002557351495267479,0.06792653440793561
2020-01-13,0.008370602210528323,0.6020828814296091,2019-12-02,0.1534450316705922,0.07825517476508881,0.0,0.07224346914002178
2020-01-14,0.015429629301626018,0.6636544903307215,2019-12-02,0.14765847335064874,0.07952987762548602,-0.003937299064780242,0.06451635903846986
2020-01-15,0.012469720124169867,0.6565154634983807,2019-12-02,0.14695292225158774,0.08068914752580181,-0.00352989578898244,0.054366886095235545
2020-01-16,0.009251562071570091,0.6244120151427741,2019-12-02,0.15671802422397985,0.08189781465274404,0.0,0.0638614221924163
2020-01-17,0.009823175258351354,0.6319478592781402,2019-12-02,0.1612103818512225,0.08320528017709128,0.0,0.06830964999642952
2020-01-21,0.00958799627390597,0.6327925309941315,2019-12-02,0.1594629401278782,0.08454708769842023,-0.0004475330476936268,0.06119746014852012
2020-01-22,0.014160796611320765,0.6604625996476294,2019-12-02,0.1613087828678732,0.08588787421633626,0.0,0.05972948613981499
2020-01-23,0.012386873891819859,0.6431088010212817,2019-12-02,0.16381707496048525,0.08721062223513454,0.0,0.06033701128409774
2020-01-24,0.020326042118940617,0.7102188873458481,2019-12-02,0.15284653328404318,0.0883978538712129,-0.008415253079365637,0.05086839652369135
2020-01-27,0.029016755538714356,0.7577138808325229,2019-12-02,0.1280466226646284,0.08920429954056797,-0.02889700103435966,0.020160159670338906
2020-01-28,0.01604128944251247,0.6717344846782903,2019-12-02,0.14426082103617666,0.09024373103859284,-0.01398086490991135,0.03670273877368002
2020-01-29,0.01518834003654463,0.6565486176079125,2019-12-02,0.14502135832437646,0.09134703776029562,-0.01237815784600238,0.045238044019948465
2020-01-30,0.009823602628076899,0.6302987612786151,2019-12-02,0.1479758461409939,0.09235597843330212,-0.008860586716833874,0.04698729951686942
2020-01-31,0.025171533347108546,0.7315752859725361,2019-12-02,0.12878863317336342,0.09310006328118048,-0.024578111661163637,0.013462034132085465
2020-02-03,0.029543217238642137,0.7602162590130388,2020-01-02,0.1447698033198006,0.09407782256897601,-0.009840038415848684,0.038285736910444124
2020-02-04,-0.0004674194518736047,0.5290165243073288,2020-01-02,0.16972959348562666,0.0955658398757604,0.0,0.05525153204612532
2020-02-05,-0.00752038518502627,0.4763438765833087,2020-01-02,0.17233538504126455,0.09716759195482716,0.0,0.058878184522141774
2020-02-06,-0.014725987790184851,0.41691578777979166,2020-01-02,0.1812081537190462,0.09896620673487333,0.0,0.0600504928148069
2020-02-07,-0.0044847909692847165,0.5121294960002064,2020-01-02,0.17490119083975908,0.100426148668042,-0.004300789763489576,0.046622880261635524
2020-02-10,-0.013817894633396732,0.4285812391269287,2020-01-02,0.18780063721816354,0.10207031632136787,0.0,0.06198791860164388
2020-02-11,-0.018906763430069827,0.3941574954245316,2020-01-02,0.18671140720287638,0.10357264578434955,0.0,0.05005644031118761
2020-02-12,-0.026063369681299946,0.3504905783950384,2020-01-02,0.19691062001205428,0.10534507263099524,0.0,0.0644767329263074
2020-02-13,-0.02653814855020034,0.3528383608469647,2020-01-02,0.19398580406966226,0.10726365466148025,-0.001280662003743438,0.06267884782906052
2020-02-14,-0.027834664988645855,0.35204881590916925,2020-01-02,0.19597325679580146,0.10937173893106666,0.0,0.05560556318050014
2020-02-18,-0.027753647293225256,0.3508091625298569,2020-01-02,0.19497556968339436,0.11135472437483673,0.0,0.05081022143625824
2020-02-19,-0.032030899413491784,0.32274555689748263,2020-01-02,0.20498579699662556,0.11354180031558281,0.0,0.061357794377271846
2020-02-20,-0.02520908219455984,0.37756433741786866,2020-01-02,0.19240321729750098,0.11530962586717441,-0.009283568584581015,0.048733595601217816
2020-02-21,-0.007897588423881932,0.5194233545299949,2020-01-02,0.1681566600393396,0.11673351147059452,-0.028314559786136173,0.02529057490525899
2020-02-24,0.034296523459269625,0.7995961651637116,2020-01-02,0.1220611726176628,0.11750959788379967,-0.06578600617598063,-0.005882313167019149
2020-02-25,0.06659453207438248,0.9252259500135409,2020-01-02,0.09067180779563477,0.11770768469995962,-0.09118915452419207,-0.012517345937478552
2020-02-26,0.049229429188712336,0.8753608696374537,2020-01-02,0.09538725273668458,0.1178383547830617,-0.08650519864323192,-0.0224431870034153
2020-02-27,0.11348843481209325,0.9852877192843197,2020-01-02,0.0397951053317771,0.11693004758064562,-0.13224749351607645,-0.07290025757187268
2020-02-28,0.1112974091489314,0.9871940317289705,2020-01-02,0.03990977183710065,0.11587985472607443,-0.13157234678168905,-0.07547178947285971
2020-03-02,0.06728270362989613,0.9386647581564279,2020-01-30,0.09262058291392505,0.11566373899683091,-0.08675836194714082,-0.012096606436874158
2020-03-03,0.09796614527585196,0.978434998745985,2020-01-30,0.05689693522313655,0.11497832799637209,-0.11604343680321572,-0.058008826543809455
2020-03-04,0.0366179125303773,0.8188469987417286,2020-01-30,0.09998456149445456,0.11474494298917759,-0.0791627270844737,-0.04066483583447422
2020-03-05,0.08910798119904029,0.9651826864597308,2020-01-30,0.06568394257912669,0.11385860999426378,-0.10713984727530734,-0.07286837781978617
2020-03-06,0.11089267019223359,0.9820602821826798,2020-01-30,0.04698237063790378,0.11271051720752023,-0.12220443501976885,-0.09631171712154063
2020-03-09,0.15566150167242473,0.9892327658005307,2020-01-30,-0.026081426803817087,0.11048044270028146,-0.1831799371058077,-0.15545362372632188
2020-03-10,0.11512162045710922,0.980691695391531,2020-01-30,0.026252007541150313,0.10875340859606974,-0.13870365941034424,-0.12010181246690244
2020-03-11,0.13817034899899053,0.9862860534491869,2020-01-30,-0.018895189547115443,0.10639806233825677,-0.17621744460372213,-0.15857051729670568
2020-03-12,0.21192298770683182,0.99,2020-01-30,-0.10887555249439373,0.10286455591836208,-0.2517512078264047,-0.2430957378745774
2020-03-13,0.15408319940268664,0.9850138114223232,2020-01-30,-0.03381544156858729,0.10034525710494524,-0.1883702864805311,-0.17792885379564216
2020-03-16,0.2965835188059504,0.99,2020-01-30,-0.14941718437071028,0.09581201434607434,-0.2855937572404036,-0.27846923877321905
2020-03-17,0.227078784949047,0.99,2020-01-30,-0.08512116799946623,0.09233742847220716,-0.2314119275298806,-0.22404459812708233
2020-03-18,0.2539839935599812,0.99,2020-01-30,-0.11311658740045849,0.08821684170698219,-0.25478930124520227,-0.25478930124520227
2020-03-19,0.2739566174713319,0.99,2020-01-30,-0.10787993820370034,0.08430798625044189,-0.2503164374083997,-0.24329148198285078
2020-03-20,0.30479556203893926,0.99,2020-01-30,-0.14273497152324488,0.07976196719604212,-0.2796858554418138,-0.2586961636477252
2020-03-23,0.3666944880894087,0.99,2020-01-30,-0.14199421129030998,0.07507672122346154,-0.2791658172151582,-0.22840571052222158
2020-03-24,0.31540921433985425,0.99,2020-01-30,-0.07564921669294733,0.07151114158473071,-0.22334635201377528,-0.14541771607093035
2020-03-25,0.3178735070141455,0.99,2020-01-30,-0.0825102751628195,0.0676490753026815,-0.2290974731559946,-0.1560953322350357
2020-03-26,0.2763329258295721,0.99,2020-01-30,-0.034439237821187185,0.06459027961276775,-0.1885014498197558,-0.06482718964606238
2020-03-27,0.3410470095910116,0.99,2020-01-30,-0.06775349682219367,0.06100807161599775,-0.21641134963531106,-0.09769265469520305
2020-03-30,0.30697834177880845,0.99,2020-01-30,-0.034091537890177714,0.05774212427586134,-0.18790937542974218,-0.11076040476895843
2020-03-31,0.28990566103971316,0.99,2020-01-30,-0.04256432126512244,0.054225498819105544,-0.19484444469415196,-0.08914579196737504
2020-04-01,0.2726715032632942,0.99,2020-03-03,-0.08324828156918507,0.05014946689448152,-0.22905513435246105,-0.16277838840450354
2020-04-02,0.2495813474904346,0.99,2020-03-03,-0.06467053666625733,0.04635867004018679,-0.21340877265360092,-0.11902079519844
2020-04-03,0.2842749479637573,0.99,2020-03-03,-0.07789556589284097,0.04231772389629285,-0.22457270582544475,-0.11661971749422251
2020-04-06,0.23583518458403088,0.99,2020-03-03,-0.012198940191656904,0.03948704705883044,-0.16913348722451682,0.017196504492704046
2020-04-07,0.2326590525997701,0.9893286547271063,2020-03-03,-0.01283529468026312,0.037105925330278566,-0.16947193010900263,-0.03572321075646745
2020-04-08,0.23905471180991217,0.99,2020-03-03,0.007779953900972858,0.034700801533824155,-0.15183811942405312,0.029594369315020908
2020-04-09,0.2451558698358282,0.99,2020-03-03,0.00880404887339914,0.03219964875407544,-0.15061163184049253,0.13516837854440222
2020-04-13,0.217056593245328,0.9882042152313716,2020-03-03,0.019231477265178265,0.02980536594125871,-0.1414352814266291,0.057828101007265875
2020-04-14,0.21463694076037496,0.9800871986654196,2020-03-03,0.06285107695928271,0.028443305172229927,-0.10409539969168258,0.25405483139065566
2020-04-15,0.21407655071324494,0.9794384779722427,2020-03-03,0.05003201543711966,0.02657689211817038,-0.11437108750661507,0.15228032312174067
2020-04-16,0.20098467602108902,0.9532092933212823,2020-03-03,0.06851013811031792,0.02455274463661139,-0.09821719525291717,0.21010447951687716
2020-04-17,0.18231869149315108,0.9264241205997595,2020-03-03,0.07801659204595812,0.02262735115687242,-0.08959064731147925,0.21439150878712532
2020-04-20,0.21091907581884123,0.9369567443136769,2020-03-03,0.06464809239305125,0.02035394748769459,-0.10037406633908608,0.2489355379973981
2020-04-21,0.22009761306467762,0.970127314551203,2020-03-03,0.024977475717446795,0.017586574461424087,-0.13356969488771986,0.2019828218536308
2020-04-22,0.18956661484035894,0.9192476795429634,2020-03-03,0.054800623775123514,0.01496482436336155,-0.1078589380759214,0.1486987336469734
2020-04-23,0.18590681186774666,0.9028250019399631,2020-03-03,0.0519970226571389,0.012332323837592307,-0.10976177634088935,0.1547999813979768
2020-04-24,0.14938937611820002,0.8306503110907193,2020-03-03,0.06798721504201288,0.009772833528613578,-0.09572241636982681,0.11433049810048512
2020-04-27,0.1559809856365874,0.839882534306116,2020-03-03,0.0759232094525073,0.007371070914544919,-0.08844897110687677,0.16330300147772614
2020-04-28,0.16208909204484387,0.8777828111265649,2020-03-03,0.055153545871982734,0.004629851526850803,-0.10561752315457662,0.10133333618857221
2020-04-29,0.11525459822338344,0.7737497424288902,2020-03-03,0.09185997630583542,0.00245821827835635,-0.07390208058097669,0.1502099356033555
2020-04-30,0.144585673049372,0.7825637280623166,2020-03-03,0.0906779435184275,3.41914562989043e-05,-0.07428259472521381,0.2007569497168249
2020-05-01,0.14297851025961883,0.7742603205922671,2020-04-01,0.05936307875678293,-0.0026526185200282937,-0.10037406633908608,0.14370196664389767
2020-05-04,0.1236653818633563,0.7686253322265082,2020-04-01,0.07107206612795958,-0.004697717105194732,-0.08988688516432275,0.17369239085721833
2020-05-05,0.1192738414864562,0.7631609507407014,2020-04-01,0.08246526802952947,-0.005711186319893646,-0.0795683903442379,0.10779721592231417
2020-05-06,0.10754842474179802,0.7432963991745019,2020-04-01,0.08837993688491874,-0.005988768680484369,-0.07390208058097669,0.11507118542130557
2020-05-07,0.08745264723706661,0.7170734098135505,2020-04-01,0.10159436631053542,-0.0061345770166020275,-0.06197671780498515,0.10594840876136447
2020-05-08,0.07558252249444902,0.702813795376197,2020-04-01,0.11583406748459257,-0.004946548418358843,-0.04912150661394987,0.11948612558287808
2020-05-11,0.06192090001050853,0.6838089286498703,2020-04-01,0.12483770203609512,-0.0036719009913755984,-0.040621573767439134,0.11742120946538126
2020-05-12,0.08727464383740086,0.736766128733917,2020-04-01,0.1005213884772862,-0.003754004559685553,-0.06070815896167325,0.04842841605576975
2020-05-13,0.10799469878222093,0.757541945096244,2020-04-01,0.0860494402640466,-0.003373358681823868,-0.07246416652353072,0.0473188266461404
2020-05-14,0.08684460202857713,0.7311658286950503,2020-04-01,0.09758310831566153,-0.00369184850690385,-0.05314444808938035,0.04023424323095104
2020-05-15,0.06804680969696376,0.6875830890266605,2020-04-01,0.10379667701774675,-0.0033143635646571967,-0.02833295864160501,0.03706614396640462
2020-05-18,0.048735188490535264,0.6255751709249868,2020-04-01,0.12329456324093035,-0.00230034311011984,0.0,0.06905150270082516
2020-05-19,0.06656671305041408,0.6797352566729605,2020-04-01,0.11935457303250385,2.391849812033442e-05,-0.0025062414362375662,0.1072282233995816
2020-05-20,0.03602941224901022,0.5801874300506371,2020-04-01,0.1402490593883714,0.0014790632575440998,0.0,0.09679107684639754
2020-05-21,0.047392646645903216,0.6353505154114536,2020-04-01,0.1265329672470059,0.003679976650299066,-0.01089070286296645,0.08716505400721797
2020-05-22,0.029341856761183307,0.5801323423789524,2020-04-01,0.12912718937754586,0.007714669778352556,-0.007476724568633575,0.07398044112681545
2020-05-26,0.025069754136383383,0.5559503191827934,2020-04-01,0.12491861979896846,0.010321380427200655,-0.010156079590317169,0.06253482148615852
2020-05-27,0.04056310230418991,0.6263984512384182,2020-04-01,0.1298102156155223,0.015226507377114062,-0.004753895051611279,0.08884144227889301
2020-05-28,0.03909856226736202,0.6095618267343196,2020-04-01,0.12704479501336263,0.01879002100947047,-0.006050200601301459,0.050182988831300346
2020-05-29,0.04051195666043822,0.6262055598337753,2020-04-01,0.14226739574038505,0.023232610241997742,0.0,0.06600912498759048
2020-06-01,0.020370524082816584,0.5960289133369995,2020-04-30,0.1442246632920352,0.027472077276849305,0.0,0.10021621321815832
2020-06-02,0.011257271046745876,0.5521408777672066,2020-04-30,0.1503750353979305,0.03248733600772291,0.0,0.09483343831651792
2020-06-03,-0.0012427284440120687,0.4829137214685425,2020-04-30,0.15407456516037543,0.03762754352416975,0.0,0.08742980541465428
2020-06-04,0.016913623096030898,0.5806592919191369,2020-04-30,0.1446472464349433,0.041423806053919154,-0.007013267732092099,0.07319661587122339
2020-06-05,-0.011013843264918326,0.42898546301076074,2020-04-30,0.16581217833189332,0.04564151770181901,0.0,0.08056055306030907
2020-06-08,-0.033154511107330434,0.28262013040103134,2020-04-30,0.17331522350664263,0.04909089338201067,0.0,0.07422411708941845
2020-06-09,-0.017197515165091784,0.39641225096008476,2020-04-30,0.18019724855437125,0.053281150866271165,0.0,0.07242027014609675
2020-06-10,-0.048168652565089766,0.18693746763055258,2020-04-30,0.19247289923789057,0.05686375115874598,0.0,0.10849965894493896
2020-06-11,0.013354893279705713,0.5578005138886044,2020-04-30,0.1320064947970252,0.05979640917270235,-0.04954901653948629,0.06692807064036765
2020-06-12,-0.015089429731376579,0.40137058507876033,2020-04-30,0.1395536063137781,0.06362561958332491,-0.04199489582618676,0.06333679148083582
2020-06-15,-0.02919385008383261,0.3264418052113673,2020-04-30,0.15189355269714166,0.0673080085351685,-0.03033847271011736,0.06933334920197387
2020-06-16,-0.05928432630778446,0.15386126275352796,2020-04-30,0.1700906829641513,0.07159692950043883,-0.01368688936014617,0.06780100455514604
2020-06-17,-0.06192907648020984,0.14502063442911708,2020-04-30,0.17218183777560792,0.07465528031995627,-0.01055954222776223,0.07387812685959183
2020-06-18,-0.04471938950817149,0.24689724752315634,2020-04-30,0.17366882956456653,0.07771240463065965,-0.007879170042425998,0.05570661879368255
2020-06-19,-0.0349198572211355,0.3001360980995798,2020-04-30,0.1718696298938438,0.08042685870217925,-0.00804137351199996,0.06715609956748958
2020-06-22,-0.0481281423019203,0.2172707843209286,2020-04-30,0.18431541490336079,0.0833997391518182,0.0,0.07623936217689842
2020-06-23,-0.06687582645213086,0.1727636364684092,2020-04-30,0.19271226018420573,0.08629863951294259,0.0,0.0883370828091008
2020-06-24,-0.03623530092470632,0.33514757485131247,2020-04-30,0.16661258612716634,0.08797774518767398,-0.020615584909853046,0.06011468214260418
2020-06-25,-0.052785215345032666,0.2458681550881123,2020-04-30,0.1761159940114494,0.09003160707741897,-0.011292286428957854,0.071602255645975
2020-06-26,-0.03825903411152681,0.3285577138868988,2020-04-30,0.14698954450554447,0.09135867727132907,-0.03464063447719412,0.0311865672754581
2020-06-29,-0.052941540946948376,0.2234221472899771,2020-04-30,0.15808499964278844,0.09269069875241875,-0.024111742524828728,0.03931613523707678
2020-06-30,-0.09729696845649805,0.07594825894157144,2020-04-30,0.1791936225189561,0.09457349656755909,-0.004982908174450351,0.0526274701231777
2020-07-01,-0.0708227766637061,0.07860308004663069,2020-06-02,0.19124523842498564,0.09737385147554134,0.0,0.06014447268712164
2020-07-02,-0.07294747044513601,0.07086515001953579,2020-06-02,0.19758885552625505,0.09973062549386835,0.0,0.07487764312453482
2020-07-06,-0.08258236694094541,0.05163893737737599,2020-06-02,0.22507063923973347,0.10254701916499309,0.0,0.0798923981887314
2020-07-07,-0.07705973092080379,0.06409393739174003,2020-06-02,0.21474992306884166,0.10492698720785953,-0.006889275343756496,0.06419437678443773
2020-07-08,-0.12318956670239418,0.010600155256906205,2020-06-02,0.22869387107954298,0.10731540850502697,0.0,0.07045662606881242
2020-07-09,-0.12613403075327467,0.010325262928073668,2020-06-02,0.23691548148699715,0.11022978166022579,0.0,0.06667217837268224
2020-07-10,-0.11374890553557071,0.01506835262347416,2020-06-02,0.24309857018376935,0.11248476556772724,0.0,0.12994222247304843
2020-07-13,-0.10586681880471967,0.022283395682852425,2020-06-02,0.21553497891579565,0.11442667976586152,-0.020570745103917543,0.09797186226186194
2020-07-14,-0.11930448166415691,0.013484403653678624,2020-06-02,0.22206637588938682,0.11704604174159816,-0.013638382948886973,0.09245098559464315
2020-07-15,-0.12046371909210862,0.01415459780665212,2020-06-02,0.22240290092377202,0.1193990623941863,-0.011630321152910184,0.07619400688011813
2020-07-16,-0.12147171118055203,0.014197994872654293,2020-06-02,0.2120342750726576,0.12144254981177971,-0.01837360692245671,0.0654731842366516
2020-07-17,-0.11727955991648858,0.018674860308210414,2020-06-02,0.21136192406323562,0.12333430200346318,-0.017236815810111605,0.06382519693135569
2020-07-20,-0.14522847062272526,0.010595795038106098,2020-06-02,0.24329572664469756,0.12536630636097468,0.0,0.09418574613178654
2020-07-21,-0.12991603311415964,0.010924213915285199,2020-06-02,0.22807760331798144,0.126974956785743,-0.01042070360005487,0.06995205375354963
2020-07-22,-0.1323030850456368,0.01065513295179185,2020-06-02,0.23019333558399802,0.12852471940261756,-0.006934627898217305,0.06466010227366681
2020-07-23,-0.10731350868295579,0.0159934744010224,2020-06-02,0.1960918827559468,0.13003340014398113,-0.03287337249193245,0.05867654846713699
2020-07-24,-0.09791745905915486,0.02939431009585034,2020-06-02,0.18278011194978494,0.13155797949415127,-0.042057339230718416,0.03873492257815925
2020-07-27,-0.11494712848500913,0.015556894294939226,2020-06-02,0.20182616242984563,0.13319695200104786,-0.024964613085310505,0.08284053421792548
2020-07-28,-0.12285951270316131,0.014656835735150763,2020-06-02,0.18463760249248984,0.13451669979239345,-0.037371754246370625,0.05752745064573017
2020-07-29,-0.13498652411710452,0.01,2020-06-02,0.1963651427978328,0.13570811759858303,-0.026276752069533726,0.049151338632156705
2020-07-30,-0.12809624895161137,0.010375507006292538,2020-06-02,0.20066061529708312,0.13703703899855624,-0.021178704451850217,0.042476620886522154
2020-07-31,-0.14658194420357037,0.01,2020-06-02,0.2200273188759443,0.13831563041280037,-0.003711157549244004,0.053927554271561595
2020-08-03,-0.1121437735835404,0.027796271399090227,2020-07-02,0.2343109969989312,0.14004326430227287,0.0,0.04253255679247858
2020-08-04,-0.10759203556865313,0.04071499959020709,2020-07-02,0.23668301972484884,0.14177123487228416,0.0,0.053661433044732476
2020-08-05,-0.1242216406190906,0.020945023166880048,2020-07-02,0.2374686084287152,0.143544986271952,0.0,0.04253979706110278
2020-08-06,-0.13529034158806552,0.016292417278096067,2020-07-02,0.25150501549563353,0.14547611427523788,0.0,0.047524668400508396
2020-08-07,-0.1313270481993122,0.015846482529788347,2020-07-02,0.23478680864747004,0.14718163722775968,-0.011542680529013638,0.028412121441232285
2020-08-10,-0.11761942439521703,0.02061713892509602,2020-07-02,0.22729894873567047,0.14850993304565474,-0.015766120037622455,0.04552519703702296
2020-08-11,-0.092627964040697,0.0378343971004972,2020-07-02,0.2020800745921978,0.14948781166009728,-0.034408884044273,0.018512498072328576
2020-08-12,-0.11711257016485085,0.021742730691526917,2020-07-02,0.23015652845039147,0.1507907696776951,-0.010122640836892072,0.04200845405204667
2020-08-13,-0.11623684306906541,0.031591468999748656,2020-07-02,0.23084266547669197,0.1520833711328018,-0.007865295149788287,0.05155908507124418
2020-08-14,-0.10332284605365265,0.043164563774318716,2020-07-02,0.2272548720343841,0.15346090132008872,-0.00903018762921215,0.04910947961843326
2020-08-17,-0.10928489027615716,0.039253224431754004,2020-07-02,0.23928271922051692,0.1546417486881002,0.0,0.03201157475854166
2020-08-18,-0.11469458552244303,0.04953577045466608,2020-07-02,0.24890393597130922,0.15582316707714372,0.0,0.052916903683114525
2020-08-19,-0.1079397823657646,0.06036953193013168,2020-07-02,0.2383203915375911,0.156770475272757,-0.006727378215164115,0.04216221937685094
2020-08-20,-0.10553090279468927,0.036356909723661464,2020-07-02,0.25322070839168753,0.15772882353849882,0.0,0.08495778471412851
2020-08-21,-0.11369036946482697,0.047136314856098545,2020-07-02,0.2595695159375757,0.15989813579979018,0.0,0.1029505966832478
2020-08-24,-0.11654195588103128,0.04733411594785522,2020-07-02,0.2650298605686132,0.16199359982388883,0.0,0.09038165692541678
2020-08-25,-0.1327912297629853,0.0345004803556661,2020-07-02,0.27251691646566445,0.16398405734578225,0.0,0.11311839671827961
2020-08-26,-0.14491262418027342,0.026760090775831663,2020-07-02,0.2970174405659838,0.16600780311638985,0.0,0.12391766109886748
2020-08-27,-0.14293715068733354,0.03542418086916181,2020-07-02,0.29035827034530826,0.16789107000494763,-0.0031166837057634567,0.11457924873379799
2020-08-28,-0.15146666620916288,0.02249534627487794,2020-07-02,0.2942739472307925,0.16981600619538417,0.0,0.10060563029201752
2020-08-31,-0.14422864264304636,0.03540590531625786,2020-07-02,0.30195008022032765,0.17188464573908413,0.0,0.09466187406598436
2020-09-01,-0.13264267885626246,0.11910427722293533,2020-08-03,0.32129443264566815,0.17399667259414353,0.0,0.10925390768575283
2020-09-02,-0.14356481837661586,0.08647260231211562,2020-08-03,0.3308429469585674,0.17612911474125537,0.0,0.11698993772872313
2020-09-03,-0.10553701035710772,0.18379684516159694,2020-08-03,0.2609972619178713,0.17775617486029338,-0.0507004763019816,0.04649669883890195
2020-09-04,-0.1027045258471359,0.20192708230632994,2020-08-03,0.2419746900313382,0.1789450577401177,-0.06335071899017508,0.04460880487693086
2020-09-08,-0.0635065133032791,0.3240347722406234,2020-08-03,0.18049692847894172,0.17976619182889708,-0.10836936585030044,-0.0013316864145438423
2020-09-09,-0.09072194771799955,0.26764996918735234,2020-08-03,0.21312159630144323,0.18083259035376287,-0.082177398367963,0.04785233745287987
2020-09-10,-0.07214337596138423,0.3193633694958767,2020-08-03,0.18707770663925838,0.18114350805989177,-0.10047557185703537,0.0017657299930398107
2020-09-11,-0.055099585310170646,0.34108192789264324,2020-08-03,0.17710872283477208,0.1811470375965436,-0.10671834557943471,-0.007450047145888927
2020-09-14,-0.06501785192617568,0.3019611499037416,2020-08-03,0.1957407030673446,0.18130123538910525,-0.09116147695857224,0.011022689233100458
2020-09-15,-0.06459946254480191,0.30265419277983874,2020-08-03,0.21073494610848642,0.18119184183223314,-0.07828009769066813,0.013583686042269116
2020-09-16,-0.06435253983038876,0.27441443886046657,2020-08-03,0.18960270822325942,0.1809414244954628,-0.0929780269009185,-0.012087854785786
2020-09-17,-0.041886912158110565,0.33353061846057175,2020-08-03,0.16928293145289341,0.18008447976393338,-0.10714745022245331,-0.02093439314701806
2020-09-18,-0.02918822455469136,0.36543098387085726,2020-08-03,0.15269752175566542,0.17879045605989297,-0.11854271306990782,-0.046654532060910636
2020-09-21,-0.027877493738854023,0.37266407579929084,2020-08-03,0.1538097719066096,0.17741044478149837,-0.11642889812206747,-0.05094551937017355
2020-09-22,-0.057560602683487214,0.3309132423857253,2020-08-03,0.1734524617683013,0.1768143533454325,-0.10001340300112493,-0.039312052989983304
2020-09-23,-0.030074213255927476,0.3716146660903219,2020-08-03,0.13614461529436084,0.17561199928047544,-0.12749372744762533,-0.07591097668144942
2020-09-24,-0.027563667699689584,0.37928918126260047,2020-08-03,0.1399015607398495,0.17441855369241765,-0.12343110570587135,-0.0910055417805431
2020-09-25,-0.04577419523880396,0.3336112168720612,2020-08-03,0.16467995825282866,0.17375075716503452,-0.10305186857131832,-0.06696447026117802
2020-09-28,-0.05627285074151586,0.3158065396167579,2020-08-03,0.1869995007070131,0.17342756079971688,-0.08442315725683858,-0.05240443843180709
2020-09-29,-0.040550084224571514,0.34496867605608433,2020-08-03,0.17986098590871036,0.1724386006438139,-0.08855211603139745,-0.0641958827240422
2020-09-30,-0.03301077474003365,0.3696223596359964,2020-08-03,0.1861187258419239,0.1718209992309696,-0.08230965521953015,-0.07362000397368862
2020-10-01,-0.0437412281329915,0.330890499238573,2020-09-01,0.20303946825213548,0.17144348434515067,-0.06774325273627224,-0.06774325273627224
2020-10-02,0.0030018595751695396,0.49979617153385414,2020-09-01,0.1675494945252043,0.1711811754131778,-0.09396901455607642,-0.045579437441979564
2020-10-05,-0.013010374120024737,0.428811513304055,2020-09-01,0.1906281136863346,0.17148348961223303,-0.07464658059193285,-0.012059862566252466
2020-10-06,0.03368963853303228,0.6774499717148166,2020-09-01,0.16775184539101962,0.17113014546514704,-0.09116147695857224,0.019299346873763
2020-10-07,0.018052925867044864,0.5905570336398809,2020-09-01,0.1862038270490758,0.17136461674735304,-0.0754394958802721,0.0073411817008099955
2020-10-08,0.014800372505840377,0.5686683695964054,2020-09-01,0.19074153954135498,0.17145085184037345,-0.07051793472790602,0.03330386167608124
2020-10-09,0.004044366494101479,0.5012236132096832,2020-09-01,0.2070309629938627,0.1716815345973708,-0.056315342889968645,0.05642453580014517
2020-10-12,-0.03217139153402575,0.3548366018071538,2020-09-01,0.2421525479620832,0.17209045404235712,-0.02718326804802762,0.07039557334832325
2020-10-13,-0.01363249650433878,0.42915483568373275,2020-09-01,0.23997332591526632,0.17219065362470154,-0.027216227957408745,0.055400637010572185
2020-10-14,-0.004875571225084724,0.47750029822494666,2020-09-01,0.22753157808715674,0.17202590971779896,-0.03534168004793792,0.06354459821524583
2020-10-15,0.005167376999031694,0.534806022405045,2020-09-01,0.21729034319042917,0.17169900058991483,-0.041815486046537065,0.0731721762929316
2020-10-16,0.00805609466941292,0.5359565786743566,2020-09-01,0.20876308047737857,0.17106489786242118,-0.04706675059622489,0.08108840159755992
2020-10-19,0.014672464954976044,0.5965620364453443,2020-09-01,0.1872770877525589,0.17037090708134106,-0.06262403643113024,0.06089477301439694
2020-10-20,0.02409020812908971,0.6857364284410219,2020-09-01,0.1880974638627233,0.16984551792909341,-0.06060910121143315,0.04378320957344317
2020-10-21,0.02608282589517835,0.6812650041099169,2020-09-01,0.18545772577016284,0.16973508848723995,-0.06133578377047799,0.07582517829197144
2020-10-22,0.026611230093951766,0.6936805042572409,2020-09-01,0.18374024573091008,0.16910802781743595,-0.06136895228688055,0.07080122717446802
2020-10-23,0.02311721324962307,0.6878229609891999,2020-09-01,0.18443006225441216,0.16850868392772145,-0.05951933813164245,0.0485340555538436
2020-10-26,0.06474974018929758,0.8754998692775988,2020-09-01,0.16514455691820373,0.16767286128657188,-0.07362273733090441,0.011796300891113498
2020-10-27,0.07221955574190161,0.9036679598652975,2020-09-01,0.17271816039265397,0.16676647523284083,-0.06638949747090062,0.024315837416832853
2020-10-28,0.11684588035925654,0.980623271789359,2020-09-01,0.12577409244062787,0.1649746717080538,-0.10278766777871595,-0.02231473031797504
2020-10-29,0.09887470314573943,0.9644092768439321,2020-09-01,0.14410696426174274,0.1636226273057073,-0.08709854230628622,-0.020761758632290794
2020-10-30,0.12484432757298074,0.9861935287862664,2020-09-01,0.11398350411380243,0.1615962038957377,-0.1102522528254517,-0.01797205452239259
2020-11-02,0.13864085227711906,0.983975944798011,2020-10-02,0.11536974693038982,0.15947494611777802,-0.10827079903268921,-0.03633662310586716
2020-11-03,0.1325747956843443,0.982098135383537,2020-10-02,0.1334399999530842,0.15748412053417638,-0.09284608295988328,-0.0018535812012826502
2020-11-04,0.08345019948847866,0.9396757301715666,2020-10-02,0.18247619108504454,0.15604641584189105,-0.052351809483379474,0.024971525707638165
2020-11-05,0.05245424090879191,0.8601981581112683,2020-10-02,0.21154040491407833,0.1545654028889487,-0.027645541207448776,0.04612503578313465
2020-11-06,0.05666071192660418,0.8738518323159379,2020-10-02,0.2106329282618784,0.15313173834658445,-0.026918962951914538,0.031150638845902634
2020-11-09,0.07743611552419304,0.933456905674392,2020-10-02,0.18415965103054144,0.15112084821610683,-0.046802654107133246,-0.020167607540773957
2020-11-10,0.09284118028176482,0.959603018612335,2020-10-02,0.16144861865573912,0.14869978755483215,-0.0638790162718692,-0.037688527880639144
2020-11-11,0.0680758198443947,0.9146728509401989,2020-10-02,0.1857579819784949,0.14625105847052833,-0.04293841764273021,-0.007875055278816046
2020-11-12,0.07160045269204308,0.9221322950202553,2020-10-02,0.17858518222691067,0.1435161201689883,-0.04743035263452411,-0.005859901205061413
2020-11-13,0.07023608121934655,0.9202380396366909,2020-10-02,0.1871607567068494,0.1421071097163047,-0.03907386826779513,0.008387662339865765
2020-11-16,0.07249643355980774,0.928156768974993,2020-10-02,0.1946767225249355,0.14122325097993937,-0.031576010401146104,0.03312227669224099
2020-11-17,0.08460982216037785,0.9552599489818125,2020-10-02,0.18929586001096843,0.14151474025991528,-0.03464785309476337,0.02763625680230586
2020-11-18,0.08920786429862866,0.9622814935310113,2020-10-02,0.17900086089896527,0.14105280062593506,-0.04178210892311318,0.02083138411934904
2020-11-19,0.08592041340201019,0.9592993602073128,2020-10-02,0.18670473571141466,0.14121888975715646,-0.034284668270507024,0.028855090700826258
2020-11-20,0.08996638475058716,0.9639603206090666,2020-10-02,0.17710450709414904,0.14139909374639048,-0.04089062681716271,0.01980764950283187
2020-11-23,0.10737761606947248,0.9828503873198926,2020-10-02,0.1757319810086213,0.1412618016725533,-0.04085724969373883,0.03536948601562284
2020-11-24,0.09155125088226429,0.9699825617510371,2020-10-02,0.19072352094671463,0.1410461788323889,-0.027381549021867735,0.04178182265876673
2020-11-25,0.10300172686131265,0.9820242073441141,2020-10-02,0.19652053184126372,0.14134688963574926,-0.021403184699092193,0.090708163671954
2020-11-27,0.08369853090962469,0.958316045523176,2020-10-02,0.20593956028120375,0.1421433466097366,0.0,0.08184036389744653
2020-11-30,0.08231681143472089,0.9556897279800145,2020-10-02,0.2067966841819151,0.1432660700416315,0.0,0.1122575897041771
2020-12-01,0.08416487151010803,0.9593570072317879,2020-10-30,0.22055133552790318,0.14455691929011616,0.0,0.12400915202045915
2020-12-02,0.07033195135329018,0.9300245167163425,2020-10-30,0.22045663226772172,0.14551884600709286,0.0,0.1063174897082435
2020-12-03,0.07379076164467564,0.937604660092356,2020-10-30,0.22045800150915174,0.14711979589650315,0.0,0.06054171889740201
2020-12-04,0.06685499277772898,0.917605064781855,2020-10-30,0.2235632013767208,0.1485851693498228,0.0,0.03780675185543236
2020-12-07,0.06773483467228887,0.9231578138682549,2020-10-30,0.22835864537778194,0.1494479402461324,0.0,0.04290397522992562
2020-12-08,0.07540916044367603,0.9418850886234524,2020-10-30,0.23021096307452327,0.1497790996135595,0.0,0.0682626359207541
2020-12-09,0.10028723965217384,0.9770658868451347,2020-10-30,0.20030608372109415,0.14983773238075915,-0.022641080376787914,0.06312165242650924
2020-12-10,0.09530487557715932,0.9730640032140018,2020-10-30,0.20278644678089885,0.1495675995483916,-0.01871606921163793,0.04403646268414185
2020-12-11,0.10166765222618646,0.9798094380077866,2020-10-30,0.19781663715287512,0.14891424350681648,-0.02088927858790557,0.046636630181904115
2020-12-14,0.09370392981377759,0.9727481333885734,2020-10-30,0.2043930708160322,0.14925675038837305,-0.013785784817854418,0.04506214622544236
2020-12-15,0.07393581931832177,0.9388727351642305,2020-10-30,0.21489442031103123,0.14916151091883023,-0.0032436297185562957,0.04805565042516835
2020-12-16,0.07715651846474783,0.9467093954839139,2020-10-30,0.21936812135460348,0.14975376439469468,0.0,0.05717312885633641
2020-12-17,0.06947619990212794,0.9286168523466249,2020-10-30,0.22491744746529507,0.14993266719833898,0.0,0.07200704748529496
2020-12-18,0.07532219464506365,0.9427707233870115,2020-10-30,0.21874663019334895,0.14986069150879633,-0.0030226416860751337,0.0604692622207168
2020-12-21,0.09023623301607278,0.9684628217698618,2020-10-30,0.21368429859382565,0.1490948029815493,-0.004887524688173328,0.06577603728833092
2020-12-22,0.08207368228623577,0.9547987563332268,2020-10-30,0.21443634409293177,0.14792494345952556,-0.0021817892336971623,0.0686367200286222
2020-12-23,0.07987538536373981,0.949386417137363,2020-10-30,0.20562406890419305,0.14647542318485596,-0.007206900574807551,0.04852348344811053
2020-12-24,0.07381204339390655,0.9352432906709103,2020-10-30,0.20779625679743452,0.14490213981318267,-0.0028261618532831045,0.04671631527091069
2020-12-28,0.0634669874959988,0.9081416631132752,2020-10-30,0.21708653206099782,0.1439951183717283,0.0,0.04761343008487384
2020-12-29,0.06572238433298272,0.913879089849573,2020-10-30,0.21475691469651625,0.1427228505368725,0.0,0.04641614102741243
2020-12-30,0.06952306303038583,0.9230491580201641,2020-10-30,0.2116954591403335,0.142104431830558,0.0,0.033208461274381706
2020-12-31,0.06707084658982984,0.9213005489606466,2020-10-30,0.21143688789249926,0.141363229511954,0.0,0.034420565870311615
2021-01-04,0.09262607506288935,0.9694572466700795,2020-12-02,0.19128028298440736,0.14042210531077104,-0.01412010351735149,0.01837333836470778
2021-01-05,0.08380124415346393,0.9581799712903294,2020-12-02,0.1978232124003716,0.13947518911081347,-0.005992195005502854,0.022601904906807357
2021-01-06,0.09720955068213682,0.9744904495551052,2020-12-02,0.17811529540210636,0.13825650136945855,-0.019761654493257064,0.0027582876847702664
2021-01-07,0.07112218637605067,0.9321335965715299,2020-12-02,0.2035737635319146,0.13806264537631696,0.0,0.023552320507409963
2021-01-08,0.06897445606720204,0.9264572377243052,2020-12-02,0.21585825333299602,0.13789464802745566,0.0,0.06072932455175217
2021-01-11,0.08853263188533791,0.9649775159128839,2020-12-02,0.19548236032499644,0.13852005887377472,-0.014450148573244337,0.04122015439981852
2021-01-12,0.08843678011816053,0.9645450911423141,2020-12-02,0.19065528273449228,0.13861367486116194,-0.016017197622274826,0.04187197941788057
2021-01-13,0.08204225004312021,0.9547303324122229,2020-12-02,0.19586842249568814,0.13949583440376023,-0.009372158735547531,0.04135289225021843
2021-01-14,0.08210244083889111,0.9540030365301684,2020-12-02,0.1866756966341252,0.14020223832288647,-0.01466939711295423,0.024829475398562062
2021-01-15,0.09173262797132527,0.9686376631995766,2020-12-02,0.17438989773081626,0.14024702410771583,-0.022474309189250752,0.011150536794798827
2021-01-19,0.07794870124963592,0.9468256241788264,2020-12-02,0.18859085419575283,0.13969551476439368,-0.008212483156198824,0.01923948799894082
2021-01-20,0.06452621645282677,0.910618924151078,2020-12-02,0.2130248601399063,0.1389255341505189,0.0,0.04610986670056172
2021-01-21,0.05431487288720775,0.8753739902654066,2020-12-02,0.21974497238803825,0.13855956029366379,0.0,0.05645443131036543
2021-01-22,0.055768427819436694,0.8816267755146847,2020-12-02,0.2132910735942164,0.13859161611623372,-0.0028800006181501914,0.050555355875920416
2021-01-25,0.05488152259601539,0.8771671724666956,2020-12-02,0.22040232105874336,0.13923855023625342,0.0,0.06460064947982391
2021-01-26,0.04517213140590143,0.8265411363076356,2020-12-02,0.21927549726408024,0.13944433800016354,0.0,0.06147453094575783
2021-01-27,0.07996702236256854,0.936378565910458,2020-12-02,0.18271601878542487,0.13931023866790615,-0.027876817990262537,0.02158740668746284
2021-01-28,0.0659542631294741,0.9092233859448007,2020-12-02,0.18729115875182867,0.1392751608883236,-0.022125210939104578,0.026712653421519628
2021-01-29,0.09211727895693023,0.963008312099962,2020-12-02,0.16004393566025565,0.13866564772574708,-0.042697691346985533,0.00508012740454733
2021-02-01,0.07124224942628661,0.9083352448410973,2020-12-30,0.18662492932490515,0.13862050471502085,-0.01877742951820749,0.027666014877353984
2021-02-02,0.05817930982811227,0.8558681318095471,2020-12-30,0.20347758526725257,0.1390528072610573,-0.0027698003600654664,0.059390017401140804
2021-02-03,0.06296328157229023,0.883476854689035,2020-12-30,0.19619038457996152,0.13919602966933997,-0.006725972799683677,0.046559079910563295
2021-02-04,0.0595309572741436,0.8688346191145755,2020-12-30,0.2075472937721734,0.1395235931128338,0.0,0.07381116277849342
2021-02-05,0.060100399816233996,0.8702653249175119,2020-12-30,0.20896546583239695,0.14003333357592163,0.0,0.052003362538716624
2021-02-08,0.03931414302625177,0.7785997234448754,2020-12-30,0.21432238529980197,0.14035055598421287,0.0,0.045606759218072224
2021-02-09,0.04583895652903809,0.8111595502567053,2020-12-30,0.2114124104448667,0.1406000009569659,-0.00020968546518751463,0.06071500002255714
2021-02-10,0.0514735204857228,0.8353573696907177,2020-12-30,0.20606822316285744,0.14064687564163791,-0.002487971434395053,0.05998328116017704
2021-02-11,0.044242766831445526,0.8048507457021106,2020-12-30,0.20998589391679778,0.14066067663358006,0.0,0.05866351142854542
2021-02-12,0.042759480453040635,0.7962251428979001,2020-12-30,0.21415280273572623,0.14064806322668755,0.0,0.07030357386026687
2021-02-16,0.05340710795323826,0.8436199108607563,2020-12-30,0.20830949937397203,0.1405587717439214,-0.0027044382355437824,0.07593157630288161
2021-02-17,0.058964922329184544,0.8705113723731668,2020-12-30,0.19987676096484952,0.14023031974683375,-0.007490092814341542,0.055371008992394444
2021-02-18,0.06393680492076906,0.8943636358502456,2020-12-30,0.19210320008008708,0.13979018254422182,-0.01182950477844047,0.026870882217097325
2021-02-19,0.06640674607414015,0.904196197110168,2020-12-30,0.18448057802449713,0.1392036731861972,-0.016139123513172593,0.014278691105494179
2021-02-22,0.09241495499015406,0.961414823153959,2020-12-30,0.15163175441632237,0.13813412279908666,-0.04164062882077091,-0.00915761205433896
2021-02-23,0.09599501242679032,0.9669349340307505,2020-12-30,0.14614720763163858,0.1375733187177337,-0.04449384582434779,-0.02020648118784274
2021-02-24,0.08895039621087925,0.9568140354498307,2020-12-30,0.15353727621386648,0.13712483821367738,-0.036617565301043764,-0.013573297639525306
2021-02-25,0.1471463551600686,0.99,2020-12-30,0.11160593099224037,0.13619107220139504,-0.0702034352905112,-0.020661712005666688
2021-02-26,0.12819589731940867,0.9889751286091426,2020-12-30,0.11442357646296752,0.13507634292006787,-0.06630961011530734,-0.02234475251528434
2021-03-01,0.10720241593572963,0.9733234325312852,2021-01-28,0.1458127157635516,0.13415942217268073,-0.038222652110831534,0.02870661932652019
2021-03-02,0.1193445646300563,0.9845850358562764,2021-01-28,0.12549549052647913,0.1329133741063806,-0.053648237149608646,-0.012468034097353864
2021-03-03,0.14577387176906437,0.99,2021-01-28,0.09116165474578564,0.13109021822944955,-0.08111159850419247,-0.05651837976694185
2021-03-04,0.17381376922001707,0.99,2021-01-28,0.07183733617774424,0.12916528425662732,-0.09615090214460664,-0.06826384977396405
2021-03-05,0.16011836609129174,0.99,2021-01-28,0.08639807231258367,0.1275066154329194,-0.08253830069538148,-0.06528566589195284
2021-03-08,0.1821506271296422,0.99,2021-01-28,0.05435086647190013,0.12544152564865851,-0.10851518602124166,-0.09482119209203954
2021-03-09,0.14128224898665756,0.99,2021-01-28,0.09432534731943898,0.12403870609362744,-0.07335420983015428,-0.06538161006497789
2021-03-10,0.1542773237861995,0.99,2021-01-28,0.08963303890200036,0.12251528380226784,-0.07599915529636492,-0.06785385439994218
2021-03-11,0.1354129267542175,0.9884351124019899,2021-01-28,0.11297677659260597,0.12112642834504728,-0.05471835748240095,-0.044207435487128466
2021-03-12,0.147090829505471,0.988558862257207,2021-01-28,0.10228968712592712,0.11961691019941334,-0.06238664753654022,-0.05714641570327572
2021-03-15,0.14364988318018634,0.99,2021-01-28,0.11232280770423686,0.1182747948074252,-0.052370407415853304,-0.052370407415853304
2021-03-16,0.1353163707614275,0.9754028952489002,2021-01-28,0.11671322616404756,0.11703643496005012,-0.04716886558812683,-0.04458500474414495
2021-03-17,0.13283104652309857,0.9794595108761364,2021-01-28,0.11958221416073522,0.11618976410600323,-0.04324562194115822,-0.036025362435125996
2021-03-18,0.1603396581855133,0.99,2021-01-28,0.08383316359441628,0.11470490258901522,-0.07255129166765817,-0.061448694514607216
2021-03-19,0.1707660955975201,0.99,2021-01-28,0.08619554203734192,0.11359918097256783,-0.06928218741515257,-0.0540148156838427
2021-03-22,0.15163772894930233,0.9857926291458048,2021-01-28,0.1049398497779297,0.11224282176150746,-0.05182822685501731,-0.010630248256153663
2021-03-23,0.15841859644133627,0.9887533213949755,2021-01-28,0.098620587919106,0.11062993953562605,-0.055964707577579986,-0.012005010855349774
2021-03-24,0.1754499025878669,0.99,2021-01-28,0.0787566191952156,0.10910797111652082,-0.07188628430273447,-0.036609261007246485
2021-03-25,0.19045974498173654,0.99,2021-01-28,0.07560158338441725,0.10763060338113739,-0.07349324490053277,-0.0035382036618403223
2021-03-26,0.1690510236154302,0.99,2021-01-28,0.09039931120414413,0.10629926821931135,-0.05959535922671022,0.007191089210446089
2021-03-29,0.16366078202171847,0.99,2021-01-28,0.08852969703957259,0.10485188016997538,-0.05986321722281007,-0.02250059762737544
2021-03-30,0.17261330219885526,0.99,2021-01-28,0.08156831329645953,0.10353567278446874,-0.06459500039630617,-0.011567330115945573
2021-03-31,0.16311479851015787,0.99,2021-01-28,0.09658124905017496,0.10220433139501517,-0.05028066533715159,0.033552423903547846
2021-04-01,0.13291839034632857,0.9818329997477953,2021-03-03,0.11368791443898152,0.10071991059891916,-0.03409151168409885,0.06866122963198062
2021-04-05,0.09970991159314951,0.9514667755422432,2021-03-03,0.13419878313285416,0.0993988890075086,-0.014807047616513525,0.07382461102213234
2021-04-06,0.1056775588575262,0.9627623454899401,2021-03-03,0.13171032012535178,0.0981470172050023,-0.015491542376746437,0.1043468628807307
2021-04-07,0.10931013210673449,0.9753044321981177,2021-03-03,0.13273122643678414,0.0967542849221843,-0.013110894709415732,0.0650122363472847
2021-04-08,0.09722136667279917,0.9540229694246332,2021-03-03,0.14281075227540385,0.0955588846894262,-0.002814054834157531,0.07920458177252065
2021-04-09,0.09543039426268157,0.9515433657380263,2021-03-03,0.14799120524390852,0.09512963733250546,0.0,0.06129970823208142
2021-04-12,0.09975997505960602,0.960649483669813,2021-03-03,0.14466658186789516,0.09445643402269144,-0.0013050976507215095,0.06858314186367709
2021-04-13,0.09570000179320017,0.9520393147480013,2021-03-03,0.15615498592783417,0.09448050521087636,0.0,0.06963042583943357
2021-04-14,0.11039287415946251,0.9761686724264877,2021-03-03,0.14039347669829128,0.09366365931027265,-0.012008370559956849,0.051016872390514
2021-04-15,0.0944279061862537,0.9509849840077893,2021-03-03,0.15572805854904526,0.09279312748100654,0.0,0.06257062170405536
2021-04-16,0.10930521369526275,0.9725100156230531,2021-03-03,0.15522149106683725,0.0921203849518959,0.0,0.0974293338289971
2021-04-19,0.12788368648641568,0.9873613502003342,2021-03-03,0.1429282501660809,0.09108927395192867,-0.009151707307374246,0.08356658765916669
2021-04-20,0.13465032592986295,0.9895597612681906,2021-03-03,0.132974056447563,0.08989598636951857,-0.01637358546699197,0.0558679946017806
2021-04-21,0.12112542384847835,0.9825396638390143,2021-03-03,0.14110349244855502,0.08881112764102772,-0.007952939599707554,0.06957319225666203
2021-04-22,0.13286680599534484,0.9895005238208447,2021-03-03,0.12584520711413028,0.08750148910358124,-0.019911620912886008,0.07480706941241233
2021-04-23,0.09411199702624043,0.9580513125318793,2021-03-03,0.13848516476275874,0.0865138621055781,-0.007572772922853965,0.09022602693805948
2021-04-26,0.10662822779663317,0.9713090775846931,2021-03-03,0.1443577388251427,0.08555401561561671,-0.001110951966814877,0.08110768140699975
2021-04-27,0.1053554213865912,0.9705143332158988,2021-03-03,0.13793264302065933,0.08443198852376921,-0.005438500629990517,0.07673061997813169
2021-04-28,0.10580749848161176,0.9705285159067398,2021-03-03,0.1325462669816233,0.08321957988653894,-0.008800904594180814,0.07851868975362541
2021-04-29,0.0948311365999101,0.9600871754498834,2021-03-03,0.13509289689565662,0.08221007619193288,-0.00523378133475505,0.06608593639944083
2021-04-30,0.10024213475031715,0.9679498454765598,2021-03-03,0.1261894226170992,0.0812015352163058,-0.011754146118028719,0.041347032034334985
2021-05-03,0.10988103139090157,0.9795840153867785,2021-04-01,0.11874055933421501,0.08017264864596152,-0.017017107316358304,0.015526190711217192
2021-05-04,0.13585467779349922,0.99,2021-04-01,0.09730226174722234,0.07942775185021178,-0.03470664019552905,-0.002055629614008736
2021-05-05,0.140513816225647,0.99,2021-04-01,0.09246788463906763,0.07882585296018507,-0.037952140605335805,-0.007810131098256234
2021-05-06,0.1329152124997124,0.99,2021-04-01,0.09945503041382642,0.07812026342289058,-0.030700990532100847,-0.010654266018886638
2021-05-07,0.13063539724687978,0.99,2021-04-01,0.1070901848099155,0.07831075202546356,-0.022835406423031057,-0.00863194854768079
2021-05-10,0.15573044196155983,0.99,2021-04-01,0.07790757559465522,0.07788316834758713,-0.04751310240309525,-0.03240553893777798
2021-05-11,0.16326218243922,0.99,2021-04-01,0.0751637862253478,0.07676747205448708,-0.04882895776523111,-0.044891472029888524
2021-05-12,0.20111016263965897,0.99,2021-04-01,0.04634002270418014,0.07567089319045417,-0.07344801786801791,-0.05830421370549577
2021-05-13,0.18772676120196918,0.99,2021-04-01,0.05332825996685431,0.07524490533705075,-0.06628477558567758,-0.06519152100124681
2021-05-14,0.1713609133538466,0.99,2021-04-01,0.07538707097329889,0.0755448061356443,-0.045670996946147735,-0.045670996946147735
2021-05-17,0.18586800868966458,0.99,2021-04-01,0.06773610209318592,0.07547166312769149,-0.051460392339374494,-0.042699457973557786
2021-05-18,0.19157707137413996,0.99,2021-04-01,0.05952981396916823,0.07594955853475671,-0.057863853568264734,-0.04218092101661475
2021-05-19,0.19248189934152654,0.99,2021-04-01,0.05980503390917624,0.0757312952290965,-0.05678189736493866,-0.04922040467065003
2021-05-20,0.16511691181169555,0.99,2021-04-01,0.07925424293996475,0.07588882468358982,-0.03853693452738194,-0.019003708249090923
2021-05-21,0.15796043066140053,0.99,2021-04-01,0.07228164528236336,0.07550162173386132,-0.043858255452860484,-0.0365623609872866
2021-05-24,0.14050983503059478,0.99,2021-04-01,0.08926768592062673,0.07561048191927244,-0.027777020921870177,-0.026695726625054927
2021-05-25,0.14045726738209882,0.99,2021-04-01,0.08966222593756923,0.07546522859398497,-0.026431893646116977,-0.021108189920305942
2021-05-26,0.13167442946678876,0.9896618013922303,2021-04-01,0.09230296356852663,0.0752411234259569,-0.023040125718266524,-0.014365651855499095
2021-05-27,0.12555415893436125,0.9871292131966316,2021-04-01,0.08699926697435512,0.07478210401324681,-0.026695156768586914,-0.021574290553038944
2021-05-28,0.12369738306128518,0.9868653213658878,2021-04-01,0.08930916806761635,0.07513319750733438,-0.02362510374039828,-0.012012150190905069
2021-06-01,0.1171368115871465,0.9849295198627632,2021-04-30,0.08460634658022159,0.07536991576969632,-0.026870328000076604,-0.010023796708015897
2021-06-02,0.12369531373572357,0.9866050386010561,2021-04-30,0.08562510861679518,0.0752496439971364,-0.024969954866023047,0.010086762983098074
2021-06-03,0.13512772359448588,0.99,2021-04-30,0.0733583262810773,0.07511006125790187,-0.03511580263587144,0.0029482295935350233
2021-06-04,0.11435659501986928,0.9817561550328251,2021-04-30,0.09053544587307005,0.0756307073840996,-0.01874221716887947,0.012337548317300051
2021-06-07,0.11965774344776034,0.9855221969362375,2021-04-30,0.09269611159833313,0.07620032184415426,-0.01581806345856307,0.007181331589983797
2021-06-08,0.12393360831015365,0.9875570249726966,2021-04-30,0.09219268921298007,0.07654013498669276,-0.015350357190986208,0.033767126133970704
2021-06-09,0.11816556169313451,0.9858815222202042,2021-04-30,0.09146399295140761,0.0769226792357598,-0.015116365982133506,0.03544324867574833
2021-06-10,0.1147906624250059,0.984816437839934,2021-04-30,0.10180919580821723,0.07760412187208376,-0.004853706707944383,0.07403180013952282
2021-06-11,0.09388485481381968,0.9661012001262534,2021-04-30,0.10368545110353034,0.07805397076614562,-0.0022513599473326096,0.06857917056938878
2021-06-14,0.08970353676361442,0.9570738802922372,2021-04-30,0.11329952363183748,0.07841174622510128,0.0,0.05551626611694882
2021-06-15,0.09651252949970782,0.9677168258760713,2021-04-30,0.10509833748437236,0.07822853515109962,-0.006530893030262885,0.05502305376390826
2021-06-16,0.10198208912745611,0.9746125912582326,2021-04-30,0.10018489443932821,0.0780272056660185,-0.010159583232013492,0.05831406863654598
2021-06-17,0.08385650515035385,0.9470364800780824,2021-04-30,0.1132323026480957,0.07801926607362786,0.0,0.0705228180083981
2021-06-18,0.08685592684817692,0.9537470230322931,2021-04-30,0.1037203086911398,0.07774812545591869,-0.007847262802169297,0.041967049509985754
2021-06-21,0.08169639583984784,0.9413447777494,2021-04-30,0.10981267065755906,0.07749594093992274,-0.0016809442240846018,0.05427798361347791
2021-06-22,0.06777767678442771,0.9042222938188548,2021-04-30,0.11905109588044271,0.07715836242901064,0.0,0.04650443443109076
2021-06-23,0.06544660262858606,0.8988232078256079,2021-04-30,0.11842167874972853,0.07651089212086704,0.0,0.045569667647425094
2021-06-24,0.05587299361900815,0.8597833696728767,2021-04-30,0.12387133760005442,0.0759936863295314,0.0,0.04838186903369679
2021-06-25,0.061975138656569076,0.8839145543043727,2021-04-30,0.12118024838580488,0.07526701509383305,-0.0012288293632070069,0.05102571496367991
2021-06-28,0.054264665691250456,0.8473891943166685,2021-04-30,0.13331525781442033,0.07462065413685393,0.0,0.06046280187962649
2021-06-29,0.05141663812109418,0.828059233944309,2021-04-30,0.1358574019322194,0.07420364915700572,0.0,0.06784971943139761
2021-06-30,0.0532825440335168,0.8400833541911842,2021-04-30,0.1326081033946449,0.07399974568229828,-0.0015775483398228207,0.0640871357562236
2021-07-01,0.05124175556146511,0.8436833173238869,2021-06-02,0.13166891010972614,0.07368582864263207,-0.0011830948187250279,0.07570092833831166
2021-07-02,0.04938938716206123,0.8255608131065598,2021-06-02,0.1431049457454876,0.07374712825778729,0.0,0.06989303142847314
2021-07-06,0.04986555595100155,0.8286994286518198,2021-06-02,0.14638231854962447,0.07353912758277281,0.0,0.07132419250839939
2021-07-07,0.04300717245168044,0.7785435940225303,2021-06-02,0.14706340741728496,0.07316818117898771,0.0,0.07307485022522897
2021-07-08,0.04803291531933216,0.807361573442916,2021-06-02,0.13846430121484565,0.07280177908813834,-0.006039603020202233,0.06634049997210134
2021-07-09,0.03696534596735533,0.740761938761991,2021-06-02,0.14394462800688057,0.07269723238431469,0.0,0.06193270937820605
2021-07-12,0.03878220437543395,0.7635662044700172,2021-06-02,0.14660709921886728,0.07244059988179252,0.0,0.06329960943604873
2021-07-13,0.0340662837369623,0.7366427097559956,2021-06-02,0.1448296084367391,0.07234623750395763,0.0,0.05320702139537303
2021-07-14,0.024867912515551028,0.6717118032903242,2021-06-02,0.14520724321240297,0.0724995034620266,0.0,0.06203227326541394
2021-07-15,0.0374752398548681,0.7526322483915213,2021-06-02,0.13565053276531347,0.07301034429465036,-0.007023564633571011,0.058439016644371344
2021-07-16,0.04285915158526163,0.7789246077357134,2021-06-02,0.12498503794173899,0.07343415069042902,-0.015066097845754078,0.03670254516415161
2021-07-19,0.04721550204659566,0.806251225634099,2021-06-02,0.11440011681398898,0.0735982459014195,-0.023136173090066214,0.036340740672679006
2021-07-20,0.03549011142540154,0.7476696464016817,2021-06-02,0.12597042539815595,0.0738564562439652,-0.011788509412229642,0.04190378752023438
2021-07-21,0.015136987632846297,0.624241402752745,2021-06-02,0.13309161363179034,0.07463635158109572,-0.0041590200718188974,0.04025107592270061
2021-07-22,0.0059536327719478125,0.5664458913564421,2021-06-02,0.13906493772838058,0.07564963952080661,0.0,0.04661546070042011
2021-07-23,-0.0029615894409765094,0.4968334621335359,2021-06-02,0.15067011581692902,0.07729626862672823,0.0,0.05233089328965512
2021-07-26,-0.0025971319841515093,0.49883353179315076,2021-06-02,0.14996333064634926,0.07887833556727974,0.0,0.05445517514928455
2021-07-27,0.008633501210378727,0.5757697044807706,2021-06-02,0.13580060656055237,0.07985729853707402,-0.011018021569083047,0.030307076694940482
2021-07-28,-0.014456861983762302,0.42612659710491985,2021-06-02,0.13872112885844845,0.08109245545985866,-0.007218424236797194,0.030536088289558005
2021-07-29,-0.01890651889650348,0.4002195192916017,2021-06-02,0.1394464138446012,0.08263777474024825,-0.005454438241161541,0.03399833931123908
2021-07-30,-0.011382113827791439,0.43231616182708293,2021-06-02,0.1322527087964458,0.08406996922925458,-0.010638019167720447,0.0282029110439459
2021-08-02,0.010564821761762168,0.5939688038855027,2021-07-01,0.13105034062949228,0.0850724105115217,-0.010556437695521392,0.016618252695502322
2021-08-03,0.010843755360114475,0.5993122699881988,2021-07-01,0.13653232092719425,0.08625213667702503,-0.004558919444867082,0.01837940166044505
2021-08-04,-0.002246360778893259,0.5045621908594543,2021-07-01,0.13676470890042292,0.08708625764727329,-0.00312066198415184,0.017703339153164466
2021-08-05,-0.009625404319870945,0.452329424073455,2021-07-01,0.14243615516370212,0.08791591459926984,0.0,0.030381770289229504
2021-08-06,-0.0037589075796552263,0.49649831207787365,2021-07-01,0.13594005834153,0.08860923972329027,-0.004382659361156893,0.01950067057318261
2021-08-09,-0.001358334481032836,0.5104770341336362,2021-07-01,0.13653532715936856,0.08940455376694323,-0.002542898547075567,0.017410977487383184
2021-08-10,-0.0004771507652111496,0.5301695813829699,2021-07-01,0.12925012578650108,0.09004838242570234,-0.007655745943560444,0.012195848877015525
2021-08-11,-0.0023141445626331004,0.518019687605953,2021-07-01,0.12587782223585942,0.0907398873270362,-0.009360255245972282,0.008647938258039112
2021-08-12,-0.007910485379221177,0.47140147911600283,2021-07-01,0.1284058103940784,0.09137747816275565,-0.005789104954832758,0.01944413795329125
2021-08-13,0.0031115695967471515,0.5591830063772201,2021-07-01,0.13084993832914238,0.09231990256815936,-0.002299530889914081,0.03137582399492933
2021-08-16,0.00395043592937774,0.5622883433222822,2021-07-01,0.12963499353540153,0.09274079879360064,-0.0018666409887276858,0.040347432306760744
2021-08-17,-8.181990734213839e-05,0.5295918006147087,2021-07-01,0.11813600283195602,0.09303397440786498,-0.01065824443878105,0.019342886984165197
2021-08-18,0.015493605510175203,0.6424322738195047,2021-07-01,0.10578598170291253,0.09304390972696641,-0.02018029111569397,0.0017977087953533477
2021-08-19,0.004518819906721008,0.5545206894687209,2021-07-01,0.10951729837810942,0.09313643176785757,-0.015446573271102881,2.7216237673988175e-05
2021-08-20,0.0023822410006275312,0.5440739725635748,2021-07-01,0.11940216392824787,0.09325941570875518,-0.0052481839719983325,-0.0012766962663658399
2021-08-23,-0.005525140858110839,0.49610134027021546,2021-07-01,0.1346328649258941,0.09377388645857354,0.0,0.012863247691845991
2021-08-24,0.0019093161009146329,0.5447436086286868,2021-07-01,0.1366953110017297,0.09426267817484346,0.0,0.02727565946118604
2021-08-25,-0.0017831135565084862,0.5227805226267157,2021-07-01,0.13659580790385184,0.09490914853888888,0.0,0.02451950397115832
2021-08-26,0.006913978688839606,0.5829283838455507,2021-07-01,0.12792386229480157,0.09542553117341224,-0.006350022438938563,0.016208171485006195
2021-08-27,-0.0023883216842698913,0.5255995063755712,2021-07-01,0.13727194121259667,0.09575263207369278,0.0,0.031462036192627885
2021-08-30,-0.010804925626726759,0.47737177266475717,2021-07-01,0.14844133614859634,0.0965318474719683,0.0,0.04295095588540332
2021-08-31,-0.0021970120712162377,0.5270046621472104,2021-07-01,0.1458999619825836,0.09714463349591274,-0.0008151236404544404,0.03582217938153742
2021-09-01,-0.000805491561944871,0.5403247708787791,2021-08-03,0.1462292177580129,0.09763153412263548,0.0,0.036042801018817405
2021-09-02,-0.0006967829827474355,0.5453947371831476,2021-08-03,0.14416332606690996,0.09813635302989288,-0.0004729475489270163,0.029025654915039834
2021-09-03,0.0024985193359926394,0.563031182012475,2021-08-03,0.1461220258855116,0.09854637232944996,0.0,0.03673436398113039
2021-09-07,0.0033877095684673687,0.5633875516936309,2021-08-03,0.14613926002805488,0.09896911564302857,0.0,0.036286598427321515
2021-09-08,0.0025408302015201226,0.5512234883459644,2021-08-03,0.14061662366438687,0.09911550478480491,-0.0034806465518021357,0.03800031819299288
2021-09-09,0.006554157241585907,0.5797327869715094,2021-08-03,0.1351570504316968,0.09909533821148542,-0.0069089537914647225,0.036209159014576775
2021-09-10,0.010198630231125376,0.6091183812464943,2021-08-03,0.12507034234941972,0.09898405075289385,-0.014446226212152968,0.024650875869067113
2021-09-13,0.008060016821834012,0.6002120475949994,2021-08-03,0.12289977048963974,0.09892004980390023,-0.015126554975452344,0.020362195998360644
2021-09-14,0.013997505783408219,0.637712381699012,2021-08-03,0.1183687091965111,0.09859687500861303,-0.017926543585891408,0.017020040682015125
2021-09-15,0.0041972402723928675,0.5760427025460456,2021-08-03,0.12533665828051577,0.09834712322724215,-0.010625291836927175,0.03368585519259182
2021-09-16,0.004129464851379704,0.5703867597595651,2021-08-03,0.12477226696582733,0.09807390882531708,-0.009944716190079972,0.04444934857321248
2021-09-17,0.0034796066870778066,0.5782376682611204,2021-08-03,0.11026952308897386,0.09780008676832352,-0.021669462760003366,0.02711821236865708
2021-09-20,0.02950295761029881,0.7503515015920217,2021-08-03,0.08630296299439699,0.09706761947716691,-0.04188478142329677,-0.004417838994939305
2021-09-21,0.03192386572082818,0.7580940696766049,2021-08-03,0.08661507674992097,0.09627928567106725,-0.04070574789338388,-0.017881752111768012
2021-09-22,0.016651894751714788,0.6595397464407534,2021-08-03,0.09569682231625376,0.0956597189873003,-0.03174543870301205,-0.011727008506604353
2021-09-23,0.00439234028861145,0.575102262768071,2021-08-03,0.10470349413705882,0.09517749259448816,-0.022811463757742012,-0.003752659721069196
2021-09-24,0.007433138598207209,0.5959281871791666,2021-08-03,0.10464931674047095,0.09487876516018567,-0.02189445596659101,0.003554828807817323
2021-09-27,0.036420360783014034,0.7787048803214093,2021-08-03,0.09468774138801783,0.09451278345569758,-0.02970181898860369,-0.01403953088226828
2021-09-28,0.06627440341206489,0.9135643947407543,2021-08-03,0.06278427371547068,0.09389019331509796,-0.05715921964389847,-0.05257204297091689
2021-09-29,0.0630880577233121,0.9038081314344979,2021-08-03,0.06011781483609124,0.09298977175433043,-0.05870487524233681,-0.05335358473173446
2021-09-30,0.06146791603500643,0.8991339497686394,2021-08-03,0.05535834283877539,0.09190624903519495,-0.062163055391286526,-0.0583927450969699
2021-10-01,0.06318914102033257,0.9008132295867114,2021-09-01,0.06105047197426594,0.09083090947886352,-0.05634689047702679,-0.052104893256217366
2021-10-04,0.09210225872125438,0.9652858265820321,2021-09-01,0.03808748077073343,0.08921045556741758,-0.07615336998511624,-0.0748459780064884
2021-10-05,0.07940442041577647,0.946372304562414,2021-09-01,0.05135693988092127,0.08781117762275881,-0.06368262362817101,-0.06368262362817101
2021-10-06,0.07041114951344174,0.9191121511888056,2021-09-01,0.05729636214510658,0.08673544511030462,-0.057683106532390505,-0.05439177853699961
2021-10-07,0.06513851021275652,0.9000821866590443,2021-09-01,0.06613342087734897,0.08571122256524766,-0.04903699780388859,-0.04242112963686673
2021-10-08,0.07657491083010196,0.9288138106917387,2021-09-01,0.05999990067441474,0.08458643282622513,-0.05377905469606248,-0.03990936824556912
2021-10-11,0.07946859247895939,0.9472905245907819,2021-09-01,0.051078662034476974,0.08343211814294205,-0.061036690351576994,-0.04661526372556457
2021-10-12,0.08566667473967696,0.9560960209890981,2021-09-01,0.046665892913237306,0.08224582927079038,-0.06431143602449019,-0.0472315916244862
2021-10-13,0.07486122123870612,0.932206228403752,2021-09-01,0.054299618100175806,0.08110338825588959,-0.05681835575886329,-0.046689149763794346
2021-10-14,0.06604583190270873,0.8987918088692586,2021-09-01,0.07285588806892562,0.08021925091859683,-0.039448040806229545,-0.029799673915799074
2021-10-15,0.06034085502986512,0.885035347808703,2021-09-01,0.07871461769512522,0.07929921572269216,-0.03339610210379351,-0.011986377709186646
2021-10-18,0.05457993875840343,0.8619013744316384,2021-09-01,0.08860674663178258,0.07864567003241785,-0.023676214531269335,0.01900456911547299
2021-10-19,0.04462380195655359,0.813867677761132,2021-09-01,0.09576860795502018,0.07800442000303431,-0.01628773059540578,0.025454147405090666
2021-10-20,0.0400170190851874,0.7904221060773732,2021-09-01,0.09331405409749349,0.07749355358339982,-0.017571525044113967,0.014638623173550469
2021-10-21,0.029712364916378145,0.7343890064112657,2021-09-01,0.09885624487683242,0.07705026762212008,-0.011572090242849442,0.01150174515770841
2021-10-22,0.03959184624762883,0.8000900813241727,2021-09-01,0.08866839400469995,0.07651244348654163,-0.019877170497284324,0.0020624415039995903
2021-10-25,0.03891603860733288,0.7815272625516941,2021-09-01,0.09885446560762379,0.07612656924083594,-0.009842670990310776,0.020467056815042683
2021-10-26,0.048456254935490786,0.833422676383536,2021-09-01,0.10126078149958806,0.0757108478617976,-0.006725025548332431,0.05349174022417391
2021-10-27,0.03369830471995676,0.7606762809858998,2021-09-01,0.10274103098604437,0.07551391096788085,-0.004419380095162073,0.057671067999157444
2021-10-28,0.021784380290028393,0.6801177648991128,2021-09-01,0.11386725353216742,0.07573305243692618,0.0,0.07336006468876866
2021-10-29,0.007724923375418856,0.5937838382989413,2021-09-01,0.11816552737656427,0.07590430001798909,0.0,0.07199196287013443
2021-11-01,0.03029692105108635,0.7412416544661524,2021-10-01,0.12074375892716205,0.07587451368095821,0.0,0.09871770272530922
2021-11-02,0.01289367741453306,0.6205129680940034,2021-10-01,0.12423076016750567,0.0756662037204201,0.0,0.08861697153363957
2021-11-03,-0.0002482049023119514,0.530066779238106,2021-10-01,0.1350083873448935,0.0756807724588291,0.0,0.09316894404047038
2021-11-04,-0.005947946456762706,0.5091237554324863,2021-10-01,0.148347539564047,0.07592307639029738,0.0,0.09711546066904675
2021-11-05,0.008033942152586711,0.6182204642792422,2021-10-01,0.1482126715515819,0.07630331825018266,0.0,0.10366574728802425
2021-11-08,0.012424808015131104,0.6403072279821196,2021-10-01,0.14548386931783974,0.07649344122732993,-0.0013548538092802431,0.11068957260570578
2021-11-09,0.008008783286798713,0.622655369709813,2021-10-01,0.13648907067071092,0.07633308284428608,-0.008228808196735549,0.1069048466934781
2021-11-10,0.013956957839306615,0.6641018045544609,2021-10-01,0.1186412375401813,0.07580583390548767,-0.022804775124843135,0.08197223797363784
2021-11-11,0.011812963172243781,0.6431974145558261,2021-10-01,0.12061001853737596,0.07531791270312627,-0.020095303914205997,0.06535193331531897
2021-11-12,0.006826637228230676,0.6023977773783247,2021-10-01,0.13108330166144855,0.07490980183359364,-0.009784293530382016,0.06982166869039186
2021-11-15,-0.002801152488479336,0.5297472431113592,2021-10-01,0.12963847660347105,0.07455241484785402,-0.010010141899915892,0.05892937805557197
2021-11-16,-0.0019084131986630368,0.5376376129510285,2021-10-01,0.13652958082357092,0.07436299600609719,-0.002960221214774239,0.05846016725731373
2021-11-17,0.005518204717046326,0.5885827143486317,2021-10-01,0.13595400632189203,0.07423876587921874,-0.0024335043613321616,0.06040321133647808
2021-11-18,-0.0015287736813600272,0.531684249411067,2021-10-01,0.1465337609414119,0.07442044095918643,0.0,0.06488736027228681
2021-11-19,0.006095980107638549,0.5916345007368307,2021-10-01,0.1517136597359019,0.07487627465618196,0.0,0.07989846465234374
2021-11-22,0.014311649501695474,0.6569658441387689,2021-10-01,0.1372589424806756,0.07518448517572662,-0.011609041445856283,0.05654496909251461
2021-11-23,0.012617873758302029,0.6496164701219025,2021-10-01,0.13102598921677755,0.07547613464923386,-0.01611418302041434,0.04842805891981761
2021-11-24,0.00871721593686596,0.619757392041102,2021-10-01,0.13358466261190172,0.07565042192405724,-0.012945818952912802,0.049368412838855624
2021-11-26,0.03735903331133293,0.7946882508648618,2021-10-01,0.1111805879675638,0.07552352013828845,-0.03165899352386381,0.018166918517176667
2021-11-29,-0.0017605664775865067,0.549027396898972,2021-10-01,0.13425785415793823,0.07603156978863734,-0.010643837236433917,0.03517121618288388
2021-11-30,0.007909032349269034,0.6146946700069098,2021-10-01,0.11665780911183088,0.07671912713209306,-0.025173682720566526,0.016493657492344216
2021-12-01,0.04354178700479801,0.8020476383473045,2021-11-01,0.09681470253230029,0.07707813760554694,-0.041758416399545695,-0.004960643932629183
2021-12-02,0.030453471936295856,0.7538406471716829,2021-11-01,0.10380274319995664,0.07733618322665436,-0.034852549001374356,-0.008317077266500994
2021-12-03,0.054865112806364635,0.8750409883804291,2021-11-01,0.08379207845642567,0.07709861451677602,-0.05163492639715328,-0.03789377586108167
2021-12-06,0.032135798628377905,0.772265269721442,2021-11-01,0.09147448343980424,0.07683832746841301,-0.0440358287161392,-0.031108997449158515
2021-12-07,-0.008225603671799064,0.5088709629382717,2021-11-01,0.12311349638433833,0.077212155661736,-0.015247878420657224,-0.0005776968306057118
2021-12-08,-0.00648824092091267,0.5288633000831229,2021-11-01,0.12691964896974262,0.07828972501484222,-0.01084194746082634,0.010851847287518979
2021-12-09,0.007479567299166458,0.6254926543201614,2021-11-01,0.10905542920149536,0.0789851620177342,-0.02539675110117179,0.01083396455589547
2021-12-10,-0.0033244915710163234,0.5545834288284632,2021-11-01,0.11977130991413754,0.07994892000304277,-0.014802285918305014,0.018996902433324525
2021-12-13,0.017125445374208334,0.6801513287081644,2021-11-01,0.10251137015768874,0.08069274443589625,-0.02903535482217623,-0.0061818744385540025
2021-12-14,0.023470084275130816,0.7170832644647473,2021-11-01,0.09001377194761928,0.08161477802153039,-0.03908501688796362,-0.016243699107101217
2021-12-15,-0.001546960210788784,0.5543989124433354,2021-11-01,0.11347226667299037,0.08249027980130541,-0.017178675595829307,-0.0009312093035570568
2021-12-16,0.02462980633658709,0.7336965197423317,2021-11-01,0.08356642466377528,0.08274174816472879,-0.04245149117985758,-0.027135766675679962
2021-12-17,0.02932059726974531,0.7655692188752843,2021-11-01,0.07699411911398557,0.08279833557020333,-0.047228839934791544,-0.0419165028760663
2021-12-20,0.04591273149359477,0.8431405585058911,2021-11-01,0.06532022357841893,0.0826719785687986,-0.05647121061130611,-0.05647121061130611
2021-12-21,0.016590252876468654,0.677813423289822,2021-11-01,0.0879609933648886,0.08322612487686554,-0.03535458892245069,-0.02402444829253625
2021-12-22,-0.002903446837253531,0.5427055626293298,2021-11-01,0.09991075190468379,0.08402832495138268,-0.023606683716482446,-0.007615213642442109
2021-12-23,-0.0006387785529148298,0.5545364591563151,2021-11-01,0.10696072170650339,0.08489783783051053,-0.016245427156511005,-0.0033428845821795727
2021-12-27,0.0033932136509761696,0.5740731036901079,2021-11-01,0.12385259662496706,0.08562394993073141,0.0,0.03270778452883594
2021-12-28,0.0073468914309868585,0.6008774325274095,2021-11-01,0.11733186622250114,0.08619477400259301,-0.004634769063929234,0.00608709203433877
2021-12-29,-0.0032725132128191992,0.5361260579149678,2021-11-01,0.1158842616081881,0.08658220058161481,-0.0047834275070056664,0.020930381874586068
2021-12-30,0.005462421914227378,0.588402680534225,2021-11-01,0.11131426115699394,0.08678367672165521,-0.007757607121548049,0.03549626961040864
2021-12-31,0.0022920529913968745,0.588037633395819,2021-11-01,0.10303804353357293,0.08676302888950138,-0.013953678588939034,0.02166713525122721
2022-01-03,-0.007203717236278696,0.5362436831644165,2021-12-02,0.11226841437705692,0.08678672793710351,-0.00446123054669767,0.04975608372358664
2022-01-04,0.004783580346339078,0.636637349077813,2021-12-02,0.09664249228546185,0.08686344092993448,-0.017373833532710825,0.027903827839883988
2022-01-05,0.032031487137911416,0.7901319237495141,2021-12-02,0.06195078360544248,0.08621753104673813,-0.04756129400643683,-0.032800896551680614
2022-01-06,0.039839597047797076,0.8239624651802004,2021-12-02,0.06013163637544072,0.08541647545949349,-0.048230490250976144,-0.037785557600905406
2022-01-07,0.05023409855736437,0.8669891793272133,2021-12-02,0.04764046944299638,0.08439326604674124,-0.058540870731065175,-0.03399496413449632
2022-01-10,0.05434000476879971,0.8807145396363434,2021-12-02,0.0473879225385927,0.08321926080695174,-0.0579212013841407,-0.043754050047718596
2022-01-11,0.03117364957106561,0.7880797774343915,2021-12-02,0.062082234219271726,0.08217142827761759,-0.04376949295497379,-0.01516164844450163
2022-01-12,0.029683651117303814,0.7787227911205425,2021-12-02,0.06520726391651355,0.08109099771479644,-0.03997722540212034,-0.0009152157881561207
2022-01-13,0.06088136263193927,0.9008181721089442,2021-12-02,0.03770876749505003,0.07960624270197858,-0.06399318348168337,-0.047620113724185065
2022-01-14,0.059840250841745615,0.8992128348164694,2021-12-02,0.0433546355894503,0.07807190767932637,-0.058168991372678835,-0.016401234992938996
2022-01-18,0.07685770192044203,0.9378716161320231,2021-12-02,0.016813440822103454,0.07597962843880612,-0.08161511800385923,-0.0360779892953309
2022-01-19,0.07309161960306534,0.931171505940467,2021-12-02,0.005137349055903018,0.07370217898287246,-0.09170219981840655,-0.03732680270099742
2022-01-20,0.08763767093620377,0.956041915418322,2021-12-02,-0.00834308074819079,0.07127722614525944,-0.10349955348041917,-0.07063014490506148
2022-01-21,0.11842153362496373,0.9791608699588761,2021-12-02,-0.036075801755054204,0.06865195843731509,-0.1283585573226801,-0.10727263591414782
2022-01-24,0.11140095138370157,0.9774244771178746,2021-12-02,-0.03189348618023613,0.06644023883673578,-0.12436810442913526,-0.10989634846188756
2022-01-25,0.1450669142545392,0.9891997205845515,2021-12-02,-0.054460441697688156,0.06383469444959666,-0.14466659067877352,-0.14466659067877352
2022-01-26,0.1506501164119019,0.99,2021-12-02,-0.05600673372010678,0.061040121208811415,-0.14600482766738887,-0.14202832710010482
2022-01-27,0.15391310327272564,0.989653735600323,2021-12-02,-0.06558715105608048,0.058051978280496686,-0.1546049363000126,-0.1505416136888753
2022-01-28,0.116524457958833,0.9827438803581636,2021-12-02,-0.036425984860270044,0.055415534885194795,-0.12808573175952354,-0.12126888097263089
2022-01-31,0.08396363049656218,0.9529008079259478,2021-12-02,-0.005915534378745035,0.05322810672926792,-0.10020348790649569,-0.08747034236092543
2022-02-01,0.08415921623422994,0.9546514551046126,2021-12-31,0.00046655413872342955,0.05087158781996126,-0.09408159016017947,-0.09002196836864185
2022-02-02,0.11326694423731731,0.9843392303781167,2021-12-31,0.008136696775667307,0.04847906201558638,-0.0867206647209412,-0.07057295394192908
2022-02-03,0.1457733831879424,0.9892154889112179,2021-12-31,-0.032941465552283056,0.04578245043844009,-0.12374843508221078,-0.07999164733261988
2022-02-04,0.1191678633869772,0.9852728733802716,2021-12-31,-0.02106337958777693,0.043308567231266304,-0.11269460688627586,-0.06773080664487607
2022-02-07,0.11768444448480811,0.9863333473857017,2021-12-31,-0.029162904546655044,0.04070974693215845,-0.11983254466089932,-0.06510285154643791
2022-02-08,0.10443519415967324,0.9812022576613233,2021-12-31,-0.018506252551580338,0.038717567914011486,-0.1099437259372752,-0.05522099067463149
2022-02-09,0.07738701570158557,0.944681577754575,2021-12-31,0.0019122026885536325,0.03655026722312238,-0.09108253047148207,-0.04947869490455448
2022-02-10,0.11699370278712451,0.9853425046166435,2021-12-31,-0.021039447955755408,0.03435251507577064,-0.11165360903358168,-0.07466112838988026
2022-02-11,0.13515696782441244,0.9885150459309588,2021-12-31,-0.05219795272326089,0.03207784558843274,-0.1398335585239212,-0.08102545163543018
2022-02-14,0.12733903550092018,0.9885220464489661,2021-12-31,-0.05116222664656234,0.02963770538706756,-0.1387678360975355,-0.08557675844876467
2022-02-15,0.1099000251592403,0.9854680879780904,2021-12-31,-0.027850697830273163,0.027893379717480293,-0.11735410052389661,-0.038915037933069496
2022-02-16,0.10302782471250133,0.9799073620095327,2021-12-31,-0.028455144103433416,0.025894677574453295,-0.11757701043827962,-0.028487144430714206
2022-02-17,0.12227139211092877,0.9861069623231806,2021-12-31,-0.057578848165023455,0.022818346934840195,-0.14382377816677083,-0.04497959241727045
2022-02-18,0.1294403475833985,0.9867118974145563,2021-12-31,-0.06846959977243638,0.019520734986686383,-0.15358889627170536,-0.028945777143785323
2022-02-22,0.12941628243223405,0.9840514731912255,2021-12-31,-0.07788922515326568,0.016442050346982873,-0.1620899511090993,-0.04307957130247231
2022-02-23,0.14331976316757056,0.9876394006702072,2021-12-31,-0.1015681008014867,0.012661711625980399,-0.18355305807988964,-0.04546351981267227
2022-02-24,0.11039279836069274,0.983004914218609,2021-12-31,-0.07158369627660988,0.009640299186973289,-0.1561169450565547,-0.011840953809546195
2022-02-25,0.10127819210068685,0.976641930347482,2021-12-31,-0.057571908270708794,0.006941561846693478,-0.1430305703026148,0.013691073551743926
2022-02-28,0.09604892803405299,0.9707977568489312,2021-12-31,-0.0551329621539568,0.0038388343079742704,-0.140478030194769,-0.01421274876055545
2022-03-01,0.10264484540601876,0.9761684415875558,2022-01-28,-0.06980607146387452,0.0011728826095276368,-0.1536384231693203,-0.05938557723290194
2022-03-02,0.08386258231778676,0.9522871818449947,2022-01-28,-0.05450645198942672,-0.0011795748078534674,-0.13943695459184313,-0.05006561732163406
2022-03-03,0.10190014010899603,0.9774206245377992,2022-01-28,-0.06828136093245596,-0.003559841367639316,-0.15172996598116362,-0.07118227550868472
2022-03-04,0.122876966674706,0.9854736045777694,2022-01-28,-0.08198184973875122,-0.006600414594270632,-0.1640230551207158,-0.045962394420697716
2022-03-07,0.14054951813060604,0.9891507362711605,2022-01-28,-0.11580588221288168,-0.01032341506589074,-0.1948550650155213,-0.09259546799431562
2022-03-08,0.14011865546060184,0.9885597950177116,2022-01-28,-0.11988550574030388,-0.01429465176266298,-0.1985972614191377,-0.08948833120385347
2022-03-09,0.10569076560833962,0.9795718201009236,2022-01-28,-0.08824849374928856,-0.018071923671027612,-0.16974834893495405,-0.0671919571160331
2022-03-10,0.12863608718028222,0.9878169550360465,2022-01-28,-0.09836681930707547,-0.021893900293593282,-0.17896804916427056,-0.09669251790085764
2022-03-11,0.15438658447621226,0.99,2022-01-28,-0.11696255178326465,-0.02598025197993159,-0.19599496116298176,-0.09494196519180587
2022-03-14,0.18527382725849137,0.99,2022-01-28,-0.13376128047120395,-0.030275629488479727,-0.21143545743338088,-0.08324191163118155
2022-03-15,0.15581876847522882,0.99,2022-01-28,-0.10653411323867279,-0.0340104110677546,-0.18670062071120008,-0.05565605492074144
2022-03-16,0.10969756654598184,0.9838432196157199,2022-01-28,-0.07350812467468437,-0.037465458615069,-0.1565382735623243,-0.04439398977742448
2022-03-17,0.0964773687574072,0.9688461301350475,2022-01-28,-0.06244665230844504,-0.04045709438129219,-0.14632694687746517,-0.032580674777597296
2022-03-18,0.08638036727254472,0.9529087796488742,2022-01-28,-0.04355175980724579,-0.042537947039585466,-0.12885398179929275,0.017484480397534252
2022-03-21,0.09178636867939167,0.9629134250111144,2022-01-28,-0.046419715780414594,-0.04457077863221759,-0.13127590151782442,0.026361888041869896
2022-03-22,0.07591120226495014,0.919271328804012,2022-01-28,-0.027970144375875305,-0.046078131106814246,-0.11420319463262163,0.05715023532640884
2022-03-23,0.08012836071056177,0.9289939857407457,2022-01-28,-0.0421571141787207,-0.04780893294538646,-0.12302099002688083,0.06934885734490792
2022-03-24,0.0661582462017157,0.8782920202954183,2022-01-28,-0.021192848572948342,-0.04952382404921296,-0.10352873901376558,0.057577694900269316
2022-03-25,0.06748922198380017,0.8861025699457605,2022-01-28,-0.022283615193117168,-0.05128810016023677,-0.10427645546787767,0.04055930630891691
2022-03-28,0.06140687264765078,0.8489810647286335,2022-01-28,-0.007497722001298057,-0.052282679701874946,-0.09041761611843624,0.053521095418941345
2022-03-29,0.04398485459121049,0.7560656950082612,2022-01-28,0.009194305396332814,-0.05310165408360723,-0.07476391364507551,0.08831546714678518
2022-03-30,0.03985259089747939,0.7546655836097198,2022-01-28,-0.0023114517469838836,-0.053605352527202554,-0.07295928286222741,0.0585330974886662
2022-03-31,0.025238510577663634,0.6834337054235844,2022-01-28,-0.014987512945179082,-0.05409256856886935,-0.06289342404950371,0.06056281497495042
2022-04-01,0.007744207398870501,0.5749895055214047,2022-03-03,-0.017104725222223283,-0.05429449784313389,-0.0646770206461652,0.07411019799605345
2022-04-04,0.0072588038639674664,0.5554035250607572,2022-03-03,0.0027461539319348915,-0.05367799270183493,-0.045420121914330536,0.13820305303513658
2022-04-05,0.013952275827696162,0.6055707466760054,2022-03-03,-0.019758258399825923,-0.05346182813539735,-0.06661570907784498,0.11812717077051449
2022-04-06,0.03039694488916249,0.7083169620688026,2022-03-03,-0.04113103318073952,-0.0530854817550912,-0.08688074523125,0.05584286327804633
2022-04-07,0.020005917148448828,0.6576697070150967,2022-03-03,-0.0389503043652647,-0.052642957456150885,-0.08470945954099462,0.0702382085377038
2022-04-08,0.02015893320456242,0.676193736080558,2022-03-03,-0.05239175922291761,-0.0521898764379658,-0.08007250725757764,0.07762538355090043
2022-04-11,0.02584518902187371,0.7289587634918464,2022-03-03,-0.07471810462005923,-0.0526645637392229,-0.10183574652706973,0.07273266688877333
2022-04-12,0.025085452976587985,0.7409181892747764,2022-03-03,-0.0784642264337636,-0.05375466539459639,-0.08550860646957736,0.03571417987304715
2022-04-13,0.010274504301078373,0.6528423685340001,2022-03-03,-0.059638395858694015,-0.0546766047360151,-0.06691987806551825,0.01897680292394699
2022-04-14,0.019055751605900947,0.7070916602075306,2022-03-03,-0.08095793614665314,-0.056095581570597464,-0.08825655536270816,-0.016233981211664972
2022-04-18,0.03280600143996604,0.7727643222485857,2022-03-03,-0.08006946337039145,-0.05669196329834303,-0.08755604152876273,-0.035225125948097125
2022-04-19,0.007933493621442153,0.611755388730045,2022-03-03,-0.059366714946386456,-0.05716431800480737,-0.06716221753018359,-0.010911848790510437
2022-04-20,0.02271702276485316,0.7220242811597353,2022-03-03,-0.0728626399331912,-0.05767050663988893,-0.08076707573163133,-0.044122581783962556
2022-04-21,0.028167624646267642,0.7616729909238257,2022-03-03,-0.09173155679441658,-0.05867731685021882,-0.09978705189778558,-0.05025149346088509
2022-04-22,0.057666051639303786,0.8790646168616986,2022-03-03,-0.1151296302692355,-0.060489986535011364,-0.12335990373273675,-0.09523139546067216
2022-04-25,0.04939327710480379,0.8517041862838817,2022-03-03,-0.10339584458247952,-0.06165062299462676,-0.11209909531664419,-0.08284429594921328
2022-04-26,0.08719278303942768,0.9490414194992896,2022-03-03,-0.13672135023914467,-0.06269461956176092,-0.14561242331192537,-0.13090861070581816
2022-04-27,0.0947582281270494,0.9442879880283832,2022-03-03,-0.13723536035731154,-0.06377912268673602,-0.14663656288865268,-0.14663656288865268
2022-04-28,0.04708064766715661,0.8345619588747375,2022-03-03,-0.10618253302496572,-0.06485719348676033,-0.11632842965208634,-0.10645899118516944
2022-04-29,0.08504354135589214,0.9426464550110107,2022-03-03,-0.14586807367529953,-0.06658066714511446,-0.156092360119652,-0.13595743476440347
2022-05-02,0.026568423172005272,0.7533675138175013,2022-03-31,-0.13115941496091177,-0.06754728820338718,-0.142002485351166,-0.11985620822445597
2022-05-03,0.07002398292240258,0.9163532082123642,2022-03-31,-0.1298215148801647,-0.0683229695959916,-0.1410864742503135,-0.13669079641226034
2022-05-04,0.047288869706504186,0.8334851318016359,2022-03-31,-0.10005656794180029,-0.06840846441277415,-0.11204498887399339,-0.08723352674502627
2022-05-05,0.09672286442304634,0.959746506447432,2022-03-31,-0.14482954841039786,-0.06868211895783083,-0.15676586293698547,-0.11396702777114298
2022-05-06,0.11652381537846965,0.9815352841107916,2022-03-31,-0.15445854209057042,-0.06968774165894509,-0.16686848960641398,-0.1266591166838663
2022-05-09,0.14529194038354581,0.9881697352065091,2022-03-31,-0.18676698616331788,-0.07143806693966359,-0.19946648177625792,-0.14893314395081514
2022-05-10,0.12254204111347958,0.9812759301092613,2022-03-31,-0.17613866696744385,-0.07309247202088576,-0.18974099642627373,-0.11772117786527403
2022-05-11,0.1477695998496623,0.9866459794122555,2022-03-31,-0.1997917131658985,-0.074886383927943,-0.2137717694022243,-0.14025628216957065
2022-05-12,0.16837466803116918,0.9899593683009764,2022-03-31,-0.20087994072473547,-0.07700941653328175,-0.21563063380168745,-0.1593761910047541
2022-05-13,0.13510460243836372,0.9848321842782986,2022-03-31,-0.17054494302857015,-0.07840001724734835,-0.1865618841804748,-0.10782126199643183
2022-05-16,0.16202642043099674,0.9889469378644788,2022-03-31,-0.17942923534056443,-0.07969288364852789,-0.19599100803256986,-0.11884013861572984
2022-05-17,0.13873511391864568,0.9849832401942036,2022-03-31,-0.15751378521700032,-0.07997622252540038,-0.17516602068132248,-0.11577983351530208
2022-05-18,0.1890891986014888,0.99,2022-03-31,-0.1980516818092587,-0.08078665732915635,-0.2156576448182994,-0.14674253448224728
2022-05-19,0.19518211663776386,0.99,2022-03-31,-0.20150795619082995,-0.08229947331689658,-0.2198601369559834,-0.13338297933986631
2022-05-20,0.18161454686675463,0.99,2022-03-31,-0.20311468926802267,-0.08361931172473192,-0.22228496656289376,-0.11284569716965975
2022-05-23,0.18075890353288426,0.99,2022-03-31,-0.18904463560945794,-0.08437867442753999,-0.20935344235992548,-0.10953288427830155
2022-05-24,0.2009694590956255,0.99,2022-03-31,-0.20540735271721067,-0.08505302441537899,-0.22616433941435732,-0.09428029889512346
2022-05-25,0.19607031069791547,0.99,2022-03-31,-0.19345851284118887,-0.08613300024209836,-0.2153343567132252,-0.08050238718583491
2022-05-26,0.1738968662492103,0.99,2022-03-31,-0.17035843165582443,-0.08755166117760604,-0.19359344267055223,-0.08743634582251592
2022-05-27,0.14443606167948406,0.9856926780935293,2022-03-31,-0.14260075786531612,-0.0887660037314213,-0.16727264194247027,-0.01324822918347246
2022-05-31,0.12397886103560954,0.9778045739057055,2022-03-31,-0.14417268705815678,-0.09039215973817316,-0.16948188987304658,-0.032027370770563834
2022-06-01,0.09392134358564215,0.935819820537346,2022-05-02,-0.1497746360142298,-0.0920626818105893,-0.17562419505060256,-0.04021094064171771
2022-06-02,0.0829616751401483,0.8850906911722949,2022-05-02,-0.12588322272209607,-0.09379903424083269,-0.15304821854748596,-0.046177147670462215
2022-06-03,0.10219371985435394,0.9452949299291229,2022-05-02,-0.1479792092356672,-0.09564873621670578,-0.1750853252691943,-0.021725238017539894
2022-06-06,0.08048430604414558,0.8992075533012529,2022-05-02,-0.14448143584564288,-0.0978708848002412,-0.1723375451949174,-0.006564456535703145
2022-06-07,0.08337522971747763,0.8967638104466717,2022-05-02,-0.1364220672102534,-0.09991816347472704,-0.16519819586667295,0.04280680962069017
2022-06-08,0.0818628871202192,0.8826119327599509,2022-05-02,-0.14186891453752426,-0.10230669163407291,-0.17120612123658463,0.02287524743068481
2022-06-09,0.09476286284502948,0.9281864648584024,2022-05-02,-0.16399534691980466,-0.10539318573931333,-0.1934051252391108,0.025904239215155833
2022-06-10,0.13138695031807757,0.9822098268911881,2022-05-02,-0.19252751763585962,-0.10871028556355,-0.22185380321022552,-0.00793397814437935
2022-06-13,0.16900201525614075,0.99,2022-05-02,-0.2290412641357471,-0.11239495972998048,-0.25803489114307077,-0.08786532813327552
2022-06-14,0.1595695585648787,0.99,2022-05-02,-0.22657247767244526,-0.1159843072283816,-0.2566879699178308,-0.07549288937270959
2022-06-15,0.14426449314971945,0.989585155062223,2022-05-02,-0.20618932398817647,-0.11964822152706034,-0.23812591489267598,-0.07633038379839663
2022-06-16,0.1844062803303358,0.99,2022-05-02,-0.23706909536536513,-0.12336571626557946,-0.26886487384420277,-0.06783674077320156
2022-06-17,0.16774579393877012,0.99,2022-05-02,-0.22665622015296372,-0.12650001333512106,-0.2599747041829429,-0.051419712191653866
2022-06-21,0.16041801578488754,0.99,2022-05-02,-0.20605639207501203,-0.12938737478649298,-0.24130409863477886,-0.024455142634738802
2022-06-22,0.16044610233008283,0.99,2022-05-02,-0.206106734698023,-0.13200706553607888,-0.24241070622159944,-0.041810419007379696
2022-06-23,0.1378875140240409,0.9862898473908603,2022-05-02,-0.19319761405158464,-0.1339749327030012,-0.2311279513545096,-0.006414297237731126
2022-06-24,0.11688926592540319,0.9624947954252423,2022-05-02,-0.1645589219911492,-0.1354488354814164,-0.20071382169237062,0.01344628864102937
2022-06-27,0.12493235716892423,0.975729372434206,2022-05-02,-0.16968455352975553,-0.13742945930742823,-0.20657415728935768,-0.02110668609547084
2022-06-28,0.153695899118959,0.99,2022-05-02,-0.1939405362262765,-0.13939806137024868,-0.2307471720024702,-0.08092841439967169
2022-06-29,0.14540520300905077,0.9898603169444984,2022-05-02,-0.1921627898889291,-0.1413780708607021,-0.2300418005145971,-0.07763861621156187
2022-06-30,0.1418311176261584,0.9883257211178544,2022-05-02,-0.20112609175646556,-0.14396456183087925,-0.22232403966894876,-0.08229157227410933
2022-07-01,0.07120874465475904,0.8482111531082361,2022-06-01,-0.1947763905906984,-0.14615334283842663,-0.2017162038799739,-0.10085776620406939
2022-07-05,0.06896250833466216,0.833783106743867,2022-06-01,-0.17994677713240914,-0.14772483050800023,-0.18804996225745962,-0.06103361183139411
2022-07-06,0.06591864641747774,0.8296870651605173,2022-06-01,-0.17370902533675836,-0.1487719204478546,-0.17125854662198448,-0.058150198279874665
2022-07-07,0.04927620667112848,0.7407583124433941,2022-06-01,-0.15519190508484249,-0.14987522978104673,-0.14668085491717775,-0.04622255486196436
2022-07-08,0.0412797740945392,0.6718407005643242,2022-06-01,-0.15329351994917806,-0.15024668385765594,-0.14561058463028187,-0.038103682592138144
2022-07-11,0.059863140045860894,0.7704235120516865,2022-06-01,-0.17044473385928183,-0.15084088048137567,-0.16386407105994027,-0.032746377466788545
2022-07-12,0.06801151373555471,0.8070330787072497,2022-06-01,-0.17747661652118996,-0.15216712832572743,-0.1717489435223547,-0.007096761456481082
2022-07-13,0.07430976516893367,0.8304357354711489,2022-06-01,-0.17815628090843627,-0.15267145737814747,-0.17345624686802852,0.03917452799601007
2022-07-14,0.05463042078990441,0.7496296028915892,2022-06-01,-0.17424691018517757,-0.15346761930851638,-0.17050466069924874,0.04099565400121796
2022-07-15,0.03965704516624492,0.6822575174869212,2022-06-01,-0.1584633245151421,-0.15417598646450037,-0.14295866299228233,0.034056190959031785
2022-07-18,0.059249920976684356,0.78069119692325,2022-06-01,-0.1647626019493148,-0.15562636751094983,-0.132256848884451,0.06841210648492102
2022-07-19,0.02505746137488919,0.6009038070058323,2022-06-01,-0.138354486477547,-0.15573265887999166,-0.0932239085845219,0.08803898852219305
2022-07-20,0.012008717692029804,0.5437810615070356,2022-06-01,-0.1239890094421564,-0.15538000715463518,-0.07884572625681596,0.07809143547311148
2022-07-21,-0.015809419604959886,0.4165387413450804,2022-06-01,-0.110852284384371,-0.154221582179642,-0.06562233860370803,0.09516506309515549
2022-07-22,-0.009418722096164671,0.45529663728385034,2022-06-01,-0.12576357872841382,-0.15345820978923463,-0.08200715254041047,0.060171650817046896
2022-07-25,-0.0006123198285428039,0.5137627792881161,2022-06-01,-0.1300146301264824,-0.152228322482852,-0.08723538371494255,0.01921166286520748
2022-07-26,0.03175423794008653,0.6901746326125284,2022-06-01,-0.1462802777834804,-0.1511855605183573,-0.10517015872913271,0.006565424882937876
2022-07-27,-0.0022213718941197814,0.4951631825922972,2022-06-01,-0.10952124347555892,-0.15021944102213647,-0.06735500591799004,0.08206949415183717
2022-07-28,-0.014899781746494499,0.4412933256968395,2022-06-01,-0.10020054983493587,-0.148945801484775,-0.0582356642384102,0.09164890409799642
2022-07-29,-0.032648015759593835,0.3750293042192394,2022-06-01,-0.08325714824994446,-0.14787583903831525,-0.04106080267735934,0.12551704547166187
2022-08-01,-0.07453083652882071,0.2680762365367205,2022-06-30,-0.08323450513435926,-0.14590556332882731,-0.0006021209049656973,0.11746356987765605
2022-08-02,-0.055134063669740316,0.3087819571796774,2022-06-30,-0.08529409933834631,-0.1438029859843084,-0.003582093990934454,0.09537917797249906
2022-08-03,-0.07922192996887659,0.2635445793531109,2022-06-30,-0.05977649127151685,-0.14122469855397435,0.0,0.11804042164989204
2022-08-04,-0.08009451471846317,0.26078775611568467,2022-06-30,-0.05473827813143184,-0.13880687318499207,0.0,0.09973533769224852
2022-08-05,-0.08582113206256782,0.2494281912069468,2022-06-30,-0.061748336687217464,-0.13610836045007635,-0.008168847789513989,0.08938541216012608
2022-08-08,-0.08443608564630752,0.25346679075007095,2022-06-30,-0.06406322155627253,-0.13369365115173104,-0.011374884369448668,0.1095692790128735
2022-08-09,-0.08017007738781548,0.26461100243015717,2022-06-30,-0.07386590731582088,-0.13188282290987474,-0.02256477913648902,0.10774159976812703
2022-08-10,-0.1121380239252235,0.21522921390164002,2022-06-30,-0.04736916634532862,-0.13027421026957042,0.0,0.1410121123166974
2022-08-11,-0.1062782359979386,0.2215201473888856,2022-06-30,-0.0520537235775731,-0.12865158981941227,-0.005676285453996788,0.1304983942472162
2022-08-12,-0.10365218101376243,0.2215947670542165,2022-06-30,-0.032931242955401285,-0.1265893636662977,0.0,0.1319763321217251
2022-08-15,-0.10133868965234018,0.22959719725594532,2022-06-30,-0.024469599506076634,-0.12488083884616108,0.0,0.15086379462351784
2022-08-16,-0.09277163081995438,0.22312548377321212,2022-06-30,-0.026037727297650082,-0.12267314963384857,-0.002342052747639878,0.11391235440335667
2022-08-17,-0.09172693120433811,0.22436570153575544,2022-06-30,-0.036357284056411254,-0.12067112956808335,-0.013721533458660895,0.08401825268271268
2022-08-18,-0.10594862376813831,0.19818347350891785,2022-06-30,-0.03323934509998383,-0.11876796353674557,-0.01134943513375819,0.07124741474390284
2022-08-19,-0.10709335648338977,0.1886985188098512,2022-06-30,-0.0511904310892054,-0.11700391741008243,-0.030625269119174514,0.06910857326884767
2022-08-22,-0.07228101513485985,0.27996708688527405,2022-06-30,-0.07512265228470127,-0.11508860985776381,-0.05614645190839174,0.04692418278980415
2022-08-23,-0.05688726271531837,0.320344067122781,2022-06-30,-0.07476643826010154,-0.11249440963314905,-0.05692688577779459,0.06702432491836796
2022-08-24,-0.038291856126383673,0.3824555420258046,2022-06-30,-0.07096611073495829,-0.10905656586078516,-0.05419452220302434,0.02672674845862888
2022-08-25,-0.05690170800369847,0.3243840183679825,2022-06-30,-0.05348234718435485,-0.1053916178966462,-0.03747106000608802,0.034763190721067705
2022-08-26,-0.005080056573148625,0.5633812100084898,2022-06-30,-0.0911228805390003,-0.1027637235763651,-0.0769235319402326,-0.025423301206670468
2022-08-29,0.012749917991451603,0.6560624921260456,2022-06-30,-0.09896971883496253,-0.09967101999031325,-0.08602076938085268,-0.034446711390383355
2022-08-30,0.013672968156154233,0.6681139355095367,2022-06-30,-0.10784408687986169,-0.09690707049955316,-0.09619917814079093,-0.04234395923410739
2022-08-31,0.03589978086861561,0.7491275758529063,2022-06-30,-0.11179751964034512,-0.09457184375348315,-0.10145339846463342,-0.07315188143730078
2022-09-01,0.04825468703925495,0.7993605898153002,2022-08-03,-0.11017773051816315,-0.09220098439362767,-0.10106327542236104,-0.07706547301619615
2022-09-02,0.059102165176193475,0.8378909412624016,2022-08-03,-0.12143705846154496,-0.09022897325210422,-0.11376335314651365,-0.0826105744334431
2022-09-06,0.05649795976801828,0.8318494945743953,2022-08-03,-0.12641049977380758,-0.08892769924321564,-0.1201286964745083,-0.08624601411254273
2022-09-07,0.024395595380578214,0.7075816894454984,2022-08-03,-0.10741896965486608,-0.0871647286715479,-0.10235401464308769,-0.05711467029025852
2022-09-08,0.02227525968513535,0.6963883560876754,2022-08-03,-0.10142751793259897,-0.08476161652293102,-0.09770023640235759,-0.07796163774761966
2022-09-09,0.0015686933810651824,0.5818288134932953,2022-08-03,-0.08053950534868515,-0.08212772979904581,-0.07797400043528535,-0.052425167832251485
2022-09-12,0.008031167493278346,0.6089248557232323,2022-08-03,-0.06842616683697456,-0.07913216994689076,-0.06701534559080213,-0.05947533119175463
2022-09-13,0.05055830491270873,0.8200358674976276,2022-08-03,-0.11814478379537208,-0.07700931172406966,-0.1181767667691409,-0.1181767667691409
2022-09-14,0.03223679626595203,0.7476245854646761,2022-08-03,-0.10990044257224196,-0.07516728499282688,-0.1111813113504867,-0.10909476429531784
2022-09-15,0.0459408207007833,0.803123725995502,2022-08-03,-0.12331608882540246,-0.07354111307416,-0.12598354666632117,-0.11382385098737713
2022-09-16,0.06846596079144017,0.8754321659160531,2022-08-03,-0.12732642608257105,-0.07244678309272667,-0.13132790372195224,-0.12135578823487181
2022-09-19,0.062372918489682586,0.8569412883770726,2022-08-03,-0.11928423661296073,-0.07136045165544347,-0.12456323589364837,-0.09690573086129128
2022-09-20,0.0790015052775238,0.8996426138228579,2022-08-03,-0.12499704493355557,-0.06995814509634979,-0.13154141510537642,-0.07987993831185658
2022-09-21,0.08495604283579236,0.9123601566975978,2022-08-03,-0.13939746824469812,-0.0687179570589106,-0.1470920669723429,-0.09560783764778569
2022-09-22,0.0933064467108713,0.9222215566064951,2022-08-03,-0.14864929898994672,-0.06755776570892202,-0.15758933442098322,-0.1093193205634545
2022-09-23,0.11324636706401327,0.9608955229492115,2022-08-03,-0.16098241372054178,-0.06650453566496983,-0.17130523433390743,-0.1390443120896354
2022-09-26,0.138506916247313,0.9834951892151711,2022-08-03,-0.16288944215343748,-0.065792287695426,-0.17473427973146016,-0.10596169567275171
2022-09-27,0.1463143220194272,0.9845808481519402,2022-08-03,-0.1610589200837127,-0.06500498774184038,-0.17440340281185296,-0.09670092106045791
2022-09-28,0.10764980798009094,0.957455774360604,2022-08-03,-0.1428562085050662,-0.06444182887352068,-0.15798039638754513,-0.06835711669266242
2022-09-29,0.13462103140786036,0.9806714717120888,2022-08-03,-0.16605970587747032,-0.06462758928919698,-0.18225384268849332,-0.08992348764749025
2022-09-30,0.14216506522165673,0.9800676488759092,2022-08-03,-0.1787074925048675,-0.06535596501203655,-0.19612006438016072,-0.10574358167696585
2022-10-03,0.10461102618615535,0.9444045654746149,2022-09-01,-0.15787348388824962,-0.06533332999592856,-0.1772609249944087,-0.07164855129082981
2022-10-04,0.09512416362467094,0.9245885367696052,2022-09-01,-0.13002615638496262,-0.06494450815288644,-0.151393279142379,-0.03553313142797021
2022-10-05,0.07387014708197734,0.8910513876593087,2022-09-01,-0.12913872389948344,-0.06422548899995417,-0.15184443226346667,-0.05513355869430103
2022-10-06,0.08923543499670111,0.9237335259621466,2022-09-01,-0.13467148856681277,-0.06443134193383748,-0.15852196791770812,-0.06740745589120256
2022-10-07,0.11850484274850379,0.9597450140033945,2022-09-01,-0.1661196956938944,-0.06520671950343837,-0.19058557515591312,-0.12213492328176356
2022-10-10,0.14117533660052087,0.9847720682873387,2022-09-01,-0.1728459490003338,-0.06639480328302982,-0.19867684911280103,-0.14111861636713852
2022-10-11,0.1654427181514533,0.9897763003520827,2022-09-01,-0.1825317188069817,-0.06770751612744175,-0.2096855486219127,-0.10377225095045217
2022-10-12,0.169477937911972,0.99,2022-09-01,-0.1810429005917623,-0.06887668797891122,-0.2099560527097073,-0.11113036057927705
2022-10-13,0.15305409853808094,0.99,2022-09-01,-0.16012376457716015,-0.07031646365015498,-0.19142769635113366,-0.07487748020668838
2022-10-14,0.16734283025163257,0.9898662499585049,2022-09-01,-0.18359779432181944,-0.07224595869079253,-0.2157313290679881,-0.09716373497856634
2022-10-17,0.15065064511738374,0.9894499470853766,2022-09-01,-0.15493209355605653,-0.07361999809861164,-0.18983368458491,-0.07455758241760602
2022-10-18,0.1529040939455643,0.99,2022-09-01,-0.14658394724872748,-0.07486756077363166,-0.18342702858817894,-0.059744487975898375
2022-10-19,0.13942030096107552,0.9854522592657831,2022-09-01,-0.14796565717188082,-0.07588424213277689,-0.18640473307978622,-0.04609250844682733
2022-10-20,0.1411390611845406,0.9859834529023468,2022-09-01,-0.1506350176965101,-0.07760525024566411,-0.19055552957865018,-0.03913316450594584
2022-10-21,0.1179293360959186,0.9671058236865397,2022-09-01,-0.1292495342342379,-0.07908554838349902,-0.17157602009898887,-0.00032676176597290496
2022-10-24,0.10760718676797212,0.9466990204115246,2022-09-01,-0.11822504103913611,-0.08082590393387357,-0.1624622575908743,0.014870388820454883
2022-10-25,0.08661064946275955,0.8919692903241816,2022-09-01,-0.09864632544238217,-0.08251970422850397,-0.14513694492439122,0.0354488596333109
2022-10-26,0.0860744178025777,0.9107946669499216,2022-09-01,-0.11715860199729378,-0.0844730863023273,-0.16402612988740606,-0.007180038889740059
2022-10-27,0.11125141631532366,0.9602766421793929,2022-09-01,-0.13170046707546634,-0.08635782574942297,-0.1792460926196232,0.003678097465793728
2022-10-28,0.08170888716282607,0.8935730729255693,2022-09-01,-0.10364349004629547,-0.08786642099545827,-0.1541303373385966,0.05223382893514761
2022-10-31,0.08812303414903151,0.9156967029379184,2022-09-01,-0.11268261537438085,-0.08927227112238667,-0.1639660387328804,0.01615929845247477
2022-11-01,0.08259199675638293,0.9029542653446287,2022-10-03,-0.12030253968844118,-0.09024623757659833,-0.17250855970328494,-0.024882292399907358
2022-11-02,0.09514246541179522,0.9405931552716964,2022-10-03,-0.14905431365333266,-0.09181062178152266,-0.20087271134857132,-0.05780576223291922
2022-11-03,0.10765649032087682,0.959263857966363,2022-10-03,-0.1642828150501613,-0.09375489636140255,-0.21648326658520556,-0.06888034679178545
2022-11-04,0.08299894848632691,0.916970585754801,2022-10-03,-0.14954068136648913,-0.09592340078357142,-0.20388027363258354,-0.016425082218211484
2022-11-07,0.07356708191032199,0.8860178940646681,2022-10-03,-0.13905118252073856,-0.09725430470397667,-0.195127433621339,0.004429443336976258
2022-11-08,0.07108126523625584,0.867139298656447,2022-10-03,-0.1316315614331367,-0.09827326913152257,-0.18735891307944574,0.025842102743264928
2022-11-09,0.09141774475214977,0.9297905894012364,2022-10-03,-0.1505746848407119,-0.09950593681756703,-0.19887889474338505,0.002512374096068193
2022-11-10,0.03250131227048708,0.6781861494804599,2022-10-03,-0.08701151138956065,-0.0996641016608748,-0.1397653037259028,0.05181876073540992
2022-11-11,0.009142352612636443,0.5723095871209367,2022-10-03,-0.06941526433416556,-0.09962021806589427,-0.1064933915209072,0.104395419882513
2022-11-14,0.024513423418344553,0.6603309722363063,2022-10-03,-0.0765946505957611,-0.09927434738320706,-0.10801323643470784,0.059736819079197145
2022-11-15,0.015914140064868538,0.608229737610184,2022-10-03,-0.06272705704392345,-0.09842910296216956,-0.09566994794174966,0.06597190561831301
2022-11-16,0.03367535899607639,0.7176159654980573,2022-10-03,-0.07434665326502543,-0.09812758477094596,-0.10801323643470784,0.055270487589128114
2022-11-17,0.007063451406768841,0.586095037964911,2022-10-03,-0.07516241634269794,-0.09791418484029624,-0.10998223559882203,0.058340487394874074
2022-11-18,-0.0018142918448399523,0.5640750253485755,2022-10-03,-0.07412304130561409,-0.09834412016047256,-0.08176635395512011,0.034129771357472416
2022-11-21,0.012906698743979496,0.6465680136144625,2022-10-03,-0.08253887977020646,-0.09909481483181881,-0.09121230906715883,0.012354341569635885
2022-11-22,-0.0007604719918211239,0.5673485183812728,2022-10-03,-0.06830245223956255,-0.09857591103904262,-0.0781231067734488,0.0061225473812611675
2022-11-23,-0.00650684236371289,0.5389419851790314,2022-10-03,-0.0578998179485507,-0.0980041786185204,-0.06887077653234364,0.03918233311559183
2022-11-25,0.007530225412899543,0.6120514458631943,2022-10-03,-0.06290524392909125,-0.09709420134971958,-0.0749961254898488,0.05148987099133007
2022-11-28,0.020929180257406983,0.686817004968644,2022-10-03,-0.07553902263608736,-0.09640087000674713,-0.0885688867777561,0.005298191581835088
2022-11-29,0.025329576083208096,0.7138308742887503,2022-10-03,-0.08156409668086473,-0.09612898595127939,-0.09546803076260424,0.009426035088286655
2022-11-30,-0.006618006531201134,0.5432979580898146,2022-10-03,-0.03887210827668286,-0.09504953465321664,-0.054234386730456885,0.06633707719319659
2022-12-01,-0.03146907597717066,0.39542149853869607,2022-11-01,-0.036735258696565576,-0.09348312515560186,-0.053073442597874165,0.10554095630949445
2022-12-02,-0.027679756084354933,0.41338915841310714,2022-11-01,-0.03960033852072342,-0.09174517310900476,-0.05684560529912219,0.1230756657352321
2022-12-05,-0.008249948287410812,0.5249491198830186,2022-11-01,-0.05484881845313094,-0.0901108344693381,-0.07267504231770183,0.08674603393630087
2022-12-06,-0.020093995624734132,0.5250203343193284,2022-11-01,-0.0735477341261862,-0.08875996966052258,-0.04676501008678002,0.05265492837148189
2022-12-07,-0.030081402019267317,0.45175904557013474,2022-11-01,-0.07648139686275512,-0.08752347299306007,-0.050656689150867074,0.04077302972916885
2022-12-08,-0.0495442904887168,0.3462807009569971,2022-11-01,-0.06487547250666115,-0.08660536931629326,-0.0336037625501322,0.07796593251466533
2022-12-09,-0.02532815567959557,0.4382701576202283,2022-11-01,-0.069968767309463,-0.08507974793482642,-0.0397661350720554,-0.00251116838440546
2022-12-12,-0.007064801388036855,0.5458479598229564,2022-11-01,-0.05738660096290671,-0.0829873293946104,-0.02771377828658539,-0.008265399913125915
2022-12-13,-0.01694778623748972,0.4869411510750011,2022-11-01,-0.046365219493133436,-0.08113335800927368,-0.017261636095875943,0.011245266627253336
2022-12-14,-0.024537843027541632,0.44900753045175934,2022-11-01,-0.052601137367787376,-0.08003405878797587,-0.02454735777544137,-0.009952052984418591
2022-12-15,-0.004496287898848396,0.590572046804211,2022-11-01,-0.08337149567718094,-0.07932622716421689,-0.05729952176358799,-0.02995402288291682
2022-12-16,0.00518418007937844,0.6560296066273099,2022-11-01,-0.09111347397979808,-0.07867967086498728,-0.06628780290440495,-0.03707744766536436
2022-12-19,0.009119939819083957,0.6794648586815013,2022-11-01,-0.10291664503217224,-0.07759664236287844,-0.07940962634771342,-0.05064307210379726
2022-12-20,-0.005886553188398657,0.6110363235670375,2022-11-01,-0.10282525441961099,-0.0765331670125241,-0.08012635924450995,-0.0415222514826884
2022-12-21,-0.016972686233315815,0.5605908049548785,2022-11-01,-0.08908986332661395,-0.07504734728201623,-0.0667823103434313,-0.041424488816107385
2022-12-22,0.006459583589605548,0.6914854378357016,2022-11-01,-0.11040106358657131,-0.0737175551055631,-0.08961393029475007,-0.07416852015193054
2022-12-23,-0.008921734050674611,0.6397107169504854,2022-11-01,-0.10748503568864853,-0.07282153646897072,-0.08756618274797134,-0.0659414114505289
2022-12-27,0.01968562340145071,0.7492141038797153,2022-11-01,-0.1192444325563442,-0.07168472785909263,-0.10046641839622938,-0.0654343204454979
2022-12-28,0.035182048672963755,0.7844638934720184,2022-11-01,-0.13006263117913996,-0.07139508552844798,-0.11234272713253812,-0.07073904059134195
2022-12-29,0.014364719881415005,0.7278506857822563,2022-11-01,-0.1079730107776965,-0.07076719909562179,-0.09070592770201336,-0.08958975303546235
2022-12-30,0.018275577427041213,0.7373267860107512,2022-11-01,-0.10743974897533581,-0.06989181851561777,-0.09125208582132505,-0.09125208582132505
2023-01-03,-0.010842330535820626,0.5625324325937179,2022-12-01,-0.11232124883916883,-0.0689507316582808,-0.09739511590742111,-0.093785131691827
2023-01-04,0.02278516311322819,0.735330246225549,2022-12-01,-0.10684534383224809,-0.06825576345920437,-0.09309482480376197,-0.0739248541470171
2023-01-05,0.04061020925454612,0.7947621010697821,2022-12-01,-0.11954941577700595,-0.06799232165430713,-0.1072920664236251,-0.0691342767128671
2023-01-06,-0.0009293062772731814,0.6250257024425959,2022-12-01,-0.0939363216090634,-0.06763475817889586,-0.0826518224453664,-0.03951955403119922
2023-01-09,-0.005854373784658732,0.6000430894025427,2022-12-01,-0.0868533597082336,-0.06684343259491898,-0.0767139072007319,-0.04460918097566158
2023-01-10,-0.0020102691998998244,0.610348214188912,2022-12-01,-0.0778067618591739,-0.06546739107900501,-0.06889860663256375,-0.030338933695797654
2023-01-11,-0.001110625869431012,0.6057118448794339,2022-12-01,-0.06058859478333556,-0.06441126615170467,-0.05279028984214973,-0.025791285524311203
2023-01-12,0.0032501527933783345,0.625272423154507,2022-12-01,-0.054172934838847,-0.06296555941966953,-0.04767123980656285,-0.03094374334780081
2023-01-13,0.023789133702392773,0.7157262876296244,2022-12-01,-0.04624330170673374,-0.061124205077662364,-0.04111861770026304,-0.01698827724432661
2023-01-17,0.04188156312989261,0.7933544997265369,2022-12-01,-0.04295517920940739,-0.0586732799409746,-0.03917342757421516,0.019227840239651517
2023-01-18,0.061094223384056,0.862132243217301,2022-12-01,-0.054071020248792956,-0.05612593833691659,-0.05166407120226946,0.015661926391905334
2023-01-19,0.0597858798159634,0.8591075699646807,2022-12-01,-0.06201538166023157,-0.05400958739334194,-0.06098106747502463,0.020018196366291097
2023-01-20,0.03354759305543677,0.7471821728131649,2022-12-01,-0.034957724396116885,-0.051573239881758104,-0.035282941044999516,0.04874954147254473
2023-01-23,0.017577723452766682,0.6663127841981406,2022-12-01,-0.012339412980210906,-0.049068042457034555,-0.013850990763136672,0.056719155848592884
2023-01-24,0.026969656614676173,0.7137710514101925,2022-12-01,-0.01329786270944977,-0.04629006231401911,-0.015864304523058537,0.08100917646462769
2023-01-25,0.028327245983163024,0.7315875253235,2022-12-01,-0.01440489304201864,-0.04485373303126239,-0.01804840561470522,0.07618939129484747
2023-01-26,0.030749101426246636,0.7329883673179997,2022-12-01,0.005736378217440663,-0.04355864159548717,0.0,0.11290686549375129
2023-01-27,0.009859191897616543,0.6247266453718523,2022-12-01,0.016489379098390433,-0.04207114488279917,0.0,0.13902337796121644
2023-01-30,0.01821116968822667,0.6795948164901943,2022-12-01,-0.0032570333020341957,-0.041188373191993866,-0.020218631447488145,0.08943862920906542
2023-01-31,0.0016573867213870892,0.5860570557511555,2022-12-01,0.012542474014713312,-0.039692968505313564,-0.005535949985772781,0.10642916360796417
2023-02-01,-0.027829087117111097,0.42396959240283844,2022-12-30,0.03482489737067285,-0.03795284253457809,0.0,0.13778013424566793
2023-02-02,-0.05154601441520955,0.2907766992524991,2022-12-30,0.07242389676616656,-0.03564293354848913,0.0,0.17302622635760656
2023-02-03,-0.042147272834315755,0.33741365085632263,2022-12-30,0.05405272804215788,-0.03329386066005724,-0.017772501668847474,0.1705023671360304
2023-02-06,-0.028917045765428726,0.4124809360608574,2022-12-30,0.045776176548589564,-0.03143974080997036,-0.026081274322166226,0.12942687051462398
2023-02-07,-0.05516026917159378,0.2756732207044921,2022-12-30,0.06785246161257774,-0.02956965935858502,-0.005902755091907963,0.1454131862965946
2023-02-08,-0.031085532771931608,0.38986481845578447,2022-12-30,0.049208961845571775,-0.028000752099280435,-0.02357915192376514,0.11560298963448656
2023-02-09,-0.03169200346029268,0.3942873466174256,2022-12-30,0.040400857928669875,-0.02621175665126707,-0.03220830733407776,0.08693944779549034
2023-02-10,-0.022996949882114304,0.4456134981209694,2022-12-30,0.03384866120390151,-0.024585212555744418,-0.03856041747461658,0.0740010358442047
2023-02-13,-0.02789841164599135,0.4060085987818459,2022-12-30,0.05059424555485181,-0.023594302599069805,-0.023161765220079067,0.08374564683723285
2023-02-14,-0.047068233838310554,0.2925095057132892,2022-12-30,0.058708898022934,-0.02232188067756702,-0.015943912338002963,0.08954318693792107
2023-02-15,-0.04608302218679431,0.29898502441548686,2022-12-30,0.06686115245907431,-0.02109335428475345,-0.008404877490309048,0.11235082067191526
2023-02-16,-0.030666185083473255,0.38873857718877936,2022-12-30,0.047081528339164125,-0.019740920954331775,-0.02701145325898291,0.102308057091959
2023-02-17,-0.022959884018671897,0.42640337823059793,2022-12-30,0.039975720694219286,-0.018083027351213588,-0.03387665533588635,0.06537431038693686
2023-02-21,-0.000676417548159257,0.5617730054608236,2022-12-30,0.015942955302802764,-0.01653445224837069,-0.056749706440682446,0.017545899713267588
2023-02-22,-0.004384852415643679,0.5478367168980949,2022-12-30,0.016999102081361794,-0.015482410043832884,-0.056043905324947185,0.020390514563033424
2023-02-23,-0.017660450824872567,0.4647616918842232,2022-12-30,0.026068724212896743,-0.014234502139099048,-0.04779926916367416,0.031592160604549724
2023-02-24,0.001080034843742821,0.5647955336962682,2022-12-30,0.008948929059402477,-0.013694339542909995,-0.06374308160059905,-0.005079362518028763
2023-02-27,-0.0007730412730856777,0.560651437858591,2022-12-30,0.016261783293205045,-0.013195815292425528,-0.05703842055596553,-0.007831015720580092
2023-02-28,0.0157584579573196,0.6480728836369379,2022-12-30,0.01488657603187371,-0.012720689060178647,-0.05825751341022123,0.011334065149364303
2023-03-01,0.028974342308503313,0.7303418701860227,2023-01-30,0.006696039568390377,-0.011716659612260538,-0.06582831680070389,-0.011607913802519798
2023-03-02,0.023123467869015847,0.694886791708917,2023-01-30,0.01514130142801906,-0.010221734850719422,-0.05809717218010724,-0.024292423907661065
2023-03-03,0.013935763889449379,0.6263520667343603,2023-01-30,0.036073277032538265,-0.0082045241241121,-0.0386245539666622,-0.0386245539666622
2023-03-06,0.008707872979223116,0.5972569655451292,2023-01-30,0.03732570631898868,-0.006023334361653032,-0.03753373409649763,-0.020118793722661343
2023-03-07,0.02340934730806391,0.6816602980581421,2023-01-30,0.024478487878945465,-0.004560477025758902,-0.049339244280313665,-0.023880811966070614
2023-03-08,0.026793660325869967,0.6921550323856402,2023-01-30,0.02941706121091392,-0.002585383286034526,-0.04459134564953782,-0.03891831584465033
2023-03-09,0.03224973732666313,0.7176328249687353,2023-01-30,0.011481084032501032,-0.0009354612149765629,-0.06114475446412959,-0.03847275753521351
2023-03-10,0.019128160982435596,0.6310685545624147,2023-01-30,-0.002669618645597338,0.0008449077074519362,-0.07432969873231521,-0.043523199999999984
2023-03-13,0.016482998977922214,0.5928737190198576,2023-01-30,0.004637000578984862,0.0028694012786052436,-0.06746429685325595,-0.030063126070510204
2023-03-14,0.0012648002893815022,0.491590444500269,2023-01-30,0.027583155967706663,0.004870417557063744,-0.04603501612703098,-0.023415597478230632
2023-03-15,-0.00988005263569128,0.412338926180737,2023-01-30,0.03294841080984545,0.0071021534621358295,-0.04103057152807288,-0.025493119248591767
2023-03-16,-0.007913016201732063,0.43946500308523334,2023-01-30,0.06018519681040457,0.010034691532222029,-0.015751402960788252,-0.007408795488914155
2023-03-17,0.01247251236119995,0.5607266382102859,2023-01-30,0.0551936320037556,0.012791085765057941,-0.020403096853495617,0.006791813148902648
2023-03-20,0.020124191283313456,0.620247755429679,2023-01-30,0.058896169728369197,0.015851192943359127,-0.016926639241822694,0.017544360342474308
2023-03-21,0.015998355450390255,0.6213292078414892,2023-01-30,0.07405022935865646,0.01878412941887886,-0.002886042240972997,0.057104317451582176
2023-03-22,0.01322683844345075,0.6018869993898417,2023-01-30,0.059403941929748516,0.021235995408591668,-0.016444816342857327,0.04195013857685992
2023-03-23,-0.017330823250864904,0.40828617324958033,2023-01-30,0.071876468701497,0.023734291778616967,-0.0047813654918898996,0.04517734788336192
2023-03-24,-0.00945922439875118,0.480216698752059,2023-01-30,0.07575830150765528,0.026011365808448428,-0.001118692270913324,0.06688803906169971
2023-03-27,0.003427638293561819,0.575288868734849,2023-01-30,0.06832380586900921,0.028035656676381526,-0.007962415616056928,0.05204454349968679
2023-03-28,0.005799063829100175,0.6009500890365965,2023-01-30,0.06246556749478582,0.029697121396781823,-0.013231598071589468,0.047811281724878585
2023-03-29,0.010496570252283894,0.6407906954492129,2023-01-30,0.08135054864846092,0.03141921575262896,0.0,0.07556352193307925
2023-03-30,0.019902900906653417,0.6917169281022805,2023-01-30,0.09078681746381267,0.03330613117930703,0.0,0.07683227880155119
2023-03-31,0.01351730364142232,0.6599173489907735,2023-01-30,0.10802554182428081,0.035656075333520665,0.0,0.07256709099210923
2023-04-03,0.0323975913165265,0.7551980261165814,2023-03-03,0.10457924838530785,0.037565981874378984,-0.002430435493232741,0.06874763667283812
2023-04-04,0.06299421041007067,0.862064091238968,2023-03-03,0.09990901610905056,0.03878300634650289,-0.005795706036860304,0.07836941511583473
2023-04-05,0.07166074138361853,0.8806825874170225,2023-03-03,0.08823736270837212,0.039936590302303454,-0.015611134971521445,0.062417009086691344
2023-04-06,0.0744314599859906,0.8817350992735459,2023-03-03,0.09484725286547935,0.04136416598465775,-0.00897399019358125,0.0884385352435435
2023-04-10,0.05498585823941574,0.8342372842740862,2023-03-03,0.09349707333509483,0.04238799782804703,-0.00953504623843937,0.10331691501358375
2023-04-11,0.05580602486266151,0.8348986257745128,2023-03-03,0.08587033470822636,0.04318084950466883,-0.015891517667742994,0.08816561968274783
2023-04-12,0.06459211115724423,0.8541900069430753,2023-03-03,0.07590595105078779,0.04441629325709595,-0.02458493139682605,0.05432503767895924
2023-04-13,0.04936289901316869,0.8205651724263886,2023-03-03,0.09643951985028565,0.04562497597166115,-0.005484223532246535,0.06936116484828414
2023-04-14,0.04301142602396177,0.8016064587726438,2023-03-03,0.09368972134593889,0.04621095831957178,-0.007353893633036068,0.03993724467714532
2023-04-17,0.07053192815825453,0.8801358615896528,2023-03-03,0.09392815242926877,0.04607458283222998,-0.006512648660232823,0.04576097765486464
2023-04-18,0.07184368720420567,0.8856339566812148,2023-03-03,0.09324315209044376,0.046255941613812634,-0.006450352159310113,0.0421281792695225
2023-04-19,0.06763705896418348,0.8781553142426309,2023-03-03,0.09201421786444341,0.04663965305590545,-0.006917430590023477,0.026970709285720762
2023-04-20,0.06815736775914813,0.878384748375824,2023-03-03,0.08311352232353286,0.046555943206166406,-0.014489313534220005,0.03318977570089099
2023-04-21,0.04746513585808776,0.8160282867945428,2023-03-03,0.08369691127606282,0.046898383926036624,-0.013461082174510253,0.02214666653148689
2023-04-24,0.050287623491588065,0.8251350262229482,2023-03-03,0.08101876225206484,0.047501011497516954,-0.015517544893929758,0.016275809344891146
2023-04-25,0.05773703173649953,0.8494531817223281,2023-03-03,0.060330489489129224,0.047944122745033235,-0.034088587174458396,0.00398370667093384
2023-04-26,0.05695171641945811,0.8475730806664656,2023-03-03,0.06631463711281271,0.04804167459993036,-0.02823058463667527,0.015466230926893587
2023-04-27,0.04131980252847256,0.7856018058354568,2023-03-03,0.09463988287264824,0.04836343788573316,-0.0018071798315901777,0.024399061442244685
2023-04-28,0.037345579564535596,0.7582543592226839,2023-03-03,0.10146582929625292,0.048625411357331005,0.0,0.02179417866496758
2023-05-01,0.055608136711250034,0.8316083278731731,2023-03-30,0.09950455730184227,0.04928180953372596,-0.001147288208591668,0.0039256483995175895
2023-05-02,0.07586340055454666,0.8961750034971665,2023-03-30,0.08937320461361287,0.05003434833838227,-0.009858465776263592,-0.0024051813228953556
2023-05-03,0.08079456269992971,0.9083935536063462,2023-03-30,0.08169924802967321,0.05112247668137626,-0.01633801258296197,-0.0055788534276587365
2023-05-04,0.08351060395661154,0.9146792788804458,2023-03-30,0.07752172460702034,0.05229694419071018,-0.01980995231553262,0.0007916952701523261
2023-05-05,0.04962265137856084,0.7981048575211587,2023-03-30,0.10001876573833468,0.053717461314259474,0.0,0.015217644846539535
2023-05-08,0.022771114811687455,0.6681390946021135,2023-03-30,0.10240489895174876,0.05559277274936081,0.0,0.01830945135520312
2023-05-09,0.03630977233157856,0.7513249063445223,2023-03-30,0.09502453743564288,0.05712569039027304,-0.006333203686977096,0.018396013775326958
2023-05-10,0.023975171302975593,0.6806574315781451,2023-03-30,0.1064396174024358,0.05882767623171925,0.0,0.03865323394237752
2023-05-11,0.030365389710750715,0.7148097745527029,2023-03-30,0.10941412703128162,0.0606355920594841,0.0,0.022025911151883903
2023-05-12,0.034806512753819706,0.7388751084859949,2023-03-30,0.10505947790917203,0.062442795172367616,-0.0035868508317099534,0.020278159536734508
2023-05-15,0.04340671262880519,0.778796439056777,2023-03-30,0.11068948712109217,0.06397855325906421,0.0,0.024934501197828807
2023-05-16,0.044447045889449505,0.7876076767911617,2023-03-30,0.1116917402668709,0.06561040174334676,0.0,0.026030448085519797
2023-05-17,0.018770618578627322,0.6604303544472636,2023-03-30,0.12481052493832023,0.06768496971886928,0.0,0.038938136670007006
2023-05-18,0.004763602932316192,0.5949732894154416,2023-03-30,0.1452208733635989,0.069946921371149,0.0,0.06636535747844041
2023-05-19,-0.0033015206630719277,0.551320198807898,2023-03-30,0.14234016344403155,0.07267388801670593,-0.002253500143724718,0.06285337623237597
2023-05-22,-0.008550920690482154,0.5193520296427556,2023-03-30,0.14588239380361,0.07576143685539094,0.0,0.06864990900404777
2023-05-23,0.013755581604610824,0.6520766352994589,2023-03-30,0.13109904066487466,0.07844207380280066,-0.012676002251767904,0.07538959320777905
2023-05-24,0.010873542062554578,0.6421046516428581,2023-03-30,0.12505287211886795,0.08056535642573115,-0.01774082253992837,0.06342362113221411
2023-05-25,-0.016239190625232137,0.48138343523294536,2023-03-30,0.15195122544227924,0.08291499361693888,0.0,0.06046498897306529
2023-05-26,-0.03898785686439826,0.3838537624492079,2023-03-30,0.18089667573800505,0.08531993400074223,0.0,0.0801090955220094
2023-05-30,-0.028163115043036743,0.4495680024083178,2023-03-30,0.18569467355844393,0.08786504637044357,0.0,0.08625392125129538
2023-05-31,-0.00021139942617890047,0.5979623202217832,2023-03-30,0.1785634218694665,0.09035227099937782,-0.005686262315763302,0.08957962007664522
2023-06-01,-0.012966485774969188,0.5458243609182283,2023-05-02,0.1917575614615572,0.092788904746679,0.0,0.109426816718877
2023-06-02,-0.0034863072062336214,0.6121502624052639,2023-05-02,0.20020245731251962,0.09562483237184205,0.0,0.12170651399677768
2023-06-05,-0.0013742163067958675,0.6384957595998118,2023-05-02,0.20047384336062013,0.09815510818280804,0.0,0.09913601258473803
2023-06-06,0.009548924669924004,0.6913951943655386,2023-05-02,0.19971392714235492,0.10061755337535416,-0.00016917621608436573,0.09623403431059274
2023-06-07,0.036484931189948014,0.7819636472870962,2023-05-02,0.17880625532182415,0.10280802780081855,-0.017131654490826875,0.08450442943262271
2023-06-08,0.03376821222182152,0.7730302715507681,2023-05-02,0.19262125107394157,0.10516118678241249,-0.004930991698537945,0.08614750723103737
2023-06-09,0.03870543380481918,0.782320745838482,2023-05-02,0.19632814999573278,0.10719422025541925,-0.0011269361302399528,0.0867567995987455
2023-06-12,0.030335044750389683,0.749395972716242,2023-05-02,0.21557259730384004,0.1093336015929951,0.0,0.10909777588622038
2023-06-13,0.024582249441656316,0.7238876368134028,2023-05-02,0.22399429181508612,0.11135427588914659,0.0,0.1116004511481079
2023-06-14,0.014262756176365115,0.6801873138457488,2023-05-02,0.23164023952199053,0.11330787628894279,0.0,0.11841297429797382
2023-06-15,-0.002969574360394911,0.5969355436835942,2023-05-02,0.24490016064602105,0.11548510649559507,0.0,0.11820487895391008
2023-06-16,0.010072036623821732,0.65701112996679,2023-05-02,0.23564055963873187,0.11769294639734418,-0.0062928409864349,0.09090638386610417
2023-06-20,0.003571733514810759,0.6251983131854016,2023-05-02,0.23242604909641407,0.1196946728786501,-0.007715565871565966,0.09180487794060666
2023-06-21,-0.0011518585957868803,0.6214667444132913,2023-05-02,0.21431317629544067,0.12146476606202317,-0.02123800242439311,0.073322157987878
2023-06-22,-0.0035013547687789796,0.6068485757064218,2023-05-02,0.22713580468292305,0.12349435079794158,-0.0096898464788987,0.09992870316808267
2023-06-23,-0.008753591611738769,0.6069483900343858,2023-05-02,0.21351564079860053,0.12549120713913076,-0.01950708486257502,0.09464011906575576
2023-06-26,0.021782809568525144,0.7188601192633365,2023-05-02,0.19603044172926753,0.12695129058607235,-0.03265095667793483,0.054311297481347554
2023-06-27,0.03828300937071952,0.7603201744660404,2023-05-02,0.21526538350886826,0.12877238250473355,-0.016018377352960855,0.0457206828116028
2023-06-28,0.05131503116669444,0.7926936131227471,2023-05-02,0.21642604506349605,0.13072855615696244,-0.01409784151758442,0.043031299140894985
2023-06-29,0.048855473159338705,0.7827190913410629,2023-05-02,0.21287117864180405,0.13271303719877703,-0.016072542005947987,0.046895092663477245
2023-06-30,0.03044269491087683,0.7057058806356311,2023-05-02,0.22997907469397494,0.13465183560375205,-0.0008999730016496787,0.050898461442249854
2023-07-03,0.025288749289819543,0.6768662050701282,2023-06-01,0.2313104814858229,0.13683214225917895,0.0,0.045531976152397124
2023-07-05,0.036622804697504854,0.7374544948828166,2023-06-01,0.22961624785016022,0.13889198083032328,-2.7084963602153067e-05,0.04476721580454557
2023-07-06,0.051388297804665695,0.7961825877787363,2023-06-01,0.21862913758737368,0.14082285606856937,-0.00764273943527094,0.03698584751778422
2023-07-07,0.06130440161774279,0.8340850247542146,2023-06-01,0.21303977323287127,0.14312747856469343,-0.010937461741440724,0.05137998167506064
2023-07-10,0.06490591069907269,0.8371347023464755,2023-06-01,0.21184841479978744,0.14526399293320869,-0.010613532285108862,0.0388290003100058
2023-07-11,0.07261786126580452,0.8587610213285193,2023-06-01,0.21610385413438804,0.14682330218925066,-0.00572524140836439,0.03998580509137972
2023-07-12,0.06866348345791456,0.8539527728458842,2023-06-01,0.22954969824010618,0.14838553593410553,0.0,0.03562204214503173
2023-07-13,0.043560477512532635,0.7559918386929765,2023-06-01,0.24826265459071917,0.15017837197275452,0.0,0.045174686679443576
2023-07-14,0.04697990100191795,0.7798831608650807,2023-06-01,0.24582214648391876,0.15212424422156223,-0.00021112494133257442,0.03741454514862874
2023-07-17,0.04236184058234914,0.7671607797731548,2023-06-01,0.2551963514611453,0.15436761319517833,0.0,0.034772531550910424
2023-07-18,0.03831835031640414,0.7508476622610372,2023-06-01,0.2632414000200194,0.1569247636524831,0.0,0.04984391794644871
2023-07-19,0.037534217481738144,0.7479863341786663,2023-06-01,0.2605683830624439,0.1588779475176303,-0.0002333572566781683,0.05110383093394133
2023-07-20,0.03763148243578949,0.7686487972046343,2023-06-01,0.22928174997459272,0.16027305581934703,-0.02327970060722795,0.04106122315904526
2023-07-21,0.0411565319985394,0.7791894654513367,2023-06-01,0.22352768449047455,0.16186224471812682,-0.026209344400536683,0.02583503232961748
2023-07-24,0.04045288744626291,0.7739064881810214,2023-06-01,0.22357725137947448,0.16340825721631957,-0.024653763515643412,0.03776138800096818
2023-07-25,0.042528832286411314,0.7782764082635463,2023-06-01,0.22990461719938238,0.1649952773562091,-0.018043047853451344,0.0589913139860736
2023-07-26,0.059966385382543855,0.8249484423501263,2023-06-01,0.22384134896214225,0.1665533696835848,-0.021309646968062146,0.037627504974232284
2023-07-27,0.05243138141336734,0.8085586356963854,2023-06-01,0.21877163876620953,0.16775104993594758,-0.023642736560183675,0.0331374375482103
2023-07-28,0.05003523727112048,0.7957941316735098,2023-06-01,0.2385966781129114,0.1691837759775059,-0.0058587241161804915,0.05406691160963617
2023-07-31,0.054567475160444766,0.8081692670178153,2023-06-01,0.23679954520197533,0.17029650932650053,-0.005340170322623905,0.038601064533497986
2023-08-01,0.05017440673870792,0.7920112339993715,2023-06-30,0.23151834125580684,0.17096750287955054,-0.007647581761975331,0.03375725633846849
2023-08-02,0.07916130628404795,0.8611976758052537,2023-06-30,0.2024242826476066,0.17141839592607577,-0.029423862747617102,0.011099769033635187
2023-08-03,0.08566491761056318,0.8746741981501307,2023-06-30,0.1982953484101042,0.17161722395995782,-0.03097928264095695,0.01722646211311485
2023-08-04,0.08635316466992696,0.878694125409867,2023-06-30,0.19069806393394595,0.1721702997910446,-0.03551602461625247,0.015836707785212845
2023-08-07,0.08052349520380411,0.8663395975595543,2023-06-30,0.1987624809604096,0.17301263241489684,-0.027349889060720556,0.024102233562296016
2023-08-08,0.0861379246136728,0.8729747735707603,2023-06-30,0.18661873327431433,0.17317577479642376,-0.035619703176653084,0.010402828333260228
2023-08-09,0.10215467966958448,0.897966298900652,2023-06-30,0.1716992590683668,0.17257652948011315,-0.04622276787626056,-0.013169909742018704
2023-08-10,0.1025567600127284,0.9053913726105269,2023-06-30,0.17209874037258688,0.1720263746165709,-0.04445991036634267,-0.027851867599929525
2023-08-11,0.11824656964352093,0.9203841083067779,2023-06-30,0.16297519385449166,0.17155460879629536,-0.05055215273075486,-0.033846018754114526
2023-08-14,0.11400919467878942,0.9223584459788237,2023-06-30,0.1743921125859913,0.1711203041357232,-0.03989724875094702,-0.03204319419623636
2023-08-15,0.1318417365649573,0.9422660935463409,2023-06-30,0.16027481821840062,0.17022841020432855,-0.05008559920895195,-0.05008559920895195
2023-08-16,0.1425268553783941,0.9514851722542068,2023-06-30,0.14633524471752368,0.16905658042209826,-0.06014402948334918,-0.05992465608002118
2023-08-17,0.13890582523811662,0.9530649003605816,2023-06-30,0.1324024062990612,0.16786799080937564,-0.07040989737432435,-0.048253524367618095
2023-08-18,0.13621082875016727,0.950157789675129,2023-06-30,0.12952487320687123,0.16698161952466206,-0.07157660316193848,-0.04658830776464351
2023-08-21,0.12227028281320822,0.9377457627921362,2023-06-30,0.14609202690084877,0.16603077428269564,-0.05661839495929011,-0.03277259935801202
2023-08-22,0.1323288111967396,0.9518260450915017,2023-06-30,0.14267086882716673,0.16480282985189088,-0.057966538227605335,-0.04065706779394107
2023-08-23,0.12703148980629111,0.9530842773904116,2023-06-30,0.15868522340974978,0.16336397032705574,-0.043112008585357575,-0.02227707829115988
2023-08-24,0.1429265759177145,0.9610371315330029,2023-06-30,0.13217718303770964,0.16148164229754625,-0.06356606594278424,-0.04089008283908924
2023-08-25,0.14401556363619225,0.9650322749304905,2023-06-30,0.13920640330474576,0.15961703999073107,-0.056307278782311454,-0.05074586066379827
2023-08-28,0.14781040910320986,0.9665844743790228,2023-06-30,0.14601235084339814,0.15764279448571683,-0.049204009462439524,-0.04409933711110381
2023-08-29,0.1351996152750291,0.9653654382255767,2023-06-30,0.16897997717933033,0.15606358433971512,-0.02843891642381091,-0.020951563456409694
2023-08-30,0.1253005870325397,0.9609438746630501,2023-06-30,0.17374913992839436,0.15496278178451472,-0.023020584702003077,0.006597399008532401
2023-08-31,0.12701397577870915,0.9628896159897362,2023-06-30,0.17559262461099578,0.15431926719678835,-0.020091021404470943,0.011236355468395631
2023-09-01,0.11082021614455215,0.940255375484496,2023-08-03,0.17264038019032224,0.15334978029924762,-0.02112820948736105,0.014917630044777974
2023-09-05,0.11447429265404271,0.9452699750877012,2023-08-03,0.17248855955773168,0.15269965844144884,-0.019883905770999855,0.007675918817827476
2023-09-06,0.11320528590337459,0.9437967600872748,2023-08-03,0.16052739786881176,0.15213543371256266,-0.028516514352557976,0.007365547437554465
2023-09-07,0.11253080393033074,0.9440125211727284,2023-08-03,0.15064634737317406,0.15106319984797012,-0.03546418533605211,0.011279974167817786
2023-09-08,0.11847791916197965,0.9480852633706278,2023-08-03,0.15066618001281307,0.1499731040766894,-0.034116122563513596,0.010825069418902933
2023-09-11,0.11389017963482143,0.9442356459195631,2023-08-03,0.16249048029611202,0.14907240114951947,-0.02273546866090126,0.029297748317465233
2023-09-12,0.12661057818154545,0.9521532786395217,2023-08-03,0.14803637558651528,0.1477166892500248,-0.033571729625633484,0.006588377251376842
2023-09-13,0.11909352810924628,0.9469635046400116,2023-08-03,0.1508690807165043,0.14642378412071966,-0.029890496765196728,0.021259918185194016
2023-09-14,0.10356987523935045,0.9339932873014447,2023-08-03,0.1586431492469249,0.14523585836199615,-0.02195771846634298,0.0406299605630156
2023-09-15,0.11148739288485363,0.9414170664031429,2023-08-03,0.13723901389413862,0.14386787165220394,-0.03870478431478619,0.03410655187698919
2023-09-18,0.09996368594138265,0.9281926839223034,2023-08-03,0.1368188595910549,0.1425580401876918,-0.037702611894764315,0.03648549937726586
2023-09-19,0.09394559024673742,0.9222301144620866,2023-08-03,0.1330320705932353,0.1414320317117026,-0.03975372478107564,0.0178768274557215
2023-09-20,0.08691424870253742,0.9097494701745312,2023-08-03,0.11546104693341319,0.1399711586372867,-0.05359110978883386,0.0046446635032892924
2023-09-21,0.09733806237838569,0.9289971804887289,2023-08-03,0.09389484721912589,0.13791729932773622,-0.07093352240181372,-0.029074995261802128
2023-09-22,0.0794546685422034,0.9019806889872437,2023-08-03,0.09284157352814537,0.13539926893062448,-0.07080376320975945,-0.007728999349283505
2023-09-25,0.07726272995490929,0.8984552449202821,2023-08-03,0.09669571136654254,0.13286371592919077,-0.06639034076438144,-0.010684687669371251
2023-09-26,0.09687164592353338,0.9405151138492146,2023-08-03,0.07898405630193128,0.12986328128594837,-0.08040972672327773,-0.032820623531652826
2023-09-27,0.10255536484524679,0.9505840299755667,2023-08-03,0.08030962649435835,0.12677236409022097,-0.07825485478078908,-0.05127411873436949
2023-09-28,0.09708925725145909,0.941153236319651,2023-08-03,0.08805765234791596,0.12379289213591904,-0.07054424482565103,-0.04864346103868766
2023-09-29,0.09347002808571815,0.9322184766124976,2023-08-03,0.08761463710258965,0.12143061234878827,-0.06986928773794954,-0.05079886746708262
2023-10-02,0.0699372369785044,0.8676489391929354,2023-08-31,0.09545192421977355,0.11932445290459026,-0.062106677511057695,-0.04186295735648493
2023-10-03,0.09585975875484182,0.9362965137197012,2023-08-31,0.07508051991607445,0.11687397388497178,-0.078566453932428,-0.059873058413136504
2023-10-04,0.08833899607235585,0.9220166405718874,2023-08-31,0.08831460251703138,0.11432439441867626,-0.06602682183676556,-0.038611369146649865
2023-10-05,0.08651665944202151,0.9186565002639898,2023-08-31,0.08369343833816956,0.11176708100490096,-0.06877881145087839,-0.03453954286439154
2023-10-06,0.08292598109204274,0.9084615077415947,2023-08-31,0.1002534896062861,0.10946866568267555,-0.053175832076794216,-0.019732920238679452
2023-10-09,0.08255194827653044,0.9042472623654286,2023-08-31,0.10422918353575583,0.10684175532483597,-0.04834705142359996,-0.02620742075597937
2023-10-10,0.07091251958837651,0.8653644440420026,2023-08-31,0.10873593657561709,0.10436365872724762,-0.04307659044360579,-0.00983504012593761
2023-10-11,0.0698659979838166,0.8608982415178655,2023-08-31,0.11487598716807512,0.10195035654349427,-0.03602374632179273,-0.006554105891609208
2023-10-12,0.07070690878442733,0.8565276585430744,2023-08-31,0.10927378039663593,0.10000148401811826,-0.03444155792446035,-0.018036117996439782
2023-10-13,0.07104146044174539,0.8525491906300082,2023-08-31,0.09364379040575277,0.09783066873743262,-0.04657864565626135,-0.013487317476822858
2023-10-16,0.07545798021527061,0.8737809348116368,2023-08-31,0.1041834903951393,0.09589352467852663,-0.0357988005021741,-0.00337233300029649
2023-10-17,0.06668926026274975,0.8399625929321941,2023-08-31,0.09887651365309003,0.09382559065187945,-0.0389570135839985,-0.004514906383530581
2023-10-18,0.06380161348046602,0.8400354339760336,2023-08-31,0.08287394174016116,0.09174195754922354,-0.0515638880407191,-0.0032095943532368665
2023-10-19,0.059903499524698575,0.8194136577709934,2023-08-31,0.07119909625134313,0.08973119939424401,-0.06043828471276769,0.005896045366911462
2023-10-20,0.05138072887505534,0.7835917175660587,2023-08-31,0.053807589232530706,0.08747375378907396,-0.07445460027219308,-0.009248215606194932
2023-10-23,0.043992591397602435,0.7476306245331542,2023-08-31,0.05549389801621851,0.08534119814645402,-0.07166177686530617,-0.010956313731630418
2023-10-24,0.04755951424283427,0.770064002272095,2023-08-31,0.06431685958680466,0.08323633295912236,-0.06045121976741408,0.013890132606727779
2023-10-25,0.0592000406935856,0.835551208282503,2023-08-31,0.03702253021950441,0.08101748784988727,-0.07200463469347962,-0.013237880747902442
2023-10-26,0.05562702589462786,0.8223793873854647,2023-08-31,0.01616633104650833,0.07878094271807456,-0.08969887797250886,-0.0400825694747563
2023-10-27,0.0376502552964775,0.7278625309828749,2023-08-31,0.020004935738640928,0.07692872373990234,-0.08532847503045748,-0.03617387240616099
2023-10-30,0.025237011298486347,0.6599578591300599,2023-08-31,0.03040951971917427,0.07529835329179235,-0.07502442921703145,-0.03338319832879311
2023-10-31,0.03141441128209479,0.700758058413179,2023-08-31,0.03425208288297599,0.07343402106849428,-0.07060080680066039,-0.011410957300528213
2023-11-01,0.030203780475129186,0.6985658677346094,2023-10-03,0.051016140560707024,0.07187567383959315,-0.05446939280686247,-0.00775548231627643
2023-11-02,0.022493654017491756,0.6550356654729198,2023-10-03,0.06873035953461226,0.07020611529499887,-0.0373048804064785,0.01324260245776232
2023-11-03,0.0159569577941625,0.6093993597668146,2023-10-03,0.07979815392335476,0.06914466855568913,-0.025994345923626483,0.0082533270398375
2023-11-06,0.01788419971745292,0.6168481769971204,2023-10-03,0.08280766224029779,0.0681040550295895,-0.022021117947331414,0.007229414409735568
2023-11-07,0.017957187958947313,0.6222965537607735,2023-10-03,0.0916824888555301,0.0671534599613759,-0.01277653389119604,0.011150524765956904
2023-11-08,0.022880957484059515,0.6550918173095064,2023-10-03,0.09101405646921545,0.06573839276675741,-0.012140856836821645,0.00463329305835436
2023-11-09,0.023394956804251257,0.6576005461813249,2023-10-03,0.08129600078637189,0.06407191685368874,-0.019742946653883098,0.00037850697270869205
2023-11-10,-0.004409020683777245,0.4960738894186812,2023-10-03,0.1042133270851433,0.06278684609140339,0.0,0.03589040900546414
2023-11-13,0.007743655514773053,0.578832284049457,2023-10-03,0.09945036013072883,0.06152273726171642,-0.003118664189106779,0.0211145968333728
2023-11-14,-0.002910718953109047,0.5125085152214744,2023-10-03,0.12154338682438248,0.06048912438292886,0.0,0.04652357179932931
2023-11-15,0.0029972112516830265,0.5493533966633345,2023-10-03,0.12088219545048373,0.05973078948503763,0.0,0.061232407865412064
2023-11-16,-0.0011698921168637536,0.5288039996155476,2023-10-03,0.12043525047399672,0.059240368627421436,0.0,0.07217256374002945
2023-11-17,-0.006435631491363112,0.5028745540361551,2023-10-03,0.119466840831574,0.05888996963915982,0.0,0.08866321111233533
2023-11-20,-0.017197743308480486,0.44073866906148795,2023-10-03,0.13168677638171022,0.058402063226213,0.0,0.09860249651953557
2023-11-21,-0.011138001232497086,0.48271737106553636,2023-10-03,0.12370974341104657,0.05802079737567656,-0.005809277323044371,0.08169751897712141
2023-11-22,-0.012896813884109369,0.4696377908542939,2023-10-03,0.1269799590761418,0.057721813550125844,-0.0017402439690162863,0.11337541748287006
2023-11-24,-0.006766757905632066,0.5145188798156606,2023-10-03,0.12398696678922438,0.05714013792805983,-0.0031477697326574017,0.13341662590906145
2023-11-27,-0.003161431425085442,0.5450221654395797,2023-10-03,0.12156887484230494,0.056876528097327794,-0.004017852041729664,0.12701648149619715
2023-11-28,-0.009985271880359449,0.5044317049631657,2023-10-03,0.12302287301618198,0.056604597676729984,-0.0014075257636410043,0.11738258398648194
2023-11-29,-0.016566149300550993,0.46594730430850323,2023-10-03,0.12053222784143136,0.05643528916453189,-0.0023799706973101076,0.11098127940267721
2023-11-30,-0.008338873660017027,0.5100887710568358,2023-10-03,0.11637655800818325,0.05656501015200277,-0.0048881724034173235,0.08928160239386251
2023-12-01,0.0008886097669350522,0.558010035404545,2023-11-01,0.1182442488301998,0.05715984858939138,-0.002047331842806588,0.0729143294911947
2023-12-04,0.02258978572841588,0.6830517076984248,2023-11-01,0.10652491596056435,0.057510409043987076,-0.01131178417578571,0.050610536526579875
2023-12-05,0.019285631467106393,0.6601035340501749,2023-11-01,0.10791586263003361,0.05777144270672485,-0.008829292152135348,0.04896948361440101
2023-12-06,0.013631674460706057,0.6207640736192318,2023-11-01,0.10005553549414015,0.05813894558796884,-0.014562075234783367,0.0331364268507266
2023-12-07,0.009257576929207761,0.5905282878835567,2023-11-01,0.11387516541648957,0.05868717316390115,-0.0007931913143170988,0.0468976694453942
2023-12-08,0.008831476060817852,0.5908187963758542,2023-11-01,0.1172990937666567,0.05917614968970164,0.0,0.05971846921194768
2023-12-11,0.005382766034925282,0.5641551593204489,2023-11-01,0.12516102849362976,0.059714508319247184,0.0,0.04527053264670289
2023-12-12,-0.007813523090874224,0.4859785800197426,2023-11-01,0.13241461982551983,0.06024425322171445,0.0,0.056891472653485264
2023-12-13,-0.004884855500103091,0.49570004660744177,2023-11-01,0.14500342576524683,0.06133762814014676,0.0,0.047777264679681464
2023-12-14,0.0010174110204834216,0.5293351909429214,2023-11-01,0.14217320351931462,0.0621041347392588,-0.0008669482821460628,0.04608154278717258
2023-12-15,-0.006695457747255098,0.48759647217735036,2023-11-01,0.14586126415821243,0.06304511646574396,0.0,0.05023976989288359
2023-12-18,-0.01313013093089123,0.4439279203960723,2023-11-01,0.15129634670290182,0.06384036238212287,0.0,0.05660835468224956
2023-12-19,-0.023653547623251295,0.3835572189155792,2023-11-01,0.15536488192298004,0.06461960513545328,0.0,0.04923301034354477
2023-12-20,-0.022632102203886152,0.38903557028656555,2023-11-01,0.13645354928643938,0.06497571487412679,-0.01485982102146588,0.039681393140387655
2023-12-21,-0.028291408768222434,0.36372324344006485,2023-11-01,0.14786690122721002,0.06539873610114677,-0.003397338653072679,0.04749130090041387
2023-12-22,-0.023782449841886544,0.3895591883434379,2023-11-01,0.14768493733289612,0.06584115383783495,-0.0019063424475312951,0.050539669894425376
2023-12-26,-0.02218870237739251,0.40094829537574156,2023-11-01,0.15269965769996174,0.06658429472502458,0.0,0.05789411121526755
2023-12-27,-0.020689629910004427,0.4093701954978109,2023-11-01,0.153059104523797,0.06716011487050566,0.0,0.05727688577345602
2023-12-28,-0.027287688088677802,0.3727428181295638,2023-11-01,0.15062903863071475,0.06789236310966196,-0.00048612134093728443,0.05779301626127298
2023-12-29,-0.027758128214909517,0.3700579811738709,2023-11-01,0.14384708972137839,0.06884162767384638,-0.004811834664630421,0.05586973374753823
2024-01-02,-0.020069777455193918,0.4090811530319567,2023-11-30,0.12295563402940357,0.06981066654892487,-0.02165254199072253,0.03504731659279181
2024-01-03,0.013607712763807699,0.6150627897273163,2023-11-30,0.1096019025620818,0.07088020708461551,-0.03200494238394869,0.03369117495747487
2024-01-04,0.02156871919362988,0.6603975401314935,2023-11-30,0.10247950000979622,0.07182008238015669,-0.03698678423367496,0.02579555963031588
2024-01-05,0.005802286236093808,0.5710748381609027,2023-11-30,0.10243679626463176,0.07264965819566327,-0.03584445920879764,0.03298699924573678
2024-01-08,-0.009554136810180481,0.47791955328254765,2023-11-30,0.12365344926247324,0.07423420952360571,-0.01591746759942636,0.03980802492959956
2024-01-09,0.004337397302201588,0.561428635237571,2023-11-30,0.12435012461267037,0.07626986289619819,-0.01397328286730426,0.03723963068788261
2024-01-10,-0.003048414494891013,0.5313851735310962,2023-11-30,0.13041572280071456,0.07833701602449339,-0.007290467271737877,0.035424980452982924
2024-01-11,0.006290334092247791,0.5909774752729569,2023-11-30,0.1311677502233981,0.08018671291505353,-0.005224902520194918,0.02938112234716117
2024-01-12,0.018937948343493705,0.6537475392997383,2023-11-30,0.13012287597227878,0.08192336090840002,-0.004714655491186992,0.01697587489281216
2024-01-16,0.013535218978364487,0.6221678415033772,2023-11-30,0.12847949047398766,0.08340180014511622,-0.004811834664630421,0.017758922215862283
2024-01-17,0.025199392057609814,0.6811246232840369,2023-11-30,0.12067476332464522,0.08447175209856517,-0.010425453878598945,0.007149391259529736
2024-01-18,0.014922480853556321,0.6209913265300466,2023-11-30,0.13511717203261409,0.0856142375717146,0.0,0.015051670850853682
2024-01-19,-0.018120408621911326,0.44313349445947725,2023-11-30,0.15599557862827984,0.0869875105583755,0.0,0.02991861800117568
2024-01-22,-0.01659990505241219,0.4512536331837689,2023-11-30,0.15585000274444671,0.08817201865705004,0.0,0.0468192758357453
2024-01-23,-0.01616755129263362,0.4540651356381719,2023-11-30,0.15891129360821465,0.08936303339685026,0.0,0.039073042722443274
2024-01-24,-0.012822396153103785,0.47273540662997615,2023-11-30,0.1635993669356528,0.09083192740324164,0.0,0.04327828551719204
2024-01-25,-0.0011160282432227959,0.5300827685276112,2023-11-30,0.16326931168727077,0.09186152399280512,0.0,0.0381967945112196
2024-01-26,0.010146422936698877,0.5942945868614635,2023-11-30,0.15461163680236378,0.09282137342332653,-0.0059576474513935995,0.029914800996894586
2024-01-29,0.0051246191478909,0.565043455312162,2023-11-30,0.16458283010197428,0.09346799286617347,0.0,0.040967596300793385
2024-01-30,0.012656449712521542,0.6081105057967483,2023-11-30,0.15513681333714846,0.09407497589996439,-0.006656469951546118,0.038533007755962245
2024-01-31,0.01883134193637615,0.6551025029216282,2023-11-30,0.13097487731888457,0.09432525870564423,-0.026112143351540884,0.035718823657206134
2024-02-01,0.033856389223034425,0.7167545580095023,2024-01-02,0.1426694607787482,0.09476717314488692,-0.014644233893401415,0.05912193376691177
2024-02-02,0.026654901888678945,0.6820503879517186,2024-01-02,0.1602235974872226,0.09523461181234172,0.0,0.08259311355423415
2024-02-05,0.034426156333884184,0.7263634215160322,2024-01-02,0.15696580785637004,0.095798757384711,-0.0013052679811189627,0.07989906455973683
2024-02-06,0.03904955798403961,0.7450281422336482,2024-01-02,0.1528846426548538,0.09620629720314655,-0.0033098845033201485,0.05590813419113094
2024-02-07,0.0265230095864326,0.6807104998853242,2024-01-02,0.16291269261140728,0.09681892623134636,0.0,0.06467017815828635
2024-02-08,0.029884977011536397,0.7005620464689992,2024-01-02,0.16321078008085643,0.0974693827089066,0.0,0.05946146965874077
2024-02-09,0.01709883657762045,0.6334118250356152,2024-01-02,0.17263198666645052,0.09814168153120062,0.0,0.0676682129022641
2024-02-12,0.023545815635438085,0.659400211896782,2024-01-02,0.16608661869070018,0.09879304604098671,-0.003912480564618903,0.0629457681616663
2024-02-13,0.03333622184312614,0.7105682723556628,2024-01-02,0.14621198549226921,0.09935516179396076,-0.019448472498634906,0.04646916385909927
2024-02-14,0.02367939883158202,0.6664956154471433,2024-01-02,0.15696373614713988,0.10006961775291323,-0.008763223347875826,0.06387378797542809
2024-02-15,0.019706202009493277,0.6479529143794555,2024-01-02,0.15864457500494678,0.10101896735594984,-0.005811578774256865,0.05210793129439151
2024-02-16,0.03429219884891371,0.7257848996888068,2024-01-02,0.14641273669479515,0.10172089917154392,-0.01482665182694709,0.0222945464297033
2024-02-20,0.03913747013760466,0.7447906310620118,2024-01-02,0.13606975621964246,0.10238388332648118,-0.022262905333665817,0.013254748757232093
2024-02-21,0.04400963828336507,0.7642365121420347,2024-01-02,0.12985464077035802,0.10267791293881445,-0.02617545666246135,0.005029695800171208
2024-02-22,0.005105719029089805,0.5685255838397425,2024-01-02,0.1611302710060485,0.10345515973542185,0.0,0.028743898916532284
2024-02-23,0.008881617316536045,0.5878731815835698,2024-01-02,0.15595203067632557,0.10401533021020581,-0.0029448422406951336,0.02446335726552773
2024-02-26,0.019162841487843724,0.6443036551366494,2024-01-02,0.15356318124601365,0.10436918765086345,-0.003469819391198725,0.03006068736788814
2024-02-27,0.02359992375715974,0.6599772655483135,2024-01-02,0.15459575978565576,0.10454592950782415,-0.001072969705937954,0.022071741937869982
2024-02-28,0.02677730129835529,0.6792307386338373,2024-01-02,0.14677172444540898,0.10466701394277855,-0.006391787425766515,0.023442201751602276
2024-02-29,0.011044827304585083,0.5977494599152423,2024-01-02,0.15483891711986808,0.10481054267001522,0.0,0.052833494508976564
2024-03-01,-0.003966837885900592,0.5105966897490013,2024-01-31,0.17037114480550541,0.10509656570407722,0.0,0.056248013333974445
2024-03-04,0.010196580111271876,0.5855661937014535,2024-01-31,0.16438168796810637,0.10521763825372599,-0.003568032692449208,0.0349876123537205
2024-03-05,0.03986380494504566,0.7332599842107609,2024-01-31,0.14188399688159192,0.10541153728008124,-0.021453656315630898,0.0177383489582863
2024-03-06,0.03970946474831459,0.7314207126120643,2024-01-31,0.14750706098512545,0.10555185956281776,-0.015304666364061581,0.02619342655578416
2024-03-07,0.025404137637876703,0.6573564930661981,2024-01-31,0.16323973956644156,0.10590072958757202,-0.0003588923545031486,0.0311583004810696
2024-03-08,0.03399144966944969,0.7031969480839528,2024-01-31,0.1449060586412283,0.10589185899897613,-0.014788641483819642,0.014394902164573509
2024-03-11,0.0487318803606378,0.7654032946276556,2024-01-31,0.1390837998703358,0.10571673616769695,-0.018446484020926968,0.0007780521226281589
2024-03-12,0.03596675383871065,0.7059308274439344,2024-01-31,0.15370334435359023,0.10576401359262033,-0.004375904865417057,0.01911146900556293
2024-03-13,0.039015763287465755,0.7298381334696427,2024-01-31,0.1433145816347532,0.10589071499939506,-0.012028342154686733,0.02730134046504462
2024-03-14,0.042505509076077835,0.7477051856126992,2024-01-31,0.13906237137974453,0.10645876664681087,-0.014519350759497063,0.013665074983899794
2024-03-15,0.05314696438765475,0.7971055654150916,2024-01-31,0.12427138539094784,0.10707311122538088,-0.026233636077183764,-0.0013579306838951144
2024-03-18,0.06460567446120526,0.8350171839829692,2024-01-31,0.1336440396339662,0.10791870621215183,-0.016946437519693602,0.017391995156990525
2024-03-19,0.05906009732500532,0.8165962187137124,2024-01-31,0.13516130600191367,0.10883607993837141,-0.014496933000745393,0.027684194291356157
2024-03-20,0.0512533511257352,0.7880587945787181,2024-01-31,0.14726230794871076,0.10955981538092407,-0.002812214138873559,0.044046937455505475
2024-03-21,0.03966850857881614,0.739928317628772,2024-01-31,0.1513024329935746,0.11032248653480581,0.0,0.019151146682541142
2024-03-22,0.03314836598993877,0.7071015368502497,2024-01-31,0.15122390613170356,0.11095981097270369,0.0,0.023330572296514696
2024-03-25,0.04749239144803266,0.7723776458557476,2024-01-31,0.1455943153824304,0.11140599088789527,-0.0036292731801133016,0.020153765303099203
2024-03-26,0.06014888358003184,0.820906432459259,2024-01-31,0.14052624864505248,0.11184827227591754,-0.00685528609648145,0.014410892240905193
2024-03-27,0.04961514898239986,0.7809081003742303,2024-01-31,0.14304812986751836,0.11236674206572395,-0.003472618884107992,0.023314662825984822
2024-03-28,0.05557844080069589,0.8029390960249303,2024-01-31,0.13968324085494,0.11305701254814271,-0.00530943202092693,0.012749659251750867
2024-04-01,0.052266705094859686,0.7873523060808627,2024-02-29,0.14086448432490006,0.11352381975223458,-0.003203732579215468,-0.000160741576683332
2024-04-02,0.07399262647848341,0.8631316517293097,2024-02-29,0.12989403240449948,0.11346608668898739,-0.011806226108749485,-0.0052401609243166725
2024-04-03,0.07978325667366368,0.8796533466425813,2024-02-29,0.1313532914678932,0.11347861843813467,-0.009588433045338074,0.015215143706578393
2024-04-04,0.10082703777108323,0.927370484142165,2024-02-29,0.11305939693001155,0.11311936651347687,-0.024732419724187382,-0.006550741427067797
2024-04-05,0.11052781498303808,0.9431964471536662,2024-02-29,0.12508956265790472,0.11282259082576807,-0.013239986562604167,-0.009872284680833898
2024-04-08,0.08405004805229686,0.8902021428927769,2024-02-29,0.12426427799852058,0.11243407930192895,-0.012948681533371587,0.004926051461831005
2024-04-09,0.08457879274813632,0.8937350181978585,2024-02-29,0.12730173050921656,0.11229589291220399,-0.009297128016105494,0.01240252830505395
2024-04-10,0.08969670906993937,0.9088015612315112,2024-02-29,0.11635584787183095,0.11174415776222824,-0.017944528187913145,-0.010617091981685034
2024-04-11,0.08194876015102666,0.8875623806835684,2024-02-29,0.1328899994460353,0.11152717978375071,-0.0022627688992786776,0.012967413288721863
2024-04-12,0.09217151449028921,0.9165920378250885,2024-02-29,0.11374795500688317,0.11155928494185297,-0.018168577044125778,-0.0006615244345702376
2024-04-15,0.11593274959324351,0.9542626890250017,2024-02-29,0.09447392555912226,0.1110879130754916,-0.03432064518874456,-0.00527745783393585
2024-04-16,0.13050164959913274,0.9694308883228082,2024-02-29,0.09361460897212459,0.11024732769476153,-0.0342310394849783,-0.014583468064082172
2024-04-17,0.12919766000501817,0.9690993842474682,2024-02-29,0.07947194438265304,0.10932232835454703,-0.04601463928860683,-0.02902619803941664
2024-04-18,0.1272693273271123,0.9682135864008621,2024-02-29,0.07256330028972058,0.10836535965650218,-0.05145851446198002,-0.04587964351429641
2024-04-19,0.12605617140788014,0.9682906081194502,2024-02-29,0.04975684956283222,0.10686634204367573,-0.07108313229711316,-0.07002047910280151
2024-04-22,0.1232822221870647,0.9647808362770389,2024-02-29,0.05959912464453354,0.10544212130483421,-0.0617412360259213,-0.0617412360259213
2024-04-23,0.11106000031440214,0.9505133213006007,2024-02-29,0.07458537012390831,0.10401656736032439,-0.04773977396528761,-0.044271172965871464
2024-04-24,0.11480449916791964,0.9550651398506782,2024-02-29,0.07738041244671168,0.10273383558129034,-0.04451369185532583,-0.03791834687497797
2024-04-25,0.11329709289306045,0.9534777879982821,2024-02-29,0.07138888258456655,0.10174511506417083,-0.04912862777686866,-0.04581510729954652
2024-04-26,0.08225535577995394,0.8859325751171494,2024-02-29,0.08709698751324568,0.10082627805910627,-0.03445508834119082,-0.02930122920485667
2024-04-29,0.07944163711206165,0.8826583773369969,2024-02-29,0.09074607124506051,0.09999513041960628,-0.030534717712625836,-0.0274188277250772
2024-04-30,0.10054583896184761,0.9300090166189641,2024-02-29,0.06953843156724515,0.09906414997249491,-0.04881497321688977,-0.03745090091228709
2024-05-01,0.09703415326137506,0.9229976872332304,2024-04-02,0.06125796235870662,0.09823424829912364,-0.05569260884411753,-0.04655052236570856
2024-05-02,0.09766364449391236,0.9224584202200079,2024-04-02,0.07421901033438671,0.0977306060001284,-0.043640122735596365,-0.019387195261901136
2024-05-03,0.0852320786062809,0.8879617363728562,2024-04-02,0.09509456272967043,0.0969135942316135,-0.02441876516420849,-0.01132877138247923
2024-05-06,0.06432634120582222,0.8327356439847406,2024-04-02,0.10617878364638433,0.09621463526792207,-0.013732921723709324,-0.0007945282840572387
2024-05-07,0.07403270167324513,0.8600657827452851,2024-04-02,0.10542888743970935,0.09551545281469132,-0.013575990653329373,-0.004319017092032196
2024-05-08,0.07117403275069868,0.8526531255465943,2024-04-02,0.10386419532706581,0.09476355480681509,-0.014158462324607268,0.003855246441751392
2024-05-09,0.07406920634838692,0.8617564041572998,2024-04-02,0.10538159821650672,0.0941992796641773,-0.012007925434215694,-0.009767257581624
2024-05-10,0.0813301506185644,0.887670817885607,2024-04-02,0.1070653418515004,0.09347001776262776,-0.009677969555510701,0.00864772433444183
2024-05-13,0.08625963199332529,0.8976662219898668,2024-04-02,0.10866948124494358,0.09243648189864961,-0.007392989512672976,0.027884675738288678
2024-05-14,0.06946816738729289,0.8448219427741279,2024-04-02,0.11490142700747441,0.0916808392595756,-0.0010082890465503702,0.034400308766095566
2024-05-15,0.05394435193844911,0.7927224767030425,2024-04-02,0.13132006428273746,0.09158001724919917,0.0,0.06354484655033454
2024-05-16,0.054526648023114965,0.8074912391849854,2024-04-02,0.12801865962281322,0.0912973363223688,-0.0020313985319945216,0.06747586682613926
2024-05-17,0.0607919726706941,0.8311054250115213,2024-04-02,0.12635451684999977,0.09056187370677948,-0.002517032833748045,0.08949729744667678
2024-05-20,0.06318891234000742,0.8372179129542217,2024-04-02,0.1330345663928434,0.0902538046066117,0.0,0.08617064363563531
2024-05-21,0.061778776915611,0.8281898135979036,2024-04-02,0.13404063659581356,0.09003598937570834,0.0,0.07229401275662584
2024-05-22,0.05773138202787331,0.8097417627189829,2024-04-02,0.13265433982077934,0.08954655543421985,-0.00019739531695361912,0.06846259263239518
2024-05-23,0.06455000409421939,0.8393308946335921,2024-04-02,0.126388477755061,0.08911024845434978,-0.004695067603999625,0.06881837157227078
2024-05-24,0.05510452529147665,0.8133882029105284,2024-04-02,0.13574326248355484,0.08882978398034624,0.0,0.06252903684632916
2024-05-28,0.06198747478288677,0.8339293473649303,2024-04-02,0.13872005551564892,0.0888797426517356,0.0,0.06223000060452888
2024-05-29,0.07457708402643334,0.8685426926800415,2024-04-02,0.1294050828035873,0.08857687098086076,-0.007048400134114452,0.07501345229891543
2024-05-30,0.06752603253051165,0.8551888312688768,2024-04-02,0.11615709823880094,0.0880998135863702,-0.017686243390864997,0.07124217172538727
2024-05-31,0.07676213310960633,0.8800416908159558,2024-04-02,0.11289482302512854,0.08728424426608461,-0.019513586479972478,0.05577422841456747
2024-06-03,0.08243834605690996,0.896550645071795,2024-05-02,0.11759403605074104,0.08640206214591761,-0.014248989270171375,0.040530026313363
2024-06-04,0.08076787493981316,0.8910355087282553,2024-05-02,0.1193039026576932,0.08548860467767416,-0.011551581992916615,0.032072718629378105
2024-06-05,0.0516628003502691,0.7970073703653001,2024-05-02,0.14036189731205195,0.08497957940602063,0.0,0.052711622795788005
2024-06-06,0.05599334557705152,0.8117011994258507,2024-05-02,0.13854831536731438,0.08461340078616142,-0.000345161695927354,0.05297003337548323
2024-06-07,0.051260867683316017,0.7930205076583594,2024-05-02,0.13612417155193302,0.08415247208596766,-0.0012297218336562166,0.049748351806583546
2024-06-10,0.05278146801928603,0.7909675471143478,2024-05-02,0.1393478439392779,0.08387541942768784,0.0,0.05150877875499993
2024-06-11,0.05386332421337496,0.7944853337118596,2024-05-02,0.14564060906589282,0.08356279034256664,0.0,0.056287817106019045
2024-06-12,0.027830717930421318,0.6839907821125512,2024-05-02,0.15905638576210923,0.08369413871425446,0.0,0.06328350360478074
2024-06-13,0.02993643150295443,0.686811303287714,2024-05-02,0.16374719614451427,0.08390432778927792,0.0,0.05259444721061035
2024-06-14,0.02917075217760501,0.6718823641811449,2024-05-02,0.16825968890349086,0.08463664836210727,0.0,0.06020189277897092
2024-06-17,0.02913155745936616,0.676991737594869,2024-05-02,0.1809842646321691,0.08535301475426627,0.0,0.07371156339408169
2024-06-18,0.03514973386012217,0.6981595846857981,2024-05-02,0.17978111305790123,0.08608129730283909,0.0,0.06660667362194905
2024-06-20,0.021208806708464176,0.6402707195395085,2024-05-02,0.16918238928471485,0.08659094309885962,-0.007708068974323745,0.05631858479280849
2024-06-21,0.024542357624432347,0.6665861405248052,2024-05-02,0.16457780794414112,0.08724724208785628,-0.010366671330546251,0.0536964334949408
2024-06-24,0.030211124959190774,0.6935469199045913,2024-05-02,0.149897792615451,0.0873263082572755,-0.021633378066686526,0.046407713885365354
2024-06-25,0.028863063243348253,0.6860249281445358,2024-05-02,0.16149952215026975,0.08790487199220531,-0.010445159459487319,0.04845927971371289
2024-06-26,0.02501600380635325,0.6679537831424912,2024-05-02,0.16234445503493267,0.08887193457182074,-0.008401539920539158,0.04667055482130045
2024-06-27,0.02239942382436068,0.6554923462277827,2024-05-02,0.16383490025815273,0.08993549945978341,-0.005842050311081648,0.05682109310450523
2024-06-28,0.026070235693207613,0.6699435075340787,2024-05-02,0.1562726429127026,0.09110738921336048,-0.011002469734328169,0.06272070986400502
2024-07-01,0.01344861856906978,0.6036612599703244,2024-05-30,0.16150853540776633,0.09251017936076389,-0.005202050596261554,0.07094573179327068
2024-07-02,0.023268046777797764,0.6565190456852494,2024-05-30,0.17211794072916708,0.09454724537769921,0.0,0.07641077532190765
2024-07-03,0.022445016561304203,0.6528237522905252,2024-05-30,0.18014616280232199,0.09643579665382118,0.0,0.08242281738222501
2024-07-05,0.0129361195762725,0.6050128725302097,2024-05-30,0.1906272044673034,0.0982026179673865,0.0,0.07209594908771688
2024-07-08,0.005454617195638278,0.5570418088482015,2024-05-30,0.19160762931179032,0.09992578443485645,0.0,0.07501666913406946
2024-07-09,0.020033158884542438,0.6289689582473993,2024-05-30,0.19070934773236847,0.10168707194039062,0.0,0.07689910550427492
2024-07-10,0.004170578837561606,0.5586125644954539,2024-05-30,0.20101206675325334,0.10322231394396786,0.0,0.08374982424721322
2024-07-11,0.015090709386084698,0.6160716514460268,2024-05-30,0.17276993875991886,0.1042888593945106,-0.021930178182697713,0.05275820112534757
2024-07-12,0.020841060618793966,0.6494698186340071,2024-05-30,0.1777343318173521,0.10586156847408557,-0.01618411343508519,0.04525259331507958
2024-07-15,0.012733828826304396,0.6208574087898144,2024-05-30,0.17888156419829038,0.10754985481311641,-0.013539837197488969,0.042411855773800244
2024-07-16,0.019599867714287546,0.6446232986960913,2024-05-30,0.17732973074865943,0.10899493010775818,-0.013162092208158893,0.03743581397372453
2024-07-17,0.03901763789803589,0.7441763536966042,2024-05-30,0.14106823188427753,0.10956958026384855,-0.04213061417435804,-0.005203978497150152
2024-07-18,0.045701542830883866,0.7621030681445831,2024-05-30,0.13401413295871123,0.1098427379344904,-0.046663737983175246,-0.01021809769474058
2024-07-19,0.04264610642157033,0.7551941867818656,2024-05-30,0.1224238624331262,0.11000574352979076,-0.055113735821917254,-0.011370712623890222
2024-07-22,0.024487974268791644,0.6759292559131919,2024-05-30,0.13740851866499937,0.11033925104984688,-0.04103698694262914,0.0060531843508724315
2024-07-23,0.018157231950223677,0.645295590458057,2024-05-30,0.1317607151749829,0.11063159472756157,-0.044416887978469544,0.014052019140462058
2024-07-24,0.06979814491062178,0.8563507990343209,2024-05-30,0.08979573503704374,0.11027477835511834,-0.07869407284941798,-0.033376401026805835
2024-07-25,0.08747357274529788,0.9009636919956499,2024-05-30,0.07656817186195397,0.10977546797499405,-0.08885400901106655,-0.046006268440578535
2024-07-26,0.06666497520464384,0.8461673948650723,2024-05-30,0.08635391628960054,0.1093272171992361,-0.07950928099389665,-0.038703368576248565
2024-07-29,0.061300613335095136,0.8274217711026535,2024-05-30,0.08729492559870966,0.10861153980579119,-0.0776601637835076,-0.03174632189663851
2024-07-30,0.06844506220446761,0.8544583182250887,2024-05-30,0.07125596614926888,0.10775875861741713,-0.09032525860755514,-0.05061000491372314
2024-07-31,0.08251421408011232,0.8871015023106852,2024-05-30,0.10162816882642489,0.107359440696146,-0.06340462828047555,-0.03267079743167123
2024-08-01,0.10959714518096715,0.9401453954523111,2024-07-02,0.07373532022143836,0.10636882002066561,-0.08609035775411877,-0.06390512128594628
2024-08-02,0.11625286026981108,0.9511752442744537,2024-07-02,0.047255396325771803,0.10502343723309226,-0.10778190852268354,-0.09555387771205903
2024-08-05,0.14983079824370812,0.9824539760105055,2024-07-02,0.015210980432029508,0.1032174848900611,-0.13438438940168096,-0.12460282619344354
2024-08-06,0.1226946935325069,0.9604403982674754,2024-07-02,0.023978581187095838,0.10158863687714526,-0.126113423435824,-0.11700189169071673
2024-08-07,0.12742082873124722,0.9676474865940183,2024-07-02,0.011984403614581973,0.09955941069846053,-0.13557740384777506,-0.13557740384777506
2024-08-08,0.09726742282912064,0.9311628253765363,2024-07-02,0.04178546786751025,0.0978341113610619,-0.10913384441210561,-0.08915893761794957
2024-08-09,0.12934798674963413,0.9618666318245008,2024-07-02,0.046050541476180484,0.09635534124456835,-0.10448140689622187,-0.08974981464208209
2024-08-12,0.1401342634301818,0.9715477089972488,2024-07-02,0.04715783742417168,0.0951828041550502,-0.10255289027645398,-0.09023481782181753
2024-08-13,0.12395382205439776,0.9476585918768321,2024-07-02,0.07172173871493137,0.09431792225914548,-0.08028482008982862,-0.06801798689702165
2024-08-14,0.11429887319596177,0.9328119025011301,2024-07-02,0.07056964393420206,0.09326453005281699,-0.07998647450987728,-0.03952090013075127
2024-08-15,0.08780498732634277,0.8778910630007832,2024-07-02,0.09595511715807703,0.0925702117771885,-0.056743968174018944,-0.01057363554966273
2024-08-16,0.04608763214723847,0.7792613636127195,2024-07-02,0.09574770863394955,0.09152525591547134,-0.055531211172079376,-0.0004418260334488888
2024-08-19,0.03487119914457877,0.7224854596281061,2024-07-02,0.10844994557547527,0.090720663640812,-0.04312479287943649,-0.002177149596365502
2024-08-20,0.03493909243673116,0.7232884028553633,2024-07-02,0.10453096784891014,0.08997946714426508,-0.04513277022086826,-0.0007491574865573503
2024-08-21,0.04062642308602034,0.7468608462132451,2024-07-02,0.10814037111151453,0.0893101288160143,-0.04067916844600028,0.0412619774638705
2024-08-22,0.04940127693219759,0.7874886227424217,2024-07-02,0.08920594655958847,0.08829412685894322,-0.05588909098099348,0.03617962253699192
2024-08-23,0.04826979222264319,0.7802510394926053,2024-07-02,0.09959642211149311,0.08719065034522777,-0.045649816722251324,0.036784145209204144
2024-08-26,0.05623697603654,0.8156043400820577,2024-07-02,0.087617373624298,0.08586038261105178,-0.054914961393186745,0.024660327459804066
2024-08-27,0.053473375186282354,0.8046117770140762,2024-07-02,0.08954726671664992,0.08447084584858233,-0.05209159197042046,0.042030040955748804
2024-08-28,0.05903557569532786,0.8198629848782818,2024-07-02,0.07591393045436945,0.08260172471184468,-0.06284791273054569,0.000594403481738004
2024-08-29,0.05313595166526685,0.7929863793356062,2024-07-02,0.07318375160160007,0.08080916653845294,-0.06421971380038372,0.023930860276283994
2024-08-30,0.04349300793197709,0.7466692377202426,2024-07-02,0.08472505934800978,0.07936273428530849,-0.053065844182797695,0.061325885299286176
2024-09-03,0.05455865021209931,0.8021854118640873,2024-08-02,0.05085165058328567,0.07759655089608364,-0.08181560391527987,0.060729941607759574
2024-09-04,0.046064237690061974,0.7626387066686849,2024-08-02,0.04720264948943442,0.07604533930806245,-0.08420151018289757,0.04796035821686351
2024-09-05,0.06174997322603661,0.8277112652215147,2024-08-02,0.047261511479028906,0.07426890302773503,-0.08334651036530161,0.0604228692250377
2024-09-06,0.05521938765916636,0.7828479997932004,2024-08-02,0.01845935358766182,0.07204139567496104,-0.10790116091746482,0.0013836910145355041
2024-09-09,0.022641173913492435,0.6026456451987549,2024-08-02,0.030786259000066707,0.07000936785826517,-0.09642901922722613,0.008991871001904128
2024-09-10,0.0229414713737267,0.602368905655285,2024-08-02,0.03946013446656371,0.06820590093784085,-0.08807859253970507,0.016128301690344404
2024-09-11,0.03870603071171308,0.7054414985460722,2024-08-02,0.06106249650193418,0.06662801782206995,-0.06827582803007615,0.013057294608234571
2024-09-12,0.009450823547186371,0.5314395940221,2024-08-02,0.07043797400225227,0.06497020146957988,-0.05912993575392189,0.022669817538654602
2024-09-13,0.02461045133827324,0.601939811240177,2024-08-02,0.07416091624577703,0.06319839040039454,-0.054914961393186745,0.001939035340480677
2024-09-16,0.0334127852210083,0.6633635645435374,2024-08-02,0.06838744864068835,0.06114142684855173,-0.05909014408080471,-0.0037681847730954843
2024-09-17,0.04066960580743953,0.7020548703023102,2024-08-02,0.06791752731866385,0.05903896337681136,-0.0585932080089786,-0.016165551175779558
2024-09-18,0.04597595710118486,0.7464108434425434,2024-08-02,0.06227922816019493,0.05684160703571739,-0.06266894216994601,-0.018365036941454083
2024-09-19,0.002876529731116051,0.48774520142509104,2024-08-02,0.08796698061753316,0.05482302549840434,-0.03896941405994936,0.0017822550389960945
2024-09-20,0.004787228287738563,0.49456286692253454,2024-08-02,0.0846974727335652,0.05323167689249031,-0.040798420840781446,0.015984001451579744
2024-09-23,0.0050640510072098195,0.49217915945181834,2024-08-02,0.08636933850033834,0.051567756162313794,-0.038255922996674685,0.0077475688223604955
2024-09-24,0.008664025652580558,0.5138980391549258,2024-08-02,0.0903474287033863,0.04989881496443438,-0.033616790246686956,0.02253571930193332
2024-09-25,0.0008578229722616482,0.4811914305694438,2024-08-02,0.09015765079636906,0.04830295970108911,-0.032720895134839556,0.02043519887733347
2024-09-26,-0.006974462783960066,0.43217510647410134,2024-08-02,0.0971175480898201,0.04750393267628428,-0.02545361127827228,0.03990206281376141
2024-09-27,0.0013229026224024498,0.4758715857711615,2024-08-02,0.08987359272291795,0.04675770751014374,-0.030869202808470497,0.035639253662156145
2024-09-30,-0.0006951455868498111,0.4745502083597668,2024-08-02,0.09170333762780492,0.04628311825975673,-0.028241051701891062,0.026215964783193213
2024-10-01,0.040104713363768335,0.6318799860632949,2024-08-30,0.07552751586380935,0.045327880913906826,-0.04178009183967202,0.04360291053335841
2024-10-02,0.04855648696751986,0.6908674209919448,2024-08-30,0.07606966648873237,0.044468546490836314,-0.04042607133255205,0.04780029595712487
2024-10-03,0.02420200972831402,0.548985680130874,2024-08-30,0.07431823262673132,0.04438953671760393,-0.028353978733630547,0.046040993225140436
2024-10-04,0.0453704159634268,0.6789329424966521,2024-08-30,0.08610463232538024,0.044756362029499286,-0.01679331669573525,0.0876212183806786
2024-10-07,0.04759916166190531,0.6861549087896133,2024-08-30,0.07357451804039372,0.044765830955670216,-0.027324980901223705,0.06231010206624821
2024-10-08,0.03585543876036608,0.6258875721208271,2024-08-30,0.08853925508168858,0.044900321600866766,-0.012798541087096882,0.06830239350980416
2024-10-09,0.0350481386944202,0.6094859057331781,2024-08-30,0.09603944159900757,0.04549793059409746,0.0,0.05382403824071136
2024-10-10,0.037070055655865526,0.626243269157387,2024-08-30,0.09374734872789747,0.045482625908614516,-0.0011355476043286572,0.04239512212637164
2024-10-11,0.028310898170177866,0.5853984765175902,2024-08-30,0.09443075139875301,0.04602694380647199,0.0,0.039368287273785274
2024-10-14,0.024565755093361705,0.5503061973527845,2024-08-30,0.10254130106900061,0.04719827234743512,0.0,0.05274091520317614
2024-10-15,0.0372221390916679,0.6240448480766836,2024-08-30,0.08682445883556289,0.048739389449808046,-0.013366853269091261,0.03812080439001653
2024-10-16,0.028238220434137897,0.5707957875194705,2024-08-30,0.08595757926968206,0.05007531256369013,-0.01324627558561886,0.042762217603584673
2024-10-17,0.0310980494261682,0.595885017545736,2024-08-30,0.08562429193040844,0.051549784327174164,-0.012562857616820411,0.017751542710909396
2024-10-18,0.01451874549137101,0.5069312765044139,2024-08-30,0.09156007922175236,0.05249037117511057,-0.006090410979254224,0.026376064469838534
2024-10-21,0.024968584110721552,0.5696512533547116,2024-08-30,0.092441249720012,0.053333031305226264,-0.004180851669641883,0.025629426202089967
2024-10-22,0.02875391975390409,0.5882743373375727,2024-08-30,0.09241645935557319,0.0541541023924359,-0.0030954668238055705,0.02181839130238661
2024-10-23,0.04009571443521314,0.6530092322341933,2024-08-30,0.07466860787058804,0.05432962227453264,-0.01837187940250906,0.005228295739632793
2024-10-24,0.03623748776677608,0.6361920999997486,2024-08-30,0.08233111446617958,0.05463567275769976,-0.010412081042068477,0.00582259680179642
2024-10-25,0.0213486920861935,0.5378425775415908,2024-08-30,0.08786715336859574,0.05455709841877088,-0.004381958904550509,0.017606524416900138
2024-10-28,0.01742351442129385,0.5170375134590802,2024-08-30,0.08699480538033266,0.054464324826936084,-0.004221023598067752,0.015018421908553181
2024-10-29,0.0003538009119566088,0.41003820730126067,2024-08-30,0.09632804783419968,0.054254643869192876,0.0,0.03925037274817034
2024-10-30,0.02145601461565427,0.5163820258855387,2024-08-30,0.0869868034170449,0.05396717230451631,-0.007557472048134173,0.02994090066079269
2024-10-31,0.034310659660283044,0.6113468140578255,2024-08-30,0.058639513064755455,0.05315199528473413,-0.032609530179863344,0.00469278319770039
2024-11-01,0.002560810165779741,0.44892534749769775,2024-10-03,0.06558374626612307,0.05285376704479572,-0.0254519488098065,0.00022565590766343568
2024-11-04,0.027775909769770096,0.6325131031137154,2024-10-03,0.061706136671229705,0.052379385062373274,-0.028290957132642847,0.008110264853770977
2024-11-05,0.012592606396715052,0.547385890445415,2024-10-03,0.07440180582583023,0.05231462225389061,-0.015894961802282337,0.005947281676018434
2024-11-06,-0.001785136949938062,0.4853797675038627,2024-10-03,0.10257620807109769,0.052637850329229297,0.0,0.02520534772047478
2024-11-07,-0.02206816054206544,0.35461192596130997,2024-10-03,0.11884287404657257,0.05347826975988679,0.0,0.042530139349460816
2024-11-08,-0.018722211746033817,0.37579719766591246,2024-10-03,0.11905771542664523,0.05437222214973558,0.0,0.042119405017839284
2024-11-11,-0.018116374331705817,0.3861349208660768,2024-10-03,0.11728787145288755,0.05498219012408012,-0.0005834958830358561,0.03284423443074713
2024-11-12,-0.007894493561962219,0.4534000567312676,2024-10-03,0.11421649662607125,0.05623810202212032,-0.002392440931223927,0.04494237657368183
2024-11-13,-0.022908642177254426,0.3586314796189153,2024-10-03,0.11171088185527234,0.05749003277652576,-0.0036759881262001803,0.04347040336519159
2024-11-14,-0.021855770040481014,0.3680056086730463,2024-10-03,0.10286556166159522,0.05851223356696966,-0.010600255068319409,0.03550129759412268
2024-11-15,-0.0029068523013038275,0.4854877475834142,2024-10-03,0.07569671203846307,0.0597367737853447,-0.034173560616818976,0.004246951174323055
2024-11-18,0.003952528320056107,0.5360085812791796,2024-10-03,0.08231616340056513,0.06090110237575508,-0.027463357961906687,0.009284985793151845
2024-11-19,-0.0005202672714678764,0.509472621665845,2024-10-03,0.08885646647330914,0.06198506815443117,-0.020772621141729286,0.015122115350167054
2024-11-20,0.009277622733876938,0.5664992285763454,2024-10-03,0.08731911355320499,0.0626183433016394,-0.021336531400278136,0.030326093755675076
2024-11-21,-0.0038818710684753164,0.4831273003190034,2024-10-03,0.09034848361786918,0.06315986524025341,-0.01781621005708045,0.02571496071236834
2024-11-22,0.0077256405066660734,0.5524084584794456,2024-10-03,0.09121552117416698,0.06364396444247022,-0.016240735235957926,0.021137887791598198
2024-11-25,0.002445060286507314,0.5242426014202634,2024-10-03,0.09210009679808007,0.06429166487854432,-0.01468472624957029,0.02258772364675954
2024-11-26,-0.010441852161319435,0.4477534625321422,2024-10-03,0.09706690816353869,0.06499406959079423,-0.0093943915276542,0.01829412116373552
2024-11-27,0.002001398878856187,0.5279325438089255,2024-10-03,0.08750876032224619,0.06557928937530688,-0.017193782504574928,0.017970008544473393
2024-11-29,-0.009168169303603506,0.45792894060276823,2024-10-03,0.09613993344056793,0.06584495048796302,-0.008558019477693968,0.0535082808070646
2024-12-02,-0.026985118656110387,0.3525456674386246,2024-10-31,0.10709079030867019,0.06633926731595219,0.0,0.057157035862413164
2024-12-03,-0.01724537268943917,0.4172485910837316,2024-10-31,0.1094348365550919,0.06678270882026305,0.0,0.06349671302388682
2024-12-04,-0.027146264987190877,0.3649578361383708,2024-10-31,0.12197327840163652,0.06728928211978946,0.0,0.06308297402102903
2024-12-05,-0.029331545485994155,0.317018072114139,2024-10-31,0.11768927174602917,0.06771050963814784,-0.0027712914218025464,0.0321015795763977
2024-12-06,-0.03209233972421376,0.3258146715924801,2024-10-31,0.12660274600022547,0.06826292111090027,0.0,0.025197716154151006
2024-12-09,-0.021477865670400456,0.3868686659042416,2024-10-31,0.11678404032806289,0.06878742930003567,-0.007787495086753915,0.016026730843627046
2024-12-10,-0.016579290272912158,0.42151617587462403,2024-10-31,0.11195704514665206,0.06919623990542978,-0.011168627285829236,0.01315561976838664
2024-12-11,-0.03933858829568867,0.3058264192172043,2024-10-31,0.13072640223391252,0.07019780810398446,0.0,0.03316377456138109
2024-12-12,-0.03530301033102714,0.326767447391501,2024-10-31,0.12231406735156414,0.07103512538402246,-0.0064538436282386424,0.027818314237028963
2024-12-13,-0.03352512052938244,0.34561077367932314,2024-10-31,0.1297799602961034,0.07205415339861099,0.0,0.0429339949093579
2024-12-16,-0.03612577285403794,0.3251201186499023,2024-10-31,0.14489761341140683,0.0731403382204483,0.0,0.08377462580680373
2024-12-17,-0.027203267886065356,0.3689781107088336,2024-10-31,0.13872087156938773,0.07435446313135397,-0.0044038036522239254,0.07155711511078167
2024-12-18,0.02916255706056123,0.6829609753237833,2024-10-31,0.09668025964272631,0.07456960665270751,-0.04032185154531953,0.02584117622124915
2024-12-19,-0.007796182132200364,0.47676218569016415,2024-10-31,0.09090133509814025,0.07458073598772308,-0.044595707455876155,0.021861130011923136
2024-12-20,-0.008644668178817056,0.49730495448540135,2024-10-31,0.0995514681819405,0.07483035822565509,-0.03625250167999372,0.027090164131865713
2024-12-23,-0.009340757379143257,0.49457017137556997,2024-10-31,0.1092459449016967,0.07513059580463621,-0.02686307639347929,0.03543581902085058
2024-12-24,-0.03218347900862114,0.3604326632414684,2024-10-31,0.12315368826303907,0.07545634597321582,-0.013667343852138636,0.04781899225955977
2024-12-26,-0.013091715477517862,0.4770564642876829,2024-10-31,0.12133824583625641,0.07612243117321049,-0.014337510276800747,0.04151496779958208
2024-12-27,0.0010177812960739168,0.5479591382897531,2024-10-31,0.10543840666270698,0.07652845303503075,-0.027440087854057493,0.035825355983139184
2024-12-30,0.006850569217479055,0.5780318293299648,2024-10-31,0.08982489140891303,0.07669214071825015,-0.040374952163667044,0.013146712974388075
2024-12-31,0.02686762323243809,0.6914177607085128,2024-10-31,0.0796557677894918,0.07652556689362844,-0.048526698166930005,-0.006279229580028689
2025-01-02,0.01671741769965135,0.6123898250203312,2024-12-02,0.07669392225899507,0.07633511824991102,-0.050387851951813944,-0.011254799943662519
2025-01-03,0.03764976516391021,0.7347998336384879,2024-12-02,0.09336796050423346,0.07639191965813019,-0.03484728079057664,-0.007345893774734269
2025-01-06,0.027237793753990262,0.6826823830977425,2024-12-02,0.10496935569144528,0.07701051597173492,-0.023754859164342723,0.006852881807883238
2025-01-07,0.04796628160145952,0.7818922480879247,2024-12-02,0.08443693076717196,0.07719740642237571,-0.041175237991478264,-0.01988536928893636
2025-01-08,0.04642193974010266,0.7755267503650544,2024-12-02,0.08381707815366535,0.07726653430054564,-0.04100781082630056,-0.012020337784065749
2025-01-10,0.06203299521667638,0.839871997850947,2024-12-02,0.06609887594787844,0.07706574993649018,-0.056045757169041255,-0.024187590287627403
2025-01-13,0.06659648154649365,0.8529481162051276,2024-12-02,0.061955284813343336,0.0765993346817384,-0.05907941609461431,-0.04443081411059169
2025-01-14,0.0617822609377162,0.8352615645646038,2024-12-02,0.06025337464918645,0.07629423532915758,-0.05997274244552153,-0.03913678717504354
2025-01-15,0.04727385832213191,0.7811669783407214,2024-12-02,0.08379579797277059,0.0768614621602608,-0.038346199552123705,-0.024497912197482208
2025-01-16,0.06628872848760012,0.8490456124918637,2024-12-02,0.0754113040899902,0.07717766203311016,-0.045083512166450346,-0.045083512166450346
2025-01-17,0.06341333534953306,0.8374530261009152,2024-12-02,0.09261594561416442,0.0777746534271826,-0.028966158426610322,-0.02467100101877695
2025-01-21,0.08131704540276469,0.8973586738470324,2024-12-02,0.09804999079254917,0.07821622970136888,-0.023271002667848317,0.017767257600818986
2025-01-22,0.05485731798689753,0.8050046747417174,2024-12-02,0.11094847877654246,0.07822801434601168,-0.010782744313198478,0.03539126148642047
2025-01-23,0.041952539220056616,0.7189106080172412,2024-12-02,0.11221549748622772,0.0779998411138878,-0.008679662280067335,0.028610024355955277
2025-01-24,0.05204035140263199,0.7638389186108212,2024-12-02,0.10487995316308507,0.07765682777112692,-0.014281663074745543,0.012928718470681444
2025-01-27,0.08356266962254731,0.8958470458166141,2024-12-02,0.07188423817857026,0.07687544487511078,-0.042980544574307,-0.029719385786790786
2025-01-28,0.06278180513648209,0.8319670871110305,2024-12-02,0.08675875073450667,0.07632229086299236,-0.02883581014148573,-0.014709193071511195
2025-01-29,0.05376302529317837,0.7932570229227576,2024-12-02,0.08384305500688183,0.07584571918770355,-0.030659656164340965,-0.0033104061457555067
2025-01-30,0.04597360271897021,0.7586757574933626,2024-12-02,0.08748056113389024,0.07550619653451873,-0.026528107622135977,0.01442943217536019
2025-01-31,0.02381688176109989,0.6331987257005861,2024-12-02,0.08484922634076408,0.07556674022713405,-0.027942598231566307,0.021633922776085557
2025-02-03,0.028633443278478846,0.6652714292668567,2024-12-31,0.07517339037324033,0.07535782264408764,-0.03572206770145736,0.01544397286881849
2025-02-04,0.03782252998906556,0.7106880066242705,2024-12-31,0.08723681550946849,0.07514136113103742,-0.023885207449467427,0.011357864017715658
2025-02-05,0.03643809043554902,0.7021956707096233,2024-12-31,0.09097880535473424,0.07498249595352524,-0.019455769015972346,0.0044036994075999925
2025-02-06,0.0380148487136486,0.7111760092082134,2024-12-31,0.09534826401023411,0.07473549767756893,-0.014337510276800747,0.027990232186388964
2025-02-07,0.03139074189236504,0.6767616210683766,2024-12-31,0.08034771662715401,0.0742998788353737,-0.02677003587038318,0.014846601585134067
2025-02-10,0.020496289887007912,0.6139365796885281,2024-12-31,0.0922280680898635,0.07409231078002199,-0.014988908379460653,0.0434945328138463
2025-02-11,0.022384936763912813,0.6210302587983911,2024-12-31,0.08846603340810844,0.07375109578187278,-0.017333918660839,0.044366653411392454
2025-02-12,0.020976679871178027,0.610286855256001,2024-12-31,0.08791849501961324,0.07356217055847747,-0.01675713608223639,0.04597271623347643
2025-02-13,0.014349831289328225,0.5733252190305416,2024-12-31,0.10235601915315695,0.0734920317756651,-0.0026123444289211095,0.03715875204419716
2025-02-14,0.009807806329400382,0.5478361401619761,2024-12-31,0.1057630568435366,0.07328119842731073,0.0,0.04886164702174245
2025-02-18,0.014577363981087284,0.5706525847387643,2024-12-31,0.10694224733029234,0.07295328298255388,0.0,0.03379073562366042
2025-02-19,0.021580041923111665,0.6092284509172008,2024-12-31,0.105889250818056,0.07233552219680806,0.0,0.028048867791952148
2025-02-20,0.03188389936063475,0.6656693503952084,2024-12-31,0.09992932353791595,0.0717686670403237,-0.004244616074401963,0.010761800190585147
2025-02-21,0.04893989462983021,0.7539850464091024,2024-12-31,0.07608072130054477,0.0707719566272833,-0.024911062853323895,-0.012315920373887512
2025-02-24,0.04372672444082008,0.7267178672606185,2024-12-31,0.0624911635473846,0.06981040533470861,-0.03642132011514698,-0.018427941889626265
2025-02-25,0.04358886011046027,0.7303193852636466,2024-12-31,0.04830080282958393,0.0687277656671621,-0.04856177914866977,-0.001730810014662354
2025-02-26,0.03665894196361146,0.692243787526174,2024-12-31,0.05001275199288635,0.0673013044658537,-0.046263386160338316,-0.013893921594898662
2025-02-27,0.04915750937630355,0.7568090338583788,2024-12-31,0.02021466168225894,0.06559918891975514,-0.0727499249502005,-0.0394755390060707
2025-02-28,0.04552374952593014,0.7426020610749375,2024-12-31,0.035605860355204966,0.06398277550925147,-0.05810723607715096,-0.028448370517833665
2025-03-03,0.06354597946227432,0.8412793327394856,2025-01-30,0.01236645607372,0.061736210908375,-0.07871823604136408,-0.04832556350028405
2025-03-04,0.08163818580917559,0.8959744207766176,2025-01-30,0.008780583778966733,0.059574242400895816,-0.08149844076490842,-0.043542866922130385
2025-03-05,0.06683982491683339,0.8536013596628164,2025-01-30,0.021398947382968547,0.058467879979065884,-0.06952477805888058,-0.04282409252872643
2025-03-06,0.08808399708839189,0.907804377644229,2025-01-30,-0.007086026872212381,0.057032977816082076,-0.09512166045487591,-0.07336042523208997
2025-03-07,0.09384949369111194,0.9189194989199847,2025-01-30,-0.0002126578692087655,0.05552202155090891,-0.08846758680646183,-0.07139348264133394
2025-03-10,0.12515470738186413,0.9651554558817921,2025-01-30,-0.03915520259039862,0.05327022033528084,-0.12379524272028342,-0.09598013124796567
2025-03-11,0.12323062981589246,0.9630495669982101,2025-01-30,-0.041626242255503376,0.050706764621081035,-0.12588968488657737,-0.10892765586948439
2025-03-12,0.10354510317537574,0.9366728848967385,2025-01-30,-0.03104453347371483,0.04831744568040608,-0.1160290985795358,-0.09672530489729303
2025-03-13,0.12444001662863681,0.9577270720557276,2025-01-30,-0.04863842825771636,0.04593616473532913,-0.1319320770251422,-0.11349590570063994
2025-03-14,0.09923382672743272,0.8898188665696405,2025-01-30,-0.025879277977017834,0.04422306373758156,-0.11095055785308106,-0.10494491240176329
2025-03-17,0.09677818198785096,0.894889693680152,2025-01-30,-0.019814168911201135,0.04280024458116216,-0.10518619758395487,-0.10290813655971343
2025-03-18,0.12212467378613466,0.9386957761350992,2025-01-30,-0.03672129637866206,0.04113752694677353,-0.12044045399601144,-0.12019568995089114
2025-03-19,0.09265236045804319,0.886268101468858,2025-01-30,-0.024142387469102355,0.0392760101366052,-0.10867068512659994,-0.10867068512659994
2025-03-20,0.10495693018788668,0.9084397366255165,2025-01-30,-0.027752156966936004,0.037116085348630534,-0.11169188119588236,-0.10790528161433344
2025-03-21,0.10087923412894446,0.9125358297858124,2025-01-30,-0.02484162483532626,0.03540993466024012,-0.10876340040669352,-0.0859945532750479
2025-03-24,0.0843384076981834,0.8861531766805353,2025-01-30,-0.0038374365391288245,0.03403135572139648,-0.0892057759511038,-0.054779601228064134
2025-03-25,0.08112967333673596,0.8910117718611748,2025-01-30,0.0015142103775001026,0.033161077234779235,-0.08400836363628073,-0.03725579203229201
2025-03-26,0.09763615369254294,0.9251772835663494,2025-01-30,-0.017151890407879122,0.03208237541437686,-0.10086316957014985,-0.057248282825168584
2025-03-27,0.09721240193478818,0.9254600606663629,2025-01-30,-0.022964934916255286,0.030936261876564952,-0.10598638686672956,-0.035844118874559405
2025-03-28,0.11496141970908727,0.9449457082058046,2025-01-30,-0.0487551040789137,0.02895734752633583,-0.12952387313039382,-0.07582247129259467
2025-03-31,0.11664339619331057,0.9580227559104106,2025-01-30,-0.048831756923524705,0.02715777171821121,-0.12956097063951544,-0.05518695429255682
2025-04-01,0.09073007887896858,0.9023041658804698,2025-03-03,-0.041178232900002554,0.025184938783706645,-0.1225442987567833,-0.04468784791836056
2025-04-02,0.1141486997395059,0.9559940231596717,2025-03-03,-0.03420309219430884,0.023218873686349006,-0.11614022015063752,-0.05009853136605802
2025-04-03,0.17049696921834973,0.9846159373957333,2025-03-03,-0.08566811199979185,0.02023622158902305,-0.1634564119653884,-0.07551816473456963
2025-04-04,0.25102116608497493,0.99,2025-03-03,-0.14193877331383242,0.016419015943769377,-0.21541315456018995,-0.13926610388869942
2025-04-07,0.2626815700330348,0.99,2025-03-03,-0.1393564421238862,0.012751784331635374,-0.21351981394487962,-0.10240137419837447
2025-04-08,0.2560940429390478,0.99,2025-03-03,-0.15431864564720932,0.009436057277296683,-0.22768314145582247,-0.11645378713559362
2025-04-09,0.15680810279534854,0.9649717746530311,2025-03-03,-0.05270238177008968,0.007314161673875663,-0.13498130992159485,-0.021439858836534764
2025-04-10,0.20074909904812013,0.9846478340396045,2025-03-03,-0.09275652053178507,0.004572573553569548,-0.17177246541953695,-0.045895473545275345
2025-04-11,0.1891613911614463,0.9823743700660852,2025-03-03,-0.0758278103525899,0.002044980482350578,-0.1565139351008995,-0.05124954258763137
2025-04-14,0.17441223363531372,0.9763650320080433,2025-03-03,-0.0693674277574915,-0.0003488936337256998,-0.15079664478958366,-0.050971997841872896
2025-04-15,0.16927142098212936,0.9706420940182494,2025-03-03,-0.06812659425044687,-0.0025458292589612963,-0.14984994598921786,-0.033436612821518996
2025-04-16,0.18014010827661833,0.976147494895552,2025-03-03,-0.09592444473672734,-0.005449742482955711,-0.1754850086173354,-0.07496031194735853
2025-04-17,0.184391173872816,0.9802182498411263,2025-03-03,-0.09575905682569663,-0.00842657454632001,-0.175633398653822,-0.07198123725810446
2025-04-21,0.1935040140898211,0.9810633425485731,2025-03-03,-0.1176718382658496,-0.011803833586451984,-0.1960337805017316,-0.097920552336901
2025-04-22,0.15570390769784906,0.9675571288966742,2025-03-03,-0.09409966983392515,-0.014522840566544293,-0.17492803311172078,-0.09411813875975461
2025-04-23,0.1259090742047338,0.9600130969237035,2025-03-03,-0.07318368950665288,-0.017140928015651036,-0.15621692708624202,-0.07883102921835938
2025-04-24,0.11341918821548899,0.9510180722518982,2025-03-03,-0.04683601232385293,-0.01930419968563113,-0.13247526205885596,-0.035158266705183516
2025-04-25,0.08238974385214365,0.8929533801903976,2025-03-03,-0.03598449543947113,-0.02131648520930607,-0.12280426624774021,-0.018811659167100037
2025-04-28,0.10298608257560857,0.9384922164841611,2025-03-03,-0.03601232940384169,-0.023592563444126635,-0.12308269701512642,0.0073996011107519966
2025-04-29,0.08100748670684449,0.8967672292992994,2025-03-03,-0.029505119206489683,-0.025974470457994392,-0.11729104072930396,0.01409625429965633
2025-04-30,0.060748864615776596,0.8287161427925893,2025-03-03,-0.029457997913853395,-0.02838012123953826,-0.11740244722751114,0.005859955690055818
2025-05-01,0.0247736912518257,0.7158642297140985,2025-04-01,-0.016659252620341847,-0.03058752009950838,-0.10587515132478564,0.011613911007016808
2025-05-02,0.013592110911475209,0.6738388666348999,2025-04-01,-0.0020088630756912584,-0.03247888061303106,-0.09260284785781547,0.08469799436755876
2025-05-05,0.028298712693132798,0.7289792387017808,2025-04-01,-0.007993496489337781,-0.03414866241861403,-0.09798597565993106,0.149667534681178
2025-05-06,0.04368793301022936,0.7853925897797376,2025-04-01,-0.017261771274812876,-0.03572746145935035,-0.106376281117744,0.13623170008204943
2025-05-07,0.06832280176724684,0.8567457224300494,2025-04-01,-0.013506274159681309,-0.03702211709266523,-0.1028679736690884,0.16161134695675505
2025-05-08,0.062276042753311306,0.8208839109779784,2025-04-01,-0.003403587913235806,-0.038143154538791135,-0.09360516442915312,0.04783266068932157
2025-05-09,0.07291166772051078,0.8560479409212632,2025-04-01,-0.004153307928052019,-0.03870812795490974,-0.09419912347304715,0.09366187274344173
2025-05-12,0.04976400906462777,0.7900594351088768,2025-04-01,0.035925526450649725,-0.03914673599739493,-0.0572966754477402,0.11762762158379925
2025-05-13,0.05213098132449766,0.7902114223049155,2025-04-01,0.051077373749409904,-0.03894221213333415,-0.042929055202233335,0.12702209538564868
2025-05-14,0.04913119878539021,0.7747390663444732,2025-04-01,0.05675395251906079,-0.03853543881222643,-0.03719335859990924,0.13251376843161378
2025-05-15,0.04835306837928855,0.7728900500206768,2025-04-01,0.05729681243270268,-0.038365130738638564,-0.03202646329700898,0.16900829062326617
2025-05-16,0.04476118321403128,0.7732985966409622,2025-04-01,0.061184914958823944,-0.03762603577236334,-0.007208728785824459,0.1743073820262746
2025-05-19,0.04364211960483268,0.7595146619455473,2025-04-01,0.06162942080279188,-0.036886286174383165,0.0,0.2052596918447671
2025-05-20,0.030995950821645107,0.6939623142566673,2025-04-01,0.05741687980652688,-0.03553866492892144,-0.0033331882706211236,0.1705139636637394
2025-05-21,0.0345821118996111,0.7096737927244754,2025-04-01,0.042020057211347384,-0.03447623331081151,-0.01718363880796092,0.1286518625414914
2025-05-22,0.02766393005667438,0.6894418358032539,2025-04-01,0.043116245766241956,-0.03373192956664206,-0.015344557266642078,0.09981807225164352
2025-05-23,0.02056529194584896,0.6648390080324997,2025-04-01,0.03270506462994893,-0.03274714874815232,-0.02446316014805805,0.07761988694328514
2025-05-27,0.0033484176781148007,0.5995038070006498,2025-04-01,0.056053087918750855,-0.03190035796557056,-0.0015133961494083747,0.1033213871442542
2025-05-28,0.0017285246106130713,0.5913877524221985,2025-04-01,0.05059727901490407,-0.03112183639450805,-0.00593867140590465,0.09122442460609004
2025-05-29,0.0031497354535267733,0.598079745207712,2025-04-01,0.05190068278372384,-0.02995782846096673,-0.003984559054442061,0.09350755020183521
2025-05-30,0.0007305835599560736,0.586584608521711,2025-04-01,0.049500904942725965,-0.029067511710154537,-0.005555588227337593,0.0777071911550582
2025-06-02,0.0073755337669749056,0.5536972099636561,2025-05-01,0.057120079671899804,-0.027877791323317802,0.0,0.07033137120076893
2025-06-03,0.013959342583961035,0.5955044753744487,2025-05-01,0.06466667176547625,-0.026626846438151053,0.0,0.0851356535178538
2025-06-04,0.02074513531770666,0.6300940824266981,2025-05-01,0.06702640254414538,-0.025643492344820218,0.0,0.09837771862856015
2025-06-05,0.016439693058526033,0.603369190376655,2025-05-01,0.058440785114676874,-0.024889626593579628,-0.007526905817360152,0.08584736824219497
2025-06-06,0.012196737150603109,0.5944019984408111,2025-05-01,0.06823998119727537,-0.023553004975898184,0.0,0.08525668608021308
2025-06-09,0.006260605606992265,0.5635961637153871,2025-05-01,0.0692455987670626,-0.02209269105973477,0.0,0.08756690417279711
2025-06-10,0.008037755540391236,0.5339736087549517,2025-05-01,0.07573348587049389,-0.01999451392517937,0.0,0.05190509080459127
2025-06-11,0.01493254234871592,0.5654570216385861,2025-05-01,0.07146484787888041,-0.01802772848515588,-0.003369470735531177,0.03262265812937093
2025-06-12,0.008178432811636636,0.5227468602163707,2025-05-01,0.07337757697969649,-0.01612671695511836,-0.0010295636950877762,0.02888101599546289
2025-06-13,0.03278374179582305,0.6463850008691097,2025-05-01,0.05932884149329398,-0.014615500753494493,-0.013571437848108436,0.014848202425459922
2025-06-16,0.026882288023192695,0.6240375249823572,2025-05-01,0.07342024484287935,-0.01184582197174866,0.0,0.024505867428779915
2025-06-17,0.03175050426703476,0.6447008712114192,2025-05-01,0.06231428379456405,-0.008166434906531905,-0.00975135128675042,0.013543642901081787
2025-06-18,0.04253465738763107,0.717853363121902,2025-05-01,0.061489413930048586,-0.004541974649349356,-0.009919816834511708,0.01676026770262129
2025-06-20,0.035716600791915416,0.6858548281153716,2025-05-01,0.05659668161371556,-0.0006249015011653425,-0.013962300490135915,0.026879154176350673
2025-06-23,0.03625605725135442,0.6921004882774587,2025-05-01,0.06668527721420303,0.00130426741320111,-0.003823570375620755,0.035500162782317934
2025-06-24,0.008202600938340913,0.5453807223711431,2025-05-01,0.08210949144110113,0.004256628214496017,0.0,0.06116209960535124
2025-06-25,-0.00415010976041413,0.4690845513538899,2025-05-01,0.08397729547693222,0.006920895496686175,0.0,0.039422310904804636
2025-06-26,-0.009033313600964458,0.4396626577827632,2025-05-01,0.09301749233808443,0.009484970634561218,0.0,0.05381160135875196
2025-06-27,-0.021142185531440646,0.3772379357727622,2025-05-01,0.09570539716773996,0.012137447190176509,0.0,0.05534510136932402
2025-06-30,-0.012882146647413679,0.42138852012489003,2025-05-01,0.10174983692613893,0.01548399282721502,0.0,0.06385848288482476
2025-07-01,-0.025871832039207537,0.34856428714048404,2025-05-30,0.09157995583186707,0.01878971096721993,-0.008429251333194498,0.04662437812550779
2025-07-02,-0.013115358011749068,0.41086814313236664,2025-05-30,0.09830371306122787,0.02268761196478697,-0.0015227773448708293,0.045739819669435855
2025-07-03,-0.018327453447183367,0.38727551161869855,2025-05-30,0.10818822491763314,0.026308829780879117,0.0,0.05309427785398135
2025-07-07,-0.013220604185484692,0.4275274041276343,2025-05-30,0.09894873661844095,0.029377867005639935,-0.007532889615530336,0.053087928559829356
2025-07-08,0.007454347404377682,0.5560578528556855,2025-05-30,0.09867430482469142,0.03194538147393722,-0.006975743122940026,0.043478774695712596
2025-07-09,0.010169893892495462,0.5692179343734287,2025-05-30,0.10549030708685825,0.034396151364698646,0.0,0.049320966272641265
2025-07-10,0.0053701154001414555,0.5440358227035247,2025-05-30,0.10308049791413443,0.03694711053051969,-0.001438160900480101,0.040927398059919406
2025-07-11,0.010152739066758214,0.5816732022118014,2025-05-30,0.09978485705817475,0.03932443558505572,-0.0036853699984245036,0.04209616009122352
2025-07-14,-0.000680171098758718,0.522207930949659,2025-05-30,0.1029506956807662,0.04177271860277454,-7.17757395133356e-05,0.04342602782042637
2025-07-15,-0.0031454421984525812,0.4930593921043694,2025-05-30,0.10315901626529533,0.04401046131271458,0.0,0.05766128595332165
2025-07-16,-0.015563612845698323,0.4235734051900273,2025-05-30,0.10348471071285115,0.04598342596171778,0.0,0.044219103579421715
2025-07-17,-0.018606256447015045,0.40170465655425713,2025-05-30,0.11159648428285407,0.04823755341676694,0.0,0.06303599804066717
2025-07-18,-0.026665054856999538,0.36724562005542205,2025-05-30,0.10968737705399478,0.050623023027023706,-0.0009613102639247639,0.06219479597430433
2025-07-21,-0.03308179656088733,0.3370918312417667,2025-05-30,0.11457968762973403,0.05302867495435204,0.0,0.07207931869367723
2025-07-22,-0.00848711204801117,0.46501324964174306,2025-05-30,0.10791328034814263,0.0550784243678093,-0.0051758566122592775,0.05567562211299526
2025-07-23,-0.011519932386262435,0.4554830104130485,2025-05-30,0.11204596005664413,0.05721882333095518,-0.0006382175912161836,0.04451808957836767
2025-07-24,0.0016475104049947344,0.5375590259650659,2025-05-30,0.11347466476308221,0.05860403856405716,0.0,0.04407217379863049
2025-07-25,0.011172999155516387,0.5984029010042147,2025-05-30,0.11526350630515658,0.059781352985755154,0.0,0.03689010519659397
2025-07-28,0.00926679473542258,0.5870892421415488,2025-05-30,0.11777966540501739,0.06083226534781461,0.0,0.03658150407536609
2025-07-29,0.016946732809322334,0.6260671207264936,2025-05-30,0.11517032164558216,0.061908386634422996,-0.0015490420227574075,0.028315520533146676
2025-07-30,0.031272672355937295,0.700674527806822,2025-05-30,0.11582065461348523,0.06295608446888457,-0.00021114468268390585,0.03844676435402006
2025-07-31,0.04283975438814659,0.7572174065882082,2025-05-30,0.10909620555714028,0.06389002725789261,-0.005509192242052152,0.02579898212369769
2025-08-01,0.06361650980321351,0.8362266450833962,2025-07-02,0.08658076555234362,0.06457836510825721,-0.025099446338917475,-0.0042068805221233685
2025-08-04,0.07145013486113785,0.8661068509930874,2025-07-02,0.10588456139277014,0.06588606453454626,-0.007111128382659815,0.02186452802649086
2025-08-05,0.0773888392433015,0.8848068423864172,2025-07-02,0.0976071596976642,0.06697518415566739,-0.013852213834726346,0.014357281159277369
2025-08-06,0.06253642214536181,0.838929867035948,2025-07-02,0.11056479800752816,0.06845186974053963,-0.0014433617342362037,0.01990117439883954
2025-08-07,0.062473402473820494,0.8272755749713894,2025-07-02,0.11345073918803861,0.06951671156345163,0.0,0.02482667030883623
2025-08-08,0.05452490515979455,0.8051247208538088,2025-07-02,0.1229348909350676,0.07085563975797582,0.0,0.03671956293654244
2025-08-11,0.0588470466152078,0.820865666002514,2025-07-02,0.11874299788747122,0.07211392481942647,-0.002958805683887178,0.02991664375044234
2025-08-12,0.04952370187086658,0.7723106335374526,2025-07-02,0.1318516540108996,0.07361344314622698,0.0,0.04190621288933838
2025-08-13,0.05170826239318392,0.7963246567075041,2025-07-02,0.13137955614115282,0.07487971615268085,0.0,0.04136097848390996
2025-08-14,0.05448946674057232,0.794607630388591,2025-07-02,0.1295154557845002,0.07601303831808659,-0.0007752531091496095,0.03220007305346684
2025-08-15,0.055630916538802,0.8155633694461704,2025-07-02,0.12362801872145734,0.07704600906923331,-0.0051693403881084565,0.028649828532865573
2025-08-18,0.05563829182300533,0.816132078235198,2025-07-02,0.12226503691191382,0.07822620759362664,-0.005565843886681132,0.02293615530374482
2025-08-19,0.06948249811431573,0.863334002417236,2025-07-02,0.10627276079545256,0.07903284668093935,-0.0190576363065319,0.014307578126468323
2025-08-20,0.0724574262836708,0.8727252653916358,2025-07-02,0.09893974260724381,0.07967280560871726,-0.024881862670294685,0.0037070934929412935
2025-08-21,0.09467487821789436,0.9223102666300593,2025-07-02,0.09298732098127371,0.07997082291237256,-0.029396422760653462,-0.003061842311213314
2025-08-22,0.0840874607530404,0.8999918002449503,2025-07-02,0.10891754974981205,0.08062137204157271,-0.014422603404772971,0.009887460964778327
2025-08-25,0.09072294234993866,0.9145529158563205,2025-07-02,0.10479371095282919,0.08116100155606754,-0.017265761753813558,0.0038369824877291236
2025-08-26,0.0821730691724551,0.8962311558199514,2025-07-02,0.1083444580242372,0.08208811859661469,-0.013319748790939112,0.009431381791762616
2025-08-27,0.09341195503563583,0.9194117029346369,2025-07-02,0.10929586517095347,0.0828947862429783,-0.011803376535869825,0.00962984221051677
2025-08-28,0.0866297000843173,0.905398017587498,2025-07-02,0.1155311342581895,0.08408577744196544,-0.0056173090262879866,0.02136245035957751
2025-08-29,0.07977991116528685,0.8910821384932044,2025-07-02,0.10199603311672822,0.08509691562346222,-0.017127746410227296,0.029826024545374308
2025-09-02,0.09445887293938666,0.9236434079235076,2025-08-01,0.09219184525748192,0.08605261962790789,-0.02536449366122795,0.002694632717809675
2025-09-03,0.09908905662134729,0.9322631808442314,2025-08-01,0.10015460869242654,0.0869138505432756,-0.017696504893521037,0.017491499612608763
2025-09-04,0.10538309175045177,0.9404039776476905,2025-08-01,0.10941533556503624,0.0875985153468517,-0.008805188700580224,0.013942719783828217
2025-09-05,0.08405275662217351,0.9021178161576286,2025-08-01,0.11027178874496624,0.08821523667642883,-0.007375049615776286,0.011980854851872946
2025-09-08,0.07907309808547278,0.8897996223971092,2025-08-01,0.11478110507060424,0.0885884798140888,-0.0025329936986379087,0.007518967941592791
2025-09-09,0.08492510581573463,0.903841499314576,2025-08-01,0.11705098096352495,0.08897106998772109,0.0,0.013371749187524484
2025-09-10,0.07747989562174348,0.883164638161094,2025-08-01,0.11656413308478086,0.0892577311696392,0.0,0.0011207458838757844
2025-09-11,0.07665946255333031,0.8809656692700005,2025-08-01,0.1221673308590574,0.08981410638196796,0.0,0.006444555664568252
2025-09-12,0.07125513612734437,0.8678320095678382,2025-08-01,0.12621733767640375,0.09031423301092101,0.0,0.011674411816341657
2025-09-15,0.05901917559895274,0.8258575968085264,2025-08-01,0.1348954956995061,0.09075413298801038,0.0,0.024838003781682216
2025-09-16,0.06247902052803925,0.8376976389800534,2025-08-01,0.13299407017646625,0.09134828373815673,-0.0008450788899231343,0.024380215701343966
2025-09-17,0.058812407413898316,0.8214358611068474,2025-08-01,0.1298358158368902,0.09192504141748081,-0.002839353125434041,0.036396703905324346
2025-09-18,0.05122449841533375,0.7931548779084551,2025-08-01,0.13901861079742028,0.09245750555658416,0.0,0.05198798864148935
2025-09-19,0.05212509702365744,0.7870417203796576,2025-08-01,0.1457233200460044,0.09317777820120665,0.0,0.06403550050269224
2025-09-22,0.053598815064561225,0.787615959658925,2025-08-01,0.15151782621016086,0.09410074314104233,0.0,0.05407302986766682
2025-09-23,0.06199061015199919,0.8224970822612722,2025-08-01,0.14294996106413582,0.09485083652277382,-0.00664236348431424,0.050100786776688944
2025-09-24,0.06565252909208016,0.8305296901315491,2025-08-01,0.1381151143132502,0.09558852677797591,-0.010129558537849914,0.04222948747814392
2025-09-25,0.06699196146356473,0.8408685105547745,2025-08-01,0.13240277140504486,0.09621715579671153,-0.01439717891301362,0.036143742118510236
2025-09-26,0.0642949018132625,0.8360844678885333,2025-08-01,0.1362740297958669,0.09678920525335188,-0.010345518256022035,0.03393080718643526
2025-09-29,0.06177675118692162,0.8280969185131338,2025-08-01,0.14067559620721526,0.09741470818069486,-0.005762248796784997,0.05088358963645634
2025-09-30,0.0641126732231774,0.8387817201229719,2025-08-01,0.14290117522740586,0.09795539849662482,-0.003038898078507768,0.06266755534361468
2025-10-01,-0.003944653619479856,0.5114486696988196,2025-09-02,0.14755166207011494,0.09878254275152232,0.0,0.05943008150714246
2025-10-02,0.002084723625497739,0.5464327986675178,2025-09-02,0.15137077544889177,0.09954409433476141,0.0,0.054243050857757824
2025-10-03,-0.006939034093742117,0.4930219184227693,2025-09-02,0.14570168035610376,0.1002305858244561,-0.004209781352692232,0.048292396151657924
2025-10-06,-0.012682023264175224,0.46100487292545556,2025-09-02,0.15351261033809793,0.1010685600863217,0.0,0.051038236325224196
2025-10-07,-0.006356827551789339,0.49753631024236566,2025-09-02,0.14665966901072514,0.10172572283265313,-0.005265569704058781,0.04255026259607542
2025-10-08,-0.023727127894134375,0.40993548039268296,2025-09-02,0.15873052133871024,0.10240475260643223,0.0,0.05415665505317735
2025-10-09,-0.034123039421133074,0.3600938992858537,2025-09-02,0.1562403534495267,0.10300959400935672,-0.0012102542195092658,0.04678801797494869
2025-10-10,0.017681445876868727,0.6496652089614643,2025-09-02,0.11532494461900655,0.10319281938699487,-0.0358825348093359,0.006005896443630254
2025-10-13,0.001849472745254311,0.5742931580609241,2025-09-02,0.1381204317283402,0.1041910902564418,-0.015422626183529409,0.018638275553970907
2025-10-14,0.008723689409464584,0.6072369101041092,2025-09-02,0.12979153472018412,0.10476620158722039,-0.02198084151540658,0.012709001441677303
2025-10-15,-0.0031308816059387075,0.5416622321294575,2025-09-02,0.13696284686224391,0.10559656431570175,-0.01507918649276141,0.021895117443694323
2025-10-16,0.01028647736665633,0.6074000491391272,2025-09-02,0.13190440240067192,0.10602600244883686,-0.018726279568323956,0.009012799355679668
2025-10-17,-0.013410945401319442,0.4751610510471175,2025-09-02,0.13836815229775,0.10641774681389782,-0.012282477342297815,0.008809760840498004
2025-10-20,-0.02633317017383227,0.4047641223994583,2025-09-02,0.15160284775017074,0.10677090085057728,0.0,0.015509732581241442
2025-10-21,-0.02112534282735855,0.4369566738949195,2025-09-02,0.15018531609128316,0.10717253586856068,-0.00026164463889932765,0.022032742875008005
2025-10-22,-0.016217156778496694,0.4702761150168485,2025-09-02,0.1381532027684247,0.10722950304001544,-0.009893012184907013,0.015752405878229014
2025-10-23,-0.01904617909149174,0.4548261772867257,2025-09-02,0.14677247332333243,0.107475505854292,-0.001569667492937521,0.028726479137950678
2025-10-24,-0.04337199947010834,0.3153542378647825,2025-09-02,0.15788859739215355,0.10781797397887027,0.0,0.03545481036526987
2025-10-27,-0.07085625694592765,0.19303969943107266,2025-09-02,0.177242342407256,0.10855403376487649,0.0,0.04903727696574478
2025-10-28,-0.07639855829446134,0.18266023879736926,2025-09-02,0.18487778443125924,0.10934422463928861,0.0,0.05421653616699196
2025-10-29,-0.07898932495703181,0.17994961846682833,2025-09-02,0.1887432415006829,0.11048513592162812,0.0,0.053908043490865865
2025-10-30,-0.059921413669094946,0.25123559166728643,2025-09-02,0.16922597768563397,0.11148220692097888,-0.015288557761366617,0.03354627482842609
2025-10-31,-0.08295613157407326,0.1681010043311852,2025-09-02,0.17361343123349782,0.11277611417978095,-0.010538374065114708,0.04292251030438621
2025-11-03,-0.08027442497119802,0.17765621398089415,2025-10-03,0.17790030785171473,0.11378726639054393,-0.005803895844369689,0.04010147085565574
2025-11-04,-0.05675205678875034,0.25977976753162474,2025-10-03,0.15292257758660166,0.11460244801089603,-0.025984179286770992,0.024383358057413762
2025-11-05,-0.051438764292161515,0.2907309020030243,2025-10-03,0.15934147623659922,0.11547076705137349,-0.01964543010167319,0.019364167698755708
2025-11-06,-0.02983087597834838,0.3966698458894081,2025-10-03,0.13687728921514997,0.11606300773143863,-0.03790685130653171,0.0015882769632433735
2025-11-07,-0.021036650826968536,0.4394655574439029,2025-10-03,0.13245770734093165,0.11648114342257476,-0.04094244029944083,0.034334256413421915
2025-11-10,-0.03863038430877,0.3540323864926843,2025-10-03,0.15648568512425842,0.11747606977792269,-0.019724150184428524,0.03524856689461697
2025-11-11,-0.0311271655811457,0.3881215393361253,2025-10-03,0.15223694786675557,0.1184426608180087,-0.02233511322298909,0.03941466762617196
2025-11-12,-0.03467749052425879,0.3713536710928305,2025-10-03,0.15024930603019548,0.11930806857921383,-0.023105837754151648,0.031317494710281224
2025-11-13,-0.004854499187908225,0.5341227003086098,2025-10-03,0.12583249557230847,0.11963312793990521,-0.04305005730089739,0.0140170055316986
2025-11-14,-0.02235818759807904,0.4289387101766038,2025-10-03,0.1257691557488565,0.11996213517075849,-0.04232673825408684,0.00816308065766358
2025-11-17,-0.009948433659129913,0.5050294219229202,2025-10-03,0.11529528887684881,0.12004072949830347,-0.050505725946582536,-0.012885497614646302
2025-11-18,0.005745670289442263,0.5960206737721839,2025-10-03,0.10090065364583123,0.11982026884324637,-0.062066497561411804,-0.02464912707855016
2025-11-19,0.00561650277484256,0.5938518783924882,2025-10-03,0.10668267811724452,0.1197531546714039,-0.05646696560385245,-0.009281741729564752
2025-11-20,0.03320456755752904,0.7333576124592346,2025-10-03,0.07987984878710397,0.11920904442784241,-0.07880207882684143,-0.040797360498331714
2025-11-21,0.014523726403839223,0.641746774958256,2025-10-03,0.08736653021883778,0.11871562005982583,-0.07188135987449495,-0.04380158012358637
2025-11-24,-0.004242785503732887,0.5475225215683979,2025-10-03,0.11430946155620458,0.11836995617762036,-0.048146339573963415,-0.03650761481125453
2025-11-25,-0.004703927389414814,0.551332367641671,2025-10-03,0.12033580187157478,0.11820696786318163,-0.042279332769734834,-0.03796672499988141
2025-11-26,-0.013533302181363433,0.49846219104453665,2025-10-03,0.12931762585407203,0.11821718508645396,-0.03381726110767347,-0.03381726110767347
2025-11-28,-0.014870361669168955,0.49027659375769317,2025-10-03,0.13750148580265376,0.11816714455452715,-0.025984179286770992,-0.010861680962180209
2025-12-01,-0.022685616993581056,0.43704016696479536,2025-10-30,0.1328140349254756,0.11799210141635297,-0.029255928527946007,-0.018916907914590553
2025-12-02,-0.01874154224574569,0.4509757488995852,2025-10-30,0.14078044559285696,0.11783796369475019,-0.021658814250088643,-0.01594747589479284
2025-12-03,-0.024535017073630285,0.42342567302589695,2025-10-30,0.1426652681386804,0.11788327079656913,-0.0192679205738453,0.0068954308237083595
2025-12-04,-0.01906568086547481,0.45655826205383787,2025-10-30,0.14070910044296325,0.11799163934626766,-0.020180283442401303,-0.000545571324039984
2025-12-05,-0.023434925024256956,0.43637495132587967,2025-10-30,0.14441451470986877,0.11823751281838146,-0.01618502244919473,0.022577677522010786
2025-12-08,-0.02078761401467385,0.447511847341154,2025-10-30,0.14117298133730372,0.1182486176685138,-0.018072570088334183,0.02384619148223721
2025-12-09,-0.01503605887545199,0.4768285819485486,2025-10-30,0.14146280905072506,0.11811598556596303,-0.016861417774705623,0.002920333506391648
2025-12-10,-0.019536517574106613,0.46162153168878295,2025-10-30,0.1449228058086367,0.11792453075433817,-0.01283484218309583,0.009717308219191478
2025-12-11,-0.013659488748668867,0.4931105221080187,2025-10-30,0.14004512258348756,0.11758778310350171,-0.016027678636294507,0.0072455741792791795
2025-12-12,0.005734148375193441,0.6007828448288571,2025-10-30,0.1170763577723728,0.11670282436220125,-0.03483965865738803,0.008579757704307633
2025-12-15,0.015706400747477516,0.6519585280567493,2025-10-30,0.11041529340142775,0.11591155320268376,-0.0396841715592916,0.002759361465284771
2025-12-16,0.017450071299745355,0.6581431583791431,2025-10-30,0.1114377238091786,0.11487666718294176,-0.03778101479725582,0.013401567020519867
2025-12-17,0.039113765336982534,0.7629603395141386,2025-10-30,0.08977840868816278,0.11364800057720248,-0.055617713695155335,0.006875523530708527
2025-12-18,0.027304376428577526,0.7102929420015018,2025-10-30,0.10447706299565529,0.11246306821741903,-0.04193342689814161,0.015403317293508634
2025-12-19,0.03715195322469749,0.7549509894554687,2025-10-30,0.11755018476449508,0.1113765304876051,-0.029444683291860008,0.05357957763530785
2025-12-22,0.01212028203936671,0.6316188920172703,2025-10-30,0.12158613345977742,0.11117279960669535,-0.024792297495236815,0.05073603776871738
2025-12-23,0.008550637541987411,0.602061617861303,2025-10-30,0.12529219305377226,0.11040278835814132,-0.020225087406270603,0.029333555491288132
2025-12-24,0.002602487173512527,0.5657116306900023,2025-10-30,0.1270073771631579,0.10981580888290421,-0.01735869359734976,0.026020780406102784
2025-12-26,0.011824639451155358,0.6230448100043717,2025-10-30,0.12541691783683762,0.10913033236299641,-0.01742161185198776,0.016969511662444203
2025-12-29,0.0253030479689322,0.6936946361696625,2025-10-30,0.11840667664553206,0.10836305755293463,-0.022177962115309757,0.003907757030757519
2025-12-30,0.028022191753179868,0.7174969806249083,2025-10-30,0.11438549231660078,0.1075310841133219,-0.024445909860591253,0.004954981244501111
2025-12-31,0.04209176688153149,0.7753944274723537,2025-10-30,0.10384411192195775,0.1063257784110232,-0.032509467125741875,-0.011090867923889025
2026-01-02,0.04422959640288006,0.7810257803908943,2025-12-02,0.10031219517610857,0.10501699578607293,-0.034383621752025806,-0.015412671304710357
2026-01-05,0.05095766051787652,0.8035419218459521,2025-12-02,0.10766516614024724,0.10411128695595151,-0.026713761253262303,-0.006668040763473382
2026-01-06,0.03929945464001693,0.757256670834123,2025-12-02,0.11593187112666747,0.10315061778230272,-0.018161888958241335,-0.002009388507143939
2026-01-07,0.03377750392479088,0.7294517444084494,2025-12-02,0.11555218867197659,0.10199068517159793,-0.017216862554735535,0.0008714570013341749
2026-01-08,0.039444191308587694,0.752196319005015,2025-12-02,0.10790300647269646,0.10045308923990026,-0.022807915482573327,-0.006048483718753106
2026-01-09,0.026650354218695355,0.692364931728463,2025-12-02,0.11759149555896786,0.09893425996023564,-0.013074856535780666,-0.00024313495141548014
2026-01-12,0.027563581761274616,0.6925445466977629,2025-12-02,0.11707926792462531,0.09724270169772464,-0.012255955699382204,0.003833159586933421
2026-01-13,0.028041599805396115,0.6895913402501402,2025-12-02,0.11397107684840324,0.09585002956901612,-0.01372061173116157,0.021881386979544004
2026-01-14,0.026739275865453598,0.6781692284621099,2025-12-02,0.10058008697511012,0.09405834359493292,-0.024256866038845915,0.016064824783212694
2026-01-15,0.021261943421757648,0.6501978952282159,2025-12-02,0.10302761705160401,0.09222216292207008,-0.02074471703454417,0.017705218899959796
2026-01-16,0.026063911925826806,0.6741594076216325,2025-12-02,0.10063833650743392,0.09086800036873344,-0.021563714223553077,0.036059549152333226
2026-01-20,0.044464967935288056,0.7606029794658922,2025-12-02,0.07597953260914947,0.0890682242118852,-0.04235265710630376,-0.00043757941246691523
2026-01-21,0.03120565476726739,0.698884124682892,2025-12-02,0.08891392915145868,0.08764999785939231,-0.029406816715944584,3.9015371162687273e-05
2026-01-22,0.03556613393390595,0.721825698016313,2025-12-02,0.09489897918699763,0.08615189293309777,-0.02235120410893776,0.002503152282359089
2026-01-23,0.029033549558688438,0.6846396516775315,2025-12-02,0.09641695656416793,0.08424463980687147,-0.019264355527257915,0.0009805638689701635
2026-01-26,0.025130180347272893,0.6612227848323866,2025-12-02,0.09920065537511724,0.082400319855507,-0.014949011162064485,0.00245225029681162
2026-01-27,0.018765361597863392,0.6318700865392186,2025-12-02,0.10754200053292395,0.08119704240295178,-0.0002166052386485262,0.011604537674297255
2026-01-28,0.007124043639537502,0.5598541046693795,2025-12-02,0.10937344347518763,0.08030762165198535,0.0,0.019891369757766952
2026-01-29,0.025960019215215076,0.6700505714081717,2025-12-02,0.10102980223510949,0.07938558349921188,-0.005985274152202957,0.016143871212493055
2026-01-30,0.03345396033346724,0.7093196366281083,2025-12-02,0.08622825003522228,0.07848382358628392,-0.01792422897410262,0.012306465049553683
2026-02-02,0.03052083759770184,0.6975819255490239,2025-12-31,0.09206751865416352,0.07795433088417214,-0.01118080785790776,0.02123573120472444
2026-02-03,0.04956700545428868,0.7886765928409596,2025-12-31,0.07366056292892842,0.0769286592336409,-0.02637302183254564,-0.0023786056759449448
2026-02-04,0.06413981319286881,0.8467250238954318,2025-12-31,0.053407420321396115,0.07612475757907489,-0.04338142627858921,-0.028343721896610496
2026-02-05,0.09249220923719506,0.9242129707076945,2025-12-31,0.03675173414315536,0.0748468428901905,-0.05715222338891601,-0.04325186816289639
2026-02-06,0.09928824518956281,0.9319524863741881,2025-12-31,0.057135983491894526,0.0734755961092779,-0.03722233966452548,-0.017438366417589446
2026-02-09,0.0694524408458583,0.86586121923293,2025-12-31,0.06374542903839431,0.0721909095100941,-0.029847338746672003,-0.019676070561625014
2026-02-10,0.0693175539768038,0.8638933200067834,2025-12-31,0.05747562065797185,0.07076979680431283,-0.03434820230186053,-0.025033100528154995
2026-02-11,0.06399489633647451,0.8445727991871788,2025-12-31,0.05900942489661887,0.06926989945290352,-0.0317582130494416,-0.02096638715391519
2026-02-12,0.08539661884162943,0.9069866818640231,2025-12-31,0.03630761661924553,0.06752855663041446,-0.051451193963113484,-0.030522095095239954
2026-02-13,0.08560110729550455,0.9076919552530844,2025-12-31,0.037369700568469,0.06568575783306563,-0.04942988739580434,-0.03194068115639437
2026-02-17,0.08032219500221117,0.894400081726081,2025-12-31,0.03516365200846838,0.06377853584174598,-0.050408995505030085,-0.032128326991142875
2026-02-18,0.07467971440041932,0.8777400773971236,2025-12-31,0.04176519032058712,0.06206535168941785,-0.04331814269742251,-0.003733177234259366
2026-02-19,0.06951240674908542,0.8573097217894481,2025-12-31,0.03673790057397319,0.06027501537678437,-0.04698211712274003,-0.02078614196315698
2026-02-20,0.06216378992310016,0.8297390513378007,2025-12-31,0.044793539525811,0.05863792784535127,-0.038548976081318354,-0.019250637629079304
2026-02-23,0.07321983496620271,0.8667745258801511,2025-12-31,0.03101743565124737,0.056750488322580894,-0.05023527965932373,-0.03422088084718833
2026-02-24,0.0679123868442682,0.8479066208867976,2025-12-31,0.04096522770952293,0.05495933308950973,-0.04003338667833278,-0.02812333317389515
2026-02-25,0.056350721769120954,0.8037314921408398,2025-12-31,0.05487681027250524,0.05350823837240615,-0.026120370588651354,-0.02289543261366367
2026-02-26,0.07026948475020545,0.8529118756739869,2025-12-31,0.041054852997825186,0.0522783303007508,-0.0378698611316689,-0.0378698611316689
2026-02-27,0.08372336178515737,0.8935001296167535,2025-12-31,0.03682587832567785,0.05128468448022683,-0.040949307822546244,-0.03517456307352229
2026-03-02,0.0812598732226046,0.8794849269609357,2026-01-29,0.037356296698709324,0.050340746279327275,-0.03968595498692007,-0.02215890734182835
2026-03-03,0.10698530219501041,0.9434028198538402,2026-01-29,0.025509371554225835,0.04964827059108612,-0.049966783366099055,-0.03922453752558008
2026-03-04,0.08880744350742559,0.8964503445281714,2026-01-29,0.04031363372580499,0.048896338048370236,-0.03548527782361677,-0.009359083299254944
2026-03-05,0.0971277190765273,0.9086306683962307,2026-01-29,0.03639170302104788,0.047849528907211836,-0.03839100866878786,0.005216726652492065
2026-03-06,0.13370448161438103,0.9742084927890724,2026-01-29,0.020109936366238923,0.04647819832998157,-0.05285676577809428,0.004555833632297501
2026-03-09,0.11650213132075118,0.9503599052226842,2026-01-29,0.03294926177395974,0.04519588658865148,-0.04020710252403903,-0.0031001579933559453
2026-03-10,0.12025050602645077,0.9501250526010462,2026-01-29,0.03211941203753077,0.04379009834606706,-0.04019125747470875,-0.010662155701014697
2026-03-11,0.11459281306283883,0.9324161576874068,2026-01-29,0.031147079091116137,0.04239441953898049,-0.04031772802088762,-0.006181861550153878
2026-03-12,0.12622149251508463,0.9598013221765849,2026-01-29,0.01267736387474283,0.040799913933291077,-0.05678904326432754,-0.025851838406726446
2026-03-13,0.14316877332283942,0.9693010729601058,2026-01-29,0.006040948207888919,0.039272938992088724,-0.06237954380943589,-0.011521125509589614
2026-03-16,0.12383414334976978,0.9461609979515618,2026-01-29,0.016608556401049412,0.038068084211764,-0.05186181261953837,-0.0025583859533216957
2026-03-17,0.13028234156410962,0.9506851776306875,2026-01-29,0.020833208722760288,0.036987567085285944,-0.047234671750479906,0.0033428325874236275
2026-03-18,0.14810765718124588,0.9668914973658688,2026-01-29,0.005942368372010343,0.03552599447297067,-0.06051591480619378,-0.017976479827119696
2026-03-19,0.1390825327246169,0.9660511847053914,2026-01-29,0.0021560403441802656,0.033871394411892686,-0.06348492923253146,-0.01731637192364932
2026-03-20,0.14673423622580078,0.9646600183332505,2026-01-29,-0.01683602910088089,0.03195934558574387,-0.08079332683815132,-0.043938120305549666
2026-03-23,0.14384793934081272,0.9754867582136397,2026-01-29,-0.006069547893423732,0.030349229864396143,-0.07024177999419534,-0.021064690977040446
2026-03-24,0.1421798670768119,0.9732990305172327,2026-01-29,-0.01337949863664345,0.028396916808571815,-0.07659835002796067,-0.03808982816923834
2026-03-25,0.13933101915202328,0.955769005825263,2026-01-29,-0.007398745537378404,0.02656975185158994,-0.07052641118521352,-0.04559705250576296
2026-03-26,0.1475471134988317,0.9772547434549015,2026-01-29,-0.03146335709514858,0.02443021803693779,-0.0927110261060714,-0.056999737103036074
2026-03-27,0.16020135045376924,0.9860631260221715,2026-01-29,-0.05063325808823893,0.02226632180784227,-0.1104364190343099,-0.07245405459642418
2026-03-30,0.16380598973213314,0.9880516679623272,2026-01-29,-0.05811559917386955,0.019904898098474844,-0.11723568428777853,-0.08075455076761084
2026-03-31,0.14490504239309568,0.9702626965707859,2026-01-29,-0.02660759157007142,0.018048113540659383,-0.08735066524086987,-0.03935007873432783
2026-04-01,0.1115295979147233,0.9098939437003019,2026-03-03,-0.015080463617425321,0.016759409656852853,-0.07607652617776062,-0.042084633257387205
2026-04-02,0.12252235002360505,0.9493574777689641,2026-03-03,-0.014393576033287392,0.015274613550883887,-0.07501713004418453,-0.038088372410799654
2026-04-06,0.1342518133466653,0.9615880235660164,2026-03-03,-0.008980175416723801,0.013684703356092287,-0.06945117000230716,-0.017520480139253114
2026-04-07,0.11022785602677589,0.9292814120953962,2026-03-03,-0.009347001628950968,0.012032057336629265,-0.06930885440679802,-0.030320866052759965
2026-04-08,0.05910403589653813,0.7285685005007454,2026-03-03,0.01940541158841702,0.010710800274769339,-0.041637504690714255,-0.0015068077127536883
2026-04-09,0.03200245423187731,0.5947709096711551,2026-03-03,0.025607015418970036,0.009349774933017807,-0.035154464110770056,0.005380180566917803
2026-04-10,0.06507402028910123,0.7427692088547322,2026-03-03,0.026453913127323148,0.00801115300417532,-0.03376299825433937,0.024412401961145802
2026-04-13,0.04693970284653368,0.6975537275593953,2026-03-03,0.03638903781010194,0.0069716595547471005,-0.023769699550812207,0.041178542984749544
2026-04-14,0.017345491139242095,0.5488754475480985,2026-03-03,0.05445975065996356,0.00651088570491587,-0.006044306622573603,0.04832365852023157
2026-04-15,-0.0040122025493105964,0.43563656105522963,2026-03-03,0.06840314296822814,0.0061443178342615035,0.0,0.05783713501179255
2026-04-16,-0.010837424854388805,0.3907221329001499,2026-03-03,0.07273200191276707,0.006206929128266259,0.0,0.077958473786498
2026-04-17,-0.03203675391240264,0.28022036616333823,2026-03-03,0.08582311542311083,0.006800363630037332,0.0,0.09552475809726291
2026-04-20,-0.022129088504271543,0.3188745218957232,2026-03-03,0.08148872616879155,0.007664439029643866,-0.003174848913578998,0.11260955689958574
2026-04-21,-0.013328422674068531,0.36843678821572834,2026-03-03,0.07656387600421999,0.00808993274619918,-0.00696613494492182,0.0957992529940872
2026-04-22,-0.04459572185224495,0.22048274207883625,2026-03-03,0.09361500907441567,0.008593094157935521,0.0,0.12180215905434788
2026-04-23,-0.041498269722707676,0.2363581445741297,2026-03-03,0.08653792591782516,0.009100884571530132,-0.005632679633709281,0.10819632835707016
2026-04-24,-0.0790184092770882,0.10914007259599662,2026-03-03,0.10630864812118945,0.009896457162700933,0.0,0.15700874965590783
2026-04-27,-0.06255204618061298,0.15768376370201642,2026-03-03,0.10587062482306586,0.011107281126910395,0.0,0.180685361977315
2026-04-28,-0.0532774846939638,0.19560226766250877,2026-03-03,0.0937894595047144,0.012096867625959629,-0.010056759402575555,0.17781396348116352
2026-04-29,-0.06233238989941623,0.1550138425792294,2026-03-03,0.099494117949668,0.013221939276804484,-0.004004673805915626,0.14621089512156082
2026-04-30,-0.07711258083390661,0.11306365513305308,2026-03-03,0.10870648975996722,0.01435329839661259,0.0,0.14278373359506902
2026-05-01,-0.1277635726058898,0.029106477042211105,2026-04-01,0.11824563180747094,0.01572285741296353,0.0,0.1524326152513671
2026-05-04,-0.11366806588249986,0.04542620998307557,2026-04-01,0.11509248344465917,0.016919429991097967,-0.0018838683316975136,0.1433814398737463
2026-05-05,-0.12264642971456585,0.040282340067714126,2026-04-01,0.12841506547986836,0.01856941398292733,0.0,0.1580386246138612
2026-05-06,-0.15156324870371052,0.018366735486660048,2026-04-01,0.15058392989626435,0.02037600160121289,0.0,0.14796480147042956
2026-05-07,-0.15096058505901205,0.018192491064712997,2026-04-01,0.14792272343225288,0.021842939316935928,-0.001192941202506459,0.13889108354489643
2026-05-08,-0.15448380355915345,0.018069644143331256,2026-04-01,0.17338211463158593,0.02397329538758064,0.0,0.16390909869939163
2026-05-11,-0.15153858948191146,0.019404324127757652,2026-04-01,0.17532282088270024,0.02622316377970413,0.0,0.15533123110812963
2026-05-12,-0.13847758670652016,0.0239855626846662,2026-04-01,0.1639829765365295,0.02830469321728346,-0.008481790799397704,0.12510347332089378
2026-05-13,-0.12993237618812054,0.029358320607014213,2026-04-01,0.17483993610581772,0.03079234274209286,0.0,0.12128965006463943
2026-05-14,-0.13183535988337192,0.029548073923093006,2026-04-01,0.18168850310721907,0.0330894820490677,0.0,0.12384652804285001
2026-05-15,-0.10749333808760897,0.06166906199155111,2026-04-01,0.16249491941464744,0.035183523417063656,-0.015087656778261405,0.09259467479693173
2026-05-18,-0.09755740125637558,0.08507121688079214,2026-04-01,0.15613836550485005,0.03747286277437989,-0.019325059657848254,0.09135888821689253
2026-05-19,-0.0984180397462498,0.08234749526757293,2026-04-01,0.14760686197186046,0.039295483386668995,-0.025368390555150944,0.0887744788723952
2026-05-20,-0.10518952096015131,0.0698570641240288,2026-04-01,0.16517519219412402,0.041480793961505835,-0.009224799838167708,0.08859585469997788
2026-05-21,-0.1041285602031911,0.07960969261316837,2026-04-01,0.1659083323147228,0.04366363660354278,-0.007335425959710151,0.09684997367544534
2026-05-22,-0.1165373695972085,0.05768054795978132,2026-04-01,0.16939930393980673,0.046313250506245796,-0.003125866663361676,0.08082782715619863
2026-05-26,-0.1334860788332034,0.04117824274648936,2026-04-01,0.1885820840055541,0.04939366578429172,0.0,0.09943851408148685
2026-05-27,-0.12515707071021898,0.05591053503174981,2026-04-01,0.1857160118254686,0.05227503749301632,-0.0011365676760621835,0.10934534705425558
2026-05-28,-0.13203177761785562,0.05297238890758121,2026-04-01,0.19411262238436477,0.05518654909345044,0.0,0.11190047642691625
2026-05-29,-0.13309156558147225,0.05232720177706913,2026-04-01,0.19695345189253355,0.058488772121042976,0.0,0.10568488508947738
2026-06-01,-0.11773331866410269,0.07232189214795505,2026-04-30,0.20253148985284652,0.061951074170437215,0.0,0.10174293848474258
2026-06-02,-0.12230036745217744,0.06804050521625007,2026-04-30,0.2064237657269703,0.06583540498031892,0.0,0.10890495446754223
2026-06-03,-0.10774717221534204,0.10024634565744049,2026-04-30,0.20162923148470036,0.06942561199355923,-0.002613320951729392,0.0918414208785665
2026-06-04,-0.09714438244551526,0.12631077143690614,2026-04-30,0.19421958924708393,0.07304874119321747,-0.007438052059240086,0.06444657592327796
2026-06-05,-0.04211479788490259,0.3335990171784179,2026-04-30,0.1356333950362587,0.075633911881823,-0.05508200560693399,0.014562402546714814
2026-06-08,-0.06495776990883524,0.2238342801475648,2026-04-30,0.15195453447945706,0.07889430316729795,-0.04032644197167212,0.006805154639175193
2026-06-09,-0.052145435295211165,0.28071100879739125,2026-04-30,0.13735722692961883,0.08229110634677617,-0.05136965352390521,-0.007654633306932168
2026-06-10,-0.029897703029607085,0.39589242171562294,2026-04-30,0.11352893537336461,0.08556266334259921,-0.07031997684181479,-0.019158941484444525
2026-06-11,-0.06425295440876773,0.23899005023485323,2026-04-30,0.14976513457234542,0.08875412260739401,-0.03891926285236291,0.003371903200448223
2026-06-12,-0.06398987754459194,0.24961477764371376,2026-04-30,0.15513425700742478,0.09182782367167563,-0.03326360492201519,0.0021534634743545222
2026-06-15,-0.09188570330502419,0.165855683301733,2026-04-30,0.18977682103539473,0.09540671806518097,-0.002894773153374275,0.04946890541828597
2026-06-16,-0.07468920173783782,0.22111693908544722,2026-04-30,0.16572066813178,0.09856710658246293,-0.021845178360199058,0.03397177843437782
2026-06-17,-0.05966945069821676,0.28003726652219946,2026-04-30,0.1525619032543184,0.10148842165231908,-0.03169559597319449,0.029905974531869495
2026-06-18,-0.0886561708944086,0.17898074833865935,2026-04-30,0.1797849171537953,0.10422079910898607,-0.0074246222771423565,0.03851920725354496
2026-06-22,-0.08008088938783542,0.20779145234693214,2026-04-30,0.17522476093738137,0.1068112897628859,-0.009916092523009734,0.03394072405429904
2026-06-23,-0.04502411852520957,0.3547147289250982,2026-04-30,0.13524953083717461,0.10885340794720566,-0.04251860823237452,-0.004328266317644047
2026-06-24,-0.036661158119586354,0.39936317161405804,2026-04-30,0.1291961257917098,0.11062805050090119,-0.04658390154004388,-0.025851894455166224
2026-06-25,-0.031394823047603326,0.43318398839195094,2026-04-30,0.13708158061972786,0.11220004420119012,-0.038855880831975,-0.016838398450686465
2026-06-26,-0.016039766729151153,0.5200662397873324,2026-04-30,0.12028613199781146,0.11327856301766004,-0.05208470753169203,-0.03847679676779492
2026-06-29,-0.030026343560727697,0.457959066270999,2026-04-30,0.14680103316529913,0.11466068518386452,-0.028525020953326208,-0.018195936967648985
2026-06-30,-0.04452067570117131,0.386798105453729,2026-04-30,0.16488257740242562,0.11608549623822295,-0.011995661525271095,-0.007446386853765863
2026-07-01,-0.012923484991355053,0.49052831331324853,2026-06-01,0.1458374415838688,0.11733877002889526,-0.02706264870515196,-0.02706264870515196
2026-07-02,0.009612936220626696,0.6059025295194128,2026-06-01,0.12487581028060601,0.118425064685026,-0.04392742512998837,-0.04142235408405692
2026-07-06,0.0010166357166324792,0.558986120349016,2026-06-01,0.13979891153989876,0.1193973508282471,-0.030215535719330666,-0.022948173368268265
2026-07-07,0.025016032141677393,0.6741874663861153,2026-06-01,0.11760719885664095,0.12016963282197124,-0.04818048972027977,0.007303825228862637
2026-07-08,0.008169128204437,0.5981862217616216,2026-06-01,0.11972436018987631,0.1206408904377334,-0.04548372396393119,-0.00537399613557632
2026-07-09,-0.009158171178999589,0.5145935019010808,2026-06-01,0.1372243982679069,0.12140359161023162,-0.029598338965243443,0.02295026154237667
2026-07-10,0.00355177703976739,0.5711713933726712,2026-06-01,0.13960624894683193,0.12245592057288546,-0.026606445558406633,0.04701997482414466
2026-07-13,0.024868503459575274,0.6788105213453522,2026-06-01,0.11696165473712461,0.1230342034480627,-0.04508123994557667,-0.006411508268807542
2026-07-14,0.02104016484836263,0.66163735357549,2026-06-01,0.12832449605770346,0.12357901131492577,-0.034414963070146465,-0.0011909742448854566
2026-07-15,0.02480959641395556,0.6796446186862054,2026-06-01,0.12415368385666925,0.12385571380249427,-0.0370312320228241,-0.03423556305828157
2026-07-16,0.039431463367172986,0.746033300116959,2026-06-01,0.10470192985234261,0.12392743540518603,-0.05286289789312104,-0.031710439745032626
2026-07-17,0.056284676441283654,0.8119923567273561,2026-06-01,0.08725839768396981,0.12351191328174482,-0.0670979755831822,-0.03656120891608339
2026-07-20,0.057236101852312246,0.817323063807604,2026-06-01,0.08756761430164128,0.12268577187726759,-0.06611858415703342,-0.0591330020844818
2026-07-21,0.04260120628167895,0.7684387354374862,2026-06-01,0.10680584860841758,0.1222019431957928,-0.048797686474366886,-0.039271008909172456
2026-07-22,0.05090051803303224,0.7961767366567942,2026-06-01,0.1002799882153369,0.12115162242823474,-0.05365451803664778,-0.011630419034791895
2026-07-23,0.06701556201290255,0.8533456787966947,2026-06-01,0.07862755751970485,0.11971608604760298,-0.07161939014868157,-0.026258722344920882
